[0.120s] DEBUG:colcon:Command line arguments: ['/usr/bin/colcon', 'build']
[0.120s] DEBUG:colcon:Parsed command line arguments: Namespace(log_base=None, log_level=None, verb_name='build', build_base='build', install_base='install', merge_install=False, symlink_install=False, test_result_base=None, continue_on_error=False, executor='parallel', parallel_workers=8, event_handlers=None, ignore_user_meta=False, metas=['./colcon.meta'], base_paths=['.'], packages_ignore=None, packages_ignore_regex=None, paths=None, packages_up_to=None, packages_up_to_regex=None, packages_above=None, packages_above_and_dependencies=None, packages_above_depth=None, packages_select_by_dep=None, packages_skip_by_dep=None, packages_skip_up_to=None, packages_select_build_failed=False, packages_skip_build_finished=False, packages_select_test_failures=False, packages_skip_test_passed=False, packages_select=None, packages_skip=None, packages_select_regex=None, packages_skip_regex=None, packages_start=None, packages_end=None, allow_overriding=[], cmake_args=None, cmake_target=None, cmake_target_skip_unavailable=False, cmake_clean_cache=False, cmake_clean_first=False, cmake_force_configure=False, ament_cmake_args=None, catkin_cmake_args=None, catkin_skip_building_tests=False, mixin_files=None, mixin=None, verb_parser=<colcon_mixin.mixin.mixin_argument.MixinArgumentDecorator object at 0x7e1684e2cce0>, verb_extension=<colcon_core.verb.build.BuildVerb object at 0x7e1684fb4980>, main=<bound method BuildVerb.main of <colcon_core.verb.build.BuildVerb object at 0x7e1684fb4980>>, mixin_verb=('build',))
[0.158s] Level 1:colcon.colcon_core.package_discovery:discover_packages(colcon_meta) check parameters
[0.158s] Level 1:colcon.colcon_core.package_discovery:discover_packages(recursive) check parameters
[0.158s] Level 1:colcon.colcon_core.package_discovery:discover_packages(ignore) check parameters
[0.158s] Level 1:colcon.colcon_core.package_discovery:discover_packages(path) check parameters
[0.158s] Level 1:colcon.colcon_core.package_discovery:discover_packages(colcon_meta) discover
[0.158s] Level 1:colcon.colcon_core.package_discovery:discover_packages(recursive) discover
[0.158s] INFO:colcon.colcon_core.package_discovery:Crawling recursively for packages in '/home/stefano/dev/Costanza/ros2_ws'
[0.158s] Level 1:colcon.colcon_core.package_identification:_identify(.) by extensions ['ignore', 'ignore_ament_install']
[0.158s] Level 1:colcon.colcon_core.package_identification:_identify(.) by extension 'ignore'
[0.158s] Level 1:colcon.colcon_core.package_identification:_identify(.) by extension 'ignore_ament_install'
[0.158s] Level 1:colcon.colcon_core.package_identification:_identify(.) by extensions ['colcon_pkg']
[0.158s] Level 1:colcon.colcon_core.package_identification:_identify(.) by extension 'colcon_pkg'
[0.158s] Level 1:colcon.colcon_core.package_identification:_identify(.) by extensions ['colcon_meta']
[0.158s] Level 1:colcon.colcon_core.package_identification:_identify(.) by extension 'colcon_meta'
[0.158s] Level 1:colcon.colcon_core.package_identification:_identify(.) by extensions ['ros']
[0.158s] Level 1:colcon.colcon_core.package_identification:_identify(.) by extension 'ros'
[0.180s] Level 1:colcon.colcon_core.package_identification:_identify(.) by extensions ['cmake', 'python']
[0.180s] Level 1:colcon.colcon_core.package_identification:_identify(.) by extension 'cmake'
[0.180s] Level 1:colcon.colcon_core.package_identification:_identify(.) by extension 'python'
[0.180s] Level 1:colcon.colcon_core.package_identification:_identify(.) by extensions ['python_setup_py']
[0.180s] Level 1:colcon.colcon_core.package_identification:_identify(.) by extension 'python_setup_py'
[0.180s] Level 1:colcon.colcon_core.package_identification:_identify(build) by extensions ['ignore', 'ignore_ament_install']
[0.180s] Level 1:colcon.colcon_core.package_identification:_identify(build) by extension 'ignore'
[0.180s] Level 1:colcon.colcon_core.package_identification:_identify(build) ignored
[0.180s] Level 1:colcon.colcon_core.package_identification:_identify(install) by extensions ['ignore', 'ignore_ament_install']
[0.180s] Level 1:colcon.colcon_core.package_identification:_identify(install) by extension 'ignore'
[0.180s] Level 1:colcon.colcon_core.package_identification:_identify(install) ignored
[0.180s] Level 1:colcon.colcon_core.package_identification:_identify(log) by extensions ['ignore', 'ignore_ament_install']
[0.180s] Level 1:colcon.colcon_core.package_identification:_identify(log) by extension 'ignore'
[0.180s] Level 1:colcon.colcon_core.package_identification:_identify(log) ignored
[0.180s] Level 1:colcon.colcon_core.package_identification:_identify(models) by extensions ['ignore', 'ignore_ament_install']
[0.180s] Level 1:colcon.colcon_core.package_identification:_identify(models) by extension 'ignore'
[0.181s] Level 1:colcon.colcon_core.package_identification:_identify(models) by extension 'ignore_ament_install'
[0.181s] Level 1:colcon.colcon_core.package_identification:_identify(models) by extensions ['colcon_pkg']
[0.181s] Level 1:colcon.colcon_core.package_identification:_identify(models) by extension 'colcon_pkg'
[0.181s] Level 1:colcon.colcon_core.package_identification:_identify(models) by extensions ['colcon_meta']
[0.181s] Level 1:colcon.colcon_core.package_identification:_identify(models) by extension 'colcon_meta'
[0.181s] Level 1:colcon.colcon_core.package_identification:_identify(models) by extensions ['ros']
[0.181s] Level 1:colcon.colcon_core.package_identification:_identify(models) by extension 'ros'
[0.181s] Level 1:colcon.colcon_core.package_identification:_identify(models) by extensions ['cmake', 'python']
[0.181s] Level 1:colcon.colcon_core.package_identification:_identify(models) by extension 'cmake'
[0.181s] Level 1:colcon.colcon_core.package_identification:_identify(models) by extension 'python'
[0.181s] Level 1:colcon.colcon_core.package_identification:_identify(models) by extensions ['python_setup_py']
[0.181s] Level 1:colcon.colcon_core.package_identification:_identify(models) by extension 'python_setup_py'
[0.181s] Level 1:colcon.colcon_core.package_identification:_identify(models/osoyoo) by extensions ['ignore', 'ignore_ament_install']
[0.181s] Level 1:colcon.colcon_core.package_identification:_identify(models/osoyoo) by extension 'ignore'
[0.181s] Level 1:colcon.colcon_core.package_identification:_identify(models/osoyoo) by extension 'ignore_ament_install'
[0.181s] Level 1:colcon.colcon_core.package_identification:_identify(models/osoyoo) by extensions ['colcon_pkg']
[0.181s] Level 1:colcon.colcon_core.package_identification:_identify(models/osoyoo) by extension 'colcon_pkg'
[0.181s] Level 1:colcon.colcon_core.package_identification:_identify(models/osoyoo) by extensions ['colcon_meta']
[0.181s] Level 1:colcon.colcon_core.package_identification:_identify(models/osoyoo) by extension 'colcon_meta'
[0.181s] Level 1:colcon.colcon_core.package_identification:_identify(models/osoyoo) by extensions ['ros']
[0.181s] Level 1:colcon.colcon_core.package_identification:_identify(models/osoyoo) by extension 'ros'
[0.181s] Level 1:colcon.colcon_core.package_identification:_identify(models/osoyoo) by extensions ['cmake', 'python']
[0.181s] Level 1:colcon.colcon_core.package_identification:_identify(models/osoyoo) by extension 'cmake'
[0.181s] Level 1:colcon.colcon_core.package_identification:_identify(models/osoyoo) by extension 'python'
[0.181s] Level 1:colcon.colcon_core.package_identification:_identify(models/osoyoo) by extensions ['python_setup_py']
[0.181s] Level 1:colcon.colcon_core.package_identification:_identify(models/osoyoo) by extension 'python_setup_py'
[0.181s] Level 1:colcon.colcon_core.package_identification:_identify(models/turtlebot4) by extensions ['ignore', 'ignore_ament_install']
[0.181s] Level 1:colcon.colcon_core.package_identification:_identify(models/turtlebot4) by extension 'ignore'
[0.181s] Level 1:colcon.colcon_core.package_identification:_identify(models/turtlebot4) by extension 'ignore_ament_install'
[0.181s] Level 1:colcon.colcon_core.package_identification:_identify(models/turtlebot4) by extensions ['colcon_pkg']
[0.181s] Level 1:colcon.colcon_core.package_identification:_identify(models/turtlebot4) by extension 'colcon_pkg'
[0.181s] Level 1:colcon.colcon_core.package_identification:_identify(models/turtlebot4) by extensions ['colcon_meta']
[0.181s] Level 1:colcon.colcon_core.package_identification:_identify(models/turtlebot4) by extension 'colcon_meta'
[0.181s] Level 1:colcon.colcon_core.package_identification:_identify(models/turtlebot4) by extensions ['ros']
[0.181s] Level 1:colcon.colcon_core.package_identification:_identify(models/turtlebot4) by extension 'ros'
[0.182s] Level 1:colcon.colcon_core.package_identification:_identify(models/turtlebot4) by extensions ['cmake', 'python']
[0.182s] Level 1:colcon.colcon_core.package_identification:_identify(models/turtlebot4) by extension 'cmake'
[0.182s] Level 1:colcon.colcon_core.package_identification:_identify(models/turtlebot4) by extension 'python'
[0.182s] Level 1:colcon.colcon_core.package_identification:_identify(models/turtlebot4) by extensions ['python_setup_py']
[0.182s] Level 1:colcon.colcon_core.package_identification:_identify(models/turtlebot4) by extension 'python_setup_py'
[0.182s] Level 1:colcon.colcon_core.package_identification:_identify(models/turtlebot4/nav2_minimal_tb4_description) by extensions ['ignore', 'ignore_ament_install']
[0.182s] Level 1:colcon.colcon_core.package_identification:_identify(models/turtlebot4/nav2_minimal_tb4_description) by extension 'ignore'
[0.182s] Level 1:colcon.colcon_core.package_identification:_identify(models/turtlebot4/nav2_minimal_tb4_description) by extension 'ignore_ament_install'
[0.182s] Level 1:colcon.colcon_core.package_identification:_identify(models/turtlebot4/nav2_minimal_tb4_description) by extensions ['colcon_pkg']
[0.182s] Level 1:colcon.colcon_core.package_identification:_identify(models/turtlebot4/nav2_minimal_tb4_description) by extension 'colcon_pkg'
[0.182s] Level 1:colcon.colcon_core.package_identification:_identify(models/turtlebot4/nav2_minimal_tb4_description) by extensions ['colcon_meta']
[0.182s] Level 1:colcon.colcon_core.package_identification:_identify(models/turtlebot4/nav2_minimal_tb4_description) by extension 'colcon_meta'
[0.182s] Level 1:colcon.colcon_core.package_identification:_identify(models/turtlebot4/nav2_minimal_tb4_description) by extensions ['ros']
[0.182s] Level 1:colcon.colcon_core.package_identification:_identify(models/turtlebot4/nav2_minimal_tb4_description) by extension 'ros'
[0.182s] Level 1:colcon.colcon_core.package_identification:_identify(models/turtlebot4/nav2_minimal_tb4_description) by extensions ['cmake', 'python']
[0.182s] Level 1:colcon.colcon_core.package_identification:_identify(models/turtlebot4/nav2_minimal_tb4_description) by extension 'cmake'
[0.182s] Level 1:colcon.colcon_core.package_identification:_identify(models/turtlebot4/nav2_minimal_tb4_description) by extension 'python'
[0.182s] Level 1:colcon.colcon_core.package_identification:_identify(models/turtlebot4/nav2_minimal_tb4_description) by extensions ['python_setup_py']
[0.182s] Level 1:colcon.colcon_core.package_identification:_identify(models/turtlebot4/nav2_minimal_tb4_description) by extension 'python_setup_py'
[0.182s] Level 1:colcon.colcon_core.package_identification:_identify(models/turtlebot4/nav2_minimal_tb4_description/hooks) by extensions ['ignore', 'ignore_ament_install']
[0.182s] Level 1:colcon.colcon_core.package_identification:_identify(models/turtlebot4/nav2_minimal_tb4_description/hooks) by extension 'ignore'
[0.182s] Level 1:colcon.colcon_core.package_identification:_identify(models/turtlebot4/nav2_minimal_tb4_description/hooks) by extension 'ignore_ament_install'
[0.182s] Level 1:colcon.colcon_core.package_identification:_identify(models/turtlebot4/nav2_minimal_tb4_description/hooks) by extensions ['colcon_pkg']
[0.182s] Level 1:colcon.colcon_core.package_identification:_identify(models/turtlebot4/nav2_minimal_tb4_description/hooks) by extension 'colcon_pkg'
[0.182s] Level 1:colcon.colcon_core.package_identification:_identify(models/turtlebot4/nav2_minimal_tb4_description/hooks) by extensions ['colcon_meta']
[0.182s] Level 1:colcon.colcon_core.package_identification:_identify(models/turtlebot4/nav2_minimal_tb4_description/hooks) by extension 'colcon_meta'
[0.182s] Level 1:colcon.colcon_core.package_identification:_identify(models/turtlebot4/nav2_minimal_tb4_description/hooks) by extensions ['ros']
[0.182s] Level 1:colcon.colcon_core.package_identification:_identify(models/turtlebot4/nav2_minimal_tb4_description/hooks) by extension 'ros'
[0.182s] Level 1:colcon.colcon_core.package_identification:_identify(models/turtlebot4/nav2_minimal_tb4_description/hooks) by extensions ['cmake', 'python']
[0.182s] Level 1:colcon.colcon_core.package_identification:_identify(models/turtlebot4/nav2_minimal_tb4_description/hooks) by extension 'cmake'
[0.182s] Level 1:colcon.colcon_core.package_identification:_identify(models/turtlebot4/nav2_minimal_tb4_description/hooks) by extension 'python'
[0.182s] Level 1:colcon.colcon_core.package_identification:_identify(models/turtlebot4/nav2_minimal_tb4_description/hooks) by extensions ['python_setup_py']
[0.182s] Level 1:colcon.colcon_core.package_identification:_identify(models/turtlebot4/nav2_minimal_tb4_description/hooks) by extension 'python_setup_py'
[0.183s] Level 1:colcon.colcon_core.package_identification:_identify(models/turtlebot4/nav2_minimal_tb4_description/launch) by extensions ['ignore', 'ignore_ament_install']
[0.183s] Level 1:colcon.colcon_core.package_identification:_identify(models/turtlebot4/nav2_minimal_tb4_description/launch) by extension 'ignore'
[0.183s] Level 1:colcon.colcon_core.package_identification:_identify(models/turtlebot4/nav2_minimal_tb4_description/launch) by extension 'ignore_ament_install'
[0.183s] Level 1:colcon.colcon_core.package_identification:_identify(models/turtlebot4/nav2_minimal_tb4_description/launch) by extensions ['colcon_pkg']
[0.183s] Level 1:colcon.colcon_core.package_identification:_identify(models/turtlebot4/nav2_minimal_tb4_description/launch) by extension 'colcon_pkg'
[0.183s] Level 1:colcon.colcon_core.package_identification:_identify(models/turtlebot4/nav2_minimal_tb4_description/launch) by extensions ['colcon_meta']
[0.183s] Level 1:colcon.colcon_core.package_identification:_identify(models/turtlebot4/nav2_minimal_tb4_description/launch) by extension 'colcon_meta'
[0.183s] Level 1:colcon.colcon_core.package_identification:_identify(models/turtlebot4/nav2_minimal_tb4_description/launch) by extensions ['ros']
[0.183s] Level 1:colcon.colcon_core.package_identification:_identify(models/turtlebot4/nav2_minimal_tb4_description/launch) by extension 'ros'
[0.183s] Level 1:colcon.colcon_core.package_identification:_identify(models/turtlebot4/nav2_minimal_tb4_description/launch) by extensions ['cmake', 'python']
[0.183s] Level 1:colcon.colcon_core.package_identification:_identify(models/turtlebot4/nav2_minimal_tb4_description/launch) by extension 'cmake'
[0.183s] Level 1:colcon.colcon_core.package_identification:_identify(models/turtlebot4/nav2_minimal_tb4_description/launch) by extension 'python'
[0.183s] Level 1:colcon.colcon_core.package_identification:_identify(models/turtlebot4/nav2_minimal_tb4_description/launch) by extensions ['python_setup_py']
[0.183s] Level 1:colcon.colcon_core.package_identification:_identify(models/turtlebot4/nav2_minimal_tb4_description/launch) by extension 'python_setup_py'
[0.183s] Level 1:colcon.colcon_core.package_identification:_identify(models/turtlebot4/nav2_minimal_tb4_description/meshes) by extensions ['ignore', 'ignore_ament_install']
[0.183s] Level 1:colcon.colcon_core.package_identification:_identify(models/turtlebot4/nav2_minimal_tb4_description/meshes) by extension 'ignore'
[0.183s] Level 1:colcon.colcon_core.package_identification:_identify(models/turtlebot4/nav2_minimal_tb4_description/meshes) by extension 'ignore_ament_install'
[0.183s] Level 1:colcon.colcon_core.package_identification:_identify(models/turtlebot4/nav2_minimal_tb4_description/meshes) by extensions ['colcon_pkg']
[0.183s] Level 1:colcon.colcon_core.package_identification:_identify(models/turtlebot4/nav2_minimal_tb4_description/meshes) by extension 'colcon_pkg'
[0.183s] Level 1:colcon.colcon_core.package_identification:_identify(models/turtlebot4/nav2_minimal_tb4_description/meshes) by extensions ['colcon_meta']
[0.183s] Level 1:colcon.colcon_core.package_identification:_identify(models/turtlebot4/nav2_minimal_tb4_description/meshes) by extension 'colcon_meta'
[0.183s] Level 1:colcon.colcon_core.package_identification:_identify(models/turtlebot4/nav2_minimal_tb4_description/meshes) by extensions ['ros']
[0.183s] Level 1:colcon.colcon_core.package_identification:_identify(models/turtlebot4/nav2_minimal_tb4_description/meshes) by extension 'ros'
[0.183s] Level 1:colcon.colcon_core.package_identification:_identify(models/turtlebot4/nav2_minimal_tb4_description/meshes) by extensions ['cmake', 'python']
[0.183s] Level 1:colcon.colcon_core.package_identification:_identify(models/turtlebot4/nav2_minimal_tb4_description/meshes) by extension 'cmake'
[0.183s] Level 1:colcon.colcon_core.package_identification:_identify(models/turtlebot4/nav2_minimal_tb4_description/meshes) by extension 'python'
[0.183s] Level 1:colcon.colcon_core.package_identification:_identify(models/turtlebot4/nav2_minimal_tb4_description/meshes) by extensions ['python_setup_py']
[0.183s] Level 1:colcon.colcon_core.package_identification:_identify(models/turtlebot4/nav2_minimal_tb4_description/meshes) by extension 'python_setup_py'
[0.183s] Level 1:colcon.colcon_core.package_identification:_identify(models/turtlebot4/nav2_minimal_tb4_description/rviz) by extensions ['ignore', 'ignore_ament_install']
[0.183s] Level 1:colcon.colcon_core.package_identification:_identify(models/turtlebot4/nav2_minimal_tb4_description/rviz) by extension 'ignore'
[0.184s] Level 1:colcon.colcon_core.package_identification:_identify(models/turtlebot4/nav2_minimal_tb4_description/rviz) by extension 'ignore_ament_install'
[0.184s] Level 1:colcon.colcon_core.package_identification:_identify(models/turtlebot4/nav2_minimal_tb4_description/rviz) by extensions ['colcon_pkg']
[0.184s] Level 1:colcon.colcon_core.package_identification:_identify(models/turtlebot4/nav2_minimal_tb4_description/rviz) by extension 'colcon_pkg'
[0.184s] Level 1:colcon.colcon_core.package_identification:_identify(models/turtlebot4/nav2_minimal_tb4_description/rviz) by extensions ['colcon_meta']
[0.184s] Level 1:colcon.colcon_core.package_identification:_identify(models/turtlebot4/nav2_minimal_tb4_description/rviz) by extension 'colcon_meta'
[0.184s] Level 1:colcon.colcon_core.package_identification:_identify(models/turtlebot4/nav2_minimal_tb4_description/rviz) by extensions ['ros']
[0.184s] Level 1:colcon.colcon_core.package_identification:_identify(models/turtlebot4/nav2_minimal_tb4_description/rviz) by extension 'ros'
[0.184s] Level 1:colcon.colcon_core.package_identification:_identify(models/turtlebot4/nav2_minimal_tb4_description/rviz) by extensions ['cmake', 'python']
[0.184s] Level 1:colcon.colcon_core.package_identification:_identify(models/turtlebot4/nav2_minimal_tb4_description/rviz) by extension 'cmake'
[0.184s] Level 1:colcon.colcon_core.package_identification:_identify(models/turtlebot4/nav2_minimal_tb4_description/rviz) by extension 'python'
[0.184s] Level 1:colcon.colcon_core.package_identification:_identify(models/turtlebot4/nav2_minimal_tb4_description/rviz) by extensions ['python_setup_py']
[0.184s] Level 1:colcon.colcon_core.package_identification:_identify(models/turtlebot4/nav2_minimal_tb4_description/rviz) by extension 'python_setup_py'
[0.184s] Level 1:colcon.colcon_core.package_identification:_identify(models/turtlebot4/nav2_minimal_tb4_description/urdf) by extensions ['ignore', 'ignore_ament_install']
[0.184s] Level 1:colcon.colcon_core.package_identification:_identify(models/turtlebot4/nav2_minimal_tb4_description/urdf) by extension 'ignore'
[0.184s] Level 1:colcon.colcon_core.package_identification:_identify(models/turtlebot4/nav2_minimal_tb4_description/urdf) by extension 'ignore_ament_install'
[0.184s] Level 1:colcon.colcon_core.package_identification:_identify(models/turtlebot4/nav2_minimal_tb4_description/urdf) by extensions ['colcon_pkg']
[0.184s] Level 1:colcon.colcon_core.package_identification:_identify(models/turtlebot4/nav2_minimal_tb4_description/urdf) by extension 'colcon_pkg'
[0.184s] Level 1:colcon.colcon_core.package_identification:_identify(models/turtlebot4/nav2_minimal_tb4_description/urdf) by extensions ['colcon_meta']
[0.184s] Level 1:colcon.colcon_core.package_identification:_identify(models/turtlebot4/nav2_minimal_tb4_description/urdf) by extension 'colcon_meta'
[0.184s] Level 1:colcon.colcon_core.package_identification:_identify(models/turtlebot4/nav2_minimal_tb4_description/urdf) by extensions ['ros']
[0.184s] Level 1:colcon.colcon_core.package_identification:_identify(models/turtlebot4/nav2_minimal_tb4_description/urdf) by extension 'ros'
[0.184s] Level 1:colcon.colcon_core.package_identification:_identify(models/turtlebot4/nav2_minimal_tb4_description/urdf) by extensions ['cmake', 'python']
[0.184s] Level 1:colcon.colcon_core.package_identification:_identify(models/turtlebot4/nav2_minimal_tb4_description/urdf) by extension 'cmake'
[0.184s] Level 1:colcon.colcon_core.package_identification:_identify(models/turtlebot4/nav2_minimal_tb4_description/urdf) by extension 'python'
[0.184s] Level 1:colcon.colcon_core.package_identification:_identify(models/turtlebot4/nav2_minimal_tb4_description/urdf) by extensions ['python_setup_py']
[0.184s] Level 1:colcon.colcon_core.package_identification:_identify(models/turtlebot4/nav2_minimal_tb4_description/urdf) by extension 'python_setup_py'
[0.184s] Level 1:colcon.colcon_core.package_identification:_identify(models/turtlebot4/nav2_minimal_tb4_description/urdf/icreate) by extensions ['ignore', 'ignore_ament_install']
[0.184s] Level 1:colcon.colcon_core.package_identification:_identify(models/turtlebot4/nav2_minimal_tb4_description/urdf/icreate) by extension 'ignore'
[0.184s] Level 1:colcon.colcon_core.package_identification:_identify(models/turtlebot4/nav2_minimal_tb4_description/urdf/icreate) by extension 'ignore_ament_install'
[0.184s] Level 1:colcon.colcon_core.package_identification:_identify(models/turtlebot4/nav2_minimal_tb4_description/urdf/icreate) by extensions ['colcon_pkg']
[0.184s] Level 1:colcon.colcon_core.package_identification:_identify(models/turtlebot4/nav2_minimal_tb4_description/urdf/icreate) by extension 'colcon_pkg'
[0.184s] Level 1:colcon.colcon_core.package_identification:_identify(models/turtlebot4/nav2_minimal_tb4_description/urdf/icreate) by extensions ['colcon_meta']
[0.185s] Level 1:colcon.colcon_core.package_identification:_identify(models/turtlebot4/nav2_minimal_tb4_description/urdf/icreate) by extension 'colcon_meta'
[0.185s] Level 1:colcon.colcon_core.package_identification:_identify(models/turtlebot4/nav2_minimal_tb4_description/urdf/icreate) by extensions ['ros']
[0.185s] Level 1:colcon.colcon_core.package_identification:_identify(models/turtlebot4/nav2_minimal_tb4_description/urdf/icreate) by extension 'ros'
[0.185s] Level 1:colcon.colcon_core.package_identification:_identify(models/turtlebot4/nav2_minimal_tb4_description/urdf/icreate) by extensions ['cmake', 'python']
[0.185s] Level 1:colcon.colcon_core.package_identification:_identify(models/turtlebot4/nav2_minimal_tb4_description/urdf/icreate) by extension 'cmake'
[0.185s] Level 1:colcon.colcon_core.package_identification:_identify(models/turtlebot4/nav2_minimal_tb4_description/urdf/icreate) by extension 'python'
[0.185s] Level 1:colcon.colcon_core.package_identification:_identify(models/turtlebot4/nav2_minimal_tb4_description/urdf/icreate) by extensions ['python_setup_py']
[0.185s] Level 1:colcon.colcon_core.package_identification:_identify(models/turtlebot4/nav2_minimal_tb4_description/urdf/icreate) by extension 'python_setup_py'
[0.185s] Level 1:colcon.colcon_core.package_identification:_identify(models/turtlebot4/nav2_minimal_tb4_description/urdf/icreate/sensors) by extensions ['ignore', 'ignore_ament_install']
[0.185s] Level 1:colcon.colcon_core.package_identification:_identify(models/turtlebot4/nav2_minimal_tb4_description/urdf/icreate/sensors) by extension 'ignore'
[0.185s] Level 1:colcon.colcon_core.package_identification:_identify(models/turtlebot4/nav2_minimal_tb4_description/urdf/icreate/sensors) by extension 'ignore_ament_install'
[0.185s] Level 1:colcon.colcon_core.package_identification:_identify(models/turtlebot4/nav2_minimal_tb4_description/urdf/icreate/sensors) by extensions ['colcon_pkg']
[0.185s] Level 1:colcon.colcon_core.package_identification:_identify(models/turtlebot4/nav2_minimal_tb4_description/urdf/icreate/sensors) by extension 'colcon_pkg'
[0.185s] Level 1:colcon.colcon_core.package_identification:_identify(models/turtlebot4/nav2_minimal_tb4_description/urdf/icreate/sensors) by extensions ['colcon_meta']
[0.185s] Level 1:colcon.colcon_core.package_identification:_identify(models/turtlebot4/nav2_minimal_tb4_description/urdf/icreate/sensors) by extension 'colcon_meta'
[0.185s] Level 1:colcon.colcon_core.package_identification:_identify(models/turtlebot4/nav2_minimal_tb4_description/urdf/icreate/sensors) by extensions ['ros']
[0.185s] Level 1:colcon.colcon_core.package_identification:_identify(models/turtlebot4/nav2_minimal_tb4_description/urdf/icreate/sensors) by extension 'ros'
[0.185s] Level 1:colcon.colcon_core.package_identification:_identify(models/turtlebot4/nav2_minimal_tb4_description/urdf/icreate/sensors) by extensions ['cmake', 'python']
[0.185s] Level 1:colcon.colcon_core.package_identification:_identify(models/turtlebot4/nav2_minimal_tb4_description/urdf/icreate/sensors) by extension 'cmake'
[0.185s] Level 1:colcon.colcon_core.package_identification:_identify(models/turtlebot4/nav2_minimal_tb4_description/urdf/icreate/sensors) by extension 'python'
[0.185s] Level 1:colcon.colcon_core.package_identification:_identify(models/turtlebot4/nav2_minimal_tb4_description/urdf/icreate/sensors) by extensions ['python_setup_py']
[0.185s] Level 1:colcon.colcon_core.package_identification:_identify(models/turtlebot4/nav2_minimal_tb4_description/urdf/icreate/sensors) by extension 'python_setup_py'
[0.185s] Level 1:colcon.colcon_core.package_identification:_identify(models/turtlebot4/nav2_minimal_tb4_description/urdf/sensors) by extensions ['ignore', 'ignore_ament_install']
[0.185s] Level 1:colcon.colcon_core.package_identification:_identify(models/turtlebot4/nav2_minimal_tb4_description/urdf/sensors) by extension 'ignore'
[0.185s] Level 1:colcon.colcon_core.package_identification:_identify(models/turtlebot4/nav2_minimal_tb4_description/urdf/sensors) by extension 'ignore_ament_install'
[0.185s] Level 1:colcon.colcon_core.package_identification:_identify(models/turtlebot4/nav2_minimal_tb4_description/urdf/sensors) by extensions ['colcon_pkg']
[0.185s] Level 1:colcon.colcon_core.package_identification:_identify(models/turtlebot4/nav2_minimal_tb4_description/urdf/sensors) by extension 'colcon_pkg'
[0.185s] Level 1:colcon.colcon_core.package_identification:_identify(models/turtlebot4/nav2_minimal_tb4_description/urdf/sensors) by extensions ['colcon_meta']
[0.185s] Level 1:colcon.colcon_core.package_identification:_identify(models/turtlebot4/nav2_minimal_tb4_description/urdf/sensors) by extension 'colcon_meta'
[0.185s] Level 1:colcon.colcon_core.package_identification:_identify(models/turtlebot4/nav2_minimal_tb4_description/urdf/sensors) by extensions ['ros']
[0.185s] Level 1:colcon.colcon_core.package_identification:_identify(models/turtlebot4/nav2_minimal_tb4_description/urdf/sensors) by extension 'ros'
[0.185s] Level 1:colcon.colcon_core.package_identification:_identify(models/turtlebot4/nav2_minimal_tb4_description/urdf/sensors) by extensions ['cmake', 'python']
[0.186s] Level 1:colcon.colcon_core.package_identification:_identify(models/turtlebot4/nav2_minimal_tb4_description/urdf/sensors) by extension 'cmake'
[0.186s] Level 1:colcon.colcon_core.package_identification:_identify(models/turtlebot4/nav2_minimal_tb4_description/urdf/sensors) by extension 'python'
[0.186s] Level 1:colcon.colcon_core.package_identification:_identify(models/turtlebot4/nav2_minimal_tb4_description/urdf/sensors) by extensions ['python_setup_py']
[0.186s] Level 1:colcon.colcon_core.package_identification:_identify(models/turtlebot4/nav2_minimal_tb4_description/urdf/sensors) by extension 'python_setup_py'
[0.186s] Level 1:colcon.colcon_core.package_identification:_identify(models/turtlebot4/nav2_minimal_tb4_description/urdf/standard) by extensions ['ignore', 'ignore_ament_install']
[0.186s] Level 1:colcon.colcon_core.package_identification:_identify(models/turtlebot4/nav2_minimal_tb4_description/urdf/standard) by extension 'ignore'
[0.186s] Level 1:colcon.colcon_core.package_identification:_identify(models/turtlebot4/nav2_minimal_tb4_description/urdf/standard) by extension 'ignore_ament_install'
[0.186s] Level 1:colcon.colcon_core.package_identification:_identify(models/turtlebot4/nav2_minimal_tb4_description/urdf/standard) by extensions ['colcon_pkg']
[0.186s] Level 1:colcon.colcon_core.package_identification:_identify(models/turtlebot4/nav2_minimal_tb4_description/urdf/standard) by extension 'colcon_pkg'
[0.186s] Level 1:colcon.colcon_core.package_identification:_identify(models/turtlebot4/nav2_minimal_tb4_description/urdf/standard) by extensions ['colcon_meta']
[0.186s] Level 1:colcon.colcon_core.package_identification:_identify(models/turtlebot4/nav2_minimal_tb4_description/urdf/standard) by extension 'colcon_meta'
[0.186s] Level 1:colcon.colcon_core.package_identification:_identify(models/turtlebot4/nav2_minimal_tb4_description/urdf/standard) by extensions ['ros']
[0.186s] Level 1:colcon.colcon_core.package_identification:_identify(models/turtlebot4/nav2_minimal_tb4_description/urdf/standard) by extension 'ros'
[0.186s] Level 1:colcon.colcon_core.package_identification:_identify(models/turtlebot4/nav2_minimal_tb4_description/urdf/standard) by extensions ['cmake', 'python']
[0.186s] Level 1:colcon.colcon_core.package_identification:_identify(models/turtlebot4/nav2_minimal_tb4_description/urdf/standard) by extension 'cmake'
[0.186s] Level 1:colcon.colcon_core.package_identification:_identify(models/turtlebot4/nav2_minimal_tb4_description/urdf/standard) by extension 'python'
[0.186s] Level 1:colcon.colcon_core.package_identification:_identify(models/turtlebot4/nav2_minimal_tb4_description/urdf/standard) by extensions ['python_setup_py']
[0.186s] Level 1:colcon.colcon_core.package_identification:_identify(models/turtlebot4/nav2_minimal_tb4_description/urdf/standard) by extension 'python_setup_py'
[0.186s] Level 1:colcon.colcon_core.package_identification:_identify(src) by extensions ['ignore', 'ignore_ament_install']
[0.186s] Level 1:colcon.colcon_core.package_identification:_identify(src) by extension 'ignore'
[0.186s] Level 1:colcon.colcon_core.package_identification:_identify(src) by extension 'ignore_ament_install'
[0.186s] Level 1:colcon.colcon_core.package_identification:_identify(src) by extensions ['colcon_pkg']
[0.186s] Level 1:colcon.colcon_core.package_identification:_identify(src) by extension 'colcon_pkg'
[0.186s] Level 1:colcon.colcon_core.package_identification:_identify(src) by extensions ['colcon_meta']
[0.186s] Level 1:colcon.colcon_core.package_identification:_identify(src) by extension 'colcon_meta'
[0.186s] Level 1:colcon.colcon_core.package_identification:_identify(src) by extensions ['ros']
[0.186s] Level 1:colcon.colcon_core.package_identification:_identify(src) by extension 'ros'
[0.186s] Level 1:colcon.colcon_core.package_identification:_identify(src) by extensions ['cmake', 'python']
[0.186s] Level 1:colcon.colcon_core.package_identification:_identify(src) by extension 'cmake'
[0.186s] Level 1:colcon.colcon_core.package_identification:_identify(src) by extension 'python'
[0.186s] Level 1:colcon.colcon_core.package_identification:_identify(src) by extensions ['python_setup_py']
[0.186s] Level 1:colcon.colcon_core.package_identification:_identify(src) by extension 'python_setup_py'
[0.186s] Level 1:colcon.colcon_core.package_identification:_identify(src/ionic_demo) by extensions ['ignore', 'ignore_ament_install']
[0.187s] Level 1:colcon.colcon_core.package_identification:_identify(src/ionic_demo) by extension 'ignore'
[0.187s] Level 1:colcon.colcon_core.package_identification:_identify(src/ionic_demo) by extension 'ignore_ament_install'
[0.187s] Level 1:colcon.colcon_core.package_identification:_identify(src/ionic_demo) by extensions ['colcon_pkg']
[0.187s] Level 1:colcon.colcon_core.package_identification:_identify(src/ionic_demo) by extension 'colcon_pkg'
[0.187s] Level 1:colcon.colcon_core.package_identification:_identify(src/ionic_demo) by extensions ['colcon_meta']
[0.187s] Level 1:colcon.colcon_core.package_identification:_identify(src/ionic_demo) by extension 'colcon_meta'
[0.187s] Level 1:colcon.colcon_core.package_identification:_identify(src/ionic_demo) by extensions ['ros']
[0.187s] Level 1:colcon.colcon_core.package_identification:_identify(src/ionic_demo) by extension 'ros'
[0.187s] Level 1:colcon.colcon_core.package_identification:_identify(src/ionic_demo) by extensions ['cmake', 'python']
[0.187s] Level 1:colcon.colcon_core.package_identification:_identify(src/ionic_demo) by extension 'cmake'
[0.187s] Level 1:colcon.colcon_core.package_identification:_identify(src/ionic_demo) by extension 'python'
[0.187s] Level 1:colcon.colcon_core.package_identification:_identify(src/ionic_demo) by extensions ['python_setup_py']
[0.187s] Level 1:colcon.colcon_core.package_identification:_identify(src/ionic_demo) by extension 'python_setup_py'
[0.187s] Level 1:colcon.colcon_core.package_identification:_identify(src/ionic_demo/ionic_demo) by extensions ['ignore', 'ignore_ament_install']
[0.187s] Level 1:colcon.colcon_core.package_identification:_identify(src/ionic_demo/ionic_demo) by extension 'ignore'
[0.187s] Level 1:colcon.colcon_core.package_identification:_identify(src/ionic_demo/ionic_demo) by extension 'ignore_ament_install'
[0.187s] Level 1:colcon.colcon_core.package_identification:_identify(src/ionic_demo/ionic_demo) by extensions ['colcon_pkg']
[0.187s] Level 1:colcon.colcon_core.package_identification:_identify(src/ionic_demo/ionic_demo) by extension 'colcon_pkg'
[0.187s] Level 1:colcon.colcon_core.package_identification:_identify(src/ionic_demo/ionic_demo) by extensions ['colcon_meta']
[0.187s] Level 1:colcon.colcon_core.package_identification:_identify(src/ionic_demo/ionic_demo) by extension 'colcon_meta'
[0.187s] Level 1:colcon.colcon_core.package_identification:_identify(src/ionic_demo/ionic_demo) by extensions ['ros']
[0.187s] Level 1:colcon.colcon_core.package_identification:_identify(src/ionic_demo/ionic_demo) by extension 'ros'
[0.189s] DEBUG:colcon.colcon_core.package_identification:Package 'src/ionic_demo/ionic_demo' with type 'ros.ament_cmake' and name 'ionic_demo'
[0.189s] Level 1:colcon.colcon_core.package_identification:_identify(src/multirobot_spawn) by extensions ['ignore', 'ignore_ament_install']
[0.189s] Level 1:colcon.colcon_core.package_identification:_identify(src/multirobot_spawn) by extension 'ignore'
[0.189s] Level 1:colcon.colcon_core.package_identification:_identify(src/multirobot_spawn) by extension 'ignore_ament_install'
[0.190s] Level 1:colcon.colcon_core.package_identification:_identify(src/multirobot_spawn) by extensions ['colcon_pkg']
[0.190s] Level 1:colcon.colcon_core.package_identification:_identify(src/multirobot_spawn) by extension 'colcon_pkg'
[0.190s] Level 1:colcon.colcon_core.package_identification:_identify(src/multirobot_spawn) by extensions ['colcon_meta']
[0.190s] Level 1:colcon.colcon_core.package_identification:_identify(src/multirobot_spawn) by extension 'colcon_meta'
[0.190s] Level 1:colcon.colcon_core.package_identification:_identify(src/multirobot_spawn) by extensions ['ros']
[0.190s] Level 1:colcon.colcon_core.package_identification:_identify(src/multirobot_spawn) by extension 'ros'
[0.190s] DEBUG:colcon.colcon_core.package_identification:Package 'src/multirobot_spawn' with type 'ros.ament_python' and name 'multirobot_spawn'
[0.190s] Level 1:colcon.colcon_core.package_identification:_identify(src/multirobot_spawn_obs) by extensions ['ignore', 'ignore_ament_install']
[0.190s] Level 1:colcon.colcon_core.package_identification:_identify(src/multirobot_spawn_obs) by extension 'ignore'
[0.190s] Level 1:colcon.colcon_core.package_identification:_identify(src/multirobot_spawn_obs) by extension 'ignore_ament_install'
[0.190s] Level 1:colcon.colcon_core.package_identification:_identify(src/multirobot_spawn_obs) by extensions ['colcon_pkg']
[0.190s] Level 1:colcon.colcon_core.package_identification:_identify(src/multirobot_spawn_obs) by extension 'colcon_pkg'
[0.190s] Level 1:colcon.colcon_core.package_identification:_identify(src/multirobot_spawn_obs) by extensions ['colcon_meta']
[0.190s] Level 1:colcon.colcon_core.package_identification:_identify(src/multirobot_spawn_obs) by extension 'colcon_meta'
[0.190s] Level 1:colcon.colcon_core.package_identification:_identify(src/multirobot_spawn_obs) by extensions ['ros']
[0.190s] Level 1:colcon.colcon_core.package_identification:_identify(src/multirobot_spawn_obs) by extension 'ros'
[0.191s] DEBUG:colcon.colcon_core.package_identification:Package 'src/multirobot_spawn_obs' with type 'ros.ament_python' and name 'multirobot_spawn_obs'
[0.191s] Level 1:colcon.colcon_core.package_identification:_identify(src/robot_controller) by extensions ['ignore', 'ignore_ament_install']
[0.191s] Level 1:colcon.colcon_core.package_identification:_identify(src/robot_controller) by extension 'ignore'
[0.191s] Level 1:colcon.colcon_core.package_identification:_identify(src/robot_controller) by extension 'ignore_ament_install'
[0.191s] Level 1:colcon.colcon_core.package_identification:_identify(src/robot_controller) by extensions ['colcon_pkg']
[0.191s] Level 1:colcon.colcon_core.package_identification:_identify(src/robot_controller) by extension 'colcon_pkg'
[0.191s] Level 1:colcon.colcon_core.package_identification:_identify(src/robot_controller) by extensions ['colcon_meta']
[0.191s] Level 1:colcon.colcon_core.package_identification:_identify(src/robot_controller) by extension 'colcon_meta'
[0.191s] Level 1:colcon.colcon_core.package_identification:_identify(src/robot_controller) by extensions ['ros']
[0.191s] Level 1:colcon.colcon_core.package_identification:_identify(src/robot_controller) by extension 'ros'
[0.192s] DEBUG:colcon.colcon_core.package_identification:Package 'src/robot_controller' with type 'ros.ament_python' and name 'robot_controller'
[0.192s] Level 1:colcon.colcon_core.package_identification:_identify(src/ros2-vicon-receiver) by extensions ['ignore', 'ignore_ament_install']
[0.192s] Level 1:colcon.colcon_core.package_identification:_identify(src/ros2-vicon-receiver) by extension 'ignore'
[0.192s] Level 1:colcon.colcon_core.package_identification:_identify(src/ros2-vicon-receiver) by extension 'ignore_ament_install'
[0.192s] Level 1:colcon.colcon_core.package_identification:_identify(src/ros2-vicon-receiver) by extensions ['colcon_pkg']
[0.192s] Level 1:colcon.colcon_core.package_identification:_identify(src/ros2-vicon-receiver) by extension 'colcon_pkg'
[0.192s] Level 1:colcon.colcon_core.package_identification:_identify(src/ros2-vicon-receiver) by extensions ['colcon_meta']
[0.192s] Level 1:colcon.colcon_core.package_identification:_identify(src/ros2-vicon-receiver) by extension 'colcon_meta'
[0.192s] Level 1:colcon.colcon_core.package_identification:_identify(src/ros2-vicon-receiver) by extensions ['ros']
[0.192s] Level 1:colcon.colcon_core.package_identification:_identify(src/ros2-vicon-receiver) by extension 'ros'
[0.192s] Level 1:colcon.colcon_core.package_identification:_identify(src/ros2-vicon-receiver) by extensions ['cmake', 'python']
[0.192s] Level 1:colcon.colcon_core.package_identification:_identify(src/ros2-vicon-receiver) by extension 'cmake'
[0.192s] Level 1:colcon.colcon_core.package_identification:_identify(src/ros2-vicon-receiver) by extension 'python'
[0.192s] Level 1:colcon.colcon_core.package_identification:_identify(src/ros2-vicon-receiver) by extensions ['python_setup_py']
[0.192s] Level 1:colcon.colcon_core.package_identification:_identify(src/ros2-vicon-receiver) by extension 'python_setup_py'
[0.192s] Level 1:colcon.colcon_core.package_identification:_identify(src/ros2-vicon-receiver/DataStreamSDK_1.12.0) by extensions ['ignore', 'ignore_ament_install']
[0.192s] Level 1:colcon.colcon_core.package_identification:_identify(src/ros2-vicon-receiver/DataStreamSDK_1.12.0) by extension 'ignore'
[0.192s] Level 1:colcon.colcon_core.package_identification:_identify(src/ros2-vicon-receiver/DataStreamSDK_1.12.0) by extension 'ignore_ament_install'
[0.192s] Level 1:colcon.colcon_core.package_identification:_identify(src/ros2-vicon-receiver/DataStreamSDK_1.12.0) by extensions ['colcon_pkg']
[0.193s] Level 1:colcon.colcon_core.package_identification:_identify(src/ros2-vicon-receiver/DataStreamSDK_1.12.0) by extension 'colcon_pkg'
[0.193s] Level 1:colcon.colcon_core.package_identification:_identify(src/ros2-vicon-receiver/DataStreamSDK_1.12.0) by extensions ['colcon_meta']
[0.193s] Level 1:colcon.colcon_core.package_identification:_identify(src/ros2-vicon-receiver/DataStreamSDK_1.12.0) by extension 'colcon_meta'
[0.193s] Level 1:colcon.colcon_core.package_identification:_identify(src/ros2-vicon-receiver/DataStreamSDK_1.12.0) by extensions ['ros']
[0.193s] Level 1:colcon.colcon_core.package_identification:_identify(src/ros2-vicon-receiver/DataStreamSDK_1.12.0) by extension 'ros'
[0.193s] Level 1:colcon.colcon_core.package_identification:_identify(src/ros2-vicon-receiver/DataStreamSDK_1.12.0) by extensions ['cmake', 'python']
[0.193s] Level 1:colcon.colcon_core.package_identification:_identify(src/ros2-vicon-receiver/DataStreamSDK_1.12.0) by extension 'cmake'
[0.193s] Level 1:colcon.colcon_core.package_identification:_identify(src/ros2-vicon-receiver/DataStreamSDK_1.12.0) by extension 'python'
[0.193s] Level 1:colcon.colcon_core.package_identification:_identify(src/ros2-vicon-receiver/DataStreamSDK_1.12.0) by extensions ['python_setup_py']
[0.193s] Level 1:colcon.colcon_core.package_identification:_identify(src/ros2-vicon-receiver/DataStreamSDK_1.12.0) by extension 'python_setup_py'
[0.193s] Level 1:colcon.colcon_core.package_identification:_identify(src/ros2-vicon-receiver/vicon_receiver) by extensions ['ignore', 'ignore_ament_install']
[0.193s] Level 1:colcon.colcon_core.package_identification:_identify(src/ros2-vicon-receiver/vicon_receiver) by extension 'ignore'
[0.193s] Level 1:colcon.colcon_core.package_identification:_identify(src/ros2-vicon-receiver/vicon_receiver) by extension 'ignore_ament_install'
[0.193s] Level 1:colcon.colcon_core.package_identification:_identify(src/ros2-vicon-receiver/vicon_receiver) by extensions ['colcon_pkg']
[0.193s] Level 1:colcon.colcon_core.package_identification:_identify(src/ros2-vicon-receiver/vicon_receiver) by extension 'colcon_pkg'
[0.193s] Level 1:colcon.colcon_core.package_identification:_identify(src/ros2-vicon-receiver/vicon_receiver) by extensions ['colcon_meta']
[0.193s] Level 1:colcon.colcon_core.package_identification:_identify(src/ros2-vicon-receiver/vicon_receiver) by extension 'colcon_meta'
[0.193s] Level 1:colcon.colcon_core.package_identification:_identify(src/ros2-vicon-receiver/vicon_receiver) by extensions ['ros']
[0.193s] Level 1:colcon.colcon_core.package_identification:_identify(src/ros2-vicon-receiver/vicon_receiver) by extension 'ros'
[0.194s] DEBUG:colcon.colcon_core.package_identification:Package 'src/ros2-vicon-receiver/vicon_receiver' with type 'ros.ament_cmake' and name 'vicon_receiver'
[0.194s] Level 1:colcon.colcon_core.package_identification:_identify(src/shepherding_control) by extensions ['ignore', 'ignore_ament_install']
[0.194s] Level 1:colcon.colcon_core.package_identification:_identify(src/shepherding_control) by extension 'ignore'
[0.194s] Level 1:colcon.colcon_core.package_identification:_identify(src/shepherding_control) by extension 'ignore_ament_install'
[0.194s] Level 1:colcon.colcon_core.package_identification:_identify(src/shepherding_control) by extensions ['colcon_pkg']
[0.194s] Level 1:colcon.colcon_core.package_identification:_identify(src/shepherding_control) by extension 'colcon_pkg'
[0.194s] Level 1:colcon.colcon_core.package_identification:_identify(src/shepherding_control) by extensions ['colcon_meta']
[0.194s] Level 1:colcon.colcon_core.package_identification:_identify(src/shepherding_control) by extension 'colcon_meta'
[0.194s] Level 1:colcon.colcon_core.package_identification:_identify(src/shepherding_control) by extensions ['ros']
[0.194s] Level 1:colcon.colcon_core.package_identification:_identify(src/shepherding_control) by extension 'ros'
[0.194s] DEBUG:colcon.colcon_core.package_identification:Package 'src/shepherding_control' with type 'ros.ament_python' and name 'shepherding_control'
[0.194s] Level 1:colcon.colcon_core.package_identification:_identify(worlds) by extensions ['ignore', 'ignore_ament_install']
[0.194s] Level 1:colcon.colcon_core.package_identification:_identify(worlds) by extension 'ignore'
[0.194s] Level 1:colcon.colcon_core.package_identification:_identify(worlds) by extension 'ignore_ament_install'
[0.194s] Level 1:colcon.colcon_core.package_identification:_identify(worlds) by extensions ['colcon_pkg']
[0.194s] Level 1:colcon.colcon_core.package_identification:_identify(worlds) by extension 'colcon_pkg'
[0.194s] Level 1:colcon.colcon_core.package_identification:_identify(worlds) by extensions ['colcon_meta']
[0.194s] Level 1:colcon.colcon_core.package_identification:_identify(worlds) by extension 'colcon_meta'
[0.194s] Level 1:colcon.colcon_core.package_identification:_identify(worlds) by extensions ['ros']
[0.194s] Level 1:colcon.colcon_core.package_identification:_identify(worlds) by extension 'ros'
[0.195s] Level 1:colcon.colcon_core.package_identification:_identify(worlds) by extensions ['cmake', 'python']
[0.195s] Level 1:colcon.colcon_core.package_identification:_identify(worlds) by extension 'cmake'
[0.195s] Level 1:colcon.colcon_core.package_identification:_identify(worlds) by extension 'python'
[0.195s] Level 1:colcon.colcon_core.package_identification:_identify(worlds) by extensions ['python_setup_py']
[0.195s] Level 1:colcon.colcon_core.package_identification:_identify(worlds) by extension 'python_setup_py'
[0.195s] Level 1:colcon.colcon_core.package_discovery:discover_packages(recursive) using defaults
[0.195s] Level 1:colcon.colcon_core.package_discovery:discover_packages(ignore) discover
[0.195s] Level 1:colcon.colcon_core.package_discovery:discover_packages(ignore) using defaults
[0.195s] Level 1:colcon.colcon_core.package_discovery:discover_packages(path) discover
[0.195s] Level 1:colcon.colcon_core.package_discovery:discover_packages(path) using defaults
[0.212s] Level 1:colcon.colcon_core.package_discovery:discover_packages(prefix_path) check parameters
[0.212s] Level 1:colcon.colcon_core.package_discovery:discover_packages(prefix_path) discover
[0.215s] DEBUG:colcon.colcon_installed_package_information.package_discovery:Found 315 installed packages in /opt/ros/jazzy
[0.216s] Level 1:colcon.colcon_core.package_discovery:discover_packages(prefix_path) using defaults
[0.243s] Level 5:colcon.colcon_core.verb:set package 'ionic_demo' build argument 'cmake_args' from command line to 'None'
[0.244s] Level 5:colcon.colcon_core.verb:set package 'ionic_demo' build argument 'cmake_target' from command line to 'None'
[0.244s] Level 5:colcon.colcon_core.verb:set package 'ionic_demo' build argument 'cmake_target_skip_unavailable' from command line to 'False'
[0.244s] Level 5:colcon.colcon_core.verb:set package 'ionic_demo' build argument 'cmake_clean_cache' from command line to 'False'
[0.244s] Level 5:colcon.colcon_core.verb:set package 'ionic_demo' build argument 'cmake_clean_first' from command line to 'False'
[0.244s] Level 5:colcon.colcon_core.verb:set package 'ionic_demo' build argument 'cmake_force_configure' from command line to 'False'
[0.244s] Level 5:colcon.colcon_core.verb:set package 'ionic_demo' build argument 'ament_cmake_args' from command line to 'None'
[0.244s] Level 5:colcon.colcon_core.verb:set package 'ionic_demo' build argument 'catkin_cmake_args' from command line to 'None'
[0.244s] Level 5:colcon.colcon_core.verb:set package 'ionic_demo' build argument 'catkin_skip_building_tests' from command line to 'False'
[0.244s] DEBUG:colcon.colcon_core.verb:Building package 'ionic_demo' with the following arguments: {'ament_cmake_args': None, 'build_base': '/home/stefano/dev/Costanza/ros2_ws/build/ionic_demo', 'catkin_cmake_args': None, 'catkin_skip_building_tests': False, 'cmake_args': None, 'cmake_clean_cache': False, 'cmake_clean_first': False, 'cmake_force_configure': False, 'cmake_target': None, 'cmake_target_skip_unavailable': False, 'install_base': '/home/stefano/dev/Costanza/ros2_ws/install/ionic_demo', 'merge_install': False, 'path': '/home/stefano/dev/Costanza/ros2_ws/src/ionic_demo/ionic_demo', 'symlink_install': False, 'test_result_base': None}
[0.244s] Level 5:colcon.colcon_core.verb:set package 'multirobot_spawn' build argument 'cmake_args' from command line to 'None'
[0.244s] Level 5:colcon.colcon_core.verb:set package 'multirobot_spawn' build argument 'cmake_target' from command line to 'None'
[0.244s] Level 5:colcon.colcon_core.verb:set package 'multirobot_spawn' build argument 'cmake_target_skip_unavailable' from command line to 'False'
[0.244s] Level 5:colcon.colcon_core.verb:set package 'multirobot_spawn' build argument 'cmake_clean_cache' from command line to 'False'
[0.244s] Level 5:colcon.colcon_core.verb:set package 'multirobot_spawn' build argument 'cmake_clean_first' from command line to 'False'
[0.244s] Level 5:colcon.colcon_core.verb:set package 'multirobot_spawn' build argument 'cmake_force_configure' from command line to 'False'
[0.244s] Level 5:colcon.colcon_core.verb:set package 'multirobot_spawn' build argument 'ament_cmake_args' from command line to 'None'
[0.244s] Level 5:colcon.colcon_core.verb:set package 'multirobot_spawn' build argument 'catkin_cmake_args' from command line to 'None'
[0.244s] Level 5:colcon.colcon_core.verb:set package 'multirobot_spawn' build argument 'catkin_skip_building_tests' from command line to 'False'
[0.244s] DEBUG:colcon.colcon_core.verb:Building package 'multirobot_spawn' with the following arguments: {'ament_cmake_args': None, 'build_base': '/home/stefano/dev/Costanza/ros2_ws/build/multirobot_spawn', 'catkin_cmake_args': None, 'catkin_skip_building_tests': False, 'cmake_args': None, 'cmake_clean_cache': False, 'cmake_clean_first': False, 'cmake_force_configure': False, 'cmake_target': None, 'cmake_target_skip_unavailable': False, 'install_base': '/home/stefano/dev/Costanza/ros2_ws/install/multirobot_spawn', 'merge_install': False, 'path': '/home/stefano/dev/Costanza/ros2_ws/src/multirobot_spawn', 'symlink_install': False, 'test_result_base': None}
[0.244s] Level 5:colcon.colcon_core.verb:set package 'multirobot_spawn_obs' build argument 'cmake_args' from command line to 'None'
[0.244s] Level 5:colcon.colcon_core.verb:set package 'multirobot_spawn_obs' build argument 'cmake_target' from command line to 'None'
[0.244s] Level 5:colcon.colcon_core.verb:set package 'multirobot_spawn_obs' build argument 'cmake_target_skip_unavailable' from command line to 'False'
[0.244s] Level 5:colcon.colcon_core.verb:set package 'multirobot_spawn_obs' build argument 'cmake_clean_cache' from command line to 'False'
[0.244s] Level 5:colcon.colcon_core.verb:set package 'multirobot_spawn_obs' build argument 'cmake_clean_first' from command line to 'False'
[0.244s] Level 5:colcon.colcon_core.verb:set package 'multirobot_spawn_obs' build argument 'cmake_force_configure' from command line to 'False'
[0.244s] Level 5:colcon.colcon_core.verb:set package 'multirobot_spawn_obs' build argument 'ament_cmake_args' from command line to 'None'
[0.244s] Level 5:colcon.colcon_core.verb:set package 'multirobot_spawn_obs' build argument 'catkin_cmake_args' from command line to 'None'
[0.244s] Level 5:colcon.colcon_core.verb:set package 'multirobot_spawn_obs' build argument 'catkin_skip_building_tests' from command line to 'False'
[0.244s] DEBUG:colcon.colcon_core.verb:Building package 'multirobot_spawn_obs' with the following arguments: {'ament_cmake_args': None, 'build_base': '/home/stefano/dev/Costanza/ros2_ws/build/multirobot_spawn_obs', 'catkin_cmake_args': None, 'catkin_skip_building_tests': False, 'cmake_args': None, 'cmake_clean_cache': False, 'cmake_clean_first': False, 'cmake_force_configure': False, 'cmake_target': None, 'cmake_target_skip_unavailable': False, 'install_base': '/home/stefano/dev/Costanza/ros2_ws/install/multirobot_spawn_obs', 'merge_install': False, 'path': '/home/stefano/dev/Costanza/ros2_ws/src/multirobot_spawn_obs', 'symlink_install': False, 'test_result_base': None}
[0.244s] Level 5:colcon.colcon_core.verb:set package 'robot_controller' build argument 'cmake_args' from command line to 'None'
[0.244s] Level 5:colcon.colcon_core.verb:set package 'robot_controller' build argument 'cmake_target' from command line to 'None'
[0.244s] Level 5:colcon.colcon_core.verb:set package 'robot_controller' build argument 'cmake_target_skip_unavailable' from command line to 'False'
[0.244s] Level 5:colcon.colcon_core.verb:set package 'robot_controller' build argument 'cmake_clean_cache' from command line to 'False'
[0.245s] Level 5:colcon.colcon_core.verb:set package 'robot_controller' build argument 'cmake_clean_first' from command line to 'False'
[0.245s] Level 5:colcon.colcon_core.verb:set package 'robot_controller' build argument 'cmake_force_configure' from command line to 'False'
[0.245s] Level 5:colcon.colcon_core.verb:set package 'robot_controller' build argument 'ament_cmake_args' from command line to 'None'
[0.245s] Level 5:colcon.colcon_core.verb:set package 'robot_controller' build argument 'catkin_cmake_args' from command line to 'None'
[0.245s] Level 5:colcon.colcon_core.verb:set package 'robot_controller' build argument 'catkin_skip_building_tests' from command line to 'False'
[0.245s] DEBUG:colcon.colcon_core.verb:Building package 'robot_controller' with the following arguments: {'ament_cmake_args': None, 'build_base': '/home/stefano/dev/Costanza/ros2_ws/build/robot_controller', 'catkin_cmake_args': None, 'catkin_skip_building_tests': False, 'cmake_args': None, 'cmake_clean_cache': False, 'cmake_clean_first': False, 'cmake_force_configure': False, 'cmake_target': None, 'cmake_target_skip_unavailable': False, 'install_base': '/home/stefano/dev/Costanza/ros2_ws/install/robot_controller', 'merge_install': False, 'path': '/home/stefano/dev/Costanza/ros2_ws/src/robot_controller', 'symlink_install': False, 'test_result_base': None}
[0.245s] Level 5:colcon.colcon_core.verb:set package 'shepherding_control' build argument 'cmake_args' from command line to 'None'
[0.245s] Level 5:colcon.colcon_core.verb:set package 'shepherding_control' build argument 'cmake_target' from command line to 'None'
[0.245s] Level 5:colcon.colcon_core.verb:set package 'shepherding_control' build argument 'cmake_target_skip_unavailable' from command line to 'False'
[0.245s] Level 5:colcon.colcon_core.verb:set package 'shepherding_control' build argument 'cmake_clean_cache' from command line to 'False'
[0.245s] Level 5:colcon.colcon_core.verb:set package 'shepherding_control' build argument 'cmake_clean_first' from command line to 'False'
[0.245s] Level 5:colcon.colcon_core.verb:set package 'shepherding_control' build argument 'cmake_force_configure' from command line to 'False'
[0.245s] Level 5:colcon.colcon_core.verb:set package 'shepherding_control' build argument 'ament_cmake_args' from command line to 'None'
[0.245s] Level 5:colcon.colcon_core.verb:set package 'shepherding_control' build argument 'catkin_cmake_args' from command line to 'None'
[0.245s] Level 5:colcon.colcon_core.verb:set package 'shepherding_control' build argument 'catkin_skip_building_tests' from command line to 'False'
[0.245s] DEBUG:colcon.colcon_core.verb:Building package 'shepherding_control' with the following arguments: {'ament_cmake_args': None, 'build_base': '/home/stefano/dev/Costanza/ros2_ws/build/shepherding_control', 'catkin_cmake_args': None, 'catkin_skip_building_tests': False, 'cmake_args': None, 'cmake_clean_cache': False, 'cmake_clean_first': False, 'cmake_force_configure': False, 'cmake_target': None, 'cmake_target_skip_unavailable': False, 'install_base': '/home/stefano/dev/Costanza/ros2_ws/install/shepherding_control', 'merge_install': False, 'path': '/home/stefano/dev/Costanza/ros2_ws/src/shepherding_control', 'symlink_install': False, 'test_result_base': None}
[0.245s] Level 5:colcon.colcon_core.verb:set package 'vicon_receiver' build argument 'cmake_args' from command line to 'None'
[0.245s] Level 5:colcon.colcon_core.verb:set package 'vicon_receiver' build argument 'cmake_target' from command line to 'None'
[0.245s] Level 5:colcon.colcon_core.verb:set package 'vicon_receiver' build argument 'cmake_target_skip_unavailable' from command line to 'False'
[0.245s] Level 5:colcon.colcon_core.verb:set package 'vicon_receiver' build argument 'cmake_clean_cache' from command line to 'False'
[0.245s] Level 5:colcon.colcon_core.verb:set package 'vicon_receiver' build argument 'cmake_clean_first' from command line to 'False'
[0.245s] Level 5:colcon.colcon_core.verb:set package 'vicon_receiver' build argument 'cmake_force_configure' from command line to 'False'
[0.245s] Level 5:colcon.colcon_core.verb:set package 'vicon_receiver' build argument 'ament_cmake_args' from command line to 'None'
[0.245s] Level 5:colcon.colcon_core.verb:set package 'vicon_receiver' build argument 'catkin_cmake_args' from command line to 'None'
[0.245s] Level 5:colcon.colcon_core.verb:set package 'vicon_receiver' build argument 'catkin_skip_building_tests' from command line to 'False'
[0.245s] DEBUG:colcon.colcon_core.verb:Building package 'vicon_receiver' with the following arguments: {'ament_cmake_args': None, 'build_base': '/home/stefano/dev/Costanza/ros2_ws/build/vicon_receiver', 'catkin_cmake_args': None, 'catkin_skip_building_tests': False, 'cmake_args': None, 'cmake_clean_cache': False, 'cmake_clean_first': False, 'cmake_force_configure': False, 'cmake_target': None, 'cmake_target_skip_unavailable': False, 'install_base': '/home/stefano/dev/Costanza/ros2_ws/install/vicon_receiver', 'merge_install': False, 'path': '/home/stefano/dev/Costanza/ros2_ws/src/ros2-vicon-receiver/vicon_receiver', 'symlink_install': False, 'test_result_base': None}
[0.245s] INFO:colcon.colcon_core.executor:Executing jobs using 'parallel' executor
[0.246s] DEBUG:colcon.colcon_parallel_executor.executor.parallel:run_until_complete
[0.246s] INFO:colcon.colcon_ros.task.ament_cmake.build:Building ROS package in '/home/stefano/dev/Costanza/ros2_ws/src/ionic_demo/ionic_demo' with build type 'ament_cmake'
[0.246s] INFO:colcon.colcon_cmake.task.cmake.build:Building CMake package in '/home/stefano/dev/Costanza/ros2_ws/src/ionic_demo/ionic_demo'
[0.249s] INFO:colcon.colcon_core.plugin_system:Skipping extension 'colcon_core.shell.bat': Not used on non-Windows systems
[0.249s] INFO:colcon.colcon_core.shell:Skip shell extension 'powershell' for command environment: Not usable outside of PowerShell
[0.249s] DEBUG:colcon.colcon_core.shell:Skip shell extension 'dsv' for command environment
[0.253s] INFO:colcon.colcon_ros.task.ament_python.build:Building ROS package in '/home/stefano/dev/Costanza/ros2_ws/src/multirobot_spawn' with build type 'ament_python'
[0.253s] Level 1:colcon.colcon_core.shell:create_environment_hook('multirobot_spawn', 'ament_prefix_path')
[0.254s] INFO:colcon.colcon_core.shell:Creating environment hook '/home/stefano/dev/Costanza/ros2_ws/install/multirobot_spawn/share/multirobot_spawn/hook/ament_prefix_path.ps1'
[0.254s] INFO:colcon.colcon_core.shell:Creating environment descriptor '/home/stefano/dev/Costanza/ros2_ws/install/multirobot_spawn/share/multirobot_spawn/hook/ament_prefix_path.dsv'
[0.255s] INFO:colcon.colcon_core.shell:Creating environment hook '/home/stefano/dev/Costanza/ros2_ws/install/multirobot_spawn/share/multirobot_spawn/hook/ament_prefix_path.sh'
[0.256s] INFO:colcon.colcon_core.shell:Skip shell extension 'powershell' for command environment: Not usable outside of PowerShell
[0.256s] DEBUG:colcon.colcon_core.shell:Skip shell extension 'dsv' for command environment
[0.259s] INFO:colcon.colcon_ros.task.ament_python.build:Building ROS package in '/home/stefano/dev/Costanza/ros2_ws/src/multirobot_spawn_obs' with build type 'ament_python'
[0.259s] Level 1:colcon.colcon_core.shell:create_environment_hook('multirobot_spawn_obs', 'ament_prefix_path')
[0.259s] INFO:colcon.colcon_core.shell:Creating environment hook '/home/stefano/dev/Costanza/ros2_ws/install/multirobot_spawn_obs/share/multirobot_spawn_obs/hook/ament_prefix_path.ps1'
[0.260s] INFO:colcon.colcon_core.shell:Creating environment descriptor '/home/stefano/dev/Costanza/ros2_ws/install/multirobot_spawn_obs/share/multirobot_spawn_obs/hook/ament_prefix_path.dsv'
[0.260s] INFO:colcon.colcon_core.shell:Creating environment hook '/home/stefano/dev/Costanza/ros2_ws/install/multirobot_spawn_obs/share/multirobot_spawn_obs/hook/ament_prefix_path.sh'
[0.260s] INFO:colcon.colcon_core.shell:Skip shell extension 'powershell' for command environment: Not usable outside of PowerShell
[0.260s] DEBUG:colcon.colcon_core.shell:Skip shell extension 'dsv' for command environment
[0.262s] INFO:colcon.colcon_ros.task.ament_python.build:Building ROS package in '/home/stefano/dev/Costanza/ros2_ws/src/robot_controller' with build type 'ament_python'
[0.263s] Level 1:colcon.colcon_core.shell:create_environment_hook('robot_controller', 'ament_prefix_path')
[0.263s] INFO:colcon.colcon_core.shell:Creating environment hook '/home/stefano/dev/Costanza/ros2_ws/install/robot_controller/share/robot_controller/hook/ament_prefix_path.ps1'
[0.263s] INFO:colcon.colcon_core.shell:Creating environment descriptor '/home/stefano/dev/Costanza/ros2_ws/install/robot_controller/share/robot_controller/hook/ament_prefix_path.dsv'
[0.264s] INFO:colcon.colcon_core.shell:Creating environment hook '/home/stefano/dev/Costanza/ros2_ws/install/robot_controller/share/robot_controller/hook/ament_prefix_path.sh'
[0.264s] INFO:colcon.colcon_core.shell:Skip shell extension 'powershell' for command environment: Not usable outside of PowerShell
[0.264s] DEBUG:colcon.colcon_core.shell:Skip shell extension 'dsv' for command environment
[0.266s] INFO:colcon.colcon_ros.task.ament_python.build:Building ROS package in '/home/stefano/dev/Costanza/ros2_ws/src/shepherding_control' with build type 'ament_python'
[0.266s] Level 1:colcon.colcon_core.shell:create_environment_hook('shepherding_control', 'ament_prefix_path')
[0.266s] INFO:colcon.colcon_core.shell:Creating environment hook '/home/stefano/dev/Costanza/ros2_ws/install/shepherding_control/share/shepherding_control/hook/ament_prefix_path.ps1'
[0.267s] INFO:colcon.colcon_core.shell:Creating environment descriptor '/home/stefano/dev/Costanza/ros2_ws/install/shepherding_control/share/shepherding_control/hook/ament_prefix_path.dsv'
[0.267s] INFO:colcon.colcon_core.shell:Creating environment hook '/home/stefano/dev/Costanza/ros2_ws/install/shepherding_control/share/shepherding_control/hook/ament_prefix_path.sh'
[0.267s] INFO:colcon.colcon_core.shell:Skip shell extension 'powershell' for command environment: Not usable outside of PowerShell
[0.267s] DEBUG:colcon.colcon_core.shell:Skip shell extension 'dsv' for command environment
[0.269s] INFO:colcon.colcon_ros.task.ament_cmake.build:Building ROS package in '/home/stefano/dev/Costanza/ros2_ws/src/ros2-vicon-receiver/vicon_receiver' with build type 'ament_cmake'
[0.269s] INFO:colcon.colcon_cmake.task.cmake.build:Building CMake package in '/home/stefano/dev/Costanza/ros2_ws/src/ros2-vicon-receiver/vicon_receiver'
[0.269s] INFO:colcon.colcon_core.shell:Skip shell extension 'powershell' for command environment: Not usable outside of PowerShell
[0.269s] DEBUG:colcon.colcon_core.shell:Skip shell extension 'dsv' for command environment
[0.274s] DEBUG:colcon.colcon_core.event_handler.log_command:Invoking command in '/home/stefano/dev/Costanza/ros2_ws/build/ionic_demo': CMAKE_PREFIX_PATH=${CMAKE_PREFIX_PATH}:/opt/ros/jazzy DEBUGINFOD_URLS=https://debuginfod.ubuntu.com /usr/bin/cmake --build /home/stefano/dev/Costanza/ros2_ws/build/ionic_demo -- -j8 -l8
[0.420s] INFO:colcon.colcon_core.task.python.build:Building Python package in '/home/stefano/dev/Costanza/ros2_ws/src/multirobot_spawn'
[0.420s] INFO:colcon.colcon_core.shell:Skip shell extension 'powershell' for command environment: Not usable outside of PowerShell
[0.420s] DEBUG:colcon.colcon_core.shell:Skip shell extension 'dsv' for command environment
[0.563s] INFO:colcon.colcon_core.task.python.build:Building Python package in '/home/stefano/dev/Costanza/ros2_ws/src/multirobot_spawn_obs'
[0.564s] INFO:colcon.colcon_core.shell:Skip shell extension 'powershell' for command environment: Not usable outside of PowerShell
[0.564s] DEBUG:colcon.colcon_core.shell:Skip shell extension 'dsv' for command environment
[0.703s] INFO:colcon.colcon_core.task.python.build:Building Python package in '/home/stefano/dev/Costanza/ros2_ws/src/robot_controller'
[0.704s] INFO:colcon.colcon_core.shell:Skip shell extension 'powershell' for command environment: Not usable outside of PowerShell
[0.704s] DEBUG:colcon.colcon_core.shell:Skip shell extension 'dsv' for command environment
[0.844s] INFO:colcon.colcon_core.task.python.build:Building Python package in '/home/stefano/dev/Costanza/ros2_ws/src/shepherding_control'
[0.845s] INFO:colcon.colcon_core.shell:Skip shell extension 'powershell' for command environment: Not usable outside of PowerShell
[0.845s] DEBUG:colcon.colcon_core.shell:Skip shell extension 'dsv' for command environment
[0.849s] DEBUG:colcon.colcon_core.event_handler.log_command:Invoked command in '/home/stefano/dev/Costanza/ros2_ws/build/ionic_demo' returned '0': CMAKE_PREFIX_PATH=${CMAKE_PREFIX_PATH}:/opt/ros/jazzy DEBUGINFOD_URLS=https://debuginfod.ubuntu.com /usr/bin/cmake --build /home/stefano/dev/Costanza/ros2_ws/build/ionic_demo -- -j8 -l8
[0.857s] DEBUG:colcon.colcon_core.event_handler.log_command:Invoking command in '/home/stefano/dev/Costanza/ros2_ws/build/ionic_demo': CMAKE_PREFIX_PATH=${CMAKE_PREFIX_PATH}:/opt/ros/jazzy DEBUGINFOD_URLS=https://debuginfod.ubuntu.com /usr/bin/cmake --install /home/stefano/dev/Costanza/ros2_ws/build/ionic_demo
[0.860s] DEBUG:colcon.colcon_core.event_handler.log_command:Invoking command in '/home/stefano/dev/Costanza/ros2_ws/build/vicon_receiver': CMAKE_PREFIX_PATH=${CMAKE_PREFIX_PATH}:/opt/ros/jazzy DEBUGINFOD_URLS=https://debuginfod.ubuntu.com /usr/bin/cmake --build /home/stefano/dev/Costanza/ros2_ws/build/vicon_receiver -- -j8 -l8
[0.886s] Level 1:colcon.colcon_core.environment:create_environment_scripts_only(ionic_demo)
[0.887s] DEBUG:colcon.colcon_core.event_handler.log_command:Invoked command in '/home/stefano/dev/Costanza/ros2_ws/build/ionic_demo' returned '0': CMAKE_PREFIX_PATH=${CMAKE_PREFIX_PATH}:/opt/ros/jazzy DEBUGINFOD_URLS=https://debuginfod.ubuntu.com /usr/bin/cmake --install /home/stefano/dev/Costanza/ros2_ws/build/ionic_demo
[0.891s] Level 1:colcon.colcon_core.environment:checking '/home/stefano/dev/Costanza/ros2_ws/install/ionic_demo' for CMake module files
[0.891s] Level 1:colcon.colcon_core.environment:checking '/home/stefano/dev/Costanza/ros2_ws/install/ionic_demo' for CMake config files
[0.892s] Level 1:colcon.colcon_core.shell:create_environment_hook('ionic_demo', 'cmake_prefix_path')
[0.892s] INFO:colcon.colcon_core.shell:Creating environment hook '/home/stefano/dev/Costanza/ros2_ws/install/ionic_demo/share/ionic_demo/hook/cmake_prefix_path.ps1'
[0.892s] INFO:colcon.colcon_core.shell:Creating environment descriptor '/home/stefano/dev/Costanza/ros2_ws/install/ionic_demo/share/ionic_demo/hook/cmake_prefix_path.dsv'
[0.893s] INFO:colcon.colcon_core.shell:Creating environment hook '/home/stefano/dev/Costanza/ros2_ws/install/ionic_demo/share/ionic_demo/hook/cmake_prefix_path.sh'
[0.893s] Level 1:colcon.colcon_core.environment:checking '/home/stefano/dev/Costanza/ros2_ws/install/ionic_demo/bin'
[0.893s] Level 1:colcon.colcon_core.environment:checking '/home/stefano/dev/Costanza/ros2_ws/install/ionic_demo/lib/pkgconfig/ionic_demo.pc'
[0.894s] Level 1:colcon.colcon_core.environment:checking '/home/stefano/dev/Costanza/ros2_ws/install/ionic_demo/lib/python3.12/site-packages'
[0.894s] Level 1:colcon.colcon_core.environment:checking '/home/stefano/dev/Costanza/ros2_ws/install/ionic_demo/bin'
[0.894s] INFO:colcon.colcon_core.shell:Creating package script '/home/stefano/dev/Costanza/ros2_ws/install/ionic_demo/share/ionic_demo/package.ps1'
[0.895s] INFO:colcon.colcon_core.shell:Creating package descriptor '/home/stefano/dev/Costanza/ros2_ws/install/ionic_demo/share/ionic_demo/package.dsv'
[0.896s] INFO:colcon.colcon_core.shell:Creating package script '/home/stefano/dev/Costanza/ros2_ws/install/ionic_demo/share/ionic_demo/package.sh'
[0.896s] INFO:colcon.colcon_core.shell:Creating package script '/home/stefano/dev/Costanza/ros2_ws/install/ionic_demo/share/ionic_demo/package.bash'
[0.897s] INFO:colcon.colcon_core.shell:Creating package script '/home/stefano/dev/Costanza/ros2_ws/install/ionic_demo/share/ionic_demo/package.zsh'
[0.898s] Level 1:colcon.colcon_core.environment:create_file_with_runtime_dependencies(/home/stefano/dev/Costanza/ros2_ws/install/ionic_demo/share/colcon-core/packages/ionic_demo)
[0.899s] Level 1:colcon.colcon_core.environment:create_environment_scripts_only(ionic_demo)
[0.899s] Level 1:colcon.colcon_core.environment:checking '/home/stefano/dev/Costanza/ros2_ws/install/ionic_demo' for CMake module files
[0.899s] Level 1:colcon.colcon_core.environment:checking '/home/stefano/dev/Costanza/ros2_ws/install/ionic_demo' for CMake config files
[0.900s] Level 1:colcon.colcon_core.shell:create_environment_hook('ionic_demo', 'cmake_prefix_path')
[0.900s] INFO:colcon.colcon_core.shell:Creating environment hook '/home/stefano/dev/Costanza/ros2_ws/install/ionic_demo/share/ionic_demo/hook/cmake_prefix_path.ps1'
[0.900s] INFO:colcon.colcon_core.shell:Creating environment descriptor '/home/stefano/dev/Costanza/ros2_ws/install/ionic_demo/share/ionic_demo/hook/cmake_prefix_path.dsv'
[0.901s] INFO:colcon.colcon_core.shell:Creating environment hook '/home/stefano/dev/Costanza/ros2_ws/install/ionic_demo/share/ionic_demo/hook/cmake_prefix_path.sh'
[0.901s] Level 1:colcon.colcon_core.environment:checking '/home/stefano/dev/Costanza/ros2_ws/install/ionic_demo/bin'
[0.901s] Level 1:colcon.colcon_core.environment:checking '/home/stefano/dev/Costanza/ros2_ws/install/ionic_demo/lib/pkgconfig/ionic_demo.pc'
[0.902s] Level 1:colcon.colcon_core.environment:checking '/home/stefano/dev/Costanza/ros2_ws/install/ionic_demo/lib/python3.12/site-packages'
[0.902s] Level 1:colcon.colcon_core.environment:checking '/home/stefano/dev/Costanza/ros2_ws/install/ionic_demo/bin'
[0.902s] INFO:colcon.colcon_core.shell:Creating package script '/home/stefano/dev/Costanza/ros2_ws/install/ionic_demo/share/ionic_demo/package.ps1'
[0.903s] INFO:colcon.colcon_core.shell:Creating package descriptor '/home/stefano/dev/Costanza/ros2_ws/install/ionic_demo/share/ionic_demo/package.dsv'
[0.903s] INFO:colcon.colcon_core.shell:Creating package script '/home/stefano/dev/Costanza/ros2_ws/install/ionic_demo/share/ionic_demo/package.sh'
[0.904s] INFO:colcon.colcon_core.shell:Creating package script '/home/stefano/dev/Costanza/ros2_ws/install/ionic_demo/share/ionic_demo/package.bash'
[0.904s] INFO:colcon.colcon_core.shell:Creating package script '/home/stefano/dev/Costanza/ros2_ws/install/ionic_demo/share/ionic_demo/package.zsh'
[0.905s] Level 1:colcon.colcon_core.environment:create_file_with_runtime_dependencies(/home/stefano/dev/Costanza/ros2_ws/install/ionic_demo/share/colcon-core/packages/ionic_demo)
[1.286s] DEBUG:colcon.colcon_core.event_handler.log_command:Invoked command in '/home/stefano/dev/Costanza/ros2_ws/build/vicon_receiver' returned '0': CMAKE_PREFIX_PATH=${CMAKE_PREFIX_PATH}:/opt/ros/jazzy DEBUGINFOD_URLS=https://debuginfod.ubuntu.com /usr/bin/cmake --build /home/stefano/dev/Costanza/ros2_ws/build/vicon_receiver -- -j8 -l8
[1.288s] DEBUG:colcon.colcon_core.event_handler.log_command:Invoking command in '/home/stefano/dev/Costanza/ros2_ws/build/vicon_receiver': CMAKE_PREFIX_PATH=${CMAKE_PREFIX_PATH}:/opt/ros/jazzy DEBUGINFOD_URLS=https://debuginfod.ubuntu.com /usr/bin/cmake --install /home/stefano/dev/Costanza/ros2_ws/build/vicon_receiver
[1.370s] Level 1:colcon.colcon_core.environment:create_environment_scripts_only(vicon_receiver)
[1.370s] Level 1:colcon.colcon_core.environment:checking '/home/stefano/dev/Costanza/ros2_ws/install/vicon_receiver' for CMake module files
[1.370s] DEBUG:colcon.colcon_core.event_handler.log_command:Invoked command in '/home/stefano/dev/Costanza/ros2_ws/build/vicon_receiver' returned '0': CMAKE_PREFIX_PATH=${CMAKE_PREFIX_PATH}:/opt/ros/jazzy DEBUGINFOD_URLS=https://debuginfod.ubuntu.com /usr/bin/cmake --install /home/stefano/dev/Costanza/ros2_ws/build/vicon_receiver
[1.371s] Level 1:colcon.colcon_core.environment:checking '/home/stefano/dev/Costanza/ros2_ws/install/vicon_receiver' for CMake config files
[1.371s] Level 1:colcon.colcon_core.shell:create_environment_hook('vicon_receiver', 'cmake_prefix_path')
[1.371s] INFO:colcon.colcon_core.shell:Creating environment hook '/home/stefano/dev/Costanza/ros2_ws/install/vicon_receiver/share/vicon_receiver/hook/cmake_prefix_path.ps1'
[1.372s] INFO:colcon.colcon_core.shell:Creating environment descriptor '/home/stefano/dev/Costanza/ros2_ws/install/vicon_receiver/share/vicon_receiver/hook/cmake_prefix_path.dsv'
[1.372s] INFO:colcon.colcon_core.shell:Creating environment hook '/home/stefano/dev/Costanza/ros2_ws/install/vicon_receiver/share/vicon_receiver/hook/cmake_prefix_path.sh'
[1.372s] Level 1:colcon.colcon_core.environment:checking '/home/stefano/dev/Costanza/ros2_ws/install/vicon_receiver/lib'
[1.373s] Level 1:colcon.colcon_core.shell:create_environment_hook('vicon_receiver', 'ld_library_path_lib')
[1.373s] INFO:colcon.colcon_core.shell:Creating environment hook '/home/stefano/dev/Costanza/ros2_ws/install/vicon_receiver/share/vicon_receiver/hook/ld_library_path_lib.ps1'
[1.373s] INFO:colcon.colcon_core.shell:Creating environment descriptor '/home/stefano/dev/Costanza/ros2_ws/install/vicon_receiver/share/vicon_receiver/hook/ld_library_path_lib.dsv'
[1.373s] INFO:colcon.colcon_core.shell:Creating environment hook '/home/stefano/dev/Costanza/ros2_ws/install/vicon_receiver/share/vicon_receiver/hook/ld_library_path_lib.sh'
[1.373s] Level 1:colcon.colcon_core.environment:checking '/home/stefano/dev/Costanza/ros2_ws/install/vicon_receiver/bin'
[1.373s] Level 1:colcon.colcon_core.environment:checking '/home/stefano/dev/Costanza/ros2_ws/install/vicon_receiver/lib/pkgconfig/vicon_receiver.pc'
[1.374s] Level 1:colcon.colcon_core.environment:checking '/home/stefano/dev/Costanza/ros2_ws/install/vicon_receiver/lib/python3.12/site-packages'
[1.374s] Level 1:colcon.colcon_core.shell:create_environment_hook('vicon_receiver', 'pythonpath')
[1.374s] INFO:colcon.colcon_core.shell:Creating environment hook '/home/stefano/dev/Costanza/ros2_ws/install/vicon_receiver/share/vicon_receiver/hook/pythonpath.ps1'
[1.374s] INFO:colcon.colcon_core.shell:Creating environment descriptor '/home/stefano/dev/Costanza/ros2_ws/install/vicon_receiver/share/vicon_receiver/hook/pythonpath.dsv'
[1.374s] INFO:colcon.colcon_core.shell:Creating environment hook '/home/stefano/dev/Costanza/ros2_ws/install/vicon_receiver/share/vicon_receiver/hook/pythonpath.sh'
[1.375s] Level 1:colcon.colcon_core.environment:checking '/home/stefano/dev/Costanza/ros2_ws/install/vicon_receiver/bin'
[1.375s] INFO:colcon.colcon_core.shell:Creating package script '/home/stefano/dev/Costanza/ros2_ws/install/vicon_receiver/share/vicon_receiver/package.ps1'
[1.375s] INFO:colcon.colcon_core.shell:Creating package descriptor '/home/stefano/dev/Costanza/ros2_ws/install/vicon_receiver/share/vicon_receiver/package.dsv'
[1.376s] INFO:colcon.colcon_core.shell:Creating package script '/home/stefano/dev/Costanza/ros2_ws/install/vicon_receiver/share/vicon_receiver/package.sh'
[1.376s] INFO:colcon.colcon_core.shell:Creating package script '/home/stefano/dev/Costanza/ros2_ws/install/vicon_receiver/share/vicon_receiver/package.bash'
[1.376s] INFO:colcon.colcon_core.shell:Creating package script '/home/stefano/dev/Costanza/ros2_ws/install/vicon_receiver/share/vicon_receiver/package.zsh'
[1.376s] Level 1:colcon.colcon_core.environment:create_file_with_runtime_dependencies(/home/stefano/dev/Costanza/ros2_ws/install/vicon_receiver/share/colcon-core/packages/vicon_receiver)
[1.377s] Level 1:colcon.colcon_core.environment:create_environment_scripts_only(vicon_receiver)
[1.377s] Level 1:colcon.colcon_core.environment:checking '/home/stefano/dev/Costanza/ros2_ws/install/vicon_receiver' for CMake module files
[1.377s] Level 1:colcon.colcon_core.environment:checking '/home/stefano/dev/Costanza/ros2_ws/install/vicon_receiver' for CMake config files
[1.378s] Level 1:colcon.colcon_core.shell:create_environment_hook('vicon_receiver', 'cmake_prefix_path')
[1.378s] INFO:colcon.colcon_core.shell:Creating environment hook '/home/stefano/dev/Costanza/ros2_ws/install/vicon_receiver/share/vicon_receiver/hook/cmake_prefix_path.ps1'
[1.378s] INFO:colcon.colcon_core.shell:Creating environment descriptor '/home/stefano/dev/Costanza/ros2_ws/install/vicon_receiver/share/vicon_receiver/hook/cmake_prefix_path.dsv'
[1.378s] INFO:colcon.colcon_core.shell:Creating environment hook '/home/stefano/dev/Costanza/ros2_ws/install/vicon_receiver/share/vicon_receiver/hook/cmake_prefix_path.sh'
[1.379s] Level 1:colcon.colcon_core.environment:checking '/home/stefano/dev/Costanza/ros2_ws/install/vicon_receiver/lib'
[1.379s] Level 1:colcon.colcon_core.shell:create_environment_hook('vicon_receiver', 'ld_library_path_lib')
[1.379s] INFO:colcon.colcon_core.shell:Creating environment hook '/home/stefano/dev/Costanza/ros2_ws/install/vicon_receiver/share/vicon_receiver/hook/ld_library_path_lib.ps1'
[1.379s] INFO:colcon.colcon_core.shell:Creating environment descriptor '/home/stefano/dev/Costanza/ros2_ws/install/vicon_receiver/share/vicon_receiver/hook/ld_library_path_lib.dsv'
[1.379s] INFO:colcon.colcon_core.shell:Creating environment hook '/home/stefano/dev/Costanza/ros2_ws/install/vicon_receiver/share/vicon_receiver/hook/ld_library_path_lib.sh'
[1.379s] Level 1:colcon.colcon_core.environment:checking '/home/stefano/dev/Costanza/ros2_ws/install/vicon_receiver/bin'
[1.379s] Level 1:colcon.colcon_core.environment:checking '/home/stefano/dev/Costanza/ros2_ws/install/vicon_receiver/lib/pkgconfig/vicon_receiver.pc'
[1.380s] Level 1:colcon.colcon_core.environment:checking '/home/stefano/dev/Costanza/ros2_ws/install/vicon_receiver/lib/python3.12/site-packages'
[1.380s] Level 1:colcon.colcon_core.shell:create_environment_hook('vicon_receiver', 'pythonpath')
[1.380s] INFO:colcon.colcon_core.shell:Creating environment hook '/home/stefano/dev/Costanza/ros2_ws/install/vicon_receiver/share/vicon_receiver/hook/pythonpath.ps1'
[1.380s] INFO:colcon.colcon_core.shell:Creating environment descriptor '/home/stefano/dev/Costanza/ros2_ws/install/vicon_receiver/share/vicon_receiver/hook/pythonpath.dsv'
[1.380s] INFO:colcon.colcon_core.shell:Creating environment hook '/home/stefano/dev/Costanza/ros2_ws/install/vicon_receiver/share/vicon_receiver/hook/pythonpath.sh'
[1.381s] Level 1:colcon.colcon_core.environment:checking '/home/stefano/dev/Costanza/ros2_ws/install/vicon_receiver/bin'
[1.381s] INFO:colcon.colcon_core.shell:Creating package script '/home/stefano/dev/Costanza/ros2_ws/install/vicon_receiver/share/vicon_receiver/package.ps1'
[1.381s] INFO:colcon.colcon_core.shell:Creating package descriptor '/home/stefano/dev/Costanza/ros2_ws/install/vicon_receiver/share/vicon_receiver/package.dsv'
[1.382s] INFO:colcon.colcon_core.shell:Creating package script '/home/stefano/dev/Costanza/ros2_ws/install/vicon_receiver/share/vicon_receiver/package.sh'
[1.382s] INFO:colcon.colcon_core.shell:Creating package script '/home/stefano/dev/Costanza/ros2_ws/install/vicon_receiver/share/vicon_receiver/package.bash'
[1.382s] INFO:colcon.colcon_core.shell:Creating package script '/home/stefano/dev/Costanza/ros2_ws/install/vicon_receiver/share/vicon_receiver/package.zsh'
[1.382s] Level 1:colcon.colcon_core.environment:create_file_with_runtime_dependencies(/home/stefano/dev/Costanza/ros2_ws/install/vicon_receiver/share/colcon-core/packages/vicon_receiver)
[1.573s] DEBUG:colcon.colcon_core.event_handler.log_command:Invoking command in '/home/stefano/dev/Costanza/ros2_ws/src/multirobot_spawn_obs': DEBUGINFOD_URLS=https://debuginfod.ubuntu.com PYTHONPATH=/home/stefano/dev/Costanza/ros2_ws/build/multirobot_spawn_obs/prefix_override:/usr/lib/python3/dist-packages/colcon_core/task/python/colcon_distutils_commands:/home/stefano/dev/Costanza/ros2_ws/install/multirobot_spawn_obs/lib/python3.12/site-packages:${PYTHONPATH} /usr/bin/python3 -W ignore:setup.py install is deprecated -W ignore:easy_install command is deprecated setup.py egg_info --egg-base ../../build/multirobot_spawn_obs build --build-base /home/stefano/dev/Costanza/ros2_ws/build/multirobot_spawn_obs/build install --record /home/stefano/dev/Costanza/ros2_ws/build/multirobot_spawn_obs/install.log --single-version-externally-managed install_data
[1.575s] DEBUG:colcon.colcon_core.event_handler.log_command:Invoking command in '/home/stefano/dev/Costanza/ros2_ws/src/robot_controller': DEBUGINFOD_URLS=https://debuginfod.ubuntu.com PYTHONPATH=/home/stefano/dev/Costanza/ros2_ws/build/robot_controller/prefix_override:/usr/lib/python3/dist-packages/colcon_core/task/python/colcon_distutils_commands:/home/stefano/dev/Costanza/ros2_ws/install/robot_controller/lib/python3.12/site-packages:${PYTHONPATH} /usr/bin/python3 -W ignore:setup.py install is deprecated -W ignore:easy_install command is deprecated setup.py egg_info --egg-base ../../build/robot_controller build --build-base /home/stefano/dev/Costanza/ros2_ws/build/robot_controller/build install --record /home/stefano/dev/Costanza/ros2_ws/build/robot_controller/install.log --single-version-externally-managed install_data
[1.577s] DEBUG:colcon.colcon_core.event_handler.log_command:Invoking command in '/home/stefano/dev/Costanza/ros2_ws/src/multirobot_spawn': DEBUGINFOD_URLS=https://debuginfod.ubuntu.com PYTHONPATH=/home/stefano/dev/Costanza/ros2_ws/build/multirobot_spawn/prefix_override:/usr/lib/python3/dist-packages/colcon_core/task/python/colcon_distutils_commands:/home/stefano/dev/Costanza/ros2_ws/install/multirobot_spawn/lib/python3.12/site-packages:${PYTHONPATH} /usr/bin/python3 -W ignore:setup.py install is deprecated -W ignore:easy_install command is deprecated setup.py egg_info --egg-base ../../build/multirobot_spawn build --build-base /home/stefano/dev/Costanza/ros2_ws/build/multirobot_spawn/build install --record /home/stefano/dev/Costanza/ros2_ws/build/multirobot_spawn/install.log --single-version-externally-managed install_data
[1.579s] DEBUG:colcon.colcon_core.event_handler.log_command:Invoking command in '/home/stefano/dev/Costanza/ros2_ws/src/shepherding_control': DEBUGINFOD_URLS=https://debuginfod.ubuntu.com PYTHONPATH=/home/stefano/dev/Costanza/ros2_ws/build/shepherding_control/prefix_override:/usr/lib/python3/dist-packages/colcon_core/task/python/colcon_distutils_commands:/home/stefano/dev/Costanza/ros2_ws/install/shepherding_control/lib/python3.12/site-packages:${PYTHONPATH} /usr/bin/python3 -W ignore:setup.py install is deprecated -W ignore:easy_install command is deprecated setup.py egg_info --egg-base ../../build/shepherding_control build --build-base /home/stefano/dev/Costanza/ros2_ws/build/shepherding_control/build install --record /home/stefano/dev/Costanza/ros2_ws/build/shepherding_control/install.log --single-version-externally-managed install_data
[2.000s] Level 1:colcon.colcon_core.environment:checking '/home/stefano/dev/Costanza/ros2_ws/install/multirobot_spawn_obs' for CMake module files
[2.000s] DEBUG:colcon.colcon_core.event_handler.log_command:Invoked command in '/home/stefano/dev/Costanza/ros2_ws/src/multirobot_spawn_obs' returned '0': DEBUGINFOD_URLS=https://debuginfod.ubuntu.com PYTHONPATH=/home/stefano/dev/Costanza/ros2_ws/build/multirobot_spawn_obs/prefix_override:/usr/lib/python3/dist-packages/colcon_core/task/python/colcon_distutils_commands:/home/stefano/dev/Costanza/ros2_ws/install/multirobot_spawn_obs/lib/python3.12/site-packages:${PYTHONPATH} /usr/bin/python3 -W ignore:setup.py install is deprecated -W ignore:easy_install command is deprecated setup.py egg_info --egg-base ../../build/multirobot_spawn_obs build --build-base /home/stefano/dev/Costanza/ros2_ws/build/multirobot_spawn_obs/build install --record /home/stefano/dev/Costanza/ros2_ws/build/multirobot_spawn_obs/install.log --single-version-externally-managed install_data
[2.001s] Level 1:colcon.colcon_core.environment:checking '/home/stefano/dev/Costanza/ros2_ws/install/multirobot_spawn_obs' for CMake config files
[2.001s] Level 1:colcon.colcon_core.environment:checking '/home/stefano/dev/Costanza/ros2_ws/install/multirobot_spawn_obs/lib'
[2.001s] Level 1:colcon.colcon_core.environment:checking '/home/stefano/dev/Costanza/ros2_ws/install/multirobot_spawn_obs/bin'
[2.001s] Level 1:colcon.colcon_core.environment:checking '/home/stefano/dev/Costanza/ros2_ws/install/multirobot_spawn_obs/lib/pkgconfig/multirobot_spawn_obs.pc'
[2.001s] Level 1:colcon.colcon_core.environment:checking '/home/stefano/dev/Costanza/ros2_ws/install/multirobot_spawn_obs/lib/python3.12/site-packages'
[2.002s] Level 1:colcon.colcon_core.shell:create_environment_hook('multirobot_spawn_obs', 'pythonpath')
[2.002s] INFO:colcon.colcon_core.shell:Creating environment hook '/home/stefano/dev/Costanza/ros2_ws/install/multirobot_spawn_obs/share/multirobot_spawn_obs/hook/pythonpath.ps1'
[2.002s] INFO:colcon.colcon_core.shell:Creating environment descriptor '/home/stefano/dev/Costanza/ros2_ws/install/multirobot_spawn_obs/share/multirobot_spawn_obs/hook/pythonpath.dsv'
[2.003s] INFO:colcon.colcon_core.shell:Creating environment hook '/home/stefano/dev/Costanza/ros2_ws/install/multirobot_spawn_obs/share/multirobot_spawn_obs/hook/pythonpath.sh'
[2.003s] Level 1:colcon.colcon_core.environment:checking '/home/stefano/dev/Costanza/ros2_ws/install/multirobot_spawn_obs/bin'
[2.003s] Level 1:colcon.colcon_core.environment:create_environment_scripts_only(multirobot_spawn_obs)
[2.003s] INFO:colcon.colcon_core.shell:Creating package script '/home/stefano/dev/Costanza/ros2_ws/install/multirobot_spawn_obs/share/multirobot_spawn_obs/package.ps1'
[2.004s] INFO:colcon.colcon_core.shell:Creating package descriptor '/home/stefano/dev/Costanza/ros2_ws/install/multirobot_spawn_obs/share/multirobot_spawn_obs/package.dsv'
[2.004s] INFO:colcon.colcon_core.shell:Creating package script '/home/stefano/dev/Costanza/ros2_ws/install/multirobot_spawn_obs/share/multirobot_spawn_obs/package.sh'
[2.004s] INFO:colcon.colcon_core.shell:Creating package script '/home/stefano/dev/Costanza/ros2_ws/install/multirobot_spawn_obs/share/multirobot_spawn_obs/package.bash'
[2.005s] INFO:colcon.colcon_core.shell:Creating package script '/home/stefano/dev/Costanza/ros2_ws/install/multirobot_spawn_obs/share/multirobot_spawn_obs/package.zsh'
[2.005s] Level 1:colcon.colcon_core.environment:create_file_with_runtime_dependencies(/home/stefano/dev/Costanza/ros2_ws/install/multirobot_spawn_obs/share/colcon-core/packages/multirobot_spawn_obs)
[2.020s] Level 1:colcon.colcon_core.environment:checking '/home/stefano/dev/Costanza/ros2_ws/install/multirobot_spawn' for CMake module files
[2.021s] DEBUG:colcon.colcon_core.event_handler.log_command:Invoked command in '/home/stefano/dev/Costanza/ros2_ws/src/multirobot_spawn' returned '0': DEBUGINFOD_URLS=https://debuginfod.ubuntu.com PYTHONPATH=/home/stefano/dev/Costanza/ros2_ws/build/multirobot_spawn/prefix_override:/usr/lib/python3/dist-packages/colcon_core/task/python/colcon_distutils_commands:/home/stefano/dev/Costanza/ros2_ws/install/multirobot_spawn/lib/python3.12/site-packages:${PYTHONPATH} /usr/bin/python3 -W ignore:setup.py install is deprecated -W ignore:easy_install command is deprecated setup.py egg_info --egg-base ../../build/multirobot_spawn build --build-base /home/stefano/dev/Costanza/ros2_ws/build/multirobot_spawn/build install --record /home/stefano/dev/Costanza/ros2_ws/build/multirobot_spawn/install.log --single-version-externally-managed install_data
[2.021s] Level 1:colcon.colcon_core.environment:checking '/home/stefano/dev/Costanza/ros2_ws/install/multirobot_spawn' for CMake config files
[2.021s] Level 1:colcon.colcon_core.environment:checking '/home/stefano/dev/Costanza/ros2_ws/install/multirobot_spawn/lib'
[2.021s] Level 1:colcon.colcon_core.environment:checking '/home/stefano/dev/Costanza/ros2_ws/install/multirobot_spawn/bin'
[2.021s] Level 1:colcon.colcon_core.environment:checking '/home/stefano/dev/Costanza/ros2_ws/install/multirobot_spawn/lib/pkgconfig/multirobot_spawn.pc'
[2.022s] Level 1:colcon.colcon_core.environment:checking '/home/stefano/dev/Costanza/ros2_ws/install/multirobot_spawn/lib/python3.12/site-packages'
[2.022s] Level 1:colcon.colcon_core.shell:create_environment_hook('multirobot_spawn', 'pythonpath')
[2.022s] INFO:colcon.colcon_core.shell:Creating environment hook '/home/stefano/dev/Costanza/ros2_ws/install/multirobot_spawn/share/multirobot_spawn/hook/pythonpath.ps1'
[2.022s] INFO:colcon.colcon_core.shell:Creating environment descriptor '/home/stefano/dev/Costanza/ros2_ws/install/multirobot_spawn/share/multirobot_spawn/hook/pythonpath.dsv'
[2.022s] INFO:colcon.colcon_core.shell:Creating environment hook '/home/stefano/dev/Costanza/ros2_ws/install/multirobot_spawn/share/multirobot_spawn/hook/pythonpath.sh'
[2.023s] Level 1:colcon.colcon_core.environment:checking '/home/stefano/dev/Costanza/ros2_ws/install/multirobot_spawn/bin'
[2.023s] Level 1:colcon.colcon_core.environment:create_environment_scripts_only(multirobot_spawn)
[2.023s] INFO:colcon.colcon_core.shell:Creating package script '/home/stefano/dev/Costanza/ros2_ws/install/multirobot_spawn/share/multirobot_spawn/package.ps1'
[2.024s] INFO:colcon.colcon_core.shell:Creating package descriptor '/home/stefano/dev/Costanza/ros2_ws/install/multirobot_spawn/share/multirobot_spawn/package.dsv'
[2.024s] INFO:colcon.colcon_core.shell:Creating package script '/home/stefano/dev/Costanza/ros2_ws/install/multirobot_spawn/share/multirobot_spawn/package.sh'
[2.024s] INFO:colcon.colcon_core.shell:Creating package script '/home/stefano/dev/Costanza/ros2_ws/install/multirobot_spawn/share/multirobot_spawn/package.bash'
[2.025s] INFO:colcon.colcon_core.shell:Creating package script '/home/stefano/dev/Costanza/ros2_ws/install/multirobot_spawn/share/multirobot_spawn/package.zsh'
[2.025s] Level 1:colcon.colcon_core.environment:create_file_with_runtime_dependencies(/home/stefano/dev/Costanza/ros2_ws/install/multirobot_spawn/share/colcon-core/packages/multirobot_spawn)
[2.039s] Level 1:colcon.colcon_core.environment:checking '/home/stefano/dev/Costanza/ros2_ws/install/shepherding_control' for CMake module files
[2.040s] DEBUG:colcon.colcon_core.event_handler.log_command:Invoked command in '/home/stefano/dev/Costanza/ros2_ws/src/shepherding_control' returned '0': DEBUGINFOD_URLS=https://debuginfod.ubuntu.com PYTHONPATH=/home/stefano/dev/Costanza/ros2_ws/build/shepherding_control/prefix_override:/usr/lib/python3/dist-packages/colcon_core/task/python/colcon_distutils_commands:/home/stefano/dev/Costanza/ros2_ws/install/shepherding_control/lib/python3.12/site-packages:${PYTHONPATH} /usr/bin/python3 -W ignore:setup.py install is deprecated -W ignore:easy_install command is deprecated setup.py egg_info --egg-base ../../build/shepherding_control build --build-base /home/stefano/dev/Costanza/ros2_ws/build/shepherding_control/build install --record /home/stefano/dev/Costanza/ros2_ws/build/shepherding_control/install.log --single-version-externally-managed install_data
[2.040s] Level 1:colcon.colcon_core.environment:checking '/home/stefano/dev/Costanza/ros2_ws/install/shepherding_control' for CMake config files
[2.041s] Level 1:colcon.colcon_core.environment:checking '/home/stefano/dev/Costanza/ros2_ws/install/shepherding_control/lib'
[2.041s] Level 1:colcon.colcon_core.environment:checking '/home/stefano/dev/Costanza/ros2_ws/install/shepherding_control/bin'
[2.041s] Level 1:colcon.colcon_core.environment:checking '/home/stefano/dev/Costanza/ros2_ws/install/shepherding_control/lib/pkgconfig/shepherding_control.pc'
[2.041s] Level 1:colcon.colcon_core.environment:checking '/home/stefano/dev/Costanza/ros2_ws/install/shepherding_control/lib/python3.12/site-packages'
[2.041s] Level 1:colcon.colcon_core.shell:create_environment_hook('shepherding_control', 'pythonpath')
[2.041s] INFO:colcon.colcon_core.shell:Creating environment hook '/home/stefano/dev/Costanza/ros2_ws/install/shepherding_control/share/shepherding_control/hook/pythonpath.ps1'
[2.042s] INFO:colcon.colcon_core.shell:Creating environment descriptor '/home/stefano/dev/Costanza/ros2_ws/install/shepherding_control/share/shepherding_control/hook/pythonpath.dsv'
[2.042s] INFO:colcon.colcon_core.shell:Creating environment hook '/home/stefano/dev/Costanza/ros2_ws/install/shepherding_control/share/shepherding_control/hook/pythonpath.sh'
[2.043s] Level 1:colcon.colcon_core.environment:checking '/home/stefano/dev/Costanza/ros2_ws/install/shepherding_control/bin'
[2.043s] Level 1:colcon.colcon_core.environment:create_environment_scripts_only(shepherding_control)
[2.043s] INFO:colcon.colcon_core.shell:Creating package script '/home/stefano/dev/Costanza/ros2_ws/install/shepherding_control/share/shepherding_control/package.ps1'
[2.044s] INFO:colcon.colcon_core.shell:Creating package descriptor '/home/stefano/dev/Costanza/ros2_ws/install/shepherding_control/share/shepherding_control/package.dsv'
[2.044s] INFO:colcon.colcon_core.shell:Creating package script '/home/stefano/dev/Costanza/ros2_ws/install/shepherding_control/share/shepherding_control/package.sh'
[2.044s] INFO:colcon.colcon_core.shell:Creating package script '/home/stefano/dev/Costanza/ros2_ws/install/shepherding_control/share/shepherding_control/package.bash'
[2.044s] INFO:colcon.colcon_core.shell:Creating package script '/home/stefano/dev/Costanza/ros2_ws/install/shepherding_control/share/shepherding_control/package.zsh'
[2.045s] Level 1:colcon.colcon_core.environment:create_file_with_runtime_dependencies(/home/stefano/dev/Costanza/ros2_ws/install/shepherding_control/share/colcon-core/packages/shepherding_control)
[2.051s] Level 1:colcon.colcon_core.environment:checking '/home/stefano/dev/Costanza/ros2_ws/install/robot_controller' for CMake module files
[2.052s] DEBUG:colcon.colcon_core.event_handler.log_command:Invoked command in '/home/stefano/dev/Costanza/ros2_ws/src/robot_controller' returned '0': DEBUGINFOD_URLS=https://debuginfod.ubuntu.com PYTHONPATH=/home/stefano/dev/Costanza/ros2_ws/build/robot_controller/prefix_override:/usr/lib/python3/dist-packages/colcon_core/task/python/colcon_distutils_commands:/home/stefano/dev/Costanza/ros2_ws/install/robot_controller/lib/python3.12/site-packages:${PYTHONPATH} /usr/bin/python3 -W ignore:setup.py install is deprecated -W ignore:easy_install command is deprecated setup.py egg_info --egg-base ../../build/robot_controller build --build-base /home/stefano/dev/Costanza/ros2_ws/build/robot_controller/build install --record /home/stefano/dev/Costanza/ros2_ws/build/robot_controller/install.log --single-version-externally-managed install_data
[2.052s] Level 1:colcon.colcon_core.environment:checking '/home/stefano/dev/Costanza/ros2_ws/install/robot_controller' for CMake config files
[2.052s] Level 1:colcon.colcon_core.environment:checking '/home/stefano/dev/Costanza/ros2_ws/install/robot_controller/lib'
[2.053s] Level 1:colcon.colcon_core.environment:checking '/home/stefano/dev/Costanza/ros2_ws/install/robot_controller/bin'
[2.053s] Level 1:colcon.colcon_core.environment:checking '/home/stefano/dev/Costanza/ros2_ws/install/robot_controller/lib/pkgconfig/robot_controller.pc'
[2.053s] Level 1:colcon.colcon_core.environment:checking '/home/stefano/dev/Costanza/ros2_ws/install/robot_controller/lib/python3.12/site-packages'
[2.053s] Level 1:colcon.colcon_core.shell:create_environment_hook('robot_controller', 'pythonpath')
[2.053s] INFO:colcon.colcon_core.shell:Creating environment hook '/home/stefano/dev/Costanza/ros2_ws/install/robot_controller/share/robot_controller/hook/pythonpath.ps1'
[2.053s] INFO:colcon.colcon_core.shell:Creating environment descriptor '/home/stefano/dev/Costanza/ros2_ws/install/robot_controller/share/robot_controller/hook/pythonpath.dsv'
[2.054s] INFO:colcon.colcon_core.shell:Creating environment hook '/home/stefano/dev/Costanza/ros2_ws/install/robot_controller/share/robot_controller/hook/pythonpath.sh'
[2.054s] Level 1:colcon.colcon_core.environment:checking '/home/stefano/dev/Costanza/ros2_ws/install/robot_controller/bin'
[2.054s] Level 1:colcon.colcon_core.environment:create_environment_scripts_only(robot_controller)
[2.054s] INFO:colcon.colcon_core.shell:Creating package script '/home/stefano/dev/Costanza/ros2_ws/install/robot_controller/share/robot_controller/package.ps1'
[2.054s] INFO:colcon.colcon_core.shell:Creating package descriptor '/home/stefano/dev/Costanza/ros2_ws/install/robot_controller/share/robot_controller/package.dsv'
[2.055s] INFO:colcon.colcon_core.shell:Creating package script '/home/stefano/dev/Costanza/ros2_ws/install/robot_controller/share/robot_controller/package.sh'
[2.055s] INFO:colcon.colcon_core.shell:Creating package script '/home/stefano/dev/Costanza/ros2_ws/install/robot_controller/share/robot_controller/package.bash'
[2.055s] INFO:colcon.colcon_core.shell:Creating package script '/home/stefano/dev/Costanza/ros2_ws/install/robot_controller/share/robot_controller/package.zsh'
[2.055s] Level 1:colcon.colcon_core.environment:create_file_with_runtime_dependencies(/home/stefano/dev/Costanza/ros2_ws/install/robot_controller/share/colcon-core/packages/robot_controller)
[2.055s] DEBUG:colcon.colcon_parallel_executor.executor.parallel:closing loop
[2.056s] DEBUG:colcon.colcon_parallel_executor.executor.parallel:loop closed
[2.056s] DEBUG:colcon.colcon_parallel_executor.executor.parallel:run_until_complete finished with '0'
[2.056s] DEBUG:colcon.colcon_core.event_reactor:joining thread
[2.061s] INFO:colcon.colcon_core.plugin_system:Skipping extension 'colcon_notification.desktop_notification.terminal_notifier': Not used on non-Darwin systems
[2.061s] INFO:colcon.colcon_core.plugin_system:Skipping extension 'colcon_notification.desktop_notification.win32': Not used on non-Windows systems
[2.061s] INFO:colcon.colcon_notification.desktop_notification:Sending desktop notification using 'notify2'
[2.077s] DEBUG:colcon.colcon_core.event_reactor:joined thread
[2.078s] INFO:colcon.colcon_core.shell:Creating prefix script '/home/stefano/dev/Costanza/ros2_ws/install/local_setup.ps1'
[2.078s] INFO:colcon.colcon_core.shell:Creating prefix util module '/home/stefano/dev/Costanza/ros2_ws/install/_local_setup_util_ps1.py'
[2.080s] INFO:colcon.colcon_core.shell:Creating prefix chain script '/home/stefano/dev/Costanza/ros2_ws/install/setup.ps1'
[2.080s] INFO:colcon.colcon_core.shell:Creating prefix script '/home/stefano/dev/Costanza/ros2_ws/install/local_setup.sh'
[2.081s] INFO:colcon.colcon_core.shell:Creating prefix util module '/home/stefano/dev/Costanza/ros2_ws/install/_local_setup_util_sh.py'
[2.081s] INFO:colcon.colcon_core.shell:Creating prefix chain script '/home/stefano/dev/Costanza/ros2_ws/install/setup.sh'
[2.082s] INFO:colcon.colcon_core.shell:Creating prefix script '/home/stefano/dev/Costanza/ros2_ws/install/local_setup.bash'
[2.082s] INFO:colcon.colcon_core.shell:Creating prefix chain script '/home/stefano/dev/Costanza/ros2_ws/install/setup.bash'
[2.083s] INFO:colcon.colcon_core.shell:Creating prefix script '/home/stefano/dev/Costanza/ros2_ws/install/local_setup.zsh'
[2.084s] INFO:colcon.colcon_core.shell:Creating prefix chain script '/home/stefano/dev/Costanza/ros2_ws/install/setup.zsh'
