timestamp,H1_x,H1_y,H1_theta,T1_x,T1_y,T1_theta,O1_x,O1_y,O1_theta
2025-09-11T16:26:39.396+02:00,-562.2201538085938,-173.5726318359375,-1.032164216041565,62.605072021484375,-1011.697509765625,-2.6963295936584473,109.58809661865234,-618.8356323242188,0.2934114634990692
2025-09-11T16:26:39.416+02:00,-562.2201538085938,-173.5726318359375,-1.032164216041565,62.605072021484375,-1011.697509765625,-2.6963295936584473,109.58809661865234,-618.8356323242188,0.2934114634990692
2025-09-11T16:26:39.436+02:00,-562.2201538085938,-173.5726318359375,-1.032164216041565,62.605072021484375,-1011.697509765625,-2.6963295936584473,109.58809661865234,-618.8356323242188,0.2934114634990692
2025-09-11T16:26:39.456+02:00,-562.095947265625,-173.65457153320312,-1.033207654953003,62.605690002441406,-1011.7110595703125,-2.6963257789611816,109.58171081542969,-618.8554077148438,0.29334840178489685
2025-09-11T16:26:39.476+02:00,-562.095947265625,-173.65457153320312,-1.033207654953003,62.605690002441406,-1011.7110595703125,-2.6963257789611816,109.58171081542969,-618.8554077148438,0.29334840178489685
2025-09-11T16:26:39.496+02:00,-562.095947265625,-173.65457153320312,-1.033207654953003,62.605690002441406,-1011.7110595703125,-2.6963257789611816,109.58171081542969,-618.8554077148438,0.29334840178489685
2025-09-11T16:26:39.516+02:00,-562.095947265625,-173.65457153320312,-1.033207654953003,62.605690002441406,-1011.7110595703125,-2.6963257789611816,109.58171081542969,-618.8554077148438,0.29334840178489685
2025-09-11T16:26:39.536+02:00,-562.095947265625,-173.65457153320312,-1.033207654953003,62.605690002441406,-1011.7110595703125,-2.6963257789611816,109.58171081542969,-618.8554077148438,0.29334840178489685
2025-09-11T16:26:39.556+02:00,-562.2529907226562,-173.36114501953125,-1.0321297645568848,62.558677673339844,-1011.7069702148438,-2.6964566707611084,109.59463500976562,-618.8358764648438,0.29334211349487305
2025-09-11T16:26:39.576+02:00,-562.2529907226562,-173.36114501953125,-1.0321297645568848,62.558677673339844,-1011.7069702148438,-2.6964566707611084,109.59463500976562,-618.8358764648438,0.29334211349487305
2025-09-11T16:26:39.659+02:00,-562.2529907226562,-173.36114501953125,-1.0321297645568848,62.558677673339844,-1011.7069702148438,-2.6964566707611084,109.59463500976562,-618.8358764648438,0.29334211349487305
2025-09-11T16:26:39.676+02:00,-562.2529907226562,-173.36114501953125,-1.0321297645568848,62.558677673339844,-1011.7069702148438,-2.6964566707611084,109.59463500976562,-618.8358764648438,0.29334211349487305
2025-09-11T16:26:39.696+02:00,-562.2529907226562,-173.36114501953125,-1.0321297645568848,62.558677673339844,-1011.7069702148438,-2.6964566707611084,109.59463500976562,-618.8358764648438,0.29334211349487305
2025-09-11T16:26:39.716+02:00,-562.2529907226562,-173.36114501953125,-1.0321297645568848,62.558677673339844,-1011.7069702148438,-2.6964566707611084,109.59463500976562,-618.8358764648438,0.29334211349487305
2025-09-11T16:26:39.736+02:00,-562.2529907226562,-173.36114501953125,-1.0321297645568848,62.558677673339844,-1011.7069702148438,-2.6964566707611084,109.59463500976562,-618.8358764648438,0.29334211349487305
2025-09-11T16:26:39.756+02:00,-562.2529907226562,-173.36114501953125,-1.0321297645568848,62.558677673339844,-1011.7069702148438,-2.6964566707611084,109.59463500976562,-618.8358764648438,0.29334211349487305
2025-09-11T16:26:39.776+02:00,-562.2529907226562,-173.36114501953125,-1.0321297645568848,62.558677673339844,-1011.7069702148438,-2.6964566707611084,109.59463500976562,-618.8358764648438,0.29334211349487305
2025-09-11T16:26:39.796+02:00,-562.2529907226562,-173.36114501953125,-1.0321297645568848,62.558677673339844,-1011.7069702148438,-2.6964566707611084,109.59463500976562,-618.8358764648438,0.29334211349487305
2025-09-11T16:26:39.816+02:00,-562.2529907226562,-173.36114501953125,-1.0321297645568848,62.558677673339844,-1011.7069702148438,-2.6964566707611084,109.59463500976562,-618.8358764648438,0.29334211349487305
2025-09-11T16:26:39.836+02:00,-562.2529907226562,-173.36114501953125,-1.0321297645568848,62.558677673339844,-1011.7069702148438,-2.6964566707611084,109.59463500976562,-618.8358764648438,0.29334211349487305
2025-09-11T16:26:39.856+02:00,-562.2650146484375,-173.53717041015625,-1.0294641256332397,62.55668640136719,-1011.6881103515625,-2.697157621383667,109.58494567871094,-618.8196411132812,0.2933524250984192
2025-09-11T16:26:39.876+02:00,-562.2650146484375,-173.53717041015625,-1.0294641256332397,62.55668640136719,-1011.6881103515625,-2.697157621383667,109.58494567871094,-618.8196411132812,0.2933524250984192
2025-09-11T16:26:39.896+02:00,-562.2650146484375,-173.53717041015625,-1.0294641256332397,62.55668640136719,-1011.6881103515625,-2.697157621383667,109.58494567871094,-618.8196411132812,0.2933524250984192
2025-09-11T16:26:39.916+02:00,-562.2650146484375,-173.53717041015625,-1.0294641256332397,62.55668640136719,-1011.6881103515625,-2.697157621383667,109.58494567871094,-618.8196411132812,0.2933524250984192
2025-09-11T16:26:39.936+02:00,-562.2650146484375,-173.53717041015625,-1.0294641256332397,62.55668640136719,-1011.6881103515625,-2.697157621383667,109.58494567871094,-618.8196411132812,0.2933524250984192
2025-09-11T16:26:39.956+02:00,-562.2650146484375,-173.53717041015625,-1.0294641256332397,62.55668640136719,-1011.6881103515625,-2.697157621383667,109.58494567871094,-618.8196411132812,0.2933524250984192
2025-09-11T16:26:39.976+02:00,-562.2650146484375,-173.53717041015625,-1.0294641256332397,62.55668640136719,-1011.6881103515625,-2.697157621383667,109.58494567871094,-618.8196411132812,0.2933524250984192
2025-09-11T16:26:39.996+02:00,-562.2650146484375,-173.53717041015625,-1.0294641256332397,62.55668640136719,-1011.6881103515625,-2.697157621383667,109.58494567871094,-618.8196411132812,0.2933524250984192
2025-09-11T16:26:40.016+02:00,-562.2650146484375,-173.53717041015625,-1.0294641256332397,62.55668640136719,-1011.6881103515625,-2.697157621383667,109.58494567871094,-618.8196411132812,0.2933524250984192
2025-09-11T16:26:40.036+02:00,-562.2650146484375,-173.53717041015625,-1.0294641256332397,62.55668640136719,-1011.6881103515625,-2.697157621383667,109.58494567871094,-618.8196411132812,0.2933524250984192
2025-09-11T16:26:40.056+02:00,-562.2650146484375,-173.53717041015625,-1.0294641256332397,62.55668640136719,-1011.6881103515625,-2.697157621383667,109.58494567871094,-618.8196411132812,0.2933524250984192
2025-09-11T16:26:40.076+02:00,-562.2650146484375,-173.53717041015625,-1.0294641256332397,62.55668640136719,-1011.6881103515625,-2.697157621383667,109.58494567871094,-618.8196411132812,0.2933524250984192
2025-09-11T16:26:40.096+02:00,-562.2335815429688,-173.4678497314453,-1.0328940153121948,62.585994720458984,-1011.6961669921875,-2.6962969303131104,109.59839630126953,-618.8309326171875,0.29334986209869385
2025-09-11T16:26:40.116+02:00,-562.2335815429688,-173.4678497314453,-1.0328940153121948,62.585994720458984,-1011.6961669921875,-2.6962969303131104,109.59839630126953,-618.8309326171875,0.29334986209869385
2025-09-11T16:26:40.136+02:00,-562.1610107421875,-173.50997924804688,-1.0304741859436035,62.556556701660156,-1011.673583984375,-2.6973795890808105,109.60514068603516,-618.849853515625,0.29340219497680664
2025-09-11T16:26:40.156+02:00,-562.1610107421875,-173.50997924804688,-1.0304741859436035,62.556556701660156,-1011.673583984375,-2.6973795890808105,109.60514068603516,-618.849853515625,0.29340219497680664
2025-09-11T16:26:40.176+02:00,-562.1610107421875,-173.50997924804688,-1.0304741859436035,62.556556701660156,-1011.673583984375,-2.6973795890808105,109.60514068603516,-618.849853515625,0.29340219497680664
2025-09-11T16:26:40.196+02:00,-562.1610107421875,-173.50997924804688,-1.0304741859436035,62.556556701660156,-1011.673583984375,-2.6973795890808105,109.60514068603516,-618.849853515625,0.29340219497680664
2025-09-11T16:26:40.216+02:00,-562.1610107421875,-173.50997924804688,-1.0304741859436035,62.556556701660156,-1011.673583984375,-2.6973795890808105,109.60514068603516,-618.849853515625,0.29340219497680664
2025-09-11T16:26:40.236+02:00,-562.1610107421875,-173.50997924804688,-1.0304741859436035,62.556556701660156,-1011.673583984375,-2.6973795890808105,109.60514068603516,-618.849853515625,0.29340219497680664
2025-09-11T16:26:40.256+02:00,-562.2631225585938,-173.6961212158203,-1.0284755229949951,62.56101608276367,-1011.7051391601562,-2.6966519355773926,109.5911636352539,-618.8327026367188,0.2933568060398102
2025-09-11T16:26:40.276+02:00,-562.093505859375,-173.81520080566406,-1.0315908193588257,62.5822868347168,-1011.69775390625,-2.696502923965454,109.61145782470703,-618.7994995117188,0.2932288944721222
2025-09-11T16:26:40.296+02:00,-562.093505859375,-173.81520080566406,-1.0315908193588257,62.5822868347168,-1011.69775390625,-2.696502923965454,109.61145782470703,-618.7994995117188,0.2932288944721222
2025-09-11T16:26:40.316+02:00,-562.093505859375,-173.81520080566406,-1.0315908193588257,62.5822868347168,-1011.69775390625,-2.696502923965454,109.61145782470703,-618.7994995117188,0.2932288944721222
2025-09-11T16:26:40.336+02:00,-562.093505859375,-173.81520080566406,-1.0315908193588257,62.5822868347168,-1011.69775390625,-2.696502923965454,109.61145782470703,-618.7994995117188,0.2932288944721222
2025-09-11T16:26:40.356+02:00,-562.093505859375,-173.81520080566406,-1.0315908193588257,62.5822868347168,-1011.69775390625,-2.696502923965454,109.61145782470703,-618.7994995117188,0.2932288944721222
2025-09-11T16:26:40.376+02:00,-562.093505859375,-173.81520080566406,-1.0315908193588257,62.5822868347168,-1011.69775390625,-2.696502923965454,109.61145782470703,-618.7994995117188,0.2932288944721222
2025-09-11T16:26:40.396+02:00,-562.23046875,-173.30958557128906,-1.0322017669677734,62.58652114868164,-1011.70166015625,-2.696463108062744,109.62206268310547,-618.8018188476562,0.29317957162857056
2025-09-11T16:26:40.416+02:00,-562.25439453125,-173.50750732421875,-1.0325343608856201,62.53277587890625,-1011.6826782226562,-2.697223424911499,109.60176086425781,-618.8255615234375,0.29330015182495117
2025-09-11T16:26:40.436+02:00,-562.25439453125,-173.50750732421875,-1.0325343608856201,62.53277587890625,-1011.6826782226562,-2.697223424911499,109.60176086425781,-618.8255615234375,0.29330015182495117
2025-09-11T16:26:40.456+02:00,-562.25439453125,-173.50750732421875,-1.0325343608856201,62.53277587890625,-1011.6826782226562,-2.697223424911499,109.60176086425781,-618.8255615234375,0.29330015182495117
2025-09-11T16:26:40.476+02:00,-562.25439453125,-173.50750732421875,-1.0325343608856201,62.53277587890625,-1011.6826782226562,-2.697223424911499,109.60176086425781,-618.8255615234375,0.29330015182495117
2025-09-11T16:26:40.496+02:00,-562.25439453125,-173.50750732421875,-1.0325343608856201,62.53277587890625,-1011.6826782226562,-2.697223424911499,109.60176086425781,-618.8255615234375,0.29330015182495117
2025-09-11T16:26:40.516+02:00,-562.25439453125,-173.50750732421875,-1.0325343608856201,62.53277587890625,-1011.6826782226562,-2.697223424911499,109.60176086425781,-618.8255615234375,0.29330015182495117
2025-09-11T16:26:40.536+02:00,-562.25439453125,-173.50750732421875,-1.0325343608856201,62.53277587890625,-1011.6826782226562,-2.697223424911499,109.60176086425781,-618.8255615234375,0.29330015182495117
2025-09-11T16:26:40.556+02:00,-562.25439453125,-173.50750732421875,-1.0325343608856201,62.53277587890625,-1011.6826782226562,-2.697223424911499,109.60176086425781,-618.8255615234375,0.29330015182495117
2025-09-11T16:26:40.576+02:00,-562.25439453125,-173.50750732421875,-1.0325343608856201,62.53277587890625,-1011.6826782226562,-2.697223424911499,109.60176086425781,-618.8255615234375,0.29330015182495117
2025-09-11T16:26:40.596+02:00,-562.25439453125,-173.50750732421875,-1.0325343608856201,62.53277587890625,-1011.6826782226562,-2.697223424911499,109.60176086425781,-618.8255615234375,0.29330015182495117
2025-09-11T16:26:40.616+02:00,-562.25439453125,-173.50750732421875,-1.0325343608856201,62.53277587890625,-1011.6826782226562,-2.697223424911499,109.60176086425781,-618.8255615234375,0.29330015182495117
2025-09-11T16:26:40.636+02:00,-562.25439453125,-173.50750732421875,-1.0325343608856201,62.53277587890625,-1011.6826782226562,-2.697223424911499,109.60176086425781,-618.8255615234375,0.29330015182495117
2025-09-11T16:26:40.656+02:00,-562.25439453125,-173.50750732421875,-1.0325343608856201,62.53277587890625,-1011.6826782226562,-2.697223424911499,109.60176086425781,-618.8255615234375,0.29330015182495117
2025-09-11T16:26:40.676+02:00,-562.25439453125,-173.50750732421875,-1.0325343608856201,62.53277587890625,-1011.6826782226562,-2.697223424911499,109.60176086425781,-618.8255615234375,0.29330015182495117
2025-09-11T16:26:40.696+02:00,-562.25439453125,-173.50750732421875,-1.0325343608856201,62.53277587890625,-1011.6826782226562,-2.697223424911499,109.60176086425781,-618.8255615234375,0.29330015182495117
2025-09-11T16:26:40.716+02:00,-562.25439453125,-173.50750732421875,-1.0325343608856201,62.53277587890625,-1011.6826782226562,-2.697223424911499,109.60176086425781,-618.8255615234375,0.29330015182495117
2025-09-11T16:26:40.736+02:00,-562.25439453125,-173.50750732421875,-1.0325343608856201,62.53277587890625,-1011.6826782226562,-2.697223424911499,109.60176086425781,-618.8255615234375,0.29330015182495117
2025-09-11T16:26:40.756+02:00,-562.25439453125,-173.50750732421875,-1.0325343608856201,62.53277587890625,-1011.6826782226562,-2.697223424911499,109.60176086425781,-618.8255615234375,0.29330015182495117
2025-09-11T16:26:40.776+02:00,-562.25439453125,-173.50750732421875,-1.0325343608856201,62.53277587890625,-1011.6826782226562,-2.697223424911499,109.60176086425781,-618.8255615234375,0.29330015182495117
2025-09-11T16:26:40.796+02:00,-562.25439453125,-173.50750732421875,-1.0325343608856201,62.53277587890625,-1011.6826782226562,-2.697223424911499,109.60176086425781,-618.8255615234375,0.29330015182495117
2025-09-11T16:26:40.816+02:00,-562.25439453125,-173.50750732421875,-1.0325343608856201,62.53277587890625,-1011.6826782226562,-2.697223424911499,109.60176086425781,-618.8255615234375,0.29330015182495117
2025-09-11T16:26:40.836+02:00,-562.25439453125,-173.50750732421875,-1.0325343608856201,62.53277587890625,-1011.6826782226562,-2.697223424911499,109.60176086425781,-618.8255615234375,0.29330015182495117
2025-09-11T16:26:40.856+02:00,-562.25439453125,-173.50750732421875,-1.0325343608856201,62.53277587890625,-1011.6826782226562,-2.697223424911499,109.60176086425781,-618.8255615234375,0.29330015182495117
2025-09-11T16:26:40.876+02:00,-562.25439453125,-173.50750732421875,-1.0325343608856201,62.53277587890625,-1011.6826782226562,-2.697223424911499,109.60176086425781,-618.8255615234375,0.29330015182495117
2025-09-11T16:26:40.896+02:00,-562.25439453125,-173.50750732421875,-1.0325343608856201,62.53277587890625,-1011.6826782226562,-2.697223424911499,109.60176086425781,-618.8255615234375,0.29330015182495117
2025-09-11T16:26:40.916+02:00,-562.25439453125,-173.50750732421875,-1.0325343608856201,62.53277587890625,-1011.6826782226562,-2.697223424911499,109.60176086425781,-618.8255615234375,0.29330015182495117
2025-09-11T16:26:40.936+02:00,-562.25439453125,-173.50750732421875,-1.0325343608856201,62.53277587890625,-1011.6826782226562,-2.697223424911499,109.60176086425781,-618.8255615234375,0.29330015182495117
2025-09-11T16:26:40.956+02:00,-562.25439453125,-173.50750732421875,-1.0325343608856201,62.53277587890625,-1011.6826782226562,-2.697223424911499,109.60176086425781,-618.8255615234375,0.29330015182495117
2025-09-11T16:26:40.976+02:00,-562.25439453125,-173.50750732421875,-1.0325343608856201,62.53277587890625,-1011.6826782226562,-2.697223424911499,109.60176086425781,-618.8255615234375,0.29330015182495117
2025-09-11T16:26:40.996+02:00,-562.25439453125,-173.50750732421875,-1.0325343608856201,62.53277587890625,-1011.6826782226562,-2.697223424911499,109.60176086425781,-618.8255615234375,0.29330015182495117
2025-09-11T16:26:41.016+02:00,-562.25439453125,-173.50750732421875,-1.0325343608856201,62.53277587890625,-1011.6826782226562,-2.697223424911499,109.60176086425781,-618.8255615234375,0.29330015182495117
2025-09-11T16:26:41.036+02:00,-562.25439453125,-173.50750732421875,-1.0325343608856201,62.53277587890625,-1011.6826782226562,-2.697223424911499,109.60176086425781,-618.8255615234375,0.29330015182495117
2025-09-11T16:26:41.056+02:00,-562.25439453125,-173.50750732421875,-1.0325343608856201,62.53277587890625,-1011.6826782226562,-2.697223424911499,109.60176086425781,-618.8255615234375,0.29330015182495117
2025-09-11T16:26:41.076+02:00,-562.25439453125,-173.50750732421875,-1.0325343608856201,62.53277587890625,-1011.6826782226562,-2.697223424911499,109.60176086425781,-618.8255615234375,0.29330015182495117
2025-09-11T16:26:41.096+02:00,-562.25439453125,-173.50750732421875,-1.0325343608856201,62.53277587890625,-1011.6826782226562,-2.697223424911499,109.60176086425781,-618.8255615234375,0.29330015182495117
2025-09-11T16:26:41.116+02:00,-562.25439453125,-173.50750732421875,-1.0325343608856201,62.53277587890625,-1011.6826782226562,-2.697223424911499,109.60176086425781,-618.8255615234375,0.29330015182495117
2025-09-11T16:26:41.136+02:00,-562.25439453125,-173.50750732421875,-1.0325343608856201,62.53277587890625,-1011.6826782226562,-2.697223424911499,109.60176086425781,-618.8255615234375,0.29330015182495117
2025-09-11T16:26:41.156+02:00,-562.25439453125,-173.50750732421875,-1.0325343608856201,62.53277587890625,-1011.6826782226562,-2.697223424911499,109.60176086425781,-618.8255615234375,0.29330015182495117
2025-09-11T16:26:41.176+02:00,-562.25439453125,-173.50750732421875,-1.0325343608856201,62.53277587890625,-1011.6826782226562,-2.697223424911499,109.60176086425781,-618.8255615234375,0.29330015182495117
2025-09-11T16:26:41.196+02:00,-562.25439453125,-173.50750732421875,-1.0325343608856201,62.53277587890625,-1011.6826782226562,-2.697223424911499,109.60176086425781,-618.8255615234375,0.29330015182495117
2025-09-11T16:26:41.216+02:00,-562.25439453125,-173.50750732421875,-1.0325343608856201,62.53277587890625,-1011.6826782226562,-2.697223424911499,109.60176086425781,-618.8255615234375,0.29330015182495117
2025-09-11T16:26:41.236+02:00,-562.25439453125,-173.50750732421875,-1.0325343608856201,62.53277587890625,-1011.6826782226562,-2.697223424911499,109.60176086425781,-618.8255615234375,0.29330015182495117
2025-09-11T16:26:41.256+02:00,-562.25439453125,-173.50750732421875,-1.0325343608856201,62.53277587890625,-1011.6826782226562,-2.697223424911499,109.60176086425781,-618.8255615234375,0.29330015182495117
2025-09-11T16:26:41.276+02:00,-562.25439453125,-173.50750732421875,-1.0325343608856201,62.53277587890625,-1011.6826782226562,-2.697223424911499,109.60176086425781,-618.8255615234375,0.29330015182495117
2025-09-11T16:26:41.296+02:00,-562.25439453125,-173.50750732421875,-1.0325343608856201,62.53277587890625,-1011.6826782226562,-2.697223424911499,109.60176086425781,-618.8255615234375,0.29330015182495117
2025-09-11T16:26:41.316+02:00,-562.25439453125,-173.50750732421875,-1.0325343608856201,62.53277587890625,-1011.6826782226562,-2.697223424911499,109.60176086425781,-618.8255615234375,0.29330015182495117
2025-09-11T16:26:41.336+02:00,-562.25439453125,-173.50750732421875,-1.0325343608856201,62.53277587890625,-1011.6826782226562,-2.697223424911499,109.60176086425781,-618.8255615234375,0.29330015182495117
2025-09-11T16:26:41.356+02:00,-562.25439453125,-173.50750732421875,-1.0325343608856201,62.53277587890625,-1011.6826782226562,-2.697223424911499,109.60176086425781,-618.8255615234375,0.29330015182495117
2025-09-11T16:26:41.376+02:00,-562.25439453125,-173.50750732421875,-1.0325343608856201,62.53277587890625,-1011.6826782226562,-2.697223424911499,109.60176086425781,-618.8255615234375,0.29330015182495117
2025-09-11T16:26:41.396+02:00,-562.25439453125,-173.50750732421875,-1.0325343608856201,62.53277587890625,-1011.6826782226562,-2.697223424911499,109.60176086425781,-618.8255615234375,0.29330015182495117
2025-09-11T16:26:41.416+02:00,-562.25439453125,-173.50750732421875,-1.0325343608856201,62.53277587890625,-1011.6826782226562,-2.697223424911499,109.60176086425781,-618.8255615234375,0.29330015182495117
2025-09-11T16:26:41.436+02:00,-562.25439453125,-173.50750732421875,-1.0325343608856201,62.53277587890625,-1011.6826782226562,-2.697223424911499,109.60176086425781,-618.8255615234375,0.29330015182495117
2025-09-11T16:26:41.456+02:00,-562.25439453125,-173.50750732421875,-1.0325343608856201,62.53277587890625,-1011.6826782226562,-2.697223424911499,109.60176086425781,-618.8255615234375,0.29330015182495117
2025-09-11T16:26:41.476+02:00,-562.25439453125,-173.50750732421875,-1.0325343608856201,62.53277587890625,-1011.6826782226562,-2.697223424911499,109.60176086425781,-618.8255615234375,0.29330015182495117
2025-09-11T16:26:41.496+02:00,-562.25439453125,-173.50750732421875,-1.0325343608856201,62.53277587890625,-1011.6826782226562,-2.697223424911499,109.60176086425781,-618.8255615234375,0.29330015182495117
2025-09-11T16:26:41.516+02:00,-562.25439453125,-173.50750732421875,-1.0325343608856201,62.53277587890625,-1011.6826782226562,-2.697223424911499,109.60176086425781,-618.8255615234375,0.29330015182495117
2025-09-11T16:26:41.536+02:00,-562.25439453125,-173.50750732421875,-1.0325343608856201,62.53277587890625,-1011.6826782226562,-2.697223424911499,109.60176086425781,-618.8255615234375,0.29330015182495117
2025-09-11T16:26:41.556+02:00,-562.25439453125,-173.50750732421875,-1.0325343608856201,62.53277587890625,-1011.6826782226562,-2.697223424911499,109.60176086425781,-618.8255615234375,0.29330015182495117
2025-09-11T16:26:41.576+02:00,-562.25439453125,-173.50750732421875,-1.0325343608856201,62.53277587890625,-1011.6826782226562,-2.697223424911499,109.60176086425781,-618.8255615234375,0.29330015182495117
2025-09-11T16:26:41.596+02:00,-562.25439453125,-173.50750732421875,-1.0325343608856201,62.53277587890625,-1011.6826782226562,-2.697223424911499,109.60176086425781,-618.8255615234375,0.29330015182495117
2025-09-11T16:26:41.616+02:00,-562.25439453125,-173.50750732421875,-1.0325343608856201,62.53277587890625,-1011.6826782226562,-2.697223424911499,109.60176086425781,-618.8255615234375,0.29330015182495117
2025-09-11T16:26:41.636+02:00,-562.25439453125,-173.50750732421875,-1.0325343608856201,62.53277587890625,-1011.6826782226562,-2.697223424911499,109.60176086425781,-618.8255615234375,0.29330015182495117
2025-09-11T16:26:41.656+02:00,-562.25439453125,-173.50750732421875,-1.0325343608856201,62.53277587890625,-1011.6826782226562,-2.697223424911499,109.60176086425781,-618.8255615234375,0.29330015182495117
2025-09-11T16:26:41.676+02:00,-562.25439453125,-173.50750732421875,-1.0325343608856201,62.53277587890625,-1011.6826782226562,-2.697223424911499,109.60176086425781,-618.8255615234375,0.29330015182495117
2025-09-11T16:26:41.696+02:00,-562.25439453125,-173.50750732421875,-1.0325343608856201,62.53277587890625,-1011.6826782226562,-2.697223424911499,109.60176086425781,-618.8255615234375,0.29330015182495117
2025-09-11T16:26:41.716+02:00,-562.25439453125,-173.50750732421875,-1.0325343608856201,62.53277587890625,-1011.6826782226562,-2.697223424911499,109.60176086425781,-618.8255615234375,0.29330015182495117
2025-09-11T16:26:41.736+02:00,-562.25439453125,-173.50750732421875,-1.0325343608856201,62.53277587890625,-1011.6826782226562,-2.697223424911499,109.60176086425781,-618.8255615234375,0.29330015182495117
2025-09-11T16:26:41.756+02:00,-562.25439453125,-173.50750732421875,-1.0325343608856201,62.53277587890625,-1011.6826782226562,-2.697223424911499,109.60176086425781,-618.8255615234375,0.29330015182495117
2025-09-11T16:26:41.776+02:00,-562.25439453125,-173.50750732421875,-1.0325343608856201,62.53277587890625,-1011.6826782226562,-2.697223424911499,109.60176086425781,-618.8255615234375,0.29330015182495117
2025-09-11T16:26:41.796+02:00,-562.25439453125,-173.50750732421875,-1.0325343608856201,62.53277587890625,-1011.6826782226562,-2.697223424911499,109.60176086425781,-618.8255615234375,0.29330015182495117
2025-09-11T16:26:41.816+02:00,-562.25439453125,-173.50750732421875,-1.0325343608856201,62.53277587890625,-1011.6826782226562,-2.697223424911499,109.60176086425781,-618.8255615234375,0.29330015182495117
2025-09-11T16:26:41.836+02:00,-562.25439453125,-173.50750732421875,-1.0325343608856201,62.53277587890625,-1011.6826782226562,-2.697223424911499,109.60176086425781,-618.8255615234375,0.29330015182495117
2025-09-11T16:26:41.856+02:00,-562.25439453125,-173.50750732421875,-1.0325343608856201,62.53277587890625,-1011.6826782226562,-2.697223424911499,109.60176086425781,-618.8255615234375,0.29330015182495117
2025-09-11T16:26:41.876+02:00,-562.25439453125,-173.50750732421875,-1.0325343608856201,62.53277587890625,-1011.6826782226562,-2.697223424911499,109.60176086425781,-618.8255615234375,0.29330015182495117
2025-09-11T16:26:41.896+02:00,-562.25439453125,-173.50750732421875,-1.0325343608856201,62.53277587890625,-1011.6826782226562,-2.697223424911499,109.60176086425781,-618.8255615234375,0.29330015182495117
2025-09-11T16:26:41.916+02:00,-562.25439453125,-173.50750732421875,-1.0325343608856201,62.53277587890625,-1011.6826782226562,-2.697223424911499,109.60176086425781,-618.8255615234375,0.29330015182495117
2025-09-11T16:26:41.936+02:00,-562.25439453125,-173.50750732421875,-1.0325343608856201,62.53277587890625,-1011.6826782226562,-2.697223424911499,109.60176086425781,-618.8255615234375,0.29330015182495117
2025-09-11T16:26:41.956+02:00,-562.25439453125,-173.50750732421875,-1.0325343608856201,62.53277587890625,-1011.6826782226562,-2.697223424911499,109.60176086425781,-618.8255615234375,0.29330015182495117
2025-09-11T16:26:41.976+02:00,-562.25439453125,-173.50750732421875,-1.0325343608856201,62.53277587890625,-1011.6826782226562,-2.697223424911499,109.60176086425781,-618.8255615234375,0.29330015182495117
2025-09-11T16:26:41.996+02:00,-562.25439453125,-173.50750732421875,-1.0325343608856201,62.53277587890625,-1011.6826782226562,-2.697223424911499,109.60176086425781,-618.8255615234375,0.29330015182495117
2025-09-11T16:26:42.016+02:00,-562.25439453125,-173.50750732421875,-1.0325343608856201,62.53277587890625,-1011.6826782226562,-2.697223424911499,109.60176086425781,-618.8255615234375,0.29330015182495117
2025-09-11T16:26:42.036+02:00,-562.25439453125,-173.50750732421875,-1.0325343608856201,62.53277587890625,-1011.6826782226562,-2.697223424911499,109.60176086425781,-618.8255615234375,0.29330015182495117
2025-09-11T16:26:42.056+02:00,-562.25439453125,-173.50750732421875,-1.0325343608856201,62.53277587890625,-1011.6826782226562,-2.697223424911499,109.60176086425781,-618.8255615234375,0.29330015182495117
2025-09-11T16:26:42.076+02:00,-562.25439453125,-173.50750732421875,-1.0325343608856201,62.53277587890625,-1011.6826782226562,-2.697223424911499,109.60176086425781,-618.8255615234375,0.29330015182495117
2025-09-11T16:26:42.096+02:00,-562.25439453125,-173.50750732421875,-1.0325343608856201,62.53277587890625,-1011.6826782226562,-2.697223424911499,109.60176086425781,-618.8255615234375,0.29330015182495117
2025-09-11T16:26:42.116+02:00,-562.25439453125,-173.50750732421875,-1.0325343608856201,62.53277587890625,-1011.6826782226562,-2.697223424911499,109.60176086425781,-618.8255615234375,0.29330015182495117
2025-09-11T16:26:42.136+02:00,-562.25439453125,-173.50750732421875,-1.0325343608856201,62.53277587890625,-1011.6826782226562,-2.697223424911499,109.60176086425781,-618.8255615234375,0.29330015182495117
2025-09-11T16:26:42.156+02:00,-562.25439453125,-173.50750732421875,-1.0325343608856201,62.53277587890625,-1011.6826782226562,-2.697223424911499,109.60176086425781,-618.8255615234375,0.29330015182495117
2025-09-11T16:26:42.176+02:00,-562.25439453125,-173.50750732421875,-1.0325343608856201,62.53277587890625,-1011.6826782226562,-2.697223424911499,109.60176086425781,-618.8255615234375,0.29330015182495117
2025-09-11T16:26:42.196+02:00,-562.25439453125,-173.50750732421875,-1.0325343608856201,62.53277587890625,-1011.6826782226562,-2.697223424911499,109.60176086425781,-618.8255615234375,0.29330015182495117
2025-09-11T16:26:42.216+02:00,-562.25439453125,-173.50750732421875,-1.0325343608856201,62.53277587890625,-1011.6826782226562,-2.697223424911499,109.60176086425781,-618.8255615234375,0.29330015182495117
2025-09-11T16:26:42.236+02:00,-562.25439453125,-173.50750732421875,-1.0325343608856201,62.53277587890625,-1011.6826782226562,-2.697223424911499,109.60176086425781,-618.8255615234375,0.29330015182495117
2025-09-11T16:26:42.256+02:00,-562.25439453125,-173.50750732421875,-1.0325343608856201,62.53277587890625,-1011.6826782226562,-2.697223424911499,109.60176086425781,-618.8255615234375,0.29330015182495117
2025-09-11T16:26:42.276+02:00,-562.25439453125,-173.50750732421875,-1.0325343608856201,62.53277587890625,-1011.6826782226562,-2.697223424911499,109.60176086425781,-618.8255615234375,0.29330015182495117
2025-09-11T16:26:42.296+02:00,-562.25439453125,-173.50750732421875,-1.0325343608856201,62.53277587890625,-1011.6826782226562,-2.697223424911499,109.60176086425781,-618.8255615234375,0.29330015182495117
2025-09-11T16:26:42.316+02:00,-562.25439453125,-173.50750732421875,-1.0325343608856201,62.53277587890625,-1011.6826782226562,-2.697223424911499,109.60176086425781,-618.8255615234375,0.29330015182495117
2025-09-11T16:26:42.336+02:00,-562.25439453125,-173.50750732421875,-1.0325343608856201,62.53277587890625,-1011.6826782226562,-2.697223424911499,109.60176086425781,-618.8255615234375,0.29330015182495117
2025-09-11T16:26:42.356+02:00,-562.25439453125,-173.50750732421875,-1.0325343608856201,62.53277587890625,-1011.6826782226562,-2.697223424911499,109.60176086425781,-618.8255615234375,0.29330015182495117
2025-09-11T16:26:42.376+02:00,-562.25439453125,-173.50750732421875,-1.0325343608856201,62.53277587890625,-1011.6826782226562,-2.697223424911499,109.60176086425781,-618.8255615234375,0.29330015182495117
2025-09-11T16:26:42.396+02:00,-562.25439453125,-173.50750732421875,-1.0325343608856201,62.53277587890625,-1011.6826782226562,-2.697223424911499,109.60176086425781,-618.8255615234375,0.29330015182495117
2025-09-11T16:26:42.416+02:00,-562.25439453125,-173.50750732421875,-1.0325343608856201,62.53277587890625,-1011.6826782226562,-2.697223424911499,109.60176086425781,-618.8255615234375,0.29330015182495117
2025-09-11T16:26:42.436+02:00,-562.25439453125,-173.50750732421875,-1.0325343608856201,62.53277587890625,-1011.6826782226562,-2.697223424911499,109.60176086425781,-618.8255615234375,0.29330015182495117
2025-09-11T16:26:42.456+02:00,-562.25439453125,-173.50750732421875,-1.0325343608856201,62.53277587890625,-1011.6826782226562,-2.697223424911499,109.60176086425781,-618.8255615234375,0.29330015182495117
2025-09-11T16:26:42.476+02:00,-562.25439453125,-173.50750732421875,-1.0325343608856201,62.53277587890625,-1011.6826782226562,-2.697223424911499,109.60176086425781,-618.8255615234375,0.29330015182495117
2025-09-11T16:26:42.496+02:00,-562.25439453125,-173.50750732421875,-1.0325343608856201,62.53277587890625,-1011.6826782226562,-2.697223424911499,109.60176086425781,-618.8255615234375,0.29330015182495117
2025-09-11T16:26:42.516+02:00,-562.25439453125,-173.50750732421875,-1.0325343608856201,62.53277587890625,-1011.6826782226562,-2.697223424911499,109.60176086425781,-618.8255615234375,0.29330015182495117
2025-09-11T16:26:42.536+02:00,-562.25439453125,-173.50750732421875,-1.0325343608856201,62.53277587890625,-1011.6826782226562,-2.697223424911499,109.60176086425781,-618.8255615234375,0.29330015182495117
2025-09-11T16:26:42.556+02:00,-562.25439453125,-173.50750732421875,-1.0325343608856201,62.53277587890625,-1011.6826782226562,-2.697223424911499,109.60176086425781,-618.8255615234375,0.29330015182495117
2025-09-11T16:26:42.576+02:00,-562.25439453125,-173.50750732421875,-1.0325343608856201,62.53277587890625,-1011.6826782226562,-2.697223424911499,109.60176086425781,-618.8255615234375,0.29330015182495117
2025-09-11T16:26:42.596+02:00,-562.25439453125,-173.50750732421875,-1.0325343608856201,62.53277587890625,-1011.6826782226562,-2.697223424911499,109.60176086425781,-618.8255615234375,0.29330015182495117
2025-09-11T16:26:42.616+02:00,-562.25439453125,-173.50750732421875,-1.0325343608856201,62.53277587890625,-1011.6826782226562,-2.697223424911499,109.60176086425781,-618.8255615234375,0.29330015182495117
2025-09-11T16:26:42.636+02:00,-562.25439453125,-173.50750732421875,-1.0325343608856201,62.53277587890625,-1011.6826782226562,-2.697223424911499,109.60176086425781,-618.8255615234375,0.29330015182495117
2025-09-11T16:26:42.656+02:00,-562.25439453125,-173.50750732421875,-1.0325343608856201,62.53277587890625,-1011.6826782226562,-2.697223424911499,109.60176086425781,-618.8255615234375,0.29330015182495117
2025-09-11T16:26:42.676+02:00,-562.25439453125,-173.50750732421875,-1.0325343608856201,62.53277587890625,-1011.6826782226562,-2.697223424911499,109.60176086425781,-618.8255615234375,0.29330015182495117
2025-09-11T16:26:42.696+02:00,-562.25439453125,-173.50750732421875,-1.0325343608856201,62.53277587890625,-1011.6826782226562,-2.697223424911499,109.60176086425781,-618.8255615234375,0.29330015182495117
2025-09-11T16:26:42.716+02:00,-562.25439453125,-173.50750732421875,-1.0325343608856201,62.53277587890625,-1011.6826782226562,-2.697223424911499,109.60176086425781,-618.8255615234375,0.29330015182495117
2025-09-11T16:26:42.736+02:00,-562.25439453125,-173.50750732421875,-1.0325343608856201,62.53277587890625,-1011.6826782226562,-2.697223424911499,109.60176086425781,-618.8255615234375,0.29330015182495117
2025-09-11T16:26:42.756+02:00,-562.25439453125,-173.50750732421875,-1.0325343608856201,62.53277587890625,-1011.6826782226562,-2.697223424911499,109.60176086425781,-618.8255615234375,0.29330015182495117
2025-09-11T16:26:42.776+02:00,-562.25439453125,-173.50750732421875,-1.0325343608856201,62.53277587890625,-1011.6826782226562,-2.697223424911499,109.60176086425781,-618.8255615234375,0.29330015182495117
2025-09-11T16:26:42.796+02:00,-562.25439453125,-173.50750732421875,-1.0325343608856201,62.53277587890625,-1011.6826782226562,-2.697223424911499,109.60176086425781,-618.8255615234375,0.29330015182495117
2025-09-11T16:26:42.816+02:00,-562.25439453125,-173.50750732421875,-1.0325343608856201,62.53277587890625,-1011.6826782226562,-2.697223424911499,109.60176086425781,-618.8255615234375,0.29330015182495117
2025-09-11T16:26:42.836+02:00,-562.25439453125,-173.50750732421875,-1.0325343608856201,62.53277587890625,-1011.6826782226562,-2.697223424911499,109.60176086425781,-618.8255615234375,0.29330015182495117
2025-09-11T16:26:42.856+02:00,-562.25439453125,-173.50750732421875,-1.0325343608856201,62.53277587890625,-1011.6826782226562,-2.697223424911499,109.60176086425781,-618.8255615234375,0.29330015182495117
2025-09-11T16:26:42.876+02:00,-562.25439453125,-173.50750732421875,-1.0325343608856201,62.53277587890625,-1011.6826782226562,-2.697223424911499,109.60176086425781,-618.8255615234375,0.29330015182495117
2025-09-11T16:26:42.896+02:00,-562.25439453125,-173.50750732421875,-1.0325343608856201,62.53277587890625,-1011.6826782226562,-2.697223424911499,109.60176086425781,-618.8255615234375,0.29330015182495117
2025-09-11T16:26:42.916+02:00,-562.25439453125,-173.50750732421875,-1.0325343608856201,62.53277587890625,-1011.6826782226562,-2.697223424911499,109.60176086425781,-618.8255615234375,0.29330015182495117
2025-09-11T16:26:42.936+02:00,-562.25439453125,-173.50750732421875,-1.0325343608856201,62.53277587890625,-1011.6826782226562,-2.697223424911499,109.60176086425781,-618.8255615234375,0.29330015182495117
2025-09-11T16:26:42.956+02:00,-562.25439453125,-173.50750732421875,-1.0325343608856201,62.53277587890625,-1011.6826782226562,-2.697223424911499,109.60176086425781,-618.8255615234375,0.29330015182495117
2025-09-11T16:26:42.976+02:00,-562.25439453125,-173.50750732421875,-1.0325343608856201,62.53277587890625,-1011.6826782226562,-2.697223424911499,109.60176086425781,-618.8255615234375,0.29330015182495117
2025-09-11T16:26:42.996+02:00,-562.25439453125,-173.50750732421875,-1.0325343608856201,62.53277587890625,-1011.6826782226562,-2.697223424911499,109.60176086425781,-618.8255615234375,0.29330015182495117
2025-09-11T16:26:43.016+02:00,-562.25439453125,-173.50750732421875,-1.0325343608856201,62.53277587890625,-1011.6826782226562,-2.697223424911499,109.60176086425781,-618.8255615234375,0.29330015182495117
2025-09-11T16:26:43.036+02:00,-562.25439453125,-173.50750732421875,-1.0325343608856201,62.53277587890625,-1011.6826782226562,-2.697223424911499,109.60176086425781,-618.8255615234375,0.29330015182495117
2025-09-11T16:26:43.056+02:00,-562.25439453125,-173.50750732421875,-1.0325343608856201,62.53277587890625,-1011.6826782226562,-2.697223424911499,109.60176086425781,-618.8255615234375,0.29330015182495117
2025-09-11T16:26:43.076+02:00,-562.25439453125,-173.50750732421875,-1.0325343608856201,62.53277587890625,-1011.6826782226562,-2.697223424911499,109.60176086425781,-618.8255615234375,0.29330015182495117
2025-09-11T16:26:43.096+02:00,-562.25439453125,-173.50750732421875,-1.0325343608856201,62.53277587890625,-1011.6826782226562,-2.697223424911499,109.60176086425781,-618.8255615234375,0.29330015182495117
2025-09-11T16:26:43.116+02:00,-562.25439453125,-173.50750732421875,-1.0325343608856201,62.53277587890625,-1011.6826782226562,-2.697223424911499,109.60176086425781,-618.8255615234375,0.29330015182495117
2025-09-11T16:26:43.136+02:00,-562.25439453125,-173.50750732421875,-1.0325343608856201,62.53277587890625,-1011.6826782226562,-2.697223424911499,109.60176086425781,-618.8255615234375,0.29330015182495117
2025-09-11T16:26:43.156+02:00,-562.25439453125,-173.50750732421875,-1.0325343608856201,62.53277587890625,-1011.6826782226562,-2.697223424911499,109.60176086425781,-618.8255615234375,0.29330015182495117
2025-09-11T16:26:43.176+02:00,-562.25439453125,-173.50750732421875,-1.0325343608856201,62.53277587890625,-1011.6826782226562,-2.697223424911499,109.60176086425781,-618.8255615234375,0.29330015182495117
2025-09-11T16:26:43.196+02:00,-562.25439453125,-173.50750732421875,-1.0325343608856201,62.53277587890625,-1011.6826782226562,-2.697223424911499,109.60176086425781,-618.8255615234375,0.29330015182495117
2025-09-11T16:26:43.216+02:00,-562.25439453125,-173.50750732421875,-1.0325343608856201,62.53277587890625,-1011.6826782226562,-2.697223424911499,109.60176086425781,-618.8255615234375,0.29330015182495117
2025-09-11T16:26:43.236+02:00,-562.25439453125,-173.50750732421875,-1.0325343608856201,62.53277587890625,-1011.6826782226562,-2.697223424911499,109.60176086425781,-618.8255615234375,0.29330015182495117
2025-09-11T16:26:43.256+02:00,-562.25439453125,-173.50750732421875,-1.0325343608856201,62.53277587890625,-1011.6826782226562,-2.697223424911499,109.60176086425781,-618.8255615234375,0.29330015182495117
2025-09-11T16:26:43.276+02:00,-562.25439453125,-173.50750732421875,-1.0325343608856201,62.53277587890625,-1011.6826782226562,-2.697223424911499,109.60176086425781,-618.8255615234375,0.29330015182495117
2025-09-11T16:26:43.296+02:00,-562.25439453125,-173.50750732421875,-1.0325343608856201,62.53277587890625,-1011.6826782226562,-2.697223424911499,109.60176086425781,-618.8255615234375,0.29330015182495117
2025-09-11T16:26:43.316+02:00,-562.25439453125,-173.50750732421875,-1.0325343608856201,62.53277587890625,-1011.6826782226562,-2.697223424911499,109.60176086425781,-618.8255615234375,0.29330015182495117
2025-09-11T16:26:43.336+02:00,-562.25439453125,-173.50750732421875,-1.0325343608856201,62.53277587890625,-1011.6826782226562,-2.697223424911499,109.60176086425781,-618.8255615234375,0.29330015182495117
2025-09-11T16:26:43.356+02:00,-562.25439453125,-173.50750732421875,-1.0325343608856201,62.53277587890625,-1011.6826782226562,-2.697223424911499,109.60176086425781,-618.8255615234375,0.29330015182495117
2025-09-11T16:26:43.376+02:00,-562.25439453125,-173.50750732421875,-1.0325343608856201,62.53277587890625,-1011.6826782226562,-2.697223424911499,109.60176086425781,-618.8255615234375,0.29330015182495117
2025-09-11T16:26:43.396+02:00,-562.25439453125,-173.50750732421875,-1.0325343608856201,62.53277587890625,-1011.6826782226562,-2.697223424911499,109.60176086425781,-618.8255615234375,0.29330015182495117
2025-09-11T16:26:43.416+02:00,-562.25439453125,-173.50750732421875,-1.0325343608856201,62.53277587890625,-1011.6826782226562,-2.697223424911499,109.60176086425781,-618.8255615234375,0.29330015182495117
2025-09-11T16:26:43.436+02:00,-562.25439453125,-173.50750732421875,-1.0325343608856201,62.53277587890625,-1011.6826782226562,-2.697223424911499,109.60176086425781,-618.8255615234375,0.29330015182495117
2025-09-11T16:26:43.456+02:00,-562.25439453125,-173.50750732421875,-1.0325343608856201,62.53277587890625,-1011.6826782226562,-2.697223424911499,109.60176086425781,-618.8255615234375,0.29330015182495117
2025-09-11T16:26:43.476+02:00,-562.25439453125,-173.50750732421875,-1.0325343608856201,62.53277587890625,-1011.6826782226562,-2.697223424911499,109.60176086425781,-618.8255615234375,0.29330015182495117
2025-09-11T16:26:43.496+02:00,-562.25439453125,-173.50750732421875,-1.0325343608856201,62.53277587890625,-1011.6826782226562,-2.697223424911499,109.60176086425781,-618.8255615234375,0.29330015182495117
2025-09-11T16:26:43.516+02:00,-562.25439453125,-173.50750732421875,-1.0325343608856201,62.53277587890625,-1011.6826782226562,-2.697223424911499,109.60176086425781,-618.8255615234375,0.29330015182495117
2025-09-11T16:26:43.536+02:00,-562.25439453125,-173.50750732421875,-1.0325343608856201,62.53277587890625,-1011.6826782226562,-2.697223424911499,109.60176086425781,-618.8255615234375,0.29330015182495117
2025-09-11T16:26:43.556+02:00,-562.25439453125,-173.50750732421875,-1.0325343608856201,62.53277587890625,-1011.6826782226562,-2.697223424911499,109.60176086425781,-618.8255615234375,0.29330015182495117
2025-09-11T16:26:43.576+02:00,-562.25439453125,-173.50750732421875,-1.0325343608856201,62.53277587890625,-1011.6826782226562,-2.697223424911499,109.60176086425781,-618.8255615234375,0.29330015182495117
2025-09-11T16:26:43.596+02:00,-562.25439453125,-173.50750732421875,-1.0325343608856201,62.53277587890625,-1011.6826782226562,-2.697223424911499,109.60176086425781,-618.8255615234375,0.29330015182495117
2025-09-11T16:26:43.616+02:00,-562.25439453125,-173.50750732421875,-1.0325343608856201,62.53277587890625,-1011.6826782226562,-2.697223424911499,109.60176086425781,-618.8255615234375,0.29330015182495117
2025-09-11T16:26:43.636+02:00,-562.25439453125,-173.50750732421875,-1.0325343608856201,62.53277587890625,-1011.6826782226562,-2.697223424911499,109.60176086425781,-618.8255615234375,0.29330015182495117
2025-09-11T16:26:43.656+02:00,-562.25439453125,-173.50750732421875,-1.0325343608856201,62.53277587890625,-1011.6826782226562,-2.697223424911499,109.60176086425781,-618.8255615234375,0.29330015182495117
2025-09-11T16:26:43.676+02:00,-562.25439453125,-173.50750732421875,-1.0325343608856201,62.53277587890625,-1011.6826782226562,-2.697223424911499,109.60176086425781,-618.8255615234375,0.29330015182495117
2025-09-11T16:26:43.696+02:00,-562.25439453125,-173.50750732421875,-1.0325343608856201,62.53277587890625,-1011.6826782226562,-2.697223424911499,109.60176086425781,-618.8255615234375,0.29330015182495117
2025-09-11T16:26:43.716+02:00,-562.25439453125,-173.50750732421875,-1.0325343608856201,62.53277587890625,-1011.6826782226562,-2.697223424911499,109.60176086425781,-618.8255615234375,0.29330015182495117
2025-09-11T16:26:43.736+02:00,-562.25439453125,-173.50750732421875,-1.0325343608856201,62.53277587890625,-1011.6826782226562,-2.697223424911499,109.60176086425781,-618.8255615234375,0.29330015182495117
2025-09-11T16:26:43.756+02:00,-562.25439453125,-173.50750732421875,-1.0325343608856201,62.53277587890625,-1011.6826782226562,-2.697223424911499,109.60176086425781,-618.8255615234375,0.29330015182495117
2025-09-11T16:26:43.776+02:00,-562.25439453125,-173.50750732421875,-1.0325343608856201,62.53277587890625,-1011.6826782226562,-2.697223424911499,109.60176086425781,-618.8255615234375,0.29330015182495117
2025-09-11T16:26:43.796+02:00,-562.25439453125,-173.50750732421875,-1.0325343608856201,62.53277587890625,-1011.6826782226562,-2.697223424911499,109.60176086425781,-618.8255615234375,0.29330015182495117
2025-09-11T16:26:43.816+02:00,-562.25439453125,-173.50750732421875,-1.0325343608856201,62.53277587890625,-1011.6826782226562,-2.697223424911499,109.60176086425781,-618.8255615234375,0.29330015182495117
2025-09-11T16:26:43.836+02:00,-562.25439453125,-173.50750732421875,-1.0325343608856201,62.53277587890625,-1011.6826782226562,-2.697223424911499,109.60176086425781,-618.8255615234375,0.29330015182495117
2025-09-11T16:26:43.856+02:00,-562.25439453125,-173.50750732421875,-1.0325343608856201,62.53277587890625,-1011.6826782226562,-2.697223424911499,109.60176086425781,-618.8255615234375,0.29330015182495117
2025-09-11T16:26:43.876+02:00,-562.25439453125,-173.50750732421875,-1.0325343608856201,62.53277587890625,-1011.6826782226562,-2.697223424911499,109.60176086425781,-618.8255615234375,0.29330015182495117
2025-09-11T16:26:43.896+02:00,-562.25439453125,-173.50750732421875,-1.0325343608856201,62.53277587890625,-1011.6826782226562,-2.697223424911499,109.60176086425781,-618.8255615234375,0.29330015182495117
2025-09-11T16:26:43.916+02:00,-562.25439453125,-173.50750732421875,-1.0325343608856201,62.53277587890625,-1011.6826782226562,-2.697223424911499,109.60176086425781,-618.8255615234375,0.29330015182495117
2025-09-11T16:26:43.936+02:00,-562.25439453125,-173.50750732421875,-1.0325343608856201,62.53277587890625,-1011.6826782226562,-2.697223424911499,109.60176086425781,-618.8255615234375,0.29330015182495117
2025-09-11T16:26:43.956+02:00,-562.25439453125,-173.50750732421875,-1.0325343608856201,62.53277587890625,-1011.6826782226562,-2.697223424911499,109.60176086425781,-618.8255615234375,0.29330015182495117
2025-09-11T16:26:43.976+02:00,-562.25439453125,-173.50750732421875,-1.0325343608856201,62.53277587890625,-1011.6826782226562,-2.697223424911499,109.60176086425781,-618.8255615234375,0.29330015182495117
2025-09-11T16:26:43.996+02:00,-562.25439453125,-173.50750732421875,-1.0325343608856201,62.53277587890625,-1011.6826782226562,-2.697223424911499,109.60176086425781,-618.8255615234375,0.29330015182495117
2025-09-11T16:26:44.016+02:00,-562.25439453125,-173.50750732421875,-1.0325343608856201,62.53277587890625,-1011.6826782226562,-2.697223424911499,109.60176086425781,-618.8255615234375,0.29330015182495117
2025-09-11T16:26:44.036+02:00,-562.25439453125,-173.50750732421875,-1.0325343608856201,62.53277587890625,-1011.6826782226562,-2.697223424911499,109.60176086425781,-618.8255615234375,0.29330015182495117
2025-09-11T16:26:44.056+02:00,-562.25439453125,-173.50750732421875,-1.0325343608856201,62.53277587890625,-1011.6826782226562,-2.697223424911499,109.60176086425781,-618.8255615234375,0.29330015182495117
2025-09-11T16:26:44.076+02:00,-562.25439453125,-173.50750732421875,-1.0325343608856201,62.53277587890625,-1011.6826782226562,-2.697223424911499,109.60176086425781,-618.8255615234375,0.29330015182495117
2025-09-11T16:26:44.096+02:00,-562.25439453125,-173.50750732421875,-1.0325343608856201,62.53277587890625,-1011.6826782226562,-2.697223424911499,109.60176086425781,-618.8255615234375,0.29330015182495117
2025-09-11T16:26:44.116+02:00,-562.25439453125,-173.50750732421875,-1.0325343608856201,62.53277587890625,-1011.6826782226562,-2.697223424911499,109.60176086425781,-618.8255615234375,0.29330015182495117
2025-09-11T16:26:44.136+02:00,-562.25439453125,-173.50750732421875,-1.0325343608856201,62.53277587890625,-1011.6826782226562,-2.697223424911499,109.60176086425781,-618.8255615234375,0.29330015182495117
2025-09-11T16:26:44.156+02:00,-562.25439453125,-173.50750732421875,-1.0325343608856201,62.53277587890625,-1011.6826782226562,-2.697223424911499,109.60176086425781,-618.8255615234375,0.29330015182495117
2025-09-11T16:26:44.176+02:00,-562.25439453125,-173.50750732421875,-1.0325343608856201,62.53277587890625,-1011.6826782226562,-2.697223424911499,109.60176086425781,-618.8255615234375,0.29330015182495117
2025-09-11T16:26:44.196+02:00,-562.25439453125,-173.50750732421875,-1.0325343608856201,62.53277587890625,-1011.6826782226562,-2.697223424911499,109.60176086425781,-618.8255615234375,0.29330015182495117
2025-09-11T16:26:44.216+02:00,-562.25439453125,-173.50750732421875,-1.0325343608856201,62.53277587890625,-1011.6826782226562,-2.697223424911499,109.60176086425781,-618.8255615234375,0.29330015182495117
2025-09-11T16:26:44.236+02:00,-562.25439453125,-173.50750732421875,-1.0325343608856201,62.53277587890625,-1011.6826782226562,-2.697223424911499,109.60176086425781,-618.8255615234375,0.29330015182495117
2025-09-11T16:26:44.256+02:00,-562.25439453125,-173.50750732421875,-1.0325343608856201,62.53277587890625,-1011.6826782226562,-2.697223424911499,109.60176086425781,-618.8255615234375,0.29330015182495117
2025-09-11T16:26:44.276+02:00,-562.25439453125,-173.50750732421875,-1.0325343608856201,62.53277587890625,-1011.6826782226562,-2.697223424911499,109.60176086425781,-618.8255615234375,0.29330015182495117
2025-09-11T16:26:44.296+02:00,-562.25439453125,-173.50750732421875,-1.0325343608856201,62.53277587890625,-1011.6826782226562,-2.697223424911499,109.60176086425781,-618.8255615234375,0.29330015182495117
2025-09-11T16:26:44.316+02:00,-562.25439453125,-173.50750732421875,-1.0325343608856201,62.53277587890625,-1011.6826782226562,-2.697223424911499,109.60176086425781,-618.8255615234375,0.29330015182495117
2025-09-11T16:26:44.336+02:00,-562.25439453125,-173.50750732421875,-1.0325343608856201,62.53277587890625,-1011.6826782226562,-2.697223424911499,109.60176086425781,-618.8255615234375,0.29330015182495117
2025-09-11T16:26:44.356+02:00,-562.25439453125,-173.50750732421875,-1.0325343608856201,62.53277587890625,-1011.6826782226562,-2.697223424911499,109.60176086425781,-618.8255615234375,0.29330015182495117
2025-09-11T16:26:44.376+02:00,-562.25439453125,-173.50750732421875,-1.0325343608856201,62.53277587890625,-1011.6826782226562,-2.697223424911499,109.60176086425781,-618.8255615234375,0.29330015182495117
2025-09-11T16:26:44.396+02:00,-562.25439453125,-173.50750732421875,-1.0325343608856201,62.53277587890625,-1011.6826782226562,-2.697223424911499,109.60176086425781,-618.8255615234375,0.29330015182495117
2025-09-11T16:26:44.416+02:00,-562.25439453125,-173.50750732421875,-1.0325343608856201,62.53277587890625,-1011.6826782226562,-2.697223424911499,109.60176086425781,-618.8255615234375,0.29330015182495117
2025-09-11T16:26:44.436+02:00,-562.25439453125,-173.50750732421875,-1.0325343608856201,62.53277587890625,-1011.6826782226562,-2.697223424911499,109.60176086425781,-618.8255615234375,0.29330015182495117
2025-09-11T16:26:44.456+02:00,-562.25439453125,-173.50750732421875,-1.0325343608856201,62.53277587890625,-1011.6826782226562,-2.697223424911499,109.60176086425781,-618.8255615234375,0.29330015182495117
2025-09-11T16:26:44.476+02:00,-562.25439453125,-173.50750732421875,-1.0325343608856201,62.53277587890625,-1011.6826782226562,-2.697223424911499,109.60176086425781,-618.8255615234375,0.29330015182495117
2025-09-11T16:26:44.496+02:00,-562.25439453125,-173.50750732421875,-1.0325343608856201,62.53277587890625,-1011.6826782226562,-2.697223424911499,109.60176086425781,-618.8255615234375,0.29330015182495117
2025-09-11T16:26:44.516+02:00,-562.25439453125,-173.50750732421875,-1.0325343608856201,62.53277587890625,-1011.6826782226562,-2.697223424911499,109.60176086425781,-618.8255615234375,0.29330015182495117
2025-09-11T16:26:44.536+02:00,-562.25439453125,-173.50750732421875,-1.0325343608856201,62.53277587890625,-1011.6826782226562,-2.697223424911499,109.60176086425781,-618.8255615234375,0.29330015182495117
2025-09-11T16:26:44.556+02:00,-562.25439453125,-173.50750732421875,-1.0325343608856201,62.53277587890625,-1011.6826782226562,-2.697223424911499,109.60176086425781,-618.8255615234375,0.29330015182495117
2025-09-11T16:26:44.576+02:00,-562.25439453125,-173.50750732421875,-1.0325343608856201,62.53277587890625,-1011.6826782226562,-2.697223424911499,109.60176086425781,-618.8255615234375,0.29330015182495117
2025-09-11T16:26:44.596+02:00,-562.25439453125,-173.50750732421875,-1.0325343608856201,62.53277587890625,-1011.6826782226562,-2.697223424911499,109.60176086425781,-618.8255615234375,0.29330015182495117
2025-09-11T16:26:44.616+02:00,-562.25439453125,-173.50750732421875,-1.0325343608856201,62.53277587890625,-1011.6826782226562,-2.697223424911499,109.60176086425781,-618.8255615234375,0.29330015182495117
2025-09-11T16:26:44.636+02:00,-562.25439453125,-173.50750732421875,-1.0325343608856201,62.53277587890625,-1011.6826782226562,-2.697223424911499,109.60176086425781,-618.8255615234375,0.29330015182495117
2025-09-11T16:26:44.656+02:00,-562.25439453125,-173.50750732421875,-1.0325343608856201,62.53277587890625,-1011.6826782226562,-2.697223424911499,109.60176086425781,-618.8255615234375,0.29330015182495117
2025-09-11T16:26:44.676+02:00,-562.25439453125,-173.50750732421875,-1.0325343608856201,62.53277587890625,-1011.6826782226562,-2.697223424911499,109.60176086425781,-618.8255615234375,0.29330015182495117
2025-09-11T16:26:44.696+02:00,-562.25439453125,-173.50750732421875,-1.0325343608856201,62.53277587890625,-1011.6826782226562,-2.697223424911499,109.60176086425781,-618.8255615234375,0.29330015182495117
2025-09-11T16:26:44.716+02:00,-562.25439453125,-173.50750732421875,-1.0325343608856201,62.53277587890625,-1011.6826782226562,-2.697223424911499,109.60176086425781,-618.8255615234375,0.29330015182495117
2025-09-11T16:26:44.736+02:00,-562.25439453125,-173.50750732421875,-1.0325343608856201,62.53277587890625,-1011.6826782226562,-2.697223424911499,109.60176086425781,-618.8255615234375,0.29330015182495117
2025-09-11T16:26:44.756+02:00,-562.25439453125,-173.50750732421875,-1.0325343608856201,62.53277587890625,-1011.6826782226562,-2.697223424911499,109.60176086425781,-618.8255615234375,0.29330015182495117
2025-09-11T16:26:44.776+02:00,-562.25439453125,-173.50750732421875,-1.0325343608856201,62.53277587890625,-1011.6826782226562,-2.697223424911499,109.60176086425781,-618.8255615234375,0.29330015182495117
2025-09-11T16:26:44.796+02:00,-562.25439453125,-173.50750732421875,-1.0325343608856201,62.53277587890625,-1011.6826782226562,-2.697223424911499,109.60176086425781,-618.8255615234375,0.29330015182495117
2025-09-11T16:26:44.816+02:00,-562.25439453125,-173.50750732421875,-1.0325343608856201,62.53277587890625,-1011.6826782226562,-2.697223424911499,109.60176086425781,-618.8255615234375,0.29330015182495117
2025-09-11T16:26:44.836+02:00,-562.25439453125,-173.50750732421875,-1.0325343608856201,62.53277587890625,-1011.6826782226562,-2.697223424911499,109.60176086425781,-618.8255615234375,0.29330015182495117
2025-09-11T16:26:44.856+02:00,-562.25439453125,-173.50750732421875,-1.0325343608856201,62.53277587890625,-1011.6826782226562,-2.697223424911499,109.60176086425781,-618.8255615234375,0.29330015182495117
2025-09-11T16:26:44.876+02:00,-562.25439453125,-173.50750732421875,-1.0325343608856201,62.53277587890625,-1011.6826782226562,-2.697223424911499,109.60176086425781,-618.8255615234375,0.29330015182495117
2025-09-11T16:26:44.896+02:00,-562.25439453125,-173.50750732421875,-1.0325343608856201,62.53277587890625,-1011.6826782226562,-2.697223424911499,109.60176086425781,-618.8255615234375,0.29330015182495117
2025-09-11T16:26:44.916+02:00,-562.25439453125,-173.50750732421875,-1.0325343608856201,62.53277587890625,-1011.6826782226562,-2.697223424911499,109.60176086425781,-618.8255615234375,0.29330015182495117
2025-09-11T16:26:44.936+02:00,-562.25439453125,-173.50750732421875,-1.0325343608856201,62.53277587890625,-1011.6826782226562,-2.697223424911499,109.60176086425781,-618.8255615234375,0.29330015182495117
2025-09-11T16:26:44.956+02:00,-562.25439453125,-173.50750732421875,-1.0325343608856201,62.53277587890625,-1011.6826782226562,-2.697223424911499,109.60176086425781,-618.8255615234375,0.29330015182495117
2025-09-11T16:26:44.976+02:00,-562.25439453125,-173.50750732421875,-1.0325343608856201,62.53277587890625,-1011.6826782226562,-2.697223424911499,109.60176086425781,-618.8255615234375,0.29330015182495117
2025-09-11T16:26:44.996+02:00,-562.25439453125,-173.50750732421875,-1.0325343608856201,62.53277587890625,-1011.6826782226562,-2.697223424911499,109.60176086425781,-618.8255615234375,0.29330015182495117
2025-09-11T16:26:45.016+02:00,-562.25439453125,-173.50750732421875,-1.0325343608856201,62.53277587890625,-1011.6826782226562,-2.697223424911499,109.60176086425781,-618.8255615234375,0.29330015182495117
2025-09-11T16:26:45.036+02:00,-562.25439453125,-173.50750732421875,-1.0325343608856201,62.53277587890625,-1011.6826782226562,-2.697223424911499,109.60176086425781,-618.8255615234375,0.29330015182495117
2025-09-11T16:26:45.056+02:00,-562.25439453125,-173.50750732421875,-1.0325343608856201,62.53277587890625,-1011.6826782226562,-2.697223424911499,109.60176086425781,-618.8255615234375,0.29330015182495117
2025-09-11T16:26:45.076+02:00,-562.25439453125,-173.50750732421875,-1.0325343608856201,62.53277587890625,-1011.6826782226562,-2.697223424911499,109.60176086425781,-618.8255615234375,0.29330015182495117
2025-09-11T16:26:45.096+02:00,-562.25439453125,-173.50750732421875,-1.0325343608856201,62.53277587890625,-1011.6826782226562,-2.697223424911499,109.60176086425781,-618.8255615234375,0.29330015182495117
2025-09-11T16:26:45.116+02:00,-562.25439453125,-173.50750732421875,-1.0325343608856201,62.53277587890625,-1011.6826782226562,-2.697223424911499,109.60176086425781,-618.8255615234375,0.29330015182495117
2025-09-11T16:26:45.136+02:00,-562.25439453125,-173.50750732421875,-1.0325343608856201,62.53277587890625,-1011.6826782226562,-2.697223424911499,109.60176086425781,-618.8255615234375,0.29330015182495117
2025-09-11T16:26:45.156+02:00,-562.25439453125,-173.50750732421875,-1.0325343608856201,62.53277587890625,-1011.6826782226562,-2.697223424911499,109.60176086425781,-618.8255615234375,0.29330015182495117
2025-09-11T16:26:45.176+02:00,-562.25439453125,-173.50750732421875,-1.0325343608856201,62.53277587890625,-1011.6826782226562,-2.697223424911499,109.60176086425781,-618.8255615234375,0.29330015182495117
2025-09-11T16:26:45.196+02:00,-562.25439453125,-173.50750732421875,-1.0325343608856201,62.53277587890625,-1011.6826782226562,-2.697223424911499,109.60176086425781,-618.8255615234375,0.29330015182495117
2025-09-11T16:26:45.216+02:00,-562.25439453125,-173.50750732421875,-1.0325343608856201,62.53277587890625,-1011.6826782226562,-2.697223424911499,109.60176086425781,-618.8255615234375,0.29330015182495117
2025-09-11T16:26:45.236+02:00,-562.25439453125,-173.50750732421875,-1.0325343608856201,62.53277587890625,-1011.6826782226562,-2.697223424911499,109.60176086425781,-618.8255615234375,0.29330015182495117
2025-09-11T16:26:45.256+02:00,-562.25439453125,-173.50750732421875,-1.0325343608856201,62.53277587890625,-1011.6826782226562,-2.697223424911499,109.60176086425781,-618.8255615234375,0.29330015182495117
2025-09-11T16:26:45.276+02:00,-562.25439453125,-173.50750732421875,-1.0325343608856201,62.53277587890625,-1011.6826782226562,-2.697223424911499,109.60176086425781,-618.8255615234375,0.29330015182495117
2025-09-11T16:26:45.296+02:00,-562.25439453125,-173.50750732421875,-1.0325343608856201,62.53277587890625,-1011.6826782226562,-2.697223424911499,109.60176086425781,-618.8255615234375,0.29330015182495117
2025-09-11T16:26:45.316+02:00,-562.25439453125,-173.50750732421875,-1.0325343608856201,62.53277587890625,-1011.6826782226562,-2.697223424911499,109.60176086425781,-618.8255615234375,0.29330015182495117
2025-09-11T16:26:45.336+02:00,-562.25439453125,-173.50750732421875,-1.0325343608856201,62.53277587890625,-1011.6826782226562,-2.697223424911499,109.60176086425781,-618.8255615234375,0.29330015182495117
2025-09-11T16:26:45.356+02:00,-562.25439453125,-173.50750732421875,-1.0325343608856201,62.53277587890625,-1011.6826782226562,-2.697223424911499,109.60176086425781,-618.8255615234375,0.29330015182495117
2025-09-11T16:26:45.376+02:00,-562.25439453125,-173.50750732421875,-1.0325343608856201,62.53277587890625,-1011.6826782226562,-2.697223424911499,109.60176086425781,-618.8255615234375,0.29330015182495117
2025-09-11T16:26:45.396+02:00,-562.25439453125,-173.50750732421875,-1.0325343608856201,62.53277587890625,-1011.6826782226562,-2.697223424911499,109.60176086425781,-618.8255615234375,0.29330015182495117
2025-09-11T16:26:45.416+02:00,-562.25439453125,-173.50750732421875,-1.0325343608856201,62.53277587890625,-1011.6826782226562,-2.697223424911499,109.60176086425781,-618.8255615234375,0.29330015182495117
2025-09-11T16:26:45.436+02:00,-562.25439453125,-173.50750732421875,-1.0325343608856201,62.53277587890625,-1011.6826782226562,-2.697223424911499,109.60176086425781,-618.8255615234375,0.29330015182495117
2025-09-11T16:26:45.456+02:00,-562.25439453125,-173.50750732421875,-1.0325343608856201,62.53277587890625,-1011.6826782226562,-2.697223424911499,109.60176086425781,-618.8255615234375,0.29330015182495117
2025-09-11T16:26:45.476+02:00,-562.25439453125,-173.50750732421875,-1.0325343608856201,62.53277587890625,-1011.6826782226562,-2.697223424911499,109.60176086425781,-618.8255615234375,0.29330015182495117
2025-09-11T16:26:45.496+02:00,-562.25439453125,-173.50750732421875,-1.0325343608856201,62.53277587890625,-1011.6826782226562,-2.697223424911499,109.60176086425781,-618.8255615234375,0.29330015182495117
2025-09-11T16:26:45.516+02:00,-562.25439453125,-173.50750732421875,-1.0325343608856201,62.53277587890625,-1011.6826782226562,-2.697223424911499,109.60176086425781,-618.8255615234375,0.29330015182495117
2025-09-11T16:26:45.536+02:00,-562.25439453125,-173.50750732421875,-1.0325343608856201,62.53277587890625,-1011.6826782226562,-2.697223424911499,109.60176086425781,-618.8255615234375,0.29330015182495117
2025-09-11T16:26:45.556+02:00,-562.25439453125,-173.50750732421875,-1.0325343608856201,62.53277587890625,-1011.6826782226562,-2.697223424911499,109.60176086425781,-618.8255615234375,0.29330015182495117
2025-09-11T16:26:45.576+02:00,-562.25439453125,-173.50750732421875,-1.0325343608856201,62.53277587890625,-1011.6826782226562,-2.697223424911499,109.60176086425781,-618.8255615234375,0.29330015182495117
2025-09-11T16:26:45.596+02:00,-562.25439453125,-173.50750732421875,-1.0325343608856201,62.53277587890625,-1011.6826782226562,-2.697223424911499,109.60176086425781,-618.8255615234375,0.29330015182495117
2025-09-11T16:26:45.616+02:00,-562.25439453125,-173.50750732421875,-1.0325343608856201,62.53277587890625,-1011.6826782226562,-2.697223424911499,109.60176086425781,-618.8255615234375,0.29330015182495117
2025-09-11T16:26:45.636+02:00,-562.25439453125,-173.50750732421875,-1.0325343608856201,62.53277587890625,-1011.6826782226562,-2.697223424911499,109.60176086425781,-618.8255615234375,0.29330015182495117
2025-09-11T16:26:45.656+02:00,-562.25439453125,-173.50750732421875,-1.0325343608856201,62.53277587890625,-1011.6826782226562,-2.697223424911499,109.60176086425781,-618.8255615234375,0.29330015182495117
2025-09-11T16:26:45.676+02:00,-562.25439453125,-173.50750732421875,-1.0325343608856201,62.53277587890625,-1011.6826782226562,-2.697223424911499,109.60176086425781,-618.8255615234375,0.29330015182495117
2025-09-11T16:26:45.696+02:00,-562.25439453125,-173.50750732421875,-1.0325343608856201,62.53277587890625,-1011.6826782226562,-2.697223424911499,109.60176086425781,-618.8255615234375,0.29330015182495117
2025-09-11T16:26:45.716+02:00,-562.25439453125,-173.50750732421875,-1.0325343608856201,62.53277587890625,-1011.6826782226562,-2.697223424911499,109.60176086425781,-618.8255615234375,0.29330015182495117
2025-09-11T16:26:45.736+02:00,-562.25439453125,-173.50750732421875,-1.0325343608856201,62.53277587890625,-1011.6826782226562,-2.697223424911499,109.60176086425781,-618.8255615234375,0.29330015182495117
2025-09-11T16:26:45.756+02:00,-562.25439453125,-173.50750732421875,-1.0325343608856201,62.53277587890625,-1011.6826782226562,-2.697223424911499,109.60176086425781,-618.8255615234375,0.29330015182495117
2025-09-11T16:26:45.776+02:00,-562.25439453125,-173.50750732421875,-1.0325343608856201,62.53277587890625,-1011.6826782226562,-2.697223424911499,109.60176086425781,-618.8255615234375,0.29330015182495117
2025-09-11T16:26:45.796+02:00,-562.25439453125,-173.50750732421875,-1.0325343608856201,62.53277587890625,-1011.6826782226562,-2.697223424911499,109.60176086425781,-618.8255615234375,0.29330015182495117
2025-09-11T16:26:45.816+02:00,-562.25439453125,-173.50750732421875,-1.0325343608856201,62.53277587890625,-1011.6826782226562,-2.697223424911499,109.60176086425781,-618.8255615234375,0.29330015182495117
2025-09-11T16:26:45.836+02:00,-562.25439453125,-173.50750732421875,-1.0325343608856201,62.53277587890625,-1011.6826782226562,-2.697223424911499,109.60176086425781,-618.8255615234375,0.29330015182495117
2025-09-11T16:26:45.856+02:00,-562.25439453125,-173.50750732421875,-1.0325343608856201,62.53277587890625,-1011.6826782226562,-2.697223424911499,109.60176086425781,-618.8255615234375,0.29330015182495117
2025-09-11T16:26:45.876+02:00,-562.25439453125,-173.50750732421875,-1.0325343608856201,62.53277587890625,-1011.6826782226562,-2.697223424911499,109.60176086425781,-618.8255615234375,0.29330015182495117
2025-09-11T16:26:45.896+02:00,-562.25439453125,-173.50750732421875,-1.0325343608856201,62.53277587890625,-1011.6826782226562,-2.697223424911499,109.60176086425781,-618.8255615234375,0.29330015182495117
2025-09-11T16:26:45.916+02:00,-562.25439453125,-173.50750732421875,-1.0325343608856201,62.53277587890625,-1011.6826782226562,-2.697223424911499,109.60176086425781,-618.8255615234375,0.29330015182495117
2025-09-11T16:26:45.936+02:00,-562.25439453125,-173.50750732421875,-1.0325343608856201,62.53277587890625,-1011.6826782226562,-2.697223424911499,109.60176086425781,-618.8255615234375,0.29330015182495117
2025-09-11T16:26:45.956+02:00,-562.25439453125,-173.50750732421875,-1.0325343608856201,62.53277587890625,-1011.6826782226562,-2.697223424911499,109.60176086425781,-618.8255615234375,0.29330015182495117
2025-09-11T16:26:45.976+02:00,-562.25439453125,-173.50750732421875,-1.0325343608856201,62.53277587890625,-1011.6826782226562,-2.697223424911499,109.60176086425781,-618.8255615234375,0.29330015182495117
2025-09-11T16:26:45.996+02:00,-562.25439453125,-173.50750732421875,-1.0325343608856201,62.53277587890625,-1011.6826782226562,-2.697223424911499,109.60176086425781,-618.8255615234375,0.29330015182495117
2025-09-11T16:26:46.016+02:00,-562.25439453125,-173.50750732421875,-1.0325343608856201,62.53277587890625,-1011.6826782226562,-2.697223424911499,109.60176086425781,-618.8255615234375,0.29330015182495117
2025-09-11T16:26:46.036+02:00,-562.25439453125,-173.50750732421875,-1.0325343608856201,62.53277587890625,-1011.6826782226562,-2.697223424911499,109.60176086425781,-618.8255615234375,0.29330015182495117
2025-09-11T16:26:46.056+02:00,-562.25439453125,-173.50750732421875,-1.0325343608856201,62.53277587890625,-1011.6826782226562,-2.697223424911499,109.60176086425781,-618.8255615234375,0.29330015182495117
2025-09-11T16:26:46.076+02:00,-562.25439453125,-173.50750732421875,-1.0325343608856201,62.53277587890625,-1011.6826782226562,-2.697223424911499,109.60176086425781,-618.8255615234375,0.29330015182495117
2025-09-11T16:26:46.096+02:00,-562.25439453125,-173.50750732421875,-1.0325343608856201,62.53277587890625,-1011.6826782226562,-2.697223424911499,109.60176086425781,-618.8255615234375,0.29330015182495117
2025-09-11T16:26:46.116+02:00,-562.25439453125,-173.50750732421875,-1.0325343608856201,62.53277587890625,-1011.6826782226562,-2.697223424911499,109.60176086425781,-618.8255615234375,0.29330015182495117
2025-09-11T16:26:46.136+02:00,-562.25439453125,-173.50750732421875,-1.0325343608856201,62.53277587890625,-1011.6826782226562,-2.697223424911499,109.60176086425781,-618.8255615234375,0.29330015182495117
2025-09-11T16:26:46.156+02:00,-562.25439453125,-173.50750732421875,-1.0325343608856201,62.53277587890625,-1011.6826782226562,-2.697223424911499,109.60176086425781,-618.8255615234375,0.29330015182495117
2025-09-11T16:26:46.176+02:00,-562.25439453125,-173.50750732421875,-1.0325343608856201,62.53277587890625,-1011.6826782226562,-2.697223424911499,109.60176086425781,-618.8255615234375,0.29330015182495117
2025-09-11T16:26:46.196+02:00,-562.25439453125,-173.50750732421875,-1.0325343608856201,62.53277587890625,-1011.6826782226562,-2.697223424911499,109.60176086425781,-618.8255615234375,0.29330015182495117
2025-09-11T16:26:46.216+02:00,-562.25439453125,-173.50750732421875,-1.0325343608856201,62.53277587890625,-1011.6826782226562,-2.697223424911499,109.60176086425781,-618.8255615234375,0.29330015182495117
2025-09-11T16:26:46.236+02:00,-562.25439453125,-173.50750732421875,-1.0325343608856201,62.53277587890625,-1011.6826782226562,-2.697223424911499,109.60176086425781,-618.8255615234375,0.29330015182495117
2025-09-11T16:26:46.256+02:00,-562.25439453125,-173.50750732421875,-1.0325343608856201,62.53277587890625,-1011.6826782226562,-2.697223424911499,109.60176086425781,-618.8255615234375,0.29330015182495117
2025-09-11T16:26:46.276+02:00,-562.25439453125,-173.50750732421875,-1.0325343608856201,62.53277587890625,-1011.6826782226562,-2.697223424911499,109.60176086425781,-618.8255615234375,0.29330015182495117
2025-09-11T16:26:46.296+02:00,-562.25439453125,-173.50750732421875,-1.0325343608856201,62.53277587890625,-1011.6826782226562,-2.697223424911499,109.60176086425781,-618.8255615234375,0.29330015182495117
2025-09-11T16:26:46.316+02:00,-562.25439453125,-173.50750732421875,-1.0325343608856201,62.53277587890625,-1011.6826782226562,-2.697223424911499,109.60176086425781,-618.8255615234375,0.29330015182495117
2025-09-11T16:26:46.336+02:00,-562.25439453125,-173.50750732421875,-1.0325343608856201,62.53277587890625,-1011.6826782226562,-2.697223424911499,109.60176086425781,-618.8255615234375,0.29330015182495117
2025-09-11T16:26:46.356+02:00,-562.25439453125,-173.50750732421875,-1.0325343608856201,62.53277587890625,-1011.6826782226562,-2.697223424911499,109.60176086425781,-618.8255615234375,0.29330015182495117
2025-09-11T16:26:46.376+02:00,-562.25439453125,-173.50750732421875,-1.0325343608856201,62.53277587890625,-1011.6826782226562,-2.697223424911499,109.60176086425781,-618.8255615234375,0.29330015182495117
2025-09-11T16:26:46.396+02:00,-562.25439453125,-173.50750732421875,-1.0325343608856201,62.53277587890625,-1011.6826782226562,-2.697223424911499,109.60176086425781,-618.8255615234375,0.29330015182495117
2025-09-11T16:26:46.416+02:00,-562.25439453125,-173.50750732421875,-1.0325343608856201,62.53277587890625,-1011.6826782226562,-2.697223424911499,109.60176086425781,-618.8255615234375,0.29330015182495117
2025-09-11T16:26:46.436+02:00,-562.25439453125,-173.50750732421875,-1.0325343608856201,62.53277587890625,-1011.6826782226562,-2.697223424911499,109.60176086425781,-618.8255615234375,0.29330015182495117
2025-09-11T16:26:46.456+02:00,-562.25439453125,-173.50750732421875,-1.0325343608856201,62.53277587890625,-1011.6826782226562,-2.697223424911499,109.60176086425781,-618.8255615234375,0.29330015182495117
2025-09-11T16:26:46.476+02:00,-562.25439453125,-173.50750732421875,-1.0325343608856201,62.53277587890625,-1011.6826782226562,-2.697223424911499,109.60176086425781,-618.8255615234375,0.29330015182495117
2025-09-11T16:26:46.496+02:00,-562.25439453125,-173.50750732421875,-1.0325343608856201,62.53277587890625,-1011.6826782226562,-2.697223424911499,109.60176086425781,-618.8255615234375,0.29330015182495117
2025-09-11T16:26:46.516+02:00,-562.25439453125,-173.50750732421875,-1.0325343608856201,62.53277587890625,-1011.6826782226562,-2.697223424911499,109.60176086425781,-618.8255615234375,0.29330015182495117
2025-09-11T16:26:46.536+02:00,-562.25439453125,-173.50750732421875,-1.0325343608856201,62.53277587890625,-1011.6826782226562,-2.697223424911499,109.60176086425781,-618.8255615234375,0.29330015182495117
2025-09-11T16:26:46.556+02:00,-562.25439453125,-173.50750732421875,-1.0325343608856201,62.53277587890625,-1011.6826782226562,-2.697223424911499,109.60176086425781,-618.8255615234375,0.29330015182495117
2025-09-11T16:26:46.576+02:00,-562.25439453125,-173.50750732421875,-1.0325343608856201,62.53277587890625,-1011.6826782226562,-2.697223424911499,109.60176086425781,-618.8255615234375,0.29330015182495117
2025-09-11T16:26:46.596+02:00,-562.25439453125,-173.50750732421875,-1.0325343608856201,62.53277587890625,-1011.6826782226562,-2.697223424911499,109.60176086425781,-618.8255615234375,0.29330015182495117
2025-09-11T16:26:46.616+02:00,-562.25439453125,-173.50750732421875,-1.0325343608856201,62.53277587890625,-1011.6826782226562,-2.697223424911499,109.60176086425781,-618.8255615234375,0.29330015182495117
2025-09-11T16:26:46.636+02:00,-562.25439453125,-173.50750732421875,-1.0325343608856201,62.53277587890625,-1011.6826782226562,-2.697223424911499,109.60176086425781,-618.8255615234375,0.29330015182495117
2025-09-11T16:26:46.656+02:00,-562.25439453125,-173.50750732421875,-1.0325343608856201,62.53277587890625,-1011.6826782226562,-2.697223424911499,109.60176086425781,-618.8255615234375,0.29330015182495117
2025-09-11T16:26:46.676+02:00,-562.25439453125,-173.50750732421875,-1.0325343608856201,62.53277587890625,-1011.6826782226562,-2.697223424911499,109.60176086425781,-618.8255615234375,0.29330015182495117
2025-09-11T16:26:46.696+02:00,-562.25439453125,-173.50750732421875,-1.0325343608856201,62.53277587890625,-1011.6826782226562,-2.697223424911499,109.60176086425781,-618.8255615234375,0.29330015182495117
2025-09-11T16:26:46.716+02:00,-562.25439453125,-173.50750732421875,-1.0325343608856201,62.53277587890625,-1011.6826782226562,-2.697223424911499,109.60176086425781,-618.8255615234375,0.29330015182495117
2025-09-11T16:26:46.736+02:00,-562.25439453125,-173.50750732421875,-1.0325343608856201,62.53277587890625,-1011.6826782226562,-2.697223424911499,109.60176086425781,-618.8255615234375,0.29330015182495117
2025-09-11T16:26:46.756+02:00,-562.25439453125,-173.50750732421875,-1.0325343608856201,62.53277587890625,-1011.6826782226562,-2.697223424911499,109.60176086425781,-618.8255615234375,0.29330015182495117
2025-09-11T16:26:46.776+02:00,-562.25439453125,-173.50750732421875,-1.0325343608856201,62.53277587890625,-1011.6826782226562,-2.697223424911499,109.60176086425781,-618.8255615234375,0.29330015182495117
2025-09-11T16:26:46.796+02:00,-562.25439453125,-173.50750732421875,-1.0325343608856201,62.53277587890625,-1011.6826782226562,-2.697223424911499,109.60176086425781,-618.8255615234375,0.29330015182495117
2025-09-11T16:26:46.816+02:00,-562.25439453125,-173.50750732421875,-1.0325343608856201,62.53277587890625,-1011.6826782226562,-2.697223424911499,109.60176086425781,-618.8255615234375,0.29330015182495117
2025-09-11T16:26:46.836+02:00,-562.25439453125,-173.50750732421875,-1.0325343608856201,62.53277587890625,-1011.6826782226562,-2.697223424911499,109.60176086425781,-618.8255615234375,0.29330015182495117
2025-09-11T16:26:46.856+02:00,-562.25439453125,-173.50750732421875,-1.0325343608856201,62.53277587890625,-1011.6826782226562,-2.697223424911499,109.60176086425781,-618.8255615234375,0.29330015182495117
2025-09-11T16:26:46.876+02:00,-562.25439453125,-173.50750732421875,-1.0325343608856201,62.53277587890625,-1011.6826782226562,-2.697223424911499,109.60176086425781,-618.8255615234375,0.29330015182495117
2025-09-11T16:26:46.896+02:00,-562.25439453125,-173.50750732421875,-1.0325343608856201,62.53277587890625,-1011.6826782226562,-2.697223424911499,109.60176086425781,-618.8255615234375,0.29330015182495117
2025-09-11T16:26:46.916+02:00,-562.25439453125,-173.50750732421875,-1.0325343608856201,62.53277587890625,-1011.6826782226562,-2.697223424911499,109.60176086425781,-618.8255615234375,0.29330015182495117
2025-09-11T16:26:46.936+02:00,-562.25439453125,-173.50750732421875,-1.0325343608856201,62.53277587890625,-1011.6826782226562,-2.697223424911499,109.60176086425781,-618.8255615234375,0.29330015182495117
2025-09-11T16:26:46.956+02:00,-562.25439453125,-173.50750732421875,-1.0325343608856201,62.53277587890625,-1011.6826782226562,-2.697223424911499,109.60176086425781,-618.8255615234375,0.29330015182495117
2025-09-11T16:26:46.976+02:00,-562.25439453125,-173.50750732421875,-1.0325343608856201,62.53277587890625,-1011.6826782226562,-2.697223424911499,109.60176086425781,-618.8255615234375,0.29330015182495117
2025-09-11T16:26:46.996+02:00,-562.25439453125,-173.50750732421875,-1.0325343608856201,62.53277587890625,-1011.6826782226562,-2.697223424911499,109.60176086425781,-618.8255615234375,0.29330015182495117
2025-09-11T16:26:47.016+02:00,-562.25439453125,-173.50750732421875,-1.0325343608856201,62.53277587890625,-1011.6826782226562,-2.697223424911499,109.60176086425781,-618.8255615234375,0.29330015182495117
2025-09-11T16:26:47.036+02:00,-562.25439453125,-173.50750732421875,-1.0325343608856201,62.53277587890625,-1011.6826782226562,-2.697223424911499,109.60176086425781,-618.8255615234375,0.29330015182495117
2025-09-11T16:26:47.056+02:00,-562.25439453125,-173.50750732421875,-1.0325343608856201,62.53277587890625,-1011.6826782226562,-2.697223424911499,109.60176086425781,-618.8255615234375,0.29330015182495117
2025-09-11T16:26:47.076+02:00,-562.25439453125,-173.50750732421875,-1.0325343608856201,62.53277587890625,-1011.6826782226562,-2.697223424911499,109.60176086425781,-618.8255615234375,0.29330015182495117
2025-09-11T16:26:47.096+02:00,-562.25439453125,-173.50750732421875,-1.0325343608856201,62.53277587890625,-1011.6826782226562,-2.697223424911499,109.60176086425781,-618.8255615234375,0.29330015182495117
2025-09-11T16:26:47.116+02:00,-562.25439453125,-173.50750732421875,-1.0325343608856201,62.53277587890625,-1011.6826782226562,-2.697223424911499,109.60176086425781,-618.8255615234375,0.29330015182495117
2025-09-11T16:26:47.136+02:00,-562.25439453125,-173.50750732421875,-1.0325343608856201,62.53277587890625,-1011.6826782226562,-2.697223424911499,109.60176086425781,-618.8255615234375,0.29330015182495117
2025-09-11T16:26:47.156+02:00,-562.25439453125,-173.50750732421875,-1.0325343608856201,62.53277587890625,-1011.6826782226562,-2.697223424911499,109.60176086425781,-618.8255615234375,0.29330015182495117
2025-09-11T16:26:47.176+02:00,-562.25439453125,-173.50750732421875,-1.0325343608856201,62.53277587890625,-1011.6826782226562,-2.697223424911499,109.60176086425781,-618.8255615234375,0.29330015182495117
2025-09-11T16:26:47.196+02:00,-562.25439453125,-173.50750732421875,-1.0325343608856201,62.53277587890625,-1011.6826782226562,-2.697223424911499,109.60176086425781,-618.8255615234375,0.29330015182495117
2025-09-11T16:26:47.216+02:00,-562.25439453125,-173.50750732421875,-1.0325343608856201,62.53277587890625,-1011.6826782226562,-2.697223424911499,109.60176086425781,-618.8255615234375,0.29330015182495117
2025-09-11T16:26:47.236+02:00,-562.25439453125,-173.50750732421875,-1.0325343608856201,62.53277587890625,-1011.6826782226562,-2.697223424911499,109.60176086425781,-618.8255615234375,0.29330015182495117
2025-09-11T16:26:47.256+02:00,-562.25439453125,-173.50750732421875,-1.0325343608856201,62.53277587890625,-1011.6826782226562,-2.697223424911499,109.60176086425781,-618.8255615234375,0.29330015182495117
2025-09-11T16:26:47.276+02:00,-562.25439453125,-173.50750732421875,-1.0325343608856201,62.53277587890625,-1011.6826782226562,-2.697223424911499,109.60176086425781,-618.8255615234375,0.29330015182495117
2025-09-11T16:26:47.296+02:00,-562.25439453125,-173.50750732421875,-1.0325343608856201,62.53277587890625,-1011.6826782226562,-2.697223424911499,109.60176086425781,-618.8255615234375,0.29330015182495117
2025-09-11T16:26:47.316+02:00,-562.25439453125,-173.50750732421875,-1.0325343608856201,62.53277587890625,-1011.6826782226562,-2.697223424911499,109.60176086425781,-618.8255615234375,0.29330015182495117
2025-09-11T16:26:47.336+02:00,-562.25439453125,-173.50750732421875,-1.0325343608856201,62.53277587890625,-1011.6826782226562,-2.697223424911499,109.60176086425781,-618.8255615234375,0.29330015182495117
2025-09-11T16:26:47.356+02:00,-562.25439453125,-173.50750732421875,-1.0325343608856201,62.53277587890625,-1011.6826782226562,-2.697223424911499,109.60176086425781,-618.8255615234375,0.29330015182495117
2025-09-11T16:26:47.376+02:00,-562.25439453125,-173.50750732421875,-1.0325343608856201,62.53277587890625,-1011.6826782226562,-2.697223424911499,109.60176086425781,-618.8255615234375,0.29330015182495117
2025-09-11T16:26:47.396+02:00,-562.25439453125,-173.50750732421875,-1.0325343608856201,62.53277587890625,-1011.6826782226562,-2.697223424911499,109.60176086425781,-618.8255615234375,0.29330015182495117
2025-09-11T16:26:47.416+02:00,-562.25439453125,-173.50750732421875,-1.0325343608856201,62.53277587890625,-1011.6826782226562,-2.697223424911499,109.60176086425781,-618.8255615234375,0.29330015182495117
2025-09-11T16:26:47.436+02:00,-562.25439453125,-173.50750732421875,-1.0325343608856201,62.53277587890625,-1011.6826782226562,-2.697223424911499,109.60176086425781,-618.8255615234375,0.29330015182495117
2025-09-11T16:26:47.456+02:00,-562.25439453125,-173.50750732421875,-1.0325343608856201,62.53277587890625,-1011.6826782226562,-2.697223424911499,109.60176086425781,-618.8255615234375,0.29330015182495117
2025-09-11T16:26:47.476+02:00,-562.25439453125,-173.50750732421875,-1.0325343608856201,62.53277587890625,-1011.6826782226562,-2.697223424911499,109.60176086425781,-618.8255615234375,0.29330015182495117
2025-09-11T16:26:47.496+02:00,-562.25439453125,-173.50750732421875,-1.0325343608856201,62.53277587890625,-1011.6826782226562,-2.697223424911499,109.60176086425781,-618.8255615234375,0.29330015182495117
2025-09-11T16:26:47.516+02:00,-562.25439453125,-173.50750732421875,-1.0325343608856201,62.53277587890625,-1011.6826782226562,-2.697223424911499,109.60176086425781,-618.8255615234375,0.29330015182495117
2025-09-11T16:26:47.536+02:00,-562.25439453125,-173.50750732421875,-1.0325343608856201,62.53277587890625,-1011.6826782226562,-2.697223424911499,109.60176086425781,-618.8255615234375,0.29330015182495117
2025-09-11T16:26:47.556+02:00,-562.25439453125,-173.50750732421875,-1.0325343608856201,62.53277587890625,-1011.6826782226562,-2.697223424911499,109.60176086425781,-618.8255615234375,0.29330015182495117
2025-09-11T16:26:47.576+02:00,-562.25439453125,-173.50750732421875,-1.0325343608856201,62.53277587890625,-1011.6826782226562,-2.697223424911499,109.60176086425781,-618.8255615234375,0.29330015182495117
2025-09-11T16:26:47.596+02:00,-562.25439453125,-173.50750732421875,-1.0325343608856201,62.53277587890625,-1011.6826782226562,-2.697223424911499,109.60176086425781,-618.8255615234375,0.29330015182495117
2025-09-11T16:26:47.616+02:00,-562.25439453125,-173.50750732421875,-1.0325343608856201,62.53277587890625,-1011.6826782226562,-2.697223424911499,109.60176086425781,-618.8255615234375,0.29330015182495117
2025-09-11T16:26:47.636+02:00,-562.25439453125,-173.50750732421875,-1.0325343608856201,62.53277587890625,-1011.6826782226562,-2.697223424911499,109.60176086425781,-618.8255615234375,0.29330015182495117
2025-09-11T16:26:47.656+02:00,-562.25439453125,-173.50750732421875,-1.0325343608856201,62.53277587890625,-1011.6826782226562,-2.697223424911499,109.60176086425781,-618.8255615234375,0.29330015182495117
2025-09-11T16:26:47.676+02:00,-562.25439453125,-173.50750732421875,-1.0325343608856201,62.53277587890625,-1011.6826782226562,-2.697223424911499,109.60176086425781,-618.8255615234375,0.29330015182495117
2025-09-11T16:26:47.696+02:00,-562.25439453125,-173.50750732421875,-1.0325343608856201,62.53277587890625,-1011.6826782226562,-2.697223424911499,109.60176086425781,-618.8255615234375,0.29330015182495117
2025-09-11T16:26:47.716+02:00,-562.25439453125,-173.50750732421875,-1.0325343608856201,62.53277587890625,-1011.6826782226562,-2.697223424911499,109.60176086425781,-618.8255615234375,0.29330015182495117
2025-09-11T16:26:47.736+02:00,-562.25439453125,-173.50750732421875,-1.0325343608856201,62.53277587890625,-1011.6826782226562,-2.697223424911499,109.60176086425781,-618.8255615234375,0.29330015182495117
2025-09-11T16:26:47.756+02:00,-562.25439453125,-173.50750732421875,-1.0325343608856201,62.53277587890625,-1011.6826782226562,-2.697223424911499,109.60176086425781,-618.8255615234375,0.29330015182495117
2025-09-11T16:26:47.776+02:00,-562.25439453125,-173.50750732421875,-1.0325343608856201,62.53277587890625,-1011.6826782226562,-2.697223424911499,109.60176086425781,-618.8255615234375,0.29330015182495117
2025-09-11T16:26:47.796+02:00,-562.25439453125,-173.50750732421875,-1.0325343608856201,62.53277587890625,-1011.6826782226562,-2.697223424911499,109.60176086425781,-618.8255615234375,0.29330015182495117
2025-09-11T16:26:47.816+02:00,-562.25439453125,-173.50750732421875,-1.0325343608856201,62.53277587890625,-1011.6826782226562,-2.697223424911499,109.60176086425781,-618.8255615234375,0.29330015182495117
2025-09-11T16:26:47.836+02:00,-562.25439453125,-173.50750732421875,-1.0325343608856201,62.53277587890625,-1011.6826782226562,-2.697223424911499,109.60176086425781,-618.8255615234375,0.29330015182495117
2025-09-11T16:26:47.856+02:00,-562.25439453125,-173.50750732421875,-1.0325343608856201,62.53277587890625,-1011.6826782226562,-2.697223424911499,109.60176086425781,-618.8255615234375,0.29330015182495117
2025-09-11T16:26:47.876+02:00,-562.25439453125,-173.50750732421875,-1.0325343608856201,62.53277587890625,-1011.6826782226562,-2.697223424911499,109.60176086425781,-618.8255615234375,0.29330015182495117
2025-09-11T16:26:47.896+02:00,-562.25439453125,-173.50750732421875,-1.0325343608856201,62.53277587890625,-1011.6826782226562,-2.697223424911499,109.60176086425781,-618.8255615234375,0.29330015182495117
2025-09-11T16:26:47.916+02:00,-562.25439453125,-173.50750732421875,-1.0325343608856201,62.53277587890625,-1011.6826782226562,-2.697223424911499,109.60176086425781,-618.8255615234375,0.29330015182495117
2025-09-11T16:26:47.936+02:00,-562.25439453125,-173.50750732421875,-1.0325343608856201,62.53277587890625,-1011.6826782226562,-2.697223424911499,109.60176086425781,-618.8255615234375,0.29330015182495117
2025-09-11T16:26:47.956+02:00,-562.25439453125,-173.50750732421875,-1.0325343608856201,62.53277587890625,-1011.6826782226562,-2.697223424911499,109.60176086425781,-618.8255615234375,0.29330015182495117
2025-09-11T16:26:47.976+02:00,-562.25439453125,-173.50750732421875,-1.0325343608856201,62.53277587890625,-1011.6826782226562,-2.697223424911499,109.60176086425781,-618.8255615234375,0.29330015182495117
2025-09-11T16:26:47.996+02:00,-562.25439453125,-173.50750732421875,-1.0325343608856201,62.53277587890625,-1011.6826782226562,-2.697223424911499,109.60176086425781,-618.8255615234375,0.29330015182495117
2025-09-11T16:26:48.016+02:00,-562.25439453125,-173.50750732421875,-1.0325343608856201,62.53277587890625,-1011.6826782226562,-2.697223424911499,109.60176086425781,-618.8255615234375,0.29330015182495117
2025-09-11T16:26:48.036+02:00,-562.25439453125,-173.50750732421875,-1.0325343608856201,62.53277587890625,-1011.6826782226562,-2.697223424911499,109.60176086425781,-618.8255615234375,0.29330015182495117
2025-09-11T16:26:48.056+02:00,-562.25439453125,-173.50750732421875,-1.0325343608856201,62.53277587890625,-1011.6826782226562,-2.697223424911499,109.60176086425781,-618.8255615234375,0.29330015182495117
2025-09-11T16:26:48.076+02:00,-562.25439453125,-173.50750732421875,-1.0325343608856201,62.53277587890625,-1011.6826782226562,-2.697223424911499,109.60176086425781,-618.8255615234375,0.29330015182495117
2025-09-11T16:26:48.096+02:00,-562.25439453125,-173.50750732421875,-1.0325343608856201,62.53277587890625,-1011.6826782226562,-2.697223424911499,109.60176086425781,-618.8255615234375,0.29330015182495117
2025-09-11T16:26:48.116+02:00,-562.25439453125,-173.50750732421875,-1.0325343608856201,62.53277587890625,-1011.6826782226562,-2.697223424911499,109.60176086425781,-618.8255615234375,0.29330015182495117
2025-09-11T16:26:48.136+02:00,-562.25439453125,-173.50750732421875,-1.0325343608856201,62.53277587890625,-1011.6826782226562,-2.697223424911499,109.60176086425781,-618.8255615234375,0.29330015182495117
2025-09-11T16:26:48.156+02:00,-562.25439453125,-173.50750732421875,-1.0325343608856201,62.53277587890625,-1011.6826782226562,-2.697223424911499,109.60176086425781,-618.8255615234375,0.29330015182495117
2025-09-11T16:26:48.176+02:00,-562.25439453125,-173.50750732421875,-1.0325343608856201,62.53277587890625,-1011.6826782226562,-2.697223424911499,109.60176086425781,-618.8255615234375,0.29330015182495117
2025-09-11T16:26:48.196+02:00,-562.25439453125,-173.50750732421875,-1.0325343608856201,62.53277587890625,-1011.6826782226562,-2.697223424911499,109.60176086425781,-618.8255615234375,0.29330015182495117
2025-09-11T16:26:48.216+02:00,-562.25439453125,-173.50750732421875,-1.0325343608856201,62.53277587890625,-1011.6826782226562,-2.697223424911499,109.60176086425781,-618.8255615234375,0.29330015182495117
2025-09-11T16:26:48.236+02:00,-562.25439453125,-173.50750732421875,-1.0325343608856201,62.53277587890625,-1011.6826782226562,-2.697223424911499,109.60176086425781,-618.8255615234375,0.29330015182495117
2025-09-11T16:26:48.256+02:00,-562.25439453125,-173.50750732421875,-1.0325343608856201,62.53277587890625,-1011.6826782226562,-2.697223424911499,109.60176086425781,-618.8255615234375,0.29330015182495117
2025-09-11T16:26:48.276+02:00,-562.25439453125,-173.50750732421875,-1.0325343608856201,62.53277587890625,-1011.6826782226562,-2.697223424911499,109.60176086425781,-618.8255615234375,0.29330015182495117
2025-09-11T16:26:48.296+02:00,-562.25439453125,-173.50750732421875,-1.0325343608856201,62.53277587890625,-1011.6826782226562,-2.697223424911499,109.60176086425781,-618.8255615234375,0.29330015182495117
2025-09-11T16:26:48.316+02:00,-562.25439453125,-173.50750732421875,-1.0325343608856201,62.53277587890625,-1011.6826782226562,-2.697223424911499,109.60176086425781,-618.8255615234375,0.29330015182495117
2025-09-11T16:26:48.336+02:00,-562.25439453125,-173.50750732421875,-1.0325343608856201,62.53277587890625,-1011.6826782226562,-2.697223424911499,109.60176086425781,-618.8255615234375,0.29330015182495117
2025-09-11T16:26:48.356+02:00,-562.25439453125,-173.50750732421875,-1.0325343608856201,62.53277587890625,-1011.6826782226562,-2.697223424911499,109.60176086425781,-618.8255615234375,0.29330015182495117
2025-09-11T16:26:48.376+02:00,-562.25439453125,-173.50750732421875,-1.0325343608856201,62.53277587890625,-1011.6826782226562,-2.697223424911499,109.60176086425781,-618.8255615234375,0.29330015182495117
2025-09-11T16:26:48.396+02:00,-562.25439453125,-173.50750732421875,-1.0325343608856201,62.53277587890625,-1011.6826782226562,-2.697223424911499,109.60176086425781,-618.8255615234375,0.29330015182495117
2025-09-11T16:26:48.416+02:00,-562.25439453125,-173.50750732421875,-1.0325343608856201,62.53277587890625,-1011.6826782226562,-2.697223424911499,109.60176086425781,-618.8255615234375,0.29330015182495117
2025-09-11T16:26:48.436+02:00,-562.25439453125,-173.50750732421875,-1.0325343608856201,62.53277587890625,-1011.6826782226562,-2.697223424911499,109.60176086425781,-618.8255615234375,0.29330015182495117
2025-09-11T16:26:48.456+02:00,-562.25439453125,-173.50750732421875,-1.0325343608856201,62.53277587890625,-1011.6826782226562,-2.697223424911499,109.60176086425781,-618.8255615234375,0.29330015182495117
2025-09-11T16:26:48.476+02:00,-562.25439453125,-173.50750732421875,-1.0325343608856201,62.53277587890625,-1011.6826782226562,-2.697223424911499,109.60176086425781,-618.8255615234375,0.29330015182495117
2025-09-11T16:26:48.496+02:00,-562.25439453125,-173.50750732421875,-1.0325343608856201,62.53277587890625,-1011.6826782226562,-2.697223424911499,109.60176086425781,-618.8255615234375,0.29330015182495117
2025-09-11T16:26:48.516+02:00,-562.25439453125,-173.50750732421875,-1.0325343608856201,62.53277587890625,-1011.6826782226562,-2.697223424911499,109.60176086425781,-618.8255615234375,0.29330015182495117
2025-09-11T16:26:48.536+02:00,-562.25439453125,-173.50750732421875,-1.0325343608856201,62.53277587890625,-1011.6826782226562,-2.697223424911499,109.60176086425781,-618.8255615234375,0.29330015182495117
2025-09-11T16:26:48.556+02:00,-562.25439453125,-173.50750732421875,-1.0325343608856201,62.53277587890625,-1011.6826782226562,-2.697223424911499,109.60176086425781,-618.8255615234375,0.29330015182495117
2025-09-11T16:26:48.576+02:00,-562.25439453125,-173.50750732421875,-1.0325343608856201,62.53277587890625,-1011.6826782226562,-2.697223424911499,109.60176086425781,-618.8255615234375,0.29330015182495117
2025-09-11T16:26:48.596+02:00,-562.25439453125,-173.50750732421875,-1.0325343608856201,62.53277587890625,-1011.6826782226562,-2.697223424911499,109.60176086425781,-618.8255615234375,0.29330015182495117
2025-09-11T16:26:48.616+02:00,-562.25439453125,-173.50750732421875,-1.0325343608856201,62.53277587890625,-1011.6826782226562,-2.697223424911499,109.60176086425781,-618.8255615234375,0.29330015182495117
2025-09-11T16:26:48.636+02:00,-562.25439453125,-173.50750732421875,-1.0325343608856201,62.53277587890625,-1011.6826782226562,-2.697223424911499,109.60176086425781,-618.8255615234375,0.29330015182495117
2025-09-11T16:26:48.656+02:00,-562.25439453125,-173.50750732421875,-1.0325343608856201,62.53277587890625,-1011.6826782226562,-2.697223424911499,109.60176086425781,-618.8255615234375,0.29330015182495117
2025-09-11T16:26:48.676+02:00,-562.25439453125,-173.50750732421875,-1.0325343608856201,62.53277587890625,-1011.6826782226562,-2.697223424911499,109.60176086425781,-618.8255615234375,0.29330015182495117
2025-09-11T16:26:48.696+02:00,-562.25439453125,-173.50750732421875,-1.0325343608856201,62.53277587890625,-1011.6826782226562,-2.697223424911499,109.60176086425781,-618.8255615234375,0.29330015182495117
2025-09-11T16:26:48.716+02:00,-562.25439453125,-173.50750732421875,-1.0325343608856201,62.53277587890625,-1011.6826782226562,-2.697223424911499,109.60176086425781,-618.8255615234375,0.29330015182495117
2025-09-11T16:26:48.736+02:00,-562.25439453125,-173.50750732421875,-1.0325343608856201,62.53277587890625,-1011.6826782226562,-2.697223424911499,109.60176086425781,-618.8255615234375,0.29330015182495117
2025-09-11T16:26:48.756+02:00,-562.25439453125,-173.50750732421875,-1.0325343608856201,62.53277587890625,-1011.6826782226562,-2.697223424911499,109.60176086425781,-618.8255615234375,0.29330015182495117
2025-09-11T16:26:48.776+02:00,-562.25439453125,-173.50750732421875,-1.0325343608856201,62.53277587890625,-1011.6826782226562,-2.697223424911499,109.60176086425781,-618.8255615234375,0.29330015182495117
2025-09-11T16:26:48.796+02:00,-562.25439453125,-173.50750732421875,-1.0325343608856201,62.53277587890625,-1011.6826782226562,-2.697223424911499,109.60176086425781,-618.8255615234375,0.29330015182495117
2025-09-11T16:26:48.816+02:00,-562.25439453125,-173.50750732421875,-1.0325343608856201,62.53277587890625,-1011.6826782226562,-2.697223424911499,109.60176086425781,-618.8255615234375,0.29330015182495117
2025-09-11T16:26:48.836+02:00,-562.25439453125,-173.50750732421875,-1.0325343608856201,62.53277587890625,-1011.6826782226562,-2.697223424911499,109.60176086425781,-618.8255615234375,0.29330015182495117
2025-09-11T16:26:48.856+02:00,-562.25439453125,-173.50750732421875,-1.0325343608856201,62.53277587890625,-1011.6826782226562,-2.697223424911499,109.60176086425781,-618.8255615234375,0.29330015182495117
2025-09-11T16:26:48.876+02:00,-562.25439453125,-173.50750732421875,-1.0325343608856201,62.53277587890625,-1011.6826782226562,-2.697223424911499,109.60176086425781,-618.8255615234375,0.29330015182495117
2025-09-11T16:26:48.896+02:00,-562.25439453125,-173.50750732421875,-1.0325343608856201,62.53277587890625,-1011.6826782226562,-2.697223424911499,109.60176086425781,-618.8255615234375,0.29330015182495117
2025-09-11T16:26:48.916+02:00,-562.25439453125,-173.50750732421875,-1.0325343608856201,62.53277587890625,-1011.6826782226562,-2.697223424911499,109.60176086425781,-618.8255615234375,0.29330015182495117
2025-09-11T16:26:48.936+02:00,-562.25439453125,-173.50750732421875,-1.0325343608856201,62.53277587890625,-1011.6826782226562,-2.697223424911499,109.60176086425781,-618.8255615234375,0.29330015182495117
2025-09-11T16:26:48.956+02:00,-562.25439453125,-173.50750732421875,-1.0325343608856201,62.53277587890625,-1011.6826782226562,-2.697223424911499,109.60176086425781,-618.8255615234375,0.29330015182495117
2025-09-11T16:26:48.976+02:00,-562.25439453125,-173.50750732421875,-1.0325343608856201,62.53277587890625,-1011.6826782226562,-2.697223424911499,109.60176086425781,-618.8255615234375,0.29330015182495117
2025-09-11T16:26:48.996+02:00,-562.25439453125,-173.50750732421875,-1.0325343608856201,62.53277587890625,-1011.6826782226562,-2.697223424911499,109.60176086425781,-618.8255615234375,0.29330015182495117
2025-09-11T16:26:49.016+02:00,-562.25439453125,-173.50750732421875,-1.0325343608856201,62.53277587890625,-1011.6826782226562,-2.697223424911499,109.60176086425781,-618.8255615234375,0.29330015182495117
2025-09-11T16:26:49.036+02:00,-562.25439453125,-173.50750732421875,-1.0325343608856201,62.53277587890625,-1011.6826782226562,-2.697223424911499,109.60176086425781,-618.8255615234375,0.29330015182495117
2025-09-11T16:26:49.056+02:00,-562.25439453125,-173.50750732421875,-1.0325343608856201,62.53277587890625,-1011.6826782226562,-2.697223424911499,109.60176086425781,-618.8255615234375,0.29330015182495117
2025-09-11T16:26:49.076+02:00,-562.25439453125,-173.50750732421875,-1.0325343608856201,62.53277587890625,-1011.6826782226562,-2.697223424911499,109.60176086425781,-618.8255615234375,0.29330015182495117
2025-09-11T16:26:49.096+02:00,-562.25439453125,-173.50750732421875,-1.0325343608856201,62.53277587890625,-1011.6826782226562,-2.697223424911499,109.60176086425781,-618.8255615234375,0.29330015182495117
2025-09-11T16:26:49.116+02:00,-562.25439453125,-173.50750732421875,-1.0325343608856201,62.53277587890625,-1011.6826782226562,-2.697223424911499,109.60176086425781,-618.8255615234375,0.29330015182495117
2025-09-11T16:26:49.136+02:00,-562.25439453125,-173.50750732421875,-1.0325343608856201,62.53277587890625,-1011.6826782226562,-2.697223424911499,109.60176086425781,-618.8255615234375,0.29330015182495117
2025-09-11T16:26:49.156+02:00,-562.25439453125,-173.50750732421875,-1.0325343608856201,62.53277587890625,-1011.6826782226562,-2.697223424911499,109.60176086425781,-618.8255615234375,0.29330015182495117
2025-09-11T16:26:49.176+02:00,-562.25439453125,-173.50750732421875,-1.0325343608856201,62.53277587890625,-1011.6826782226562,-2.697223424911499,109.60176086425781,-618.8255615234375,0.29330015182495117
2025-09-11T16:26:49.196+02:00,-562.25439453125,-173.50750732421875,-1.0325343608856201,62.53277587890625,-1011.6826782226562,-2.697223424911499,109.60176086425781,-618.8255615234375,0.29330015182495117
2025-09-11T16:26:49.216+02:00,-562.25439453125,-173.50750732421875,-1.0325343608856201,62.53277587890625,-1011.6826782226562,-2.697223424911499,109.60176086425781,-618.8255615234375,0.29330015182495117
2025-09-11T16:26:49.236+02:00,-562.25439453125,-173.50750732421875,-1.0325343608856201,62.53277587890625,-1011.6826782226562,-2.697223424911499,109.60176086425781,-618.8255615234375,0.29330015182495117
2025-09-11T16:26:49.256+02:00,-562.25439453125,-173.50750732421875,-1.0325343608856201,62.53277587890625,-1011.6826782226562,-2.697223424911499,109.60176086425781,-618.8255615234375,0.29330015182495117
2025-09-11T16:26:49.276+02:00,-562.25439453125,-173.50750732421875,-1.0325343608856201,62.53277587890625,-1011.6826782226562,-2.697223424911499,109.60176086425781,-618.8255615234375,0.29330015182495117
2025-09-11T16:26:49.296+02:00,-562.25439453125,-173.50750732421875,-1.0325343608856201,62.53277587890625,-1011.6826782226562,-2.697223424911499,109.60176086425781,-618.8255615234375,0.29330015182495117
2025-09-11T16:26:49.316+02:00,-562.25439453125,-173.50750732421875,-1.0325343608856201,62.53277587890625,-1011.6826782226562,-2.697223424911499,109.60176086425781,-618.8255615234375,0.29330015182495117
2025-09-11T16:26:49.336+02:00,-562.25439453125,-173.50750732421875,-1.0325343608856201,62.53277587890625,-1011.6826782226562,-2.697223424911499,109.60176086425781,-618.8255615234375,0.29330015182495117
2025-09-11T16:26:49.356+02:00,-562.25439453125,-173.50750732421875,-1.0325343608856201,62.53277587890625,-1011.6826782226562,-2.697223424911499,109.60176086425781,-618.8255615234375,0.29330015182495117
2025-09-11T16:26:49.376+02:00,-562.25439453125,-173.50750732421875,-1.0325343608856201,62.53277587890625,-1011.6826782226562,-2.697223424911499,109.60176086425781,-618.8255615234375,0.29330015182495117
2025-09-11T16:26:49.396+02:00,-562.25439453125,-173.50750732421875,-1.0325343608856201,62.53277587890625,-1011.6826782226562,-2.697223424911499,109.60176086425781,-618.8255615234375,0.29330015182495117
2025-09-11T16:26:49.416+02:00,-562.25439453125,-173.50750732421875,-1.0325343608856201,62.53277587890625,-1011.6826782226562,-2.697223424911499,109.60176086425781,-618.8255615234375,0.29330015182495117
2025-09-11T16:26:49.436+02:00,-562.25439453125,-173.50750732421875,-1.0325343608856201,62.53277587890625,-1011.6826782226562,-2.697223424911499,109.60176086425781,-618.8255615234375,0.29330015182495117
2025-09-11T16:26:49.456+02:00,-562.25439453125,-173.50750732421875,-1.0325343608856201,62.53277587890625,-1011.6826782226562,-2.697223424911499,109.60176086425781,-618.8255615234375,0.29330015182495117
2025-09-11T16:26:49.476+02:00,-562.25439453125,-173.50750732421875,-1.0325343608856201,62.53277587890625,-1011.6826782226562,-2.697223424911499,109.60176086425781,-618.8255615234375,0.29330015182495117
2025-09-11T16:26:49.496+02:00,-562.25439453125,-173.50750732421875,-1.0325343608856201,62.53277587890625,-1011.6826782226562,-2.697223424911499,109.60176086425781,-618.8255615234375,0.29330015182495117
2025-09-11T16:26:49.516+02:00,-562.25439453125,-173.50750732421875,-1.0325343608856201,62.53277587890625,-1011.6826782226562,-2.697223424911499,109.60176086425781,-618.8255615234375,0.29330015182495117
2025-09-11T16:26:49.536+02:00,-562.25439453125,-173.50750732421875,-1.0325343608856201,62.53277587890625,-1011.6826782226562,-2.697223424911499,109.60176086425781,-618.8255615234375,0.29330015182495117
2025-09-11T16:26:49.556+02:00,-562.25439453125,-173.50750732421875,-1.0325343608856201,62.53277587890625,-1011.6826782226562,-2.697223424911499,109.60176086425781,-618.8255615234375,0.29330015182495117
2025-09-11T16:26:49.576+02:00,-562.25439453125,-173.50750732421875,-1.0325343608856201,62.53277587890625,-1011.6826782226562,-2.697223424911499,109.60176086425781,-618.8255615234375,0.29330015182495117
2025-09-11T16:26:49.596+02:00,-562.25439453125,-173.50750732421875,-1.0325343608856201,62.53277587890625,-1011.6826782226562,-2.697223424911499,109.60176086425781,-618.8255615234375,0.29330015182495117
2025-09-11T16:26:49.616+02:00,-562.25439453125,-173.50750732421875,-1.0325343608856201,62.53277587890625,-1011.6826782226562,-2.697223424911499,109.60176086425781,-618.8255615234375,0.29330015182495117
2025-09-11T16:26:49.636+02:00,-562.25439453125,-173.50750732421875,-1.0325343608856201,62.53277587890625,-1011.6826782226562,-2.697223424911499,109.60176086425781,-618.8255615234375,0.29330015182495117
2025-09-11T16:26:49.656+02:00,-562.25439453125,-173.50750732421875,-1.0325343608856201,62.53277587890625,-1011.6826782226562,-2.697223424911499,109.60176086425781,-618.8255615234375,0.29330015182495117
2025-09-11T16:26:49.676+02:00,-562.25439453125,-173.50750732421875,-1.0325343608856201,62.53277587890625,-1011.6826782226562,-2.697223424911499,109.60176086425781,-618.8255615234375,0.29330015182495117
2025-09-11T16:26:49.696+02:00,-562.25439453125,-173.50750732421875,-1.0325343608856201,62.53277587890625,-1011.6826782226562,-2.697223424911499,109.60176086425781,-618.8255615234375,0.29330015182495117
2025-09-11T16:26:49.716+02:00,-562.25439453125,-173.50750732421875,-1.0325343608856201,62.53277587890625,-1011.6826782226562,-2.697223424911499,109.60176086425781,-618.8255615234375,0.29330015182495117
2025-09-11T16:26:49.736+02:00,-562.25439453125,-173.50750732421875,-1.0325343608856201,62.53277587890625,-1011.6826782226562,-2.697223424911499,109.60176086425781,-618.8255615234375,0.29330015182495117
2025-09-11T16:26:49.756+02:00,-562.25439453125,-173.50750732421875,-1.0325343608856201,62.53277587890625,-1011.6826782226562,-2.697223424911499,109.60176086425781,-618.8255615234375,0.29330015182495117
2025-09-11T16:26:49.776+02:00,-562.25439453125,-173.50750732421875,-1.0325343608856201,62.53277587890625,-1011.6826782226562,-2.697223424911499,109.60176086425781,-618.8255615234375,0.29330015182495117
2025-09-11T16:26:49.796+02:00,-562.25439453125,-173.50750732421875,-1.0325343608856201,62.53277587890625,-1011.6826782226562,-2.697223424911499,109.60176086425781,-618.8255615234375,0.29330015182495117
2025-09-11T16:26:49.816+02:00,-562.25439453125,-173.50750732421875,-1.0325343608856201,62.53277587890625,-1011.6826782226562,-2.697223424911499,109.60176086425781,-618.8255615234375,0.29330015182495117
2025-09-11T16:26:49.836+02:00,-562.25439453125,-173.50750732421875,-1.0325343608856201,62.53277587890625,-1011.6826782226562,-2.697223424911499,109.60176086425781,-618.8255615234375,0.29330015182495117
2025-09-11T16:26:49.856+02:00,-562.25439453125,-173.50750732421875,-1.0325343608856201,62.53277587890625,-1011.6826782226562,-2.697223424911499,109.60176086425781,-618.8255615234375,0.29330015182495117
2025-09-11T16:26:49.876+02:00,-562.25439453125,-173.50750732421875,-1.0325343608856201,62.53277587890625,-1011.6826782226562,-2.697223424911499,109.60176086425781,-618.8255615234375,0.29330015182495117
2025-09-11T16:26:49.896+02:00,-562.25439453125,-173.50750732421875,-1.0325343608856201,62.53277587890625,-1011.6826782226562,-2.697223424911499,109.60176086425781,-618.8255615234375,0.29330015182495117
2025-09-11T16:26:49.916+02:00,-562.25439453125,-173.50750732421875,-1.0325343608856201,62.53277587890625,-1011.6826782226562,-2.697223424911499,109.60176086425781,-618.8255615234375,0.29330015182495117
2025-09-11T16:26:49.936+02:00,-562.25439453125,-173.50750732421875,-1.0325343608856201,62.53277587890625,-1011.6826782226562,-2.697223424911499,109.60176086425781,-618.8255615234375,0.29330015182495117
2025-09-11T16:26:49.956+02:00,-562.25439453125,-173.50750732421875,-1.0325343608856201,62.53277587890625,-1011.6826782226562,-2.697223424911499,109.60176086425781,-618.8255615234375,0.29330015182495117
2025-09-11T16:26:49.976+02:00,-562.25439453125,-173.50750732421875,-1.0325343608856201,62.53277587890625,-1011.6826782226562,-2.697223424911499,109.60176086425781,-618.8255615234375,0.29330015182495117
2025-09-11T16:26:49.996+02:00,-562.25439453125,-173.50750732421875,-1.0325343608856201,62.53277587890625,-1011.6826782226562,-2.697223424911499,109.60176086425781,-618.8255615234375,0.29330015182495117
2025-09-11T16:26:50.016+02:00,-562.25439453125,-173.50750732421875,-1.0325343608856201,62.53277587890625,-1011.6826782226562,-2.697223424911499,109.60176086425781,-618.8255615234375,0.29330015182495117
2025-09-11T16:26:50.036+02:00,-562.25439453125,-173.50750732421875,-1.0325343608856201,62.53277587890625,-1011.6826782226562,-2.697223424911499,109.60176086425781,-618.8255615234375,0.29330015182495117
2025-09-11T16:26:50.056+02:00,-562.25439453125,-173.50750732421875,-1.0325343608856201,62.53277587890625,-1011.6826782226562,-2.697223424911499,109.60176086425781,-618.8255615234375,0.29330015182495117
2025-09-11T16:26:50.076+02:00,-562.25439453125,-173.50750732421875,-1.0325343608856201,62.53277587890625,-1011.6826782226562,-2.697223424911499,109.60176086425781,-618.8255615234375,0.29330015182495117
2025-09-11T16:26:50.096+02:00,-562.25439453125,-173.50750732421875,-1.0325343608856201,62.53277587890625,-1011.6826782226562,-2.697223424911499,109.60176086425781,-618.8255615234375,0.29330015182495117
2025-09-11T16:26:50.116+02:00,-562.25439453125,-173.50750732421875,-1.0325343608856201,62.53277587890625,-1011.6826782226562,-2.697223424911499,109.60176086425781,-618.8255615234375,0.29330015182495117
2025-09-11T16:26:50.136+02:00,-562.25439453125,-173.50750732421875,-1.0325343608856201,62.53277587890625,-1011.6826782226562,-2.697223424911499,109.60176086425781,-618.8255615234375,0.29330015182495117
2025-09-11T16:26:50.156+02:00,-562.25439453125,-173.50750732421875,-1.0325343608856201,62.53277587890625,-1011.6826782226562,-2.697223424911499,109.60176086425781,-618.8255615234375,0.29330015182495117
2025-09-11T16:26:50.176+02:00,-562.25439453125,-173.50750732421875,-1.0325343608856201,62.53277587890625,-1011.6826782226562,-2.697223424911499,109.60176086425781,-618.8255615234375,0.29330015182495117
2025-09-11T16:26:50.196+02:00,-562.25439453125,-173.50750732421875,-1.0325343608856201,62.53277587890625,-1011.6826782226562,-2.697223424911499,109.60176086425781,-618.8255615234375,0.29330015182495117
2025-09-11T16:26:50.216+02:00,-562.25439453125,-173.50750732421875,-1.0325343608856201,62.53277587890625,-1011.6826782226562,-2.697223424911499,109.60176086425781,-618.8255615234375,0.29330015182495117
2025-09-11T16:26:50.236+02:00,-562.25439453125,-173.50750732421875,-1.0325343608856201,62.53277587890625,-1011.6826782226562,-2.697223424911499,109.60176086425781,-618.8255615234375,0.29330015182495117
2025-09-11T16:26:50.256+02:00,-562.25439453125,-173.50750732421875,-1.0325343608856201,62.53277587890625,-1011.6826782226562,-2.697223424911499,109.60176086425781,-618.8255615234375,0.29330015182495117
2025-09-11T16:26:50.276+02:00,-562.25439453125,-173.50750732421875,-1.0325343608856201,62.53277587890625,-1011.6826782226562,-2.697223424911499,109.60176086425781,-618.8255615234375,0.29330015182495117
2025-09-11T16:26:50.296+02:00,-562.25439453125,-173.50750732421875,-1.0325343608856201,62.53277587890625,-1011.6826782226562,-2.697223424911499,109.60176086425781,-618.8255615234375,0.29330015182495117
2025-09-11T16:26:50.316+02:00,-562.25439453125,-173.50750732421875,-1.0325343608856201,62.53277587890625,-1011.6826782226562,-2.697223424911499,109.60176086425781,-618.8255615234375,0.29330015182495117
2025-09-11T16:26:50.336+02:00,-562.25439453125,-173.50750732421875,-1.0325343608856201,62.53277587890625,-1011.6826782226562,-2.697223424911499,109.60176086425781,-618.8255615234375,0.29330015182495117
2025-09-11T16:26:50.356+02:00,-562.25439453125,-173.50750732421875,-1.0325343608856201,62.53277587890625,-1011.6826782226562,-2.697223424911499,109.60176086425781,-618.8255615234375,0.29330015182495117
2025-09-11T16:26:50.376+02:00,-562.25439453125,-173.50750732421875,-1.0325343608856201,62.53277587890625,-1011.6826782226562,-2.697223424911499,109.60176086425781,-618.8255615234375,0.29330015182495117
2025-09-11T16:26:50.396+02:00,-562.25439453125,-173.50750732421875,-1.0325343608856201,62.53277587890625,-1011.6826782226562,-2.697223424911499,109.60176086425781,-618.8255615234375,0.29330015182495117
2025-09-11T16:26:50.416+02:00,-562.25439453125,-173.50750732421875,-1.0325343608856201,62.53277587890625,-1011.6826782226562,-2.697223424911499,109.60176086425781,-618.8255615234375,0.29330015182495117
2025-09-11T16:26:50.436+02:00,-562.25439453125,-173.50750732421875,-1.0325343608856201,62.53277587890625,-1011.6826782226562,-2.697223424911499,109.60176086425781,-618.8255615234375,0.29330015182495117
2025-09-11T16:26:50.456+02:00,-562.25439453125,-173.50750732421875,-1.0325343608856201,62.53277587890625,-1011.6826782226562,-2.697223424911499,109.60176086425781,-618.8255615234375,0.29330015182495117
2025-09-11T16:26:50.476+02:00,-562.25439453125,-173.50750732421875,-1.0325343608856201,62.53277587890625,-1011.6826782226562,-2.697223424911499,109.60176086425781,-618.8255615234375,0.29330015182495117
2025-09-11T16:26:50.496+02:00,-562.25439453125,-173.50750732421875,-1.0325343608856201,62.53277587890625,-1011.6826782226562,-2.697223424911499,109.60176086425781,-618.8255615234375,0.29330015182495117
2025-09-11T16:26:50.516+02:00,-562.25439453125,-173.50750732421875,-1.0325343608856201,62.53277587890625,-1011.6826782226562,-2.697223424911499,109.60176086425781,-618.8255615234375,0.29330015182495117
2025-09-11T16:26:50.536+02:00,-562.25439453125,-173.50750732421875,-1.0325343608856201,62.53277587890625,-1011.6826782226562,-2.697223424911499,109.60176086425781,-618.8255615234375,0.29330015182495117
2025-09-11T16:26:50.556+02:00,-562.25439453125,-173.50750732421875,-1.0325343608856201,62.53277587890625,-1011.6826782226562,-2.697223424911499,109.60176086425781,-618.8255615234375,0.29330015182495117
2025-09-11T16:26:50.576+02:00,-562.25439453125,-173.50750732421875,-1.0325343608856201,62.53277587890625,-1011.6826782226562,-2.697223424911499,109.60176086425781,-618.8255615234375,0.29330015182495117
2025-09-11T16:26:50.596+02:00,-562.25439453125,-173.50750732421875,-1.0325343608856201,62.53277587890625,-1011.6826782226562,-2.697223424911499,109.60176086425781,-618.8255615234375,0.29330015182495117
2025-09-11T16:26:50.616+02:00,-562.25439453125,-173.50750732421875,-1.0325343608856201,62.53277587890625,-1011.6826782226562,-2.697223424911499,109.60176086425781,-618.8255615234375,0.29330015182495117
2025-09-11T16:26:50.636+02:00,-562.25439453125,-173.50750732421875,-1.0325343608856201,62.53277587890625,-1011.6826782226562,-2.697223424911499,109.60176086425781,-618.8255615234375,0.29330015182495117
2025-09-11T16:26:50.656+02:00,-562.25439453125,-173.50750732421875,-1.0325343608856201,62.53277587890625,-1011.6826782226562,-2.697223424911499,109.60176086425781,-618.8255615234375,0.29330015182495117
2025-09-11T16:26:50.676+02:00,-562.25439453125,-173.50750732421875,-1.0325343608856201,62.53277587890625,-1011.6826782226562,-2.697223424911499,109.60176086425781,-618.8255615234375,0.29330015182495117
2025-09-11T16:26:50.696+02:00,-562.25439453125,-173.50750732421875,-1.0325343608856201,62.53277587890625,-1011.6826782226562,-2.697223424911499,109.60176086425781,-618.8255615234375,0.29330015182495117
2025-09-11T16:26:50.716+02:00,-562.25439453125,-173.50750732421875,-1.0325343608856201,62.53277587890625,-1011.6826782226562,-2.697223424911499,109.60176086425781,-618.8255615234375,0.29330015182495117
2025-09-11T16:26:50.736+02:00,-562.25439453125,-173.50750732421875,-1.0325343608856201,62.53277587890625,-1011.6826782226562,-2.697223424911499,109.60176086425781,-618.8255615234375,0.29330015182495117
2025-09-11T16:26:50.756+02:00,-562.25439453125,-173.50750732421875,-1.0325343608856201,62.53277587890625,-1011.6826782226562,-2.697223424911499,109.60176086425781,-618.8255615234375,0.29330015182495117
2025-09-11T16:26:50.776+02:00,-562.25439453125,-173.50750732421875,-1.0325343608856201,62.53277587890625,-1011.6826782226562,-2.697223424911499,109.60176086425781,-618.8255615234375,0.29330015182495117
2025-09-11T16:26:50.796+02:00,-562.25439453125,-173.50750732421875,-1.0325343608856201,62.53277587890625,-1011.6826782226562,-2.697223424911499,109.60176086425781,-618.8255615234375,0.29330015182495117
2025-09-11T16:26:50.816+02:00,-562.25439453125,-173.50750732421875,-1.0325343608856201,62.53277587890625,-1011.6826782226562,-2.697223424911499,109.60176086425781,-618.8255615234375,0.29330015182495117
2025-09-11T16:26:50.836+02:00,-562.25439453125,-173.50750732421875,-1.0325343608856201,62.53277587890625,-1011.6826782226562,-2.697223424911499,109.60176086425781,-618.8255615234375,0.29330015182495117
2025-09-11T16:26:50.856+02:00,-562.25439453125,-173.50750732421875,-1.0325343608856201,62.53277587890625,-1011.6826782226562,-2.697223424911499,109.60176086425781,-618.8255615234375,0.29330015182495117
2025-09-11T16:26:50.876+02:00,-562.25439453125,-173.50750732421875,-1.0325343608856201,62.53277587890625,-1011.6826782226562,-2.697223424911499,109.60176086425781,-618.8255615234375,0.29330015182495117
2025-09-11T16:26:50.896+02:00,-562.25439453125,-173.50750732421875,-1.0325343608856201,62.53277587890625,-1011.6826782226562,-2.697223424911499,109.60176086425781,-618.8255615234375,0.29330015182495117
2025-09-11T16:26:50.916+02:00,-562.25439453125,-173.50750732421875,-1.0325343608856201,62.53277587890625,-1011.6826782226562,-2.697223424911499,109.60176086425781,-618.8255615234375,0.29330015182495117
2025-09-11T16:26:50.936+02:00,-562.25439453125,-173.50750732421875,-1.0325343608856201,62.53277587890625,-1011.6826782226562,-2.697223424911499,109.60176086425781,-618.8255615234375,0.29330015182495117
2025-09-11T16:26:50.956+02:00,-562.25439453125,-173.50750732421875,-1.0325343608856201,62.53277587890625,-1011.6826782226562,-2.697223424911499,109.60176086425781,-618.8255615234375,0.29330015182495117
2025-09-11T16:26:50.976+02:00,-562.25439453125,-173.50750732421875,-1.0325343608856201,62.53277587890625,-1011.6826782226562,-2.697223424911499,109.60176086425781,-618.8255615234375,0.29330015182495117
2025-09-11T16:26:50.996+02:00,-562.25439453125,-173.50750732421875,-1.0325343608856201,62.53277587890625,-1011.6826782226562,-2.697223424911499,109.60176086425781,-618.8255615234375,0.29330015182495117
2025-09-11T16:26:51.016+02:00,-562.25439453125,-173.50750732421875,-1.0325343608856201,62.53277587890625,-1011.6826782226562,-2.697223424911499,109.60176086425781,-618.8255615234375,0.29330015182495117
2025-09-11T16:26:51.036+02:00,-562.25439453125,-173.50750732421875,-1.0325343608856201,62.53277587890625,-1011.6826782226562,-2.697223424911499,109.60176086425781,-618.8255615234375,0.29330015182495117
2025-09-11T16:26:51.056+02:00,-562.25439453125,-173.50750732421875,-1.0325343608856201,62.53277587890625,-1011.6826782226562,-2.697223424911499,109.60176086425781,-618.8255615234375,0.29330015182495117
2025-09-11T16:26:51.076+02:00,-562.25439453125,-173.50750732421875,-1.0325343608856201,62.53277587890625,-1011.6826782226562,-2.697223424911499,109.60176086425781,-618.8255615234375,0.29330015182495117
2025-09-11T16:26:51.096+02:00,-562.25439453125,-173.50750732421875,-1.0325343608856201,62.53277587890625,-1011.6826782226562,-2.697223424911499,109.60176086425781,-618.8255615234375,0.29330015182495117
2025-09-11T16:26:51.116+02:00,-562.25439453125,-173.50750732421875,-1.0325343608856201,62.53277587890625,-1011.6826782226562,-2.697223424911499,109.60176086425781,-618.8255615234375,0.29330015182495117
2025-09-11T16:26:51.136+02:00,-562.25439453125,-173.50750732421875,-1.0325343608856201,62.53277587890625,-1011.6826782226562,-2.697223424911499,109.60176086425781,-618.8255615234375,0.29330015182495117
2025-09-11T16:26:51.156+02:00,-562.25439453125,-173.50750732421875,-1.0325343608856201,62.53277587890625,-1011.6826782226562,-2.697223424911499,109.60176086425781,-618.8255615234375,0.29330015182495117
2025-09-11T16:26:51.176+02:00,-562.25439453125,-173.50750732421875,-1.0325343608856201,62.53277587890625,-1011.6826782226562,-2.697223424911499,109.60176086425781,-618.8255615234375,0.29330015182495117
2025-09-11T16:26:51.196+02:00,-562.25439453125,-173.50750732421875,-1.0325343608856201,62.53277587890625,-1011.6826782226562,-2.697223424911499,109.60176086425781,-618.8255615234375,0.29330015182495117
2025-09-11T16:26:51.216+02:00,-562.25439453125,-173.50750732421875,-1.0325343608856201,62.53277587890625,-1011.6826782226562,-2.697223424911499,109.60176086425781,-618.8255615234375,0.29330015182495117
2025-09-11T16:26:51.236+02:00,-562.25439453125,-173.50750732421875,-1.0325343608856201,62.53277587890625,-1011.6826782226562,-2.697223424911499,109.60176086425781,-618.8255615234375,0.29330015182495117
2025-09-11T16:26:51.256+02:00,-562.25439453125,-173.50750732421875,-1.0325343608856201,62.53277587890625,-1011.6826782226562,-2.697223424911499,109.60176086425781,-618.8255615234375,0.29330015182495117
2025-09-11T16:26:51.276+02:00,-562.25439453125,-173.50750732421875,-1.0325343608856201,62.53277587890625,-1011.6826782226562,-2.697223424911499,109.60176086425781,-618.8255615234375,0.29330015182495117
2025-09-11T16:26:51.296+02:00,-562.25439453125,-173.50750732421875,-1.0325343608856201,62.53277587890625,-1011.6826782226562,-2.697223424911499,109.60176086425781,-618.8255615234375,0.29330015182495117
2025-09-11T16:26:51.316+02:00,-562.25439453125,-173.50750732421875,-1.0325343608856201,62.53277587890625,-1011.6826782226562,-2.697223424911499,109.60176086425781,-618.8255615234375,0.29330015182495117
2025-09-11T16:26:51.336+02:00,-562.25439453125,-173.50750732421875,-1.0325343608856201,62.53277587890625,-1011.6826782226562,-2.697223424911499,109.60176086425781,-618.8255615234375,0.29330015182495117
2025-09-11T16:26:51.356+02:00,-562.25439453125,-173.50750732421875,-1.0325343608856201,62.53277587890625,-1011.6826782226562,-2.697223424911499,109.60176086425781,-618.8255615234375,0.29330015182495117
2025-09-11T16:26:51.376+02:00,-562.25439453125,-173.50750732421875,-1.0325343608856201,62.53277587890625,-1011.6826782226562,-2.697223424911499,109.60176086425781,-618.8255615234375,0.29330015182495117
2025-09-11T16:26:51.396+02:00,-562.25439453125,-173.50750732421875,-1.0325343608856201,62.53277587890625,-1011.6826782226562,-2.697223424911499,109.60176086425781,-618.8255615234375,0.29330015182495117
2025-09-11T16:26:51.416+02:00,-562.25439453125,-173.50750732421875,-1.0325343608856201,62.53277587890625,-1011.6826782226562,-2.697223424911499,109.60176086425781,-618.8255615234375,0.29330015182495117
2025-09-11T16:26:51.436+02:00,-562.25439453125,-173.50750732421875,-1.0325343608856201,62.53277587890625,-1011.6826782226562,-2.697223424911499,109.60176086425781,-618.8255615234375,0.29330015182495117
