timestamp,H1_x,H1_y,H1_theta,T1_x,T1_y,T1_theta,O1_x,O1_y,O1_theta
2025-09-11T16:05:52.824+02:00,485.5912170410156,596.0463256835938,-1.834844946861267,94.41199493408203,-974.0227661132812,2.42360782623291,109.63555145263672,-618.817626953125,0.2933797836303711
2025-09-11T16:05:52.844+02:00,485.5912170410156,596.0463256835938,-1.834844946861267,94.41199493408203,-974.0227661132812,2.42360782623291,109.63555145263672,-618.817626953125,0.2933797836303711
2025-09-11T16:05:52.864+02:00,485.5912170410156,596.0463256835938,-1.834844946861267,94.41199493408203,-974.0227661132812,2.42360782623291,109.63555145263672,-618.817626953125,0.2933797836303711
2025-09-11T16:05:52.884+02:00,485.5912170410156,596.0463256835938,-1.834844946861267,94.41199493408203,-974.0227661132812,2.42360782623291,109.63555145263672,-618.817626953125,0.2933797836303711
2025-09-11T16:05:52.904+02:00,485.5912170410156,596.0463256835938,-1.834844946861267,94.41199493408203,-974.0227661132812,2.42360782623291,109.63555145263672,-618.817626953125,0.2933797836303711
2025-09-11T16:05:52.924+02:00,485.5912170410156,596.0463256835938,-1.834844946861267,94.41199493408203,-974.0227661132812,2.42360782623291,109.63555145263672,-618.817626953125,0.2933797836303711
2025-09-11T16:05:52.944+02:00,485.5912170410156,596.0463256835938,-1.834844946861267,94.41199493408203,-974.0227661132812,2.42360782623291,109.63555145263672,-618.817626953125,0.2933797836303711
2025-09-11T16:05:52.964+02:00,485.5912170410156,596.0463256835938,-1.834844946861267,94.41199493408203,-974.0227661132812,2.42360782623291,109.63555145263672,-618.817626953125,0.2933797836303711
2025-09-11T16:05:52.984+02:00,485.5912170410156,596.0463256835938,-1.834844946861267,94.41199493408203,-974.0227661132812,2.42360782623291,109.63555145263672,-618.817626953125,0.2933797836303711
2025-09-11T16:05:53.005+02:00,485.5912170410156,596.0463256835938,-1.834844946861267,94.41199493408203,-974.0227661132812,2.42360782623291,109.63555145263672,-618.817626953125,0.2933797836303711
2025-09-11T16:05:53.024+02:00,485.5165100097656,596.11083984375,-1.8362298011779785,94.4195327758789,-974.0267944335938,2.423313856124878,109.62726593017578,-618.8328857421875,0.29339200258255005
2025-09-11T16:05:53.044+02:00,485.5165100097656,596.11083984375,-1.8362298011779785,94.4195327758789,-974.0267944335938,2.423313856124878,109.62726593017578,-618.8328857421875,0.29339200258255005
2025-09-11T16:05:53.065+02:00,485.5165100097656,596.11083984375,-1.8362298011779785,94.4195327758789,-974.0267944335938,2.423313856124878,109.62726593017578,-618.8328857421875,0.29339200258255005
2025-09-11T16:05:53.084+02:00,485.5165100097656,596.11083984375,-1.8362298011779785,94.4195327758789,-974.0267944335938,2.423313856124878,109.62726593017578,-618.8328857421875,0.29339200258255005
2025-09-11T16:05:53.105+02:00,485.5165100097656,596.11083984375,-1.8362298011779785,94.4195327758789,-974.0267944335938,2.423313856124878,109.62726593017578,-618.8328857421875,0.29339200258255005
2025-09-11T16:05:53.124+02:00,485.5165100097656,596.11083984375,-1.8362298011779785,94.4195327758789,-974.0267944335938,2.423313856124878,109.62726593017578,-618.8328857421875,0.29339200258255005
2025-09-11T16:05:53.144+02:00,485.5165100097656,596.11083984375,-1.8362298011779785,94.4195327758789,-974.0267944335938,2.423313856124878,109.62726593017578,-618.8328857421875,0.29339200258255005
2025-09-11T16:05:53.164+02:00,485.5165100097656,596.11083984375,-1.8362298011779785,94.4195327758789,-974.0267944335938,2.423313856124878,109.62726593017578,-618.8328857421875,0.29339200258255005
2025-09-11T16:05:53.184+02:00,485.5165100097656,596.11083984375,-1.8362298011779785,94.4195327758789,-974.0267944335938,2.423313856124878,109.62726593017578,-618.8328857421875,0.29339200258255005
2025-09-11T16:05:53.205+02:00,485.5165100097656,596.11083984375,-1.8362298011779785,94.4195327758789,-974.0267944335938,2.423313856124878,109.62726593017578,-618.8328857421875,0.29339200258255005
2025-09-11T16:05:53.224+02:00,485.5165100097656,596.11083984375,-1.8362298011779785,94.4195327758789,-974.0267944335938,2.423313856124878,109.62726593017578,-618.8328857421875,0.29339200258255005
2025-09-11T16:05:53.244+02:00,485.5165100097656,596.11083984375,-1.8362298011779785,94.4195327758789,-974.0267944335938,2.423313856124878,109.62726593017578,-618.8328857421875,0.29339200258255005
2025-09-11T16:05:53.264+02:00,485.5165100097656,596.11083984375,-1.8362298011779785,94.4195327758789,-974.0267944335938,2.423313856124878,109.62726593017578,-618.8328857421875,0.29339200258255005
2025-09-11T16:05:53.284+02:00,485.5165100097656,596.11083984375,-1.8362298011779785,94.4195327758789,-974.0267944335938,2.423313856124878,109.62726593017578,-618.8328857421875,0.29339200258255005
2025-09-11T16:05:53.305+02:00,485.5165100097656,596.11083984375,-1.8362298011779785,94.4195327758789,-974.0267944335938,2.423313856124878,109.62726593017578,-618.8328857421875,0.29339200258255005
2025-09-11T16:05:53.324+02:00,485.5165100097656,596.11083984375,-1.8362298011779785,94.4195327758789,-974.0267944335938,2.423313856124878,109.62726593017578,-618.8328857421875,0.29339200258255005
2025-09-11T16:05:53.345+02:00,485.5165100097656,596.11083984375,-1.8362298011779785,94.4195327758789,-974.0267944335938,2.423313856124878,109.62726593017578,-618.8328857421875,0.29339200258255005
2025-09-11T16:05:53.364+02:00,485.5165100097656,596.11083984375,-1.8362298011779785,94.4195327758789,-974.0267944335938,2.423313856124878,109.62726593017578,-618.8328857421875,0.29339200258255005
2025-09-11T16:05:53.384+02:00,485.5165100097656,596.11083984375,-1.8362298011779785,94.4195327758789,-974.0267944335938,2.423313856124878,109.62726593017578,-618.8328857421875,0.29339200258255005
2025-09-11T16:05:53.404+02:00,485.5165100097656,596.11083984375,-1.8362298011779785,94.4195327758789,-974.0267944335938,2.423313856124878,109.62726593017578,-618.8328857421875,0.29339200258255005
2025-09-11T16:05:53.424+02:00,485.5165100097656,596.11083984375,-1.8362298011779785,94.4195327758789,-974.0267944335938,2.423313856124878,109.62726593017578,-618.8328857421875,0.29339200258255005
2025-09-11T16:05:53.445+02:00,485.5165100097656,596.11083984375,-1.8362298011779785,94.4195327758789,-974.0267944335938,2.423313856124878,109.62726593017578,-618.8328857421875,0.29339200258255005
2025-09-11T16:05:53.465+02:00,485.5165100097656,596.11083984375,-1.8362298011779785,94.4195327758789,-974.0267944335938,2.423313856124878,109.62726593017578,-618.8328857421875,0.29339200258255005
2025-09-11T16:05:53.484+02:00,485.5165100097656,596.11083984375,-1.8362298011779785,94.4195327758789,-974.0267944335938,2.423313856124878,109.62726593017578,-618.8328857421875,0.29339200258255005
2025-09-11T16:05:53.505+02:00,485.5165100097656,596.11083984375,-1.8362298011779785,94.4195327758789,-974.0267944335938,2.423313856124878,109.62726593017578,-618.8328857421875,0.29339200258255005
2025-09-11T16:05:53.524+02:00,485.5165100097656,596.11083984375,-1.8362298011779785,94.4195327758789,-974.0267944335938,2.423313856124878,109.62726593017578,-618.8328857421875,0.29339200258255005
2025-09-11T16:05:53.545+02:00,485.5165100097656,596.11083984375,-1.8362298011779785,94.4195327758789,-974.0267944335938,2.423313856124878,109.62726593017578,-618.8328857421875,0.29339200258255005
2025-09-11T16:05:53.565+02:00,485.5165100097656,596.11083984375,-1.8362298011779785,94.4195327758789,-974.0267944335938,2.423313856124878,109.62726593017578,-618.8328857421875,0.29339200258255005
2025-09-11T16:05:53.584+02:00,485.5165100097656,596.11083984375,-1.8362298011779785,94.4195327758789,-974.0267944335938,2.423313856124878,109.62726593017578,-618.8328857421875,0.29339200258255005
2025-09-11T16:05:53.605+02:00,485.5165100097656,596.11083984375,-1.8362298011779785,94.4195327758789,-974.0267944335938,2.423313856124878,109.62726593017578,-618.8328857421875,0.29339200258255005
2025-09-11T16:05:53.625+02:00,485.5165100097656,596.11083984375,-1.8362298011779785,94.4195327758789,-974.0267944335938,2.423313856124878,109.62726593017578,-618.8328857421875,0.29339200258255005
2025-09-11T16:05:53.645+02:00,485.5165100097656,596.11083984375,-1.8362298011779785,94.4195327758789,-974.0267944335938,2.423313856124878,109.62726593017578,-618.8328857421875,0.29339200258255005
2025-09-11T16:05:53.665+02:00,485.5165100097656,596.11083984375,-1.8362298011779785,94.4195327758789,-974.0267944335938,2.423313856124878,109.62726593017578,-618.8328857421875,0.29339200258255005
2025-09-11T16:05:53.684+02:00,485.5165100097656,596.11083984375,-1.8362298011779785,94.4195327758789,-974.0267944335938,2.423313856124878,109.62726593017578,-618.8328857421875,0.29339200258255005
2025-09-11T16:05:53.705+02:00,485.5165100097656,596.11083984375,-1.8362298011779785,94.4195327758789,-974.0267944335938,2.423313856124878,109.62726593017578,-618.8328857421875,0.29339200258255005
2025-09-11T16:05:53.724+02:00,485.5165100097656,596.11083984375,-1.8362298011779785,94.4195327758789,-974.0267944335938,2.423313856124878,109.62726593017578,-618.8328857421875,0.29339200258255005
2025-09-11T16:05:53.745+02:00,485.8236999511719,596.0344848632812,-1.8346598148345947,94.40522003173828,-974.0259399414062,2.4233431816101074,109.63813018798828,-618.8140258789062,0.29337313771247864
2025-09-11T16:05:53.764+02:00,485.8236999511719,596.0344848632812,-1.8346598148345947,94.40522003173828,-974.0259399414062,2.4233431816101074,109.63813018798828,-618.8140258789062,0.29337313771247864
2025-09-11T16:05:53.784+02:00,485.8236999511719,596.0344848632812,-1.8346598148345947,94.40522003173828,-974.0259399414062,2.4233431816101074,109.63813018798828,-618.8140258789062,0.29337313771247864
2025-09-11T16:05:53.804+02:00,485.8236999511719,596.0344848632812,-1.8346598148345947,94.40522003173828,-974.0259399414062,2.4233431816101074,109.63813018798828,-618.8140258789062,0.29337313771247864
2025-09-11T16:05:53.824+02:00,485.8236999511719,596.0344848632812,-1.8346598148345947,94.40522003173828,-974.0259399414062,2.4233431816101074,109.63813018798828,-618.8140258789062,0.29337313771247864
2025-09-11T16:05:53.844+02:00,485.8236999511719,596.0344848632812,-1.8346598148345947,94.40522003173828,-974.0259399414062,2.4233431816101074,109.63813018798828,-618.8140258789062,0.29337313771247864
2025-09-11T16:05:53.864+02:00,485.8236999511719,596.0344848632812,-1.8346598148345947,94.40522003173828,-974.0259399414062,2.4233431816101074,109.63813018798828,-618.8140258789062,0.29337313771247864
2025-09-11T16:05:53.884+02:00,485.8236999511719,596.0344848632812,-1.8346598148345947,94.40522003173828,-974.0259399414062,2.4233431816101074,109.63813018798828,-618.8140258789062,0.29337313771247864
2025-09-11T16:05:53.905+02:00,485.8236999511719,596.0344848632812,-1.8346598148345947,94.40522003173828,-974.0259399414062,2.4233431816101074,109.63813018798828,-618.8140258789062,0.29337313771247864
2025-09-11T16:05:53.924+02:00,485.8236999511719,596.0344848632812,-1.8346598148345947,94.40522003173828,-974.0259399414062,2.4233431816101074,109.63813018798828,-618.8140258789062,0.29337313771247864
2025-09-11T16:05:53.944+02:00,485.8236999511719,596.0344848632812,-1.8346598148345947,94.40522003173828,-974.0259399414062,2.4233431816101074,109.63813018798828,-618.8140258789062,0.29337313771247864
2025-09-11T16:05:53.964+02:00,485.8236999511719,596.0344848632812,-1.8346598148345947,94.40522003173828,-974.0259399414062,2.4233431816101074,109.63813018798828,-618.8140258789062,0.29337313771247864
2025-09-11T16:05:53.984+02:00,485.8236999511719,596.0344848632812,-1.8346598148345947,94.40522003173828,-974.0259399414062,2.4233431816101074,109.63813018798828,-618.8140258789062,0.29337313771247864
2025-09-11T16:05:54.004+02:00,485.8236999511719,596.0344848632812,-1.8346598148345947,94.40522003173828,-974.0259399414062,2.4233431816101074,109.63813018798828,-618.8140258789062,0.29337313771247864
2025-09-11T16:05:54.024+02:00,485.8236999511719,596.0344848632812,-1.8346598148345947,94.40522003173828,-974.0259399414062,2.4233431816101074,109.63813018798828,-618.8140258789062,0.29337313771247864
2025-09-11T16:05:54.044+02:00,485.8236999511719,596.0344848632812,-1.8346598148345947,94.40522003173828,-974.0259399414062,2.4233431816101074,109.63813018798828,-618.8140258789062,0.29337313771247864
2025-09-11T16:05:54.064+02:00,485.8236999511719,596.0344848632812,-1.8346598148345947,94.40522003173828,-974.0259399414062,2.4233431816101074,109.63813018798828,-618.8140258789062,0.29337313771247864
2025-09-11T16:05:54.084+02:00,485.8236999511719,596.0344848632812,-1.8346598148345947,94.40522003173828,-974.0259399414062,2.4233431816101074,109.63813018798828,-618.8140258789062,0.29337313771247864
2025-09-11T16:05:54.104+02:00,485.8236999511719,596.0344848632812,-1.8346598148345947,94.40522003173828,-974.0259399414062,2.4233431816101074,109.63813018798828,-618.8140258789062,0.29337313771247864
2025-09-11T16:05:54.124+02:00,485.8236999511719,596.0344848632812,-1.8346598148345947,94.40522003173828,-974.0259399414062,2.4233431816101074,109.63813018798828,-618.8140258789062,0.29337313771247864
2025-09-11T16:05:54.144+02:00,485.8236999511719,596.0344848632812,-1.8346598148345947,94.40522003173828,-974.0259399414062,2.4233431816101074,109.63813018798828,-618.8140258789062,0.29337313771247864
2025-09-11T16:05:54.165+02:00,485.8236999511719,596.0344848632812,-1.8346598148345947,94.40522003173828,-974.0259399414062,2.4233431816101074,109.63813018798828,-618.8140258789062,0.29337313771247864
2025-09-11T16:05:54.184+02:00,485.8236999511719,596.0344848632812,-1.8346598148345947,94.40522003173828,-974.0259399414062,2.4233431816101074,109.63813018798828,-618.8140258789062,0.29337313771247864
2025-09-11T16:05:54.204+02:00,485.8236999511719,596.0344848632812,-1.8346598148345947,94.40522003173828,-974.0259399414062,2.4233431816101074,109.63813018798828,-618.8140258789062,0.29337313771247864
2025-09-11T16:05:54.224+02:00,485.8236999511719,596.0344848632812,-1.8346598148345947,94.40522003173828,-974.0259399414062,2.4233431816101074,109.63813018798828,-618.8140258789062,0.29337313771247864
2025-09-11T16:05:54.245+02:00,485.8236999511719,596.0344848632812,-1.8346598148345947,94.40522003173828,-974.0259399414062,2.4233431816101074,109.63813018798828,-618.8140258789062,0.29337313771247864
2025-09-11T16:05:54.265+02:00,485.8236999511719,596.0344848632812,-1.8346598148345947,94.40522003173828,-974.0259399414062,2.4233431816101074,109.63813018798828,-618.8140258789062,0.29337313771247864
2025-09-11T16:05:54.285+02:00,485.8236999511719,596.0344848632812,-1.8346598148345947,94.40522003173828,-974.0259399414062,2.4233431816101074,109.63813018798828,-618.8140258789062,0.29337313771247864
2025-09-11T16:05:54.304+02:00,485.8236999511719,596.0344848632812,-1.8346598148345947,94.40522003173828,-974.0259399414062,2.4233431816101074,109.63813018798828,-618.8140258789062,0.29337313771247864
2025-09-11T16:05:54.324+02:00,485.8236999511719,596.0344848632812,-1.8346598148345947,94.40522003173828,-974.0259399414062,2.4233431816101074,109.63813018798828,-618.8140258789062,0.29337313771247864
2025-09-11T16:05:54.344+02:00,485.8236999511719,596.0344848632812,-1.8346598148345947,94.40522003173828,-974.0259399414062,2.4233431816101074,109.63813018798828,-618.8140258789062,0.29337313771247864
2025-09-11T16:05:54.364+02:00,485.8236999511719,596.0344848632812,-1.8346598148345947,94.40522003173828,-974.0259399414062,2.4233431816101074,109.63813018798828,-618.8140258789062,0.29337313771247864
2025-09-11T16:05:54.384+02:00,485.8236999511719,596.0344848632812,-1.8346598148345947,94.40522003173828,-974.0259399414062,2.4233431816101074,109.63813018798828,-618.8140258789062,0.29337313771247864
2025-09-11T16:05:54.404+02:00,485.8236999511719,596.0344848632812,-1.8346598148345947,94.40522003173828,-974.0259399414062,2.4233431816101074,109.63813018798828,-618.8140258789062,0.29337313771247864
2025-09-11T16:05:54.424+02:00,485.8236999511719,596.0344848632812,-1.8346598148345947,94.40522003173828,-974.0259399414062,2.4233431816101074,109.63813018798828,-618.8140258789062,0.29337313771247864
2025-09-11T16:05:54.444+02:00,485.8236999511719,596.0344848632812,-1.8346598148345947,94.40522003173828,-974.0259399414062,2.4233431816101074,109.63813018798828,-618.8140258789062,0.29337313771247864
2025-09-11T16:05:54.465+02:00,485.8236999511719,596.0344848632812,-1.8346598148345947,94.40522003173828,-974.0259399414062,2.4233431816101074,109.63813018798828,-618.8140258789062,0.29337313771247864
2025-09-11T16:05:54.485+02:00,485.8236999511719,596.0344848632812,-1.8346598148345947,94.40522003173828,-974.0259399414062,2.4233431816101074,109.63813018798828,-618.8140258789062,0.29337313771247864
2025-09-11T16:05:54.505+02:00,485.8236999511719,596.0344848632812,-1.8346598148345947,94.40522003173828,-974.0259399414062,2.4233431816101074,109.63813018798828,-618.8140258789062,0.29337313771247864
2025-09-11T16:05:54.525+02:00,485.8236999511719,596.0344848632812,-1.8346598148345947,94.40522003173828,-974.0259399414062,2.4233431816101074,109.63813018798828,-618.8140258789062,0.29337313771247864
2025-09-11T16:05:54.545+02:00,485.8236999511719,596.0344848632812,-1.8346598148345947,94.40522003173828,-974.0259399414062,2.4233431816101074,109.63813018798828,-618.8140258789062,0.29337313771247864
2025-09-11T16:05:54.565+02:00,485.8236999511719,596.0344848632812,-1.8346598148345947,94.40522003173828,-974.0259399414062,2.4233431816101074,109.63813018798828,-618.8140258789062,0.29337313771247864
2025-09-11T16:05:54.584+02:00,485.8236999511719,596.0344848632812,-1.8346598148345947,94.40522003173828,-974.0259399414062,2.4233431816101074,109.63813018798828,-618.8140258789062,0.29337313771247864
2025-09-11T16:05:54.604+02:00,485.8236999511719,596.0344848632812,-1.8346598148345947,94.40522003173828,-974.0259399414062,2.4233431816101074,109.63813018798828,-618.8140258789062,0.29337313771247864
2025-09-11T16:05:54.624+02:00,485.19866943359375,594.9945068359375,-1.831473469734192,94.4113540649414,-974.0224609375,2.4232850074768066,109.62296295166016,-618.80810546875,0.29348647594451904
2025-09-11T16:05:54.644+02:00,485.19866943359375,594.9945068359375,-1.831473469734192,94.4113540649414,-974.0224609375,2.4232850074768066,109.62296295166016,-618.80810546875,0.29348647594451904
2025-09-11T16:05:54.664+02:00,485.19866943359375,594.9945068359375,-1.831473469734192,94.4113540649414,-974.0224609375,2.4232850074768066,109.62296295166016,-618.80810546875,0.29348647594451904
2025-09-11T16:05:54.684+02:00,485.19866943359375,594.9945068359375,-1.831473469734192,94.4113540649414,-974.0224609375,2.4232850074768066,109.62296295166016,-618.80810546875,0.29348647594451904
2025-09-11T16:05:54.704+02:00,470.1578674316406,500.4888610839844,-1.6840190887451172,94.40815734863281,-974.017822265625,2.4231815338134766,109.6180191040039,-618.8240356445312,0.29340434074401855
2025-09-11T16:05:54.725+02:00,470.1727294921875,489.99810791015625,-1.6686331033706665,94.41793060302734,-974.0298461914062,2.4231560230255127,109.61206817626953,-618.8096923828125,0.29349422454833984
2025-09-11T16:05:54.744+02:00,470.1727294921875,489.99810791015625,-1.6686331033706665,94.41793060302734,-974.0298461914062,2.4231560230255127,109.61206817626953,-618.8096923828125,0.29349422454833984
2025-09-11T16:05:54.764+02:00,469.79638671875,484.2491149902344,-1.6584644317626953,94.39082336425781,-974.0375366210938,2.4236199855804443,109.625,-618.8018798828125,0.29348650574684143
2025-09-11T16:05:54.784+02:00,469.79638671875,484.2491149902344,-1.6584644317626953,94.39082336425781,-974.0375366210938,2.4236199855804443,109.625,-618.8018798828125,0.29348650574684143
2025-09-11T16:05:54.804+02:00,469.3078308105469,478.790771484375,-1.6500357389450073,94.42264556884766,-974.0280151367188,2.423264503479004,109.62738800048828,-618.8084106445312,0.293526291847229
2025-09-11T16:05:54.824+02:00,469.3078308105469,478.790771484375,-1.6500357389450073,94.42264556884766,-974.0280151367188,2.423264503479004,109.62738800048828,-618.8084106445312,0.293526291847229
2025-09-11T16:05:54.844+02:00,469.3078308105469,478.790771484375,-1.6500357389450073,94.42264556884766,-974.0280151367188,2.423264503479004,109.62738800048828,-618.8084106445312,0.293526291847229
2025-09-11T16:05:54.864+02:00,469.3078308105469,478.790771484375,-1.6500357389450073,94.42264556884766,-974.0280151367188,2.423264503479004,109.62738800048828,-618.8084106445312,0.293526291847229
2025-09-11T16:05:54.885+02:00,469.3078308105469,478.790771484375,-1.6500357389450073,94.42264556884766,-974.0280151367188,2.423264503479004,109.62738800048828,-618.8084106445312,0.293526291847229
2025-09-11T16:05:54.905+02:00,469.3078308105469,478.790771484375,-1.6500357389450073,94.42264556884766,-974.0280151367188,2.423264503479004,109.62738800048828,-618.8084106445312,0.293526291847229
2025-09-11T16:05:54.925+02:00,468.7566833496094,463.75115966796875,-1.6267361640930176,94.40204620361328,-974.0486450195312,2.423675775527954,109.64634704589844,-618.8223876953125,0.29336827993392944
2025-09-11T16:05:54.944+02:00,469.08697509765625,456.95648193359375,-1.6292431354522705,94.39551544189453,-974.016845703125,2.42366099357605,109.61849212646484,-618.8049926757812,0.2935052216053009
2025-09-11T16:05:54.964+02:00,469.02691650390625,449.7597351074219,-1.6261098384857178,94.4140625,-974.0281372070312,2.4230763912200928,109.63457489013672,-618.800048828125,0.2934839725494385
2025-09-11T16:05:54.984+02:00,469.02691650390625,449.7597351074219,-1.6261098384857178,94.4140625,-974.0281372070312,2.4230763912200928,109.63457489013672,-618.800048828125,0.2934839725494385
2025-09-11T16:05:55.004+02:00,468.79364013671875,443.3381652832031,-1.6210041046142578,94.43084716796875,-974.0384521484375,2.423030138015747,109.65404510498047,-618.8114013671875,0.29340407252311707
2025-09-11T16:05:55.025+02:00,468.79364013671875,443.3381652832031,-1.6210041046142578,94.43084716796875,-974.0384521484375,2.423030138015747,109.65404510498047,-618.8114013671875,0.29340407252311707
2025-09-11T16:05:55.045+02:00,468.79364013671875,443.3381652832031,-1.6210041046142578,94.43084716796875,-974.0384521484375,2.423030138015747,109.65404510498047,-618.8114013671875,0.29340407252311707
2025-09-11T16:05:55.064+02:00,468.79364013671875,443.3381652832031,-1.6210041046142578,94.43084716796875,-974.0384521484375,2.423030138015747,109.65404510498047,-618.8114013671875,0.29340407252311707
2025-09-11T16:05:55.084+02:00,468.79364013671875,443.3381652832031,-1.6210041046142578,94.43084716796875,-974.0384521484375,2.423030138015747,109.65404510498047,-618.8114013671875,0.29340407252311707
2025-09-11T16:05:55.104+02:00,468.79364013671875,443.3381652832031,-1.6210041046142578,94.43084716796875,-974.0384521484375,2.423030138015747,109.65404510498047,-618.8114013671875,0.29340407252311707
2025-09-11T16:05:55.124+02:00,467.9103088378906,424.6666564941406,-1.6176289319992065,94.41862487792969,-974.0294799804688,2.4233176708221436,109.62548828125,-618.7999877929688,0.29348331689834595
2025-09-11T16:05:55.145+02:00,468.07958984375,418.41949462890625,-1.6156034469604492,94.42176818847656,-974.032958984375,2.4231455326080322,109.63006591796875,-618.7999267578125,0.29347771406173706
2025-09-11T16:05:55.164+02:00,468.5027770996094,412.0620422363281,-1.612229347229004,94.41044616699219,-974.0223999023438,2.4232261180877686,109.626953125,-618.810791015625,0.2934655547142029
2025-09-11T16:05:55.184+02:00,468.5027770996094,412.0620422363281,-1.612229347229004,94.41044616699219,-974.0223999023438,2.4232261180877686,109.626953125,-618.810791015625,0.2934655547142029
2025-09-11T16:05:55.205+02:00,468.5027770996094,412.0620422363281,-1.612229347229004,94.41044616699219,-974.0223999023438,2.4232261180877686,109.626953125,-618.810791015625,0.2934655547142029
2025-09-11T16:05:55.225+02:00,468.01373291015625,405.6663818359375,-1.6112957000732422,94.40144348144531,-974.0244750976562,2.4234156608581543,109.65103912353516,-618.8466796875,0.293412983417511
2025-09-11T16:05:55.244+02:00,468.01373291015625,405.6663818359375,-1.6112957000732422,94.40144348144531,-974.0244750976562,2.4234156608581543,109.65103912353516,-618.8466796875,0.293412983417511
2025-09-11T16:05:55.265+02:00,468.01373291015625,405.6663818359375,-1.6112957000732422,94.40144348144531,-974.0244750976562,2.4234156608581543,109.65103912353516,-618.8466796875,0.293412983417511
2025-09-11T16:05:55.285+02:00,468.01373291015625,405.6663818359375,-1.6112957000732422,94.40144348144531,-974.0244750976562,2.4234156608581543,109.65103912353516,-618.8466796875,0.293412983417511
2025-09-11T16:05:55.305+02:00,468.01373291015625,405.6663818359375,-1.6112957000732422,94.40144348144531,-974.0244750976562,2.4234156608581543,109.65103912353516,-618.8466796875,0.293412983417511
2025-09-11T16:05:55.325+02:00,468.01373291015625,405.6663818359375,-1.6112957000732422,94.40144348144531,-974.0244750976562,2.4234156608581543,109.65103912353516,-618.8466796875,0.293412983417511
2025-09-11T16:05:55.345+02:00,468.01373291015625,405.6663818359375,-1.6112957000732422,94.40144348144531,-974.0244750976562,2.4234156608581543,109.65103912353516,-618.8466796875,0.293412983417511
2025-09-11T16:05:55.364+02:00,468.01373291015625,405.6663818359375,-1.6112957000732422,94.40144348144531,-974.0244750976562,2.4234156608581543,109.65103912353516,-618.8466796875,0.293412983417511
2025-09-11T16:05:55.385+02:00,468.01373291015625,405.6663818359375,-1.6112957000732422,94.40144348144531,-974.0244750976562,2.4234156608581543,109.65103912353516,-618.8466796875,0.293412983417511
2025-09-11T16:05:55.404+02:00,467.4908447265625,367.5227355957031,-1.602165937423706,94.38619995117188,-974.0478515625,2.4236905574798584,109.61976623535156,-618.8019409179688,0.29354774951934814
2025-09-11T16:05:55.425+02:00,467.4908447265625,367.5227355957031,-1.602165937423706,94.38619995117188,-974.0478515625,2.4236905574798584,109.61976623535156,-618.8019409179688,0.29354774951934814
2025-09-11T16:05:55.445+02:00,467.5666809082031,360.73846435546875,-1.600300669670105,94.41928100585938,-974.0232543945312,2.4232864379882812,109.62630462646484,-618.8055419921875,0.29347458481788635
2025-09-11T16:05:55.464+02:00,467.5666809082031,360.73846435546875,-1.600300669670105,94.41928100585938,-974.0232543945312,2.4232864379882812,109.62630462646484,-618.8055419921875,0.29347458481788635
2025-09-11T16:05:55.485+02:00,467.5666809082031,360.73846435546875,-1.600300669670105,94.41928100585938,-974.0232543945312,2.4232864379882812,109.62630462646484,-618.8055419921875,0.29347458481788635
2025-09-11T16:05:55.505+02:00,467.5666809082031,360.73846435546875,-1.600300669670105,94.41928100585938,-974.0232543945312,2.4232864379882812,109.62630462646484,-618.8055419921875,0.29347458481788635
2025-09-11T16:05:55.525+02:00,467.5666809082031,360.73846435546875,-1.600300669670105,94.41928100585938,-974.0232543945312,2.4232864379882812,109.62630462646484,-618.8055419921875,0.29347458481788635
2025-09-11T16:05:55.545+02:00,467.2910461425781,347.87957763671875,-1.599405288696289,94.40982055664062,-974.0227661132812,2.42319655418396,109.62054443359375,-618.8089599609375,0.2935106158256531
2025-09-11T16:05:55.564+02:00,466.9154052734375,334.2748107910156,-1.5966880321502686,94.41651916503906,-974.0294189453125,2.4233081340789795,109.63031005859375,-618.8303833007812,0.29341161251068115
2025-09-11T16:05:55.585+02:00,466.9154052734375,334.2748107910156,-1.5966880321502686,94.41651916503906,-974.0294189453125,2.4233081340789795,109.63031005859375,-618.8303833007812,0.29341161251068115
2025-09-11T16:05:55.605+02:00,467.1655578613281,327.4717712402344,-1.5970712900161743,94.39871978759766,-974.0249633789062,2.423424243927002,109.6290283203125,-618.823974609375,0.2933613955974579
2025-09-11T16:05:55.624+02:00,467.1655578613281,327.4717712402344,-1.5970712900161743,94.39871978759766,-974.0249633789062,2.423424243927002,109.6290283203125,-618.823974609375,0.2933613955974579
2025-09-11T16:05:55.645+02:00,467.35845947265625,321.0653991699219,-1.595723032951355,94.41221618652344,-974.0300903320312,2.423280954360962,109.62596130371094,-618.8035888671875,0.29350125789642334
2025-09-11T16:05:55.665+02:00,467.35845947265625,321.0653991699219,-1.595723032951355,94.41221618652344,-974.0300903320312,2.423280954360962,109.62596130371094,-618.8035888671875,0.29350125789642334
2025-09-11T16:05:55.685+02:00,467.0800476074219,314.3525390625,-1.5981336832046509,94.40968322753906,-974.0318603515625,2.4232842922210693,109.62596130371094,-618.8035888671875,0.29350125789642334
2025-09-11T16:05:55.704+02:00,467.0800476074219,314.3525390625,-1.5981336832046509,94.40968322753906,-974.0318603515625,2.4232842922210693,109.62596130371094,-618.8035888671875,0.29350125789642334
2025-09-11T16:05:55.725+02:00,467.0800476074219,314.3525390625,-1.5981336832046509,94.40968322753906,-974.0318603515625,2.4232842922210693,109.62596130371094,-618.8035888671875,0.29350125789642334
2025-09-11T16:05:55.745+02:00,467.0800476074219,314.3525390625,-1.5981336832046509,94.40968322753906,-974.0318603515625,2.4232842922210693,109.62596130371094,-618.8035888671875,0.29350125789642334
2025-09-11T16:05:55.764+02:00,467.0800476074219,314.3525390625,-1.5981336832046509,94.40968322753906,-974.0318603515625,2.4232842922210693,109.62596130371094,-618.8035888671875,0.29350125789642334
2025-09-11T16:05:55.784+02:00,467.0575256347656,294.6373291015625,-1.5956774950027466,94.37496948242188,-974.035400390625,2.423828125,109.62430572509766,-618.81005859375,0.29349595308303833
2025-09-11T16:05:55.804+02:00,466.81817626953125,288.40277099609375,-1.5955454111099243,94.42003631591797,-974.0303955078125,2.4233036041259766,109.63522338867188,-618.7984619140625,0.29355406761169434
2025-09-11T16:05:55.824+02:00,466.81817626953125,288.40277099609375,-1.5955454111099243,94.42003631591797,-974.0303955078125,2.4233036041259766,109.63522338867188,-618.7984619140625,0.29355406761169434
2025-09-11T16:05:55.844+02:00,466.8167419433594,281.8425598144531,-1.593722939491272,94.4106216430664,-974.0258178710938,2.4234023094177246,109.63404846191406,-618.8021850585938,0.29348984360694885
2025-09-11T16:05:55.864+02:00,466.7833251953125,275.2315368652344,-1.5939569473266602,94.40310668945312,-974.024169921875,2.423381805419922,109.63111114501953,-618.8251953125,0.29336825013160706
2025-09-11T16:05:55.885+02:00,466.7833251953125,275.2315368652344,-1.5939569473266602,94.40310668945312,-974.024169921875,2.423381805419922,109.63111114501953,-618.8251953125,0.29336825013160706
2025-09-11T16:05:55.904+02:00,466.7833251953125,275.2315368652344,-1.5939569473266602,94.40310668945312,-974.024169921875,2.423381805419922,109.63111114501953,-618.8251953125,0.29336825013160706
2025-09-11T16:05:55.925+02:00,466.7833251953125,275.2315368652344,-1.5939569473266602,94.40310668945312,-974.024169921875,2.423381805419922,109.63111114501953,-618.8251953125,0.29336825013160706
2025-09-11T16:05:55.944+02:00,466.7833251953125,275.2315368652344,-1.5939569473266602,94.40310668945312,-974.024169921875,2.423381805419922,109.63111114501953,-618.8251953125,0.29336825013160706
2025-09-11T16:05:55.964+02:00,466.9580383300781,268.534912109375,-1.5955872535705566,94.40731811523438,-974.0185546875,2.4232609272003174,109.6561279296875,-618.7876586914062,0.2934635877609253
2025-09-11T16:05:55.984+02:00,466.9580383300781,268.534912109375,-1.5955872535705566,94.40731811523438,-974.0185546875,2.4232609272003174,109.6561279296875,-618.7876586914062,0.2934635877609253
2025-09-11T16:05:56.004+02:00,467.1455993652344,248.9577178955078,-1.5943421125411987,94.42652130126953,-974.0352172851562,2.422959566116333,109.62910461425781,-618.7897338867188,0.29348668456077576
2025-09-11T16:05:56.025+02:00,467.1455993652344,248.9577178955078,-1.5943421125411987,94.42652130126953,-974.0352172851562,2.422959566116333,109.62910461425781,-618.7897338867188,0.29348668456077576
2025-09-11T16:05:56.045+02:00,466.9676513671875,242.49977111816406,-1.596128225326538,94.41018676757812,-974.0276489257812,2.4230871200561523,109.62435150146484,-618.8023681640625,0.2934616804122925
2025-09-11T16:05:56.064+02:00,467.2166442871094,235.91061401367188,-1.5924246311187744,94.41018676757812,-974.0276489257812,2.4230871200561523,109.62752532958984,-618.7960815429688,0.2934930622577667
2025-09-11T16:05:56.085+02:00,467.2166442871094,235.91061401367188,-1.5924246311187744,94.41018676757812,-974.0276489257812,2.4230871200561523,109.62752532958984,-618.7960815429688,0.2934930622577667
2025-09-11T16:05:56.105+02:00,467.2166442871094,235.91061401367188,-1.5924246311187744,94.41018676757812,-974.0276489257812,2.4230871200561523,109.62752532958984,-618.7960815429688,0.2934930622577667
2025-09-11T16:05:56.125+02:00,467.25811767578125,229.10362243652344,-1.5936473608016968,94.3978500366211,-974.0198974609375,2.4234933853149414,109.61871337890625,-618.8082885742188,0.2935119867324829
2025-09-11T16:05:56.144+02:00,467.25811767578125,229.10362243652344,-1.5936473608016968,94.3978500366211,-974.0198974609375,2.4234933853149414,109.61871337890625,-618.8082885742188,0.2935119867324829
2025-09-11T16:05:56.164+02:00,467.25811767578125,229.10362243652344,-1.5936473608016968,94.3978500366211,-974.0198974609375,2.4234933853149414,109.61871337890625,-618.8082885742188,0.2935119867324829
2025-09-11T16:05:56.185+02:00,467.25811767578125,229.10362243652344,-1.5936473608016968,94.3978500366211,-974.0198974609375,2.4234933853149414,109.61871337890625,-618.8082885742188,0.2935119867324829
2025-09-11T16:05:56.205+02:00,467.25811767578125,229.10362243652344,-1.5936473608016968,94.3978500366211,-974.0198974609375,2.4234933853149414,109.61871337890625,-618.8082885742188,0.2935119867324829
2025-09-11T16:05:56.225+02:00,467.1380920410156,208.7968292236328,-1.58999764919281,94.41988372802734,-974.0304565429688,2.4230940341949463,109.61686706542969,-618.8013916015625,0.2934860587120056
2025-09-11T16:05:56.244+02:00,467.1380920410156,208.7968292236328,-1.58999764919281,94.41988372802734,-974.0304565429688,2.4230940341949463,109.61686706542969,-618.8013916015625,0.2934860587120056
2025-09-11T16:05:56.264+02:00,467.24688720703125,195.71803283691406,-1.5885928869247437,94.39959716796875,-974.0213012695312,2.4234659671783447,109.63419342041016,-618.8289794921875,0.2933758497238159
2025-09-11T16:05:56.285+02:00,467.24688720703125,195.71803283691406,-1.5885928869247437,94.39959716796875,-974.0213012695312,2.4234659671783447,109.63419342041016,-618.8289794921875,0.2933758497238159
2025-09-11T16:05:56.305+02:00,467.24688720703125,195.71803283691406,-1.5885928869247437,94.39959716796875,-974.0213012695312,2.4234659671783447,109.63419342041016,-618.8289794921875,0.2933758497238159
2025-09-11T16:05:56.325+02:00,467.2835388183594,188.86087036132812,-1.586275339126587,94.41297912597656,-974.03564453125,2.423356056213379,109.6456298828125,-618.8173828125,0.2935463786125183
2025-09-11T16:05:56.345+02:00,467.2835388183594,188.86087036132812,-1.586275339126587,94.41297912597656,-974.03564453125,2.423356056213379,109.6456298828125,-618.8173828125,0.2935463786125183
2025-09-11T16:05:56.365+02:00,467.2835388183594,188.86087036132812,-1.586275339126587,94.41297912597656,-974.03564453125,2.423356056213379,109.6456298828125,-618.8173828125,0.2935463786125183
2025-09-11T16:05:56.385+02:00,467.2835388183594,188.86087036132812,-1.586275339126587,94.41297912597656,-974.03564453125,2.423356056213379,109.6456298828125,-618.8173828125,0.2935463786125183
2025-09-11T16:05:56.405+02:00,467.2835388183594,188.86087036132812,-1.586275339126587,94.41297912597656,-974.03564453125,2.423356056213379,109.6456298828125,-618.8173828125,0.2935463786125183
2025-09-11T16:05:56.425+02:00,467.2835388183594,188.86087036132812,-1.586275339126587,94.41297912597656,-974.03564453125,2.423356056213379,109.6456298828125,-618.8173828125,0.2935463786125183
2025-09-11T16:05:56.444+02:00,467.2835388183594,188.86087036132812,-1.586275339126587,94.41297912597656,-974.03564453125,2.423356056213379,109.6456298828125,-618.8173828125,0.2935463786125183
2025-09-11T16:05:56.464+02:00,468.0276794433594,153.18695068359375,-1.5882799625396729,94.41606903076172,-974.0333251953125,2.4230740070343018,109.65853881835938,-618.8822631835938,0.293613076210022
2025-09-11T16:05:56.485+02:00,468.0276794433594,153.18695068359375,-1.5882799625396729,94.41606903076172,-974.0333251953125,2.4230740070343018,109.65853881835938,-618.8822631835938,0.293613076210022
2025-09-11T16:05:56.504+02:00,468.05352783203125,147.1204376220703,-1.5859390497207642,94.39563751220703,-974.0381469726562,2.42352557182312,109.644775390625,-618.8115234375,0.29350680112838745
2025-09-11T16:05:56.524+02:00,468.05352783203125,147.1204376220703,-1.5859390497207642,94.39563751220703,-974.0381469726562,2.42352557182312,109.644775390625,-618.8115234375,0.29350680112838745
2025-09-11T16:05:56.545+02:00,467.57220458984375,140.91233825683594,-1.5866490602493286,94.41502380371094,-974.029052734375,2.4234261512756348,109.644775390625,-618.8115234375,0.29350680112838745
2025-09-11T16:05:56.565+02:00,467.57220458984375,140.91233825683594,-1.5866490602493286,94.41502380371094,-974.029052734375,2.4234261512756348,109.644775390625,-618.8115234375,0.29350680112838745
2025-09-11T16:05:56.585+02:00,467.57220458984375,140.91233825683594,-1.5866490602493286,94.41502380371094,-974.029052734375,2.4234261512756348,109.644775390625,-618.8115234375,0.29350680112838745
2025-09-11T16:05:56.605+02:00,467.57220458984375,140.91233825683594,-1.5866490602493286,94.41502380371094,-974.029052734375,2.4234261512756348,109.644775390625,-618.8115234375,0.29350680112838745
2025-09-11T16:05:56.625+02:00,467.57220458984375,140.91233825683594,-1.5866490602493286,94.41502380371094,-974.029052734375,2.4234261512756348,109.644775390625,-618.8115234375,0.29350680112838745
2025-09-11T16:05:56.645+02:00,467.57220458984375,140.91233825683594,-1.5866490602493286,94.41502380371094,-974.029052734375,2.4234261512756348,109.644775390625,-618.8115234375,0.29350680112838745
2025-09-11T16:05:56.664+02:00,468.2297058105469,119.64906311035156,-1.589809775352478,94.39743041992188,-974.044189453125,2.4235565662384033,109.644775390625,-618.8115234375,0.29350680112838745
2025-09-11T16:05:56.685+02:00,467.69500732421875,113.17766571044922,-1.5863028764724731,94.41586303710938,-974.0303344726562,2.423130750656128,109.644775390625,-618.8115234375,0.29350680112838745
2025-09-11T16:05:56.705+02:00,467.69647216796875,107.02909088134766,-1.5862910747528076,94.40666961669922,-974.0286865234375,2.423322916030884,109.644775390625,-618.8115234375,0.29350680112838745
2025-09-11T16:05:56.725+02:00,467.69647216796875,107.02909088134766,-1.5862910747528076,94.40666961669922,-974.0286865234375,2.423322916030884,109.644775390625,-618.8115234375,0.29350680112838745
2025-09-11T16:05:56.744+02:00,468.0382080078125,100.19647216796875,-1.587841272354126,94.42259979248047,-974.03369140625,2.4231045246124268,109.644775390625,-618.8115234375,0.29350680112838745
2025-09-11T16:05:56.765+02:00,468.0382080078125,100.19647216796875,-1.587841272354126,94.42259979248047,-974.03369140625,2.4231045246124268,109.644775390625,-618.8115234375,0.29350680112838745
2025-09-11T16:05:56.784+02:00,468.279541015625,92.62996673583984,-1.5902999639511108,94.40320587158203,-974.01953125,2.4232802391052246,109.644775390625,-618.8115234375,0.29350680112838745
2025-09-11T16:05:56.804+02:00,468.279541015625,92.62996673583984,-1.5902999639511108,94.40320587158203,-974.01953125,2.4232802391052246,109.644775390625,-618.8115234375,0.29350680112838745
2025-09-11T16:05:56.825+02:00,468.279541015625,92.62996673583984,-1.5902999639511108,94.40320587158203,-974.01953125,2.4232802391052246,109.644775390625,-618.8115234375,0.29350680112838745
2025-09-11T16:05:56.845+02:00,468.279541015625,92.62996673583984,-1.5902999639511108,94.40320587158203,-974.01953125,2.4232802391052246,109.644775390625,-618.8115234375,0.29350680112838745
2025-09-11T16:05:56.864+02:00,468.279541015625,92.62996673583984,-1.5902999639511108,94.40320587158203,-974.01953125,2.4232802391052246,109.644775390625,-618.8115234375,0.29350680112838745
2025-09-11T16:05:56.884+02:00,468.3736877441406,72.95951843261719,-1.5908352136611938,94.42591857910156,-974.0358276367188,2.4232423305511475,109.644775390625,-618.8115234375,0.29350680112838745
2025-09-11T16:05:56.905+02:00,468.84405517578125,66.44061279296875,-1.5884686708450317,94.40144348144531,-974.0221557617188,2.4232988357543945,109.6473617553711,-618.808349609375,0.29361027479171753
2025-09-11T16:05:56.925+02:00,468.84405517578125,66.44061279296875,-1.5884686708450317,94.40144348144531,-974.0221557617188,2.4232988357543945,109.6473617553711,-618.808349609375,0.29361027479171753
2025-09-11T16:05:56.945+02:00,468.2176818847656,59.0052490234375,-1.5866830348968506,94.41576385498047,-974.0322265625,2.4232869148254395,109.6473617553711,-618.808349609375,0.29361027479171753
2025-09-11T16:05:56.964+02:00,468.2176818847656,59.0052490234375,-1.5866830348968506,94.41576385498047,-974.0322265625,2.4232869148254395,109.6473617553711,-618.808349609375,0.29361027479171753
2025-09-11T16:05:56.985+02:00,468.1521911621094,51.83453369140625,-1.5866000652313232,94.41576385498047,-974.0322265625,2.4232869148254395,109.6473617553711,-618.808349609375,0.29361027479171753
2025-09-11T16:05:57.005+02:00,468.1521911621094,51.83453369140625,-1.5866000652313232,94.41576385498047,-974.0322265625,2.4232869148254395,109.6473617553711,-618.808349609375,0.29361027479171753
2025-09-11T16:05:57.025+02:00,468.1521911621094,51.83453369140625,-1.5866000652313232,94.41576385498047,-974.0322265625,2.4232869148254395,109.6473617553711,-618.808349609375,0.29361027479171753
2025-09-11T16:05:57.045+02:00,468.1521911621094,51.83453369140625,-1.5866000652313232,94.41576385498047,-974.0322265625,2.4232869148254395,109.6473617553711,-618.808349609375,0.29361027479171753
2025-09-11T16:05:57.065+02:00,468.1521911621094,51.83453369140625,-1.5866000652313232,94.41576385498047,-974.0322265625,2.4232869148254395,109.6473617553711,-618.808349609375,0.29361027479171753
2025-09-11T16:05:57.085+02:00,468.1521911621094,51.83453369140625,-1.5866000652313232,94.41576385498047,-974.0322265625,2.4232869148254395,109.6473617553711,-618.808349609375,0.29361027479171753
2025-09-11T16:05:57.104+02:00,469.48834228515625,26.446517944335938,-1.5906920433044434,94.4085464477539,-974.0333862304688,2.423487424850464,109.61235809326172,-618.820068359375,0.29363781213760376
2025-09-11T16:05:57.124+02:00,469.48834228515625,26.446517944335938,-1.5906920433044434,94.4085464477539,-974.0333862304688,2.423487424850464,109.61235809326172,-618.820068359375,0.29363781213760376
2025-09-11T16:05:57.145+02:00,469.0910949707031,19.5470027923584,-1.5877385139465332,94.42282104492188,-974.032958984375,2.423151969909668,109.61235809326172,-618.820068359375,0.29363781213760376
2025-09-11T16:05:57.164+02:00,469.1921081542969,12.557507514953613,-1.5886882543563843,94.385498046875,-974.0402221679688,2.423813819885254,109.6181640625,-618.8004760742188,0.293664813041687
2025-09-11T16:05:57.185+02:00,469.1921081542969,12.557507514953613,-1.5886882543563843,94.385498046875,-974.0402221679688,2.423813819885254,109.6181640625,-618.8004760742188,0.293664813041687
2025-09-11T16:05:57.204+02:00,469.3494873046875,5.827937602996826,-1.587272047996521,94.3968505859375,-974.0164184570312,2.4234845638275146,109.6397705078125,-618.8680419921875,0.293680340051651
2025-09-11T16:05:57.225+02:00,469.3494873046875,5.827937602996826,-1.587272047996521,94.3968505859375,-974.0164184570312,2.4234845638275146,109.6397705078125,-618.8680419921875,0.293680340051651
2025-09-11T16:05:57.244+02:00,469.3494873046875,5.827937602996826,-1.587272047996521,94.3968505859375,-974.0164184570312,2.4234845638275146,109.6397705078125,-618.8680419921875,0.293680340051651
2025-09-11T16:05:57.264+02:00,469.3494873046875,5.827937602996826,-1.587272047996521,94.3968505859375,-974.0164184570312,2.4234845638275146,109.6397705078125,-618.8680419921875,0.293680340051651
2025-09-11T16:05:57.285+02:00,469.8695068359375,-7.834320068359375,-1.5864924192428589,94.4109878540039,-974.0263061523438,2.4232840538024902,109.6404800415039,-618.80322265625,0.29357072710990906
2025-09-11T16:05:57.304+02:00,469.7970275878906,-14.419404983520508,-1.5867587327957153,94.39201354980469,-974.0198974609375,2.423590898513794,109.6404800415039,-618.80322265625,0.29357072710990906
2025-09-11T16:05:57.325+02:00,469.7970275878906,-14.419404983520508,-1.5867587327957153,94.39201354980469,-974.0198974609375,2.423590898513794,109.6404800415039,-618.80322265625,0.29357072710990906
2025-09-11T16:05:57.344+02:00,469.5738830566406,-21.36704444885254,-1.5884543657302856,94.40524291992188,-974.021728515625,2.4233736991882324,109.6404800415039,-618.80322265625,0.29357072710990906
2025-09-11T16:05:57.364+02:00,469.57464599609375,-27.119749069213867,-1.5896546840667725,94.40670013427734,-974.0277099609375,2.4235222339630127,109.6404800415039,-618.80322265625,0.29357072710990906
2025-09-11T16:05:57.385+02:00,469.57464599609375,-27.119749069213867,-1.5896546840667725,94.40670013427734,-974.0277099609375,2.4235222339630127,109.6404800415039,-618.80322265625,0.29357072710990906
2025-09-11T16:05:57.405+02:00,470.23638916015625,-33.85416793823242,-1.5865973234176636,94.41706085205078,-974.03173828125,2.4230544567108154,109.6404800415039,-618.80322265625,0.29357072710990906
2025-09-11T16:05:57.424+02:00,470.23638916015625,-33.85416793823242,-1.5865973234176636,94.41706085205078,-974.03173828125,2.4230544567108154,109.6404800415039,-618.80322265625,0.29357072710990906
2025-09-11T16:05:57.444+02:00,470.0543212890625,-39.96635818481445,-1.573628544807434,94.40520477294922,-974.0155639648438,2.4233529567718506,109.6404800415039,-618.80322265625,0.29357072710990906
2025-09-11T16:05:57.465+02:00,470.0543212890625,-39.96635818481445,-1.573628544807434,94.40520477294922,-974.0155639648438,2.4233529567718506,109.6404800415039,-618.80322265625,0.29357072710990906
2025-09-11T16:05:57.485+02:00,470.0543212890625,-39.96635818481445,-1.573628544807434,94.40520477294922,-974.0155639648438,2.4233529567718506,109.6404800415039,-618.80322265625,0.29357072710990906
2025-09-11T16:05:57.505+02:00,470.0543212890625,-39.96635818481445,-1.573628544807434,94.40520477294922,-974.0155639648438,2.4233529567718506,109.6404800415039,-618.80322265625,0.29357072710990906
2025-09-11T16:05:57.525+02:00,470.01708984375,-43.80898666381836,-1.5610933303833008,94.4106216430664,-974.025634765625,2.4233603477478027,109.6404800415039,-618.80322265625,0.29357072710990906
2025-09-11T16:05:57.545+02:00,470.7640075683594,-49.96816635131836,-1.525838017463684,94.41126251220703,-974.0264282226562,2.423328399658203,109.6214599609375,-618.80029296875,0.2935638725757599
2025-09-11T16:05:57.564+02:00,470.7640075683594,-49.96816635131836,-1.525838017463684,94.41126251220703,-974.0264282226562,2.423328399658203,109.6214599609375,-618.80029296875,0.2935638725757599
2025-09-11T16:05:57.584+02:00,471.2000427246094,-53.561946868896484,-1.5005141496658325,94.3990478515625,-974.0137329101562,2.423508882522583,109.64537048339844,-618.8154907226562,0.29355236887931824
2025-09-11T16:05:57.605+02:00,471.2000427246094,-53.561946868896484,-1.5005141496658325,94.3990478515625,-974.0137329101562,2.423508882522583,109.64537048339844,-618.8154907226562,0.29355236887931824
2025-09-11T16:05:57.625+02:00,471.9751892089844,-57.05220031738281,-1.4777591228485107,94.41968536376953,-974.0316162109375,2.4230964183807373,109.6353988647461,-618.795654296875,0.29346561431884766
2025-09-11T16:05:57.645+02:00,472.3860168457031,-59.61848831176758,-1.4490774869918823,94.42021179199219,-974.0287475585938,2.4233720302581787,109.63368225097656,-618.8257446289062,0.2933543622493744
2025-09-11T16:05:57.665+02:00,472.3860168457031,-59.61848831176758,-1.4490774869918823,94.42021179199219,-974.0287475585938,2.4233720302581787,109.63368225097656,-618.8257446289062,0.2933543622493744
2025-09-11T16:05:57.684+02:00,473.1974792480469,-61.96883010864258,-1.4196397066116333,94.4015884399414,-974.0238647460938,2.423386335372925,109.64513397216797,-618.84130859375,0.2934059202671051
2025-09-11T16:05:57.705+02:00,473.1974792480469,-61.96883010864258,-1.4196397066116333,94.4015884399414,-974.0238647460938,2.423386335372925,109.64513397216797,-618.84130859375,0.2934059202671051
2025-09-11T16:05:57.724+02:00,473.1974792480469,-61.96883010864258,-1.4196397066116333,94.4015884399414,-974.0238647460938,2.423386335372925,109.64513397216797,-618.84130859375,0.2934059202671051
2025-09-11T16:05:57.745+02:00,473.1974792480469,-61.96883010864258,-1.4196397066116333,94.4015884399414,-974.0238647460938,2.423386335372925,109.64513397216797,-618.84130859375,0.2934059202671051
2025-09-11T16:05:57.765+02:00,473.1974792480469,-61.96883010864258,-1.4196397066116333,94.4015884399414,-974.0238647460938,2.423386335372925,109.64513397216797,-618.84130859375,0.2934059202671051
2025-09-11T16:05:57.784+02:00,475.9618835449219,-66.69290924072266,-1.3173623085021973,94.41461944580078,-974.033447265625,2.4232287406921387,109.63594818115234,-618.807861328125,0.29360970854759216
2025-09-11T16:05:57.804+02:00,476.7394714355469,-67.80874633789062,-1.284635305404663,94.40020751953125,-974.0151977539062,2.4234559535980225,109.6430892944336,-618.757080078125,0.2935875356197357
2025-09-11T16:05:57.824+02:00,476.7394714355469,-67.80874633789062,-1.284635305404663,94.40020751953125,-974.0151977539062,2.4234559535980225,109.6430892944336,-618.757080078125,0.2935875356197357
2025-09-11T16:05:57.844+02:00,477.8273010253906,-69.70877838134766,-1.2555228471755981,94.41380310058594,-974.0324096679688,2.4232404232025146,109.62605285644531,-618.7777099609375,0.2936244606971741
2025-09-11T16:05:57.864+02:00,477.8273010253906,-69.70877838134766,-1.2555228471755981,94.41380310058594,-974.0324096679688,2.4232404232025146,109.62605285644531,-618.7777099609375,0.2936244606971741
2025-09-11T16:05:57.885+02:00,479.349853515625,-71.36653900146484,-1.2285174131393433,94.40449523925781,-974.0226440429688,2.4233615398406982,109.6483383178711,-618.78564453125,0.29361745715141296
2025-09-11T16:05:57.905+02:00,479.349853515625,-71.36653900146484,-1.2285174131393433,94.40449523925781,-974.0226440429688,2.4233615398406982,109.6483383178711,-618.78564453125,0.29361745715141296
2025-09-11T16:05:57.925+02:00,479.349853515625,-71.36653900146484,-1.2285174131393433,94.40449523925781,-974.0226440429688,2.4233615398406982,109.6483383178711,-618.78564453125,0.29361745715141296
2025-09-11T16:05:57.945+02:00,479.349853515625,-71.36653900146484,-1.2285174131393433,94.40449523925781,-974.0226440429688,2.4233615398406982,109.6483383178711,-618.78564453125,0.29361745715141296
2025-09-11T16:05:57.964+02:00,479.349853515625,-71.36653900146484,-1.2285174131393433,94.40449523925781,-974.0226440429688,2.4233615398406982,109.6483383178711,-618.78564453125,0.29361745715141296
2025-09-11T16:05:57.985+02:00,482.5033264160156,-77.47328186035156,-1.134339690208435,94.37783813476562,-974.0372314453125,2.423704147338867,109.63462829589844,-618.7796630859375,0.2936016917228699
2025-09-11T16:05:58.004+02:00,483.87335205078125,-79.22647094726562,-1.1070729494094849,94.40363311767578,-974.0248413085938,2.4235072135925293,109.628173828125,-618.7890625,0.2935735881328583
2025-09-11T16:05:58.025+02:00,483.87335205078125,-79.22647094726562,-1.1070729494094849,94.40363311767578,-974.0248413085938,2.4235072135925293,109.628173828125,-618.7890625,0.2935735881328583
2025-09-11T16:05:58.045+02:00,485.60443115234375,-81.17890167236328,-1.0775612592697144,94.40714263916016,-974.0191040039062,2.4234375953674316,109.64201354980469,-618.796630859375,0.2936239242553711
2025-09-11T16:05:58.065+02:00,487.284912109375,-82.69966888427734,-1.0513604879379272,94.42095184326172,-974.0361938476562,2.423126220703125,109.65084075927734,-618.7652587890625,0.2936440110206604
2025-09-11T16:05:58.085+02:00,487.284912109375,-82.69966888427734,-1.0513604879379272,94.42095184326172,-974.0361938476562,2.423126220703125,109.65084075927734,-618.7652587890625,0.2936440110206604
2025-09-11T16:05:58.105+02:00,487.284912109375,-82.69966888427734,-1.0513604879379272,94.42095184326172,-974.0361938476562,2.423126220703125,109.65084075927734,-618.7652587890625,0.2936440110206604
2025-09-11T16:05:58.125+02:00,487.284912109375,-82.69966888427734,-1.0513604879379272,94.42095184326172,-974.0361938476562,2.423126220703125,109.65084075927734,-618.7652587890625,0.2936440110206604
2025-09-11T16:05:58.144+02:00,488.86358642578125,-84.28233337402344,-1.021499752998352,94.42876434326172,-974.039794921875,2.423053026199341,109.63615417480469,-618.7971801757812,0.2936578094959259
2025-09-11T16:05:58.164+02:00,490.4468078613281,-86.0759506225586,-0.9927996397018433,94.38776397705078,-974.0459594726562,2.4236485958099365,109.63615417480469,-618.7971801757812,0.2936578094959259
2025-09-11T16:05:58.185+02:00,490.4468078613281,-86.0759506225586,-0.9927996397018433,94.38776397705078,-974.0459594726562,2.4236485958099365,109.63615417480469,-618.7971801757812,0.2936578094959259
2025-09-11T16:05:58.204+02:00,494.9560852050781,-91.45642852783203,-0.9292528629302979,94.4082260131836,-974.0266723632812,2.4231317043304443,109.6068344116211,-618.7566528320312,0.2936200201511383
2025-09-11T16:05:58.225+02:00,494.9560852050781,-91.45642852783203,-0.9292528629302979,94.4082260131836,-974.0266723632812,2.4231317043304443,109.6068344116211,-618.7566528320312,0.2936200201511383
2025-09-11T16:05:58.245+02:00,497.435546875,-93.1813735961914,-0.9067550301551819,94.41403198242188,-974.022216796875,2.423267364501953,109.68824005126953,-618.8108520507812,0.2933281362056732
2025-09-11T16:05:58.264+02:00,498.79034423828125,-94.76480865478516,-0.887351930141449,94.41913604736328,-974.025390625,2.4231772422790527,109.60559844970703,-618.8058471679688,0.2936420142650604
2025-09-11T16:05:58.285+02:00,498.79034423828125,-94.76480865478516,-0.887351930141449,94.41913604736328,-974.025390625,2.4231772422790527,109.60559844970703,-618.8058471679688,0.2936420142650604
2025-09-11T16:05:58.304+02:00,500.9549560546875,-96.8680419921875,-0.8607832193374634,94.40802764892578,-974.0233154296875,2.423316478729248,109.60559844970703,-618.8058471679688,0.2936420142650604
2025-09-11T16:05:58.325+02:00,500.9549560546875,-96.8680419921875,-0.8607832193374634,94.40802764892578,-974.0233154296875,2.423316478729248,109.60559844970703,-618.8058471679688,0.2936420142650604
2025-09-11T16:05:58.345+02:00,500.9549560546875,-96.8680419921875,-0.8607832193374634,94.40802764892578,-974.0233154296875,2.423316478729248,109.60559844970703,-618.8058471679688,0.2936420142650604
2025-09-11T16:05:58.365+02:00,500.9549560546875,-96.8680419921875,-0.8607832193374634,94.40802764892578,-974.0233154296875,2.423316478729248,109.60559844970703,-618.8058471679688,0.2936420142650604
2025-09-11T16:05:58.385+02:00,500.9549560546875,-96.8680419921875,-0.8607832193374634,94.40802764892578,-974.0233154296875,2.423316478729248,109.60559844970703,-618.8058471679688,0.2936420142650604
2025-09-11T16:05:58.404+02:00,506.2027587890625,-101.6814193725586,-0.8012399077415466,94.4076919555664,-974.0242919921875,2.4235143661499023,109.59786224365234,-618.7744750976562,0.2936358153820038
2025-09-11T16:05:58.425+02:00,510.598388671875,-104.93547058105469,-0.7750905156135559,94.40658569335938,-974.0225830078125,2.4234087467193604,109.59500122070312,-618.8043212890625,0.293567419052124
2025-09-11T16:05:58.445+02:00,514.3955688476562,-108.08809661865234,-0.7461925148963928,94.40658569335938,-974.0222778320312,2.4233503341674805,109.59500122070312,-618.8043212890625,0.293567419052124
2025-09-11T16:05:58.464+02:00,517.2240600585938,-110.34210968017578,-0.7243569493293762,94.39933013916016,-974.0167236328125,2.4237334728240967,109.61833953857422,-618.7949829101562,0.29357799887657166
2025-09-11T16:05:58.485+02:00,517.2240600585938,-110.34210968017578,-0.7243569493293762,94.39933013916016,-974.0167236328125,2.4237334728240967,109.61833953857422,-618.7949829101562,0.29357799887657166
2025-09-11T16:05:58.504+02:00,519.6563720703125,-112.23912811279297,-0.7003315687179565,94.40735626220703,-974.034912109375,2.4231958389282227,109.59163665771484,-618.8043823242188,0.2935843765735626
2025-09-11T16:05:58.524+02:00,519.6563720703125,-112.23912811279297,-0.7003315687179565,94.40735626220703,-974.034912109375,2.4231958389282227,109.59163665771484,-618.8043823242188,0.2935843765735626
2025-09-11T16:05:58.544+02:00,522.3543701171875,-114.18174743652344,-0.6862920522689819,94.40735626220703,-974.034912109375,2.4231958389282227,109.61267852783203,-618.7942504882812,0.29358741641044617
2025-09-11T16:05:58.564+02:00,522.3543701171875,-114.18174743652344,-0.6862920522689819,94.40735626220703,-974.034912109375,2.4231958389282227,109.61267852783203,-618.7942504882812,0.29358741641044617
2025-09-11T16:05:58.585+02:00,522.3543701171875,-114.18174743652344,-0.6862920522689819,94.40735626220703,-974.034912109375,2.4231958389282227,109.61267852783203,-618.7942504882812,0.29358741641044617
2025-09-11T16:05:58.604+02:00,522.3543701171875,-114.18174743652344,-0.6862920522689819,94.40735626220703,-974.034912109375,2.4231958389282227,109.61267852783203,-618.7942504882812,0.29358741641044617
2025-09-11T16:05:58.624+02:00,527.7640380859375,-118.29484558105469,-0.6538782119750977,94.41249084472656,-974.0302124023438,2.423069477081299,109.59564208984375,-618.8047485351562,0.29358959197998047
2025-09-11T16:05:58.645+02:00,531.9888305664062,-121.11019897460938,-0.6396452784538269,94.41899108886719,-974.0307006835938,2.4233336448669434,109.58053588867188,-618.7796020507812,0.29368165135383606
2025-09-11T16:05:58.664+02:00,535.7996826171875,-123.42105102539062,-0.6230175495147705,94.4238510131836,-974.0438842773438,2.4231483936309814,109.5958023071289,-618.7955932617188,0.29361921548843384
2025-09-11T16:05:58.685+02:00,535.7996826171875,-123.42105102539062,-0.6230175495147705,94.4238510131836,-974.0438842773438,2.4231483936309814,109.5958023071289,-618.7955932617188,0.29361921548843384
2025-09-11T16:05:58.705+02:00,539.025634765625,-125.39484405517578,-0.6052529215812683,94.40868377685547,-974.0279541015625,2.4233322143554688,109.6144027709961,-618.7786865234375,0.29365378618240356
2025-09-11T16:05:58.725+02:00,539.025634765625,-125.39484405517578,-0.6052529215812683,94.40868377685547,-974.0279541015625,2.4233322143554688,109.6144027709961,-618.7786865234375,0.29365378618240356
2025-09-11T16:05:58.744+02:00,542.630126953125,-127.96092224121094,-0.5928463339805603,94.40135192871094,-974.031494140625,2.423219919204712,109.59959411621094,-618.7997436523438,0.2936152219772339
2025-09-11T16:05:58.764+02:00,542.630126953125,-127.96092224121094,-0.5928463339805603,94.40135192871094,-974.031494140625,2.423219919204712,109.59959411621094,-618.7997436523438,0.2936152219772339
2025-09-11T16:05:58.785+02:00,542.630126953125,-127.96092224121094,-0.5928463339805603,94.40135192871094,-974.031494140625,2.423219919204712,109.59959411621094,-618.7997436523438,0.2936152219772339
2025-09-11T16:05:58.804+02:00,542.630126953125,-127.96092224121094,-0.5928463339805603,94.40135192871094,-974.031494140625,2.423219919204712,109.59959411621094,-618.7997436523438,0.2936152219772339
2025-09-11T16:05:58.824+02:00,542.630126953125,-127.96092224121094,-0.5928463339805603,94.40135192871094,-974.031494140625,2.423219919204712,109.59959411621094,-618.7997436523438,0.2936152219772339
2025-09-11T16:05:58.844+02:00,542.630126953125,-127.96092224121094,-0.5928463339805603,94.40135192871094,-974.031494140625,2.423219919204712,109.59959411621094,-618.7997436523438,0.2936152219772339
2025-09-11T16:05:58.864+02:00,558.7291870117188,-137.27557373046875,-0.5383732914924622,94.37757873535156,-974.0357055664062,2.423957586288452,109.60242462158203,-618.7992553710938,0.2935709059238434
2025-09-11T16:05:58.885+02:00,558.7291870117188,-137.27557373046875,-0.5383732914924622,94.37757873535156,-974.0357055664062,2.423957586288452,109.60242462158203,-618.7992553710938,0.2935709059238434
2025-09-11T16:05:58.904+02:00,563.0115966796875,-139.63121032714844,-0.525336742401123,94.40713500976562,-974.0257568359375,2.423288106918335,109.58087158203125,-618.7941284179688,0.29361793398857117
2025-09-11T16:05:58.924+02:00,563.0115966796875,-139.63121032714844,-0.525336742401123,94.40713500976562,-974.0257568359375,2.423288106918335,109.58087158203125,-618.7941284179688,0.29361793398857117
2025-09-11T16:05:58.945+02:00,567.4019165039062,-142.0617218017578,-0.5142914652824402,94.37449645996094,-974.04296875,2.4237749576568604,109.60260772705078,-618.7868041992188,0.29361653327941895
2025-09-11T16:05:58.965+02:00,567.4019165039062,-142.0617218017578,-0.5142914652824402,94.37449645996094,-974.04296875,2.4237749576568604,109.60260772705078,-618.7868041992188,0.29361653327941895
2025-09-11T16:05:58.985+02:00,572.0494384765625,-143.91690063476562,-0.5034754872322083,94.40568542480469,-974.0299682617188,2.423318386077881,109.59844970703125,-618.8012084960938,0.29364049434661865
2025-09-11T16:05:59.004+02:00,572.0494384765625,-143.91690063476562,-0.5034754872322083,94.40568542480469,-974.0299682617188,2.423318386077881,109.59844970703125,-618.8012084960938,0.29364049434661865
2025-09-11T16:05:59.024+02:00,572.0494384765625,-143.91690063476562,-0.5034754872322083,94.40568542480469,-974.0299682617188,2.423318386077881,109.59844970703125,-618.8012084960938,0.29364049434661865
2025-09-11T16:05:59.045+02:00,572.0494384765625,-143.91690063476562,-0.5034754872322083,94.40568542480469,-974.0299682617188,2.423318386077881,109.59844970703125,-618.8012084960938,0.29364049434661865
2025-09-11T16:05:59.065+02:00,572.0494384765625,-143.91690063476562,-0.5034754872322083,94.40568542480469,-974.0299682617188,2.423318386077881,109.59844970703125,-618.8012084960938,0.29364049434661865
2025-09-11T16:05:59.085+02:00,586.968994140625,-151.55848693847656,-0.48142632842063904,94.4024658203125,-974.02490234375,2.4234836101531982,109.62871551513672,-618.8103637695312,0.2936323881149292
2025-09-11T16:05:59.104+02:00,592.5023803710938,-154.1922149658203,-0.47645413875579834,94.42057800292969,-974.0374755859375,2.423241376876831,109.60074615478516,-618.7970581054688,0.2936110198497772
2025-09-11T16:05:59.125+02:00,592.5023803710938,-154.1922149658203,-0.47645413875579834,94.42057800292969,-974.0374755859375,2.423241376876831,109.60074615478516,-618.7970581054688,0.2936110198497772
2025-09-11T16:05:59.145+02:00,597.6823120117188,-157.1487274169922,-0.4681905508041382,94.39967346191406,-974.0239868164062,2.423428773880005,109.60074615478516,-618.7970581054688,0.2936110198497772
2025-09-11T16:05:59.164+02:00,603.0529174804688,-159.82879638671875,-0.46403196454048157,94.39967346191406,-974.0239868164062,2.423428773880005,109.61267852783203,-618.8057861328125,0.29366621375083923
2025-09-11T16:05:59.185+02:00,603.0529174804688,-159.82879638671875,-0.46403196454048157,94.39967346191406,-974.0239868164062,2.423428773880005,109.61267852783203,-618.8057861328125,0.29366621375083923
2025-09-11T16:05:59.204+02:00,608.5631103515625,-162.03468322753906,-0.461407870054245,94.3835678100586,-974.0419311523438,2.4238436222076416,109.61184692382812,-618.8018188476562,0.2936175465583801
2025-09-11T16:05:59.225+02:00,608.5631103515625,-162.03468322753906,-0.461407870054245,94.3835678100586,-974.0419311523438,2.4238436222076416,109.61184692382812,-618.8018188476562,0.2936175465583801
2025-09-11T16:05:59.244+02:00,614.7517700195312,-164.75967407226562,-0.4587043225765228,94.40383911132812,-974.0241088867188,2.4233996868133545,109.61184692382812,-618.8018188476562,0.2936175465583801
2025-09-11T16:05:59.265+02:00,614.7517700195312,-164.75967407226562,-0.4587043225765228,94.40383911132812,-974.0241088867188,2.4233996868133545,109.61184692382812,-618.8018188476562,0.2936175465583801
2025-09-11T16:05:59.285+02:00,614.7517700195312,-164.75967407226562,-0.4587043225765228,94.40383911132812,-974.0241088867188,2.4233996868133545,109.61184692382812,-618.8018188476562,0.2936175465583801
2025-09-11T16:05:59.304+02:00,620.9570922851562,-167.86782836914062,-0.45624780654907227,94.40923309326172,-974.0325317382812,2.423382520675659,109.63688659667969,-618.7902221679688,0.29355567693710327
2025-09-11T16:05:59.325+02:00,626.9158325195312,-170.52685546875,-0.45544350147247314,94.40457916259766,-974.018310546875,2.423259735107422,109.6006088256836,-618.81640625,0.2935079038143158
2025-09-11T16:05:59.344+02:00,633.10791015625,-173.4651641845703,-0.4576179087162018,94.39283752441406,-974.0386352539062,2.423731803894043,109.60845184326172,-618.8119506835938,0.29347798228263855
2025-09-11T16:05:59.364+02:00,639.0870361328125,-176.57911682128906,-0.4587268531322479,94.39490509033203,-974.047119140625,2.4236972332000732,109.6111831665039,-618.8135986328125,0.29353490471839905
2025-09-11T16:05:59.385+02:00,639.0870361328125,-176.57911682128906,-0.4587268531322479,94.39490509033203,-974.047119140625,2.4236972332000732,109.6111831665039,-618.8135986328125,0.29353490471839905
2025-09-11T16:05:59.404+02:00,644.817626953125,-179.30564880371094,-0.4610179662704468,94.40570068359375,-974.025634765625,2.4233052730560303,109.58952331542969,-618.8184204101562,0.2935038208961487
2025-09-11T16:05:59.425+02:00,644.817626953125,-179.30564880371094,-0.4610179662704468,94.40570068359375,-974.025634765625,2.4233052730560303,109.58952331542969,-618.8184204101562,0.2935038208961487
2025-09-11T16:05:59.445+02:00,644.817626953125,-179.30564880371094,-0.4610179662704468,94.40570068359375,-974.025634765625,2.4233052730560303,109.58952331542969,-618.8184204101562,0.2935038208961487
2025-09-11T16:05:59.465+02:00,650.9075927734375,-181.80198669433594,-0.4632067084312439,94.41685485839844,-974.037109375,2.4232370853424072,109.60249328613281,-618.8099975585938,0.2935107350349426
2025-09-11T16:05:59.485+02:00,650.9075927734375,-181.80198669433594,-0.4632067084312439,94.41685485839844,-974.037109375,2.4232370853424072,109.60249328613281,-618.8099975585938,0.2935107350349426
2025-09-11T16:05:59.505+02:00,656.3855590820312,-184.5234375,-0.4707843065261841,94.38945007324219,-974.0385131835938,2.423787832260132,109.61215209960938,-618.8035278320312,0.2936024069786072
2025-09-11T16:05:59.525+02:00,656.3855590820312,-184.5234375,-0.4707843065261841,94.38945007324219,-974.0385131835938,2.423787832260132,109.61215209960938,-618.8035278320312,0.2936024069786072
2025-09-11T16:05:59.544+02:00,656.3855590820312,-184.5234375,-0.4707843065261841,94.38945007324219,-974.0385131835938,2.423787832260132,109.61215209960938,-618.8035278320312,0.2936024069786072
2025-09-11T16:05:59.565+02:00,656.3855590820312,-184.5234375,-0.4707843065261841,94.38945007324219,-974.0385131835938,2.423787832260132,109.61215209960938,-618.8035278320312,0.2936024069786072
2025-09-11T16:05:59.584+02:00,656.3855590820312,-184.5234375,-0.4707843065261841,94.38945007324219,-974.0385131835938,2.423787832260132,109.61215209960938,-618.8035278320312,0.2936024069786072
2025-09-11T16:05:59.604+02:00,670.9004516601562,-192.38580322265625,-0.49047166109085083,94.39888000488281,-974.0238647460938,2.423532247543335,109.62196350097656,-618.8156127929688,0.29349371790885925
2025-09-11T16:05:59.624+02:00,675.7114868164062,-194.97215270996094,-0.5005387663841248,94.41087341308594,-974.0308227539062,2.4233803749084473,109.62196350097656,-618.8156127929688,0.29349371790885925
2025-09-11T16:05:59.645+02:00,675.7114868164062,-194.97215270996094,-0.5005387663841248,94.41087341308594,-974.0308227539062,2.4233803749084473,109.62196350097656,-618.8156127929688,0.29349371790885925
2025-09-11T16:05:59.665+02:00,675.7114868164062,-194.97215270996094,-0.5005387663841248,94.41087341308594,-974.0308227539062,2.4233803749084473,109.62196350097656,-618.8156127929688,0.29349371790885925
2025-09-11T16:05:59.685+02:00,675.7114868164062,-194.97215270996094,-0.5005387663841248,94.41087341308594,-974.0308227539062,2.4233803749084473,109.62196350097656,-618.8156127929688,0.29349371790885925
2025-09-11T16:05:59.705+02:00,675.7114868164062,-194.97215270996094,-0.5005387663841248,94.41087341308594,-974.0308227539062,2.4233803749084473,109.62196350097656,-618.8156127929688,0.29349371790885925
2025-09-11T16:05:59.725+02:00,675.7114868164062,-194.97215270996094,-0.5005387663841248,94.41087341308594,-974.0308227539062,2.4233803749084473,109.62196350097656,-618.8156127929688,0.29349371790885925
2025-09-11T16:05:59.745+02:00,675.7114868164062,-194.97215270996094,-0.5005387663841248,94.41087341308594,-974.0308227539062,2.4233803749084473,109.62196350097656,-618.8156127929688,0.29349371790885925
2025-09-11T16:05:59.765+02:00,675.7114868164062,-194.97215270996094,-0.5005387663841248,94.41087341308594,-974.0308227539062,2.4233803749084473,109.62196350097656,-618.8156127929688,0.29349371790885925
2025-09-11T16:05:59.784+02:00,675.7114868164062,-194.97215270996094,-0.5005387663841248,94.41087341308594,-974.0308227539062,2.4233803749084473,109.62196350097656,-618.8156127929688,0.29349371790885925
2025-09-11T16:05:59.804+02:00,702.385498046875,-209.375732421875,-0.5572698712348938,94.40643310546875,-974.0311889648438,2.4233510494232178,109.62335205078125,-618.8092651367188,0.2934756278991699
2025-09-11T16:05:59.824+02:00,702.385498046875,-209.375732421875,-0.5572698712348938,94.40643310546875,-974.0311889648438,2.4233510494232178,109.62335205078125,-618.8092651367188,0.2934756278991699
2025-09-11T16:05:59.844+02:00,706.8201293945312,-212.2359161376953,-0.5694166421890259,94.40718841552734,-974.02734375,2.4232141971588135,109.62335205078125,-618.8092651367188,0.2934756278991699
2025-09-11T16:05:59.864+02:00,706.8201293945312,-212.2359161376953,-0.5694166421890259,94.40718841552734,-974.02734375,2.4232141971588135,109.62335205078125,-618.8092651367188,0.2934756278991699
2025-09-11T16:05:59.884+02:00,711.6353149414062,-215.15541076660156,-0.5762079954147339,94.41159057617188,-974.0407104492188,2.423440456390381,109.62516784667969,-618.8013305664062,0.2935037612915039
2025-09-11T16:05:59.904+02:00,711.6353149414062,-215.15541076660156,-0.5762079954147339,94.41159057617188,-974.0407104492188,2.423440456390381,109.62516784667969,-618.8013305664062,0.2935037612915039
2025-09-11T16:05:59.924+02:00,711.6353149414062,-215.15541076660156,-0.5762079954147339,94.41159057617188,-974.0407104492188,2.423440456390381,109.62516784667969,-618.8013305664062,0.2935037612915039
2025-09-11T16:05:59.944+02:00,711.6353149414062,-215.15541076660156,-0.5762079954147339,94.41159057617188,-974.0407104492188,2.423440456390381,109.62516784667969,-618.8013305664062,0.2935037612915039
2025-09-11T16:05:59.964+02:00,723.3265991210938,-223.38926696777344,-0.6081669330596924,94.40782165527344,-974.0263671875,2.423525810241699,109.6422119140625,-618.8206787109375,0.293521910905838
2025-09-11T16:05:59.984+02:00,723.3265991210938,-223.38926696777344,-0.6081669330596924,94.40782165527344,-974.0263671875,2.423525810241699,109.6422119140625,-618.8206787109375,0.293521910905838
2025-09-11T16:06:00.004+02:00,727.1533203125,-225.72801208496094,-0.6200734376907349,94.40782165527344,-974.0263671875,2.423525810241699,109.6236343383789,-618.814453125,0.29349932074546814
2025-09-11T16:06:00.025+02:00,727.1533203125,-225.72801208496094,-0.6200734376907349,94.40782165527344,-974.0263671875,2.423525810241699,109.6236343383789,-618.814453125,0.29349932074546814
2025-09-11T16:06:00.044+02:00,730.4370727539062,-228.28306579589844,-0.6293109059333801,94.4086685180664,-974.029541015625,2.423275947570801,109.6236343383789,-618.814453125,0.29349932074546814
2025-09-11T16:06:00.064+02:00,730.4370727539062,-228.28306579589844,-0.6293109059333801,94.4086685180664,-974.029541015625,2.423275947570801,109.6236343383789,-618.814453125,0.29349932074546814
2025-09-11T16:06:00.084+02:00,730.4370727539062,-228.28306579589844,-0.6293109059333801,94.4086685180664,-974.029541015625,2.423275947570801,109.6236343383789,-618.814453125,0.29349932074546814
2025-09-11T16:06:00.104+02:00,733.7247314453125,-230.9109649658203,-0.6467328667640686,94.41205596923828,-974.027587890625,2.423126220703125,109.62403106689453,-618.805419921875,0.2934885621070862
2025-09-11T16:06:00.124+02:00,733.7247314453125,-230.9109649658203,-0.6467328667640686,94.41205596923828,-974.027587890625,2.423126220703125,109.62403106689453,-618.805419921875,0.2934885621070862
2025-09-11T16:06:00.144+02:00,737.072265625,-233.66067504882812,-0.6615309715270996,94.41746520996094,-974.0316772460938,2.423341751098633,109.64324188232422,-618.8033447265625,0.2934582829475403
2025-09-11T16:06:00.164+02:00,737.072265625,-233.66067504882812,-0.6615309715270996,94.41746520996094,-974.0316772460938,2.423341751098633,109.64324188232422,-618.8033447265625,0.2934582829475403
2025-09-11T16:06:00.184+02:00,743.613525390625,-239.01025390625,-0.6854994297027588,94.39340209960938,-974.0384521484375,2.4237210750579834,109.64105987548828,-618.8084106445312,0.29347676038742065
2025-09-11T16:06:00.204+02:00,748.3458251953125,-242.1664581298828,-0.7016727924346924,94.41828918457031,-974.03955078125,2.4232661724090576,109.6218490600586,-618.8071899414062,0.2934994101524353
2025-09-11T16:06:00.225+02:00,748.3458251953125,-242.1664581298828,-0.7016727924346924,94.41828918457031,-974.03955078125,2.4232661724090576,109.6218490600586,-618.8071899414062,0.2934994101524353
2025-09-11T16:06:00.244+02:00,751.108154296875,-245.52073669433594,-0.7194592356681824,94.40962982177734,-974.0260009765625,2.4233529567718506,109.6218490600586,-618.8071899414062,0.2934994101524353
2025-09-11T16:06:00.265+02:00,753.9302368164062,-248.4583740234375,-0.7331977486610413,94.40653991699219,-974.0296020507812,2.4232699871063232,109.6218490600586,-618.8071899414062,0.2934994101524353
2025-09-11T16:06:00.285+02:00,753.9302368164062,-248.4583740234375,-0.7331977486610413,94.40653991699219,-974.0296020507812,2.4232699871063232,109.6218490600586,-618.8071899414062,0.2934994101524353
2025-09-11T16:06:00.305+02:00,753.9302368164062,-248.4583740234375,-0.7331977486610413,94.40653991699219,-974.0296020507812,2.4232699871063232,109.6218490600586,-618.8071899414062,0.2934994101524353
2025-09-11T16:06:00.325+02:00,753.9302368164062,-248.4583740234375,-0.7331977486610413,94.40653991699219,-974.0296020507812,2.4232699871063232,109.6218490600586,-618.8071899414062,0.2934994101524353
2025-09-11T16:06:00.345+02:00,759.7979125976562,-254.4925079345703,-0.7652469873428345,94.40309143066406,-974.0238647460938,2.423570394515991,109.61466979980469,-618.8177490234375,0.29350733757019043
2025-09-11T16:06:00.365+02:00,763.5552368164062,-257.7228698730469,-0.7838760614395142,94.40309143066406,-974.0238647460938,2.423570394515991,109.61466979980469,-618.8177490234375,0.29350733757019043
2025-09-11T16:06:00.385+02:00,763.5552368164062,-257.7228698730469,-0.7838760614395142,94.40309143066406,-974.0238647460938,2.423570394515991,109.61466979980469,-618.8177490234375,0.29350733757019043
2025-09-11T16:06:00.405+02:00,765.4467163085938,-260.7418518066406,-0.7986884713172913,94.3958969116211,-974.0228881835938,2.423671245574951,109.61466979980469,-618.8177490234375,0.29350733757019043
2025-09-11T16:06:00.424+02:00,765.4467163085938,-260.7418518066406,-0.7986884713172913,94.3958969116211,-974.0228881835938,2.423671245574951,109.61466979980469,-618.8177490234375,0.29350733757019043
2025-09-11T16:06:00.444+02:00,768.6326904296875,-263.4913635253906,-0.814653217792511,94.41132354736328,-974.0321044921875,2.4233245849609375,109.62380981445312,-618.80126953125,0.29352566599845886
2025-09-11T16:06:00.464+02:00,770.1702880859375,-266.7430114746094,-0.8239310383796692,94.39806365966797,-974.022216796875,2.423349142074585,109.63554382324219,-618.8167114257812,0.2935115694999695
2025-09-11T16:06:00.484+02:00,770.1702880859375,-266.7430114746094,-0.8239310383796692,94.39806365966797,-974.022216796875,2.423349142074585,109.63554382324219,-618.8167114257812,0.2935115694999695
2025-09-11T16:06:00.504+02:00,773.1885986328125,-270.48944091796875,-0.8435234427452087,94.42146301269531,-974.0305786132812,2.4231042861938477,109.62644958496094,-618.8040161132812,0.2934740483760834
2025-09-11T16:06:00.524+02:00,773.1885986328125,-270.48944091796875,-0.8435234427452087,94.42146301269531,-974.0305786132812,2.4231042861938477,109.62644958496094,-618.8040161132812,0.2934740483760834
2025-09-11T16:06:00.544+02:00,773.1885986328125,-270.48944091796875,-0.8435234427452087,94.42146301269531,-974.0305786132812,2.4231042861938477,109.62644958496094,-618.8040161132812,0.2934740483760834
2025-09-11T16:06:00.564+02:00,773.1885986328125,-270.48944091796875,-0.8435234427452087,94.42146301269531,-974.0305786132812,2.4231042861938477,109.62644958496094,-618.8040161132812,0.2934740483760834
2025-09-11T16:06:00.584+02:00,773.1885986328125,-270.48944091796875,-0.8435234427452087,94.42146301269531,-974.0305786132812,2.4231042861938477,109.62644958496094,-618.8040161132812,0.2934740483760834
2025-09-11T16:06:00.604+02:00,773.1885986328125,-270.48944091796875,-0.8435234427452087,94.42146301269531,-974.0305786132812,2.4231042861938477,109.62644958496094,-618.8040161132812,0.2934740483760834
2025-09-11T16:06:00.625+02:00,782.3601684570312,-281.1831359863281,-0.8971905708312988,94.41886901855469,-974.0339965820312,2.4230051040649414,109.62691497802734,-618.8024291992188,0.2934960126876831
2025-09-11T16:06:00.644+02:00,784.6228637695312,-283.8640441894531,-0.9169701337814331,94.40755462646484,-974.0231323242188,2.423348903656006,109.62547302246094,-618.8155517578125,0.2934843599796295
2025-09-11T16:06:00.665+02:00,787.2040405273438,-287.4035949707031,-0.932604968547821,94.43313598632812,-974.0319213867188,2.422922134399414,109.62547302246094,-618.8155517578125,0.2934843599796295
2025-09-11T16:06:00.685+02:00,787.2040405273438,-287.4035949707031,-0.932604968547821,94.43313598632812,-974.0319213867188,2.422922134399414,109.62547302246094,-618.8155517578125,0.2934843599796295
2025-09-11T16:06:00.704+02:00,789.1135864257812,-290.7966003417969,-0.9459733963012695,94.40767669677734,-974.0185546875,2.4233293533325195,109.62535858154297,-618.8035278320312,0.2935197651386261
2025-09-11T16:06:00.725+02:00,789.1135864257812,-290.7966003417969,-0.9459733963012695,94.40767669677734,-974.0185546875,2.4233293533325195,109.62535858154297,-618.8035278320312,0.2935197651386261
2025-09-11T16:06:00.744+02:00,790.865234375,-294.71173095703125,-0.9681616425514221,94.41481018066406,-974.0281982421875,2.4230258464813232,109.6274185180664,-618.8281860351562,0.29337838292121887
2025-09-11T16:06:00.765+02:00,793.0509643554688,-298.1624450683594,-0.9843453764915466,94.41175842285156,-974.0241088867188,2.4233243465423584,109.625,-618.8165893554688,0.2934834063053131
2025-09-11T16:06:00.785+02:00,793.0509643554688,-298.1624450683594,-0.9843453764915466,94.41175842285156,-974.0241088867188,2.4233243465423584,109.625,-618.8165893554688,0.2934834063053131
2025-09-11T16:06:00.805+02:00,793.0509643554688,-298.1624450683594,-0.9843453764915466,94.41175842285156,-974.0241088867188,2.4233243465423584,109.625,-618.8165893554688,0.2934834063053131
2025-09-11T16:06:00.824+02:00,793.0509643554688,-298.1624450683594,-0.9843453764915466,94.41175842285156,-974.0241088867188,2.4233243465423584,109.625,-618.8165893554688,0.2934834063053131
2025-09-11T16:06:00.844+02:00,793.0509643554688,-298.1624450683594,-0.9843453764915466,94.41175842285156,-974.0241088867188,2.4233243465423584,109.625,-618.8165893554688,0.2934834063053131
2025-09-11T16:06:00.864+02:00,799.3641357421875,-308.0550231933594,-1.0453816652297974,94.41850280761719,-974.02880859375,2.423405170440674,109.61905670166016,-618.8143920898438,0.2935275733470917
2025-09-11T16:06:00.884+02:00,799.3641357421875,-308.0550231933594,-1.0453816652297974,94.41850280761719,-974.02880859375,2.423405170440674,109.61905670166016,-618.8143920898438,0.2935275733470917
2025-09-11T16:06:00.904+02:00,800.5872802734375,-311.6088562011719,-1.0542532205581665,94.40409088134766,-974.0144653320312,2.4234049320220947,109.61905670166016,-618.8143920898438,0.2935275733470917
2025-09-11T16:06:00.925+02:00,800.5872802734375,-311.6088562011719,-1.0542532205581665,94.40409088134766,-974.0144653320312,2.4234049320220947,109.61905670166016,-618.8143920898438,0.2935275733470917
2025-09-11T16:06:00.945+02:00,802.9702758789062,-315.06109619140625,-1.0804057121276855,94.41400909423828,-974.0291137695312,2.423487663269043,109.61905670166016,-618.8143920898438,0.2935275733470917
2025-09-11T16:06:00.965+02:00,802.9702758789062,-315.06109619140625,-1.0804057121276855,94.41400909423828,-974.0291137695312,2.423487663269043,109.61905670166016,-618.8143920898438,0.2935275733470917
2025-09-11T16:06:00.984+02:00,802.9702758789062,-315.06109619140625,-1.0804057121276855,94.41400909423828,-974.0291137695312,2.423487663269043,109.61905670166016,-618.8143920898438,0.2935275733470917
2025-09-11T16:06:01.004+02:00,805.3619995117188,-319.003173828125,-1.0941272974014282,94.4197006225586,-974.0292358398438,2.4232587814331055,109.61905670166016,-618.8143920898438,0.2935275733470917
2025-09-11T16:06:01.025+02:00,805.3619995117188,-319.003173828125,-1.0941272974014282,94.4197006225586,-974.0292358398438,2.4232587814331055,109.61905670166016,-618.8143920898438,0.2935275733470917
2025-09-11T16:06:01.044+02:00,805.3619995117188,-319.003173828125,-1.0941272974014282,94.4197006225586,-974.0292358398438,2.4232587814331055,109.61905670166016,-618.8143920898438,0.2935275733470917
2025-09-11T16:06:01.065+02:00,807.4552612304688,-325.63421630859375,-1.1278133392333984,94.41983795166016,-974.0271606445312,2.4231531620025635,109.62800598144531,-618.8036499023438,0.29351359605789185
2025-09-11T16:06:01.085+02:00,808.8428344726562,-329.675537109375,-1.1439776420593262,94.4245376586914,-974.0328979492188,2.422966957092285,109.6461410522461,-618.8143310546875,0.2935304343700409
2025-09-11T16:06:01.104+02:00,810.716796875,-333.20550537109375,-1.161331295967102,94.39137268066406,-974.0364990234375,2.423679828643799,109.62906646728516,-618.8045654296875,0.29349052906036377
2025-09-11T16:06:01.125+02:00,810.716796875,-333.20550537109375,-1.161331295967102,94.39137268066406,-974.0364990234375,2.423679828643799,109.62906646728516,-618.8045654296875,0.29349052906036377
2025-09-11T16:06:01.145+02:00,812.1845703125,-336.9557189941406,-1.179336428642273,94.4223403930664,-974.0380249023438,2.4232165813446045,109.62906646728516,-618.8045654296875,0.29349052906036377
2025-09-11T16:06:01.165+02:00,812.1845703125,-336.9557189941406,-1.179336428642273,94.4223403930664,-974.0380249023438,2.4232165813446045,109.62906646728516,-618.8045654296875,0.29349052906036377
2025-09-11T16:06:01.185+02:00,812.1845703125,-336.9557189941406,-1.179336428642273,94.4223403930664,-974.0380249023438,2.4232165813446045,109.62906646728516,-618.8045654296875,0.29349052906036377
2025-09-11T16:06:01.205+02:00,812.1845703125,-336.9557189941406,-1.179336428642273,94.4223403930664,-974.0380249023438,2.4232165813446045,109.62906646728516,-618.8045654296875,0.29349052906036377
2025-09-11T16:06:01.224+02:00,813.4219970703125,-340.5745544433594,-1.1945724487304688,94.40187072753906,-974.036865234375,2.42350172996521,109.62906646728516,-618.8045654296875,0.29349052906036377
2025-09-11T16:06:01.244+02:00,814.5709228515625,-344.6273193359375,-1.2194981575012207,94.4200210571289,-974.0294799804688,2.4230716228485107,109.65424346923828,-618.7979736328125,0.29349446296691895
2025-09-11T16:06:01.264+02:00,814.5709228515625,-344.6273193359375,-1.2194981575012207,94.4200210571289,-974.0294799804688,2.4230716228485107,109.65424346923828,-618.7979736328125,0.29349446296691895
2025-09-11T16:06:01.285+02:00,817.2396240234375,-352.68109130859375,-1.2445287704467773,94.41650390625,-974.0347290039062,2.4232630729675293,109.62409973144531,-618.7992553710938,0.2934727072715759
2025-09-11T16:06:01.304+02:00,819.9277954101562,-357.6234130859375,-1.263778805732727,94.40754699707031,-974.0306396484375,2.423286199569702,109.61808013916016,-618.8076782226562,0.29352566599845886
2025-09-11T16:06:01.325+02:00,819.9277954101562,-357.6234130859375,-1.263778805732727,94.40754699707031,-974.0306396484375,2.423286199569702,109.61808013916016,-618.8076782226562,0.29352566599845886
2025-09-11T16:06:01.345+02:00,820.2946166992188,-360.70404052734375,-1.2792245149612427,94.40625762939453,-974.0280151367188,2.423565626144409,109.62530517578125,-618.8380737304688,0.29335689544677734
2025-09-11T16:06:01.365+02:00,820.2946166992188,-360.70404052734375,-1.2792245149612427,94.40625762939453,-974.0280151367188,2.423565626144409,109.62530517578125,-618.8380737304688,0.29335689544677734
2025-09-11T16:06:01.384+02:00,820.8076782226562,-364.25531005859375,-1.2940106391906738,94.40586853027344,-974.0220947265625,2.423325538635254,109.63162231445312,-618.8010864257812,0.293466717004776
2025-09-11T16:06:01.405+02:00,820.8076782226562,-364.25531005859375,-1.2940106391906738,94.40586853027344,-974.0220947265625,2.423325538635254,109.63162231445312,-618.8010864257812,0.293466717004776
2025-09-11T16:06:01.424+02:00,822.1931762695312,-368.59356689453125,-1.3098409175872803,94.41388702392578,-974.0328369140625,2.4230122566223145,109.62409210205078,-618.8035888671875,0.2935141324996948
2025-09-11T16:06:01.445+02:00,822.1931762695312,-368.59356689453125,-1.3098409175872803,94.41388702392578,-974.0328369140625,2.4230122566223145,109.62409210205078,-618.8035888671875,0.2935141324996948
2025-09-11T16:06:01.465+02:00,822.1931762695312,-368.59356689453125,-1.3098409175872803,94.41388702392578,-974.0328369140625,2.4230122566223145,109.62409210205078,-618.8035888671875,0.2935141324996948
2025-09-11T16:06:01.484+02:00,822.1931762695312,-368.59356689453125,-1.3098409175872803,94.41388702392578,-974.0328369140625,2.4230122566223145,109.62409210205078,-618.8035888671875,0.2935141324996948
2025-09-11T16:06:01.504+02:00,825.700439453125,-382.1630554199219,-1.3539249897003174,94.39862060546875,-974.0162963867188,2.4235732555389404,109.61531066894531,-618.8126220703125,0.293520450592041
2025-09-11T16:06:01.524+02:00,825.700439453125,-382.1630554199219,-1.3539249897003174,94.39862060546875,-974.0162963867188,2.4235732555389404,109.61531066894531,-618.8126220703125,0.293520450592041
2025-09-11T16:06:01.544+02:00,826.1868896484375,-386.3926696777344,-1.3627021312713623,94.39164733886719,-974.0355834960938,2.423738479614258,109.6221923828125,-618.7962036132812,0.29349762201309204
2025-09-11T16:06:01.564+02:00,826.750244140625,-391.1785888671875,-1.379489541053772,94.41337585449219,-974.0352172851562,2.4231631755828857,109.6217269897461,-618.808837890625,0.2934885621070862
2025-09-11T16:06:01.585+02:00,826.750244140625,-391.1785888671875,-1.379489541053772,94.41337585449219,-974.0352172851562,2.4231631755828857,109.6217269897461,-618.808837890625,0.2934885621070862
2025-09-11T16:06:01.604+02:00,826.750244140625,-391.1785888671875,-1.379489541053772,94.41337585449219,-974.0352172851562,2.4231631755828857,109.6217269897461,-618.808837890625,0.2934885621070862
2025-09-11T16:06:01.625+02:00,826.750244140625,-391.1785888671875,-1.379489541053772,94.41337585449219,-974.0352172851562,2.4231631755828857,109.6217269897461,-618.808837890625,0.2934885621070862
2025-09-11T16:06:01.645+02:00,827.5661010742188,-395.7608947753906,-1.3907115459442139,94.42042541503906,-974.036865234375,2.42309308052063,109.6217269897461,-618.808837890625,0.2934885621070862
2025-09-11T16:06:01.665+02:00,827.5661010742188,-395.7608947753906,-1.3907115459442139,94.42042541503906,-974.036865234375,2.42309308052063,109.6217269897461,-618.808837890625,0.2934885621070862
2025-09-11T16:06:01.684+02:00,829.1513671875,-405.4928894042969,-1.4168387651443481,94.41709899902344,-974.0338134765625,2.4233016967773438,109.6217269897461,-618.808837890625,0.2934885621070862
2025-09-11T16:06:01.705+02:00,829.1513671875,-405.4928894042969,-1.4168387651443481,94.41709899902344,-974.0338134765625,2.4233016967773438,109.6217269897461,-618.808837890625,0.2934885621070862
2025-09-11T16:06:01.724+02:00,829.8826904296875,-410.5470275878906,-1.4248597621917725,94.40897369384766,-974.0321655273438,2.423424243927002,109.63875579833984,-618.8294677734375,0.29349470138549805
2025-09-11T16:06:01.744+02:00,829.9434814453125,-415.572265625,-1.434340476989746,94.41094970703125,-974.0341796875,2.4232523441314697,109.62462615966797,-618.798095703125,0.29353225231170654
2025-09-11T16:06:01.765+02:00,829.9434814453125,-415.572265625,-1.434340476989746,94.41094970703125,-974.0341796875,2.4232523441314697,109.62462615966797,-618.798095703125,0.29353225231170654
2025-09-11T16:06:01.785+02:00,830.9113159179688,-420.45458984375,-1.4489959478378296,94.40233612060547,-974.0267333984375,2.423166036605835,109.61923217773438,-618.8171997070312,0.2934652864933014
2025-09-11T16:06:01.804+02:00,831.8303833007812,-425.2090148925781,-1.455785870552063,94.40299987792969,-974.0217895507812,2.4234085083007812,109.61923217773438,-618.8171997070312,0.2934652864933014
2025-09-11T16:06:01.824+02:00,831.8303833007812,-425.2090148925781,-1.455785870552063,94.40299987792969,-974.0217895507812,2.4234085083007812,109.61923217773438,-618.8171997070312,0.2934652864933014
2025-09-11T16:06:01.844+02:00,831.8303833007812,-425.2090148925781,-1.455785870552063,94.40299987792969,-974.0217895507812,2.4234085083007812,109.61923217773438,-618.8171997070312,0.2934652864933014
2025-09-11T16:06:01.864+02:00,831.8303833007812,-425.2090148925781,-1.455785870552063,94.40299987792969,-974.0217895507812,2.4234085083007812,109.61923217773438,-618.8171997070312,0.2934652864933014
2025-09-11T16:06:01.884+02:00,831.91796875,-430.32269287109375,-1.4677153825759888,94.40361785888672,-974.0308837890625,2.423377275466919,109.61923217773438,-618.8171997070312,0.2934652864933014
2025-09-11T16:06:01.905+02:00,831.91796875,-430.32269287109375,-1.4677153825759888,94.40361785888672,-974.0308837890625,2.423377275466919,109.61923217773438,-618.8171997070312,0.2934652864933014
2025-09-11T16:06:01.925+02:00,831.91796875,-430.32269287109375,-1.4677153825759888,94.40361785888672,-974.0308837890625,2.423377275466919,109.61923217773438,-618.8171997070312,0.2934652864933014
2025-09-11T16:06:01.944+02:00,833.307861328125,-447.22235107421875,-1.485339879989624,94.39743041992188,-974.0189208984375,2.423452615737915,109.64539337158203,-618.8247680664062,0.2935127317905426
2025-09-11T16:06:01.964+02:00,833.6513061523438,-452.98822021484375,-1.4944157600402832,94.41126251220703,-974.0209350585938,2.4231009483337402,109.6370620727539,-618.7942504882812,0.29350101947784424
2025-09-11T16:06:01.984+02:00,833.6513061523438,-452.98822021484375,-1.4944157600402832,94.41126251220703,-974.0209350585938,2.4231009483337402,109.6370620727539,-618.7942504882812,0.29350101947784424
2025-09-11T16:06:02.005+02:00,834.4002685546875,-458.8316345214844,-1.5002179145812988,94.41079711914062,-974.0336303710938,2.423205614089966,109.61248016357422,-618.807861328125,0.2934914827346802
2025-09-11T16:06:02.025+02:00,834.4002685546875,-458.8316345214844,-1.5002179145812988,94.41079711914062,-974.0336303710938,2.423205614089966,109.61248016357422,-618.807861328125,0.2934914827346802
2025-09-11T16:06:02.045+02:00,834.914794921875,-464.70660400390625,-1.5044161081314087,94.40718078613281,-974.033935546875,2.4233152866363525,109.6396484375,-618.7940673828125,0.29347845911979675
2025-09-11T16:06:02.065+02:00,834.914794921875,-464.70660400390625,-1.5044161081314087,94.40718078613281,-974.033935546875,2.4233152866363525,109.6396484375,-618.7940673828125,0.29347845911979675
2025-09-11T16:06:02.085+02:00,834.914794921875,-464.70660400390625,-1.5044161081314087,94.40718078613281,-974.033935546875,2.4233152866363525,109.6396484375,-618.7940673828125,0.29347845911979675
2025-09-11T16:06:02.105+02:00,834.914794921875,-464.70660400390625,-1.5044161081314087,94.40718078613281,-974.033935546875,2.4233152866363525,109.6396484375,-618.7940673828125,0.29347845911979675
2025-09-11T16:06:02.125+02:00,834.914794921875,-464.70660400390625,-1.5044161081314087,94.40718078613281,-974.033935546875,2.4233152866363525,109.6396484375,-618.7940673828125,0.29347845911979675
2025-09-11T16:06:02.145+02:00,834.914794921875,-464.70660400390625,-1.5044161081314087,94.40718078613281,-974.033935546875,2.4233152866363525,109.6396484375,-618.7940673828125,0.29347845911979675
2025-09-11T16:06:02.165+02:00,835.610107421875,-484.64874267578125,-1.5142567157745361,94.41606140136719,-974.0299072265625,2.4233362674713135,109.63946533203125,-618.8209838867188,0.2934814393520355
2025-09-11T16:06:02.185+02:00,836.3972778320312,-491.1512756347656,-1.5126062631607056,94.400146484375,-974.0180053710938,2.42345929145813,109.62227630615234,-618.8063354492188,0.29349789023399353
2025-09-11T16:06:02.204+02:00,836.07373046875,-498.2646484375,-1.514384150505066,94.41358947753906,-974.0335693359375,2.423269748687744,109.63546752929688,-618.8177490234375,0.2933688759803772
2025-09-11T16:06:02.224+02:00,837.226318359375,-504.8534851074219,-1.5171598196029663,94.41563415527344,-974.0393676757812,2.4234068393707275,109.62836456298828,-618.8021240234375,0.2935045659542084
2025-09-11T16:06:02.245+02:00,837.226318359375,-504.8534851074219,-1.5171598196029663,94.41563415527344,-974.0393676757812,2.4234068393707275,109.62836456298828,-618.8021240234375,0.2935045659542084
2025-09-11T16:06:02.265+02:00,837.226318359375,-504.8534851074219,-1.5171598196029663,94.41563415527344,-974.0393676757812,2.4234068393707275,109.62836456298828,-618.8021240234375,0.2935045659542084
2025-09-11T16:06:02.285+02:00,837.226318359375,-504.8534851074219,-1.5171598196029663,94.41563415527344,-974.0393676757812,2.4234068393707275,109.62836456298828,-618.8021240234375,0.2935045659542084
2025-09-11T16:06:02.305+02:00,837.226318359375,-504.8534851074219,-1.5171598196029663,94.41563415527344,-974.0393676757812,2.4234068393707275,109.62836456298828,-618.8021240234375,0.2935045659542084
2025-09-11T16:06:02.325+02:00,837.226318359375,-504.8534851074219,-1.5171598196029663,94.41563415527344,-974.0393676757812,2.4234068393707275,109.62836456298828,-618.8021240234375,0.2935045659542084
2025-09-11T16:06:02.345+02:00,837.5200805664062,-511.4252014160156,-1.518534779548645,94.41600799560547,-974.0307006835938,2.4231584072113037,109.64409637451172,-618.8155517578125,0.2935147285461426
2025-09-11T16:06:02.365+02:00,837.5200805664062,-511.4252014160156,-1.518534779548645,94.41600799560547,-974.0307006835938,2.4231584072113037,109.64409637451172,-618.8155517578125,0.2935147285461426
2025-09-11T16:06:02.384+02:00,837.5200805664062,-511.4252014160156,-1.518534779548645,94.41600799560547,-974.0307006835938,2.4231584072113037,109.64409637451172,-618.8155517578125,0.2935147285461426
2025-09-11T16:06:02.404+02:00,839.875732421875,-535.6762084960938,-1.498540997505188,94.39422607421875,-974.0230102539062,2.4235076904296875,109.62456512451172,-618.8115234375,0.2934930920600891
2025-09-11T16:06:02.425+02:00,839.875732421875,-535.6762084960938,-1.498540997505188,94.39422607421875,-974.0230102539062,2.4235076904296875,109.62456512451172,-618.8115234375,0.2934930920600891
2025-09-11T16:06:02.444+02:00,840.1743774414062,-541.4376220703125,-1.4961363077163696,94.39903259277344,-974.0162963867188,2.423288106918335,109.62456512451172,-618.8115234375,0.2934930920600891
2025-09-11T16:06:02.464+02:00,840.1743774414062,-541.4376220703125,-1.4961363077163696,94.39903259277344,-974.0162963867188,2.423288106918335,109.62456512451172,-618.8115234375,0.2934930920600891
2025-09-11T16:06:02.485+02:00,840.96044921875,-547.4351196289062,-1.4843553304672241,94.40988159179688,-974.0302734375,2.4232265949249268,109.62456512451172,-618.8115234375,0.2934930920600891
2025-09-11T16:06:02.505+02:00,840.96044921875,-547.4351196289062,-1.4843553304672241,94.40988159179688,-974.0302734375,2.4232265949249268,109.62456512451172,-618.8115234375,0.2934930920600891
2025-09-11T16:06:02.524+02:00,841.0778198242188,-553.15625,-1.4825636148452759,94.41378021240234,-974.0292358398438,2.4232559204101562,109.62317657470703,-618.8372802734375,0.2933713495731354
2025-09-11T16:06:02.544+02:00,841.0778198242188,-553.15625,-1.4825636148452759,94.41378021240234,-974.0292358398438,2.4232559204101562,109.62317657470703,-618.8372802734375,0.2933713495731354
2025-09-11T16:06:02.564+02:00,841.9739990234375,-559.3988647460938,-1.4809917211532593,94.40794372558594,-974.027099609375,2.4234580993652344,109.61858367919922,-618.8077392578125,0.2935140132904053
2025-09-11T16:06:02.585+02:00,841.9739990234375,-559.3988647460938,-1.4809917211532593,94.40794372558594,-974.027099609375,2.4234580993652344,109.61858367919922,-618.8077392578125,0.2935140132904053
2025-09-11T16:06:02.605+02:00,841.9739990234375,-559.3988647460938,-1.4809917211532593,94.40794372558594,-974.027099609375,2.4234580993652344,109.61858367919922,-618.8077392578125,0.2935140132904053
2025-09-11T16:06:02.624+02:00,841.9739990234375,-559.3988647460938,-1.4809917211532593,94.40794372558594,-974.027099609375,2.4234580993652344,109.61858367919922,-618.8077392578125,0.2935140132904053
2025-09-11T16:06:02.644+02:00,843.9022216796875,-577.3889770507812,-1.4640389680862427,94.41657257080078,-974.0260009765625,2.4230146408081055,109.61788177490234,-618.8158569335938,0.29347240924835205
2025-09-11T16:06:02.664+02:00,844.7664184570312,-583.2926025390625,-1.454636573791504,94.41844940185547,-974.0272827148438,2.4232704639434814,109.61788177490234,-618.8158569335938,0.29347240924835205
2025-09-11T16:06:02.685+02:00,844.7664184570312,-583.2926025390625,-1.454636573791504,94.41844940185547,-974.0272827148438,2.4232704639434814,109.61788177490234,-618.8158569335938,0.29347240924835205
2025-09-11T16:06:02.705+02:00,845.5299682617188,-588.8269653320312,-1.4534633159637451,94.40279388427734,-974.0281372070312,2.4232826232910156,109.63518524169922,-618.8054809570312,0.293465793132782
2025-09-11T16:06:02.725+02:00,845.5299682617188,-588.8269653320312,-1.4534633159637451,94.40279388427734,-974.0281372070312,2.4232826232910156,109.63518524169922,-618.8054809570312,0.293465793132782
2025-09-11T16:06:02.744+02:00,846.2777709960938,-594.8223266601562,-1.4505929946899414,94.37928771972656,-974.0337524414062,2.4238791465759277,109.61961364746094,-618.8092041015625,0.2935079038143158
2025-09-11T16:06:02.765+02:00,846.2777709960938,-594.8223266601562,-1.4505929946899414,94.37928771972656,-974.0337524414062,2.4238791465759277,109.61961364746094,-618.8092041015625,0.2935079038143158
2025-09-11T16:06:02.784+02:00,846.2777709960938,-594.8223266601562,-1.4505929946899414,94.37928771972656,-974.0337524414062,2.4238791465759277,109.61961364746094,-618.8092041015625,0.2935079038143158
2025-09-11T16:06:02.805+02:00,846.2777709960938,-594.8223266601562,-1.4505929946899414,94.37928771972656,-974.0337524414062,2.4238791465759277,109.61961364746094,-618.8092041015625,0.2935079038143158
2025-09-11T16:06:02.824+02:00,846.2777709960938,-594.8223266601562,-1.4505929946899414,94.37928771972656,-974.0337524414062,2.4238791465759277,109.61961364746094,-618.8092041015625,0.2935079038143158
2025-09-11T16:06:02.844+02:00,846.2777709960938,-594.8223266601562,-1.4505929946899414,94.37928771972656,-974.0337524414062,2.4238791465759277,109.61961364746094,-618.8092041015625,0.2935079038143158
2025-09-11T16:06:02.864+02:00,846.2777709960938,-594.8223266601562,-1.4505929946899414,94.37928771972656,-974.0337524414062,2.4238791465759277,109.61961364746094,-618.8092041015625,0.2935079038143158
2025-09-11T16:06:02.884+02:00,850.1373291015625,-621.1087036132812,-1.4466404914855957,94.41299438476562,-974.0274047851562,2.423151731491089,109.64859771728516,-618.8402709960938,0.29338082671165466
2025-09-11T16:06:02.904+02:00,851.1300659179688,-627.4798583984375,-1.448061466217041,94.41166687011719,-974.0332641601562,2.4232187271118164,109.6382064819336,-618.8165283203125,0.29351046681404114
2025-09-11T16:06:02.924+02:00,851.1300659179688,-627.4798583984375,-1.448061466217041,94.41166687011719,-974.0332641601562,2.4232187271118164,109.6382064819336,-618.8165283203125,0.29351046681404114
2025-09-11T16:06:02.944+02:00,851.1300659179688,-627.4798583984375,-1.448061466217041,94.41166687011719,-974.0332641601562,2.4232187271118164,109.6382064819336,-618.8165283203125,0.29351046681404114
2025-09-11T16:06:02.964+02:00,851.886474609375,-633.8609619140625,-1.4480692148208618,94.41254425048828,-974.0296020507812,2.423217535018921,109.62451171875,-618.8114013671875,0.2934992015361786
2025-09-11T16:06:02.984+02:00,851.886474609375,-633.8609619140625,-1.4480692148208618,94.41254425048828,-974.0296020507812,2.423217535018921,109.62451171875,-618.8114013671875,0.2934992015361786
2025-09-11T16:06:03.004+02:00,851.886474609375,-633.8609619140625,-1.4480692148208618,94.41254425048828,-974.0296020507812,2.423217535018921,109.62451171875,-618.8114013671875,0.2934992015361786
2025-09-11T16:06:03.024+02:00,851.886474609375,-633.8609619140625,-1.4480692148208618,94.41254425048828,-974.0296020507812,2.423217535018921,109.62451171875,-618.8114013671875,0.2934992015361786
2025-09-11T16:06:03.044+02:00,854.1581420898438,-653.4618530273438,-1.4525516033172607,94.40055084228516,-974.022705078125,2.4235100746154785,109.62217712402344,-618.8013305664062,0.29346513748168945
2025-09-11T16:06:03.064+02:00,854.778564453125,-659.2810668945312,-1.4553923606872559,94.40055084228516,-974.022705078125,2.4235100746154785,109.61581420898438,-618.8087768554688,0.29348692297935486
2025-09-11T16:06:03.085+02:00,854.778564453125,-659.2810668945312,-1.4553923606872559,94.40055084228516,-974.022705078125,2.4235100746154785,109.61581420898438,-618.8087768554688,0.29348692297935486
2025-09-11T16:06:03.105+02:00,855.7764892578125,-664.121337890625,-1.462735652923584,94.40520477294922,-974.02587890625,2.4233109951019287,109.62541198730469,-618.7997436523438,0.2934678792953491
2025-09-11T16:06:03.124+02:00,855.7764892578125,-664.121337890625,-1.462735652923584,94.40520477294922,-974.02587890625,2.4233109951019287,109.62541198730469,-618.7997436523438,0.2934678792953491
2025-09-11T16:06:03.144+02:00,856.0260009765625,-668.9352416992188,-1.4689096212387085,94.39895629882812,-974.0498046875,2.42339825630188,109.61334991455078,-618.8363037109375,0.2933911085128784
2025-09-11T16:06:03.164+02:00,856.0260009765625,-668.9352416992188,-1.4689096212387085,94.39895629882812,-974.0498046875,2.42339825630188,109.61334991455078,-618.8363037109375,0.2933911085128784
2025-09-11T16:06:03.185+02:00,856.0260009765625,-668.9352416992188,-1.4689096212387085,94.39895629882812,-974.0498046875,2.42339825630188,109.61334991455078,-618.8363037109375,0.2933911085128784
2025-09-11T16:06:03.205+02:00,856.0260009765625,-668.9352416992188,-1.4689096212387085,94.39895629882812,-974.0498046875,2.42339825630188,109.61334991455078,-618.8363037109375,0.2933911085128784
2025-09-11T16:06:03.225+02:00,856.0260009765625,-668.9352416992188,-1.4689096212387085,94.39895629882812,-974.0498046875,2.42339825630188,109.61334991455078,-618.8363037109375,0.2933911085128784
2025-09-11T16:06:03.244+02:00,856.0260009765625,-668.9352416992188,-1.4689096212387085,94.39895629882812,-974.0498046875,2.42339825630188,109.61334991455078,-618.8363037109375,0.2933911085128784
2025-09-11T16:06:03.264+02:00,857.7443237304688,-690.11962890625,-1.5117243528366089,94.40445709228516,-974.0281372070312,2.4233620166778564,109.62303161621094,-618.8104858398438,0.29348304867744446
2025-09-11T16:06:03.285+02:00,857.7443237304688,-690.11962890625,-1.5117243528366089,94.40445709228516,-974.0281372070312,2.4233620166778564,109.62303161621094,-618.8104858398438,0.29348304867744446
2025-09-11T16:06:03.304+02:00,858.2467041015625,-695.2246704101562,-1.520047903060913,94.50093841552734,-973.9741821289062,2.424602746963501,109.62303161621094,-618.8104858398438,0.29348304867744446
2025-09-11T16:06:03.324+02:00,858.2467041015625,-695.2246704101562,-1.520047903060913,94.50093841552734,-973.9741821289062,2.424602746963501,109.62303161621094,-618.8104858398438,0.29348304867744446
2025-09-11T16:06:03.344+02:00,858.3643188476562,-699.9094848632812,-1.5304172039031982,94.51143646240234,-973.9955444335938,2.4244911670684814,109.61998748779297,-618.8007202148438,0.2935112714767456
2025-09-11T16:06:03.364+02:00,858.3643188476562,-699.9094848632812,-1.5304172039031982,94.51143646240234,-973.9955444335938,2.4244911670684814,109.61998748779297,-618.8007202148438,0.2935112714767456
2025-09-11T16:06:03.384+02:00,858.3643188476562,-699.9094848632812,-1.5304172039031982,94.51143646240234,-973.9955444335938,2.4244911670684814,109.61998748779297,-618.8007202148438,0.2935112714767456
2025-09-11T16:06:03.404+02:00,858.5901489257812,-705.0732421875,-1.5379527807235718,94.4969482421875,-973.9795532226562,2.4247560501098633,109.62635040283203,-618.8153686523438,0.2934873104095459
2025-09-11T16:06:03.425+02:00,858.5901489257812,-705.0732421875,-1.5379527807235718,94.4969482421875,-973.9795532226562,2.4247560501098633,109.62635040283203,-618.8153686523438,0.2934873104095459
2025-09-11T16:06:03.444+02:00,858.5901489257812,-705.0732421875,-1.5379527807235718,94.4969482421875,-973.9795532226562,2.4247560501098633,109.62635040283203,-618.8153686523438,0.2934873104095459
2025-09-11T16:06:03.464+02:00,858.5901489257812,-705.0732421875,-1.5379527807235718,94.4969482421875,-973.9795532226562,2.4247560501098633,109.62635040283203,-618.8153686523438,0.2934873104095459
2025-09-11T16:06:03.485+02:00,858.853515625,-719.9188232421875,-1.5721969604492188,94.49979400634766,-973.9779663085938,2.4245219230651855,109.63468170166016,-618.8192749023438,0.2934005558490753
2025-09-11T16:06:03.504+02:00,858.9354858398438,-724.226806640625,-1.585455060005188,94.49639129638672,-974.0020751953125,2.424910545349121,109.62030792236328,-618.8375244140625,0.29337024688720703
2025-09-11T16:06:03.524+02:00,858.6455078125,-729.3084716796875,-1.5947798490524292,94.48396301269531,-973.9986572265625,2.4250967502593994,109.62533569335938,-618.8138427734375,0.2934799790382385
2025-09-11T16:06:03.544+02:00,858.6455078125,-729.3084716796875,-1.5947798490524292,94.48396301269531,-973.9986572265625,2.4250967502593994,109.62533569335938,-618.8138427734375,0.2934799790382385
2025-09-11T16:06:03.564+02:00,858.2826538085938,-734.33740234375,-1.6077042818069458,94.49319458007812,-974.000732421875,2.424769401550293,109.62533569335938,-618.8138427734375,0.2934799790382385
2025-09-11T16:06:03.585+02:00,858.2826538085938,-734.33740234375,-1.6077042818069458,94.49319458007812,-974.000732421875,2.424769401550293,109.62533569335938,-618.8138427734375,0.2934799790382385
2025-09-11T16:06:03.605+02:00,858.2826538085938,-734.33740234375,-1.6077042818069458,94.49319458007812,-974.000732421875,2.424769401550293,109.62533569335938,-618.8138427734375,0.2934799790382385
2025-09-11T16:06:03.624+02:00,858.2826538085938,-734.33740234375,-1.6077042818069458,94.49319458007812,-974.000732421875,2.424769401550293,109.62533569335938,-618.8138427734375,0.2934799790382385
2025-09-11T16:06:03.644+02:00,858.1061401367188,-739.0147705078125,-1.6233943700790405,94.50302124023438,-973.9841918945312,2.424849510192871,109.62533569335938,-618.8138427734375,0.2934799790382385
2025-09-11T16:06:03.664+02:00,858.1061401367188,-739.0147705078125,-1.6233943700790405,94.50302124023438,-973.9841918945312,2.424849510192871,109.62533569335938,-618.8138427734375,0.2934799790382385
2025-09-11T16:06:03.684+02:00,857.728759765625,-743.4130859375,-1.6390455961227417,94.5030288696289,-973.970458984375,2.4247195720672607,109.62037658691406,-618.8036499023438,0.2934900224208832
2025-09-11T16:06:03.705+02:00,857.728759765625,-743.4130859375,-1.6390455961227417,94.5030288696289,-973.970458984375,2.4247195720672607,109.62037658691406,-618.8036499023438,0.2934900224208832
2025-09-11T16:06:03.725+02:00,857.728759765625,-743.4130859375,-1.6390455961227417,94.5030288696289,-973.970458984375,2.4247195720672607,109.62037658691406,-618.8036499023438,0.2934900224208832
2025-09-11T16:06:03.744+02:00,856.5101928710938,-752.3174438476562,-1.6653640270233154,94.51898193359375,-973.9887084960938,2.424304485321045,109.61956787109375,-618.8121948242188,0.293477863073349
2025-09-11T16:06:03.765+02:00,856.3018188476562,-756.223388671875,-1.6813273429870605,94.49793243408203,-973.9661254882812,2.4246633052825928,109.63079833984375,-618.7969970703125,0.2934807538986206
2025-09-11T16:06:03.785+02:00,856.3018188476562,-756.223388671875,-1.6813273429870605,94.49793243408203,-973.9661254882812,2.4246633052825928,109.63079833984375,-618.7969970703125,0.2934807538986206
2025-09-11T16:06:03.804+02:00,856.3018188476562,-756.223388671875,-1.6813273429870605,94.49793243408203,-973.9661254882812,2.4246633052825928,109.63079833984375,-618.7969970703125,0.2934807538986206
2025-09-11T16:06:03.824+02:00,856.3018188476562,-756.223388671875,-1.6813273429870605,94.49793243408203,-973.9661254882812,2.4246633052825928,109.63079833984375,-618.7969970703125,0.2934807538986206
2025-09-11T16:06:03.844+02:00,854.619140625,-764.7354125976562,-1.7092807292938232,94.5101089477539,-973.9777221679688,2.424445867538452,109.63630676269531,-618.826416015625,0.2934039533138275
2025-09-11T16:06:03.864+02:00,854.619140625,-764.7354125976562,-1.7092807292938232,94.5101089477539,-973.9777221679688,2.424445867538452,109.63630676269531,-618.826416015625,0.2934039533138275
2025-09-11T16:06:03.885+02:00,854.619140625,-764.7354125976562,-1.7092807292938232,94.5101089477539,-973.9777221679688,2.424445867538452,109.63630676269531,-618.826416015625,0.2934039533138275
2025-09-11T16:06:03.904+02:00,854.619140625,-764.7354125976562,-1.7092807292938232,94.5101089477539,-973.9777221679688,2.424445867538452,109.63630676269531,-618.826416015625,0.2934039533138275
2025-09-11T16:06:03.925+02:00,854.619140625,-764.7354125976562,-1.7092807292938232,94.5101089477539,-973.9777221679688,2.424445867538452,109.63630676269531,-618.826416015625,0.2934039533138275
2025-09-11T16:06:03.945+02:00,854.619140625,-764.7354125976562,-1.7092807292938232,94.5101089477539,-973.9777221679688,2.424445867538452,109.63630676269531,-618.826416015625,0.2934039533138275
2025-09-11T16:06:03.965+02:00,854.619140625,-764.7354125976562,-1.7092807292938232,94.5101089477539,-973.9777221679688,2.424445867538452,109.63630676269531,-618.826416015625,0.2934039533138275
2025-09-11T16:06:03.985+02:00,854.619140625,-764.7354125976562,-1.7092807292938232,94.5101089477539,-973.9777221679688,2.424445867538452,109.63630676269531,-618.826416015625,0.2934039533138275
2025-09-11T16:06:04.004+02:00,849.300048828125,-789.76123046875,-1.8025057315826416,94.50383758544922,-973.9645385742188,2.424561023712158,109.6258773803711,-618.8026123046875,0.2934701442718506
2025-09-11T16:06:04.025+02:00,849.300048828125,-789.76123046875,-1.8025057315826416,94.50383758544922,-973.9645385742188,2.424561023712158,109.6258773803711,-618.8026123046875,0.2934701442718506
2025-09-11T16:06:04.044+02:00,849.300048828125,-789.76123046875,-1.8025057315826416,94.50383758544922,-973.9645385742188,2.424561023712158,109.6258773803711,-618.8026123046875,0.2934701442718506
2025-09-11T16:06:04.064+02:00,849.300048828125,-789.76123046875,-1.8025057315826416,94.50383758544922,-973.9645385742188,2.424561023712158,109.6258773803711,-618.8026123046875,0.2934701442718506
2025-09-11T16:06:04.085+02:00,849.300048828125,-789.76123046875,-1.8025057315826416,94.50383758544922,-973.9645385742188,2.424561023712158,109.6258773803711,-618.8026123046875,0.2934701442718506
2025-09-11T16:06:04.104+02:00,847.1624755859375,-798.26806640625,-1.8327054977416992,94.49098205566406,-973.9666137695312,2.4247374534606934,109.62260437011719,-618.806884765625,0.29349035024642944
2025-09-11T16:06:04.125+02:00,847.1624755859375,-798.26806640625,-1.8327054977416992,94.49098205566406,-973.9666137695312,2.4247374534606934,109.62260437011719,-618.806884765625,0.29349035024642944
2025-09-11T16:06:04.144+02:00,844.3494262695312,-806.6131591796875,-1.8649682998657227,94.50872802734375,-973.97900390625,2.424571990966797,109.62260437011719,-618.806884765625,0.29349035024642944
2025-09-11T16:06:04.164+02:00,842.9918212890625,-810.3963012695312,-1.879685401916504,94.52769470214844,-973.9844360351562,2.4243698120117188,109.61637115478516,-618.810791015625,0.29348069429397583
2025-09-11T16:06:04.185+02:00,842.9918212890625,-810.3963012695312,-1.879685401916504,94.52769470214844,-973.9844360351562,2.4243698120117188,109.61637115478516,-618.810791015625,0.29348069429397583
2025-09-11T16:06:04.205+02:00,841.90576171875,-813.8070068359375,-1.89884614944458,94.5047607421875,-973.9746704101562,2.4246633052825928,109.62332916259766,-618.8043212890625,0.2934538424015045
2025-09-11T16:06:04.225+02:00,841.90576171875,-813.8070068359375,-1.89884614944458,94.5047607421875,-973.9746704101562,2.4246633052825928,109.62332916259766,-618.8043212890625,0.2934538424015045
2025-09-11T16:06:04.245+02:00,840.6881713867188,-817.4405517578125,-1.917325496673584,94.51441955566406,-973.9798583984375,2.4244649410247803,109.65444946289062,-618.84033203125,0.2934192419052124
2025-09-11T16:06:04.265+02:00,840.6881713867188,-817.4405517578125,-1.917325496673584,94.51441955566406,-973.9798583984375,2.4244649410247803,109.65444946289062,-618.84033203125,0.2934192419052124
2025-09-11T16:06:04.285+02:00,840.6881713867188,-817.4405517578125,-1.917325496673584,94.51441955566406,-973.9798583984375,2.4244649410247803,109.65444946289062,-618.84033203125,0.2934192419052124
2025-09-11T16:06:04.305+02:00,840.6881713867188,-817.4405517578125,-1.917325496673584,94.51441955566406,-973.9798583984375,2.4244649410247803,109.65444946289062,-618.84033203125,0.2934192419052124
2025-09-11T16:06:04.325+02:00,840.6881713867188,-817.4405517578125,-1.917325496673584,94.51441955566406,-973.9798583984375,2.4244649410247803,109.65444946289062,-618.84033203125,0.2934192419052124
2025-09-11T16:06:04.345+02:00,840.6881713867188,-817.4405517578125,-1.917325496673584,94.51441955566406,-973.9798583984375,2.4244649410247803,109.65444946289062,-618.84033203125,0.2934192419052124
2025-09-11T16:06:04.365+02:00,835.932861328125,-827.9159545898438,-1.973344087600708,94.47997283935547,-973.9928588867188,2.425136089324951,109.61738586425781,-618.8125610351562,0.2935369610786438
2025-09-11T16:06:04.384+02:00,834.04638671875,-831.6751708984375,-1.9930565357208252,94.50423431396484,-973.9744873046875,2.4245691299438477,109.63063049316406,-618.8170166015625,0.2933995723724365
2025-09-11T16:06:04.405+02:00,832.2777099609375,-835.5116577148438,-2.0109472274780273,94.50889587402344,-973.96826171875,2.424576759338379,109.62093353271484,-618.80029296875,0.29351603984832764
2025-09-11T16:06:04.425+02:00,832.2777099609375,-835.5116577148438,-2.0109472274780273,94.50889587402344,-973.96826171875,2.424576759338379,109.62093353271484,-618.80029296875,0.29351603984832764
2025-09-11T16:06:04.445+02:00,830.6747436523438,-838.7412109375,-2.030258893966675,94.5020523071289,-973.9782104492188,2.424659490585327,109.62720489501953,-618.8317260742188,0.2933461666107178
2025-09-11T16:06:04.464+02:00,829.0908203125,-841.958251953125,-2.048830032348633,94.50062561035156,-973.9669799804688,2.4248571395874023,109.62550354003906,-618.81689453125,0.29348674416542053
2025-09-11T16:06:04.485+02:00,829.0908203125,-841.958251953125,-2.048830032348633,94.50062561035156,-973.9669799804688,2.4248571395874023,109.62550354003906,-618.81689453125,0.29348674416542053
2025-09-11T16:06:04.504+02:00,827.0864868164062,-845.1744384765625,-2.067789077758789,94.4979019165039,-973.9701538085938,2.4246137142181396,109.62550354003906,-618.81689453125,0.29348674416542053
2025-09-11T16:06:04.525+02:00,827.0864868164062,-845.1744384765625,-2.067789077758789,94.4979019165039,-973.9701538085938,2.4246137142181396,109.62550354003906,-618.81689453125,0.29348674416542053
2025-09-11T16:06:04.545+02:00,827.0864868164062,-845.1744384765625,-2.067789077758789,94.4979019165039,-973.9701538085938,2.4246137142181396,109.62550354003906,-618.81689453125,0.29348674416542053
2025-09-11T16:06:04.565+02:00,825.1323852539062,-848.8124389648438,-2.084728479385376,94.52423858642578,-973.9921875,2.4242401123046875,109.62550354003906,-618.81689453125,0.29348674416542053
2025-09-11T16:06:04.585+02:00,822.96875,-852.0877685546875,-2.1034533977508545,94.49937438964844,-973.9702758789062,2.424821376800537,109.63031768798828,-618.8057250976562,0.293451189994812
2025-09-11T16:06:04.605+02:00,820.7766723632812,-855.6546630859375,-2.1206653118133545,94.49199676513672,-973.9994506835938,2.42472505569458,109.64098358154297,-618.8140869140625,0.29352548718452454
2025-09-11T16:06:04.625+02:00,820.7766723632812,-855.6546630859375,-2.1206653118133545,94.49199676513672,-973.9994506835938,2.42472505569458,109.64098358154297,-618.8140869140625,0.29352548718452454
2025-09-11T16:06:04.645+02:00,820.7766723632812,-855.6546630859375,-2.1206653118133545,94.49199676513672,-973.9994506835938,2.42472505569458,109.64098358154297,-618.8140869140625,0.29352548718452454
2025-09-11T16:06:04.664+02:00,816.0579223632812,-862.5684204101562,-2.156116247177124,94.50672149658203,-973.9725341796875,2.424750804901123,109.62312316894531,-618.8087158203125,0.2934728264808655
2025-09-11T16:06:04.685+02:00,816.0579223632812,-862.5684204101562,-2.156116247177124,94.50672149658203,-973.9725341796875,2.424750804901123,109.62312316894531,-618.8087158203125,0.2934728264808655
2025-09-11T16:06:04.705+02:00,816.0579223632812,-862.5684204101562,-2.156116247177124,94.50672149658203,-973.9725341796875,2.424750804901123,109.62312316894531,-618.8087158203125,0.2934728264808655
2025-09-11T16:06:04.725+02:00,816.0579223632812,-862.5684204101562,-2.156116247177124,94.50672149658203,-973.9725341796875,2.424750804901123,109.62312316894531,-618.8087158203125,0.2934728264808655
2025-09-11T16:06:04.745+02:00,816.0579223632812,-862.5684204101562,-2.156116247177124,94.50672149658203,-973.9725341796875,2.424750804901123,109.62312316894531,-618.8087158203125,0.2934728264808655
2025-09-11T16:06:04.765+02:00,816.0579223632812,-862.5684204101562,-2.156116247177124,94.50672149658203,-973.9725341796875,2.424750804901123,109.62312316894531,-618.8087158203125,0.2934728264808655
2025-09-11T16:06:04.785+02:00,816.0579223632812,-862.5684204101562,-2.156116247177124,94.50672149658203,-973.9725341796875,2.424750804901123,109.62312316894531,-618.8087158203125,0.2934728264808655
2025-09-11T16:06:04.804+02:00,806.561767578125,-875.2615966796875,-2.2266409397125244,94.51487731933594,-973.9861450195312,2.424525260925293,109.63188171386719,-618.8170166015625,0.2934890389442444
2025-09-11T16:06:04.824+02:00,806.561767578125,-875.2615966796875,-2.2266409397125244,94.51487731933594,-973.9861450195312,2.424525260925293,109.63188171386719,-618.8170166015625,0.2934890389442444
2025-09-11T16:06:04.844+02:00,806.561767578125,-875.2615966796875,-2.2266409397125244,94.51487731933594,-973.9861450195312,2.424525260925293,109.63188171386719,-618.8170166015625,0.2934890389442444
2025-09-11T16:06:04.864+02:00,803.886962890625,-878.5036010742188,-2.2446160316467285,94.49980163574219,-973.9722290039062,2.4246985912323,109.63188171386719,-618.8170166015625,0.2934890389442444
2025-09-11T16:06:04.884+02:00,801.2386474609375,-881.5496215820312,-2.2620937824249268,94.51007080078125,-973.97998046875,2.4246418476104736,109.63188171386719,-618.8170166015625,0.2934890389442444
2025-09-11T16:06:04.905+02:00,798.9166259765625,-884.3577880859375,-2.278822183609009,94.5013656616211,-973.9816284179688,2.424553394317627,109.64852905273438,-618.842041015625,0.2934325039386749
2025-09-11T16:06:04.925+02:00,798.9166259765625,-884.3577880859375,-2.278822183609009,94.5013656616211,-973.9816284179688,2.424553394317627,109.64852905273438,-618.842041015625,0.2934325039386749
2025-09-11T16:06:04.944+02:00,798.9166259765625,-884.3577880859375,-2.278822183609009,94.5013656616211,-973.9816284179688,2.424553394317627,109.64852905273438,-618.842041015625,0.2934325039386749
2025-09-11T16:06:04.965+02:00,798.9166259765625,-884.3577880859375,-2.278822183609009,94.5013656616211,-973.9816284179688,2.424553394317627,109.64852905273438,-618.842041015625,0.2934325039386749
2025-09-11T16:06:04.984+02:00,798.9166259765625,-884.3577880859375,-2.278822183609009,94.5013656616211,-973.9816284179688,2.424553394317627,109.64852905273438,-618.842041015625,0.2934325039386749
2025-09-11T16:06:05.005+02:00,798.9166259765625,-884.3577880859375,-2.278822183609009,94.5013656616211,-973.9816284179688,2.424553394317627,109.64852905273438,-618.842041015625,0.2934325039386749
2025-09-11T16:06:05.025+02:00,798.9166259765625,-884.3577880859375,-2.278822183609009,94.5013656616211,-973.9816284179688,2.424553394317627,109.64852905273438,-618.842041015625,0.2934325039386749
2025-09-11T16:06:05.044+02:00,786.878662109375,-897.12158203125,-2.3441197872161865,94.51929473876953,-973.9893188476562,2.4243903160095215,109.61872863769531,-618.8084106445312,0.29347479343414307
2025-09-11T16:06:05.065+02:00,783.6845092773438,-900.073486328125,-2.3609609603881836,94.5038833618164,-973.9795532226562,2.4246578216552734,109.62320709228516,-618.83447265625,0.2933904230594635
2025-09-11T16:06:05.085+02:00,783.6845092773438,-900.073486328125,-2.3609609603881836,94.5038833618164,-973.9795532226562,2.4246578216552734,109.62320709228516,-618.83447265625,0.2933904230594635
2025-09-11T16:06:05.105+02:00,780.5429077148438,-902.8842163085938,-2.3753011226654053,94.5038833618164,-973.9795532226562,2.4246578216552734,109.61927795410156,-618.8045654296875,0.2934735417366028
2025-09-11T16:06:05.125+02:00,780.5429077148438,-902.8842163085938,-2.3753011226654053,94.5038833618164,-973.9795532226562,2.4246578216552734,109.61927795410156,-618.8045654296875,0.2934735417366028
2025-09-11T16:06:05.144+02:00,780.5429077148438,-902.8842163085938,-2.3753011226654053,94.5038833618164,-973.9795532226562,2.4246578216552734,109.61927795410156,-618.8045654296875,0.2934735417366028
2025-09-11T16:06:05.164+02:00,777.5562133789062,-905.7537841796875,-2.3910765647888184,94.50511932373047,-973.975830078125,2.424612522125244,109.62847900390625,-618.8268432617188,0.29340270161628723
2025-09-11T16:06:05.185+02:00,777.5562133789062,-905.7537841796875,-2.3910765647888184,94.50511932373047,-973.975830078125,2.424612522125244,109.62847900390625,-618.8268432617188,0.29340270161628723
2025-09-11T16:06:05.205+02:00,777.5562133789062,-905.7537841796875,-2.3910765647888184,94.50511932373047,-973.975830078125,2.424612522125244,109.62847900390625,-618.8268432617188,0.29340270161628723
2025-09-11T16:06:05.225+02:00,777.5562133789062,-905.7537841796875,-2.3910765647888184,94.50511932373047,-973.975830078125,2.424612522125244,109.62847900390625,-618.8268432617188,0.29340270161628723
2025-09-11T16:06:05.244+02:00,766.5300903320312,-914.4213256835938,-2.431025266647339,94.49343872070312,-973.9722900390625,2.4246578216552734,109.64421081542969,-618.8167114257812,0.29337719082832336
2025-09-11T16:06:05.264+02:00,762.0867919921875,-917.7061767578125,-2.446160316467285,94.51468658447266,-973.98388671875,2.424571990966797,109.62513732910156,-618.7969970703125,0.29348310828208923
2025-09-11T16:06:05.285+02:00,762.0867919921875,-917.7061767578125,-2.446160316467285,94.51468658447266,-973.98388671875,2.424571990966797,109.62513732910156,-618.7969970703125,0.29348310828208923
2025-09-11T16:06:05.305+02:00,758.6940307617188,-920.7344360351562,-2.4608070850372314,94.50296783447266,-973.9710083007812,2.424644947052002,109.63470458984375,-618.81884765625,0.29339098930358887
2025-09-11T16:06:05.325+02:00,755.1143798828125,-923.73583984375,-2.4757819175720215,94.50957489013672,-973.9823608398438,2.424619197845459,109.64118957519531,-618.8168334960938,0.2935074269771576
2025-09-11T16:06:05.345+02:00,755.1143798828125,-923.73583984375,-2.4757819175720215,94.50957489013672,-973.9823608398438,2.424619197845459,109.64118957519531,-618.8168334960938,0.2935074269771576
2025-09-11T16:06:05.364+02:00,755.1143798828125,-923.73583984375,-2.4757819175720215,94.50957489013672,-973.9823608398438,2.424619197845459,109.64118957519531,-618.8168334960938,0.2935074269771576
2025-09-11T16:06:05.384+02:00,755.1143798828125,-923.73583984375,-2.4757819175720215,94.50957489013672,-973.9823608398438,2.424619197845459,109.64118957519531,-618.8168334960938,0.2935074269771576
2025-09-11T16:06:05.404+02:00,755.1143798828125,-923.73583984375,-2.4757819175720215,94.50957489013672,-973.9823608398438,2.424619197845459,109.64118957519531,-618.8168334960938,0.2935074269771576
2025-09-11T16:06:05.425+02:00,755.1143798828125,-923.73583984375,-2.4757819175720215,94.50957489013672,-973.9823608398438,2.424619197845459,109.64118957519531,-618.8168334960938,0.2935074269771576
2025-09-11T16:06:05.444+02:00,755.1143798828125,-923.73583984375,-2.4757819175720215,94.50957489013672,-973.9823608398438,2.424619197845459,109.64118957519531,-618.8168334960938,0.2935074269771576
2025-09-11T16:06:05.464+02:00,755.1143798828125,-923.73583984375,-2.4757819175720215,94.50957489013672,-973.9823608398438,2.424619197845459,109.64118957519531,-618.8168334960938,0.2935074269771576
2025-09-11T16:06:05.485+02:00,755.1143798828125,-923.73583984375,-2.4757819175720215,94.50957489013672,-973.9823608398438,2.424619197845459,109.64118957519531,-618.8168334960938,0.2935074269771576
2025-09-11T16:06:05.505+02:00,755.1143798828125,-923.73583984375,-2.4757819175720215,94.50957489013672,-973.9823608398438,2.424619197845459,109.64118957519531,-618.8168334960938,0.2935074269771576
2025-09-11T16:06:05.525+02:00,755.1143798828125,-923.73583984375,-2.4757819175720215,94.50957489013672,-973.9823608398438,2.424619197845459,109.64118957519531,-618.8168334960938,0.2935074269771576
2025-09-11T16:06:05.545+02:00,755.1143798828125,-923.73583984375,-2.4757819175720215,94.50957489013672,-973.9823608398438,2.424619197845459,109.64118957519531,-618.8168334960938,0.2935074269771576
2025-09-11T16:06:05.565+02:00,755.1143798828125,-923.73583984375,-2.4757819175720215,94.50957489013672,-973.9823608398438,2.424619197845459,109.64118957519531,-618.8168334960938,0.2935074269771576
2025-09-11T16:06:05.585+02:00,755.1143798828125,-923.73583984375,-2.4757819175720215,94.50957489013672,-973.9823608398438,2.424619197845459,109.64118957519531,-618.8168334960938,0.2935074269771576
2025-09-11T16:06:05.605+02:00,755.1143798828125,-923.73583984375,-2.4757819175720215,94.50957489013672,-973.9823608398438,2.424619197845459,109.64118957519531,-618.8168334960938,0.2935074269771576
2025-09-11T16:06:05.625+02:00,755.1143798828125,-923.73583984375,-2.4757819175720215,94.50957489013672,-973.9823608398438,2.424619197845459,109.64118957519531,-618.8168334960938,0.2935074269771576
2025-09-11T16:06:05.645+02:00,755.1143798828125,-923.73583984375,-2.4757819175720215,94.50957489013672,-973.9823608398438,2.424619197845459,109.64118957519531,-618.8168334960938,0.2935074269771576
2025-09-11T16:06:05.665+02:00,755.1143798828125,-923.73583984375,-2.4757819175720215,94.50957489013672,-973.9823608398438,2.424619197845459,109.64118957519531,-618.8168334960938,0.2935074269771576
2025-09-11T16:06:05.684+02:00,715.2684326171875,-950.5770874023438,-2.5960443019866943,94.49755096435547,-973.9730224609375,2.424755334854126,109.62541961669922,-618.8157348632812,0.29349398612976074
2025-09-11T16:06:05.705+02:00,711.1724243164062,-952.821533203125,-2.6083602905273438,94.5080337524414,-973.988037109375,2.424625873565674,109.63195037841797,-618.7981567382812,0.293506920337677
2025-09-11T16:06:05.725+02:00,711.1724243164062,-952.821533203125,-2.6083602905273438,94.5080337524414,-973.988037109375,2.424625873565674,109.63195037841797,-618.7981567382812,0.293506920337677
2025-09-11T16:06:05.745+02:00,707.4928588867188,-955.1615600585938,-2.62060809135437,94.49250793457031,-973.9752807617188,2.4247045516967773,109.6314926147461,-618.7954711914062,0.2934849262237549
2025-09-11T16:06:05.765+02:00,707.4928588867188,-955.1615600585938,-2.62060809135437,94.49250793457031,-973.9752807617188,2.4247045516967773,109.6314926147461,-618.7954711914062,0.2934849262237549
2025-09-11T16:06:05.784+02:00,703.8357543945312,-957.6055297851562,-2.633408784866333,94.50810241699219,-973.979736328125,2.424636125564575,109.63441467285156,-618.8040771484375,0.2934756577014923
2025-09-11T16:06:05.804+02:00,699.7230224609375,-960.0325317382812,-2.645373821258545,94.5083999633789,-973.9779052734375,2.424661159515381,109.6219482421875,-618.8087768554688,0.29351693391799927
2025-09-11T16:06:05.824+02:00,699.7230224609375,-960.0325317382812,-2.645373821258545,94.5083999633789,-973.9779052734375,2.424661159515381,109.6219482421875,-618.8087768554688,0.29351693391799927
2025-09-11T16:06:05.844+02:00,695.3767700195312,-962.5618896484375,-2.6544833183288574,94.50827026367188,-973.9786987304688,2.4246294498443604,109.62895965576172,-618.820068359375,0.29342085123062134
2025-09-11T16:06:05.864+02:00,690.4148559570312,-965.24462890625,-2.6627633571624756,94.50591278076172,-973.9829711914062,2.4246456623077393,109.64083099365234,-618.8224487304688,0.2935153543949127
2025-09-11T16:06:05.884+02:00,690.4148559570312,-965.24462890625,-2.6627633571624756,94.50591278076172,-973.9829711914062,2.4246456623077393,109.64083099365234,-618.8224487304688,0.2935153543949127
2025-09-11T16:06:05.905+02:00,685.1865234375,-968.223876953125,-2.6727662086486816,94.51018524169922,-973.9838256835938,2.4246134757995605,109.61305236816406,-618.811279296875,0.2934607267379761
2025-09-11T16:06:05.925+02:00,685.1865234375,-968.223876953125,-2.6727662086486816,94.51018524169922,-973.9838256835938,2.4246134757995605,109.61305236816406,-618.811279296875,0.2934607267379761
2025-09-11T16:06:05.945+02:00,680.8604125976562,-970.3020629882812,-2.6831886768341064,94.52120208740234,-973.9886474609375,2.4242970943450928,109.62090301513672,-618.805419921875,0.2934829890727997
2025-09-11T16:06:05.964+02:00,676.5615234375,-972.5028686523438,-2.6923182010650635,94.51177215576172,-973.97998046875,2.4242100715637207,109.64488220214844,-618.8117065429688,0.29337772727012634
2025-09-11T16:06:05.985+02:00,676.5615234375,-972.5028686523438,-2.6923182010650635,94.51177215576172,-973.97998046875,2.4242100715637207,109.64488220214844,-618.8117065429688,0.29337772727012634
2025-09-11T16:06:06.004+02:00,671.7987060546875,-974.4696655273438,-2.702011823654175,94.49595642089844,-973.9695434570312,2.424609661102295,109.64341735839844,-618.79541015625,0.2935287654399872
2025-09-11T16:06:06.024+02:00,671.7987060546875,-974.4696655273438,-2.702011823654175,94.49595642089844,-973.9695434570312,2.424609661102295,109.64341735839844,-618.79541015625,0.2935287654399872
2025-09-11T16:06:06.045+02:00,671.7987060546875,-974.4696655273438,-2.702011823654175,94.49595642089844,-973.9695434570312,2.424609661102295,109.64341735839844,-618.79541015625,0.2935287654399872
2025-09-11T16:06:06.064+02:00,671.7987060546875,-974.4696655273438,-2.702011823654175,94.49595642089844,-973.9695434570312,2.424609661102295,109.64341735839844,-618.79541015625,0.2935287654399872
2025-09-11T16:06:06.085+02:00,667.3688354492188,-976.5545043945312,-2.711819887161255,94.49258422851562,-973.9628295898438,2.4247851371765137,109.64734649658203,-618.8214721679688,0.29356467723846436
2025-09-11T16:06:06.105+02:00,667.3688354492188,-976.5545043945312,-2.711819887161255,94.49258422851562,-973.9628295898438,2.4247851371765137,109.64734649658203,-618.8214721679688,0.29356467723846436
2025-09-11T16:06:06.124+02:00,658.7833251953125,-980.302734375,-2.732574701309204,94.49667358398438,-973.9725952148438,2.424819231033325,109.62507629394531,-618.800048828125,0.29350540041923523
2025-09-11T16:06:06.145+02:00,654.2340087890625,-982.32080078125,-2.7441370487213135,94.4925308227539,-973.9616088867188,2.4248580932617188,109.63873291015625,-618.8186645507812,0.2935331165790558
2025-09-11T16:06:06.164+02:00,649.161865234375,-984.2470092773438,-2.7531039714813232,94.49803161621094,-973.9765625,2.4245080947875977,109.65013885498047,-618.7857055664062,0.29348233342170715
2025-09-11T16:06:06.185+02:00,649.161865234375,-984.2470092773438,-2.7531039714813232,94.49803161621094,-973.9765625,2.4245080947875977,109.65013885498047,-618.7857055664062,0.29348233342170715
2025-09-11T16:06:06.205+02:00,644.3695678710938,-986.0990600585938,-2.7646565437316895,94.50393676757812,-973.9658203125,2.424546718597412,109.63920593261719,-618.819091796875,0.29351308941841125
2025-09-11T16:06:06.225+02:00,644.3695678710938,-986.0990600585938,-2.7646565437316895,94.50393676757812,-973.9658203125,2.424546718597412,109.63920593261719,-618.819091796875,0.29351308941841125
2025-09-11T16:06:06.244+02:00,644.3695678710938,-986.0990600585938,-2.7646565437316895,94.50393676757812,-973.9658203125,2.424546718597412,109.63920593261719,-618.819091796875,0.29351308941841125
2025-09-11T16:06:06.265+02:00,639.8278198242188,-987.8597412109375,-2.7744500637054443,94.49044036865234,-973.9622802734375,2.4247426986694336,109.62359619140625,-618.8001098632812,0.29348573088645935
2025-09-11T16:06:06.285+02:00,639.8278198242188,-987.8597412109375,-2.7744500637054443,94.49044036865234,-973.9622802734375,2.4247426986694336,109.62359619140625,-618.8001098632812,0.29348573088645935
2025-09-11T16:06:06.305+02:00,639.8278198242188,-987.8597412109375,-2.7744500637054443,94.49044036865234,-973.9622802734375,2.4247426986694336,109.62359619140625,-618.8001098632812,0.29348573088645935
2025-09-11T16:06:06.325+02:00,634.873779296875,-989.4808959960938,-2.7846875190734863,94.49590301513672,-973.966064453125,2.4245948791503906,109.615234375,-618.814208984375,0.2934964895248413
2025-09-11T16:06:06.345+02:00,626.1903686523438,-993.0010375976562,-2.808276414871216,94.49291229248047,-973.9576416015625,2.4249401092529297,109.61540222167969,-618.8129272460938,0.2934471070766449
2025-09-11T16:06:06.364+02:00,621.7836303710938,-994.4959716796875,-2.818812131881714,94.49939727783203,-973.9674072265625,2.4247255325317383,109.62225341796875,-618.8456420898438,0.29339882731437683
2025-09-11T16:06:06.384+02:00,621.7836303710938,-994.4959716796875,-2.818812131881714,94.49939727783203,-973.9674072265625,2.4247255325317383,109.62225341796875,-618.8456420898438,0.29339882731437683
2025-09-11T16:06:06.405+02:00,616.9561767578125,-995.7324829101562,-2.829324960708618,94.49957275390625,-973.9893188476562,2.42475962638855,109.66761779785156,-618.7821044921875,0.2935550808906555
2025-09-11T16:06:06.424+02:00,616.9561767578125,-995.7324829101562,-2.829324960708618,94.49957275390625,-973.9893188476562,2.42475962638855,109.66761779785156,-618.7821044921875,0.2935550808906555
2025-09-11T16:06:06.445+02:00,611.9525756835938,-997.3593139648438,-2.8420310020446777,94.51448059082031,-973.975341796875,2.424571990966797,109.65364837646484,-618.7928466796875,0.2935483753681183
2025-09-11T16:06:06.465+02:00,611.9525756835938,-997.3593139648438,-2.8420310020446777,94.51448059082031,-973.975341796875,2.424571990966797,109.65364837646484,-618.7928466796875,0.2935483753681183
2025-09-11T16:06:06.485+02:00,611.9525756835938,-997.3593139648438,-2.8420310020446777,94.51448059082031,-973.975341796875,2.424571990966797,109.65364837646484,-618.7928466796875,0.2935483753681183
2025-09-11T16:06:06.505+02:00,611.9525756835938,-997.3593139648438,-2.8420310020446777,94.51448059082031,-973.975341796875,2.424571990966797,109.65364837646484,-618.7928466796875,0.2935483753681183
2025-09-11T16:06:06.524+02:00,601.8762817382812,-1000.7701416015625,-2.868180990219116,94.50595092773438,-973.9751586914062,2.424652576446533,109.64846801757812,-618.781982421875,0.2935681641101837
2025-09-11T16:06:06.545+02:00,601.8762817382812,-1000.7701416015625,-2.868180990219116,94.50595092773438,-973.9751586914062,2.424652576446533,109.64846801757812,-618.781982421875,0.2935681641101837
2025-09-11T16:06:06.565+02:00,597.41845703125,-1002.1774291992188,-2.8794920444488525,94.49173736572266,-973.9708862304688,2.424844264984131,109.66305541992188,-618.791748046875,0.29351022839546204
2025-09-11T16:06:06.585+02:00,597.41845703125,-1002.1774291992188,-2.8794920444488525,94.49173736572266,-973.9708862304688,2.424844264984131,109.66305541992188,-618.791748046875,0.29351022839546204
2025-09-11T16:06:06.604+02:00,587.9794921875,-1003.9362182617188,-2.9043736457824707,94.50337219238281,-973.9691162109375,2.424562692642212,109.64221954345703,-618.8008422851562,0.2935544550418854
2025-09-11T16:06:06.625+02:00,583.0023193359375,-1005.0323486328125,-2.917834758758545,94.52222442626953,-973.9956665039062,2.4241983890533447,109.64221954345703,-618.8008422851562,0.2935544550418854
2025-09-11T16:06:06.645+02:00,583.0023193359375,-1005.0323486328125,-2.917834758758545,94.52222442626953,-973.9956665039062,2.4241983890533447,109.64221954345703,-618.8008422851562,0.2935544550418854
2025-09-11T16:06:06.665+02:00,583.0023193359375,-1005.0323486328125,-2.917834758758545,94.52222442626953,-973.9956665039062,2.4241983890533447,109.64221954345703,-618.8008422851562,0.2935544550418854
2025-09-11T16:06:06.685+02:00,583.0023193359375,-1005.0323486328125,-2.917834758758545,94.52222442626953,-973.9956665039062,2.4241983890533447,109.64221954345703,-618.8008422851562,0.2935544550418854
2025-09-11T16:06:06.705+02:00,583.0023193359375,-1005.0323486328125,-2.917834758758545,94.52222442626953,-973.9956665039062,2.4241983890533447,109.64221954345703,-618.8008422851562,0.2935544550418854
2025-09-11T16:06:06.725+02:00,583.0023193359375,-1005.0323486328125,-2.917834758758545,94.52222442626953,-973.9956665039062,2.4241983890533447,109.64221954345703,-618.8008422851562,0.2935544550418854
2025-09-11T16:06:06.744+02:00,583.0023193359375,-1005.0323486328125,-2.917834758758545,94.52222442626953,-973.9956665039062,2.4241983890533447,109.64221954345703,-618.8008422851562,0.2935544550418854
2025-09-11T16:06:06.764+02:00,578.2656860351562,-1006.2886962890625,-2.9306154251098633,94.60224914550781,-973.9381713867188,2.426342010498047,109.64221954345703,-618.8008422851562,0.2935544550418854
2025-09-11T16:06:06.784+02:00,564.4686889648438,-1008.7424926757812,-2.964768171310425,97.4986801147461,-970.0032958984375,2.5158567428588867,109.67059326171875,-618.8067626953125,0.2935691475868225
2025-09-11T16:06:06.804+02:00,559.037841796875,-1009.702880859375,-2.9758009910583496,99.00910949707031,-968.615234375,2.5512640476226807,109.65648651123047,-618.7905883789062,0.29353147745132446
2025-09-11T16:06:06.824+02:00,559.037841796875,-1009.702880859375,-2.9758009910583496,99.00910949707031,-968.615234375,2.5512640476226807,109.65648651123047,-618.7905883789062,0.29353147745132446
2025-09-11T16:06:06.844+02:00,553.605224609375,-1010.857666015625,-2.9867115020751953,101.04804992675781,-966.849609375,2.594309091567993,109.65648651123047,-618.7905883789062,0.29353147745132446
2025-09-11T16:06:06.864+02:00,548.17333984375,-1011.5392456054688,-2.998250722885132,100.36663818359375,-964.8722534179688,2.6132888793945312,109.6537094116211,-618.783203125,0.29357102513313293
2025-09-11T16:06:06.885+02:00,548.17333984375,-1011.5392456054688,-2.998250722885132,100.36663818359375,-964.8722534179688,2.6132888793945312,109.6537094116211,-618.783203125,0.29357102513313293
2025-09-11T16:06:06.905+02:00,548.17333984375,-1011.5392456054688,-2.998250722885132,100.36663818359375,-964.8722534179688,2.6132888793945312,109.6537094116211,-618.783203125,0.29357102513313293
2025-09-11T16:06:06.925+02:00,542.6405639648438,-1012.2684326171875,-3.007002830505371,96.98766326904297,-962.821044921875,2.6152806282043457,109.64966583251953,-618.789794921875,0.29355257749557495
2025-09-11T16:06:06.945+02:00,542.6405639648438,-1012.2684326171875,-3.007002830505371,96.98766326904297,-962.821044921875,2.6152806282043457,109.64966583251953,-618.789794921875,0.29355257749557495
2025-09-11T16:06:06.964+02:00,542.6405639648438,-1012.2684326171875,-3.007002830505371,96.98766326904297,-962.821044921875,2.6152806282043457,109.64966583251953,-618.789794921875,0.29355257749557495
2025-09-11T16:06:06.985+02:00,542.6405639648438,-1012.2684326171875,-3.007002830505371,96.98766326904297,-962.821044921875,2.6152806282043457,109.64966583251953,-618.789794921875,0.29355257749557495
2025-09-11T16:06:07.005+02:00,542.6405639648438,-1012.2684326171875,-3.007002830505371,96.98766326904297,-962.821044921875,2.6152806282043457,109.64966583251953,-618.789794921875,0.29355257749557495
2025-09-11T16:06:07.024+02:00,542.6405639648438,-1012.2684326171875,-3.007002830505371,96.98766326904297,-962.821044921875,2.6152806282043457,109.64966583251953,-618.789794921875,0.29355257749557495
2025-09-11T16:06:07.044+02:00,542.6405639648438,-1012.2684326171875,-3.007002830505371,96.98766326904297,-962.821044921875,2.6152806282043457,109.64966583251953,-618.789794921875,0.29355257749557495
2025-09-11T16:06:07.065+02:00,542.6405639648438,-1012.2684326171875,-3.007002830505371,96.98766326904297,-962.821044921875,2.6152806282043457,109.64966583251953,-618.789794921875,0.29355257749557495
2025-09-11T16:06:07.085+02:00,514.5820922851562,-1015.66552734375,-3.0430104732513428,73.47771453857422,-948.0899047851562,2.627903938293457,109.66542053222656,-618.8067016601562,0.2935784161090851
2025-09-11T16:06:07.104+02:00,509.1002502441406,-1016.3025512695312,-3.0505218505859375,67.8836441040039,-944.490478515625,2.633802652359009,109.65897369384766,-618.779052734375,0.29354360699653625
2025-09-11T16:06:07.125+02:00,509.1002502441406,-1016.3025512695312,-3.0505218505859375,67.8836441040039,-944.490478515625,2.633802652359009,109.65897369384766,-618.779052734375,0.29354360699653625
2025-09-11T16:06:07.145+02:00,509.1002502441406,-1016.3025512695312,-3.0505218505859375,67.8836441040039,-944.490478515625,2.633802652359009,109.65897369384766,-618.779052734375,0.29354360699653625
2025-09-11T16:06:07.165+02:00,509.1002502441406,-1016.3025512695312,-3.0505218505859375,67.8836441040039,-944.490478515625,2.633802652359009,109.65897369384766,-618.779052734375,0.29354360699653625
2025-09-11T16:06:07.185+02:00,509.1002502441406,-1016.3025512695312,-3.0505218505859375,67.8836441040039,-944.490478515625,2.633802652359009,109.65897369384766,-618.779052734375,0.29354360699653625
2025-09-11T16:06:07.205+02:00,509.1002502441406,-1016.3025512695312,-3.0505218505859375,67.8836441040039,-944.490478515625,2.633802652359009,109.65897369384766,-618.779052734375,0.29354360699653625
2025-09-11T16:06:07.225+02:00,492.4423522949219,-1017.71435546875,-3.069746494293213,60.27254867553711,-931.9834594726562,2.757514238357544,109.72215270996094,-618.746826171875,0.2933873236179352
2025-09-11T16:06:07.245+02:00,486.0279541015625,-1017.960205078125,-3.074301242828369,61.69282531738281,-927.6134033203125,2.8377366065979004,109.65573120117188,-618.80224609375,0.2935689687728882
2025-09-11T16:06:07.264+02:00,479.9195556640625,-1018.5352783203125,-3.07892107963562,63.629974365234375,-922.8115234375,2.9219887256622314,109.65412139892578,-618.814697265625,0.2934359014034271
2025-09-11T16:06:07.285+02:00,479.9195556640625,-1018.5352783203125,-3.07892107963562,63.629974365234375,-922.8115234375,2.9219887256622314,109.65412139892578,-618.814697265625,0.2934359014034271
2025-09-11T16:06:07.304+02:00,474.1057434082031,-1019.0479736328125,-3.0839524269104004,65.92054748535156,-918.0432739257812,3.0108561515808105,109.65930938720703,-618.810302734375,0.2935639023780823
2025-09-11T16:06:07.325+02:00,474.1057434082031,-1019.0479736328125,-3.0839524269104004,65.92054748535156,-918.0432739257812,3.0108561515808105,109.65930938720703,-618.810302734375,0.2935639023780823
2025-09-11T16:06:07.344+02:00,468.5357666015625,-1019.2808837890625,-3.087451457977295,68.32382202148438,-913.2297973632812,3.1026129722595215,109.65936279296875,-618.8389282226562,0.29344555735588074
2025-09-11T16:06:07.365+02:00,468.5357666015625,-1019.2808837890625,-3.087451457977295,68.32382202148438,-913.2297973632812,3.1026129722595215,109.65936279296875,-618.8389282226562,0.29344555735588074
2025-09-11T16:06:07.384+02:00,468.5357666015625,-1019.2808837890625,-3.087451457977295,68.32382202148438,-913.2297973632812,3.1026129722595215,109.65936279296875,-618.8389282226562,0.29344555735588074
2025-09-11T16:06:07.404+02:00,468.5357666015625,-1019.2808837890625,-3.087451457977295,68.32382202148438,-913.2297973632812,3.1026129722595215,109.65936279296875,-618.8389282226562,0.29344555735588074
2025-09-11T16:06:07.424+02:00,468.5357666015625,-1019.2808837890625,-3.087451457977295,68.32382202148438,-913.2297973632812,3.1026129722595215,109.65936279296875,-618.8389282226562,0.29344555735588074
2025-09-11T16:06:07.444+02:00,449.2110290527344,-1020.267333984375,-3.0933825969696045,75.25912475585938,-898.2929077148438,-2.922701120376587,109.67765045166016,-618.7745361328125,0.29356640577316284
2025-09-11T16:06:07.464+02:00,443.14569091796875,-1020.62744140625,-3.0969958305358887,77.1454086303711,-892.8825073242188,-2.833752155303955,109.64808654785156,-618.7894897460938,0.2935439944267273
2025-09-11T16:06:07.485+02:00,443.14569091796875,-1020.62744140625,-3.0969958305358887,77.1454086303711,-892.8825073242188,-2.833752155303955,109.64808654785156,-618.7894897460938,0.2935439944267273
2025-09-11T16:06:07.504+02:00,436.7182922363281,-1020.9744262695312,-3.100440502166748,78.36023712158203,-887.4611206054688,-2.7504217624664307,109.67395782470703,-618.7978515625,0.29357588291168213
2025-09-11T16:06:07.525+02:00,436.7182922363281,-1020.9744262695312,-3.100440502166748,78.36023712158203,-887.4611206054688,-2.7504217624664307,109.67395782470703,-618.7978515625,0.29357588291168213
2025-09-11T16:06:07.545+02:00,430.74957275390625,-1021.1814575195312,-3.1042327880859375,79.79667663574219,-881.1497802734375,-2.6609206199645996,109.6831283569336,-618.8272094726562,0.2934701442718506
2025-09-11T16:06:07.565+02:00,430.74957275390625,-1021.1814575195312,-3.1042327880859375,79.79667663574219,-881.1497802734375,-2.6609206199645996,109.6831283569336,-618.8272094726562,0.2934701442718506
2025-09-11T16:06:07.584+02:00,430.74957275390625,-1021.1814575195312,-3.1042327880859375,79.79667663574219,-881.1497802734375,-2.6609206199645996,109.6831283569336,-618.8272094726562,0.2934701442718506
2025-09-11T16:06:07.605+02:00,430.74957275390625,-1021.1814575195312,-3.1042327880859375,79.79667663574219,-881.1497802734375,-2.6609206199645996,109.6831283569336,-618.8272094726562,0.2934701442718506
2025-09-11T16:06:07.625+02:00,430.74957275390625,-1021.1814575195312,-3.1042327880859375,79.79667663574219,-881.1497802734375,-2.6609206199645996,109.6831283569336,-618.8272094726562,0.2934701442718506
2025-09-11T16:06:07.644+02:00,430.74957275390625,-1021.1814575195312,-3.1042327880859375,79.79667663574219,-881.1497802734375,-2.6609206199645996,109.6831283569336,-618.8272094726562,0.2934701442718506
2025-09-11T16:06:07.665+02:00,412.1827087402344,-1021.5779418945312,-3.108876943588257,78.2114028930664,-865.2186279296875,-2.407299757003784,109.6757583618164,-618.768798828125,0.29363322257995605
2025-09-11T16:06:07.685+02:00,405.0783386230469,-1021.8366088867188,-3.1106204986572266,76.38584899902344,-860.45263671875,-2.32651686668396,109.73023986816406,-618.7239990234375,0.29379361867904663
2025-09-11T16:06:07.704+02:00,397.92816162109375,-1022.0166015625,-3.1091132164001465,74.40938568115234,-855.4627685546875,-2.2446680068969727,109.66741943359375,-618.7601928710938,0.29362520575523376
2025-09-11T16:06:07.725+02:00,397.92816162109375,-1022.0166015625,-3.1091132164001465,74.40938568115234,-855.4627685546875,-2.2446680068969727,109.66741943359375,-618.7601928710938,0.29362520575523376
2025-09-11T16:06:07.745+02:00,391.10662841796875,-1022.1437377929688,-3.1096339225769043,72.10564422607422,-851.2750244140625,-2.1654202938079834,109.71858978271484,-618.6957397460938,0.2936041057109833
2025-09-11T16:06:07.765+02:00,391.10662841796875,-1022.1437377929688,-3.1096339225769043,72.10564422607422,-851.2750244140625,-2.1654202938079834,109.71858978271484,-618.6957397460938,0.2936041057109833
2025-09-11T16:06:07.784+02:00,391.10662841796875,-1022.1437377929688,-3.1096339225769043,72.10564422607422,-851.2750244140625,-2.1654202938079834,109.71858978271484,-618.6957397460938,0.2936041057109833
2025-09-11T16:06:07.805+02:00,391.10662841796875,-1022.1437377929688,-3.1096339225769043,72.10564422607422,-851.2750244140625,-2.1654202938079834,109.71858978271484,-618.6957397460938,0.2936041057109833
2025-09-11T16:06:07.824+02:00,384.27728271484375,-1022.4849853515625,-3.10920786857605,69.17596435546875,-847.308349609375,-2.0882985591888428,109.61259460449219,-618.6486206054688,0.29333385825157166
2025-09-11T16:06:07.844+02:00,384.27728271484375,-1022.4849853515625,-3.10920786857605,69.17596435546875,-847.308349609375,-2.0882985591888428,109.61259460449219,-618.6486206054688,0.29333385825157166
2025-09-11T16:06:07.864+02:00,384.27728271484375,-1022.4849853515625,-3.10920786857605,69.17596435546875,-847.308349609375,-2.0882985591888428,109.61259460449219,-618.6486206054688,0.29333385825157166
2025-09-11T16:06:07.884+02:00,367.1451721191406,-1023.2880859375,-3.086513042449951,59.44233322143555,-838.5771484375,-1.8717633485794067,109.76387786865234,-618.6802368164062,0.2935657203197479
2025-09-11T16:06:07.904+02:00,363.82696533203125,-1023.4946899414062,-3.0699105262756348,55.87498092651367,-836.2885131835938,-1.8014224767684937,109.75833129882812,-618.6863403320312,0.29359567165374756
2025-09-11T16:06:07.925+02:00,363.82696533203125,-1023.4946899414062,-3.0699105262756348,55.87498092651367,-836.2885131835938,-1.8014224767684937,109.75833129882812,-618.6863403320312,0.29359567165374756
2025-09-11T16:06:07.944+02:00,361.1475830078125,-1024.0458984375,-3.050978183746338,52.372772216796875,-834.7350463867188,-1.7284972667694092,109.74319458007812,-618.713134765625,0.2936186194419861
2025-09-11T16:06:07.965+02:00,358.58905029296875,-1024.6298828125,-3.02695631980896,49.35811233520508,-834.6781005859375,-1.6906003952026367,109.6996078491211,-618.7662353515625,0.2936297655105591
2025-09-11T16:06:07.985+02:00,358.58905029296875,-1024.6298828125,-3.02695631980896,49.35811233520508,-834.6781005859375,-1.6906003952026367,109.6996078491211,-618.7662353515625,0.2936297655105591
2025-09-11T16:06:08.005+02:00,358.58905029296875,-1024.6298828125,-3.02695631980896,49.35811233520508,-834.6781005859375,-1.6906003952026367,109.6996078491211,-618.7662353515625,0.2936297655105591
2025-09-11T16:06:08.025+02:00,355.86944580078125,-1025.308837890625,-3.005615711212158,48.594669342041016,-838.1310424804688,-1.678783655166626,109.69706726074219,-618.7841796875,0.293653279542923
2025-09-11T16:06:08.044+02:00,355.86944580078125,-1025.308837890625,-3.005615711212158,48.594669342041016,-838.1310424804688,-1.678783655166626,109.69706726074219,-618.7841796875,0.293653279542923
2025-09-11T16:06:08.064+02:00,352.6595764160156,-1026.4207763671875,-2.9741389751434326,47.78902816772461,-842.4091186523438,-1.6795417070388794,109.69706726074219,-618.7841796875,0.293653279542923
2025-09-11T16:06:08.085+02:00,352.6595764160156,-1026.4207763671875,-2.9741389751434326,47.78902816772461,-842.4091186523438,-1.6795417070388794,109.69706726074219,-618.7841796875,0.293653279542923
2025-09-11T16:06:08.104+02:00,350.3331604003906,-1027.4267578125,-2.90851092338562,45.85429382324219,-852.409423828125,-1.6671146154403687,109.67389678955078,-618.7935791015625,0.2935998737812042
2025-09-11T16:06:08.125+02:00,350.3331604003906,-1027.4267578125,-2.90851092338562,45.85429382324219,-852.409423828125,-1.6671146154403687,109.67389678955078,-618.7935791015625,0.2935998737812042
2025-09-11T16:06:08.145+02:00,348.3414306640625,-1028.8170166015625,-2.8764870166778564,44.8483772277832,-858.0916748046875,-1.6619000434875488,109.6517562866211,-618.8131103515625,0.2936573028564453
2025-09-11T16:06:08.164+02:00,346.1697082519531,-1029.815673828125,-2.8428828716278076,43.873165130615234,-864.2086791992188,-1.6565964221954346,109.68740844726562,-618.7703247070312,0.2934223711490631
2025-09-11T16:06:08.185+02:00,346.1697082519531,-1029.815673828125,-2.8428828716278076,43.873165130615234,-864.2086791992188,-1.6565964221954346,109.68740844726562,-618.7703247070312,0.2934223711490631
2025-09-11T16:06:08.204+02:00,346.1697082519531,-1029.815673828125,-2.8428828716278076,43.873165130615234,-864.2086791992188,-1.6565964221954346,109.68740844726562,-618.7703247070312,0.2934223711490631
2025-09-11T16:06:08.225+02:00,346.1697082519531,-1029.815673828125,-2.8428828716278076,43.873165130615234,-864.2086791992188,-1.6565964221954346,109.68740844726562,-618.7703247070312,0.2934223711490631
2025-09-11T16:06:08.244+02:00,344.7079772949219,-1030.8060302734375,-2.806752920150757,42.316650390625,-870.3936767578125,-1.6489566564559937,109.70565795898438,-618.7727661132812,0.2933878004550934
2025-09-11T16:06:08.264+02:00,344.7079772949219,-1030.8060302734375,-2.806752920150757,42.316650390625,-870.3936767578125,-1.6489566564559937,109.70565795898438,-618.7727661132812,0.2933878004550934
2025-09-11T16:06:08.284+02:00,344.7079772949219,-1030.8060302734375,-2.806752920150757,42.316650390625,-870.3936767578125,-1.6489566564559937,109.70565795898438,-618.7727661132812,0.2933878004550934
2025-09-11T16:06:08.304+02:00,343.0999755859375,-1032.6839599609375,-2.7280924320220947,40.07395935058594,-884.4737548828125,-1.6415379047393799,109.68435668945312,-618.74755859375,0.2935868799686432
2025-09-11T16:06:08.324+02:00,342.9527587890625,-1033.3399658203125,-2.685159921646118,38.693965911865234,-891.7996215820312,-1.6367435455322266,109.70443725585938,-618.7579345703125,0.29348745942115784
2025-09-11T16:06:08.344+02:00,343.7336730957031,-1033.4288330078125,-2.6388988494873047,37.165225982666016,-899.4461669921875,-1.6269407272338867,109.69537353515625,-618.7283935546875,0.29344338178634644
2025-09-11T16:06:08.364+02:00,344.4461669921875,-1033.9764404296875,-2.59591007232666,35.86316680908203,-907.1934814453125,-1.619990587234497,109.8428726196289,-618.6299438476562,0.29355430603027344
2025-09-11T16:06:08.384+02:00,344.4461669921875,-1033.9764404296875,-2.59591007232666,35.86316680908203,-907.1934814453125,-1.619990587234497,109.8428726196289,-618.6299438476562,0.29355430603027344
2025-09-11T16:06:08.404+02:00,344.8642883300781,-1034.3228759765625,-2.5529966354370117,34.558006286621094,-915.4818115234375,-1.6143971681594849,109.68315887451172,-618.8616943359375,0.29366010427474976
2025-09-11T16:06:08.425+02:00,344.8642883300781,-1034.3228759765625,-2.5529966354370117,34.558006286621094,-915.4818115234375,-1.6143971681594849,109.68315887451172,-618.8616943359375,0.29366010427474976
2025-09-11T16:06:08.445+02:00,345.1113586425781,-1034.6475830078125,-2.512286424636841,33.4402961730957,-923.7169799804688,-1.612228512763977,109.68984985351562,-618.7442016601562,0.2934683561325073
2025-09-11T16:06:08.465+02:00,345.1113586425781,-1034.6475830078125,-2.512286424636841,33.4402961730957,-923.7169799804688,-1.612228512763977,109.68984985351562,-618.7442016601562,0.2934683561325073
2025-09-11T16:06:08.485+02:00,345.1113586425781,-1034.6475830078125,-2.512286424636841,33.4402961730957,-923.7169799804688,-1.612228512763977,109.68984985351562,-618.7442016601562,0.2934683561325073
2025-09-11T16:06:08.505+02:00,345.1113586425781,-1034.6475830078125,-2.512286424636841,33.4402961730957,-923.7169799804688,-1.612228512763977,109.68984985351562,-618.7442016601562,0.2934683561325073
2025-09-11T16:06:08.525+02:00,345.1113586425781,-1034.6475830078125,-2.512286424636841,33.4402961730957,-923.7169799804688,-1.612228512763977,109.68984985351562,-618.7442016601562,0.2934683561325073
2025-09-11T16:06:08.544+02:00,342.24810791015625,-1039.227783203125,-2.4094080924987793,31.567790985107422,-949.855224609375,-1.61151123046875,109.54167175292969,-618.87451171875,0.2936025559902191
2025-09-11T16:06:08.565+02:00,340.0135803222656,-1041.73828125,-2.383582353591919,31.086864471435547,-958.743408203125,-1.6122092008590698,109.69501495361328,-618.7434692382812,0.29348433017730713
2025-09-11T16:06:08.585+02:00,340.0135803222656,-1041.73828125,-2.383582353591919,31.086864471435547,-958.743408203125,-1.6122092008590698,109.69501495361328,-618.7434692382812,0.29348433017730713
2025-09-11T16:06:08.604+02:00,337.80462646484375,-1044.5137939453125,-2.3541035652160645,30.188587188720703,-967.361572265625,-1.6076850891113281,109.69501495361328,-618.7434692382812,0.29348433017730713
2025-09-11T16:06:08.625+02:00,337.80462646484375,-1044.5137939453125,-2.3541035652160645,30.188587188720703,-967.361572265625,-1.6076850891113281,109.69501495361328,-618.7434692382812,0.29348433017730713
2025-09-11T16:06:08.645+02:00,336.2519836425781,-1046.9376220703125,-2.3267180919647217,29.125652313232422,-976.6766967773438,-1.6091886758804321,109.69501495361328,-618.7434692382812,0.29348433017730713
2025-09-11T16:06:08.665+02:00,336.2519836425781,-1046.9376220703125,-2.3267180919647217,29.125652313232422,-976.6766967773438,-1.6091886758804321,109.69501495361328,-618.7434692382812,0.29348433017730713
2025-09-11T16:06:08.685+02:00,334.44915771484375,-1049.500244140625,-2.2958104610443115,28.3413028717041,-985.9398193359375,-1.6069762706756592,109.6655044555664,-618.776123046875,0.293428510427475
2025-09-11T16:06:08.704+02:00,333.5283508300781,-1051.3218994140625,-2.2638227939605713,27.271991729736328,-995.1694946289062,-1.6021536588668823,109.65367889404297,-618.7868041992188,0.2934841215610504
2025-09-11T16:06:08.725+02:00,333.5283508300781,-1051.3218994140625,-2.2638227939605713,27.271991729736328,-995.1694946289062,-1.6021536588668823,109.65367889404297,-618.7868041992188,0.2934841215610504
2025-09-11T16:06:08.745+02:00,333.5283508300781,-1051.3218994140625,-2.2638227939605713,27.271991729736328,-995.1694946289062,-1.6021536588668823,109.65367889404297,-618.7868041992188,0.2934841215610504
2025-09-11T16:06:08.765+02:00,333.5530700683594,-1052.3043212890625,-2.2287259101867676,27.819089889526367,-1005.0679931640625,-1.631174087524414,109.66093444824219,-618.774169921875,0.29346445202827454
2025-09-11T16:06:08.784+02:00,333.6040344238281,-1053.27734375,-2.1920006275177,32.086265563964844,-1011.7769775390625,-1.712795376777649,109.67374420166016,-618.8094482421875,0.2933850884437561
2025-09-11T16:06:08.804+02:00,333.3887634277344,-1054.586181640625,-2.152526617050171,36.35284423828125,-1016.5457153320312,-1.802093267440796,109.6574478149414,-618.7857666015625,0.2935096323490143
2025-09-11T16:06:08.824+02:00,333.15069580078125,-1055.8448486328125,-2.112551212310791,39.71125411987305,-1022.52197265625,-1.8954973220825195,109.6574478149414,-618.7857666015625,0.2935096323490143
2025-09-11T16:06:08.844+02:00,333.15069580078125,-1055.8448486328125,-2.112551212310791,39.71125411987305,-1022.52197265625,-1.8954973220825195,109.6574478149414,-618.7857666015625,0.2935096323490143
2025-09-11T16:06:08.864+02:00,333.15069580078125,-1055.8448486328125,-2.112551212310791,39.71125411987305,-1022.52197265625,-1.8954973220825195,109.6574478149414,-618.7857666015625,0.2935096323490143
2025-09-11T16:06:08.884+02:00,333.0543518066406,-1056.7659912109375,-2.0729739665985107,43.56687927246094,-1027.6112060546875,-1.9926594495773315,109.60758209228516,-618.8402709960938,0.2935035228729248
2025-09-11T16:06:08.905+02:00,333.0543518066406,-1056.7659912109375,-2.0729739665985107,43.56687927246094,-1027.6112060546875,-1.9926594495773315,109.60758209228516,-618.8402709960938,0.2935035228729248
2025-09-11T16:06:08.924+02:00,333.0543518066406,-1056.7659912109375,-2.0729739665985107,43.56687927246094,-1027.6112060546875,-1.9926594495773315,109.60758209228516,-618.8402709960938,0.2935035228729248
2025-09-11T16:06:08.945+02:00,333.0543518066406,-1056.7659912109375,-2.0729739665985107,43.56687927246094,-1027.6112060546875,-1.9926594495773315,109.60758209228516,-618.8402709960938,0.2935035228729248
2025-09-11T16:06:08.965+02:00,333.5399169921875,-1058.003173828125,-1.9912446737289429,49.51679229736328,-1037.9716796875,-2.1820168495178223,109.6590576171875,-618.7868041992188,0.2935163676738739
2025-09-11T16:06:08.985+02:00,333.719970703125,-1058.422119140625,-1.945481538772583,52.269840240478516,-1043.4644775390625,-2.2725181579589844,109.6669692993164,-618.8171997070312,0.2933933138847351
2025-09-11T16:06:09.005+02:00,334.35223388671875,-1058.009521484375,-1.9009658098220825,54.418983459472656,-1048.6962890625,-2.3645870685577393,109.62861633300781,-618.825439453125,0.293540358543396
2025-09-11T16:06:09.025+02:00,335.129638671875,-1058.2882080078125,-1.8560010194778442,56.18622970581055,-1053.8681640625,-2.4538869857788086,109.62861633300781,-618.825439453125,0.293540358543396
2025-09-11T16:06:09.044+02:00,335.129638671875,-1058.2882080078125,-1.8560010194778442,56.18622970581055,-1053.8681640625,-2.4538869857788086,109.62861633300781,-618.825439453125,0.293540358543396
2025-09-11T16:06:09.065+02:00,335.55291748046875,-1058.9200439453125,-1.8131611347198486,56.96400833129883,-1059.0521240234375,-2.5420567989349365,109.60430908203125,-618.8485107421875,0.2935277819633484
2025-09-11T16:06:09.084+02:00,335.55291748046875,-1058.9200439453125,-1.8131611347198486,56.96400833129883,-1059.0521240234375,-2.5420567989349365,109.60430908203125,-618.8485107421875,0.2935277819633484
2025-09-11T16:06:09.105+02:00,335.55291748046875,-1058.9200439453125,-1.8131611347198486,56.96400833129883,-1059.0521240234375,-2.5420567989349365,109.60430908203125,-618.8485107421875,0.2935277819633484
2025-09-11T16:06:09.125+02:00,335.8666687011719,-1059.3707275390625,-1.7729816436767578,57.46308517456055,-1064.311279296875,-2.623352527618408,109.65190124511719,-618.796875,0.29348379373550415
2025-09-11T16:06:09.144+02:00,335.8666687011719,-1059.3707275390625,-1.7729816436767578,57.46308517456055,-1064.311279296875,-2.623352527618408,109.65190124511719,-618.796875,0.29348379373550415
2025-09-11T16:06:09.165+02:00,335.8666687011719,-1059.3707275390625,-1.7729816436767578,57.46308517456055,-1064.311279296875,-2.623352527618408,109.65190124511719,-618.796875,0.29348379373550415
2025-09-11T16:06:09.184+02:00,335.8666687011719,-1059.3707275390625,-1.7729816436767578,57.46308517456055,-1064.311279296875,-2.623352527618408,109.65190124511719,-618.796875,0.29348379373550415
2025-09-11T16:06:09.205+02:00,336.6600341796875,-1060.7640380859375,-1.695374846458435,56.705997467041016,-1074.6434326171875,-2.787604331970215,109.65190124511719,-618.796875,0.29348379373550415
2025-09-11T16:06:09.225+02:00,337.0393371582031,-1062.5164794921875,-1.619058609008789,53.32735061645508,-1082.986572265625,-2.908431053161621,109.6613540649414,-618.7813110351562,0.2935727536678314
2025-09-11T16:06:09.244+02:00,337.0393371582031,-1062.5164794921875,-1.619058609008789,53.32735061645508,-1082.986572265625,-2.908431053161621,109.6613540649414,-618.7813110351562,0.2935727536678314
2025-09-11T16:06:09.264+02:00,337.4466552734375,-1063.111083984375,-1.5809394121170044,48.38288879394531,-1085.22705078125,-2.9366517066955566,109.65679931640625,-618.7915649414062,0.2935131788253784
2025-09-11T16:06:09.284+02:00,337.4466552734375,-1063.111083984375,-1.5809394121170044,48.38288879394531,-1085.22705078125,-2.9366517066955566,109.65679931640625,-618.7915649414062,0.2935131788253784
2025-09-11T16:06:09.304+02:00,338.1495361328125,-1064.014892578125,-1.5419796705245972,43.26072311401367,-1087.1424560546875,-2.949561595916748,109.6598129272461,-618.817626953125,0.29340660572052
2025-09-11T16:06:09.325+02:00,338.1495361328125,-1064.014892578125,-1.5419796705245972,43.26072311401367,-1087.1424560546875,-2.949561595916748,109.6598129272461,-618.817626953125,0.29340660572052
2025-09-11T16:06:09.344+02:00,338.73779296875,-1064.6602783203125,-1.502630591392517,37.37220764160156,-1088.7008056640625,-2.962594747543335,109.65291595458984,-618.7911987304688,0.2935081720352173
2025-09-11T16:06:09.364+02:00,339.3565979003906,-1065.947998046875,-1.4648488759994507,30.995878219604492,-1090.4208984375,-2.971984624862671,109.65291595458984,-618.7911987304688,0.2935081720352173
2025-09-11T16:06:09.385+02:00,339.3565979003906,-1065.947998046875,-1.4648488759994507,30.995878219604492,-1090.4208984375,-2.971984624862671,109.65291595458984,-618.7911987304688,0.2935081720352173
2025-09-11T16:06:09.404+02:00,340.22650146484375,-1068.724853515625,-1.4327548742294312,24.09449577331543,-1092.0859375,-2.980621337890625,109.65291595458984,-618.7911987304688,0.2935081720352173
2025-09-11T16:06:09.425+02:00,340.22650146484375,-1068.724853515625,-1.4327548742294312,24.09449577331543,-1092.0859375,-2.980621337890625,109.65291595458984,-618.7911987304688,0.2935081720352173
2025-09-11T16:06:09.444+02:00,341.4100341796875,-1073.1160888671875,-1.4071524143218994,17.005542755126953,-1093.4140625,-2.986933946609497,109.65291595458984,-618.7911987304688,0.2935081720352173
2025-09-11T16:06:09.465+02:00,342.4417419433594,-1077.1883544921875,-1.3837463855743408,9.296185493469238,-1094.7767333984375,-2.9973361492156982,109.65291595458984,-618.7911987304688,0.2935081720352173
2025-09-11T16:06:09.485+02:00,342.4417419433594,-1077.1883544921875,-1.3837463855743408,9.296185493469238,-1094.7767333984375,-2.9973361492156982,109.65291595458984,-618.7911987304688,0.2935081720352173
2025-09-11T16:06:09.504+02:00,343.2867431640625,-1080.30908203125,-1.3656052350997925,1.0396976470947266,-1096.1292724609375,-3.0051448345184326,109.65291595458984,-618.7911987304688,0.2935081720352173
2025-09-11T16:06:09.525+02:00,343.2867431640625,-1080.30908203125,-1.3656052350997925,1.0396976470947266,-1096.1292724609375,-3.0051448345184326,109.65291595458984,-618.7911987304688,0.2935081720352173
2025-09-11T16:06:09.545+02:00,344.30950927734375,-1084.031982421875,-1.3525488376617432,-7.484160423278809,-1097.41455078125,-3.00895094871521,109.6669921875,-618.819580078125,0.2933885157108307
2025-09-11T16:06:09.565+02:00,344.30950927734375,-1084.031982421875,-1.3525488376617432,-7.484160423278809,-1097.41455078125,-3.00895094871521,109.6669921875,-618.819580078125,0.2933885157108307
2025-09-11T16:06:09.584+02:00,345.5815734863281,-1088.87548828125,-1.3426833152770996,-16.160213470458984,-1098.42822265625,-3.0182247161865234,109.661865234375,-618.7945556640625,0.29351806640625
2025-09-11T16:06:09.604+02:00,345.5815734863281,-1088.87548828125,-1.3426833152770996,-16.160213470458984,-1098.42822265625,-3.0182247161865234,109.661865234375,-618.7945556640625,0.29351806640625
2025-09-11T16:06:09.625+02:00,345.5815734863281,-1088.87548828125,-1.3426833152770996,-16.160213470458984,-1098.42822265625,-3.0182247161865234,109.661865234375,-618.7945556640625,0.29351806640625
2025-09-11T16:06:09.645+02:00,347.02044677734375,-1094.9129638671875,-1.3342645168304443,-24.922555923461914,-1099.3988037109375,-3.026400566101074,109.661865234375,-618.7945556640625,0.29351806640625
2025-09-11T16:06:09.664+02:00,350.33782958984375,-1106.8883056640625,-1.3162142038345337,-42.86496353149414,-1101.5423583984375,-3.034801483154297,109.59513854980469,-618.8494873046875,0.2935383915901184
2025-09-11T16:06:09.685+02:00,350.33782958984375,-1106.8883056640625,-1.3162142038345337,-42.86496353149414,-1101.5423583984375,-3.034801483154297,109.59513854980469,-618.8494873046875,0.2935383915901184
2025-09-11T16:06:09.704+02:00,352.0340270996094,-1111.8768310546875,-1.305901050567627,-51.91312026977539,-1102.1312255859375,-3.0388689041137695,109.59105682373047,-618.86962890625,0.29355382919311523
2025-09-11T16:06:09.724+02:00,352.0340270996094,-1111.8768310546875,-1.305901050567627,-51.91312026977539,-1102.1312255859375,-3.0388689041137695,109.59105682373047,-618.86962890625,0.29355382919311523
2025-09-11T16:06:09.745+02:00,353.1353759765625,-1116.013427734375,-1.2894861698150635,-61.149314880371094,-1103.0787353515625,-3.0417940616607666,109.63858032226562,-618.8153686523438,0.2934776246547699
2025-09-11T16:06:09.765+02:00,353.1353759765625,-1116.013427734375,-1.2894861698150635,-61.149314880371094,-1103.0787353515625,-3.0417940616607666,109.63858032226562,-618.8153686523438,0.2934776246547699
2025-09-11T16:06:09.785+02:00,353.1353759765625,-1116.013427734375,-1.2894861698150635,-61.149314880371094,-1103.0787353515625,-3.0417940616607666,109.63858032226562,-618.8153686523438,0.2934776246547699
2025-09-11T16:06:09.804+02:00,353.9882507324219,-1118.3988037109375,-1.2689296007156372,-70.73149108886719,-1103.9456787109375,-3.0481479167938232,109.63858032226562,-618.8153686523438,0.2934776246547699
2025-09-11T16:06:09.824+02:00,353.9882507324219,-1118.3988037109375,-1.2689296007156372,-70.73149108886719,-1103.9456787109375,-3.0481479167938232,109.63858032226562,-618.8153686523438,0.2934776246547699
2025-09-11T16:06:09.844+02:00,353.9882507324219,-1118.3988037109375,-1.2689296007156372,-70.73149108886719,-1103.9456787109375,-3.0481479167938232,109.63858032226562,-618.8153686523438,0.2934776246547699
2025-09-11T16:06:09.864+02:00,355.7212829589844,-1121.4276123046875,-1.2318241596221924,-88.92739868164062,-1106.1002197265625,-3.056619644165039,109.63653564453125,-618.8173217773438,0.29351282119750977
2025-09-11T16:06:09.884+02:00,356.1903076171875,-1122.5115966796875,-1.2148603200912476,-98.440185546875,-1106.6256103515625,-3.0653393268585205,109.6271743774414,-618.8290405273438,0.29338136315345764
2025-09-11T16:06:09.904+02:00,355.9573059082031,-1121.8603515625,-1.2012830972671509,-107.8264389038086,-1107.146728515625,-3.0660219192504883,109.65438079833984,-618.813720703125,0.29350847005844116
2025-09-11T16:06:09.925+02:00,355.9573059082031,-1121.8603515625,-1.2012830972671509,-107.8264389038086,-1107.146728515625,-3.0660219192504883,109.65438079833984,-618.813720703125,0.29350847005844116
2025-09-11T16:06:09.945+02:00,355.3821105957031,-1120.0616455078125,-1.1872811317443848,-117.03453063964844,-1107.7864990234375,-3.070410966873169,109.66016387939453,-618.7933959960938,0.2934958040714264
2025-09-11T16:06:09.965+02:00,355.3821105957031,-1120.0616455078125,-1.1872811317443848,-117.03453063964844,-1107.7864990234375,-3.070410966873169,109.66016387939453,-618.7933959960938,0.2934958040714264
2025-09-11T16:06:09.985+02:00,355.3821105957031,-1120.0616455078125,-1.1872811317443848,-117.03453063964844,-1107.7864990234375,-3.070410966873169,109.66016387939453,-618.7933959960938,0.2934958040714264
2025-09-11T16:06:10.004+02:00,354.8147888183594,-1117.6566162109375,-1.1728984117507935,-126.47844696044922,-1108.8929443359375,-3.079362630844116,109.6368179321289,-618.8097534179688,0.2935141324996948
2025-09-11T16:06:10.025+02:00,354.8147888183594,-1117.6566162109375,-1.1728984117507935,-126.47844696044922,-1108.8929443359375,-3.079362630844116,109.6368179321289,-618.8097534179688,0.2935141324996948
2025-09-11T16:06:10.044+02:00,354.8147888183594,-1117.6566162109375,-1.1728984117507935,-126.47844696044922,-1108.8929443359375,-3.079362630844116,109.6368179321289,-618.8097534179688,0.2935141324996948
2025-09-11T16:06:10.065+02:00,354.8147888183594,-1117.6566162109375,-1.1728984117507935,-126.47844696044922,-1108.8929443359375,-3.079362630844116,109.6368179321289,-618.8097534179688,0.2935141324996948
2025-09-11T16:06:10.085+02:00,354.8147888183594,-1117.6566162109375,-1.1728984117507935,-126.47844696044922,-1108.8929443359375,-3.079362630844116,109.6368179321289,-618.8097534179688,0.2935141324996948
2025-09-11T16:06:10.104+02:00,354.8147888183594,-1117.6566162109375,-1.1728984117507935,-126.47844696044922,-1108.8929443359375,-3.079362630844116,109.6368179321289,-618.8097534179688,0.2935141324996948
2025-09-11T16:06:10.125+02:00,354.8147888183594,-1117.6566162109375,-1.1728984117507935,-126.47844696044922,-1108.8929443359375,-3.079362630844116,109.6368179321289,-618.8097534179688,0.2935141324996948
2025-09-11T16:06:10.144+02:00,345.8726806640625,-1096.8297119140625,-1.130654215812683,-176.2620849609375,-1111.8084716796875,-3.117353677749634,109.6507797241211,-618.7855224609375,0.29355931282043457
2025-09-11T16:06:10.164+02:00,342.69757080078125,-1090.6893310546875,-1.1315407752990723,-186.43276977539062,-1112.645751953125,-3.1258139610290527,109.6521987915039,-618.79345703125,0.2934610843658447
2025-09-11T16:06:10.185+02:00,342.69757080078125,-1090.6893310546875,-1.1315407752990723,-186.43276977539062,-1112.645751953125,-3.1258139610290527,109.6521987915039,-618.79345703125,0.2934610843658447
2025-09-11T16:06:10.204+02:00,339.3227233886719,-1083.6610107421875,-1.1343085765838623,-196.56222534179688,-1112.5164794921875,-3.127699851989746,109.65373229980469,-618.7943115234375,0.29352715611457825
2025-09-11T16:06:10.225+02:00,339.3227233886719,-1083.6610107421875,-1.1343085765838623,-196.56222534179688,-1112.5164794921875,-3.127699851989746,109.65373229980469,-618.7943115234375,0.29352715611457825
2025-09-11T16:06:10.244+02:00,335.7710266113281,-1076.727783203125,-1.1363126039505005,-204.5909423828125,-1112.984130859375,-3.131366729736328,109.65373229980469,-618.7943115234375,0.29352715611457825
2025-09-11T16:06:10.265+02:00,335.7710266113281,-1076.727783203125,-1.1363126039505005,-204.5909423828125,-1112.984130859375,-3.131366729736328,109.65373229980469,-618.7943115234375,0.29352715611457825
2025-09-11T16:06:10.285+02:00,335.7710266113281,-1076.727783203125,-1.1363126039505005,-204.5909423828125,-1112.984130859375,-3.131366729736328,109.65373229980469,-618.7943115234375,0.29352715611457825
2025-09-11T16:06:10.304+02:00,330.0641174316406,-1065.08984375,-1.1424260139465332,-213.32611083984375,-1112.5157470703125,-3.1288697719573975,109.59506225585938,-618.8225708007812,0.2934948205947876
2025-09-11T16:06:10.325+02:00,330.0641174316406,-1065.08984375,-1.1424260139465332,-213.32611083984375,-1112.5157470703125,-3.1288697719573975,109.59506225585938,-618.8225708007812,0.2934948205947876
2025-09-11T16:06:10.345+02:00,327.2264404296875,-1060.0462646484375,-1.153907060623169,-215.32687377929688,-1112.2115478515625,-3.126901388168335,109.61254119873047,-618.8175659179688,0.29348406195640564
2025-09-11T16:06:10.365+02:00,325.2334289550781,-1056.44482421875,-1.1679610013961792,-215.67640686035156,-1112.2222900390625,-3.1275811195373535,109.67189025878906,-618.8067626953125,0.29340481758117676
2025-09-11T16:06:10.384+02:00,325.2334289550781,-1056.44482421875,-1.1679610013961792,-215.67640686035156,-1112.2222900390625,-3.1275811195373535,109.67189025878906,-618.8067626953125,0.29340481758117676
2025-09-11T16:06:10.404+02:00,324.1483154296875,-1054.1920166015625,-1.1870534420013428,-214.97129821777344,-1112.3681640625,-3.129396915435791,109.6902847290039,-618.7454223632812,0.29348522424697876
2025-09-11T16:06:10.424+02:00,324.1483154296875,-1054.1920166015625,-1.1870534420013428,-214.97129821777344,-1112.3681640625,-3.129396915435791,109.6902847290039,-618.7454223632812,0.29348522424697876
2025-09-11T16:06:10.445+02:00,324.1483154296875,-1054.1920166015625,-1.1870534420013428,-214.97129821777344,-1112.3681640625,-3.129396915435791,109.6902847290039,-618.7454223632812,0.29348522424697876
2025-09-11T16:06:10.465+02:00,324.1483154296875,-1054.1920166015625,-1.1870534420013428,-214.97129821777344,-1112.3681640625,-3.129396915435791,109.6902847290039,-618.7454223632812,0.29348522424697876
2025-09-11T16:06:10.485+02:00,324.1483154296875,-1054.1920166015625,-1.1870534420013428,-214.97129821777344,-1112.3681640625,-3.129396915435791,109.6902847290039,-618.7454223632812,0.29348522424697876
2025-09-11T16:06:10.504+02:00,324.1483154296875,-1054.1920166015625,-1.1870534420013428,-214.97129821777344,-1112.3681640625,-3.129396915435791,109.6902847290039,-618.7454223632812,0.29348522424697876
2025-09-11T16:06:10.525+02:00,324.1483154296875,-1054.1920166015625,-1.1870534420013428,-214.97129821777344,-1112.3681640625,-3.129396915435791,109.6902847290039,-618.7454223632812,0.29348522424697876
2025-09-11T16:06:10.545+02:00,324.1483154296875,-1054.1920166015625,-1.1870534420013428,-214.97129821777344,-1112.3681640625,-3.129396915435791,109.6902847290039,-618.7454223632812,0.29348522424697876
2025-09-11T16:06:10.564+02:00,319.6276550292969,-1046.664794921875,-1.3173898458480835,-214.90940856933594,-1112.374267578125,-3.129763126373291,109.71990966796875,-618.7288208007812,0.29346081614494324
2025-09-11T16:06:10.585+02:00,319.6276550292969,-1046.664794921875,-1.3173898458480835,-214.90940856933594,-1112.374267578125,-3.129763126373291,109.71990966796875,-618.7288208007812,0.29346081614494324
2025-09-11T16:06:10.604+02:00,319.2864990234375,-1047.3726806640625,-1.3506805896759033,-214.90940856933594,-1112.374267578125,-3.129763126373291,109.74225616455078,-618.689208984375,0.2934602200984955
2025-09-11T16:06:10.625+02:00,319.2864990234375,-1047.3726806640625,-1.3506805896759033,-214.90940856933594,-1112.374267578125,-3.129763126373291,109.74225616455078,-618.689208984375,0.2934602200984955
2025-09-11T16:06:10.644+02:00,319.2864990234375,-1047.3726806640625,-1.3506805896759033,-214.90940856933594,-1112.374267578125,-3.129763126373291,109.74225616455078,-618.689208984375,0.2934602200984955
2025-09-11T16:06:10.665+02:00,319.2864990234375,-1047.3726806640625,-1.3506805896759033,-214.90940856933594,-1112.374267578125,-3.129763126373291,109.74225616455078,-618.689208984375,0.2934602200984955
2025-09-11T16:06:10.685+02:00,318.9695739746094,-1048.760498046875,-1.3868807554244995,-214.92115783691406,-1112.3740234375,-3.129903554916382,109.71099090576172,-618.72509765625,0.29347309470176697
2025-09-11T16:06:10.705+02:00,318.9695739746094,-1048.760498046875,-1.3868807554244995,-214.92115783691406,-1112.3740234375,-3.129903554916382,109.71099090576172,-618.72509765625,0.29347309470176697
2025-09-11T16:06:10.725+02:00,318.9695739746094,-1048.760498046875,-1.3868807554244995,-214.92115783691406,-1112.3740234375,-3.129903554916382,109.71099090576172,-618.72509765625,0.29347309470176697
2025-09-11T16:06:10.744+02:00,318.6230163574219,-1056.5211181640625,-1.4839500188827515,-214.91371154785156,-1112.379638671875,-3.130054235458374,109.66734313964844,-618.7801513671875,0.2934924364089966
2025-09-11T16:06:10.765+02:00,318.6230163574219,-1056.5211181640625,-1.4839500188827515,-214.91371154785156,-1112.379638671875,-3.130054235458374,109.66734313964844,-618.7801513671875,0.2934924364089966
2025-09-11T16:06:10.784+02:00,318.4642028808594,-1059.174072265625,-1.5103154182434082,-214.91371154785156,-1112.379638671875,-3.130054235458374,109.66734313964844,-618.7801513671875,0.2934924364089966
2025-09-11T16:06:10.804+02:00,318.2832946777344,-1061.9822998046875,-1.5359253883361816,-214.91371154785156,-1112.379638671875,-3.130054235458374,109.66736602783203,-618.7904663085938,0.29339754581451416
2025-09-11T16:06:10.824+02:00,318.2832946777344,-1061.9822998046875,-1.5359253883361816,-214.91371154785156,-1112.379638671875,-3.130054235458374,109.66736602783203,-618.7904663085938,0.29339754581451416
2025-09-11T16:06:10.844+02:00,318.1549987792969,-1064.436279296875,-1.5629911422729492,-214.91371154785156,-1112.379638671875,-3.130054235458374,109.61894226074219,-618.7725830078125,0.2934597134590149
2025-09-11T16:06:10.864+02:00,318.1549987792969,-1064.436279296875,-1.5629911422729492,-214.91371154785156,-1112.379638671875,-3.130054235458374,109.61894226074219,-618.7725830078125,0.2934597134590149
2025-09-11T16:06:10.884+02:00,318.1549987792969,-1064.436279296875,-1.5629911422729492,-214.91371154785156,-1112.379638671875,-3.130054235458374,109.61894226074219,-618.7725830078125,0.2934597134590149
2025-09-11T16:06:10.904+02:00,318.1549987792969,-1064.436279296875,-1.5629911422729492,-214.91371154785156,-1112.379638671875,-3.130054235458374,109.61894226074219,-618.7725830078125,0.2934597134590149
2025-09-11T16:06:10.924+02:00,318.1549987792969,-1064.436279296875,-1.5629911422729492,-214.91371154785156,-1112.379638671875,-3.130054235458374,109.61894226074219,-618.7725830078125,0.2934597134590149
2025-09-11T16:06:10.945+02:00,318.1549987792969,-1064.436279296875,-1.5629911422729492,-214.91371154785156,-1112.379638671875,-3.130054235458374,109.61894226074219,-618.7725830078125,0.2934597134590149
2025-09-11T16:06:10.964+02:00,315.4107666015625,-1077.645263671875,-1.7117253541946411,-214.91708374023438,-1112.376708984375,-3.1300058364868164,109.65376281738281,-618.8185424804688,0.29337385296821594
2025-09-11T16:06:10.985+02:00,315.4107666015625,-1077.645263671875,-1.7117253541946411,-214.91708374023438,-1112.376708984375,-3.1300058364868164,109.65376281738281,-618.8185424804688,0.29337385296821594
2025-09-11T16:06:11.004+02:00,314.0857849121094,-1081.475830078125,-1.7495449781417847,-214.91708374023438,-1112.376708984375,-3.1300058364868164,109.6497573852539,-618.7822265625,0.2935754656791687
2025-09-11T16:06:11.025+02:00,314.0857849121094,-1081.475830078125,-1.7495449781417847,-214.91708374023438,-1112.376708984375,-3.1300058364868164,109.6497573852539,-618.7822265625,0.2935754656791687
2025-09-11T16:06:11.044+02:00,312.9278869628906,-1084.926513671875,-1.7775092124938965,-214.9125518798828,-1112.3790283203125,-3.1301000118255615,109.65509796142578,-618.793701171875,0.2935486137866974
2025-09-11T16:06:11.064+02:00,311.9973449707031,-1087.582763671875,-1.7972166538238525,-214.9125518798828,-1112.3790283203125,-3.1301000118255615,109.65509796142578,-618.793701171875,0.2935486137866974
2025-09-11T16:06:11.085+02:00,311.9973449707031,-1087.582763671875,-1.7972166538238525,-214.9125518798828,-1112.3790283203125,-3.1301000118255615,109.65509796142578,-618.793701171875,0.2935486137866974
2025-09-11T16:06:11.105+02:00,311.9973449707031,-1087.582763671875,-1.7972166538238525,-214.9125518798828,-1112.3790283203125,-3.1301000118255615,109.65509796142578,-618.793701171875,0.2935486137866974
2025-09-11T16:06:11.124+02:00,311.5304870605469,-1089.1474609375,-1.8185405731201172,-214.9125518798828,-1112.3790283203125,-3.1301000118255615,109.66248321533203,-618.7742309570312,0.2935435175895691
2025-09-11T16:06:11.144+02:00,311.5304870605469,-1089.1474609375,-1.8185405731201172,-214.9125518798828,-1112.3790283203125,-3.1301000118255615,109.66248321533203,-618.7742309570312,0.2935435175895691
2025-09-11T16:06:11.164+02:00,311.5304870605469,-1089.1474609375,-1.8185405731201172,-214.9125518798828,-1112.3790283203125,-3.1301000118255615,109.66248321533203,-618.7742309570312,0.2935435175895691
2025-09-11T16:06:11.184+02:00,309.59674072265625,-1093.3709716796875,-1.8744200468063354,-214.9188690185547,-1112.3829345703125,-3.1300508975982666,109.64326477050781,-618.7987060546875,0.2934991121292114
2025-09-11T16:06:11.204+02:00,307.50848388671875,-1098.2825927734375,-1.911167025566101,-214.91531372070312,-1112.3800048828125,-3.1299710273742676,109.64326477050781,-618.7987060546875,0.2934991121292114
2025-09-11T16:06:11.225+02:00,307.50848388671875,-1098.2825927734375,-1.911167025566101,-214.91531372070312,-1112.3800048828125,-3.1299710273742676,109.64326477050781,-618.7987060546875,0.2934991121292114
2025-09-11T16:06:11.245+02:00,304.41448974609375,-1104.852783203125,-1.9488892555236816,-214.91531372070312,-1112.3800048828125,-3.1299710273742676,109.66069030761719,-618.7900390625,0.29350900650024414
2025-09-11T16:06:11.264+02:00,300.94281005859375,-1110.95458984375,-1.98202383518219,-214.9158477783203,-1112.3856201171875,-3.1302950382232666,109.66069030761719,-618.7900390625,0.29350900650024414
2025-09-11T16:06:11.284+02:00,300.94281005859375,-1110.95458984375,-1.98202383518219,-214.9158477783203,-1112.3856201171875,-3.1302950382232666,109.66069030761719,-618.7900390625,0.29350900650024414
2025-09-11T16:06:11.304+02:00,300.94281005859375,-1110.95458984375,-1.98202383518219,-214.9158477783203,-1112.3856201171875,-3.1302950382232666,109.66069030761719,-618.7900390625,0.29350900650024414
2025-09-11T16:06:11.325+02:00,300.94281005859375,-1110.95458984375,-1.98202383518219,-214.9158477783203,-1112.3856201171875,-3.1302950382232666,109.66069030761719,-618.7900390625,0.29350900650024414
2025-09-11T16:06:11.345+02:00,300.94281005859375,-1110.95458984375,-1.98202383518219,-214.9158477783203,-1112.3856201171875,-3.1302950382232666,109.66069030761719,-618.7900390625,0.29350900650024414
2025-09-11T16:06:11.365+02:00,300.94281005859375,-1110.95458984375,-1.98202383518219,-214.9158477783203,-1112.3856201171875,-3.1302950382232666,109.66069030761719,-618.7900390625,0.29350900650024414
2025-09-11T16:06:11.384+02:00,298.7455749511719,-1115.7640380859375,-2.014343500137329,-214.9158477783203,-1112.3856201171875,-3.1302950382232666,109.66069030761719,-618.7900390625,0.29350900650024414
2025-09-11T16:06:11.404+02:00,292.8480224609375,-1124.8397216796875,-2.1051278114318848,-214.9142608642578,-1112.377685546875,-3.129918336868286,109.66069030761719,-618.7900390625,0.29350900650024414
2025-09-11T16:06:11.425+02:00,292.8480224609375,-1124.8397216796875,-2.1051278114318848,-214.9142608642578,-1112.377685546875,-3.129918336868286,109.66069030761719,-618.7900390625,0.29350900650024414
2025-09-11T16:06:11.444+02:00,292.22296142578125,-1125.6630859375,-2.1331992149353027,-214.9142608642578,-1112.377685546875,-3.129918336868286,109.66051483154297,-618.77587890625,0.29347193241119385
2025-09-11T16:06:11.465+02:00,291.4867858886719,-1126.13037109375,-2.1575653553009033,-214.9142608642578,-1112.377685546875,-3.129918336868286,109.66345977783203,-618.8010864257812,0.29338502883911133
2025-09-11T16:06:11.485+02:00,291.4867858886719,-1126.13037109375,-2.1575653553009033,-214.9142608642578,-1112.377685546875,-3.129918336868286,109.66345977783203,-618.8010864257812,0.29338502883911133
2025-09-11T16:06:11.505+02:00,290.5643615722656,-1126.86865234375,-2.185650587081909,-214.9142608642578,-1112.377685546875,-3.129918336868286,109.6530990600586,-618.8011474609375,0.2934711277484894
2025-09-11T16:06:11.525+02:00,290.5643615722656,-1126.86865234375,-2.185650587081909,-214.9142608642578,-1112.377685546875,-3.129918336868286,109.6530990600586,-618.8011474609375,0.2934711277484894
2025-09-11T16:06:11.545+02:00,290.5643615722656,-1126.86865234375,-2.185650587081909,-214.9142608642578,-1112.377685546875,-3.129918336868286,109.6530990600586,-618.8011474609375,0.2934711277484894
2025-09-11T16:06:11.565+02:00,290.5643615722656,-1126.86865234375,-2.185650587081909,-214.9142608642578,-1112.377685546875,-3.129918336868286,109.6530990600586,-618.8011474609375,0.2934711277484894
2025-09-11T16:06:11.585+02:00,290.5643615722656,-1126.86865234375,-2.185650587081909,-214.9142608642578,-1112.377685546875,-3.129918336868286,109.6530990600586,-618.8011474609375,0.2934711277484894
2025-09-11T16:06:11.604+02:00,290.5643615722656,-1126.86865234375,-2.185650587081909,-214.9142608642578,-1112.377685546875,-3.129918336868286,109.6530990600586,-618.8011474609375,0.2934711277484894
2025-09-11T16:06:11.625+02:00,290.5643615722656,-1126.86865234375,-2.185650587081909,-214.9142608642578,-1112.377685546875,-3.129918336868286,109.6530990600586,-618.8011474609375,0.2934711277484894
2025-09-11T16:06:11.644+02:00,290.5643615722656,-1126.86865234375,-2.185650587081909,-214.9142608642578,-1112.377685546875,-3.129918336868286,109.6530990600586,-618.8011474609375,0.2934711277484894
2025-09-11T16:06:11.665+02:00,290.5643615722656,-1126.86865234375,-2.185650587081909,-214.9142608642578,-1112.377685546875,-3.129918336868286,109.6530990600586,-618.8011474609375,0.2934711277484894
2025-09-11T16:06:11.685+02:00,290.5643615722656,-1126.86865234375,-2.185650587081909,-214.9142608642578,-1112.377685546875,-3.129918336868286,109.6530990600586,-618.8011474609375,0.2934711277484894
2025-09-11T16:06:11.705+02:00,290.5643615722656,-1126.86865234375,-2.185650587081909,-214.9142608642578,-1112.377685546875,-3.129918336868286,109.6530990600586,-618.8011474609375,0.2934711277484894
2025-09-11T16:06:11.725+02:00,290.5643615722656,-1126.86865234375,-2.185650587081909,-214.9142608642578,-1112.377685546875,-3.129918336868286,109.6530990600586,-618.8011474609375,0.2934711277484894
2025-09-11T16:06:11.745+02:00,290.5643615722656,-1126.86865234375,-2.185650587081909,-214.9142608642578,-1112.377685546875,-3.129918336868286,109.6530990600586,-618.8011474609375,0.2934711277484894
2025-09-11T16:06:11.765+02:00,290.5643615722656,-1126.86865234375,-2.185650587081909,-214.9142608642578,-1112.377685546875,-3.129918336868286,109.6530990600586,-618.8011474609375,0.2934711277484894
2025-09-11T16:06:11.784+02:00,290.5643615722656,-1126.86865234375,-2.185650587081909,-214.9142608642578,-1112.377685546875,-3.129918336868286,109.6530990600586,-618.8011474609375,0.2934711277484894
2025-09-11T16:06:11.804+02:00,290.5643615722656,-1126.86865234375,-2.185650587081909,-214.9142608642578,-1112.377685546875,-3.129918336868286,109.6530990600586,-618.8011474609375,0.2934711277484894
2025-09-11T16:06:11.824+02:00,290.5643615722656,-1126.86865234375,-2.185650587081909,-214.9142608642578,-1112.377685546875,-3.129918336868286,109.6530990600586,-618.8011474609375,0.2934711277484894
2025-09-11T16:06:11.844+02:00,268.1866760253906,-1143.3028564453125,-2.5147147178649902,-214.92001342773438,-1112.38623046875,-3.130357265472412,109.63935852050781,-618.7918701171875,0.29346224665641785
2025-09-11T16:06:11.864+02:00,265.2401123046875,-1144.9598388671875,-2.5482375621795654,-214.92001342773438,-1112.38623046875,-3.130357265472412,109.64813995361328,-618.7888793945312,0.29350435733795166
2025-09-11T16:06:11.885+02:00,265.2401123046875,-1144.9598388671875,-2.5482375621795654,-214.92001342773438,-1112.38623046875,-3.130357265472412,109.64813995361328,-618.7888793945312,0.29350435733795166
2025-09-11T16:06:11.905+02:00,265.2401123046875,-1144.9598388671875,-2.5482375621795654,-214.92001342773438,-1112.38623046875,-3.130357265472412,109.64813995361328,-618.7888793945312,0.29350435733795166
2025-09-11T16:06:11.925+02:00,265.2401123046875,-1144.9598388671875,-2.5482375621795654,-214.92001342773438,-1112.38623046875,-3.130357265472412,109.64813995361328,-618.7888793945312,0.29350435733795166
2025-09-11T16:06:11.944+02:00,260.2923583984375,-1147.051025390625,-2.6151082515716553,-215.79495239257812,-1112.091796875,-3.1282637119293213,109.63957214355469,-618.8106689453125,0.293489545583725
2025-09-11T16:06:11.964+02:00,257.3277282714844,-1148.2025146484375,-2.6453871726989746,-219.1011199951172,-1112.1484375,-3.135004758834839,109.62073516845703,-618.8032836914062,0.2934955954551697
2025-09-11T16:06:11.985+02:00,257.3277282714844,-1148.2025146484375,-2.6453871726989746,-219.1011199951172,-1112.1484375,-3.135004758834839,109.62073516845703,-618.8032836914062,0.2934955954551697
2025-09-11T16:06:12.004+02:00,254.27809143066406,-1149.2288818359375,-2.6710221767425537,-223.02395629882812,-1112.4278564453125,-3.1394636631011963,109.62247467041016,-618.8409423828125,0.29337960481643677
2025-09-11T16:06:12.024+02:00,254.27809143066406,-1149.2288818359375,-2.6710221767425537,-223.02395629882812,-1112.4278564453125,-3.1394636631011963,109.62247467041016,-618.8409423828125,0.29337960481643677
2025-09-11T16:06:12.044+02:00,251.46987915039062,-1150.5994873046875,-2.6942532062530518,-227.72544860839844,-1112.7723388671875,3.137094497680664,109.62660217285156,-618.8099365234375,0.2934964597225189
2025-09-11T16:06:12.064+02:00,249.15872192382812,-1151.6954345703125,-2.7171318531036377,-233.2242431640625,-1112.9295654296875,3.1296756267547607,109.65318298339844,-618.8369140625,0.29338401556015015
2025-09-11T16:06:12.085+02:00,249.15872192382812,-1151.6954345703125,-2.7171318531036377,-233.2242431640625,-1112.9295654296875,3.1296756267547607,109.65318298339844,-618.8369140625,0.29338401556015015
2025-09-11T16:06:12.104+02:00,246.41586303710938,-1152.5350341796875,-2.742979049682617,-238.82382202148438,-1112.9368896484375,3.1245598793029785,109.62194061279297,-618.807373046875,0.2934880554676056
2025-09-11T16:06:12.125+02:00,246.41586303710938,-1152.5350341796875,-2.742979049682617,-238.82382202148438,-1112.9368896484375,3.1245598793029785,109.62194061279297,-618.807373046875,0.2934880554676056
2025-09-11T16:06:12.144+02:00,242.44232177734375,-1153.7327880859375,-2.765648126602173,-244.77992248535156,-1112.6187744140625,3.122774600982666,109.64629364013672,-618.8194580078125,0.2935083508491516
2025-09-11T16:06:12.164+02:00,239.096435546875,-1154.995361328125,-2.7845776081085205,-251.8043212890625,-1111.9852294921875,3.12408447265625,109.63310241699219,-618.825439453125,0.29339754581451416
2025-09-11T16:06:12.185+02:00,239.096435546875,-1154.995361328125,-2.7845776081085205,-251.8043212890625,-1111.9852294921875,3.12408447265625,109.63310241699219,-618.825439453125,0.29339754581451416
2025-09-11T16:06:12.204+02:00,239.096435546875,-1154.995361328125,-2.7845776081085205,-251.8043212890625,-1111.9852294921875,3.12408447265625,109.63310241699219,-618.825439453125,0.29339754581451416
2025-09-11T16:06:12.225+02:00,235.61172485351562,-1156.4571533203125,-2.7979531288146973,-258.8016052246094,-1111.447021484375,3.120365619659424,109.62467193603516,-618.8087768554688,0.29348814487457275
2025-09-11T16:06:12.244+02:00,235.61172485351562,-1156.4571533203125,-2.7979531288146973,-258.8016052246094,-1111.447021484375,3.120365619659424,109.62467193603516,-618.8087768554688,0.29348814487457275
2025-09-11T16:06:12.264+02:00,231.44036865234375,-1157.9534912109375,-2.8097894191741943,-266.6598815917969,-1110.9879150390625,3.1221542358398438,109.62467193603516,-618.8087768554688,0.29348814487457275
2025-09-11T16:06:12.284+02:00,226.71372985839844,-1159.3504638671875,-2.8209476470947266,-274.4873962402344,-1110.663818359375,3.1147148609161377,109.64860534667969,-618.8129272460938,0.29352161288261414
2025-09-11T16:06:12.304+02:00,226.71372985839844,-1159.3504638671875,-2.8209476470947266,-274.4873962402344,-1110.663818359375,3.1147148609161377,109.64860534667969,-618.8129272460938,0.29352161288261414
2025-09-11T16:06:12.324+02:00,216.03538513183594,-1162.741943359375,-2.8367600440979004,-291.0185852050781,-1110.0050048828125,3.115339517593384,109.65082550048828,-618.8436889648438,0.29338037967681885
2025-09-11T16:06:12.344+02:00,216.03538513183594,-1162.741943359375,-2.8367600440979004,-291.0185852050781,-1110.0050048828125,3.115339517593384,109.65082550048828,-618.8436889648438,0.29338037967681885
2025-09-11T16:06:12.365+02:00,209.49252319335938,-1164.7877197265625,-2.8408234119415283,-296.819091796875,-1109.3494873046875,3.119819402694702,109.63743591308594,-618.8223266601562,0.29351842403411865
2025-09-11T16:06:12.384+02:00,209.49252319335938,-1164.7877197265625,-2.8408234119415283,-296.819091796875,-1109.3494873046875,3.119819402694702,109.63743591308594,-618.8223266601562,0.29351842403411865
2025-09-11T16:06:12.404+02:00,209.49252319335938,-1164.7877197265625,-2.8408234119415283,-296.819091796875,-1109.3494873046875,3.119819402694702,109.63743591308594,-618.8223266601562,0.29351842403411865
2025-09-11T16:06:12.425+02:00,209.49252319335938,-1164.7877197265625,-2.8408234119415283,-296.819091796875,-1109.3494873046875,3.119819402694702,109.63743591308594,-618.8223266601562,0.29351842403411865
2025-09-11T16:06:12.444+02:00,203.23805236816406,-1166.5640869140625,-2.8434557914733887,-299.6961975097656,-1109.3731689453125,3.1180100440979004,109.65521240234375,-618.8392333984375,0.2934211790561676
2025-09-11T16:06:12.465+02:00,203.23805236816406,-1166.5640869140625,-2.8434557914733887,-299.6961975097656,-1109.3731689453125,3.1180100440979004,109.65521240234375,-618.8392333984375,0.2934211790561676
2025-09-11T16:06:12.485+02:00,203.23805236816406,-1166.5640869140625,-2.8434557914733887,-299.6961975097656,-1109.3731689453125,3.1180100440979004,109.65521240234375,-618.8392333984375,0.2934211790561676
2025-09-11T16:06:12.505+02:00,203.23805236816406,-1166.5640869140625,-2.8434557914733887,-299.6961975097656,-1109.3731689453125,3.1180100440979004,109.65521240234375,-618.8392333984375,0.2934211790561676
2025-09-11T16:06:12.524+02:00,184.07740783691406,-1172.8155517578125,-2.83174991607666,-301.94683837890625,-1109.355224609375,3.111762285232544,109.6329345703125,-618.8195190429688,0.2933683395385742
2025-09-11T16:06:12.545+02:00,178.63999938964844,-1174.4644775390625,-2.826320171356201,-301.960693359375,-1109.4034423828125,3.111605167388916,109.6249771118164,-618.8019409179688,0.29351678490638733
2025-09-11T16:06:12.565+02:00,174.04054260253906,-1176.3560791015625,-2.8192012310028076,-301.6173400878906,-1109.2264404296875,3.116990089416504,109.62068939208984,-618.8072509765625,0.2934917211532593
2025-09-11T16:06:12.585+02:00,174.04054260253906,-1176.3560791015625,-2.8192012310028076,-301.6173400878906,-1109.2264404296875,3.116990089416504,109.62068939208984,-618.8072509765625,0.2934917211532593
2025-09-11T16:06:12.604+02:00,168.7864532470703,-1178.488037109375,-2.810631036758423,-301.6388854980469,-1109.2249755859375,3.116992473602295,109.62068939208984,-618.8072509765625,0.2934917211532593
2025-09-11T16:06:12.625+02:00,168.7864532470703,-1178.488037109375,-2.810631036758423,-301.6388854980469,-1109.2249755859375,3.116992473602295,109.62068939208984,-618.8072509765625,0.2934917211532593
2025-09-11T16:06:12.645+02:00,168.7864532470703,-1178.488037109375,-2.810631036758423,-301.6388854980469,-1109.2249755859375,3.116992473602295,109.62068939208984,-618.8072509765625,0.2934917211532593
2025-09-11T16:06:12.664+02:00,168.7864532470703,-1178.488037109375,-2.810631036758423,-301.6388854980469,-1109.2249755859375,3.116992473602295,109.62068939208984,-618.8072509765625,0.2934917211532593
2025-09-11T16:06:12.685+02:00,168.7864532470703,-1178.488037109375,-2.810631036758423,-301.6388854980469,-1109.2249755859375,3.116992473602295,109.62068939208984,-618.8072509765625,0.2934917211532593
2025-09-11T16:06:12.705+02:00,168.7864532470703,-1178.488037109375,-2.810631036758423,-301.6388854980469,-1109.2249755859375,3.116992473602295,109.62068939208984,-618.8072509765625,0.2934917211532593
2025-09-11T16:06:12.725+02:00,168.7864532470703,-1178.488037109375,-2.810631036758423,-301.6388854980469,-1109.2249755859375,3.116992473602295,109.62068939208984,-618.8072509765625,0.2934917211532593
2025-09-11T16:06:12.745+02:00,168.7864532470703,-1178.488037109375,-2.810631036758423,-301.6388854980469,-1109.2249755859375,3.116992473602295,109.62068939208984,-618.8072509765625,0.2934917211532593
2025-09-11T16:06:12.764+02:00,141.48777770996094,-1189.44873046875,-2.780426263809204,-321.2232666015625,-1109.5213623046875,3.090420961380005,109.60943603515625,-618.805419921875,0.293479859828949
2025-09-11T16:06:12.785+02:00,141.48777770996094,-1189.44873046875,-2.780426263809204,-321.2232666015625,-1109.5213623046875,3.090420961380005,109.60943603515625,-618.805419921875,0.293479859828949
2025-09-11T16:06:12.804+02:00,135.43907165527344,-1191.8416748046875,-2.7763543128967285,-327.4512023925781,-1109.367919921875,3.0848190784454346,109.63794708251953,-618.818115234375,0.2933577299118042
2025-09-11T16:06:12.824+02:00,135.43907165527344,-1191.8416748046875,-2.7763543128967285,-327.4512023925781,-1109.367919921875,3.0848190784454346,109.63794708251953,-618.818115234375,0.2933577299118042
2025-09-11T16:06:12.844+02:00,135.43907165527344,-1191.8416748046875,-2.7763543128967285,-327.4512023925781,-1109.367919921875,3.0848190784454346,109.63794708251953,-618.818115234375,0.2933577299118042
2025-09-11T16:06:12.864+02:00,129.4778594970703,-1194.2891845703125,-2.7719874382019043,-334.0192565917969,-1108.46826171875,3.087899923324585,109.5997314453125,-618.8307495117188,0.2936614155769348
2025-09-11T16:06:12.885+02:00,129.4778594970703,-1194.2891845703125,-2.7719874382019043,-334.0192565917969,-1108.46826171875,3.087899923324585,109.5997314453125,-618.8307495117188,0.2936614155769348
2025-09-11T16:06:12.904+02:00,129.4778594970703,-1194.2891845703125,-2.7719874382019043,-334.0192565917969,-1108.46826171875,3.087899923324585,109.5997314453125,-618.8307495117188,0.2936614155769348
2025-09-11T16:06:12.925+02:00,129.4778594970703,-1194.2891845703125,-2.7719874382019043,-334.0192565917969,-1108.46826171875,3.087899923324585,109.5997314453125,-618.8307495117188,0.2936614155769348
2025-09-11T16:06:12.945+02:00,113.7900390625,-1200.7398681640625,-2.752500057220459,-357.02691650390625,-1107.5633544921875,3.063014030456543,109.62271881103516,-618.7973022460938,0.2934947907924652
2025-09-11T16:06:12.964+02:00,110.18181610107422,-1202.478271484375,-2.7390449047088623,-365.3031921386719,-1106.92333984375,3.0561907291412354,109.62271881103516,-618.7973022460938,0.2934947907924652
2025-09-11T16:06:12.985+02:00,110.18181610107422,-1202.478271484375,-2.7390449047088623,-365.3031921386719,-1106.92333984375,3.0561907291412354,109.62271881103516,-618.7973022460938,0.2934947907924652
2025-09-11T16:06:13.004+02:00,106.31065368652344,-1204.5224609375,-2.7256484031677246,-374.5000305175781,-1106.31640625,3.0501081943511963,109.61796569824219,-618.8113403320312,0.29351457953453064
2025-09-11T16:06:13.024+02:00,106.31065368652344,-1204.5224609375,-2.7256484031677246,-374.5000305175781,-1106.31640625,3.0501081943511963,109.61796569824219,-618.8113403320312,0.29351457953453064
2025-09-11T16:06:13.044+02:00,102.40988159179688,-1206.647705078125,-2.70820951461792,-383.4442138671875,-1105.433837890625,3.041245937347412,109.62893676757812,-618.8247680664062,0.2934093177318573
2025-09-11T16:06:13.065+02:00,102.40988159179688,-1206.647705078125,-2.70820951461792,-383.4442138671875,-1105.433837890625,3.041245937347412,109.62893676757812,-618.8247680664062,0.2934093177318573
2025-09-11T16:06:13.085+02:00,102.40988159179688,-1206.647705078125,-2.70820951461792,-383.4442138671875,-1105.433837890625,3.041245937347412,109.62893676757812,-618.8247680664062,0.2934093177318573
2025-09-11T16:06:13.105+02:00,102.40988159179688,-1206.647705078125,-2.70820951461792,-383.4442138671875,-1105.433837890625,3.041245937347412,109.62893676757812,-618.8247680664062,0.2934093177318573
2025-09-11T16:06:13.125+02:00,102.40988159179688,-1206.647705078125,-2.70820951461792,-383.4442138671875,-1105.433837890625,3.041245937347412,109.62893676757812,-618.8247680664062,0.2934093177318573
2025-09-11T16:06:13.144+02:00,98.94847106933594,-1208.307373046875,-2.69124436378479,-392.3288269042969,-1104.6767578125,3.0342419147491455,109.61996459960938,-618.8106079101562,0.29353436827659607
2025-09-11T16:06:13.165+02:00,92.07051849365234,-1212.37353515625,-2.6462242603302,-410.49993896484375,-1102.5120849609375,3.0273630619049072,109.62598419189453,-618.798583984375,0.2935010492801666
2025-09-11T16:06:13.185+02:00,90.4080581665039,-1213.3841552734375,-2.619760751724243,-419.65081787109375,-1101.26611328125,3.023860216140747,109.6385269165039,-618.7946166992188,0.29350876808166504
2025-09-11T16:06:13.205+02:00,89.02560424804688,-1214.96728515625,-2.5876052379608154,-429.2587585449219,-1100.064697265625,3.023296356201172,109.6419448852539,-618.8160400390625,0.29349520802497864
2025-09-11T16:06:13.225+02:00,89.02560424804688,-1214.96728515625,-2.5876052379608154,-429.2587585449219,-1100.064697265625,3.023296356201172,109.6419448852539,-618.8160400390625,0.29349520802497864
2025-09-11T16:06:13.245+02:00,86.35675811767578,-1217.4979248046875,-2.5517079830169678,-437.7888488769531,-1098.667724609375,3.0212836265563965,109.62427520751953,-618.8006591796875,0.29350996017456055
2025-09-11T16:06:13.264+02:00,86.35675811767578,-1217.4979248046875,-2.5517079830169678,-437.7888488769531,-1098.667724609375,3.0212836265563965,109.62427520751953,-618.8006591796875,0.29350996017456055
2025-09-11T16:06:13.284+02:00,86.35675811767578,-1217.4979248046875,-2.5517079830169678,-437.7888488769531,-1098.667724609375,3.0212836265563965,109.62427520751953,-618.8006591796875,0.29350996017456055
2025-09-11T16:06:13.304+02:00,81.8047103881836,-1220.991943359375,-2.516019582748413,-442.3163757324219,-1097.4984130859375,3.0275721549987793,109.6378402709961,-618.8045043945312,0.29350218176841736
2025-09-11T16:06:13.324+02:00,81.8047103881836,-1220.991943359375,-2.516019582748413,-442.3163757324219,-1097.4984130859375,3.0275721549987793,109.6378402709961,-618.8045043945312,0.29350218176841736
2025-09-11T16:06:13.344+02:00,81.8047103881836,-1220.991943359375,-2.516019582748413,-442.3163757324219,-1097.4984130859375,3.0275721549987793,109.6378402709961,-618.8045043945312,0.29350218176841736
2025-09-11T16:06:13.364+02:00,81.8047103881836,-1220.991943359375,-2.516019582748413,-442.3163757324219,-1097.4984130859375,3.0275721549987793,109.6378402709961,-618.8045043945312,0.29350218176841736
2025-09-11T16:06:13.384+02:00,70.09912109375,-1231.0001220703125,-2.4532861709594727,-446.529296875,-1095.9112548828125,3.042665719985962,109.63470458984375,-618.7933349609375,0.29352128505706787
2025-09-11T16:06:13.404+02:00,68.03512573242188,-1233.1343994140625,-2.442789316177368,-446.0433044433594,-1096.0960693359375,3.040586233139038,109.63304138183594,-618.8075561523438,0.29347550868988037
2025-09-11T16:06:13.424+02:00,68.03512573242188,-1233.1343994140625,-2.442789316177368,-446.0433044433594,-1096.0960693359375,3.040586233139038,109.63304138183594,-618.8075561523438,0.29347550868988037
2025-09-11T16:06:13.445+02:00,65.17711639404297,-1235.3876953125,-2.430124521255493,-446.1854248046875,-1096.076904296875,3.0412237644195557,109.62760925292969,-618.804931640625,0.2935194969177246
2025-09-11T16:06:13.464+02:00,61.6511344909668,-1238.5103759765625,-2.415595293045044,-446.10919189453125,-1096.093505859375,3.040680408477783,109.64134979248047,-618.8233032226562,0.2933892607688904
2025-09-11T16:06:13.485+02:00,61.6511344909668,-1238.5103759765625,-2.415595293045044,-446.10919189453125,-1096.093505859375,3.040680408477783,109.64134979248047,-618.8233032226562,0.2933892607688904
2025-09-11T16:06:13.504+02:00,57.66290283203125,-1242.3385009765625,-2.4024248123168945,-446.133544921875,-1096.0499267578125,3.04063081741333,109.61245727539062,-618.81103515625,0.2934972941875458
2025-09-11T16:06:13.525+02:00,57.66290283203125,-1242.3385009765625,-2.4024248123168945,-446.133544921875,-1096.0499267578125,3.04063081741333,109.61245727539062,-618.81103515625,0.2934972941875458
2025-09-11T16:06:13.545+02:00,57.66290283203125,-1242.3385009765625,-2.4024248123168945,-446.133544921875,-1096.0499267578125,3.04063081741333,109.61245727539062,-618.81103515625,0.2934972941875458
2025-09-11T16:06:13.565+02:00,53.51411819458008,-1246.6456298828125,-2.3909811973571777,-446.11810302734375,-1096.08642578125,3.0407514572143555,109.61245727539062,-618.81103515625,0.2934972941875458
2025-09-11T16:06:13.584+02:00,50.35608673095703,-1250.243896484375,-2.3794045448303223,-446.10296630859375,-1096.046630859375,3.0400619506835938,109.61245727539062,-618.81103515625,0.2934972941875458
2025-09-11T16:06:13.604+02:00,47.42607879638672,-1253.6845703125,-2.3667023181915283,-446.10296630859375,-1096.046630859375,3.0400619506835938,109.61245727539062,-618.81103515625,0.2934972941875458
2025-09-11T16:06:13.624+02:00,47.42607879638672,-1253.6845703125,-2.3667023181915283,-446.10296630859375,-1096.046630859375,3.0400619506835938,109.61245727539062,-618.81103515625,0.2934972941875458
2025-09-11T16:06:13.644+02:00,44.17699432373047,-1257.0572509765625,-2.355299949645996,-446.0832214355469,-1096.06005859375,3.0392677783966064,109.61933898925781,-618.804931640625,0.2935272753238678
2025-09-11T16:06:13.665+02:00,40.789642333984375,-1260.443359375,-2.3450355529785156,-446.0920104980469,-1096.061279296875,3.039255142211914,109.62865447998047,-618.7926635742188,0.293460488319397
2025-09-11T16:06:13.685+02:00,40.789642333984375,-1260.443359375,-2.3450355529785156,-446.0920104980469,-1096.061279296875,3.039255142211914,109.62865447998047,-618.7926635742188,0.293460488319397
2025-09-11T16:06:13.705+02:00,40.789642333984375,-1260.443359375,-2.3450355529785156,-446.0920104980469,-1096.061279296875,3.039255142211914,109.62865447998047,-618.7926635742188,0.293460488319397
2025-09-11T16:06:13.724+02:00,40.789642333984375,-1260.443359375,-2.3450355529785156,-446.0920104980469,-1096.061279296875,3.039255142211914,109.62865447998047,-618.7926635742188,0.293460488319397
2025-09-11T16:06:13.745+02:00,40.789642333984375,-1260.443359375,-2.3450355529785156,-446.0920104980469,-1096.061279296875,3.039255142211914,109.62865447998047,-618.7926635742188,0.293460488319397
2025-09-11T16:06:13.765+02:00,37.350852966308594,-1264.0833740234375,-2.332681894302368,-446.08038330078125,-1096.0623779296875,3.0395307540893555,109.6196517944336,-618.7918701171875,0.2935434877872467
2025-09-11T16:06:13.785+02:00,37.350852966308594,-1264.0833740234375,-2.332681894302368,-446.08038330078125,-1096.0623779296875,3.0395307540893555,109.6196517944336,-618.7918701171875,0.2935434877872467
2025-09-11T16:06:13.804+02:00,27.368820190429688,-1276.2711181640625,-2.3038034439086914,-446.1063537597656,-1096.0657958984375,3.0393052101135254,109.63994598388672,-618.8138427734375,0.29351234436035156
2025-09-11T16:06:13.824+02:00,27.368820190429688,-1276.2711181640625,-2.3038034439086914,-446.1063537597656,-1096.0657958984375,3.0393052101135254,109.63994598388672,-618.8138427734375,0.29351234436035156
2025-09-11T16:06:13.844+02:00,23.803558349609375,-1280.0096435546875,-2.2904465198516846,-446.13299560546875,-1096.086181640625,3.039245843887329,109.60749053955078,-618.810302734375,0.2934996783733368
2025-09-11T16:06:13.864+02:00,20.77754783630371,-1283.796142578125,-2.2805349826812744,-446.0731506347656,-1096.0660400390625,3.0395712852478027,109.63356018066406,-618.796875,0.2935134768486023
2025-09-11T16:06:13.884+02:00,20.77754783630371,-1283.796142578125,-2.2805349826812744,-446.0731506347656,-1096.0660400390625,3.0395712852478027,109.63356018066406,-618.796875,0.2935134768486023
2025-09-11T16:06:13.904+02:00,17.529865264892578,-1288.106689453125,-2.2710790634155273,-446.09222412109375,-1096.0689697265625,3.0395405292510986,109.61368560791016,-618.81591796875,0.2935130298137665
2025-09-11T16:06:13.924+02:00,17.529865264892578,-1288.106689453125,-2.2710790634155273,-446.09222412109375,-1096.0689697265625,3.0395405292510986,109.61368560791016,-618.81591796875,0.2935130298137665
2025-09-11T16:06:13.944+02:00,17.529865264892578,-1288.106689453125,-2.2710790634155273,-446.09222412109375,-1096.0689697265625,3.0395405292510986,109.61368560791016,-618.81591796875,0.2935130298137665
2025-09-11T16:06:13.965+02:00,14.116631507873535,-1292.2396240234375,-2.265737295150757,-446.072021484375,-1096.06640625,3.0396952629089355,109.61368560791016,-618.81591796875,0.2935130298137665
2025-09-11T16:06:13.985+02:00,14.116631507873535,-1292.2396240234375,-2.265737295150757,-446.072021484375,-1096.06640625,3.0396952629089355,109.61368560791016,-618.81591796875,0.2935130298137665
2025-09-11T16:06:14.004+02:00,14.116631507873535,-1292.2396240234375,-2.265737295150757,-446.072021484375,-1096.06640625,3.0396952629089355,109.61368560791016,-618.81591796875,0.2935130298137665
2025-09-11T16:06:14.024+02:00,14.116631507873535,-1292.2396240234375,-2.265737295150757,-446.072021484375,-1096.06640625,3.0396952629089355,109.61368560791016,-618.81591796875,0.2935130298137665
2025-09-11T16:06:14.044+02:00,7.215634822845459,-1301.2486572265625,-2.2489655017852783,-446.08453369140625,-1096.068115234375,3.039344072341919,109.61470794677734,-618.80859375,0.2934587895870209
2025-09-11T16:06:14.064+02:00,3.445143938064575,-1306.0062255859375,-2.2423253059387207,-446.0876159667969,-1096.074462890625,3.039597749710083,109.64205932617188,-618.8070678710938,0.29358386993408203
2025-09-11T16:06:14.084+02:00,0.09031929820775986,-1310.407958984375,-2.235011100769043,-446.0834045410156,-1096.0689697265625,3.039496421813965,109.64612579345703,-618.8109741210938,0.29354172945022583
2025-09-11T16:06:14.104+02:00,-3.4871795177459717,-1315.1531982421875,-2.2333922386169434,-446.06353759765625,-1096.064453125,3.0395750999450684,109.6273422241211,-618.804443359375,0.29353904724121094
2025-09-11T16:06:14.125+02:00,-3.4871795177459717,-1315.1531982421875,-2.2333922386169434,-446.06353759765625,-1096.064453125,3.0395750999450684,109.6273422241211,-618.804443359375,0.29353904724121094
2025-09-11T16:06:14.145+02:00,-7.128232479095459,-1320.1173095703125,-2.221658229827881,-446.945556640625,-1095.925537109375,3.038283586502075,109.6273422241211,-618.804443359375,0.29353904724121094
2025-09-11T16:06:14.165+02:00,-7.128232479095459,-1320.1173095703125,-2.221658229827881,-446.945556640625,-1095.925537109375,3.038283586502075,109.6273422241211,-618.804443359375,0.29353904724121094
2025-09-11T16:06:14.185+02:00,-7.128232479095459,-1320.1173095703125,-2.221658229827881,-446.945556640625,-1095.925537109375,3.038283586502075,109.6273422241211,-618.804443359375,0.29353904724121094
2025-09-11T16:06:14.205+02:00,-7.128232479095459,-1320.1173095703125,-2.221658229827881,-446.945556640625,-1095.925537109375,3.038283586502075,109.6273422241211,-618.804443359375,0.29353904724121094
2025-09-11T16:06:14.224+02:00,-7.128232479095459,-1320.1173095703125,-2.221658229827881,-446.945556640625,-1095.925537109375,3.038283586502075,109.6273422241211,-618.804443359375,0.29353904724121094
2025-09-11T16:06:14.244+02:00,-7.128232479095459,-1320.1173095703125,-2.221658229827881,-446.945556640625,-1095.925537109375,3.038283586502075,109.6273422241211,-618.804443359375,0.29353904724121094
2025-09-11T16:06:14.265+02:00,-17.203516006469727,-1334.3154296875,-2.211594581604004,-457.28948974609375,-1095.3026123046875,3.0177204608917236,109.64515686035156,-618.8130493164062,0.29341572523117065
2025-09-11T16:06:14.284+02:00,-21.189842224121094,-1339.8370361328125,-2.2067511081695557,-462.0246276855469,-1094.981689453125,3.0078043937683105,109.64498901367188,-618.8109741210938,0.2935330867767334
2025-09-11T16:06:14.304+02:00,-25.262685775756836,-1345.0849609375,-2.2030298709869385,-467.4898681640625,-1094.45654296875,3.0006840229034424,109.64498901367188,-618.8109741210938,0.2935330867767334
2025-09-11T16:06:14.325+02:00,-25.262685775756836,-1345.0849609375,-2.2030298709869385,-467.4898681640625,-1094.45654296875,3.0006840229034424,109.64498901367188,-618.8109741210938,0.2935330867767334
2025-09-11T16:06:14.345+02:00,-29.10350227355957,-1350.125,-2.2018935680389404,-473.55670166015625,-1094.175048828125,2.992487907409668,109.61936950683594,-618.8063354492188,0.29350924491882324
2025-09-11T16:06:14.365+02:00,-29.10350227355957,-1350.125,-2.2018935680389404,-473.55670166015625,-1094.175048828125,2.992487907409668,109.61936950683594,-618.8063354492188,0.29350924491882324
2025-09-11T16:06:14.385+02:00,-32.59893798828125,-1355.56982421875,-2.199699878692627,-477.7259521484375,-1094.014404296875,2.9880001544952393,109.62052917480469,-618.832763671875,0.2933921813964844
2025-09-11T16:06:14.404+02:00,-36.36880874633789,-1361.2286376953125,-2.203219175338745,-478.7049865722656,-1093.7296142578125,2.9862029552459717,109.64641571044922,-618.8150024414062,0.29352742433547974
2025-09-11T16:06:14.424+02:00,-36.36880874633789,-1361.2286376953125,-2.203219175338745,-478.7049865722656,-1093.7296142578125,2.9862029552459717,109.64641571044922,-618.8150024414062,0.29352742433547974
2025-09-11T16:06:14.444+02:00,-36.36880874633789,-1361.2286376953125,-2.203219175338745,-478.7049865722656,-1093.7296142578125,2.9862029552459717,109.64641571044922,-618.8150024414062,0.29352742433547974
2025-09-11T16:06:14.465+02:00,-36.36880874633789,-1361.2286376953125,-2.203219175338745,-478.7049865722656,-1093.7296142578125,2.9862029552459717,109.64641571044922,-618.8150024414062,0.29352742433547974
2025-09-11T16:06:14.485+02:00,-36.36880874633789,-1361.2286376953125,-2.203219175338745,-478.7049865722656,-1093.7296142578125,2.9862029552459717,109.64641571044922,-618.8150024414062,0.29352742433547974
2025-09-11T16:06:14.504+02:00,-36.36880874633789,-1361.2286376953125,-2.203219175338745,-478.7049865722656,-1093.7296142578125,2.9862029552459717,109.64641571044922,-618.8150024414062,0.29352742433547974
2025-09-11T16:06:14.524+02:00,-45.113197326660156,-1372.264404296875,-2.204902172088623,-478.476806640625,-1093.9688720703125,2.9846668243408203,109.62824249267578,-618.8310546875,0.29338574409484863
2025-09-11T16:06:14.544+02:00,-52.09724044799805,-1382.309326171875,-2.2087063789367676,-478.45977783203125,-1093.8787841796875,2.9865331649780273,109.62008666992188,-618.8082885742188,0.2935027778148651
2025-09-11T16:06:14.565+02:00,-52.09724044799805,-1382.309326171875,-2.2087063789367676,-478.45977783203125,-1093.8787841796875,2.9865331649780273,109.62008666992188,-618.8082885742188,0.2935027778148651
2025-09-11T16:06:14.585+02:00,-52.09724044799805,-1382.309326171875,-2.2087063789367676,-478.45977783203125,-1093.8787841796875,2.9865331649780273,109.62008666992188,-618.8082885742188,0.2935027778148651
2025-09-11T16:06:14.604+02:00,-55.918243408203125,-1387.27099609375,-2.2128803730010986,-478.4694519042969,-1093.885009765625,2.986677885055542,109.62008666992188,-618.8082885742188,0.2935027778148651
2025-09-11T16:06:14.624+02:00,-55.918243408203125,-1387.27099609375,-2.2128803730010986,-478.4694519042969,-1093.885009765625,2.986677885055542,109.62008666992188,-618.8082885742188,0.2935027778148651
2025-09-11T16:06:14.644+02:00,-55.918243408203125,-1387.27099609375,-2.2128803730010986,-478.4694519042969,-1093.885009765625,2.986677885055542,109.62008666992188,-618.8082885742188,0.2935027778148651
2025-09-11T16:06:14.665+02:00,-55.918243408203125,-1387.27099609375,-2.2128803730010986,-478.4694519042969,-1093.885009765625,2.986677885055542,109.62008666992188,-618.8082885742188,0.2935027778148651
2025-09-11T16:06:14.685+02:00,-55.918243408203125,-1387.27099609375,-2.2128803730010986,-478.4694519042969,-1093.885009765625,2.986677885055542,109.62008666992188,-618.8082885742188,0.2935027778148651
2025-09-11T16:06:14.704+02:00,-67.4020004272461,-1402.306884765625,-2.223940372467041,-478.48089599609375,-1093.8970947265625,2.9865829944610596,109.62724304199219,-618.8069458007812,0.2934803068637848
2025-09-11T16:06:14.725+02:00,-67.4020004272461,-1402.306884765625,-2.223940372467041,-478.48089599609375,-1093.8970947265625,2.9865829944610596,109.62724304199219,-618.8069458007812,0.2934803068637848
2025-09-11T16:06:14.744+02:00,-71.47836303710938,-1407.289794921875,-2.227602481842041,-478.50592041015625,-1093.90771484375,2.98600435256958,109.61932373046875,-618.8093872070312,0.2934781014919281
2025-09-11T16:06:14.764+02:00,-71.47836303710938,-1407.289794921875,-2.227602481842041,-478.50592041015625,-1093.90771484375,2.98600435256958,109.61932373046875,-618.8093872070312,0.2934781014919281
2025-09-11T16:06:14.784+02:00,-75.51171875,-1412.1715087890625,-2.2310781478881836,-478.48529052734375,-1093.9034423828125,2.9864988327026367,109.62584686279297,-618.8006591796875,0.293479859828949
2025-09-11T16:06:14.804+02:00,-79.15758514404297,-1416.849853515625,-2.2379519939422607,-478.5124206542969,-1093.914306640625,2.9860999584198,109.63627624511719,-618.8239135742188,0.29339176416397095
2025-09-11T16:06:14.824+02:00,-79.15758514404297,-1416.849853515625,-2.2379519939422607,-478.5124206542969,-1093.914306640625,2.9860999584198,109.63627624511719,-618.8239135742188,0.29339176416397095
2025-09-11T16:06:14.844+02:00,-79.15758514404297,-1416.849853515625,-2.2379519939422607,-478.5124206542969,-1093.914306640625,2.9860999584198,109.63627624511719,-618.8239135742188,0.29339176416397095
2025-09-11T16:06:14.864+02:00,-79.15758514404297,-1416.849853515625,-2.2379519939422607,-478.5124206542969,-1093.914306640625,2.9860999584198,109.63627624511719,-618.8239135742188,0.29339176416397095
2025-09-11T16:06:14.885+02:00,-79.15758514404297,-1416.849853515625,-2.2379519939422607,-478.5124206542969,-1093.914306640625,2.9860999584198,109.63627624511719,-618.8239135742188,0.29339176416397095
2025-09-11T16:06:14.904+02:00,-79.15758514404297,-1416.849853515625,-2.2379519939422607,-478.5124206542969,-1093.914306640625,2.9860999584198,109.63627624511719,-618.8239135742188,0.29339176416397095
2025-09-11T16:06:14.924+02:00,-97.31525421142578,-1439.1695556640625,-2.2666726112365723,-478.4836120605469,-1093.9014892578125,2.9867825508117676,109.6191177368164,-618.8082275390625,0.2935122549533844
2025-09-11T16:06:14.944+02:00,-97.31525421142578,-1439.1695556640625,-2.2666726112365723,-478.4836120605469,-1093.9014892578125,2.9867825508117676,109.6191177368164,-618.8082275390625,0.2935122549533844
2025-09-11T16:06:14.965+02:00,-97.31525421142578,-1439.1695556640625,-2.2666726112365723,-478.4836120605469,-1093.9014892578125,2.9867825508117676,109.6191177368164,-618.8082275390625,0.2935122549533844
2025-09-11T16:06:14.985+02:00,-97.31525421142578,-1439.1695556640625,-2.2666726112365723,-478.4836120605469,-1093.9014892578125,2.9867825508117676,109.6191177368164,-618.8082275390625,0.2935122549533844
2025-09-11T16:06:15.005+02:00,-97.31525421142578,-1439.1695556640625,-2.2666726112365723,-478.4836120605469,-1093.9014892578125,2.9867825508117676,109.6191177368164,-618.8082275390625,0.2935122549533844
2025-09-11T16:06:15.024+02:00,-97.31525421142578,-1439.1695556640625,-2.2666726112365723,-478.4836120605469,-1093.9014892578125,2.9867825508117676,109.6191177368164,-618.8082275390625,0.2935122549533844
2025-09-11T16:06:15.045+02:00,-97.31525421142578,-1439.1695556640625,-2.2666726112365723,-478.4836120605469,-1093.9014892578125,2.9867825508117676,109.6191177368164,-618.8082275390625,0.2935122549533844
2025-09-11T16:06:15.064+02:00,-101.27532958984375,-1443.841796875,-2.2730162143707275,-478.48870849609375,-1093.905029296875,2.9867427349090576,109.64361572265625,-618.79638671875,0.2934879958629608
2025-09-11T16:06:15.084+02:00,-101.27532958984375,-1443.841796875,-2.2730162143707275,-478.48870849609375,-1093.905029296875,2.9867427349090576,109.64361572265625,-618.79638671875,0.2934879958629608
2025-09-11T16:06:15.105+02:00,-101.27532958984375,-1443.841796875,-2.2730162143707275,-478.48870849609375,-1093.905029296875,2.9867427349090576,109.64361572265625,-618.79638671875,0.2934879958629608
2025-09-11T16:06:15.125+02:00,-101.27532958984375,-1443.841796875,-2.2730162143707275,-478.48870849609375,-1093.905029296875,2.9867427349090576,109.64361572265625,-618.79638671875,0.2934879958629608
2025-09-11T16:06:15.144+02:00,-121.14673614501953,-1465.981201171875,-2.3052642345428467,-478.5679016113281,-1093.974365234375,2.9871013164520264,109.63375854492188,-618.81298828125,0.2934388220310211
2025-09-11T16:06:15.164+02:00,-124.59906005859375,-1470.2142333984375,-2.3107614517211914,-478.5679016113281,-1093.974365234375,2.9871013164520264,109.62152862548828,-618.8129272460938,0.29348379373550415
2025-09-11T16:06:15.185+02:00,-124.59906005859375,-1470.2142333984375,-2.3107614517211914,-478.5679016113281,-1093.974365234375,2.9871013164520264,109.62152862548828,-618.8129272460938,0.29348379373550415
2025-09-11T16:06:15.205+02:00,-124.59906005859375,-1470.2142333984375,-2.3107614517211914,-478.5679016113281,-1093.974365234375,2.9871013164520264,109.62152862548828,-618.8129272460938,0.29348379373550415
2025-09-11T16:06:15.224+02:00,-128.12232971191406,-1474.17041015625,-2.320453643798828,-478.5679016113281,-1093.974365234375,2.9871013164520264,109.62689208984375,-618.798095703125,0.29350554943084717
2025-09-11T16:06:15.244+02:00,-132.13909912109375,-1478.376708984375,-2.3243727684020996,-478.5787658691406,-1093.976806640625,2.986953020095825,109.62403869628906,-618.8095703125,0.2934969365596771
2025-09-11T16:06:15.265+02:00,-132.13909912109375,-1478.376708984375,-2.3243727684020996,-478.5787658691406,-1093.976806640625,2.986953020095825,109.62403869628906,-618.8095703125,0.2934969365596771
2025-09-11T16:06:15.284+02:00,-132.13909912109375,-1478.376708984375,-2.3243727684020996,-478.5787658691406,-1093.976806640625,2.986953020095825,109.62403869628906,-618.8095703125,0.2934969365596771
2025-09-11T16:06:15.304+02:00,-132.13909912109375,-1478.376708984375,-2.3243727684020996,-478.5787658691406,-1093.976806640625,2.986953020095825,109.62403869628906,-618.8095703125,0.2934969365596771
2025-09-11T16:06:15.325+02:00,-132.13909912109375,-1478.376708984375,-2.3243727684020996,-478.5787658691406,-1093.976806640625,2.986953020095825,109.62403869628906,-618.8095703125,0.2934969365596771
2025-09-11T16:06:15.345+02:00,-139.94821166992188,-1486.6214599609375,-2.3413617610931396,-478.585693359375,-1093.9891357421875,2.987233877182007,109.6081771850586,-618.8084716796875,0.2934883236885071
2025-09-11T16:06:15.365+02:00,-143.54458618164062,-1490.1824951171875,-2.348355770111084,-478.585693359375,-1093.9891357421875,2.987233877182007,109.62529754638672,-618.804443359375,0.293502539396286
2025-09-11T16:06:15.385+02:00,-143.54458618164062,-1490.1824951171875,-2.348355770111084,-478.585693359375,-1093.9891357421875,2.987233877182007,109.62529754638672,-618.804443359375,0.293502539396286
2025-09-11T16:06:15.404+02:00,-143.54458618164062,-1490.1824951171875,-2.348355770111084,-478.585693359375,-1093.9891357421875,2.987233877182007,109.62529754638672,-618.804443359375,0.293502539396286
2025-09-11T16:06:15.425+02:00,-143.54458618164062,-1490.1824951171875,-2.348355770111084,-478.585693359375,-1093.9891357421875,2.987233877182007,109.62529754638672,-618.804443359375,0.293502539396286
2025-09-11T16:06:15.444+02:00,-143.54458618164062,-1490.1824951171875,-2.348355770111084,-478.585693359375,-1093.9891357421875,2.987233877182007,109.62529754638672,-618.804443359375,0.293502539396286
2025-09-11T16:06:15.464+02:00,-147.3006134033203,-1494.0777587890625,-2.3568215370178223,-478.585693359375,-1093.9891357421875,2.987233877182007,109.62529754638672,-618.804443359375,0.293502539396286
2025-09-11T16:06:15.485+02:00,-147.3006134033203,-1494.0777587890625,-2.3568215370178223,-478.585693359375,-1093.9891357421875,2.987233877182007,109.62529754638672,-618.804443359375,0.293502539396286
2025-09-11T16:06:15.504+02:00,-147.3006134033203,-1494.0777587890625,-2.3568215370178223,-478.585693359375,-1093.9891357421875,2.987233877182007,109.62529754638672,-618.804443359375,0.293502539396286
2025-09-11T16:06:15.524+02:00,-147.3006134033203,-1494.0777587890625,-2.3568215370178223,-478.585693359375,-1093.9891357421875,2.987233877182007,109.62529754638672,-618.804443359375,0.293502539396286
2025-09-11T16:06:15.545+02:00,-147.3006134033203,-1494.0777587890625,-2.3568215370178223,-478.585693359375,-1093.9891357421875,2.987233877182007,109.62529754638672,-618.804443359375,0.293502539396286
2025-09-11T16:06:15.565+02:00,-147.3006134033203,-1494.0777587890625,-2.3568215370178223,-478.585693359375,-1093.9891357421875,2.987233877182007,109.62529754638672,-618.804443359375,0.293502539396286
2025-09-11T16:06:15.585+02:00,-147.3006134033203,-1494.0777587890625,-2.3568215370178223,-478.585693359375,-1093.9891357421875,2.987233877182007,109.62529754638672,-618.804443359375,0.293502539396286
2025-09-11T16:06:15.605+02:00,-147.3006134033203,-1494.0777587890625,-2.3568215370178223,-478.585693359375,-1093.9891357421875,2.987233877182007,109.62529754638672,-618.804443359375,0.293502539396286
2025-09-11T16:06:15.625+02:00,-147.3006134033203,-1494.0777587890625,-2.3568215370178223,-478.585693359375,-1093.9891357421875,2.987233877182007,109.62529754638672,-618.804443359375,0.293502539396286
2025-09-11T16:06:15.645+02:00,-147.3006134033203,-1494.0777587890625,-2.3568215370178223,-478.585693359375,-1093.9891357421875,2.987233877182007,109.62529754638672,-618.804443359375,0.293502539396286
2025-09-11T16:06:15.665+02:00,-147.3006134033203,-1494.0777587890625,-2.3568215370178223,-478.585693359375,-1093.9891357421875,2.987233877182007,109.62529754638672,-618.804443359375,0.293502539396286
2025-09-11T16:06:15.684+02:00,-170.98045349121094,-1516.5107421875,-2.409621000289917,-478.5984802246094,-1093.9969482421875,2.9872214794158936,109.61278533935547,-618.8150634765625,0.2935090661048889
2025-09-11T16:06:15.704+02:00,-170.98045349121094,-1516.5107421875,-2.409621000289917,-478.5984802246094,-1093.9969482421875,2.9872214794158936,109.61278533935547,-618.8150634765625,0.2935090661048889
2025-09-11T16:06:15.724+02:00,-170.98045349121094,-1516.5107421875,-2.409621000289917,-478.5984802246094,-1093.9969482421875,2.9872214794158936,109.61278533935547,-618.8150634765625,0.2935090661048889
2025-09-11T16:06:15.745+02:00,-170.98045349121094,-1516.5107421875,-2.409621000289917,-478.5984802246094,-1093.9969482421875,2.9872214794158936,109.61278533935547,-618.8150634765625,0.2935090661048889
2025-09-11T16:06:15.765+02:00,-170.98045349121094,-1516.5107421875,-2.409621000289917,-478.5984802246094,-1093.9969482421875,2.9872214794158936,109.61278533935547,-618.8150634765625,0.2935090661048889
2025-09-11T16:06:15.784+02:00,-170.98045349121094,-1516.5107421875,-2.409621000289917,-478.5984802246094,-1093.9969482421875,2.9872214794158936,109.61278533935547,-618.8150634765625,0.2935090661048889
2025-09-11T16:06:15.805+02:00,-170.98045349121094,-1516.5107421875,-2.409621000289917,-478.5984802246094,-1093.9969482421875,2.9872214794158936,109.61278533935547,-618.8150634765625,0.2935090661048889
2025-09-11T16:06:15.824+02:00,-170.98045349121094,-1516.5107421875,-2.409621000289917,-478.5984802246094,-1093.9969482421875,2.9872214794158936,109.61278533935547,-618.8150634765625,0.2935090661048889
2025-09-11T16:06:15.844+02:00,-170.98045349121094,-1516.5107421875,-2.409621000289917,-478.5984802246094,-1093.9969482421875,2.9872214794158936,109.61278533935547,-618.8150634765625,0.2935090661048889
2025-09-11T16:06:15.864+02:00,-170.98045349121094,-1516.5107421875,-2.409621000289917,-478.5984802246094,-1093.9969482421875,2.9872214794158936,109.61278533935547,-618.8150634765625,0.2935090661048889
2025-09-11T16:06:15.885+02:00,-170.98045349121094,-1516.5107421875,-2.409621000289917,-478.5984802246094,-1093.9969482421875,2.9872214794158936,109.61278533935547,-618.8150634765625,0.2935090661048889
2025-09-11T16:06:15.904+02:00,-208.84986877441406,-1547.51171875,-2.492025375366211,-478.60211181640625,-1093.9998779296875,2.9873454570770264,109.6281509399414,-618.7991333007812,0.2934761345386505
2025-09-11T16:06:15.924+02:00,-208.84986877441406,-1547.51171875,-2.492025375366211,-478.60211181640625,-1093.9998779296875,2.9873454570770264,109.6281509399414,-618.7991333007812,0.2934761345386505
2025-09-11T16:06:15.944+02:00,-208.84986877441406,-1547.51171875,-2.492025375366211,-478.60211181640625,-1093.9998779296875,2.9873454570770264,109.6281509399414,-618.7991333007812,0.2934761345386505
2025-09-11T16:06:15.964+02:00,-208.84986877441406,-1547.51171875,-2.492025375366211,-478.60211181640625,-1093.9998779296875,2.9873454570770264,109.6281509399414,-618.7991333007812,0.2934761345386505
2025-09-11T16:06:15.985+02:00,-208.84986877441406,-1547.51171875,-2.492025375366211,-478.60211181640625,-1093.9998779296875,2.9873454570770264,109.6281509399414,-618.7991333007812,0.2934761345386505
2025-09-11T16:06:16.005+02:00,-208.84986877441406,-1547.51171875,-2.492025375366211,-478.60211181640625,-1093.9998779296875,2.9873454570770264,109.6281509399414,-618.7991333007812,0.2934761345386505
2025-09-11T16:06:16.024+02:00,-208.84986877441406,-1547.51171875,-2.492025375366211,-478.60211181640625,-1093.9998779296875,2.9873454570770264,109.6281509399414,-618.7991333007812,0.2934761345386505
2025-09-11T16:06:16.044+02:00,-208.84986877441406,-1547.51171875,-2.492025375366211,-478.60211181640625,-1093.9998779296875,2.9873454570770264,109.6281509399414,-618.7991333007812,0.2934761345386505
2025-09-11T16:06:16.065+02:00,-208.84986877441406,-1547.51171875,-2.492025375366211,-478.60211181640625,-1093.9998779296875,2.9873454570770264,109.6281509399414,-618.7991333007812,0.2934761345386505
2025-09-11T16:06:16.084+02:00,-220.51559448242188,-1556.2120361328125,-2.5191545486450195,-478.6147155761719,-1094.0062255859375,2.986517906188965,109.62368774414062,-618.8014526367188,0.29346808791160583
2025-09-11T16:06:16.105+02:00,-220.51559448242188,-1556.2120361328125,-2.5191545486450195,-478.6147155761719,-1094.0062255859375,2.986517906188965,109.62368774414062,-618.8014526367188,0.29346808791160583
2025-09-11T16:06:16.124+02:00,-238.0247344970703,-1568.48681640625,-2.5597779750823975,-478.59954833984375,-1094.001220703125,2.987123727798462,109.6192855834961,-618.8079223632812,0.2935050129890442
2025-09-11T16:06:16.145+02:00,-238.0247344970703,-1568.48681640625,-2.5597779750823975,-478.59954833984375,-1094.001220703125,2.987123727798462,109.6192855834961,-618.8079223632812,0.2935050129890442
2025-09-11T16:06:16.165+02:00,-238.0247344970703,-1568.48681640625,-2.5597779750823975,-478.59954833984375,-1094.001220703125,2.987123727798462,109.6192855834961,-618.8079223632812,0.2935050129890442
2025-09-11T16:06:16.185+02:00,-238.0247344970703,-1568.48681640625,-2.5597779750823975,-478.59954833984375,-1094.001220703125,2.987123727798462,109.6192855834961,-618.8079223632812,0.2935050129890442
2025-09-11T16:06:16.205+02:00,-238.0247344970703,-1568.48681640625,-2.5597779750823975,-478.59954833984375,-1094.001220703125,2.987123727798462,109.6192855834961,-618.8079223632812,0.2935050129890442
2025-09-11T16:06:16.225+02:00,-238.0247344970703,-1568.48681640625,-2.5597779750823975,-478.59954833984375,-1094.001220703125,2.987123727798462,109.6192855834961,-618.8079223632812,0.2935050129890442
2025-09-11T16:06:16.245+02:00,-238.0247344970703,-1568.48681640625,-2.5597779750823975,-478.59954833984375,-1094.001220703125,2.987123727798462,109.6192855834961,-618.8079223632812,0.2935050129890442
2025-09-11T16:06:16.264+02:00,-238.0247344970703,-1568.48681640625,-2.5597779750823975,-478.59954833984375,-1094.001220703125,2.987123727798462,109.6192855834961,-618.8079223632812,0.2935050129890442
2025-09-11T16:06:16.285+02:00,-238.0247344970703,-1568.48681640625,-2.5597779750823975,-478.59954833984375,-1094.001220703125,2.987123727798462,109.6192855834961,-618.8079223632812,0.2935050129890442
2025-09-11T16:06:16.304+02:00,-255.19668579101562,-1579.8115234375,-2.6003530025482178,-478.59454345703125,-1093.9940185546875,2.9870245456695557,109.61309051513672,-618.8145751953125,0.29347866773605347
2025-09-11T16:06:16.324+02:00,-263.87615966796875,-1584.722900390625,-2.6203866004943848,-478.61773681640625,-1094.0108642578125,2.986449956893921,109.6163101196289,-618.8045043945312,0.293496698141098
2025-09-11T16:06:16.344+02:00,-268.511474609375,-1587.637451171875,-2.63142466545105,-478.6019287109375,-1094.003662109375,2.987016439437866,109.6397476196289,-618.7919921875,0.2935112416744232
2025-09-11T16:06:16.364+02:00,-268.511474609375,-1587.637451171875,-2.63142466545105,-478.6019287109375,-1094.003662109375,2.987016439437866,109.6397476196289,-618.7919921875,0.2935112416744232
2025-09-11T16:06:16.385+02:00,-268.511474609375,-1587.637451171875,-2.63142466545105,-478.6019287109375,-1094.003662109375,2.987016439437866,109.6397476196289,-618.7919921875,0.2935112416744232
2025-09-11T16:06:16.405+02:00,-268.511474609375,-1587.637451171875,-2.63142466545105,-478.6019287109375,-1094.003662109375,2.987016439437866,109.6397476196289,-618.7919921875,0.2935112416744232
2025-09-11T16:06:16.425+02:00,-268.511474609375,-1587.637451171875,-2.63142466545105,-478.6019287109375,-1094.003662109375,2.987016439437866,109.6397476196289,-618.7919921875,0.2935112416744232
2025-09-11T16:06:16.445+02:00,-268.511474609375,-1587.637451171875,-2.63142466545105,-478.6019287109375,-1094.003662109375,2.987016439437866,109.6397476196289,-618.7919921875,0.2935112416744232
2025-09-11T16:06:16.464+02:00,-268.511474609375,-1587.637451171875,-2.63142466545105,-478.6019287109375,-1094.003662109375,2.987016439437866,109.6397476196289,-618.7919921875,0.2935112416744232
2025-09-11T16:06:16.485+02:00,-268.511474609375,-1587.637451171875,-2.63142466545105,-478.6019287109375,-1094.003662109375,2.987016439437866,109.6397476196289,-618.7919921875,0.2935112416744232
2025-09-11T16:06:16.504+02:00,-291.1893005371094,-1599.0714111328125,-2.6819777488708496,-478.60205078125,-1093.99951171875,2.9870765209198,109.61309814453125,-618.8121337890625,0.293510377407074
2025-09-11T16:06:16.524+02:00,-291.1893005371094,-1599.0714111328125,-2.6819777488708496,-478.60205078125,-1093.99951171875,2.9870765209198,109.61309814453125,-618.8121337890625,0.293510377407074
2025-09-11T16:06:16.545+02:00,-295.9024353027344,-1601.5015869140625,-2.690567970275879,-478.6256103515625,-1094.011474609375,2.9866068363189697,109.61309814453125,-618.8121337890625,0.293510377407074
2025-09-11T16:06:16.564+02:00,-300.58245849609375,-1603.80322265625,-2.7024056911468506,-478.5978698730469,-1093.9998779296875,2.9870407581329346,109.61309814453125,-618.8121337890625,0.293510377407074
2025-09-11T16:06:16.584+02:00,-300.58245849609375,-1603.80322265625,-2.7024056911468506,-478.5978698730469,-1093.9998779296875,2.9870407581329346,109.61309814453125,-618.8121337890625,0.293510377407074
2025-09-11T16:06:16.605+02:00,-300.58245849609375,-1603.80322265625,-2.7024056911468506,-478.5978698730469,-1093.9998779296875,2.9870407581329346,109.61309814453125,-618.8121337890625,0.293510377407074
2025-09-11T16:06:16.624+02:00,-300.58245849609375,-1603.80322265625,-2.7024056911468506,-478.5978698730469,-1093.9998779296875,2.9870407581329346,109.61309814453125,-618.8121337890625,0.293510377407074
2025-09-11T16:06:16.645+02:00,-300.58245849609375,-1603.80322265625,-2.7024056911468506,-478.5978698730469,-1093.9998779296875,2.9870407581329346,109.61309814453125,-618.8121337890625,0.293510377407074
2025-09-11T16:06:16.665+02:00,-300.58245849609375,-1603.80322265625,-2.7024056911468506,-478.5978698730469,-1093.9998779296875,2.9870407581329346,109.61309814453125,-618.8121337890625,0.293510377407074
2025-09-11T16:06:16.685+02:00,-300.58245849609375,-1603.80322265625,-2.7024056911468506,-478.5978698730469,-1093.9998779296875,2.9870407581329346,109.61309814453125,-618.8121337890625,0.293510377407074
2025-09-11T16:06:16.705+02:00,-300.58245849609375,-1603.80322265625,-2.7024056911468506,-478.5978698730469,-1093.9998779296875,2.9870407581329346,109.61309814453125,-618.8121337890625,0.293510377407074
2025-09-11T16:06:16.725+02:00,-319.3066711425781,-1611.5914306640625,-2.7422780990600586,-478.60040283203125,-1093.9993896484375,2.987074613571167,109.61529541015625,-618.8128662109375,0.2934817671775818
2025-09-11T16:06:16.744+02:00,-324.1047058105469,-1613.7620849609375,-2.753598690032959,-478.6100158691406,-1094.0089111328125,2.987210512161255,109.62725067138672,-618.7974243164062,0.2934860289096832
2025-09-11T16:06:16.765+02:00,-328.6746826171875,-1615.6998291015625,-2.7630934715270996,-478.6253662109375,-1094.0142822265625,2.9866573810577393,109.62725067138672,-618.7974243164062,0.2934860289096832
2025-09-11T16:06:16.785+02:00,-328.6746826171875,-1615.6998291015625,-2.7630934715270996,-478.6253662109375,-1094.0142822265625,2.9866573810577393,109.62725067138672,-618.7974243164062,0.2934860289096832
2025-09-11T16:06:16.805+02:00,-328.6746826171875,-1615.6998291015625,-2.7630934715270996,-478.6253662109375,-1094.0142822265625,2.9866573810577393,109.62725067138672,-618.7974243164062,0.2934860289096832
2025-09-11T16:06:16.824+02:00,-328.6746826171875,-1615.6998291015625,-2.7630934715270996,-478.6253662109375,-1094.0142822265625,2.9866573810577393,109.62725067138672,-618.7974243164062,0.2934860289096832
2025-09-11T16:06:16.844+02:00,-328.6746826171875,-1615.6998291015625,-2.7630934715270996,-478.6253662109375,-1094.0142822265625,2.9866573810577393,109.62725067138672,-618.7974243164062,0.2934860289096832
2025-09-11T16:06:16.864+02:00,-328.6746826171875,-1615.6998291015625,-2.7630934715270996,-478.6253662109375,-1094.0142822265625,2.9866573810577393,109.62725067138672,-618.7974243164062,0.2934860289096832
2025-09-11T16:06:16.885+02:00,-328.6746826171875,-1615.6998291015625,-2.7630934715270996,-478.6253662109375,-1094.0142822265625,2.9866573810577393,109.62725067138672,-618.7974243164062,0.2934860289096832
2025-09-11T16:06:16.904+02:00,-333.02423095703125,-1617.4775390625,-2.774005651473999,-478.6048278808594,-1094.0037841796875,2.986978054046631,109.61307525634766,-618.8079833984375,0.29352179169654846
2025-09-11T16:06:16.924+02:00,-347.4844055175781,-1622.6844482421875,-2.8061320781707764,-478.6055908203125,-1094.00927734375,2.9870412349700928,109.61307525634766,-618.8079833984375,0.29352179169654846
2025-09-11T16:06:16.944+02:00,-351.99298095703125,-1624.217041015625,-2.816734552383423,-478.62005615234375,-1094.016845703125,2.986588716506958,109.62625122070312,-618.833740234375,0.29340872168540955
2025-09-11T16:06:16.964+02:00,-356.2005920410156,-1625.5762939453125,-2.8267035484313965,-478.6023864746094,-1094.003173828125,2.9871230125427246,109.60777282714844,-618.8103637695312,0.29350876808166504
2025-09-11T16:06:16.985+02:00,-356.2005920410156,-1625.5762939453125,-2.8267035484313965,-478.6023864746094,-1094.003173828125,2.9871230125427246,109.60777282714844,-618.8103637695312,0.29350876808166504
2025-09-11T16:06:17.004+02:00,-356.2005920410156,-1625.5762939453125,-2.8267035484313965,-478.6023864746094,-1094.003173828125,2.9871230125427246,109.60777282714844,-618.8103637695312,0.29350876808166504
2025-09-11T16:06:17.025+02:00,-356.2005920410156,-1625.5762939453125,-2.8267035484313965,-478.6023864746094,-1094.003173828125,2.9871230125427246,109.60777282714844,-618.8103637695312,0.29350876808166504
2025-09-11T16:06:17.045+02:00,-356.2005920410156,-1625.5762939453125,-2.8267035484313965,-478.6023864746094,-1094.003173828125,2.9871230125427246,109.60777282714844,-618.8103637695312,0.29350876808166504
2025-09-11T16:06:17.065+02:00,-356.2005920410156,-1625.5762939453125,-2.8267035484313965,-478.6023864746094,-1094.003173828125,2.9871230125427246,109.60777282714844,-618.8103637695312,0.29350876808166504
2025-09-11T16:06:17.085+02:00,-356.2005920410156,-1625.5762939453125,-2.8267035484313965,-478.6023864746094,-1094.003173828125,2.9871230125427246,109.60777282714844,-618.8103637695312,0.29350876808166504
2025-09-11T16:06:17.104+02:00,-360.80706787109375,-1627.0230712890625,-2.8373031616210938,-478.5966491699219,-1094.0029296875,2.9870400428771973,109.60777282714844,-618.8103637695312,0.29350876808166504
2025-09-11T16:06:17.125+02:00,-360.80706787109375,-1627.0230712890625,-2.8373031616210938,-478.5966491699219,-1094.0029296875,2.9870400428771973,109.60777282714844,-618.8103637695312,0.29350876808166504
2025-09-11T16:06:17.144+02:00,-379.5630798339844,-1632.6739501953125,-2.886652708053589,-478.6056823730469,-1094.0032958984375,2.9870004653930664,109.62583923339844,-618.8018798828125,0.29348570108413696
2025-09-11T16:06:17.165+02:00,-384.5503845214844,-1633.8936767578125,-2.89857816696167,-478.6056823730469,-1094.0032958984375,2.9870004653930664,109.62062072753906,-618.8012084960938,0.2935027480125427
2025-09-11T16:06:17.184+02:00,-384.5503845214844,-1633.8936767578125,-2.89857816696167,-478.6056823730469,-1094.0032958984375,2.9870004653930664,109.62062072753906,-618.8012084960938,0.2935027480125427
2025-09-11T16:06:17.205+02:00,-389.1725769042969,-1635.08056640625,-2.9102396965026855,-478.615966796875,-1094.012939453125,2.9864871501922607,109.62062072753906,-618.8012084960938,0.2935027480125427
2025-09-11T16:06:17.225+02:00,-389.1725769042969,-1635.08056640625,-2.9102396965026855,-478.615966796875,-1094.012939453125,2.9864871501922607,109.62062072753906,-618.8012084960938,0.2935027480125427
2025-09-11T16:06:17.245+02:00,-389.1725769042969,-1635.08056640625,-2.9102396965026855,-478.615966796875,-1094.012939453125,2.9864871501922607,109.62062072753906,-618.8012084960938,0.2935027480125427
2025-09-11T16:06:17.265+02:00,-389.1725769042969,-1635.08056640625,-2.9102396965026855,-478.615966796875,-1094.012939453125,2.9864871501922607,109.62062072753906,-618.8012084960938,0.2935027480125427
2025-09-11T16:06:17.285+02:00,-389.1725769042969,-1635.08056640625,-2.9102396965026855,-478.615966796875,-1094.012939453125,2.9864871501922607,109.62062072753906,-618.8012084960938,0.2935027480125427
2025-09-11T16:06:17.304+02:00,-389.1725769042969,-1635.08056640625,-2.9102396965026855,-478.615966796875,-1094.012939453125,2.9864871501922607,109.62062072753906,-618.8012084960938,0.2935027480125427
2025-09-11T16:06:17.325+02:00,-389.1725769042969,-1635.08056640625,-2.9102396965026855,-478.615966796875,-1094.012939453125,2.9864871501922607,109.62062072753906,-618.8012084960938,0.2935027480125427
2025-09-11T16:06:17.344+02:00,-408.27899169921875,-1639.0716552734375,-2.959362030029297,-478.60498046875,-1094.0067138671875,2.9872610569000244,109.61637115478516,-618.8052368164062,0.2934778928756714
2025-09-11T16:06:17.365+02:00,-413.0179748535156,-1639.8651123046875,-2.971426486968994,-478.6152038574219,-1094.0150146484375,2.9865663051605225,109.63301086425781,-618.8232421875,0.29338935017585754
2025-09-11T16:06:17.385+02:00,-413.0179748535156,-1639.8651123046875,-2.971426486968994,-478.6152038574219,-1094.0150146484375,2.9865663051605225,109.63301086425781,-618.8232421875,0.29338935017585754
2025-09-11T16:06:17.404+02:00,-417.7965393066406,-1640.57275390625,-2.983137607574463,-478.599609375,-1094.006591796875,2.987173557281494,109.63301086425781,-618.8232421875,0.29338935017585754
2025-09-11T16:06:17.425+02:00,-417.7965393066406,-1640.57275390625,-2.983137607574463,-478.599609375,-1094.006591796875,2.987173557281494,109.63301086425781,-618.8232421875,0.29338935017585754
2025-09-11T16:06:17.445+02:00,-417.7965393066406,-1640.57275390625,-2.983137607574463,-478.599609375,-1094.006591796875,2.987173557281494,109.63301086425781,-618.8232421875,0.29338935017585754
2025-09-11T16:06:17.464+02:00,-417.7965393066406,-1640.57275390625,-2.983137607574463,-478.599609375,-1094.006591796875,2.987173557281494,109.63301086425781,-618.8232421875,0.29338935017585754
2025-09-11T16:06:17.485+02:00,-417.7965393066406,-1640.57275390625,-2.983137607574463,-478.599609375,-1094.006591796875,2.987173557281494,109.63301086425781,-618.8232421875,0.29338935017585754
2025-09-11T16:06:17.504+02:00,-417.7965393066406,-1640.57275390625,-2.983137607574463,-478.599609375,-1094.006591796875,2.987173557281494,109.63301086425781,-618.8232421875,0.29338935017585754
2025-09-11T16:06:17.525+02:00,-422.27569580078125,-1641.13037109375,-2.995206594467163,-478.612548828125,-1094.00830078125,2.9864845275878906,109.62616729736328,-618.8009033203125,0.2934705913066864
2025-09-11T16:06:17.545+02:00,-422.27569580078125,-1641.13037109375,-2.995206594467163,-478.612548828125,-1094.00830078125,2.9864845275878906,109.62616729736328,-618.8009033203125,0.2934705913066864
2025-09-11T16:06:17.564+02:00,-435.2890319824219,-1642.899169921875,-3.0343570709228516,-478.6172180175781,-1094.0130615234375,2.9865646362304688,109.6150131225586,-618.8026733398438,0.29348358511924744
2025-09-11T16:06:17.585+02:00,-435.2890319824219,-1642.899169921875,-3.0343570709228516,-478.6172180175781,-1094.0130615234375,2.9865646362304688,109.6150131225586,-618.8026733398438,0.29348358511924744
2025-09-11T16:06:17.604+02:00,-435.2890319824219,-1642.899169921875,-3.0343570709228516,-478.6172180175781,-1094.0130615234375,2.9865646362304688,109.6150131225586,-618.8026733398438,0.29348358511924744
2025-09-11T16:06:17.625+02:00,-435.2890319824219,-1642.899169921875,-3.0343570709228516,-478.6172180175781,-1094.0130615234375,2.9865646362304688,109.6150131225586,-618.8026733398438,0.29348358511924744
2025-09-11T16:06:17.645+02:00,-435.2890319824219,-1642.899169921875,-3.0343570709228516,-478.6172180175781,-1094.0130615234375,2.9865646362304688,109.6150131225586,-618.8026733398438,0.29348358511924744
2025-09-11T16:06:17.665+02:00,-435.2890319824219,-1642.899169921875,-3.0343570709228516,-478.6172180175781,-1094.0130615234375,2.9865646362304688,109.6150131225586,-618.8026733398438,0.29348358511924744
2025-09-11T16:06:17.685+02:00,-435.2890319824219,-1642.899169921875,-3.0343570709228516,-478.6172180175781,-1094.0130615234375,2.9865646362304688,109.6150131225586,-618.8026733398438,0.29348358511924744
2025-09-11T16:06:17.705+02:00,-435.2890319824219,-1642.899169921875,-3.0343570709228516,-478.6172180175781,-1094.0130615234375,2.9865646362304688,109.6150131225586,-618.8026733398438,0.29348358511924744
2025-09-11T16:06:17.725+02:00,-435.2890319824219,-1642.899169921875,-3.0343570709228516,-478.6172180175781,-1094.0130615234375,2.9865646362304688,109.6150131225586,-618.8026733398438,0.29348358511924744
2025-09-11T16:06:17.744+02:00,-449.1579895019531,-1643.9765625,-3.0734212398529053,-478.60186767578125,-1094.00537109375,2.9872167110443115,109.62248992919922,-618.8301391601562,0.29335594177246094
2025-09-11T16:06:17.765+02:00,-449.1579895019531,-1643.9765625,-3.0734212398529053,-478.60186767578125,-1094.00537109375,2.9872167110443115,109.62248992919922,-618.8301391601562,0.29335594177246094
2025-09-11T16:06:17.784+02:00,-467.329345703125,-1644.996826171875,-3.1274962425231934,-478.59765625,-1094.0040283203125,2.98714017868042,109.62721252441406,-618.8375854492188,0.29340654611587524
2025-09-11T16:06:17.804+02:00,-471.5911865234375,-1645.0562744140625,-3.140674591064453,-478.62432861328125,-1094.015380859375,2.986611843109131,109.63379669189453,-618.8179931640625,0.29353293776512146
2025-09-11T16:06:17.824+02:00,-471.5911865234375,-1645.0562744140625,-3.140674591064453,-478.62432861328125,-1094.015380859375,2.986611843109131,109.63379669189453,-618.8179931640625,0.29353293776512146
2025-09-11T16:06:17.844+02:00,-471.5911865234375,-1645.0562744140625,-3.140674591064453,-478.62432861328125,-1094.015380859375,2.986611843109131,109.63379669189453,-618.8179931640625,0.29353293776512146
2025-09-11T16:06:17.864+02:00,-471.5911865234375,-1645.0562744140625,-3.140674591064453,-478.62432861328125,-1094.015380859375,2.986611843109131,109.63379669189453,-618.8179931640625,0.29353293776512146
2025-09-11T16:06:17.884+02:00,-471.5911865234375,-1645.0562744140625,-3.140674591064453,-478.62432861328125,-1094.015380859375,2.986611843109131,109.63379669189453,-618.8179931640625,0.29353293776512146
2025-09-11T16:06:17.904+02:00,-471.5911865234375,-1645.0562744140625,-3.140674591064453,-478.62432861328125,-1094.015380859375,2.986611843109131,109.63379669189453,-618.8179931640625,0.29353293776512146
2025-09-11T16:06:17.925+02:00,-471.5911865234375,-1645.0562744140625,-3.140674591064453,-478.62432861328125,-1094.015380859375,2.986611843109131,109.63379669189453,-618.8179931640625,0.29353293776512146
2025-09-11T16:06:17.944+02:00,-475.8096008300781,-1644.8284912109375,3.1288678646087646,-478.5991516113281,-1094.0067138671875,2.9869682788848877,109.62660217285156,-618.8007202148438,0.2935243546962738
2025-09-11T16:06:17.965+02:00,-475.8096008300781,-1644.8284912109375,3.1288678646087646,-478.5991516113281,-1094.0067138671875,2.9869682788848877,109.62660217285156,-618.8007202148438,0.2935243546962738
2025-09-11T16:06:17.984+02:00,-475.8096008300781,-1644.8284912109375,3.1288678646087646,-478.5991516113281,-1094.0067138671875,2.9869682788848877,109.62660217285156,-618.8007202148438,0.2935243546962738
2025-09-11T16:06:18.004+02:00,-497.72509765625,-1643.8316650390625,3.054262161254883,-478.6069030761719,-1094.01025390625,2.9871151447296143,109.62245178222656,-618.8029174804688,0.29351142048835754
2025-09-11T16:06:18.024+02:00,-497.72509765625,-1643.8316650390625,3.054262161254883,-478.6069030761719,-1094.01025390625,2.9871151447296143,109.62245178222656,-618.8029174804688,0.29351142048835754
2025-09-11T16:06:18.045+02:00,-497.72509765625,-1643.8316650390625,3.054262161254883,-478.6069030761719,-1094.01025390625,2.9871151447296143,109.62245178222656,-618.8029174804688,0.29351142048835754
2025-09-11T16:06:18.065+02:00,-497.72509765625,-1643.8316650390625,3.054262161254883,-478.6069030761719,-1094.01025390625,2.9871151447296143,109.62245178222656,-618.8029174804688,0.29351142048835754
2025-09-11T16:06:18.084+02:00,-497.72509765625,-1643.8316650390625,3.054262161254883,-478.6069030761719,-1094.01025390625,2.9871151447296143,109.62245178222656,-618.8029174804688,0.29351142048835754
2025-09-11T16:06:18.105+02:00,-497.72509765625,-1643.8316650390625,3.054262161254883,-478.6069030761719,-1094.01025390625,2.9871151447296143,109.62245178222656,-618.8029174804688,0.29351142048835754
2025-09-11T16:06:18.124+02:00,-497.72509765625,-1643.8316650390625,3.054262161254883,-478.6069030761719,-1094.01025390625,2.9871151447296143,109.62245178222656,-618.8029174804688,0.29351142048835754
2025-09-11T16:06:18.145+02:00,-501.80975341796875,-1643.518310546875,3.039813756942749,-478.5964050292969,-1094.0013427734375,2.9870312213897705,109.62245178222656,-618.8029174804688,0.29351142048835754
2025-09-11T16:06:18.165+02:00,-501.80975341796875,-1643.518310546875,3.039813756942749,-478.5964050292969,-1094.0013427734375,2.9870312213897705,109.62245178222656,-618.8029174804688,0.29351142048835754
2025-09-11T16:06:18.184+02:00,-501.80975341796875,-1643.518310546875,3.039813756942749,-478.5964050292969,-1094.0013427734375,2.9870312213897705,109.62245178222656,-618.8029174804688,0.29351142048835754
2025-09-11T16:06:18.205+02:00,-501.80975341796875,-1643.518310546875,3.039813756942749,-478.5964050292969,-1094.0013427734375,2.9870312213897705,109.62245178222656,-618.8029174804688,0.29351142048835754
2025-09-11T16:06:18.224+02:00,-522.9501953125,-1640.640625,2.9604175090789795,-478.60711669921875,-1094.0101318359375,2.9867541790008545,109.64178466796875,-618.8257446289062,0.29337891936302185
2025-09-11T16:06:18.244+02:00,-527.2406616210938,-1639.69482421875,2.9443979263305664,-478.5946044921875,-1094.00537109375,2.9870424270629883,109.64289855957031,-618.80078125,0.2935236990451813
2025-09-11T16:06:18.264+02:00,-531.3966064453125,-1638.8143310546875,2.927243232727051,-478.5841064453125,-1093.994140625,2.9869184494018555,109.64289855957031,-618.80078125,0.2935236990451813
2025-09-11T16:06:18.285+02:00,-531.3966064453125,-1638.8143310546875,2.927243232727051,-478.5841064453125,-1093.994140625,2.9869184494018555,109.64289855957031,-618.80078125,0.2935236990451813
2025-09-11T16:06:18.305+02:00,-535.27734375,-1637.95263671875,2.910686731338501,-478.6062927246094,-1094.01025390625,2.98665714263916,109.63499450683594,-618.8040161132812,0.29348817467689514
2025-09-11T16:06:18.325+02:00,-535.27734375,-1637.95263671875,2.910686731338501,-478.6062927246094,-1094.01025390625,2.98665714263916,109.63499450683594,-618.8040161132812,0.29348817467689514
2025-09-11T16:06:18.344+02:00,-535.27734375,-1637.95263671875,2.910686731338501,-478.6062927246094,-1094.01025390625,2.98665714263916,109.63499450683594,-618.8040161132812,0.29348817467689514
2025-09-11T16:06:18.364+02:00,-535.27734375,-1637.95263671875,2.910686731338501,-478.6062927246094,-1094.01025390625,2.98665714263916,109.63499450683594,-618.8040161132812,0.29348817467689514
2025-09-11T16:06:18.385+02:00,-535.27734375,-1637.95263671875,2.910686731338501,-478.6062927246094,-1094.01025390625,2.98665714263916,109.63499450683594,-618.8040161132812,0.29348817467689514
2025-09-11T16:06:18.404+02:00,-535.27734375,-1637.95263671875,2.910686731338501,-478.6062927246094,-1094.01025390625,2.98665714263916,109.63499450683594,-618.8040161132812,0.29348817467689514
2025-09-11T16:06:18.425+02:00,-539.012939453125,-1636.916259765625,2.894254684448242,-478.5970153808594,-1094.005615234375,2.9871480464935303,109.63529205322266,-618.8305053710938,0.2934023439884186
2025-09-11T16:06:18.445+02:00,-550.1759643554688,-1633.6661376953125,2.8400444984436035,-478.6189270019531,-1094.020263671875,2.986783504486084,109.64069366455078,-618.8071899414062,0.2934916317462921
2025-09-11T16:06:18.464+02:00,-553.1307373046875,-1632.689697265625,2.8210203647613525,-478.61517333984375,-1094.0115966796875,2.9863836765289307,109.6216049194336,-618.8180541992188,0.2935134768486023
2025-09-11T16:06:18.485+02:00,-553.1307373046875,-1632.689697265625,2.8210203647613525,-478.61517333984375,-1094.0115966796875,2.9863836765289307,109.6216049194336,-618.8180541992188,0.2935134768486023
2025-09-11T16:06:18.504+02:00,-556.5787353515625,-1631.2828369140625,2.8025100231170654,-478.59722900390625,-1094.005126953125,2.9871015548706055,109.640380859375,-618.799072265625,0.29351136088371277
2025-09-11T16:06:18.524+02:00,-556.5787353515625,-1631.2828369140625,2.8025100231170654,-478.59722900390625,-1094.005126953125,2.9871015548706055,109.640380859375,-618.799072265625,0.29351136088371277
2025-09-11T16:06:18.545+02:00,-560.384765625,-1630.01513671875,2.783196210861206,-478.6031799316406,-1094.0059814453125,2.987097978591919,109.6314697265625,-618.8092651367188,0.2934889495372772
2025-09-11T16:06:18.564+02:00,-560.384765625,-1630.01513671875,2.783196210861206,-478.6031799316406,-1094.0059814453125,2.987097978591919,109.6314697265625,-618.8092651367188,0.2934889495372772
2025-09-11T16:06:18.585+02:00,-564.226806640625,-1628.4774169921875,2.7647647857666016,-478.59454345703125,-1094.0057373046875,2.986961603164673,109.63240051269531,-618.8272705078125,0.29338154196739197
2025-09-11T16:06:18.605+02:00,-564.226806640625,-1628.4774169921875,2.7647647857666016,-478.59454345703125,-1094.0057373046875,2.986961603164673,109.63240051269531,-618.8272705078125,0.29338154196739197
2025-09-11T16:06:18.625+02:00,-564.226806640625,-1628.4774169921875,2.7647647857666016,-478.59454345703125,-1094.0057373046875,2.986961603164673,109.63240051269531,-618.8272705078125,0.29338154196739197
2025-09-11T16:06:18.644+02:00,-570.4584350585938,-1625.6929931640625,2.7281696796417236,-478.6021423339844,-1094.007080078125,2.987048864364624,109.63263702392578,-618.7982788085938,0.29347118735313416
2025-09-11T16:06:18.665+02:00,-570.4584350585938,-1625.6929931640625,2.7281696796417236,-478.6021423339844,-1094.007080078125,2.987048864364624,109.63263702392578,-618.7982788085938,0.29347118735313416
2025-09-11T16:06:18.684+02:00,-570.4584350585938,-1625.6929931640625,2.7281696796417236,-478.6021423339844,-1094.007080078125,2.987048864364624,109.63263702392578,-618.7982788085938,0.29347118735313416
2025-09-11T16:06:18.705+02:00,-570.4584350585938,-1625.6929931640625,2.7281696796417236,-478.6021423339844,-1094.007080078125,2.987048864364624,109.63263702392578,-618.7982788085938,0.29347118735313416
2025-09-11T16:06:18.724+02:00,-570.4584350585938,-1625.6929931640625,2.7281696796417236,-478.6021423339844,-1094.007080078125,2.987048864364624,109.63263702392578,-618.7982788085938,0.29347118735313416
2025-09-11T16:06:18.744+02:00,-579.5162963867188,-1621.175048828125,2.668339729309082,-478.6067199707031,-1094.009765625,2.9871222972869873,109.63436126708984,-618.7937622070312,0.2935141921043396
2025-09-11T16:06:18.765+02:00,-579.5162963867188,-1621.175048828125,2.668339729309082,-478.6067199707031,-1094.009765625,2.9871222972869873,109.63436126708984,-618.7937622070312,0.2935141921043396
2025-09-11T16:06:18.784+02:00,-582.7908325195312,-1619.4227294921875,2.6493570804595947,-478.6165771484375,-1094.0150146484375,2.9865362644195557,109.65570831298828,-618.831787109375,0.2934115529060364
2025-09-11T16:06:18.805+02:00,-582.7908325195312,-1619.4227294921875,2.6493570804595947,-478.6165771484375,-1094.0150146484375,2.9865362644195557,109.65570831298828,-618.831787109375,0.2934115529060364
2025-09-11T16:06:18.824+02:00,-582.7908325195312,-1619.4227294921875,2.6493570804595947,-478.6165771484375,-1094.0150146484375,2.9865362644195557,109.65570831298828,-618.831787109375,0.2934115529060364
2025-09-11T16:06:18.844+02:00,-582.7908325195312,-1619.4227294921875,2.6493570804595947,-478.6165771484375,-1094.0150146484375,2.9865362644195557,109.65570831298828,-618.831787109375,0.2934115529060364
2025-09-11T16:06:18.865+02:00,-582.7908325195312,-1619.4227294921875,2.6493570804595947,-478.6165771484375,-1094.0150146484375,2.9865362644195557,109.65570831298828,-618.831787109375,0.2934115529060364
2025-09-11T16:06:18.885+02:00,-592.3935546875,-1613.407470703125,2.590764045715332,-478.6109924316406,-1094.00927734375,2.987057685852051,109.6167221069336,-618.819091796875,0.2934727370738983
2025-09-11T16:06:18.905+02:00,-595.5206909179688,-1611.5682373046875,2.568639039993286,-478.6109924316406,-1094.00927734375,2.987057685852051,109.6167221069336,-618.819091796875,0.2934727370738983
2025-09-11T16:06:18.924+02:00,-598.1625366210938,-1609.75830078125,2.5477850437164307,-478.62164306640625,-1094.015380859375,2.9866132736206055,109.6167221069336,-618.819091796875,0.2934727370738983
2025-09-11T16:06:18.945+02:00,-598.1625366210938,-1609.75830078125,2.5477850437164307,-478.62164306640625,-1094.015380859375,2.9866132736206055,109.6167221069336,-618.819091796875,0.2934727370738983
2025-09-11T16:06:18.964+02:00,-600.7403564453125,-1607.7000732421875,2.528498649597168,-478.6098327636719,-1094.00732421875,2.9870831966400146,109.6167221069336,-618.819091796875,0.2934727370738983
2025-09-11T16:06:18.984+02:00,-600.7403564453125,-1607.7000732421875,2.528498649597168,-478.6098327636719,-1094.00732421875,2.9870831966400146,109.6167221069336,-618.819091796875,0.2934727370738983
2025-09-11T16:06:19.005+02:00,-600.7403564453125,-1607.7000732421875,2.528498649597168,-478.6098327636719,-1094.00732421875,2.9870831966400146,109.6167221069336,-618.819091796875,0.2934727370738983
2025-09-11T16:06:19.024+02:00,-600.7403564453125,-1607.7000732421875,2.528498649597168,-478.6098327636719,-1094.00732421875,2.9870831966400146,109.6167221069336,-618.819091796875,0.2934727370738983
2025-09-11T16:06:19.044+02:00,-600.7403564453125,-1607.7000732421875,2.528498649597168,-478.6098327636719,-1094.00732421875,2.9870831966400146,109.6167221069336,-618.819091796875,0.2934727370738983
2025-09-11T16:06:19.065+02:00,-600.7403564453125,-1607.7000732421875,2.528498649597168,-478.6098327636719,-1094.00732421875,2.9870831966400146,109.6167221069336,-618.819091796875,0.2934727370738983
2025-09-11T16:06:19.085+02:00,-600.7403564453125,-1607.7000732421875,2.528498649597168,-478.6098327636719,-1094.00732421875,2.9870831966400146,109.6167221069336,-618.819091796875,0.2934727370738983
2025-09-11T16:06:19.104+02:00,-609.2328491210938,-1600.99560546875,2.454902172088623,-478.6098327636719,-1094.00732421875,2.9870831966400146,109.60701751708984,-618.8168334960938,0.2934980094432831
2025-09-11T16:06:19.124+02:00,-616.3521118164062,-1593.797607421875,2.3971524238586426,-478.6098327636719,-1094.00732421875,2.9870831966400146,109.59931945800781,-618.8125610351562,0.29351094365119934
2025-09-11T16:06:19.144+02:00,-616.3521118164062,-1593.797607421875,2.3971524238586426,-478.6098327636719,-1094.00732421875,2.9870831966400146,109.59931945800781,-618.8125610351562,0.29351094365119934
2025-09-11T16:06:19.165+02:00,-619.7251586914062,-1590.4967041015625,2.3686766624450684,-478.6061096191406,-1094.0047607421875,2.986959218978882,109.62538146972656,-618.8226928710938,0.29339632391929626
2025-09-11T16:06:19.184+02:00,-619.7251586914062,-1590.4967041015625,2.3686766624450684,-478.6061096191406,-1094.0047607421875,2.986959218978882,109.62538146972656,-618.8226928710938,0.29339632391929626
2025-09-11T16:06:19.204+02:00,-622.3560791015625,-1587.6497802734375,2.340272903442383,-478.6061096191406,-1094.0047607421875,2.986959218978882,109.63665008544922,-618.8446044921875,0.2934374213218689
2025-09-11T16:06:19.225+02:00,-622.3560791015625,-1587.6497802734375,2.340272903442383,-478.6061096191406,-1094.0047607421875,2.986959218978882,109.63665008544922,-618.8446044921875,0.2934374213218689
2025-09-11T16:06:19.245+02:00,-622.3560791015625,-1587.6497802734375,2.340272903442383,-478.6061096191406,-1094.0047607421875,2.986959218978882,109.63665008544922,-618.8446044921875,0.2934374213218689
2025-09-11T16:06:19.265+02:00,-622.3560791015625,-1587.6497802734375,2.340272903442383,-478.6061096191406,-1094.0047607421875,2.986959218978882,109.63665008544922,-618.8446044921875,0.2934374213218689
2025-09-11T16:06:19.285+02:00,-622.3560791015625,-1587.6497802734375,2.340272903442383,-478.6061096191406,-1094.0047607421875,2.986959218978882,109.63665008544922,-618.8446044921875,0.2934374213218689
2025-09-11T16:06:19.304+02:00,-622.3560791015625,-1587.6497802734375,2.340272903442383,-478.6061096191406,-1094.0047607421875,2.986959218978882,109.63665008544922,-618.8446044921875,0.2934374213218689
2025-09-11T16:06:19.325+02:00,-622.3560791015625,-1587.6497802734375,2.340272903442383,-478.6061096191406,-1094.0047607421875,2.986959218978882,109.63665008544922,-618.8446044921875,0.2934374213218689
2025-09-11T16:06:19.345+02:00,-622.3560791015625,-1587.6497802734375,2.340272903442383,-478.6061096191406,-1094.0047607421875,2.986959218978882,109.63665008544922,-618.8446044921875,0.2934374213218689
2025-09-11T16:06:19.365+02:00,-622.3560791015625,-1587.6497802734375,2.340272903442383,-478.6061096191406,-1094.0047607421875,2.986959218978882,109.63665008544922,-618.8446044921875,0.2934374213218689
2025-09-11T16:06:19.384+02:00,-632.4705200195312,-1575.218505859375,2.2372748851776123,-478.6032409667969,-1094.0042724609375,2.9870595932006836,109.61144256591797,-618.805419921875,0.29358232021331787
2025-09-11T16:06:19.404+02:00,-634.73974609375,-1572.11376953125,2.217726707458496,-478.6104431152344,-1094.0106201171875,2.9869861602783203,109.60950469970703,-618.8309326171875,0.2934163808822632
2025-09-11T16:06:19.424+02:00,-634.73974609375,-1572.11376953125,2.217726707458496,-478.6104431152344,-1094.0106201171875,2.9869861602783203,109.60950469970703,-618.8309326171875,0.2934163808822632
2025-09-11T16:06:19.445+02:00,-634.73974609375,-1572.11376953125,2.217726707458496,-478.6104431152344,-1094.0106201171875,2.9869861602783203,109.60950469970703,-618.8309326171875,0.2934163808822632
2025-09-11T16:06:19.464+02:00,-637.2434692382812,-1568.846923828125,2.1961898803710938,-478.6104431152344,-1094.0106201171875,2.9869861602783203,109.61434173583984,-618.81005859375,0.2935032248497009
2025-09-11T16:06:19.485+02:00,-637.2434692382812,-1568.846923828125,2.1961898803710938,-478.6104431152344,-1094.0106201171875,2.9869861602783203,109.61434173583984,-618.81005859375,0.2935032248497009
2025-09-11T16:06:19.504+02:00,-637.2434692382812,-1568.846923828125,2.1961898803710938,-478.6104431152344,-1094.0106201171875,2.9869861602783203,109.61434173583984,-618.81005859375,0.2935032248497009
2025-09-11T16:06:19.524+02:00,-641.0720825195312,-1562.7427978515625,2.1585025787353516,-478.6104431152344,-1094.0106201171875,2.9869861602783203,109.6377182006836,-618.8532104492188,0.2934000790119171
2025-09-11T16:06:19.544+02:00,-642.9572143554688,-1559.7037353515625,2.1390833854675293,-478.60467529296875,-1094.00244140625,2.9871485233306885,109.6043472290039,-618.8215942382812,0.293518990278244
2025-09-11T16:06:19.564+02:00,-644.664306640625,-1557.1070556640625,2.1192007064819336,-478.6143493652344,-1094.0125732421875,2.987168312072754,109.61695861816406,-618.7994995117188,0.2934657335281372
2025-09-11T16:06:19.585+02:00,-644.664306640625,-1557.1070556640625,2.1192007064819336,-478.6143493652344,-1094.0125732421875,2.987168312072754,109.61695861816406,-618.7994995117188,0.2934657335281372
2025-09-11T16:06:19.604+02:00,-646.1607055664062,-1554.2637939453125,2.099738359451294,-478.8898620605469,-1094.4495849609375,2.9739115238189697,109.64653778076172,-618.8399047851562,0.29339221119880676
2025-09-11T16:06:19.624+02:00,-647.9498901367188,-1550.8382568359375,2.079355239868164,-479.6064758300781,-1096.4871826171875,2.93686842918396,109.61829376220703,-618.8043823242188,0.29347971081733704
2025-09-11T16:06:19.644+02:00,-647.9498901367188,-1550.8382568359375,2.079355239868164,-479.6064758300781,-1096.4871826171875,2.93686842918396,109.61829376220703,-618.8043823242188,0.29347971081733704
2025-09-11T16:06:19.665+02:00,-647.9498901367188,-1550.8382568359375,2.079355239868164,-479.6064758300781,-1096.4871826171875,2.93686842918396,109.61829376220703,-618.8043823242188,0.29347971081733704
2025-09-11T16:06:19.685+02:00,-647.9498901367188,-1550.8382568359375,2.079355239868164,-479.6064758300781,-1096.4871826171875,2.93686842918396,109.61829376220703,-618.8043823242188,0.29347971081733704
2025-09-11T16:06:19.705+02:00,-647.9498901367188,-1550.8382568359375,2.079355239868164,-479.6064758300781,-1096.4871826171875,2.93686842918396,109.61829376220703,-618.8043823242188,0.29347971081733704
2025-09-11T16:06:19.724+02:00,-647.9498901367188,-1550.8382568359375,2.079355239868164,-479.6064758300781,-1096.4871826171875,2.93686842918396,109.61829376220703,-618.8043823242188,0.29347971081733704
2025-09-11T16:06:19.745+02:00,-647.9498901367188,-1550.8382568359375,2.079355239868164,-479.6064758300781,-1096.4871826171875,2.93686842918396,109.61829376220703,-618.8043823242188,0.29347971081733704
2025-09-11T16:06:19.764+02:00,-653.2609252929688,-1540.71044921875,2.021629810333252,-484.2005615234375,-1104.8931884765625,2.773505210876465,109.6197509765625,-618.8177490234375,0.29352355003356934
2025-09-11T16:06:19.785+02:00,-654.7050170898438,-1537.455322265625,2.0010151863098145,-486.35479736328125,-1108.374755859375,2.7041797637939453,109.61270904541016,-618.797607421875,0.29349416494369507
2025-09-11T16:06:19.804+02:00,-656.3278198242188,-1534.1287841796875,1.9808183908462524,-488.8035888671875,-1111.4945068359375,2.6337716579437256,109.6361312866211,-618.8203125,0.2933836281299591
2025-09-11T16:06:19.825+02:00,-656.3278198242188,-1534.1287841796875,1.9808183908462524,-488.8035888671875,-1111.4945068359375,2.6337716579437256,109.6361312866211,-618.8203125,0.2933836281299591
2025-09-11T16:06:19.844+02:00,-657.8592529296875,-1530.5513916015625,1.9624537229537964,-491.9826354980469,-1114.960205078125,2.5572102069854736,109.63485717773438,-618.8003540039062,0.29353421926498413
2025-09-11T16:06:19.864+02:00,-657.8592529296875,-1530.5513916015625,1.9624537229537964,-491.9826354980469,-1114.960205078125,2.5572102069854736,109.63485717773438,-618.8003540039062,0.29353421926498413
2025-09-11T16:06:19.885+02:00,-657.8592529296875,-1530.5513916015625,1.9624537229537964,-491.9826354980469,-1114.960205078125,2.5572102069854736,109.63485717773438,-618.8003540039062,0.29353421926498413
2025-09-11T16:06:19.904+02:00,-657.8592529296875,-1530.5513916015625,1.9624537229537964,-491.9826354980469,-1114.960205078125,2.5572102069854736,109.63485717773438,-618.8003540039062,0.29353421926498413
2025-09-11T16:06:19.925+02:00,-659.1072998046875,-1527.1278076171875,1.9439882040023804,-495.6117858886719,-1118.326171875,2.473763942718506,109.64102172851562,-618.8379516601562,0.2934121787548065
2025-09-11T16:06:19.945+02:00,-659.1072998046875,-1527.1278076171875,1.9439882040023804,-495.6117858886719,-1118.326171875,2.473763942718506,109.64102172851562,-618.8379516601562,0.2934121787548065
2025-09-11T16:06:19.965+02:00,-659.1072998046875,-1527.1278076171875,1.9439882040023804,-495.6117858886719,-1118.326171875,2.473763942718506,109.64102172851562,-618.8379516601562,0.2934121787548065
2025-09-11T16:06:19.984+02:00,-662.9489135742188,-1516.4754638671875,1.8914321660995483,-508.9653625488281,-1125.7236328125,2.224794864654541,109.63316345214844,-618.8008422851562,0.29350098967552185
2025-09-11T16:06:20.004+02:00,-664.2374267578125,-1512.337646484375,1.8738033771514893,-513.9552612304688,-1127.01220703125,2.1410272121429443,109.62445831298828,-618.8265991210938,0.2933928668498993
2025-09-11T16:06:20.024+02:00,-664.2374267578125,-1512.337646484375,1.8738033771514893,-513.9552612304688,-1127.01220703125,2.1410272121429443,109.62445831298828,-618.8265991210938,0.2933928668498993
2025-09-11T16:06:20.044+02:00,-665.3978881835938,-1508.1671142578125,1.8592509031295776,-519.1058349609375,-1127.9573974609375,2.056849718093872,109.6168212890625,-618.8370971679688,0.2933608293533325
2025-09-11T16:06:20.064+02:00,-666.7024536132812,-1504.0604248046875,1.8437250852584839,-524.1357421875,-1128.341552734375,1.971854567527771,109.61248779296875,-618.8094482421875,0.2935086488723755
2025-09-11T16:06:20.085+02:00,-666.7024536132812,-1504.0604248046875,1.8437250852584839,-524.1357421875,-1128.341552734375,1.971854567527771,109.61248779296875,-618.8094482421875,0.2935086488723755
2025-09-11T16:06:20.105+02:00,-666.7024536132812,-1504.0604248046875,1.8437250852584839,-524.1357421875,-1128.341552734375,1.971854567527771,109.61248779296875,-618.8094482421875,0.2935086488723755
2025-09-11T16:06:20.125+02:00,-666.7024536132812,-1504.0604248046875,1.8437250852584839,-524.1357421875,-1128.341552734375,1.971854567527771,109.61248779296875,-618.8094482421875,0.2935086488723755
2025-09-11T16:06:20.145+02:00,-666.7024536132812,-1504.0604248046875,1.8437250852584839,-524.1357421875,-1128.341552734375,1.971854567527771,109.61248779296875,-618.8094482421875,0.2935086488723755
2025-09-11T16:06:20.165+02:00,-667.8285522460938,-1500.286376953125,1.832183599472046,-528.89208984375,-1128.2314453125,1.890223503112793,109.60482788085938,-618.8198852539062,0.29348963499069214
2025-09-11T16:06:20.185+02:00,-667.8285522460938,-1500.286376953125,1.832183599472046,-528.89208984375,-1128.2314453125,1.890223503112793,109.60482788085938,-618.8198852539062,0.29348963499069214
2025-09-11T16:06:20.204+02:00,-673.3533325195312,-1483.1285400390625,1.818468689918518,-542.6264038085938,-1124.5362548828125,1.6553903818130493,109.61246490478516,-618.8048706054688,0.2935100197792053
2025-09-11T16:06:20.224+02:00,-673.3533325195312,-1483.1285400390625,1.818468689918518,-542.6264038085938,-1124.5362548828125,1.6553903818130493,109.61246490478516,-618.8048706054688,0.2935100197792053
2025-09-11T16:06:20.245+02:00,-675.057861328125,-1477.739013671875,1.819313406944275,-546.9490356445312,-1122.4818115234375,1.5835250616073608,109.61246490478516,-618.8048706054688,0.2935100197792053
2025-09-11T16:06:20.265+02:00,-676.1118774414062,-1473.8770751953125,1.8264161348342896,-550.7767333984375,-1120.197021484375,1.5179710388183594,109.61246490478516,-618.8048706054688,0.2935100197792053
2025-09-11T16:06:20.285+02:00,-676.1118774414062,-1473.8770751953125,1.8264161348342896,-550.7767333984375,-1120.197021484375,1.5179710388183594,109.61246490478516,-618.8048706054688,0.2935100197792053
2025-09-11T16:06:20.304+02:00,-676.9066162109375,-1471.4010009765625,1.837551474571228,-552.6400146484375,-1116.9237060546875,1.4818520545959473,109.60697937011719,-618.8203125,0.2934918999671936
2025-09-11T16:06:20.325+02:00,-676.9066162109375,-1471.4010009765625,1.837551474571228,-552.6400146484375,-1116.9237060546875,1.4818520545959473,109.60697937011719,-618.8203125,0.2934918999671936
2025-09-11T16:06:20.344+02:00,-677.7603759765625,-1469.4375,1.8494857549667358,-552.8666381835938,-1112.1387939453125,1.4632242918014526,109.61177062988281,-618.7976684570312,0.2934566140174866
2025-09-11T16:06:20.365+02:00,-677.7603759765625,-1469.4375,1.8494857549667358,-552.8666381835938,-1112.1387939453125,1.4632242918014526,109.61177062988281,-618.7976684570312,0.2934566140174866
2025-09-11T16:06:20.384+02:00,-677.7603759765625,-1469.4375,1.8494857549667358,-552.8666381835938,-1112.1387939453125,1.4632242918014526,109.61177062988281,-618.7976684570312,0.2934566140174866
2025-09-11T16:06:20.404+02:00,-677.7603759765625,-1469.4375,1.8494857549667358,-552.8666381835938,-1112.1387939453125,1.4632242918014526,109.61177062988281,-618.7976684570312,0.2934566140174866
2025-09-11T16:06:20.424+02:00,-678.4483642578125,-1468.0780029296875,1.8704721927642822,-552.5421142578125,-1101.947265625,1.4407556056976318,109.6164321899414,-618.833251953125,0.29335805773735046
2025-09-11T16:06:20.444+02:00,-678.37548828125,-1468.7174072265625,1.8814961910247803,-551.9834594726562,-1096.143798828125,1.4324818849563599,109.61861419677734,-618.7998657226562,0.293519526720047
2025-09-11T16:06:20.464+02:00,-678.3209838867188,-1470.23681640625,1.8934005498886108,-551.8430786132812,-1089.7449951171875,1.4209237098693848,109.61861419677734,-618.7998657226562,0.293519526720047
2025-09-11T16:06:20.485+02:00,-678.3209838867188,-1470.23681640625,1.8934005498886108,-551.8430786132812,-1089.7449951171875,1.4209237098693848,109.61861419677734,-618.7998657226562,0.293519526720047
2025-09-11T16:06:20.504+02:00,-677.867919921875,-1472.2701416015625,1.9118835926055908,-551.2542114257812,-1083.1956787109375,1.4129579067230225,109.6083984375,-618.80712890625,0.29349252581596375
2025-09-11T16:06:20.525+02:00,-677.867919921875,-1472.2701416015625,1.9118835926055908,-551.2542114257812,-1083.1956787109375,1.4129579067230225,109.6083984375,-618.80712890625,0.29349252581596375
2025-09-11T16:06:20.545+02:00,-677.867919921875,-1472.2701416015625,1.9118835926055908,-551.2542114257812,-1083.1956787109375,1.4129579067230225,109.6083984375,-618.80712890625,0.29349252581596375
2025-09-11T16:06:20.564+02:00,-677.867919921875,-1472.2701416015625,1.9118835926055908,-551.2542114257812,-1083.1956787109375,1.4129579067230225,109.6083984375,-618.80712890625,0.29349252581596375
2025-09-11T16:06:20.585+02:00,-677.867919921875,-1472.2701416015625,1.9118835926055908,-551.2542114257812,-1083.1956787109375,1.4129579067230225,109.6083984375,-618.80712890625,0.29349252581596375
2025-09-11T16:06:20.604+02:00,-677.867919921875,-1472.2701416015625,1.9118835926055908,-551.2542114257812,-1083.1956787109375,1.4129579067230225,109.6083984375,-618.80712890625,0.29349252581596375
2025-09-11T16:06:20.624+02:00,-677.00390625,-1474.8280029296875,1.929481029510498,-550.9552612304688,-1076.4071044921875,1.4007688760757446,109.60588073730469,-618.8272094726562,0.29337382316589355
2025-09-11T16:06:20.644+02:00,-674.9746704101562,-1482.318603515625,1.9979979991912842,-547.1016845703125,-1054.711669921875,1.3832608461380005,109.60928344726562,-618.8314208984375,0.29336532950401306
2025-09-11T16:06:20.665+02:00,-674.5843505859375,-1483.1536865234375,2.0137884616851807,-545.7806396484375,-1046.863037109375,1.3783595561981201,109.61470794677734,-618.8075561523438,0.29351165890693665
2025-09-11T16:06:20.685+02:00,-674.5843505859375,-1483.1536865234375,2.0137884616851807,-545.7806396484375,-1046.863037109375,1.3783595561981201,109.61470794677734,-618.8075561523438,0.29351165890693665
2025-09-11T16:06:20.704+02:00,-675.0614624023438,-1482.4869384765625,2.0297157764434814,-544.5665283203125,-1038.6920166015625,1.3720003366470337,109.63017272949219,-618.8190307617188,0.2935234606266022
2025-09-11T16:06:20.725+02:00,-675.0614624023438,-1482.4869384765625,2.0297157764434814,-544.5665283203125,-1038.6920166015625,1.3720003366470337,109.63017272949219,-618.8190307617188,0.2935234606266022
2025-09-11T16:06:20.745+02:00,-676.457275390625,-1480.447998046875,2.0434978008270264,-542.8028564453125,-1030.1051025390625,1.3648253679275513,109.6150131225586,-618.820556640625,0.29337507486343384
2025-09-11T16:06:20.764+02:00,-676.457275390625,-1480.447998046875,2.0434978008270264,-542.8028564453125,-1030.1051025390625,1.3648253679275513,109.6150131225586,-618.820556640625,0.29337507486343384
2025-09-11T16:06:20.784+02:00,-676.457275390625,-1480.447998046875,2.0434978008270264,-542.8028564453125,-1030.1051025390625,1.3648253679275513,109.6150131225586,-618.820556640625,0.29337507486343384
2025-09-11T16:06:20.804+02:00,-678.4467163085938,-1477.2413330078125,2.060861110687256,-540.7748413085938,-1021.4041137695312,1.3626044988632202,109.6092300415039,-618.8067016601562,0.2934799790382385
2025-09-11T16:06:20.824+02:00,-678.4467163085938,-1477.2413330078125,2.060861110687256,-540.7748413085938,-1021.4041137695312,1.3626044988632202,109.6092300415039,-618.8067016601562,0.2934799790382385
2025-09-11T16:06:20.844+02:00,-682.9443359375,-1471.1748046875,2.0793333053588867,-536.8701171875,-1002.8511352539062,1.3540568351745605,109.61271667480469,-618.8128051757812,0.2935197949409485
2025-09-11T16:06:20.864+02:00,-685.2947387695312,-1466.9112548828125,2.086484909057617,-534.4718627929688,-992.732177734375,1.3480299711227417,109.61836242675781,-618.8336791992188,0.2933955490589142
2025-09-11T16:06:20.885+02:00,-685.2947387695312,-1466.9112548828125,2.086484909057617,-534.4718627929688,-992.732177734375,1.3480299711227417,109.61836242675781,-618.8336791992188,0.2933955490589142
2025-09-11T16:06:20.904+02:00,-688.2787475585938,-1462.011962890625,2.087425470352173,-532.5336303710938,-983.281494140625,1.341748595237732,109.59609985351562,-618.8163452148438,0.2935244143009186
2025-09-11T16:06:20.924+02:00,-688.2787475585938,-1462.011962890625,2.087425470352173,-532.5336303710938,-983.281494140625,1.341748595237732,109.59609985351562,-618.8163452148438,0.2935244143009186
2025-09-11T16:06:20.944+02:00,-691.86865234375,-1456.2218017578125,2.084523916244507,-530.4895629882812,-973.357421875,1.3328388929367065,109.6297836303711,-618.794677734375,0.29351064562797546
2025-09-11T16:06:20.965+02:00,-691.86865234375,-1456.2218017578125,2.084523916244507,-530.4895629882812,-973.357421875,1.3328388929367065,109.6297836303711,-618.794677734375,0.29351064562797546
2025-09-11T16:06:20.985+02:00,-695.8052978515625,-1450.14501953125,2.077836275100708,-528.5391845703125,-963.3402709960938,1.3219983577728271,109.60653686523438,-618.81005859375,0.2934979498386383
2025-09-11T16:06:21.005+02:00,-695.8052978515625,-1450.14501953125,2.077836275100708,-528.5391845703125,-963.3402709960938,1.3219983577728271,109.60653686523438,-618.81005859375,0.2934979498386383
2025-09-11T16:06:21.024+02:00,-695.8052978515625,-1450.14501953125,2.077836275100708,-528.5391845703125,-963.3402709960938,1.3219983577728271,109.60653686523438,-618.81005859375,0.2934979498386383
2025-09-11T16:06:21.044+02:00,-695.8052978515625,-1450.14501953125,2.077836275100708,-528.5391845703125,-963.3402709960938,1.3219983577728271,109.60653686523438,-618.81005859375,0.2934979498386383
2025-09-11T16:06:21.064+02:00,-701.6324462890625,-1439.389404296875,2.0589852333068848,-526.209228515625,-950.1219482421875,1.302628755569458,109.63136291503906,-618.8128051757812,0.2935469448566437
2025-09-11T16:06:21.084+02:00,-703.246826171875,-1436.6953125,2.043236255645752,-525.271728515625,-946.4653930664062,1.300068736076355,109.6104965209961,-618.8352661132812,0.293380469083786
2025-09-11T16:06:21.104+02:00,-704.7247314453125,-1433.7855224609375,2.026536464691162,-524.766845703125,-944.3896484375,1.2988126277923584,109.61761474609375,-618.7960205078125,0.29346442222595215
2025-09-11T16:06:21.124+02:00,-706.5332641601562,-1429.991943359375,2.0079774856567383,-524.6038208007812,-943.9318237304688,1.2981688976287842,109.61761474609375,-618.7960205078125,0.29346442222595215
2025-09-11T16:06:21.144+02:00,-706.5332641601562,-1429.991943359375,2.0079774856567383,-524.6038208007812,-943.9318237304688,1.2981688976287842,109.61761474609375,-618.7960205078125,0.29346442222595215
2025-09-11T16:06:21.164+02:00,-708.5247192382812,-1425.5113525390625,1.9924910068511963,-524.8998413085938,-944.6873779296875,1.2974480390548706,109.60929870605469,-618.8098754882812,0.2935052812099457
2025-09-11T16:06:21.185+02:00,-708.5247192382812,-1425.5113525390625,1.9924910068511963,-524.8998413085938,-944.6873779296875,1.2974480390548706,109.60929870605469,-618.8098754882812,0.2935052812099457
2025-09-11T16:06:21.204+02:00,-710.578857421875,-1420.5108642578125,1.9783987998962402,-524.9995727539062,-944.8912963867188,1.2965924739837646,109.6389389038086,-618.8253173828125,0.2933652698993683
2025-09-11T16:06:21.224+02:00,-710.578857421875,-1420.5108642578125,1.9783987998962402,-524.9995727539062,-944.8912963867188,1.2965924739837646,109.6389389038086,-618.8253173828125,0.2933652698993683
2025-09-11T16:06:21.244+02:00,-710.578857421875,-1420.5108642578125,1.9783987998962402,-524.9995727539062,-944.8912963867188,1.2965924739837646,109.6389389038086,-618.8253173828125,0.2933652698993683
2025-09-11T16:06:21.265+02:00,-710.578857421875,-1420.5108642578125,1.9783987998962402,-524.9995727539062,-944.8912963867188,1.2965924739837646,109.6389389038086,-618.8253173828125,0.2933652698993683
2025-09-11T16:06:21.285+02:00,-710.578857421875,-1420.5108642578125,1.9783987998962402,-524.9995727539062,-944.8912963867188,1.2965924739837646,109.6389389038086,-618.8253173828125,0.2933652698993683
2025-09-11T16:06:21.304+02:00,-715.3974609375,-1408.6060791015625,1.9356755018234253,-524.9439086914062,-944.80322265625,1.2972773313522339,109.60425567626953,-618.8063354492188,0.2934857904911041
2025-09-11T16:06:21.325+02:00,-715.3974609375,-1408.6060791015625,1.9356755018234253,-524.9439086914062,-944.80322265625,1.2972773313522339,109.60425567626953,-618.8063354492188,0.2934857904911041
2025-09-11T16:06:21.345+02:00,-716.706298828125,-1404.5574951171875,1.9228163957595825,-524.9244384765625,-944.819580078125,1.297107219696045,109.64237213134766,-618.7990112304688,0.293474018573761
2025-09-11T16:06:21.364+02:00,-718.026123046875,-1400.7427978515625,1.9073415994644165,-524.9508056640625,-944.8264770507812,1.2973341941833496,109.64237213134766,-618.7990112304688,0.293474018573761
2025-09-11T16:06:21.384+02:00,-718.026123046875,-1400.7427978515625,1.9073415994644165,-524.9508056640625,-944.8264770507812,1.2973341941833496,109.64237213134766,-618.7990112304688,0.293474018573761
2025-09-11T16:06:21.404+02:00,-719.6668701171875,-1396.37939453125,1.892414927482605,-524.9395141601562,-944.8269653320312,1.29728364944458,109.6229248046875,-618.7937622070312,0.29349666833877563
2025-09-11T16:06:21.424+02:00,-719.6668701171875,-1396.37939453125,1.892414927482605,-524.9395141601562,-944.8269653320312,1.29728364944458,109.6229248046875,-618.7937622070312,0.29349666833877563
2025-09-11T16:06:21.444+02:00,-721.363037109375,-1391.55419921875,1.878655195236206,-524.6787109375,-944.156005859375,1.2947273254394531,109.60388946533203,-618.8189697265625,0.293469101190567
2025-09-11T16:06:21.465+02:00,-721.363037109375,-1391.55419921875,1.878655195236206,-524.6787109375,-944.156005859375,1.2947273254394531,109.60388946533203,-618.8189697265625,0.293469101190567
2025-09-11T16:06:21.484+02:00,-722.7626953125,-1386.8734130859375,1.865896463394165,-523.9229736328125,-941.2453002929688,1.2917983531951904,109.62699890136719,-618.8007202148438,0.29351067543029785
2025-09-11T16:06:21.505+02:00,-722.7626953125,-1386.8734130859375,1.865896463394165,-523.9229736328125,-941.2453002929688,1.2917983531951904,109.62699890136719,-618.8007202148438,0.29351067543029785
2025-09-11T16:06:21.524+02:00,-724.0753784179688,-1382.3232421875,1.8505254983901978,-523.1998901367188,-937.2959594726562,1.283258318901062,109.61849212646484,-618.8067626953125,0.2934715449810028
2025-09-11T16:06:21.544+02:00,-725.5399780273438,-1378.0548095703125,1.8356107473373413,-522.477783203125,-932.70361328125,1.2749860286712646,109.62328338623047,-618.7938232421875,0.29349493980407715
2025-09-11T16:06:21.564+02:00,-726.7777709960938,-1373.8275146484375,1.8222278356552124,-520.9505615234375,-927.6431274414062,1.2679804563522339,109.64507293701172,-618.7888793945312,0.2935064733028412
2025-09-11T16:06:21.584+02:00,-726.7777709960938,-1373.8275146484375,1.8222278356552124,-520.9505615234375,-927.6431274414062,1.2679804563522339,109.64507293701172,-618.7888793945312,0.2935064733028412
2025-09-11T16:06:21.604+02:00,-727.5697021484375,-1369.6763916015625,1.809311032295227,-519.2760620117188,-921.963134765625,1.2626734972000122,109.62174224853516,-618.832763671875,0.29343530535697937
2025-09-11T16:06:21.624+02:00,-727.5697021484375,-1369.6763916015625,1.809311032295227,-519.2760620117188,-921.963134765625,1.2626734972000122,109.62174224853516,-618.832763671875,0.29343530535697937
2025-09-11T16:06:21.645+02:00,-727.5697021484375,-1369.6763916015625,1.809311032295227,-519.2760620117188,-921.963134765625,1.2626734972000122,109.62174224853516,-618.832763671875,0.29343530535697937
2025-09-11T16:06:21.665+02:00,-728.4315185546875,-1365.26953125,1.7954092025756836,-517.4963989257812,-915.7566528320312,1.255210518836975,109.65511322021484,-618.7776489257812,0.2934465706348419
2025-09-11T16:06:21.685+02:00,-728.4315185546875,-1365.26953125,1.7954092025756836,-517.4963989257812,-915.7566528320312,1.255210518836975,109.65511322021484,-618.7776489257812,0.2934465706348419
2025-09-11T16:06:21.705+02:00,-728.4315185546875,-1365.26953125,1.7954092025756836,-517.4963989257812,-915.7566528320312,1.255210518836975,109.65511322021484,-618.7776489257812,0.2934465706348419
2025-09-11T16:06:21.724+02:00,-728.4315185546875,-1365.26953125,1.7954092025756836,-517.4963989257812,-915.7566528320312,1.255210518836975,109.65511322021484,-618.7776489257812,0.2934465706348419
2025-09-11T16:06:21.745+02:00,-728.4315185546875,-1365.26953125,1.7954092025756836,-517.4963989257812,-915.7566528320312,1.255210518836975,109.65511322021484,-618.7776489257812,0.2934465706348419
2025-09-11T16:06:21.765+02:00,-728.4315185546875,-1365.26953125,1.7954092025756836,-517.4963989257812,-915.7566528320312,1.255210518836975,109.65511322021484,-618.7776489257812,0.2934465706348419
2025-09-11T16:06:21.785+02:00,-728.4315185546875,-1365.26953125,1.7954092025756836,-517.4963989257812,-915.7566528320312,1.255210518836975,109.65511322021484,-618.7776489257812,0.2934465706348419
2025-09-11T16:06:21.804+02:00,-728.4315185546875,-1365.26953125,1.7954092025756836,-517.4963989257812,-915.7566528320312,1.255210518836975,109.65511322021484,-618.7776489257812,0.2934465706348419
2025-09-11T16:06:21.824+02:00,-728.4315185546875,-1365.26953125,1.7954092025756836,-517.4963989257812,-915.7566528320312,1.255210518836975,109.65511322021484,-618.7776489257812,0.2934465706348419
2025-09-11T16:06:21.844+02:00,-732.6508178710938,-1343.5228271484375,1.7283059358596802,-504.54364013671875,-880.43017578125,1.2306480407714844,109.65733337402344,-618.8067016601562,0.2933220863342285
2025-09-11T16:06:21.864+02:00,-732.6508178710938,-1343.5228271484375,1.7283059358596802,-504.54364013671875,-880.43017578125,1.2306480407714844,109.65733337402344,-618.8067016601562,0.2933220863342285
2025-09-11T16:06:21.885+02:00,-732.6508178710938,-1343.5228271484375,1.7283059358596802,-504.54364013671875,-880.43017578125,1.2306480407714844,109.65733337402344,-618.8067016601562,0.2933220863342285
2025-09-11T16:06:21.905+02:00,-732.6508178710938,-1343.5228271484375,1.7283059358596802,-504.54364013671875,-880.43017578125,1.2306480407714844,109.65733337402344,-618.8067016601562,0.2933220863342285
2025-09-11T16:06:21.925+02:00,-732.6508178710938,-1343.5228271484375,1.7283059358596802,-504.54364013671875,-880.43017578125,1.2306480407714844,109.65733337402344,-618.8067016601562,0.2933220863342285
2025-09-11T16:06:21.945+02:00,-732.6508178710938,-1343.5228271484375,1.7283059358596802,-504.54364013671875,-880.43017578125,1.2306480407714844,109.65733337402344,-618.8067016601562,0.2933220863342285
2025-09-11T16:06:21.965+02:00,-732.6508178710938,-1343.5228271484375,1.7283059358596802,-504.54364013671875,-880.43017578125,1.2306480407714844,109.65733337402344,-618.8067016601562,0.2933220863342285
2025-09-11T16:06:21.985+02:00,-732.6508178710938,-1343.5228271484375,1.7283059358596802,-504.54364013671875,-880.43017578125,1.2306480407714844,109.65733337402344,-618.8067016601562,0.2933220863342285
2025-09-11T16:06:22.005+02:00,-732.6508178710938,-1343.5228271484375,1.7283059358596802,-504.54364013671875,-880.43017578125,1.2306480407714844,109.65733337402344,-618.8067016601562,0.2933220863342285
2025-09-11T16:06:22.024+02:00,-732.6508178710938,-1343.5228271484375,1.7283059358596802,-504.54364013671875,-880.43017578125,1.2306480407714844,109.65733337402344,-618.8067016601562,0.2933220863342285
2025-09-11T16:06:22.044+02:00,-735.6364135742188,-1314.2540283203125,1.629678726196289,-491.74920654296875,-846.6181640625,1.2259224653244019,109.66728210449219,-618.8001098632812,0.2934547960758209
2025-09-11T16:06:22.065+02:00,-735.6364135742188,-1314.2540283203125,1.629678726196289,-491.74920654296875,-846.6181640625,1.2259224653244019,109.66728210449219,-618.8001098632812,0.2934547960758209
2025-09-11T16:06:22.084+02:00,-735.6364135742188,-1314.2540283203125,1.629678726196289,-491.74920654296875,-846.6181640625,1.2259224653244019,109.66728210449219,-618.8001098632812,0.2934547960758209
2025-09-11T16:06:22.105+02:00,-735.6364135742188,-1314.2540283203125,1.629678726196289,-491.74920654296875,-846.6181640625,1.2259224653244019,109.66728210449219,-618.8001098632812,0.2934547960758209
2025-09-11T16:06:22.124+02:00,-735.4609375,-1313.0665283203125,1.6139782667160034,-491.9866638183594,-847.103759765625,1.225128412246704,109.645751953125,-618.7684936523438,0.29344531893730164
2025-09-11T16:06:22.145+02:00,-735.4609375,-1313.0665283203125,1.6139782667160034,-491.9866638183594,-847.103759765625,1.225128412246704,109.645751953125,-618.7684936523438,0.29344531893730164
2025-09-11T16:06:22.165+02:00,-735.4609375,-1313.0665283203125,1.6139782667160034,-491.9866638183594,-847.103759765625,1.225128412246704,109.645751953125,-618.7684936523438,0.29344531893730164
2025-09-11T16:06:22.185+02:00,-734.997314453125,-1312.1351318359375,1.54961097240448,-492.00830078125,-847.1295776367188,1.2254493236541748,109.64298248291016,-618.7823486328125,0.2934150695800781
2025-09-11T16:06:22.205+02:00,-734.6655883789062,-1313.81103515625,1.5201202630996704,-492.0185852050781,-847.165283203125,1.2254811525344849,109.64877319335938,-618.7696533203125,0.29340046644210815
2025-09-11T16:06:22.224+02:00,-734.6655883789062,-1313.81103515625,1.5201202630996704,-492.0185852050781,-847.165283203125,1.2254811525344849,109.64877319335938,-618.7696533203125,0.29340046644210815
2025-09-11T16:06:22.244+02:00,-734.3654174804688,-1316.309814453125,1.485227108001709,-491.9974060058594,-847.1312255859375,1.2252382040023804,109.64877319335938,-618.7696533203125,0.29340046644210815
2025-09-11T16:06:22.265+02:00,-734.1099243164062,-1318.8074951171875,1.4494925737380981,-492.0052795410156,-847.1692504882812,1.2252674102783203,109.67847442626953,-618.7749633789062,0.29344919323921204
2025-09-11T16:06:22.285+02:00,-734.1099243164062,-1318.8074951171875,1.4494925737380981,-492.0052795410156,-847.1692504882812,1.2252674102783203,109.67847442626953,-618.7749633789062,0.29344919323921204
2025-09-11T16:06:22.304+02:00,-734.1842651367188,-1320.82861328125,1.4140950441360474,-492.01727294921875,-847.1676635742188,1.2252322435379028,109.6592025756836,-618.7935180664062,0.29331138730049133
2025-09-11T16:06:22.325+02:00,-734.1842651367188,-1320.82861328125,1.4140950441360474,-492.01727294921875,-847.1676635742188,1.2252322435379028,109.6592025756836,-618.7935180664062,0.29331138730049133
2025-09-11T16:06:22.345+02:00,-734.1842651367188,-1320.82861328125,1.4140950441360474,-492.01727294921875,-847.1676635742188,1.2252322435379028,109.6592025756836,-618.7935180664062,0.29331138730049133
2025-09-11T16:06:22.365+02:00,-734.1842651367188,-1320.82861328125,1.4140950441360474,-492.01727294921875,-847.1676635742188,1.2252322435379028,109.6592025756836,-618.7935180664062,0.29331138730049133
2025-09-11T16:06:22.384+02:00,-734.1842651367188,-1320.82861328125,1.4140950441360474,-492.01727294921875,-847.1676635742188,1.2252322435379028,109.6592025756836,-618.7935180664062,0.29331138730049133
2025-09-11T16:06:22.404+02:00,-734.13037109375,-1325.286376953125,1.304611325263977,-492.0068054199219,-847.1578979492188,1.2252910137176514,109.6649398803711,-618.7647705078125,0.2933943271636963
2025-09-11T16:06:22.424+02:00,-734.13037109375,-1325.286376953125,1.304611325263977,-492.0068054199219,-847.1578979492188,1.2252910137176514,109.6649398803711,-618.7647705078125,0.2933943271636963
2025-09-11T16:06:22.444+02:00,-733.7338256835938,-1326.06640625,1.265497088432312,-492.0081787109375,-847.1566162109375,1.2253551483154297,109.66546630859375,-618.792236328125,0.2935032248497009
2025-09-11T16:06:22.464+02:00,-733.553466796875,-1326.6099853515625,1.226971983909607,-492.0103759765625,-847.1701049804688,1.2252886295318604,109.65467071533203,-618.8007202148438,0.2932913899421692
2025-09-11T16:06:22.484+02:00,-733.553466796875,-1326.6099853515625,1.226971983909607,-492.0103759765625,-847.1701049804688,1.2252886295318604,109.65467071533203,-618.8007202148438,0.2932913899421692
2025-09-11T16:06:22.505+02:00,-733.4971313476562,-1327.1240234375,1.1883788108825684,-492.01702880859375,-847.1503295898438,1.2253901958465576,109.648681640625,-618.77197265625,0.29340606927871704
2025-09-11T16:06:22.525+02:00,-733.4971313476562,-1327.1240234375,1.1883788108825684,-492.01702880859375,-847.1503295898438,1.2253901958465576,109.648681640625,-618.77197265625,0.29340606927871704
2025-09-11T16:06:22.545+02:00,-733.4971313476562,-1327.1240234375,1.1883788108825684,-492.01702880859375,-847.1503295898438,1.2253901958465576,109.648681640625,-618.77197265625,0.29340606927871704
2025-09-11T16:06:22.565+02:00,-733.4971313476562,-1327.1240234375,1.1883788108825684,-492.01702880859375,-847.1503295898438,1.2253901958465576,109.648681640625,-618.77197265625,0.29340606927871704
2025-09-11T16:06:22.585+02:00,-733.4971313476562,-1327.1240234375,1.1883788108825684,-492.01702880859375,-847.1503295898438,1.2253901958465576,109.648681640625,-618.77197265625,0.29340606927871704
2025-09-11T16:06:22.604+02:00,-733.4971313476562,-1327.1240234375,1.1883788108825684,-492.01702880859375,-847.1503295898438,1.2253901958465576,109.648681640625,-618.77197265625,0.29340606927871704
2025-09-11T16:06:22.624+02:00,-732.5382690429688,-1328.7635498046875,1.0593963861465454,-492.01739501953125,-847.1619262695312,1.225405216217041,109.65214538574219,-618.7266845703125,0.293175607919693
2025-09-11T16:06:22.644+02:00,-731.7088012695312,-1328.6368408203125,1.0173141956329346,-492.01739501953125,-847.1619262695312,1.225405216217041,109.65477752685547,-618.7979125976562,0.29343241453170776
2025-09-11T16:06:22.665+02:00,-731.7088012695312,-1328.6368408203125,1.0173141956329346,-492.01739501953125,-847.1619262695312,1.225405216217041,109.65477752685547,-618.7979125976562,0.29343241453170776
2025-09-11T16:06:22.685+02:00,-731.1202392578125,-1328.2122802734375,0.979636549949646,-492.01739501953125,-847.1619262695312,1.225405216217041,109.66384887695312,-618.8179931640625,0.2933230400085449
2025-09-11T16:06:22.704+02:00,-730.1466064453125,-1327.447265625,0.9432998299598694,-492.0022888183594,-847.164306640625,1.2253830432891846,109.6708755493164,-618.7949829101562,0.29335257411003113
2025-09-11T16:06:22.725+02:00,-730.1466064453125,-1327.447265625,0.9432998299598694,-492.0022888183594,-847.164306640625,1.2253830432891846,109.6708755493164,-618.7949829101562,0.29335257411003113
2025-09-11T16:06:22.745+02:00,-730.1466064453125,-1327.447265625,0.9432998299598694,-492.0022888183594,-847.164306640625,1.2253830432891846,109.6708755493164,-618.7949829101562,0.29335257411003113
2025-09-11T16:06:22.765+02:00,-730.1466064453125,-1327.447265625,0.9432998299598694,-492.0022888183594,-847.164306640625,1.2253830432891846,109.6708755493164,-618.7949829101562,0.29335257411003113
2025-09-11T16:06:22.785+02:00,-730.1466064453125,-1327.447265625,0.9432998299598694,-492.0022888183594,-847.164306640625,1.2253830432891846,109.6708755493164,-618.7949829101562,0.29335257411003113
2025-09-11T16:06:22.804+02:00,-728.8914184570312,-1326.528564453125,0.9077755808830261,-492.0177001953125,-847.1583251953125,1.2253738641738892,109.66449737548828,-618.7914428710938,0.29343634843826294
2025-09-11T16:06:22.824+02:00,-728.8914184570312,-1326.528564453125,0.9077755808830261,-492.0177001953125,-847.1583251953125,1.2253738641738892,109.66449737548828,-618.7914428710938,0.29343634843826294
2025-09-11T16:06:22.845+02:00,-724.9783935546875,-1323.4013671875,0.8137617707252502,-492.0074462890625,-847.1534423828125,1.2256762981414795,109.67170715332031,-618.78466796875,0.2935858964920044
2025-09-11T16:06:22.864+02:00,-723.347412109375,-1322.2637939453125,0.7841232419013977,-492.0096740722656,-847.1576538085938,1.2253221273422241,109.67007446289062,-618.7964477539062,0.29348742961883545
2025-09-11T16:06:22.884+02:00,-723.347412109375,-1322.2637939453125,0.7841232419013977,-492.0096740722656,-847.1576538085938,1.2253221273422241,109.67007446289062,-618.7964477539062,0.29348742961883545
2025-09-11T16:06:22.904+02:00,-721.6204833984375,-1321.15234375,0.7527936697006226,-492.0102844238281,-847.1470947265625,1.225182056427002,109.67007446289062,-618.7964477539062,0.29348742961883545
2025-09-11T16:06:22.924+02:00,-721.6204833984375,-1321.15234375,0.7527936697006226,-492.0102844238281,-847.1470947265625,1.225182056427002,109.67007446289062,-618.7964477539062,0.29348742961883545
2025-09-11T16:06:22.945+02:00,-720.2828979492188,-1320.2735595703125,0.7191310524940491,-492.0187072753906,-847.1581420898438,1.2255029678344727,109.67007446289062,-618.7964477539062,0.29348742961883545
2025-09-11T16:06:22.965+02:00,-720.2828979492188,-1320.2735595703125,0.7191310524940491,-492.0187072753906,-847.1581420898438,1.2255029678344727,109.67007446289062,-618.7964477539062,0.29348742961883545
2025-09-11T16:06:22.985+02:00,-720.2828979492188,-1320.2735595703125,0.7191310524940491,-492.0187072753906,-847.1581420898438,1.2255029678344727,109.67007446289062,-618.7964477539062,0.29348742961883545
2025-09-11T16:06:23.005+02:00,-720.2828979492188,-1320.2735595703125,0.7191310524940491,-492.0187072753906,-847.1581420898438,1.2255029678344727,109.67007446289062,-618.7964477539062,0.29348742961883545
2025-09-11T16:06:23.024+02:00,-720.2828979492188,-1320.2735595703125,0.7191310524940491,-492.0187072753906,-847.1581420898438,1.2255029678344727,109.67007446289062,-618.7964477539062,0.29348742961883545
2025-09-11T16:06:23.045+02:00,-720.2828979492188,-1320.2735595703125,0.7191310524940491,-492.0187072753906,-847.1581420898438,1.2255029678344727,109.67007446289062,-618.7964477539062,0.29348742961883545
2025-09-11T16:06:23.065+02:00,-720.2828979492188,-1320.2735595703125,0.7191310524940491,-492.0187072753906,-847.1581420898438,1.2255029678344727,109.67007446289062,-618.7964477539062,0.29348742961883545
2025-09-11T16:06:23.085+02:00,-720.2828979492188,-1320.2735595703125,0.7191310524940491,-492.0187072753906,-847.1581420898438,1.2255029678344727,109.67007446289062,-618.7964477539062,0.29348742961883545
2025-09-11T16:06:23.104+02:00,-720.2828979492188,-1320.2735595703125,0.7191310524940491,-492.0187072753906,-847.1581420898438,1.2255029678344727,109.67007446289062,-618.7964477539062,0.29348742961883545
2025-09-11T16:06:23.124+02:00,-720.2828979492188,-1320.2735595703125,0.7191310524940491,-492.0187072753906,-847.1581420898438,1.2255029678344727,109.67007446289062,-618.7964477539062,0.29348742961883545
2025-09-11T16:06:23.145+02:00,-720.2828979492188,-1320.2735595703125,0.7191310524940491,-492.0187072753906,-847.1581420898438,1.2255029678344727,109.67007446289062,-618.7964477539062,0.29348742961883545
2025-09-11T16:06:23.165+02:00,-720.2828979492188,-1320.2735595703125,0.7191310524940491,-492.0187072753906,-847.1581420898438,1.2255029678344727,109.67007446289062,-618.7964477539062,0.29348742961883545
2025-09-11T16:06:23.185+02:00,-702.103515625,-1310.6746826171875,0.5145527124404907,-492.0243225097656,-847.1536865234375,1.225771427154541,109.66727447509766,-618.8126831054688,0.29335761070251465
2025-09-11T16:06:23.205+02:00,-702.103515625,-1310.6746826171875,0.5145527124404907,-492.0243225097656,-847.1536865234375,1.225771427154541,109.66727447509766,-618.8126831054688,0.29335761070251465
2025-09-11T16:06:23.225+02:00,-702.103515625,-1310.6746826171875,0.5145527124404907,-492.0243225097656,-847.1536865234375,1.225771427154541,109.66727447509766,-618.8126831054688,0.29335761070251465
2025-09-11T16:06:23.244+02:00,-692.1953125,-1307.6407470703125,0.39181166887283325,-492.02691650390625,-847.154541015625,1.2254445552825928,109.66282653808594,-618.8258056640625,0.29335904121398926
2025-09-11T16:06:23.265+02:00,-692.1953125,-1307.6407470703125,0.39181166887283325,-492.02691650390625,-847.154541015625,1.2254445552825928,109.66282653808594,-618.8258056640625,0.29335904121398926
2025-09-11T16:06:23.285+02:00,-689.04541015625,-1306.9124755859375,0.35357794165611267,-492.123046875,-847.289794921875,1.2254071235656738,109.6585464477539,-618.8052978515625,0.29346394538879395
2025-09-11T16:06:23.304+02:00,-685.924072265625,-1306.487548828125,0.3178863227367401,-492.0289306640625,-847.1505126953125,1.2254201173782349,109.6585464477539,-618.8052978515625,0.29346394538879395
2025-09-11T16:06:23.325+02:00,-685.924072265625,-1306.487548828125,0.3178863227367401,-492.0289306640625,-847.1505126953125,1.2254201173782349,109.6585464477539,-618.8052978515625,0.29346394538879395
2025-09-11T16:06:23.344+02:00,-681.3125610351562,-1305.4759521484375,0.2849011719226837,-491.9995422363281,-847.1591186523438,1.2252784967422485,109.6585464477539,-618.8052978515625,0.29346394538879395
2025-09-11T16:06:23.364+02:00,-676.6581420898438,-1304.4906005859375,0.2585660517215729,-492.02825927734375,-847.17041015625,1.2252252101898193,109.66382598876953,-618.7913208007812,0.2935582399368286
2025-09-11T16:06:23.385+02:00,-676.6581420898438,-1304.4906005859375,0.2585660517215729,-492.02825927734375,-847.17041015625,1.2252252101898193,109.66382598876953,-618.7913208007812,0.2935582399368286
2025-09-11T16:06:23.405+02:00,-676.6581420898438,-1304.4906005859375,0.2585660517215729,-492.02825927734375,-847.17041015625,1.2252252101898193,109.66382598876953,-618.7913208007812,0.2935582399368286
2025-09-11T16:06:23.424+02:00,-672.9657592773438,-1303.9613037109375,0.23934529721736908,-491.3913269042969,-845.7318725585938,1.223008155822754,109.66477966308594,-618.7967529296875,0.2934660017490387
2025-09-11T16:06:23.444+02:00,-672.9657592773438,-1303.9613037109375,0.23934529721736908,-491.3913269042969,-845.7318725585938,1.223008155822754,109.66477966308594,-618.7967529296875,0.2934660017490387
2025-09-11T16:06:23.465+02:00,-672.9657592773438,-1303.9613037109375,0.23934529721736908,-491.3913269042969,-845.7318725585938,1.223008155822754,109.66477966308594,-618.7967529296875,0.2934660017490387
2025-09-11T16:06:23.484+02:00,-672.9657592773438,-1303.9613037109375,0.23934529721736908,-491.3913269042969,-845.7318725585938,1.223008155822754,109.66477966308594,-618.7967529296875,0.2934660017490387
2025-09-11T16:06:23.504+02:00,-667.216796875,-1302.55859375,0.2123291790485382,-488.94903564453125,-838.8516845703125,1.2167960405349731,109.67323303222656,-618.778076171875,0.29343491792678833
2025-09-11T16:06:23.524+02:00,-664.111328125,-1301.8671875,0.19921350479125977,-487.050048828125,-834.4068603515625,1.2161037921905518,109.67323303222656,-618.778076171875,0.29343491792678833
2025-09-11T16:06:23.544+02:00,-659.8910522460938,-1301.08203125,0.18491415679454803,-484.8826599121094,-829.1001586914062,1.2117395401000977,109.67323303222656,-618.778076171875,0.29343491792678833
2025-09-11T16:06:23.565+02:00,-659.8910522460938,-1301.08203125,0.18491415679454803,-484.8826599121094,-829.1001586914062,1.2117395401000977,109.67323303222656,-618.778076171875,0.29343491792678833
2025-09-11T16:06:23.585+02:00,-659.8910522460938,-1301.08203125,0.18491415679454803,-484.8826599121094,-829.1001586914062,1.2117395401000977,109.67323303222656,-618.778076171875,0.29343491792678833
2025-09-11T16:06:23.605+02:00,-654.7224731445312,-1300.20068359375,0.16950805485248566,-482.6037902832031,-823.3623657226562,1.209470510482788,109.66546630859375,-618.796630859375,0.29345500469207764
2025-09-11T16:06:23.624+02:00,-654.7224731445312,-1300.20068359375,0.16950805485248566,-482.6037902832031,-823.3623657226562,1.209470510482788,109.66546630859375,-618.796630859375,0.29345500469207764
2025-09-11T16:06:23.644+02:00,-654.7224731445312,-1300.20068359375,0.16950805485248566,-482.6037902832031,-823.3623657226562,1.209470510482788,109.66546630859375,-618.796630859375,0.29345500469207764
2025-09-11T16:06:23.664+02:00,-654.7224731445312,-1300.20068359375,0.16950805485248566,-482.6037902832031,-823.3623657226562,1.209470510482788,109.66546630859375,-618.796630859375,0.29345500469207764
2025-09-11T16:06:23.685+02:00,-654.7224731445312,-1300.20068359375,0.16950805485248566,-482.6037902832031,-823.3623657226562,1.209470510482788,109.66546630859375,-618.796630859375,0.29345500469207764
2025-09-11T16:06:23.704+02:00,-654.7224731445312,-1300.20068359375,0.16950805485248566,-482.6037902832031,-823.3623657226562,1.209470510482788,109.66546630859375,-618.796630859375,0.29345500469207764
2025-09-11T16:06:23.724+02:00,-635.5258178710938,-1298.040771484375,0.11750700324773788,-476.11566162109375,-806.9444580078125,1.203437328338623,109.65006256103516,-618.8091430664062,0.29361221194267273
2025-09-11T16:06:23.744+02:00,-630.7860107421875,-1297.491943359375,0.10566571354866028,-475.9342041015625,-806.24365234375,1.201967477798462,109.65006256103516,-618.8091430664062,0.29361221194267273
2025-09-11T16:06:23.765+02:00,-630.7860107421875,-1297.491943359375,0.10566571354866028,-475.9342041015625,-806.24365234375,1.201967477798462,109.65006256103516,-618.8091430664062,0.29361221194267273
2025-09-11T16:06:23.784+02:00,-625.7335205078125,-1297.0341796875,0.09450775384902954,-476.1432189941406,-806.7369384765625,1.2018871307373047,109.63304138183594,-618.8189086914062,0.29360395669937134
2025-09-11T16:06:23.805+02:00,-620.559326171875,-1296.83447265625,0.08322451263666153,-476.1477966308594,-806.7471313476562,1.201653003692627,109.63806915283203,-618.8027954101562,0.29369083046913147
2025-09-11T16:06:23.824+02:00,-620.559326171875,-1296.83447265625,0.08322451263666153,-476.1477966308594,-806.7471313476562,1.201653003692627,109.63806915283203,-618.8027954101562,0.29369083046913147
2025-09-11T16:06:23.844+02:00,-620.559326171875,-1296.83447265625,0.08322451263666153,-476.1477966308594,-806.7471313476562,1.201653003692627,109.63806915283203,-618.8027954101562,0.29369083046913147
2025-09-11T16:06:23.864+02:00,-620.559326171875,-1296.83447265625,0.08322451263666153,-476.1477966308594,-806.7471313476562,1.201653003692627,109.63806915283203,-618.8027954101562,0.29369083046913147
2025-09-11T16:06:23.884+02:00,-620.559326171875,-1296.83447265625,0.08322451263666153,-476.1477966308594,-806.7471313476562,1.201653003692627,109.63806915283203,-618.8027954101562,0.29369083046913147
2025-09-11T16:06:23.904+02:00,-620.559326171875,-1296.83447265625,0.08322451263666153,-476.1477966308594,-806.7471313476562,1.201653003692627,109.63806915283203,-618.8027954101562,0.29369083046913147
2025-09-11T16:06:23.925+02:00,-620.559326171875,-1296.83447265625,0.08322451263666153,-476.1477966308594,-806.7471313476562,1.201653003692627,109.63806915283203,-618.8027954101562,0.29369083046913147
2025-09-11T16:06:23.944+02:00,-601.49560546875,-1296.034912109375,0.04780331999063492,-476.1430969238281,-806.7476196289062,1.2019809484481812,109.63668823242188,-618.8092651367188,0.29372337460517883
2025-09-11T16:06:23.964+02:00,-594.9701538085938,-1295.7645263671875,0.04122958704829216,-476.17138671875,-806.7454223632812,1.2021424770355225,109.63668823242188,-618.8092651367188,0.29372337460517883
2025-09-11T16:06:23.985+02:00,-594.9701538085938,-1295.7645263671875,0.04122958704829216,-476.17138671875,-806.7454223632812,1.2021424770355225,109.63668823242188,-618.8092651367188,0.29372337460517883
2025-09-11T16:06:24.004+02:00,-588.646484375,-1295.6014404296875,0.03513925150036812,-476.17926025390625,-806.7137451171875,1.2022862434387207,109.64544677734375,-618.8292236328125,0.2936156392097473
2025-09-11T16:06:24.024+02:00,-588.646484375,-1295.6014404296875,0.03513925150036812,-476.17926025390625,-806.7137451171875,1.2022862434387207,109.64544677734375,-618.8292236328125,0.2936156392097473
2025-09-11T16:06:24.044+02:00,-583.0606079101562,-1295.33935546875,0.028340188786387444,-476.15911865234375,-806.7576293945312,1.2019773721694946,109.630859375,-618.8087768554688,0.2937513589859009
2025-09-11T16:06:24.065+02:00,-583.0606079101562,-1295.33935546875,0.028340188786387444,-476.15911865234375,-806.7576293945312,1.2019773721694946,109.630859375,-618.8087768554688,0.2937513589859009
2025-09-11T16:06:24.085+02:00,-577.6078491210938,-1295.2584228515625,0.02354166842997074,-476.19390869140625,-806.741943359375,1.2023407220840454,109.64320373535156,-618.800048828125,0.29375016689300537
2025-09-11T16:06:24.105+02:00,-577.6078491210938,-1295.2584228515625,0.02354166842997074,-476.19390869140625,-806.741943359375,1.2023407220840454,109.64320373535156,-618.800048828125,0.29375016689300537
2025-09-11T16:06:24.125+02:00,-577.6078491210938,-1295.2584228515625,0.02354166842997074,-476.19390869140625,-806.741943359375,1.2023407220840454,109.64320373535156,-618.800048828125,0.29375016689300537
2025-09-11T16:06:24.144+02:00,-564.827880859375,-1294.6527099609375,0.020656894892454147,-476.18890380859375,-806.7333374023438,1.202174425125122,109.65032196044922,-618.7950439453125,0.29374751448631287
2025-09-11T16:06:24.164+02:00,-557.6199951171875,-1294.583984375,0.019536124542355537,-476.0019226074219,-806.4331665039062,1.2018932104110718,109.60790252685547,-618.79296875,0.29383352398872375
2025-09-11T16:06:24.185+02:00,-557.6199951171875,-1294.583984375,0.019536124542355537,-476.0019226074219,-806.4331665039062,1.2018932104110718,109.60790252685547,-618.79296875,0.29383352398872375
2025-09-11T16:06:24.205+02:00,-551.4983520507812,-1294.5130615234375,0.01906866580247879,-474.9080505371094,-803.94873046875,1.2039167881011963,109.62468719482422,-618.8219604492188,0.2936224043369293
2025-09-11T16:06:24.224+02:00,-551.4983520507812,-1294.5130615234375,0.01906866580247879,-474.9080505371094,-803.94873046875,1.2039167881011963,109.62468719482422,-618.8219604492188,0.2936224043369293
2025-09-11T16:06:24.245+02:00,-544.7438354492188,-1294.3106689453125,0.019094211980700493,-473.42889404296875,-800.508056640625,1.2023907899856567,109.65049743652344,-618.7951049804688,0.2935173213481903
2025-09-11T16:06:24.265+02:00,-544.7438354492188,-1294.3106689453125,0.019094211980700493,-473.42889404296875,-800.508056640625,1.2023907899856567,109.65049743652344,-618.7951049804688,0.2935173213481903
2025-09-11T16:06:24.285+02:00,-544.7438354492188,-1294.3106689453125,0.019094211980700493,-473.42889404296875,-800.508056640625,1.2023907899856567,109.65049743652344,-618.7951049804688,0.2935173213481903
2025-09-11T16:06:24.305+02:00,-544.7438354492188,-1294.3106689453125,0.019094211980700493,-473.42889404296875,-800.508056640625,1.2023907899856567,109.65049743652344,-618.7951049804688,0.2935173213481903
2025-09-11T16:06:24.325+02:00,-544.7438354492188,-1294.3106689453125,0.019094211980700493,-473.42889404296875,-800.508056640625,1.2023907899856567,109.65049743652344,-618.7951049804688,0.2935173213481903
2025-09-11T16:06:24.345+02:00,-544.7438354492188,-1294.3106689453125,0.019094211980700493,-473.42889404296875,-800.508056640625,1.2023907899856567,109.65049743652344,-618.7951049804688,0.2935173213481903
2025-09-11T16:06:24.365+02:00,-544.7438354492188,-1294.3106689453125,0.019094211980700493,-473.42889404296875,-800.508056640625,1.2023907899856567,109.65049743652344,-618.7951049804688,0.2935173213481903
2025-09-11T16:06:24.384+02:00,-520.376220703125,-1293.75146484375,0.031006649136543274,-465.0610046386719,-780.7296142578125,1.1990280151367188,109.62410736083984,-618.7988891601562,0.2934928834438324
2025-09-11T16:06:24.404+02:00,-514.558837890625,-1293.7034912109375,0.039354704320430756,-462.3857116699219,-774.4808959960938,1.1977732181549072,109.64801788330078,-618.8408813476562,0.29337409138679504
2025-09-11T16:06:24.424+02:00,-508.7154235839844,-1293.45068359375,0.0475015863776207,-459.7918701171875,-767.9764404296875,1.1984633207321167,109.62397766113281,-618.8192749023438,0.2933690547943115
2025-09-11T16:06:24.445+02:00,-508.7154235839844,-1293.45068359375,0.0475015863776207,-459.7918701171875,-767.9764404296875,1.1984633207321167,109.62397766113281,-618.8192749023438,0.2933690547943115
2025-09-11T16:06:24.465+02:00,-502.6834716796875,-1293.4388427734375,0.05422678589820862,-457.2967529296875,-761.2273559570312,1.1940593719482422,109.63786315917969,-618.7965698242188,0.29351484775543213
2025-09-11T16:06:24.485+02:00,-502.6834716796875,-1293.4388427734375,0.05422678589820862,-457.2967529296875,-761.2273559570312,1.1940593719482422,109.63786315917969,-618.7965698242188,0.29351484775543213
2025-09-11T16:06:24.505+02:00,-502.6834716796875,-1293.4388427734375,0.05422678589820862,-457.2967529296875,-761.2273559570312,1.1940593719482422,109.63786315917969,-618.7965698242188,0.29351484775543213
2025-09-11T16:06:24.525+02:00,-496.8861083984375,-1293.1435546875,0.06249132379889488,-455.57550048828125,-756.3642578125,1.1889986991882324,109.62106323242188,-618.8101196289062,0.29354751110076904
2025-09-11T16:06:24.545+02:00,-496.8861083984375,-1293.1435546875,0.06249132379889488,-455.57550048828125,-756.3642578125,1.1889986991882324,109.62106323242188,-618.8101196289062,0.29354751110076904
2025-09-11T16:06:24.565+02:00,-496.8861083984375,-1293.1435546875,0.06249132379889488,-455.57550048828125,-756.3642578125,1.1889986991882324,109.62106323242188,-618.8101196289062,0.29354751110076904
2025-09-11T16:06:24.585+02:00,-496.8861083984375,-1293.1435546875,0.06249132379889488,-455.57550048828125,-756.3642578125,1.1889986991882324,109.62106323242188,-618.8101196289062,0.29354751110076904
2025-09-11T16:06:24.605+02:00,-496.8861083984375,-1293.1435546875,0.06249132379889488,-455.57550048828125,-756.3642578125,1.1889986991882324,109.62106323242188,-618.8101196289062,0.29354751110076904
2025-09-11T16:06:24.625+02:00,-496.8861083984375,-1293.1435546875,0.06249132379889488,-455.57550048828125,-756.3642578125,1.1889986991882324,109.62106323242188,-618.8101196289062,0.29354751110076904
2025-09-11T16:06:24.644+02:00,-496.8861083984375,-1293.1435546875,0.06249132379889488,-455.57550048828125,-756.3642578125,1.1889986991882324,109.62106323242188,-618.8101196289062,0.29354751110076904
2025-09-11T16:06:24.665+02:00,-496.8861083984375,-1293.1435546875,0.06249132379889488,-455.57550048828125,-756.3642578125,1.1889986991882324,109.62106323242188,-618.8101196289062,0.29354751110076904
2025-09-11T16:06:24.685+02:00,-496.8861083984375,-1293.1435546875,0.06249132379889488,-455.57550048828125,-756.3642578125,1.1889986991882324,109.62106323242188,-618.8101196289062,0.29354751110076904
2025-09-11T16:06:24.704+02:00,-475.3812255859375,-1290.1607666015625,0.12642376124858856,-454.6037292480469,-753.5816650390625,1.1867486238479614,109.64061737060547,-618.8087158203125,0.2933894097805023
2025-09-11T16:06:24.725+02:00,-475.3812255859375,-1290.1607666015625,0.12642376124858856,-454.6037292480469,-753.5816650390625,1.1867486238479614,109.64061737060547,-618.8087158203125,0.2933894097805023
2025-09-11T16:06:24.744+02:00,-475.3812255859375,-1290.1607666015625,0.12642376124858856,-454.6037292480469,-753.5816650390625,1.1867486238479614,109.64061737060547,-618.8087158203125,0.2933894097805023
2025-09-11T16:06:24.765+02:00,-475.3812255859375,-1290.1607666015625,0.12642376124858856,-454.6037292480469,-753.5816650390625,1.1867486238479614,109.64061737060547,-618.8087158203125,0.2933894097805023
2025-09-11T16:06:24.785+02:00,-475.3812255859375,-1290.1607666015625,0.12642376124858856,-454.6037292480469,-753.5816650390625,1.1867486238479614,109.64061737060547,-618.8087158203125,0.2933894097805023
2025-09-11T16:06:24.805+02:00,-475.3812255859375,-1290.1607666015625,0.12642376124858856,-454.6037292480469,-753.5816650390625,1.1867486238479614,109.64061737060547,-618.8087158203125,0.2933894097805023
2025-09-11T16:06:24.824+02:00,-475.3812255859375,-1290.1607666015625,0.12642376124858856,-454.6037292480469,-753.5816650390625,1.1867486238479614,109.64061737060547,-618.8087158203125,0.2933894097805023
2025-09-11T16:06:24.844+02:00,-475.3812255859375,-1290.1607666015625,0.12642376124858856,-454.6037292480469,-753.5816650390625,1.1867486238479614,109.64061737060547,-618.8087158203125,0.2933894097805023
2025-09-11T16:06:24.864+02:00,-475.3812255859375,-1290.1607666015625,0.12642376124858856,-454.6037292480469,-753.5816650390625,1.1867486238479614,109.64061737060547,-618.8087158203125,0.2933894097805023
2025-09-11T16:06:24.884+02:00,-475.3812255859375,-1290.1607666015625,0.12642376124858856,-454.6037292480469,-753.5816650390625,1.1867486238479614,109.64061737060547,-618.8087158203125,0.2933894097805023
2025-09-11T16:06:24.904+02:00,-448.29046630859375,-1284.671630859375,0.21032418310642242,-454.5728454589844,-753.56787109375,1.1862399578094482,109.6201400756836,-618.8143310546875,0.29348522424697876
2025-09-11T16:06:24.925+02:00,-448.29046630859375,-1284.671630859375,0.21032418310642242,-454.5728454589844,-753.56787109375,1.1862399578094482,109.6201400756836,-618.8143310546875,0.29348522424697876
2025-09-11T16:06:24.944+02:00,-448.29046630859375,-1284.671630859375,0.21032418310642242,-454.5728454589844,-753.56787109375,1.1862399578094482,109.6201400756836,-618.8143310546875,0.29348522424697876
2025-09-11T16:06:24.964+02:00,-444.8022766113281,-1283.611572265625,0.22278600931167603,-454.56170654296875,-753.5498046875,1.1860891580581665,109.6201400756836,-618.8143310546875,0.29348522424697876
2025-09-11T16:06:24.985+02:00,-444.8022766113281,-1283.611572265625,0.22278600931167603,-454.56170654296875,-753.5498046875,1.1860891580581665,109.6201400756836,-618.8143310546875,0.29348522424697876
2025-09-11T16:06:25.005+02:00,-444.8022766113281,-1283.611572265625,0.22278600931167603,-454.56170654296875,-753.5498046875,1.1860891580581665,109.6201400756836,-618.8143310546875,0.29348522424697876
2025-09-11T16:06:25.025+02:00,-444.8022766113281,-1283.611572265625,0.22278600931167603,-454.56170654296875,-753.5498046875,1.1860891580581665,109.6201400756836,-618.8143310546875,0.29348522424697876
2025-09-11T16:06:25.044+02:00,-427.9742126464844,-1278.7415771484375,0.28077641129493713,-454.5731506347656,-753.5714721679688,1.186601161956787,109.62844848632812,-618.802490234375,0.29349929094314575
2025-09-11T16:06:25.065+02:00,-427.9742126464844,-1278.7415771484375,0.28077641129493713,-454.5731506347656,-753.5714721679688,1.186601161956787,109.62844848632812,-618.802490234375,0.29349929094314575
2025-09-11T16:06:25.085+02:00,-423.958984375,-1277.3896484375,0.2978070378303528,-454.54852294921875,-753.568359375,1.186221718788147,109.63136291503906,-618.8258666992188,0.2933858335018158
2025-09-11T16:06:25.104+02:00,-420.4437561035156,-1276.23291015625,0.31645676493644714,-454.56683349609375,-753.5891723632812,1.186646580696106,109.649658203125,-618.814697265625,0.2934008836746216
2025-09-11T16:06:25.124+02:00,-420.4437561035156,-1276.23291015625,0.31645676493644714,-454.56683349609375,-753.5891723632812,1.186646580696106,109.649658203125,-618.814697265625,0.2934008836746216
2025-09-11T16:06:25.144+02:00,-417.0240478515625,-1274.6068115234375,0.33274850249290466,-454.5793151855469,-753.5628662109375,1.1865818500518799,109.62842559814453,-618.8138427734375,0.29352107644081116
2025-09-11T16:06:25.165+02:00,-417.0240478515625,-1274.6068115234375,0.33274850249290466,-454.5793151855469,-753.5628662109375,1.1865818500518799,109.62842559814453,-618.8138427734375,0.29352107644081116
2025-09-11T16:06:25.185+02:00,-417.0240478515625,-1274.6068115234375,0.33274850249290466,-454.5793151855469,-753.5628662109375,1.1865818500518799,109.62842559814453,-618.8138427734375,0.29352107644081116
2025-09-11T16:06:25.205+02:00,-417.0240478515625,-1274.6068115234375,0.33274850249290466,-454.5793151855469,-753.5628662109375,1.1865818500518799,109.62842559814453,-618.8138427734375,0.29352107644081116
2025-09-11T16:06:25.225+02:00,-417.0240478515625,-1274.6068115234375,0.33274850249290466,-454.5793151855469,-753.5628662109375,1.1865818500518799,109.62842559814453,-618.8138427734375,0.29352107644081116
2025-09-11T16:06:25.244+02:00,-410.2328796386719,-1271.7755126953125,0.37107202410697937,-454.54705810546875,-753.5628051757812,1.1862163543701172,109.62047576904297,-618.8131713867188,0.29350557923316956
2025-09-11T16:06:25.264+02:00,-405.0003662109375,-1268.921142578125,0.4107230305671692,-454.55859375,-753.5790405273438,1.186568021774292,109.61593627929688,-618.7931518554688,0.2935044765472412
2025-09-11T16:06:25.285+02:00,-405.0003662109375,-1268.921142578125,0.4107230305671692,-454.55859375,-753.5790405273438,1.186568021774292,109.61593627929688,-618.7931518554688,0.2935044765472412
2025-09-11T16:06:25.305+02:00,-405.0003662109375,-1268.921142578125,0.4107230305671692,-454.55859375,-753.5790405273438,1.186568021774292,109.61593627929688,-618.7931518554688,0.2935044765472412
2025-09-11T16:06:25.325+02:00,-401.9066467285156,-1267.2149658203125,0.4329036474227905,-454.55450439453125,-753.5636596679688,1.186224102973938,109.63555145263672,-618.798828125,0.2935048043727875
2025-09-11T16:06:25.345+02:00,-398.63909912109375,-1265.59716796875,0.4540855288505554,-454.55450439453125,-753.5636596679688,1.186224102973938,109.62727355957031,-618.81591796875,0.2933802902698517
2025-09-11T16:06:25.364+02:00,-398.63909912109375,-1265.59716796875,0.4540855288505554,-454.55450439453125,-753.5636596679688,1.186224102973938,109.62727355957031,-618.81591796875,0.2933802902698517
2025-09-11T16:06:25.384+02:00,-395.40814208984375,-1263.4979248046875,0.4740822911262512,-454.5577697753906,-753.5741577148438,1.1866412162780762,109.6207504272461,-618.8003540039062,0.29352739453315735
2025-09-11T16:06:25.405+02:00,-395.40814208984375,-1263.4979248046875,0.4740822911262512,-454.5577697753906,-753.5741577148438,1.1866412162780762,109.6207504272461,-618.8003540039062,0.29352739453315735
2025-09-11T16:06:25.425+02:00,-395.40814208984375,-1263.4979248046875,0.4740822911262512,-454.5577697753906,-753.5741577148438,1.1866412162780762,109.6207504272461,-618.8003540039062,0.29352739453315735
2025-09-11T16:06:25.444+02:00,-389.6943664550781,-1260.2091064453125,0.514683187007904,-454.55487060546875,-753.5697631835938,1.1861783266067505,109.6279525756836,-618.8341064453125,0.29338812828063965
2025-09-11T16:06:25.464+02:00,-387.02557373046875,-1258.5777587890625,0.5372543931007385,-454.56414794921875,-753.5611572265625,1.1863094568252563,109.60289001464844,-618.8110961914062,0.29352203011512756
2025-09-11T16:06:25.485+02:00,-387.02557373046875,-1258.5777587890625,0.5372543931007385,-454.56414794921875,-753.5611572265625,1.1863094568252563,109.60289001464844,-618.8110961914062,0.29352203011512756
2025-09-11T16:06:25.504+02:00,-384.1606140136719,-1256.4827880859375,0.5629591941833496,-454.55126953125,-753.5650024414062,1.1863542795181274,109.63861846923828,-618.8101806640625,0.2935575842857361
2025-09-11T16:06:25.524+02:00,-380.7491149902344,-1253.75390625,0.5892909169197083,-454.5632019042969,-753.5648803710938,1.1860214471817017,109.61798858642578,-618.8109130859375,0.2935086488723755
2025-09-11T16:06:25.545+02:00,-380.7491149902344,-1253.75390625,0.5892909169197083,-454.5632019042969,-753.5648803710938,1.1860214471817017,109.61798858642578,-618.8109130859375,0.2935086488723755
2025-09-11T16:06:25.565+02:00,-377.2091369628906,-1250.8284912109375,0.6134679913520813,-454.5653381347656,-753.5814208984375,1.1866848468780518,109.61798858642578,-618.8109130859375,0.2935086488723755
2025-09-11T16:06:25.585+02:00,-377.2091369628906,-1250.8284912109375,0.6134679913520813,-454.5653381347656,-753.5814208984375,1.1866848468780518,109.61798858642578,-618.8109130859375,0.2935086488723755
2025-09-11T16:06:25.605+02:00,-377.2091369628906,-1250.8284912109375,0.6134679913520813,-454.5653381347656,-753.5814208984375,1.1866848468780518,109.61798858642578,-618.8109130859375,0.2935086488723755
2025-09-11T16:06:25.625+02:00,-374.2108154296875,-1248.3197021484375,0.636762797832489,-454.5687255859375,-753.5552978515625,1.1864690780639648,109.62028503417969,-618.7938232421875,0.2935115396976471
2025-09-11T16:06:25.644+02:00,-374.2108154296875,-1248.3197021484375,0.636762797832489,-454.5687255859375,-753.5552978515625,1.1864690780639648,109.62028503417969,-618.7938232421875,0.2935115396976471
2025-09-11T16:06:25.665+02:00,-371.5174255371094,-1245.7769775390625,0.6561281085014343,-454.5525817871094,-753.5609741210938,1.1861469745635986,109.62028503417969,-618.7938232421875,0.2935115396976471
2025-09-11T16:06:25.685+02:00,-369.0933532714844,-1243.2835693359375,0.6773688793182373,-454.6199035644531,-753.6553344726562,1.1872026920318604,109.62028503417969,-618.7938232421875,0.2935115396976471
2025-09-11T16:06:25.705+02:00,-366.3750305175781,-1240.7269287109375,0.6984184980392456,-454.5565490722656,-753.5742797851562,1.1863347291946411,109.61595153808594,-618.8106689453125,0.2934929430484772
2025-09-11T16:06:25.724+02:00,-366.3750305175781,-1240.7269287109375,0.6984184980392456,-454.5565490722656,-753.5742797851562,1.1863347291946411,109.61595153808594,-618.8106689453125,0.2934929430484772
2025-09-11T16:06:25.744+02:00,-363.712646484375,-1238.5457763671875,0.7189571261405945,-454.5174865722656,-753.59326171875,1.1868036985397339,109.61595153808594,-618.8106689453125,0.2934929430484772
2025-09-11T16:06:25.764+02:00,-361.48712158203125,-1236.240966796875,0.7388021945953369,-453.745361328125,-752.169677734375,1.1883693933486938,109.61595153808594,-618.8106689453125,0.2934929430484772
2025-09-11T16:06:25.785+02:00,-361.48712158203125,-1236.240966796875,0.7388021945953369,-453.745361328125,-752.169677734375,1.1883693933486938,109.61595153808594,-618.8106689453125,0.2934929430484772
2025-09-11T16:06:25.804+02:00,-359.50421142578125,-1233.764404296875,0.7579183578491211,-452.553955078125,-749.4199829101562,1.190434455871582,109.63624572753906,-618.8001098632812,0.29352515935897827
2025-09-11T16:06:25.824+02:00,-359.50421142578125,-1233.764404296875,0.7579183578491211,-452.553955078125,-749.4199829101562,1.190434455871582,109.63624572753906,-618.8001098632812,0.29352515935897827
2025-09-11T16:06:25.844+02:00,-359.50421142578125,-1233.764404296875,0.7579183578491211,-452.553955078125,-749.4199829101562,1.190434455871582,109.63624572753906,-618.8001098632812,0.29352515935897827
2025-09-11T16:06:25.864+02:00,-359.50421142578125,-1233.764404296875,0.7579183578491211,-452.553955078125,-749.4199829101562,1.190434455871582,109.63624572753906,-618.8001098632812,0.29352515935897827
2025-09-11T16:06:25.885+02:00,-359.50421142578125,-1233.764404296875,0.7579183578491211,-452.553955078125,-749.4199829101562,1.190434455871582,109.63624572753906,-618.8001098632812,0.29352515935897827
2025-09-11T16:06:25.904+02:00,-359.50421142578125,-1233.764404296875,0.7579183578491211,-452.553955078125,-749.4199829101562,1.190434455871582,109.63624572753906,-618.8001098632812,0.29352515935897827
2025-09-11T16:06:25.925+02:00,-359.50421142578125,-1233.764404296875,0.7579183578491211,-452.553955078125,-749.4199829101562,1.190434455871582,109.63624572753906,-618.8001098632812,0.29352515935897827
2025-09-11T16:06:25.944+02:00,-349.64764404296875,-1221.87109375,0.838249146938324,-445.4365539550781,-733.8497924804688,1.2025699615478516,109.63153839111328,-618.7966918945312,0.293504923582077
2025-09-11T16:06:25.964+02:00,-347.68048095703125,-1219.5345458984375,0.8575438261032104,-442.95355224609375,-728.9075927734375,1.2076061964035034,109.61483764648438,-618.811279296875,0.29349789023399353
2025-09-11T16:06:25.985+02:00,-347.68048095703125,-1219.5345458984375,0.8575438261032104,-442.95355224609375,-728.9075927734375,1.2076061964035034,109.61483764648438,-618.811279296875,0.29349789023399353
2025-09-11T16:06:26.005+02:00,-345.7837829589844,-1216.96826171875,0.877239465713501,-440.3821105957031,-724.0372924804688,1.2198522090911865,109.63502502441406,-618.7936401367188,0.2935023605823517
2025-09-11T16:06:26.025+02:00,-345.7837829589844,-1216.96826171875,0.877239465713501,-440.3821105957031,-724.0372924804688,1.2198522090911865,109.63502502441406,-618.7936401367188,0.2935023605823517
2025-09-11T16:06:26.044+02:00,-345.7837829589844,-1216.96826171875,0.877239465713501,-440.3821105957031,-724.0372924804688,1.2198522090911865,109.63502502441406,-618.7936401367188,0.2935023605823517
2025-09-11T16:06:26.065+02:00,-343.9541320800781,-1214.2803955078125,0.8958414793014526,-436.6462707519531,-722.973388671875,1.2738702297210693,109.61811065673828,-618.8004760742188,0.2934974133968353
2025-09-11T16:06:26.084+02:00,-343.9541320800781,-1214.2803955078125,0.8958414793014526,-436.6462707519531,-722.973388671875,1.2738702297210693,109.61811065673828,-618.8004760742188,0.2934974133968353
2025-09-11T16:06:26.104+02:00,-343.9541320800781,-1214.2803955078125,0.8958414793014526,-436.6462707519531,-722.973388671875,1.2738702297210693,109.61811065673828,-618.8004760742188,0.2934974133968353
2025-09-11T16:06:26.125+02:00,-343.9541320800781,-1214.2803955078125,0.8958414793014526,-436.6462707519531,-722.973388671875,1.2738702297210693,109.61811065673828,-618.8004760742188,0.2934974133968353
2025-09-11T16:06:26.144+02:00,-343.9541320800781,-1214.2803955078125,0.8958414793014526,-436.6462707519531,-722.973388671875,1.2738702297210693,109.61811065673828,-618.8004760742188,0.2934974133968353
2025-09-11T16:06:26.164+02:00,-337.60601806640625,-1203.8094482421875,0.9965967535972595,-420.80279541015625,-726.8547973632812,1.5457030534744263,109.61213684082031,-618.808349609375,0.29352039098739624
2025-09-11T16:06:26.185+02:00,-337.60601806640625,-1203.8094482421875,0.9965967535972595,-420.80279541015625,-726.8547973632812,1.5457030534744263,109.61213684082031,-618.808349609375,0.29352039098739624
2025-09-11T16:06:26.205+02:00,-338.0554504394531,-1203.6278076171875,1.0330570936203003,-416.0727233886719,-729.4140014648438,1.6258310079574585,109.61213684082031,-618.808349609375,0.29352039098739624
2025-09-11T16:06:26.224+02:00,-338.7274475097656,-1203.2530517578125,1.0781526565551758,-412.0569152832031,-730.97509765625,1.7021394968032837,109.61890411376953,-618.7979736328125,0.293501079082489
2025-09-11T16:06:26.245+02:00,-338.7274475097656,-1203.2530517578125,1.0781526565551758,-412.0569152832031,-730.97509765625,1.7021394968032837,109.61890411376953,-618.7979736328125,0.293501079082489
2025-09-11T16:06:26.265+02:00,-338.7274475097656,-1203.2530517578125,1.0781526565551758,-412.0569152832031,-730.97509765625,1.7021394968032837,109.61890411376953,-618.7979736328125,0.293501079082489
2025-09-11T16:06:26.285+02:00,-338.7274475097656,-1203.2530517578125,1.0781526565551758,-412.0569152832031,-730.97509765625,1.7021394968032837,109.61890411376953,-618.7979736328125,0.293501079082489
2025-09-11T16:06:26.305+02:00,-338.7274475097656,-1203.2530517578125,1.0781526565551758,-412.0569152832031,-730.97509765625,1.7021394968032837,109.61890411376953,-618.7979736328125,0.293501079082489
2025-09-11T16:06:26.325+02:00,-338.7274475097656,-1203.2530517578125,1.0781526565551758,-412.0569152832031,-730.97509765625,1.7021394968032837,109.61890411376953,-618.7979736328125,0.293501079082489
2025-09-11T16:06:26.345+02:00,-338.7274475097656,-1203.2530517578125,1.0781526565551758,-412.0569152832031,-730.97509765625,1.7021394968032837,109.61890411376953,-618.7979736328125,0.293501079082489
2025-09-11T16:06:26.364+02:00,-342.4493103027344,-1205.65869140625,1.2342381477355957,-391.9404296875,-736.5036010742188,2.016038417816162,109.64091491699219,-618.8195190429688,0.29359734058380127
2025-09-11T16:06:26.385+02:00,-342.4493103027344,-1205.65869140625,1.2342381477355957,-391.9404296875,-736.5036010742188,2.016038417816162,109.64091491699219,-618.8195190429688,0.29359734058380127
2025-09-11T16:06:26.404+02:00,-343.3730163574219,-1207.465576171875,1.2655243873596191,-386.65167236328125,-737.3284301757812,2.092172145843506,109.6019287109375,-618.7442016601562,0.292959064245224
2025-09-11T16:06:26.425+02:00,-343.3730163574219,-1207.465576171875,1.2655243873596191,-386.65167236328125,-737.3284301757812,2.092172145843506,109.6019287109375,-618.7442016601562,0.292959064245224
2025-09-11T16:06:26.444+02:00,-344.35723876953125,-1208.9822998046875,1.3002269268035889,-381.7214050292969,-737.204833984375,2.172355890274048,109.62994384765625,-618.8207397460938,0.2933295965194702
2025-09-11T16:06:26.465+02:00,-344.35723876953125,-1208.9822998046875,1.3002269268035889,-381.7214050292969,-737.204833984375,2.172355890274048,109.62994384765625,-618.8207397460938,0.2933295965194702
2025-09-11T16:06:26.485+02:00,-345.05364990234375,-1210.5904541015625,1.3300505876541138,-376.3279724121094,-736.732666015625,2.251694679260254,109.6261978149414,-618.7984619140625,0.29350197315216064
2025-09-11T16:06:26.505+02:00,-345.05364990234375,-1210.5904541015625,1.3300505876541138,-376.3279724121094,-736.732666015625,2.251694679260254,109.6261978149414,-618.7984619140625,0.29350197315216064
2025-09-11T16:06:26.525+02:00,-345.05364990234375,-1210.5904541015625,1.3300505876541138,-376.3279724121094,-736.732666015625,2.251694679260254,109.6261978149414,-618.7984619140625,0.29350197315216064
2025-09-11T16:06:26.544+02:00,-345.05364990234375,-1210.5904541015625,1.3300505876541138,-376.3279724121094,-736.732666015625,2.251694679260254,109.6261978149414,-618.7984619140625,0.29350197315216064
2025-09-11T16:06:26.565+02:00,-345.05364990234375,-1210.5904541015625,1.3300505876541138,-376.3279724121094,-736.732666015625,2.251694679260254,109.6261978149414,-618.7984619140625,0.29350197315216064
2025-09-11T16:06:26.585+02:00,-346.8567199707031,-1210.4892578125,1.459943413734436,-361.6633605957031,-732.0857543945312,2.4879355430603027,109.6330337524414,-618.7931518554688,0.2935302257537842
2025-09-11T16:06:26.605+02:00,-347.5654602050781,-1209.6337890625,1.502934455871582,-357.93951416015625,-729.6217651367188,2.559699058532715,109.6379623413086,-618.7870483398438,0.29346928000450134
2025-09-11T16:06:26.625+02:00,-347.5654602050781,-1209.6337890625,1.502934455871582,-357.93951416015625,-729.6217651367188,2.559699058532715,109.6379623413086,-618.7870483398438,0.29346928000450134
2025-09-11T16:06:26.645+02:00,-347.9660949707031,-1208.403564453125,1.535529375076294,-353.5389099121094,-726.9988403320312,2.639113426208496,109.62036895751953,-618.7936401367188,0.293479323387146
2025-09-11T16:06:26.664+02:00,-348.47027587890625,-1206.116943359375,1.5639705657958984,-350.4418640136719,-724.0879516601562,2.7095112800598145,109.62036895751953,-618.7936401367188,0.293479323387146
2025-09-11T16:06:26.685+02:00,-348.47027587890625,-1206.116943359375,1.5639705657958984,-350.4418640136719,-724.0879516601562,2.7095112800598145,109.62036895751953,-618.7936401367188,0.293479323387146
2025-09-11T16:06:26.704+02:00,-348.9701232910156,-1203.359130859375,1.5899670124053955,-347.4389343261719,-721.1007080078125,2.779064416885376,109.64241027832031,-618.8098754882812,0.29351791739463806
2025-09-11T16:06:26.725+02:00,-348.9701232910156,-1203.359130859375,1.5899670124053955,-347.4389343261719,-721.1007080078125,2.779064416885376,109.64241027832031,-618.8098754882812,0.29351791739463806
2025-09-11T16:06:26.744+02:00,-348.9701232910156,-1203.359130859375,1.5899670124053955,-347.4389343261719,-721.1007080078125,2.779064416885376,109.64241027832031,-618.8098754882812,0.29351791739463806
2025-09-11T16:06:26.765+02:00,-348.9701232910156,-1203.359130859375,1.5899670124053955,-347.4389343261719,-721.1007080078125,2.779064416885376,109.64241027832031,-618.8098754882812,0.29351791739463806
2025-09-11T16:06:26.784+02:00,-349.9082336425781,-1197.7178955078125,1.638833999633789,-343.2309875488281,-714.6124267578125,2.9108262062072754,109.64326477050781,-618.834228515625,0.2934049963951111
2025-09-11T16:06:26.804+02:00,-350.6346740722656,-1195.13720703125,1.667738437652588,-342.16455078125,-711.5274047851562,2.9665791988372803,109.63563537597656,-618.8147583007812,0.2934829294681549
2025-09-11T16:06:26.825+02:00,-351.4580993652344,-1190.949951171875,1.7028573751449585,-341.064453125,-708.2772827148438,3.0273330211639404,109.62300872802734,-618.8069458007812,0.29349982738494873
2025-09-11T16:06:26.845+02:00,-351.4580993652344,-1190.949951171875,1.7028573751449585,-341.064453125,-708.2772827148438,3.0273330211639404,109.62300872802734,-618.8069458007812,0.29349982738494873
2025-09-11T16:06:26.864+02:00,-352.36700439453125,-1188.962646484375,1.7366231679916382,-342.18218994140625,-706.0791015625,3.0546059608459473,109.62847137451172,-618.8007202148438,0.2935377061367035
2025-09-11T16:06:26.884+02:00,-352.36700439453125,-1188.962646484375,1.7366231679916382,-342.18218994140625,-706.0791015625,3.0546059608459473,109.62847137451172,-618.8007202148438,0.2935377061367035
2025-09-11T16:06:26.905+02:00,-352.7524719238281,-1187.71728515625,1.7724299430847168,-346.3839416503906,-705.5556640625,3.0569510459899902,109.61804962158203,-618.8035278320312,0.29353660345077515
2025-09-11T16:06:26.925+02:00,-352.7524719238281,-1187.71728515625,1.7724299430847168,-346.3839416503906,-705.5556640625,3.0569510459899902,109.61804962158203,-618.8035278320312,0.29353660345077515
2025-09-11T16:06:26.945+02:00,-352.7524719238281,-1187.71728515625,1.7724299430847168,-346.3839416503906,-705.5556640625,3.0569510459899902,109.61804962158203,-618.8035278320312,0.29353660345077515
2025-09-11T16:06:26.965+02:00,-353.50823974609375,-1186.412353515625,1.8020368814468384,-350.36273193359375,-704.9609985351562,3.060119152069092,109.62120819091797,-618.8023681640625,0.29353293776512146
2025-09-11T16:06:26.985+02:00,-353.50823974609375,-1186.412353515625,1.8020368814468384,-350.36273193359375,-704.9609985351562,3.060119152069092,109.62120819091797,-618.8023681640625,0.29353293776512146
2025-09-11T16:06:27.005+02:00,-353.50823974609375,-1186.412353515625,1.8020368814468384,-350.36273193359375,-704.9609985351562,3.060119152069092,109.62120819091797,-618.8023681640625,0.29353293776512146
2025-09-11T16:06:27.024+02:00,-354.87445068359375,-1184.554931640625,1.8618141412734985,-360.2512512207031,-703.363037109375,3.066305637359619,109.63004302978516,-618.8381958007812,0.29337531328201294
2025-09-11T16:06:27.045+02:00,-356.0626220703125,-1182.6746826171875,1.8924784660339355,-366.0215759277344,-702.3630981445312,3.071686267852783,109.62169647216797,-618.7977905273438,0.29350578784942627
2025-09-11T16:06:27.064+02:00,-357.4613037109375,-1180.3839111328125,1.9247326850891113,-372.17547607421875,-701.6363525390625,3.077165365219116,109.6358642578125,-618.81884765625,0.2935018837451935
2025-09-11T16:06:27.085+02:00,-357.4613037109375,-1180.3839111328125,1.9247326850891113,-372.17547607421875,-701.6363525390625,3.077165365219116,109.6358642578125,-618.81884765625,0.2935018837451935
2025-09-11T16:06:27.104+02:00,-358.7052307128906,-1178.34228515625,1.9550881385803223,-378.7290954589844,-700.6809692382812,3.0839335918426514,109.62957000732422,-618.8275146484375,0.2933613955974579
2025-09-11T16:06:27.124+02:00,-358.7052307128906,-1178.34228515625,1.9550881385803223,-378.7290954589844,-700.6809692382812,3.0839335918426514,109.62957000732422,-618.8275146484375,0.2933613955974579
2025-09-11T16:06:27.144+02:00,-358.7052307128906,-1178.34228515625,1.9550881385803223,-378.7290954589844,-700.6809692382812,3.0839335918426514,109.62957000732422,-618.8275146484375,0.2933613955974579
2025-09-11T16:06:27.164+02:00,-359.4173889160156,-1176.8294677734375,1.9831398725509644,-385.55413818359375,-699.9705810546875,3.091132402420044,109.60910034179688,-618.8172607421875,0.2934778034687042
2025-09-11T16:06:27.184+02:00,-360.55078125,-1175.1904296875,2.0112314224243164,-393.04095458984375,-699.5296020507812,3.0922775268554688,109.6240005493164,-618.80078125,0.29349610209465027
2025-09-11T16:06:27.205+02:00,-360.55078125,-1175.1904296875,2.0112314224243164,-393.04095458984375,-699.5296020507812,3.0922775268554688,109.6240005493164,-618.80078125,0.29349610209465027
2025-09-11T16:06:27.225+02:00,-360.55078125,-1175.1904296875,2.0112314224243164,-393.04095458984375,-699.5296020507812,3.0922775268554688,109.6240005493164,-618.80078125,0.29349610209465027
2025-09-11T16:06:27.244+02:00,-364.1309509277344,-1170.428955078125,2.0778045654296875,-408.6391296386719,-697.9439086914062,3.1034703254699707,109.61880493164062,-618.8056030273438,0.29349902272224426
2025-09-11T16:06:27.265+02:00,-364.1309509277344,-1170.428955078125,2.0778045654296875,-408.6391296386719,-697.9439086914062,3.1034703254699707,109.61880493164062,-618.8056030273438,0.29349902272224426
2025-09-11T16:06:27.284+02:00,-366.4644470214844,-1167.436279296875,2.116901397705078,-416.9293518066406,-696.96240234375,3.106990337371826,109.62080383300781,-618.8353881835938,0.2933622896671295
2025-09-11T16:06:27.304+02:00,-369.0484313964844,-1164.75732421875,2.148585796356201,-425.52679443359375,-696.3052368164062,3.1132607460021973,109.63529205322266,-618.819091796875,0.2934017777442932
2025-09-11T16:06:27.324+02:00,-369.0484313964844,-1164.75732421875,2.148585796356201,-425.52679443359375,-696.3052368164062,3.1132607460021973,109.63529205322266,-618.819091796875,0.2934017777442932
2025-09-11T16:06:27.345+02:00,-370.9077453613281,-1162.7618408203125,2.1762726306915283,-434.2268371582031,-694.8578491210938,3.1210906505584717,109.62721252441406,-618.800048828125,0.29349368810653687
2025-09-11T16:06:27.365+02:00,-370.9077453613281,-1162.7618408203125,2.1762726306915283,-434.2268371582031,-694.8578491210938,3.1210906505584717,109.62721252441406,-618.800048828125,0.29349368810653687
2025-09-11T16:06:27.385+02:00,-372.53680419921875,-1160.69580078125,2.194997549057007,-442.9657897949219,-693.8497924804688,3.1273927688598633,109.62721252441406,-618.800048828125,0.29349368810653687
2025-09-11T16:06:27.405+02:00,-372.53680419921875,-1160.69580078125,2.194997549057007,-442.9657897949219,-693.8497924804688,3.1273927688598633,109.62721252441406,-618.800048828125,0.29349368810653687
2025-09-11T16:06:27.425+02:00,-372.53680419921875,-1160.69580078125,2.194997549057007,-442.9657897949219,-693.8497924804688,3.1273927688598633,109.62721252441406,-618.800048828125,0.29349368810653687
2025-09-11T16:06:27.444+02:00,-372.53680419921875,-1160.69580078125,2.194997549057007,-442.9657897949219,-693.8497924804688,3.1273927688598633,109.62721252441406,-618.800048828125,0.29349368810653687
2025-09-11T16:06:27.464+02:00,-375.92559814453125,-1157.1048583984375,2.243277072906494,-460.24365234375,-692.81689453125,-3.1399683952331543,109.6182861328125,-618.80224609375,0.2935067117214203
2025-09-11T16:06:27.485+02:00,-378.62689208984375,-1154.28173828125,2.272045373916626,-469.4732360839844,-692.0408935546875,-3.135132312774658,109.62855529785156,-618.7931518554688,0.29352307319641113
2025-09-11T16:06:27.504+02:00,-382.5524597167969,-1151.0133056640625,2.2978358268737793,-478.318115234375,-691.5477905273438,-3.139632225036621,109.63899993896484,-618.7926635742188,0.29349300265312195
2025-09-11T16:06:27.524+02:00,-382.5524597167969,-1151.0133056640625,2.2978358268737793,-478.318115234375,-691.5477905273438,-3.139632225036621,109.63899993896484,-618.7926635742188,0.29349300265312195
2025-09-11T16:06:27.544+02:00,-386.22802734375,-1147.5966796875,2.3254458904266357,-487.3805236816406,-690.9896850585938,-3.1281182765960693,109.6304702758789,-618.8018188476562,0.2935173213481903
2025-09-11T16:06:27.565+02:00,-386.22802734375,-1147.5966796875,2.3254458904266357,-487.3805236816406,-690.9896850585938,-3.1281182765960693,109.6304702758789,-618.8018188476562,0.2935173213481903
2025-09-11T16:06:27.585+02:00,-389.16937255859375,-1144.7462158203125,2.3497743606567383,-496.46978759765625,-692.11767578125,3.1198878288269043,109.6385498046875,-618.806884765625,0.29339298605918884
2025-09-11T16:06:27.605+02:00,-389.16937255859375,-1144.7462158203125,2.3497743606567383,-496.46978759765625,-692.11767578125,3.1198878288269043,109.6385498046875,-618.806884765625,0.29339298605918884
2025-09-11T16:06:27.624+02:00,-389.16937255859375,-1144.7462158203125,2.3497743606567383,-496.46978759765625,-692.11767578125,3.1198878288269043,109.6385498046875,-618.806884765625,0.29339298605918884
2025-09-11T16:06:27.645+02:00,-389.16937255859375,-1144.7462158203125,2.3497743606567383,-496.46978759765625,-692.11767578125,3.1198878288269043,109.6385498046875,-618.806884765625,0.29339298605918884
2025-09-11T16:06:27.664+02:00,-389.16937255859375,-1144.7462158203125,2.3497743606567383,-496.46978759765625,-692.11767578125,3.1198878288269043,109.6385498046875,-618.806884765625,0.29339298605918884
2025-09-11T16:06:27.684+02:00,-389.16937255859375,-1144.7462158203125,2.3497743606567383,-496.46978759765625,-692.11767578125,3.1198878288269043,109.6385498046875,-618.806884765625,0.29339298605918884
2025-09-11T16:06:27.704+02:00,-389.16937255859375,-1144.7462158203125,2.3497743606567383,-496.46978759765625,-692.11767578125,3.1198878288269043,109.6385498046875,-618.806884765625,0.29339298605918884
2025-09-11T16:06:27.725+02:00,-389.16937255859375,-1144.7462158203125,2.3497743606567383,-496.46978759765625,-692.11767578125,3.1198878288269043,109.6385498046875,-618.806884765625,0.29339298605918884
2025-09-11T16:06:27.745+02:00,-389.16937255859375,-1144.7462158203125,2.3497743606567383,-496.46978759765625,-692.11767578125,3.1198878288269043,109.6385498046875,-618.806884765625,0.29339298605918884
2025-09-11T16:06:27.765+02:00,-389.16937255859375,-1144.7462158203125,2.3497743606567383,-496.46978759765625,-692.11767578125,3.1198878288269043,109.6385498046875,-618.806884765625,0.29339298605918884
2025-09-11T16:06:27.784+02:00,-404.17156982421875,-1132.5523681640625,2.434922456741333,-522.6473999023438,-712.55322265625,2.660792827606201,109.61589813232422,-618.8109741210938,0.2935204803943634
2025-09-11T16:06:27.805+02:00,-404.17156982421875,-1132.5523681640625,2.434922456741333,-522.6473999023438,-712.55322265625,2.660792827606201,109.61589813232422,-618.8109741210938,0.2935204803943634
2025-09-11T16:06:27.824+02:00,-404.17156982421875,-1132.5523681640625,2.434922456741333,-522.6473999023438,-712.55322265625,2.660792827606201,109.61589813232422,-618.8109741210938,0.2935204803943634
2025-09-11T16:06:27.844+02:00,-404.17156982421875,-1132.5523681640625,2.434922456741333,-522.6473999023438,-712.55322265625,2.660792827606201,109.61589813232422,-618.8109741210938,0.2935204803943634
2025-09-11T16:06:27.864+02:00,-404.17156982421875,-1132.5523681640625,2.434922456741333,-522.6473999023438,-712.55322265625,2.660792827606201,109.61589813232422,-618.8109741210938,0.2935204803943634
2025-09-11T16:06:27.884+02:00,-413.8276672363281,-1125.7589111328125,2.483888626098633,-538.7718505859375,-721.8256225585938,2.3662264347076416,109.6340560913086,-618.8257446289062,0.29338088631629944
2025-09-11T16:06:27.904+02:00,-420.66534423828125,-1121.4083251953125,2.5136327743530273,-549.4863891601562,-724.653076171875,2.1836423873901367,109.61783599853516,-618.8024291992188,0.2934749722480774
2025-09-11T16:06:27.925+02:00,-424.5427551269531,-1118.5421142578125,2.5294790267944336,-555.290283203125,-725.3058471679688,2.090829372406006,109.62939453125,-618.8270263671875,0.2933778762817383
2025-09-11T16:06:27.944+02:00,-424.5427551269531,-1118.5421142578125,2.5294790267944336,-555.290283203125,-725.3058471679688,2.090829372406006,109.62939453125,-618.8270263671875,0.2933778762817383
2025-09-11T16:06:27.964+02:00,-428.9339904785156,-1115.73974609375,2.5443577766418457,-560.1415405273438,-724.7328491210938,2.0297017097473145,109.62572479248047,-618.8344116210938,0.2933852970600128
2025-09-11T16:06:27.985+02:00,-428.9339904785156,-1115.73974609375,2.5443577766418457,-560.1415405273438,-724.7328491210938,2.0297017097473145,109.62572479248047,-618.8344116210938,0.2933852970600128
2025-09-11T16:06:28.005+02:00,-428.9339904785156,-1115.73974609375,2.5443577766418457,-560.1415405273438,-724.7328491210938,2.0297017097473145,109.62572479248047,-618.8344116210938,0.2933852970600128
2025-09-11T16:06:28.025+02:00,-428.9339904785156,-1115.73974609375,2.5443577766418457,-560.1415405273438,-724.7328491210938,2.0297017097473145,109.62572479248047,-618.8344116210938,0.2933852970600128
2025-09-11T16:06:28.045+02:00,-428.9339904785156,-1115.73974609375,2.5443577766418457,-560.1415405273438,-724.7328491210938,2.0297017097473145,109.62572479248047,-618.8344116210938,0.2933852970600128
2025-09-11T16:06:28.064+02:00,-428.9339904785156,-1115.73974609375,2.5443577766418457,-560.1415405273438,-724.7328491210938,2.0297017097473145,109.62572479248047,-618.8344116210938,0.2933852970600128
2025-09-11T16:06:28.085+02:00,-428.9339904785156,-1115.73974609375,2.5443577766418457,-560.1415405273438,-724.7328491210938,2.0297017097473145,109.62572479248047,-618.8344116210938,0.2933852970600128
2025-09-11T16:06:28.104+02:00,-433.5375061035156,-1112.9556884765625,2.557129144668579,-563.3264770507812,-720.8367309570312,2.0023586750030518,109.62116241455078,-618.798583984375,0.2935013473033905
2025-09-11T16:06:28.124+02:00,-447.10693359375,-1105.207763671875,2.586299180984497,-571.892578125,-705.5746459960938,1.963350534439087,109.63453674316406,-618.7948608398438,0.2934897243976593
2025-09-11T16:06:28.144+02:00,-451.6591491699219,-1102.6798095703125,2.5976510047912598,-575.0078735351562,-699.3818359375,1.9553574323654175,109.67034912109375,-618.91162109375,0.2937115728855133
2025-09-11T16:06:28.164+02:00,-456.2097473144531,-1099.8951416015625,2.6060218811035156,-577.892578125,-692.5503540039062,1.9480228424072266,109.63505554199219,-618.810791015625,0.293535441160202
2025-09-11T16:06:28.185+02:00,-456.2097473144531,-1099.8951416015625,2.6060218811035156,-577.892578125,-692.5503540039062,1.9480228424072266,109.63505554199219,-618.810791015625,0.293535441160202
2025-09-11T16:06:28.204+02:00,-460.648681640625,-1097.506591796875,2.619473695755005,-580.9521484375,-685.2340087890625,1.9408429861068726,109.61123657226562,-618.8160400390625,0.29350435733795166
2025-09-11T16:06:28.225+02:00,-460.648681640625,-1097.506591796875,2.619473695755005,-580.9521484375,-685.2340087890625,1.9408429861068726,109.61123657226562,-618.8160400390625,0.29350435733795166
2025-09-11T16:06:28.245+02:00,-460.648681640625,-1097.506591796875,2.619473695755005,-580.9521484375,-685.2340087890625,1.9408429861068726,109.61123657226562,-618.8160400390625,0.29350435733795166
2025-09-11T16:06:28.265+02:00,-460.648681640625,-1097.506591796875,2.619473695755005,-580.9521484375,-685.2340087890625,1.9408429861068726,109.61123657226562,-618.8160400390625,0.29350435733795166
2025-09-11T16:06:28.284+02:00,-465.37725830078125,-1094.8861083984375,2.6315321922302246,-583.8982543945312,-677.4354248046875,1.9394810199737549,109.61123657226562,-618.8160400390625,0.29350435733795166
2025-09-11T16:06:28.305+02:00,-465.37725830078125,-1094.8861083984375,2.6315321922302246,-583.8982543945312,-677.4354248046875,1.9394810199737549,109.61123657226562,-618.8160400390625,0.29350435733795166
2025-09-11T16:06:28.324+02:00,-473.2544250488281,-1091.3876953125,2.6659276485443115,-589.4264526367188,-661.0105590820312,1.935628056526184,109.64496612548828,-618.8196411132812,0.29350176453590393
2025-09-11T16:06:28.345+02:00,-476.1617431640625,-1089.8624267578125,2.6794378757476807,-592.2951049804688,-652.6834716796875,1.9337356090545654,109.63966369628906,-618.834228515625,0.2932405471801758
2025-09-11T16:06:28.364+02:00,-479.6180725097656,-1088.513427734375,2.697401523590088,-595.4238891601562,-644.0584106445312,1.932551383972168,109.6274642944336,-618.8472290039062,0.2932514250278473
2025-09-11T16:06:28.384+02:00,-479.6180725097656,-1088.513427734375,2.697401523590088,-595.4238891601562,-644.0584106445312,1.932551383972168,109.6274642944336,-618.8472290039062,0.2932514250278473
2025-09-11T16:06:28.405+02:00,-483.41058349609375,-1087.0069580078125,2.714262008666992,-598.8276977539062,-635.2023315429688,1.929919958114624,109.5936279296875,-618.78369140625,0.2936484217643738
2025-09-11T16:06:28.425+02:00,-483.41058349609375,-1087.0069580078125,2.714262008666992,-598.8276977539062,-635.2023315429688,1.929919958114624,109.5936279296875,-618.78369140625,0.2936484217643738
2025-09-11T16:06:28.444+02:00,-487.9159851074219,-1085.3717041015625,2.7273542881011963,-601.9418334960938,-626.74169921875,1.9267812967300415,109.6364517211914,-618.7841186523438,0.29359790682792664
2025-09-11T16:06:28.465+02:00,-487.9159851074219,-1085.3717041015625,2.7273542881011963,-601.9418334960938,-626.74169921875,1.9267812967300415,109.6364517211914,-618.7841186523438,0.29359790682792664
2025-09-11T16:06:28.485+02:00,-487.9159851074219,-1085.3717041015625,2.7273542881011963,-601.9418334960938,-626.74169921875,1.9267812967300415,109.6364517211914,-618.7841186523438,0.29359790682792664
2025-09-11T16:06:28.505+02:00,-487.9159851074219,-1085.3717041015625,2.7273542881011963,-601.9418334960938,-626.74169921875,1.9267812967300415,109.6364517211914,-618.7841186523438,0.29359790682792664
2025-09-11T16:06:28.525+02:00,-487.9159851074219,-1085.3717041015625,2.7273542881011963,-601.9418334960938,-626.74169921875,1.9267812967300415,109.6364517211914,-618.7841186523438,0.29359790682792664
2025-09-11T16:06:28.544+02:00,-503.0684814453125,-1079.837646484375,2.7703564167022705,-610.8006591796875,-600.7713623046875,1.922019124031067,109.6264419555664,-618.8131103515625,0.29349809885025024
2025-09-11T16:06:28.564+02:00,-507.4610595703125,-1078.6793212890625,2.7796642780303955,-614.15087890625,-592.0357055664062,1.917815923690796,109.6270523071289,-618.7947387695312,0.29356664419174194
2025-09-11T16:06:28.585+02:00,-507.4610595703125,-1078.6793212890625,2.7796642780303955,-614.15087890625,-592.0357055664062,1.917815923690796,109.6270523071289,-618.7947387695312,0.29356664419174194
2025-09-11T16:06:28.605+02:00,-512.2986450195312,-1077.2861328125,2.794015407562256,-617.2289428710938,-583.0652465820312,1.9180467128753662,109.62738800048828,-618.7817993164062,0.2935948669910431
2025-09-11T16:06:28.625+02:00,-512.2986450195312,-1077.2861328125,2.794015407562256,-617.2289428710938,-583.0652465820312,1.9180467128753662,109.62738800048828,-618.7817993164062,0.2935948669910431
2025-09-11T16:06:28.645+02:00,-517.3350219726562,-1075.4383544921875,2.8012213706970215,-620.3079223632812,-574.1492919921875,1.913867473602295,109.6527099609375,-618.7924194335938,0.29362791776657104
2025-09-11T16:06:28.665+02:00,-517.3350219726562,-1075.4383544921875,2.8012213706970215,-620.3079223632812,-574.1492919921875,1.913867473602295,109.6527099609375,-618.7924194335938,0.29362791776657104
2025-09-11T16:06:28.685+02:00,-517.3350219726562,-1075.4383544921875,2.8012213706970215,-620.3079223632812,-574.1492919921875,1.913867473602295,109.6527099609375,-618.7924194335938,0.29362791776657104
2025-09-11T16:06:28.704+02:00,-522.1627807617188,-1073.889404296875,2.812021255493164,-623.5274047851562,-565.0056762695312,1.9092024564743042,109.65333557128906,-618.7764282226562,0.293590247631073
2025-09-11T16:06:28.724+02:00,-522.1627807617188,-1073.889404296875,2.812021255493164,-623.5274047851562,-565.0056762695312,1.9092024564743042,109.65333557128906,-618.7764282226562,0.293590247631073
2025-09-11T16:06:28.744+02:00,-522.1627807617188,-1073.889404296875,2.812021255493164,-623.5274047851562,-565.0056762695312,1.9092024564743042,109.65333557128906,-618.7764282226562,0.293590247631073
2025-09-11T16:06:28.764+02:00,-522.1627807617188,-1073.889404296875,2.812021255493164,-623.5274047851562,-565.0056762695312,1.9092024564743042,109.65333557128906,-618.7764282226562,0.293590247631073
2025-09-11T16:06:28.784+02:00,-538.1302490234375,-1069.594970703125,2.8416733741760254,-628.8267822265625,-548.981689453125,1.9045944213867188,109.64309692382812,-618.7986450195312,0.29361605644226074
2025-09-11T16:06:28.804+02:00,-543.4829711914062,-1067.7548828125,2.8511874675750732,-629.5436401367188,-547.2593994140625,1.8991650342941284,109.6056900024414,-618.6741333007812,0.29289811849594116
2025-09-11T16:06:28.825+02:00,-548.2277221679688,-1066.395751953125,2.856043577194214,-630.1246337890625,-546.5618896484375,1.8983551263809204,109.67108917236328,-618.7821655273438,0.2935669720172882
2025-09-11T16:06:28.844+02:00,-548.2277221679688,-1066.395751953125,2.856043577194214,-630.1246337890625,-546.5618896484375,1.8983551263809204,109.67108917236328,-618.7821655273438,0.2935669720172882
2025-09-11T16:06:28.864+02:00,-553.4630737304688,-1065.377197265625,2.8659870624542236,-629.7503051757812,-547.2272338867188,1.8980791568756104,109.67815399169922,-618.8340454101562,0.2940122187137604
2025-09-11T16:06:28.885+02:00,-553.4630737304688,-1065.377197265625,2.8659870624542236,-629.7503051757812,-547.2272338867188,1.8980791568756104,109.67815399169922,-618.8340454101562,0.2940122187137604
2025-09-11T16:06:28.904+02:00,-553.4630737304688,-1065.377197265625,2.8659870624542236,-629.7503051757812,-547.2272338867188,1.8980791568756104,109.67815399169922,-618.8340454101562,0.2940122187137604
2025-09-11T16:06:28.924+02:00,-558.3986206054688,-1063.7996826171875,2.8751578330993652,-629.6966552734375,-547.4387817382812,1.8974813222885132,109.65803527832031,-618.77783203125,0.29362693428993225
2025-09-11T16:06:28.945+02:00,-558.3986206054688,-1063.7996826171875,2.8751578330993652,-629.6966552734375,-547.4387817382812,1.8974813222885132,109.65803527832031,-618.77783203125,0.29362693428993225
2025-09-11T16:06:28.965+02:00,-558.3986206054688,-1063.7996826171875,2.8751578330993652,-629.6966552734375,-547.4387817382812,1.8974813222885132,109.65803527832031,-618.77783203125,0.29362693428993225
2025-09-11T16:06:28.985+02:00,-558.3986206054688,-1063.7996826171875,2.8751578330993652,-629.6966552734375,-547.4387817382812,1.8974813222885132,109.65803527832031,-618.77783203125,0.29362693428993225
2025-09-11T16:06:29.004+02:00,-567.9293823242188,-1061.84619140625,2.894411087036133,-629.7630004882812,-547.3903198242188,1.8983237743377686,109.66104888916016,-618.7715454101562,0.2935442626476288
2025-09-11T16:06:29.025+02:00,-573.3633422851562,-1060.62109375,2.9044229984283447,-629.652099609375,-547.4441528320312,1.8963676691055298,109.65582275390625,-618.7896728515625,0.29361745715141296
2025-09-11T16:06:29.044+02:00,-578.9022827148438,-1059.6976318359375,2.913276433944702,-629.7858276367188,-547.4710083007812,1.898178219795227,109.65252685546875,-618.76611328125,0.29355448484420776
2025-09-11T16:06:29.064+02:00,-584.3170166015625,-1058.5067138671875,2.922839641571045,-629.7169189453125,-547.3856201171875,1.8980298042297363,109.65455627441406,-618.7979125976562,0.29362407326698303
2025-09-11T16:06:29.085+02:00,-584.3170166015625,-1058.5067138671875,2.922839641571045,-629.7169189453125,-547.3856201171875,1.8980298042297363,109.65455627441406,-618.7979125976562,0.29362407326698303
2025-09-11T16:06:29.104+02:00,-589.516357421875,-1057.6141357421875,2.9314122200012207,-629.82568359375,-547.3218383789062,1.8952382802963257,109.65455627441406,-618.7979125976562,0.29362407326698303
2025-09-11T16:06:29.125+02:00,-589.516357421875,-1057.6141357421875,2.9314122200012207,-629.82568359375,-547.3218383789062,1.8952382802963257,109.65455627441406,-618.7979125976562,0.29362407326698303
2025-09-11T16:06:29.145+02:00,-589.516357421875,-1057.6141357421875,2.9314122200012207,-629.82568359375,-547.3218383789062,1.8952382802963257,109.65455627441406,-618.7979125976562,0.29362407326698303
2025-09-11T16:06:29.165+02:00,-589.516357421875,-1057.6141357421875,2.9314122200012207,-629.82568359375,-547.3218383789062,1.8952382802963257,109.65455627441406,-618.7979125976562,0.29362407326698303
2025-09-11T16:06:29.184+02:00,-594.6548461914062,-1056.5196533203125,2.936694860458374,-629.7898559570312,-547.4796142578125,1.89796781539917,109.65455627441406,-618.7979125976562,0.29362407326698303
2025-09-11T16:06:29.205+02:00,-594.6548461914062,-1056.5196533203125,2.936694860458374,-629.7898559570312,-547.4796142578125,1.89796781539917,109.65455627441406,-618.7979125976562,0.29362407326698303
2025-09-11T16:06:29.225+02:00,-594.6548461914062,-1056.5196533203125,2.936694860458374,-629.7898559570312,-547.4796142578125,1.89796781539917,109.65455627441406,-618.7979125976562,0.29362407326698303
2025-09-11T16:06:29.244+02:00,-594.6548461914062,-1056.5196533203125,2.936694860458374,-629.7898559570312,-547.4796142578125,1.89796781539917,109.65455627441406,-618.7979125976562,0.29362407326698303
2025-09-11T16:06:29.265+02:00,-594.6548461914062,-1056.5196533203125,2.936694860458374,-629.7898559570312,-547.4796142578125,1.89796781539917,109.65455627441406,-618.7979125976562,0.29362407326698303
2025-09-11T16:06:29.284+02:00,-594.6548461914062,-1056.5196533203125,2.936694860458374,-629.7898559570312,-547.4796142578125,1.89796781539917,109.65455627441406,-618.7979125976562,0.29362407326698303
2025-09-11T16:06:29.305+02:00,-594.6548461914062,-1056.5196533203125,2.936694860458374,-629.7898559570312,-547.4796142578125,1.89796781539917,109.65455627441406,-618.7979125976562,0.29362407326698303
2025-09-11T16:06:29.325+02:00,-594.6548461914062,-1056.5196533203125,2.936694860458374,-629.7898559570312,-547.4796142578125,1.89796781539917,109.65455627441406,-618.7979125976562,0.29362407326698303
2025-09-11T16:06:29.345+02:00,-594.6548461914062,-1056.5196533203125,2.936694860458374,-629.7898559570312,-547.4796142578125,1.89796781539917,109.65455627441406,-618.7979125976562,0.29362407326698303
2025-09-11T16:06:29.365+02:00,-594.6548461914062,-1056.5196533203125,2.936694860458374,-629.7898559570312,-547.4796142578125,1.89796781539917,109.65455627441406,-618.7979125976562,0.29362407326698303
2025-09-11T16:06:29.384+02:00,-594.6548461914062,-1056.5196533203125,2.936694860458374,-629.7898559570312,-547.4796142578125,1.89796781539917,109.65455627441406,-618.7979125976562,0.29362407326698303
2025-09-11T16:06:29.405+02:00,-594.6548461914062,-1056.5196533203125,2.936694860458374,-629.7898559570312,-547.4796142578125,1.89796781539917,109.65455627441406,-618.7979125976562,0.29362407326698303
2025-09-11T16:06:29.425+02:00,-594.6548461914062,-1056.5196533203125,2.936694860458374,-629.7898559570312,-547.4796142578125,1.89796781539917,109.65455627441406,-618.7979125976562,0.29362407326698303
2025-09-11T16:06:29.445+02:00,-594.6548461914062,-1056.5196533203125,2.936694860458374,-629.7898559570312,-547.4796142578125,1.89796781539917,109.65455627441406,-618.7979125976562,0.29362407326698303
2025-09-11T16:06:29.465+02:00,-594.6548461914062,-1056.5196533203125,2.936694860458374,-629.7898559570312,-547.4796142578125,1.89796781539917,109.65455627441406,-618.7979125976562,0.29362407326698303
2025-09-11T16:06:29.484+02:00,-594.6548461914062,-1056.5196533203125,2.936694860458374,-629.7898559570312,-547.4796142578125,1.89796781539917,109.65455627441406,-618.7979125976562,0.29362407326698303
2025-09-11T16:06:29.504+02:00,-606.1180419921875,-1054.6561279296875,2.947319984436035,-629.7909545898438,-547.4819946289062,1.8980796337127686,109.65425109863281,-618.7789916992188,0.2935665249824524
2025-09-11T16:06:29.524+02:00,-658.86669921875,-1046.9488525390625,3.0011236667633057,-629.7710571289062,-547.5182495117188,1.8978633880615234,109.69600677490234,-618.8426513671875,0.29367583990097046
2025-09-11T16:06:29.544+02:00,-664.5344848632812,-1046.36572265625,3.0046958923339844,-629.7545776367188,-547.4495849609375,1.8972302675247192,109.66747283935547,-618.836669921875,0.29394784569740295
2025-09-11T16:06:29.565+02:00,-664.5344848632812,-1046.36572265625,3.0046958923339844,-629.7545776367188,-547.4495849609375,1.8972302675247192,109.66747283935547,-618.836669921875,0.29394784569740295
2025-09-11T16:06:29.585+02:00,-664.5344848632812,-1046.36572265625,3.0046958923339844,-629.7545776367188,-547.4495849609375,1.8972302675247192,109.66747283935547,-618.836669921875,0.29394784569740295
2025-09-11T16:06:29.605+02:00,-664.5344848632812,-1046.36572265625,3.0046958923339844,-629.7545776367188,-547.4495849609375,1.8972302675247192,109.66747283935547,-618.836669921875,0.29394784569740295
2025-09-11T16:06:29.625+02:00,-664.5344848632812,-1046.36572265625,3.0046958923339844,-629.7545776367188,-547.4495849609375,1.8972302675247192,109.66747283935547,-618.836669921875,0.29394784569740295
2025-09-11T16:06:29.645+02:00,-664.5344848632812,-1046.36572265625,3.0046958923339844,-629.7545776367188,-547.4495849609375,1.8972302675247192,109.66747283935547,-618.836669921875,0.29394784569740295
2025-09-11T16:06:29.665+02:00,-664.5344848632812,-1046.36572265625,3.0046958923339844,-629.7545776367188,-547.4495849609375,1.8972302675247192,109.66747283935547,-618.836669921875,0.29394784569740295
2025-09-11T16:06:29.685+02:00,-664.5344848632812,-1046.36572265625,3.0046958923339844,-629.7545776367188,-547.4495849609375,1.8972302675247192,109.66747283935547,-618.836669921875,0.29394784569740295
2025-09-11T16:06:29.704+02:00,-664.5344848632812,-1046.36572265625,3.0046958923339844,-629.7545776367188,-547.4495849609375,1.8972302675247192,109.66747283935547,-618.836669921875,0.29394784569740295
2025-09-11T16:06:29.724+02:00,-702.1720581054688,-1042.9415283203125,3.0129733085632324,-629.801513671875,-547.4949951171875,1.8981919288635254,109.65669250488281,-618.8140869140625,0.2935698926448822
2025-09-11T16:06:29.744+02:00,-702.1720581054688,-1042.9415283203125,3.0129733085632324,-629.801513671875,-547.4949951171875,1.8981919288635254,109.65669250488281,-618.8140869140625,0.2935698926448822
2025-09-11T16:06:29.765+02:00,-702.1720581054688,-1042.9415283203125,3.0129733085632324,-629.801513671875,-547.4949951171875,1.8981919288635254,109.65669250488281,-618.8140869140625,0.2935698926448822
2025-09-11T16:06:29.784+02:00,-702.1720581054688,-1042.9415283203125,3.0129733085632324,-629.801513671875,-547.4949951171875,1.8981919288635254,109.65669250488281,-618.8140869140625,0.2935698926448822
2025-09-11T16:06:29.804+02:00,-708.7743530273438,-1042.3583984375,3.010195732116699,-629.7705688476562,-547.5031127929688,1.8978362083435059,109.656494140625,-618.785888671875,0.29345473647117615
2025-09-11T16:06:29.824+02:00,-708.7743530273438,-1042.3583984375,3.010195732116699,-629.7705688476562,-547.5031127929688,1.8978362083435059,109.656494140625,-618.785888671875,0.29345473647117615
2025-09-11T16:06:29.844+02:00,-708.7743530273438,-1042.3583984375,3.010195732116699,-629.7705688476562,-547.5031127929688,1.8978362083435059,109.656494140625,-618.785888671875,0.29345473647117615
2025-09-11T16:06:29.864+02:00,-708.7743530273438,-1042.3583984375,3.010195732116699,-629.7705688476562,-547.5031127929688,1.8978362083435059,109.656494140625,-618.785888671875,0.29345473647117615
2025-09-11T16:06:29.884+02:00,-727.2457885742188,-1040.48291015625,3.000866174697876,-629.755859375,-547.5155639648438,1.8977638483047485,109.656494140625,-618.8135375976562,0.2935675084590912
2025-09-11T16:06:29.905+02:00,-732.3145141601562,-1040.18505859375,2.9936742782592773,-629.8023681640625,-547.5029907226562,1.8982312679290771,109.656494140625,-618.8135375976562,0.2935675084590912
2025-09-11T16:06:29.924+02:00,-737.9458618164062,-1039.2994384765625,2.986639976501465,-629.7511596679688,-547.3602294921875,1.8980860710144043,109.66889190673828,-618.8309326171875,0.293644517660141
2025-09-11T16:06:29.944+02:00,-737.9458618164062,-1039.2994384765625,2.986639976501465,-629.7511596679688,-547.3602294921875,1.8980860710144043,109.66889190673828,-618.8309326171875,0.293644517660141
2025-09-11T16:06:29.964+02:00,-744.265625,-1038.244140625,2.980914354324341,-629.8163452148438,-547.50439453125,1.8985648155212402,109.64431762695312,-618.834716796875,0.2933892607688904
2025-09-11T16:06:29.985+02:00,-744.265625,-1038.244140625,2.980914354324341,-629.8163452148438,-547.50439453125,1.8985648155212402,109.64431762695312,-618.834716796875,0.2933892607688904
2025-09-11T16:06:30.005+02:00,-744.265625,-1038.244140625,2.980914354324341,-629.8163452148438,-547.50439453125,1.8985648155212402,109.64431762695312,-618.834716796875,0.2933892607688904
2025-09-11T16:06:30.024+02:00,-750.469970703125,-1037.2484130859375,2.9713120460510254,-629.7542724609375,-547.367431640625,1.898658275604248,109.66166687011719,-618.793212890625,0.29355552792549133
2025-09-11T16:06:30.045+02:00,-750.469970703125,-1037.2484130859375,2.9713120460510254,-629.7542724609375,-547.367431640625,1.898658275604248,109.66166687011719,-618.793212890625,0.29355552792549133
2025-09-11T16:06:30.064+02:00,-750.469970703125,-1037.2484130859375,2.9713120460510254,-629.7542724609375,-547.367431640625,1.898658275604248,109.66166687011719,-618.793212890625,0.29355552792549133
2025-09-11T16:06:30.085+02:00,-750.469970703125,-1037.2484130859375,2.9713120460510254,-629.7542724609375,-547.367431640625,1.898658275604248,109.66166687011719,-618.793212890625,0.29355552792549133
2025-09-11T16:06:30.104+02:00,-766.250732421875,-1034.460205078125,2.94770884513855,-629.7908935546875,-547.48583984375,1.8981666564941406,109.6684799194336,-618.7874755859375,0.2934434413909912
2025-09-11T16:06:30.125+02:00,-766.250732421875,-1034.460205078125,2.94770884513855,-629.7908935546875,-547.48583984375,1.8981666564941406,109.6684799194336,-618.7874755859375,0.2934434413909912
2025-09-11T16:06:30.145+02:00,-771.22705078125,-1033.55419921875,2.9380578994750977,-629.7971801757812,-547.5001831054688,1.8982243537902832,109.65123748779297,-618.781005859375,0.2934475541114807
2025-09-11T16:06:30.164+02:00,-776.677978515625,-1032.226318359375,2.9294402599334717,-629.7862548828125,-547.486572265625,1.8982887268066406,109.65185546875,-618.8291625976562,0.29368117451667786
2025-09-11T16:06:30.185+02:00,-776.677978515625,-1032.226318359375,2.9294402599334717,-629.7862548828125,-547.486572265625,1.8982887268066406,109.65185546875,-618.8291625976562,0.29368117451667786
2025-09-11T16:06:30.205+02:00,-781.9757690429688,-1031.245849609375,2.919529438018799,-629.7916259765625,-547.4979248046875,1.8983643054962158,109.63102722167969,-618.8121948242188,0.2935415804386139
2025-09-11T16:06:30.225+02:00,-781.9757690429688,-1031.245849609375,2.919529438018799,-629.7916259765625,-547.4979248046875,1.8983643054962158,109.63102722167969,-618.8121948242188,0.2935415804386139
2025-09-11T16:06:30.244+02:00,-781.9757690429688,-1031.245849609375,2.919529438018799,-629.7916259765625,-547.4979248046875,1.8983643054962158,109.63102722167969,-618.8121948242188,0.2935415804386139
2025-09-11T16:06:30.264+02:00,-781.9757690429688,-1031.245849609375,2.919529438018799,-629.7916259765625,-547.4979248046875,1.8983643054962158,109.63102722167969,-618.8121948242188,0.2935415804386139
2025-09-11T16:06:30.285+02:00,-781.9757690429688,-1031.245849609375,2.919529438018799,-629.7916259765625,-547.4979248046875,1.8983643054962158,109.63102722167969,-618.8121948242188,0.2935415804386139
2025-09-11T16:06:30.305+02:00,-781.9757690429688,-1031.245849609375,2.919529438018799,-629.7916259765625,-547.4979248046875,1.8983643054962158,109.63102722167969,-618.8121948242188,0.2935415804386139
2025-09-11T16:06:30.325+02:00,-796.764404296875,-1027.69189453125,2.8907063007354736,-629.7434692382812,-547.5562744140625,1.8975720405578613,109.65428161621094,-618.81396484375,0.29354673624038696
2025-09-11T16:06:30.345+02:00,-800.9862060546875,-1026.71630859375,2.8802595138549805,-629.7929077148438,-547.4942016601562,1.8981328010559082,109.6299057006836,-618.8120727539062,0.29351234436035156
2025-09-11T16:06:30.364+02:00,-805.6688842773438,-1025.644775390625,2.8682117462158203,-629.8024291992188,-547.5010375976562,1.8984888792037964,109.63153076171875,-618.79443359375,0.29349222779273987
2025-09-11T16:06:30.384+02:00,-805.6688842773438,-1025.644775390625,2.8682117462158203,-629.8024291992188,-547.5010375976562,1.8984888792037964,109.63153076171875,-618.79443359375,0.29349222779273987
2025-09-11T16:06:30.404+02:00,-810.8440551757812,-1023.994140625,2.858541965484619,-629.8024291992188,-547.5010375976562,1.8984888792037964,109.63387298583984,-618.8287353515625,0.29334884881973267
2025-09-11T16:06:30.424+02:00,-810.8440551757812,-1023.994140625,2.858541965484619,-629.8024291992188,-547.5010375976562,1.8984888792037964,109.63387298583984,-618.8287353515625,0.29334884881973267
2025-09-11T16:06:30.444+02:00,-810.8440551757812,-1023.994140625,2.858541965484619,-629.8024291992188,-547.5010375976562,1.8984888792037964,109.63387298583984,-618.8287353515625,0.29334884881973267
2025-09-11T16:06:30.465+02:00,-816.1364135742188,-1022.4418334960938,2.846801996231079,-629.7520751953125,-547.4091796875,1.8958301544189453,109.637939453125,-618.8162231445312,0.2933351695537567
2025-09-11T16:06:30.485+02:00,-816.1364135742188,-1022.4418334960938,2.846801996231079,-629.7520751953125,-547.4091796875,1.8958301544189453,109.637939453125,-618.8162231445312,0.2933351695537567
2025-09-11T16:06:30.504+02:00,-821.3868408203125,-1020.9317626953125,2.834109306335449,-629.7892456054688,-547.4901733398438,1.8979109525680542,109.62583923339844,-618.7960815429688,0.2934584617614746
2025-09-11T16:06:30.524+02:00,-821.3868408203125,-1020.9317626953125,2.834109306335449,-629.7892456054688,-547.4901733398438,1.8979109525680542,109.62583923339844,-618.7960815429688,0.2934584617614746
2025-09-11T16:06:30.544+02:00,-830.7860107421875,-1017.7886352539062,2.8102636337280273,-629.7982177734375,-547.4950561523438,1.8980181217193604,109.62583923339844,-618.7960815429688,0.2934584617614746
2025-09-11T16:06:30.564+02:00,-835.24072265625,-1016.082275390625,2.7979094982147217,-629.7982177734375,-547.4950561523438,1.8980181217193604,109.6542739868164,-618.7989501953125,0.2933046221733093
2025-09-11T16:06:30.585+02:00,-835.24072265625,-1016.082275390625,2.7979094982147217,-629.7982177734375,-547.4950561523438,1.8980181217193604,109.6542739868164,-618.7989501953125,0.2933046221733093
2025-09-11T16:06:30.605+02:00,-839.1725463867188,-1014.513916015625,2.7854788303375244,-629.7896728515625,-547.477294921875,1.8979707956314087,109.65557098388672,-618.7818603515625,0.2934603691101074
2025-09-11T16:06:30.625+02:00,-839.1725463867188,-1014.513916015625,2.7854788303375244,-629.7896728515625,-547.477294921875,1.8979707956314087,109.65557098388672,-618.7818603515625,0.2934603691101074
2025-09-11T16:06:30.644+02:00,-843.2686767578125,-1012.9895629882812,2.7733137607574463,-629.7979736328125,-547.493896484375,1.8980048894882202,109.68468475341797,-618.871337890625,0.29399624466896057
2025-09-11T16:06:30.664+02:00,-843.2686767578125,-1012.9895629882812,2.7733137607574463,-629.7979736328125,-547.493896484375,1.8980048894882202,109.68468475341797,-618.871337890625,0.29399624466896057
2025-09-11T16:06:30.685+02:00,-843.2686767578125,-1012.9895629882812,2.7733137607574463,-629.7979736328125,-547.493896484375,1.8980048894882202,109.68468475341797,-618.871337890625,0.29399624466896057
2025-09-11T16:06:30.704+02:00,-843.2686767578125,-1012.9895629882812,2.7733137607574463,-629.7979736328125,-547.493896484375,1.8980048894882202,109.68468475341797,-618.871337890625,0.29399624466896057
2025-09-11T16:06:30.724+02:00,-843.2686767578125,-1012.9895629882812,2.7733137607574463,-629.7979736328125,-547.493896484375,1.8980048894882202,109.68468475341797,-618.871337890625,0.29399624466896057
2025-09-11T16:06:30.744+02:00,-843.2686767578125,-1012.9895629882812,2.7733137607574463,-629.7979736328125,-547.493896484375,1.8980048894882202,109.68468475341797,-618.871337890625,0.29399624466896057
2025-09-11T16:06:30.764+02:00,-856.7178344726562,-1007.5478515625,2.735496997833252,-629.8049926757812,-547.4996337890625,1.8982386589050293,109.6467056274414,-618.7868041992188,0.2935081124305725
2025-09-11T16:06:30.784+02:00,-860.6517333984375,-1005.8380737304688,2.7220981121063232,-629.7782592773438,-547.4942626953125,1.897867202758789,109.6273193359375,-618.8006591796875,0.29347410798072815
2025-09-11T16:06:30.804+02:00,-864.80712890625,-1004.054931640625,2.7068347930908203,-629.8920288085938,-547.440673828125,1.8968554735183716,109.64778137207031,-618.792724609375,0.29346466064453125
2025-09-11T16:06:30.824+02:00,-864.80712890625,-1004.054931640625,2.7068347930908203,-629.8920288085938,-547.440673828125,1.8968554735183716,109.64778137207031,-618.792724609375,0.29346466064453125
2025-09-11T16:06:30.844+02:00,-869.6045532226562,-1001.83203125,2.697000026702881,-629.9208984375,-547.3803100585938,1.8963500261306763,109.63182830810547,-618.7989501953125,0.29348841309547424
2025-09-11T16:06:30.864+02:00,-869.6045532226562,-1001.83203125,2.697000026702881,-629.9208984375,-547.3803100585938,1.8963500261306763,109.63182830810547,-618.7989501953125,0.29348841309547424
2025-09-11T16:06:30.884+02:00,-873.8840942382812,-999.7617797851562,2.6828951835632324,-629.8331298828125,-547.5220947265625,1.8977165222167969,109.63182830810547,-618.7989501953125,0.29348841309547424
2025-09-11T16:06:30.905+02:00,-877.7384033203125,-997.7772827148438,2.6658406257629395,-629.83251953125,-547.50537109375,1.8977068662643433,109.6228256225586,-618.792724609375,0.2934783101081848
2025-09-11T16:06:30.925+02:00,-877.7384033203125,-997.7772827148438,2.6658406257629395,-629.83251953125,-547.50537109375,1.8977068662643433,109.6228256225586,-618.792724609375,0.2934783101081848
2025-09-11T16:06:30.945+02:00,-877.7384033203125,-997.7772827148438,2.6658406257629395,-629.83251953125,-547.50537109375,1.8977068662643433,109.6228256225586,-618.792724609375,0.2934783101081848
2025-09-11T16:06:30.965+02:00,-877.7384033203125,-997.7772827148438,2.6658406257629395,-629.83251953125,-547.50537109375,1.8977068662643433,109.6228256225586,-618.792724609375,0.2934783101081848
2025-09-11T16:06:30.984+02:00,-885.0855102539062,-993.5590209960938,2.6373131275177,-629.8235473632812,-547.5215454101562,1.897478461265564,109.61924743652344,-618.8051147460938,0.2934664487838745
2025-09-11T16:06:31.004+02:00,-888.9832153320312,-991.29443359375,2.622455358505249,-629.8552856445312,-547.473876953125,1.897132158279419,109.6231689453125,-618.7966918945312,0.2935049831867218
2025-09-11T16:06:31.024+02:00,-892.6552734375,-989.4141845703125,2.606882333755493,-629.8101196289062,-547.529052734375,1.8973182439804077,109.6231689453125,-618.7966918945312,0.2935049831867218
2025-09-11T16:06:31.044+02:00,-892.6552734375,-989.4141845703125,2.606882333755493,-629.8101196289062,-547.529052734375,1.8973182439804077,109.6231689453125,-618.7966918945312,0.2935049831867218
2025-09-11T16:06:31.065+02:00,-896.3071899414062,-987.1804809570312,2.5908572673797607,-629.8101196289062,-547.529052734375,1.8973182439804077,109.62965393066406,-618.807861328125,0.29350998997688293
2025-09-11T16:06:31.085+02:00,-896.3071899414062,-987.1804809570312,2.5908572673797607,-629.8101196289062,-547.529052734375,1.8973182439804077,109.62965393066406,-618.807861328125,0.29350998997688293
2025-09-11T16:06:31.105+02:00,-896.3071899414062,-987.1804809570312,2.5908572673797607,-629.8101196289062,-547.529052734375,1.8973182439804077,109.62965393066406,-618.807861328125,0.29350998997688293
2025-09-11T16:06:31.124+02:00,-899.6114501953125,-984.9224243164062,2.5722708702087402,-629.8170776367188,-547.55908203125,1.8985273838043213,109.62965393066406,-618.807861328125,0.29350998997688293
2025-09-11T16:06:31.145+02:00,-899.6114501953125,-984.9224243164062,2.5722708702087402,-629.8170776367188,-547.55908203125,1.8985273838043213,109.62965393066406,-618.807861328125,0.29350998997688293
2025-09-11T16:06:31.164+02:00,-899.6114501953125,-984.9224243164062,2.5722708702087402,-629.8170776367188,-547.55908203125,1.8985273838043213,109.62965393066406,-618.807861328125,0.29350998997688293
2025-09-11T16:06:31.184+02:00,-899.6114501953125,-984.9224243164062,2.5722708702087402,-629.8170776367188,-547.55908203125,1.8985273838043213,109.62965393066406,-618.807861328125,0.29350998997688293
2025-09-11T16:06:31.205+02:00,-908.8876953125,-978.299560546875,2.5212624073028564,-629.8226928710938,-547.5612182617188,1.8985505104064941,109.62836456298828,-618.8048706054688,0.2934948205947876
2025-09-11T16:06:31.225+02:00,-908.8876953125,-978.299560546875,2.5212624073028564,-629.8226928710938,-547.5612182617188,1.8985505104064941,109.62836456298828,-618.8048706054688,0.2934948205947876
2025-09-11T16:06:31.244+02:00,-912.593505859375,-975.267822265625,2.501805305480957,-629.814208984375,-547.5780029296875,1.8982032537460327,109.630126953125,-618.7957153320312,0.2935165762901306
2025-09-11T16:06:31.264+02:00,-916.2459106445312,-972.4557495117188,2.484684467315674,-629.8076782226562,-547.5637817382812,1.8980692625045776,109.63885498046875,-618.8192749023438,0.2933709919452667
2025-09-11T16:06:31.284+02:00,-916.2459106445312,-972.4557495117188,2.484684467315674,-629.8076782226562,-547.5637817382812,1.8980692625045776,109.63885498046875,-618.8192749023438,0.2933709919452667
2025-09-11T16:06:31.305+02:00,-919.2213134765625,-969.9692993164062,2.465407609939575,-629.81689453125,-547.5690307617188,1.8979939222335815,109.62586212158203,-618.803955078125,0.29347026348114014
2025-09-11T16:06:31.325+02:00,-919.2213134765625,-969.9692993164062,2.465407609939575,-629.81689453125,-547.5690307617188,1.8979939222335815,109.62586212158203,-618.803955078125,0.29347026348114014
2025-09-11T16:06:31.345+02:00,-919.2213134765625,-969.9692993164062,2.465407609939575,-629.81689453125,-547.5690307617188,1.8979939222335815,109.62586212158203,-618.803955078125,0.29347026348114014
2025-09-11T16:06:31.364+02:00,-919.2213134765625,-969.9692993164062,2.465407609939575,-629.81689453125,-547.5690307617188,1.8979939222335815,109.62586212158203,-618.803955078125,0.29347026348114014
2025-09-11T16:06:31.385+02:00,-919.2213134765625,-969.9692993164062,2.465407609939575,-629.81689453125,-547.5690307617188,1.8979939222335815,109.62586212158203,-618.803955078125,0.29347026348114014
2025-09-11T16:06:31.404+02:00,-919.2213134765625,-969.9692993164062,2.465407609939575,-629.81689453125,-547.5690307617188,1.8979939222335815,109.62586212158203,-618.803955078125,0.29347026348114014
2025-09-11T16:06:31.424+02:00,-921.690185546875,-967.6551513671875,2.4472663402557373,-629.8185424804688,-547.5602416992188,1.8982853889465332,109.64608764648438,-618.8108520507812,0.2935119569301605
2025-09-11T16:06:31.444+02:00,-921.690185546875,-967.6551513671875,2.4472663402557373,-629.8185424804688,-547.5602416992188,1.8982853889465332,109.64608764648438,-618.8108520507812,0.2935119569301605
2025-09-11T16:06:31.464+02:00,-928.840087890625,-961.1909790039062,2.388824462890625,-629.7832641601562,-547.4271850585938,1.8985650539398193,109.62802124023438,-618.8096313476562,0.2934854030609131
2025-09-11T16:06:31.484+02:00,-931.4122314453125,-958.8034057617188,2.3697972297668457,-629.7984008789062,-547.5621337890625,1.8977558612823486,109.62802124023438,-618.8096313476562,0.2934854030609131
2025-09-11T16:06:31.504+02:00,-933.6962890625,-956.5961303710938,2.3494713306427,-629.8104248046875,-547.5564575195312,1.8980547189712524,109.62802124023438,-618.8096313476562,0.2934854030609131
2025-09-11T16:06:31.524+02:00,-933.6962890625,-956.5961303710938,2.3494713306427,-629.8104248046875,-547.5564575195312,1.8980547189712524,109.62802124023438,-618.8096313476562,0.2934854030609131
2025-09-11T16:06:31.544+02:00,-933.6962890625,-956.5961303710938,2.3494713306427,-629.8104248046875,-547.5564575195312,1.8980547189712524,109.62802124023438,-618.8096313476562,0.2934854030609131
2025-09-11T16:06:31.565+02:00,-936.166015625,-953.92919921875,2.3286426067352295,-629.8045654296875,-547.5357666015625,1.897950530052185,109.62802124023438,-618.8096313476562,0.2934854030609131
2025-09-11T16:06:31.584+02:00,-938.3885498046875,-951.1049194335938,2.30653977394104,-629.81884765625,-547.5503540039062,1.8983154296875,109.63876342773438,-618.7877807617188,0.2934860587120056
2025-09-11T16:06:31.604+02:00,-940.4917602539062,-948.3521118164062,2.282891035079956,-629.80908203125,-547.5505981445312,1.8981561660766602,109.64630889892578,-618.8046875,0.2935098707675934
2025-09-11T16:06:31.625+02:00,-940.4917602539062,-948.3521118164062,2.282891035079956,-629.80908203125,-547.5505981445312,1.8981561660766602,109.64630889892578,-618.8046875,0.2935098707675934
2025-09-11T16:06:31.644+02:00,-943.2542724609375,-944.7098388671875,2.2519514560699463,-629.8182983398438,-547.5479736328125,1.8983314037322998,109.62448120117188,-618.805908203125,0.293484091758728
2025-09-11T16:06:31.664+02:00,-943.2542724609375,-944.7098388671875,2.2519514560699463,-629.8182983398438,-547.5479736328125,1.8983314037322998,109.62448120117188,-618.805908203125,0.293484091758728
2025-09-11T16:06:31.684+02:00,-946.1447143554688,-940.75390625,2.219672203063965,-629.8114624023438,-547.5454711914062,1.898071527481079,109.65287017822266,-618.7861328125,0.29350513219833374
2025-09-11T16:06:31.704+02:00,-949.0067749023438,-936.518798828125,2.1834847927093506,-629.8115234375,-547.5457763671875,1.8980132341384888,109.65544128417969,-618.8048706054688,0.2935347259044647
2025-09-11T16:06:31.725+02:00,-951.7096557617188,-931.8030395507812,2.1502108573913574,-629.8245239257812,-547.5545043945312,1.8980458974838257,109.61236572265625,-618.8002319335938,0.2934970259666443
2025-09-11T16:06:31.744+02:00,-951.7096557617188,-931.8030395507812,2.1502108573913574,-629.8245239257812,-547.5545043945312,1.8980458974838257,109.61236572265625,-618.8002319335938,0.2934970259666443
2025-09-11T16:06:31.764+02:00,-951.7096557617188,-931.8030395507812,2.1502108573913574,-629.8245239257812,-547.5545043945312,1.8980458974838257,109.61236572265625,-618.8002319335938,0.2934970259666443
2025-09-11T16:06:31.785+02:00,-951.7096557617188,-931.8030395507812,2.1502108573913574,-629.8245239257812,-547.5545043945312,1.8980458974838257,109.61236572265625,-618.8002319335938,0.2934970259666443
2025-09-11T16:06:31.804+02:00,-954.2548828125,-927.4588623046875,2.116400957107544,-629.813720703125,-547.55859375,1.8984616994857788,109.61236572265625,-618.8002319335938,0.2934970259666443
2025-09-11T16:06:31.824+02:00,-954.2548828125,-927.4588623046875,2.116400957107544,-629.813720703125,-547.55859375,1.8984616994857788,109.61236572265625,-618.8002319335938,0.2934970259666443
2025-09-11T16:06:31.844+02:00,-954.2548828125,-927.4588623046875,2.116400957107544,-629.813720703125,-547.55859375,1.8984616994857788,109.61236572265625,-618.8002319335938,0.2934970259666443
2025-09-11T16:06:31.864+02:00,-958.389892578125,-919.491943359375,2.0622260570526123,-629.804931640625,-547.5513916015625,1.897947907447815,109.62466430664062,-618.801025390625,0.29350098967552185
2025-09-11T16:06:31.884+02:00,-959.2545166015625,-917.0722045898438,2.0399200916290283,-629.9893188476562,-547.5585327148438,1.8940740823745728,109.63238525390625,-618.7972412109375,0.2934887707233429
2025-09-11T16:06:31.904+02:00,-959.6904296875,-915.8955078125,2.0182621479034424,-631.4803466796875,-547.1183471679688,1.8631881475448608,109.63238525390625,-618.7972412109375,0.2934887707233429
2025-09-11T16:06:31.924+02:00,-960.1481323242188,-914.4474487304688,1.9983081817626953,-634.3657836914062,-546.4122314453125,1.8214313983917236,109.61084747314453,-618.8085327148438,0.2935359477996826
2025-09-11T16:06:31.944+02:00,-960.1481323242188,-914.4474487304688,1.9983081817626953,-634.3657836914062,-546.4122314453125,1.8214313983917236,109.61084747314453,-618.8085327148438,0.2935359477996826
2025-09-11T16:06:31.965+02:00,-960.1481323242188,-914.4474487304688,1.9983081817626953,-634.3657836914062,-546.4122314453125,1.8214313983917236,109.61084747314453,-618.8085327148438,0.2935359477996826
2025-09-11T16:06:31.985+02:00,-960.867919921875,-911.8833618164062,1.9736785888671875,-637.5382690429688,-545.0050048828125,1.7712562084197998,109.6348648071289,-618.814208984375,0.2933645248413086
2025-09-11T16:06:32.005+02:00,-960.867919921875,-911.8833618164062,1.9736785888671875,-637.5382690429688,-545.0050048828125,1.7712562084197998,109.6348648071289,-618.814208984375,0.2933645248413086
2025-09-11T16:06:32.024+02:00,-960.867919921875,-911.8833618164062,1.9736785888671875,-637.5382690429688,-545.0050048828125,1.7712562084197998,109.6348648071289,-618.814208984375,0.2933645248413086
2025-09-11T16:06:32.045+02:00,-960.867919921875,-911.8833618164062,1.9736785888671875,-637.5382690429688,-545.0050048828125,1.7712562084197998,109.6348648071289,-618.814208984375,0.2933645248413086
2025-09-11T16:06:32.065+02:00,-963.185791015625,-904.2106323242188,1.9156619310379028,-644.5944213867188,-541.8724975585938,1.6539018154144287,109.62670135498047,-618.8274536132812,0.2933818995952606
2025-09-11T16:06:32.084+02:00,-964.3362426757812,-899.96435546875,1.895979881286621,-648.8097534179688,-539.4908447265625,1.5832422971725464,109.62670135498047,-618.8274536132812,0.2933818995952606
2025-09-11T16:06:32.105+02:00,-965.3776245117188,-896.8142700195312,1.8768339157104492,-653.0418090820312,-536.6895141601562,1.5087296962738037,109.64615631103516,-618.7932739257812,0.2935258746147156
2025-09-11T16:06:32.124+02:00,-966.4172973632812,-893.8173217773438,1.8585716485977173,-657.1242065429688,-533.6458129882812,1.4267985820770264,109.62796020507812,-618.7942504882812,0.2935132086277008
2025-09-11T16:06:32.145+02:00,-966.4172973632812,-893.8173217773438,1.8585716485977173,-657.1242065429688,-533.6458129882812,1.4267985820770264,109.62796020507812,-618.7942504882812,0.2935132086277008
2025-09-11T16:06:32.165+02:00,-966.4172973632812,-893.8173217773438,1.8585716485977173,-657.1242065429688,-533.6458129882812,1.4267985820770264,109.62796020507812,-618.7942504882812,0.2935132086277008
2025-09-11T16:06:32.185+02:00,-966.4172973632812,-893.8173217773438,1.8585716485977173,-657.1242065429688,-533.6458129882812,1.4267985820770264,109.62796020507812,-618.7942504882812,0.2935132086277008
2025-09-11T16:06:32.204+02:00,-967.2030639648438,-890.4949951171875,1.8382190465927124,-660.9967651367188,-530.2289428710938,1.3479787111282349,109.62796020507812,-618.7942504882812,0.2935132086277008
2025-09-11T16:06:32.224+02:00,-967.9269409179688,-886.6281127929688,1.823487639427185,-663.2516479492188,-526.1126098632812,1.2979493141174316,109.62796020507812,-618.7942504882812,0.2935132086277008
2025-09-11T16:06:32.245+02:00,-967.9269409179688,-886.6281127929688,1.823487639427185,-663.2516479492188,-526.1126098632812,1.2979493141174316,109.62796020507812,-618.7942504882812,0.2935132086277008
2025-09-11T16:06:32.265+02:00,-967.9269409179688,-886.6281127929688,1.823487639427185,-663.2516479492188,-526.1126098632812,1.2979493141174316,109.62796020507812,-618.7942504882812,0.2935132086277008
2025-09-11T16:06:32.285+02:00,-967.9269409179688,-886.6281127929688,1.823487639427185,-663.2516479492188,-526.1126098632812,1.2979493141174316,109.62796020507812,-618.7942504882812,0.2935132086277008
2025-09-11T16:06:32.304+02:00,-971.359375,-872.9151611328125,1.7846242189407349,-661.8042602539062,-510.1783142089844,1.220618486404419,109.64905548095703,-618.8126831054688,0.293500691652298
2025-09-11T16:06:32.325+02:00,-972.2578735351562,-867.9987182617188,1.775351881980896,-660.3936157226562,-504.4961853027344,1.2097617387771606,109.63197326660156,-618.7937622070312,0.2934790551662445
2025-09-11T16:06:32.344+02:00,-972.2578735351562,-867.9987182617188,1.775351881980896,-660.3936157226562,-504.4961853027344,1.2097617387771606,109.63197326660156,-618.7937622070312,0.2934790551662445
2025-09-11T16:06:32.365+02:00,-973.1768798828125,-862.5321044921875,1.7680675983428955,-658.4847412109375,-498.55322265625,1.200992226600647,109.63520050048828,-618.8213500976562,0.29340052604675293
2025-09-11T16:06:32.384+02:00,-973.1768798828125,-862.5321044921875,1.7680675983428955,-658.4847412109375,-498.55322265625,1.200992226600647,109.63520050048828,-618.8213500976562,0.29340052604675293
2025-09-11T16:06:32.404+02:00,-974.4696044921875,-856.2833251953125,1.7612898349761963,-656.4563598632812,-492.14117431640625,1.1889485120773315,109.62732696533203,-618.810546875,0.2934775948524475
2025-09-11T16:06:32.425+02:00,-974.4696044921875,-856.2833251953125,1.7612898349761963,-656.4563598632812,-492.14117431640625,1.1889485120773315,109.62732696533203,-618.810546875,0.2934775948524475
2025-09-11T16:06:32.444+02:00,-974.4696044921875,-856.2833251953125,1.7612898349761963,-656.4563598632812,-492.14117431640625,1.1889485120773315,109.62732696533203,-618.810546875,0.2934775948524475
2025-09-11T16:06:32.464+02:00,-975.778564453125,-850.5262451171875,1.755190134048462,-654.2737426757812,-485.5100402832031,1.1795791387557983,109.62480163574219,-618.8009033203125,0.293486088514328
2025-09-11T16:06:32.485+02:00,-975.778564453125,-850.5262451171875,1.755190134048462,-654.2737426757812,-485.5100402832031,1.1795791387557983,109.62480163574219,-618.8009033203125,0.293486088514328
2025-09-11T16:06:32.505+02:00,-975.778564453125,-850.5262451171875,1.755190134048462,-654.2737426757812,-485.5100402832031,1.1795791387557983,109.62480163574219,-618.8009033203125,0.293486088514328
2025-09-11T16:06:32.525+02:00,-977.6978759765625,-839.388427734375,1.7400752305984497,-649.3301391601562,-472.1316223144531,1.159590721130371,109.6417007446289,-618.8129272460938,0.29337817430496216
2025-09-11T16:06:32.545+02:00,-978.8860473632812,-833.7206420898438,1.7362035512924194,-646.332763671875,-465.2666931152344,1.1544930934906006,109.63079071044922,-618.7992553710938,0.2934770882129669
2025-09-11T16:06:32.564+02:00,-980.1541748046875,-828.229736328125,1.7289327383041382,-643.416748046875,-458.4562683105469,1.1448537111282349,109.64949035644531,-618.8063354492188,0.2933776378631592
2025-09-11T16:06:32.585+02:00,-980.1541748046875,-828.229736328125,1.7289327383041382,-643.416748046875,-458.4562683105469,1.1448537111282349,109.64949035644531,-618.8063354492188,0.2933776378631592
2025-09-11T16:06:32.605+02:00,-981.4017333984375,-822.8612670898438,1.7224528789520264,-640.3738403320312,-451.2591247558594,1.138889193534851,109.6354751586914,-618.787109375,0.2934899926185608
2025-09-11T16:06:32.625+02:00,-981.4017333984375,-822.8612670898438,1.7224528789520264,-640.3738403320312,-451.2591247558594,1.138889193534851,109.6354751586914,-618.787109375,0.2934899926185608
2025-09-11T16:06:32.644+02:00,-981.9818725585938,-817.6123046875,1.7143844366073608,-637.5908203125,-444.17608642578125,1.1333818435668945,109.62356567382812,-618.8099365234375,0.2934819459915161
2025-09-11T16:06:32.665+02:00,-981.9818725585938,-817.6123046875,1.7143844366073608,-637.5908203125,-444.17608642578125,1.1333818435668945,109.62356567382812,-618.8099365234375,0.2934819459915161
2025-09-11T16:06:32.685+02:00,-981.9818725585938,-817.6123046875,1.7143844366073608,-637.5908203125,-444.17608642578125,1.1333818435668945,109.62356567382812,-618.8099365234375,0.2934819459915161
2025-09-11T16:06:32.705+02:00,-981.9818725585938,-817.6123046875,1.7143844366073608,-637.5908203125,-444.17608642578125,1.1333818435668945,109.62356567382812,-618.8099365234375,0.2934819459915161
2025-09-11T16:06:32.725+02:00,-983.7738647460938,-806.704345703125,1.702006220817566,-634.2100219726562,-437.1095886230469,1.1302458047866821,109.65105438232422,-618.811767578125,0.2935374081134796
2025-09-11T16:06:32.745+02:00,-984.3786010742188,-801.8218994140625,1.693490743637085,-633.5997314453125,-436.13763427734375,1.1281850337982178,109.62149047851562,-618.806396484375,0.2935078740119934
2025-09-11T16:06:32.765+02:00,-984.5142211914062,-797.0817260742188,1.676895022392273,-633.7540893554688,-436.36370849609375,1.127711534500122,109.63556671142578,-618.7949829101562,0.29352912306785583
2025-09-11T16:06:32.785+02:00,-984.5142211914062,-797.0817260742188,1.676895022392273,-633.7540893554688,-436.36370849609375,1.127711534500122,109.63556671142578,-618.7949829101562,0.29352912306785583
2025-09-11T16:06:32.804+02:00,-985.3627319335938,-791.4368286132812,1.6711009740829468,-633.9730224609375,-436.6722106933594,1.1275886297225952,109.62694549560547,-618.7926635742188,0.2934938073158264
2025-09-11T16:06:32.824+02:00,-985.3627319335938,-791.4368286132812,1.6711009740829468,-633.9730224609375,-436.6722106933594,1.1275886297225952,109.62694549560547,-618.7926635742188,0.2934938073158264
2025-09-11T16:06:32.844+02:00,-986.3252563476562,-785.8355712890625,1.662993311882019,-633.8264770507812,-436.4415588378906,1.126763105392456,109.63329315185547,-618.8319702148438,0.2933925986289978
2025-09-11T16:06:32.864+02:00,-986.3252563476562,-785.8355712890625,1.662993311882019,-633.8264770507812,-436.4415588378906,1.126763105392456,109.63329315185547,-618.8319702148438,0.2933925986289978
2025-09-11T16:06:32.885+02:00,-986.3252563476562,-785.8355712890625,1.662993311882019,-633.8264770507812,-436.4415588378906,1.126763105392456,109.63329315185547,-618.8319702148438,0.2933925986289978
2025-09-11T16:06:32.905+02:00,-986.3252563476562,-785.8355712890625,1.662993311882019,-633.8264770507812,-436.4415588378906,1.126763105392456,109.63329315185547,-618.8319702148438,0.2933925986289978
2025-09-11T16:06:32.925+02:00,-986.3252563476562,-785.8355712890625,1.662993311882019,-633.8264770507812,-436.4415588378906,1.126763105392456,109.63329315185547,-618.8319702148438,0.2933925986289978
2025-09-11T16:06:32.944+02:00,-986.3252563476562,-785.8355712890625,1.662993311882019,-633.8264770507812,-436.4415588378906,1.126763105392456,109.63329315185547,-618.8319702148438,0.2933925986289978
2025-09-11T16:06:32.964+02:00,-988.0267944335938,-771.2977294921875,1.6315666437149048,-632.4260864257812,-432.27203369140625,1.1128357648849487,109.62789916992188,-618.8272705078125,0.29338833689689636
2025-09-11T16:06:32.985+02:00,-987.833251953125,-766.5133666992188,1.6160682439804077,-630.9901123046875,-429.0281066894531,1.1065826416015625,109.6316146850586,-618.7992553710938,0.29351118206977844
2025-09-11T16:06:33.005+02:00,-988.2902221679688,-761.4813232421875,1.6034547090530396,-629.2447509765625,-424.9641418457031,1.0928477048873901,109.63969421386719,-618.7841186523438,0.29354509711265564
2025-09-11T16:06:33.025+02:00,-988.2902221679688,-761.4813232421875,1.6034547090530396,-629.2447509765625,-424.9641418457031,1.0928477048873901,109.63969421386719,-618.7841186523438,0.29354509711265564
2025-09-11T16:06:33.044+02:00,-988.3779907226562,-757.0621948242188,1.5879545211791992,-627.3968505859375,-420.5876159667969,1.0837312936782837,109.62705993652344,-618.798095703125,0.2935015857219696
2025-09-11T16:06:33.065+02:00,-988.3779907226562,-757.0621948242188,1.5879545211791992,-627.3968505859375,-420.5876159667969,1.0837312936782837,109.62705993652344,-618.798095703125,0.2935015857219696
2025-09-11T16:06:33.085+02:00,-988.3779907226562,-757.0621948242188,1.5879545211791992,-627.3968505859375,-420.5876159667969,1.0837312936782837,109.62705993652344,-618.798095703125,0.2935015857219696
2025-09-11T16:06:33.105+02:00,-988.5755615234375,-752.7789916992188,1.5757393836975098,-624.7515258789062,-415.2281494140625,1.0731018781661987,109.63643646240234,-618.8276977539062,0.2933906018733978
2025-09-11T16:06:33.125+02:00,-988.5755615234375,-752.7789916992188,1.5757393836975098,-624.7515258789062,-415.2281494140625,1.0731018781661987,109.63643646240234,-618.8276977539062,0.2933906018733978
2025-09-11T16:06:33.144+02:00,-988.561279296875,-748.4548950195312,1.5640785694122314,-622.2179565429688,-409.4471435546875,1.0646463632583618,109.62630462646484,-618.8053588867188,0.29352933168411255
2025-09-11T16:06:33.165+02:00,-988.561279296875,-748.4548950195312,1.5640785694122314,-622.2179565429688,-409.4471435546875,1.0646463632583618,109.62630462646484,-618.8053588867188,0.29352933168411255
2025-09-11T16:06:33.185+02:00,-987.9963989257812,-738.8755493164062,1.5346752405166626,-615.8048095703125,-396.9834289550781,1.0412508249282837,109.6280517578125,-618.79638671875,0.29349485039711
2025-09-11T16:06:33.205+02:00,-987.880615234375,-733.782958984375,1.5229541063308716,-612.3134765625,-390.2398681640625,1.0285189151763916,109.62347412109375,-618.8048095703125,0.2935023903846741
2025-09-11T16:06:33.225+02:00,-987.5319213867188,-729.0554809570312,1.5084534883499146,-608.7962036132812,-383.45489501953125,1.0150821208953857,109.64569854736328,-618.8089599609375,0.29353153705596924
2025-09-11T16:06:33.244+02:00,-987.5319213867188,-729.0554809570312,1.5084534883499146,-608.7962036132812,-383.45489501953125,1.0150821208953857,109.64569854736328,-618.8089599609375,0.29353153705596924
2025-09-11T16:06:33.265+02:00,-987.0482788085938,-724.4217529296875,1.4972448348999023,-605.5445556640625,-377.5990905761719,1.0039299726486206,109.62858581542969,-618.802001953125,0.2935062646865845
2025-09-11T16:06:33.285+02:00,-987.0482788085938,-724.4217529296875,1.4972448348999023,-605.5445556640625,-377.5990905761719,1.0039299726486206,109.62858581542969,-618.802001953125,0.2935062646865845
2025-09-11T16:06:33.305+02:00,-987.0482788085938,-724.4217529296875,1.4972448348999023,-605.5445556640625,-377.5990905761719,1.0039299726486206,109.62858581542969,-618.802001953125,0.2935062646865845
2025-09-11T16:06:33.325+02:00,-987.0482788085938,-724.4217529296875,1.4972448348999023,-605.5445556640625,-377.5990905761719,1.0039299726486206,109.62858581542969,-618.802001953125,0.2935062646865845
2025-09-11T16:06:33.345+02:00,-986.5623168945312,-719.476318359375,1.4861714839935303,-603.9679565429688,-374.3355712890625,0.9985855221748352,109.65576171875,-618.8291625976562,0.2934020459651947
2025-09-11T16:06:33.365+02:00,-986.5623168945312,-719.476318359375,1.4861714839935303,-603.9679565429688,-374.3355712890625,0.9985855221748352,109.65576171875,-618.8291625976562,0.2934020459651947
2025-09-11T16:06:33.385+02:00,-986.5623168945312,-719.476318359375,1.4861714839935303,-603.9679565429688,-374.3355712890625,0.9985855221748352,109.65576171875,-618.8291625976562,0.2934020459651947
2025-09-11T16:06:33.404+02:00,-984.8634643554688,-704.3898315429688,1.454287052154541,-602.395751953125,-372.9116516113281,1.00007963180542,109.63136291503906,-618.7955932617188,0.2934669256210327
2025-09-11T16:06:33.425+02:00,-984.3820190429688,-699.3568725585938,1.4432907104492188,-602.8721313476562,-372.9704895019531,0.9993600249290466,109.63697814941406,-618.8170776367188,0.2933701276779175
2025-09-11T16:06:33.445+02:00,-984.3820190429688,-699.3568725585938,1.4432907104492188,-602.8721313476562,-372.9704895019531,0.9993600249290466,109.63697814941406,-618.8170776367188,0.2933701276779175
2025-09-11T16:06:33.465+02:00,-983.468505859375,-694.883056640625,1.4331012964248657,-602.614501953125,-372.9415588378906,0.9989952445030212,109.6240005493164,-618.80322265625,0.29350972175598145
2025-09-11T16:06:33.485+02:00,-983.468505859375,-694.883056640625,1.4331012964248657,-602.614501953125,-372.9415588378906,0.9989952445030212,109.6240005493164,-618.80322265625,0.29350972175598145
2025-09-11T16:06:33.505+02:00,-983.468505859375,-694.883056640625,1.4331012964248657,-602.614501953125,-372.9415588378906,0.9989952445030212,109.6240005493164,-618.80322265625,0.29350972175598145
2025-09-11T16:06:33.525+02:00,-983.468505859375,-694.883056640625,1.4331012964248657,-602.614501953125,-372.9415588378906,0.9989952445030212,109.6240005493164,-618.80322265625,0.29350972175598145
2025-09-11T16:06:33.544+02:00,-983.468505859375,-694.883056640625,1.4331012964248657,-602.614501953125,-372.9415588378906,0.9989952445030212,109.6240005493164,-618.80322265625,0.29350972175598145
2025-09-11T16:06:33.565+02:00,-983.468505859375,-694.883056640625,1.4331012964248657,-602.614501953125,-372.9415588378906,0.9989952445030212,109.6240005493164,-618.80322265625,0.29350972175598145
2025-09-11T16:06:33.585+02:00,-982.7252197265625,-690.6025390625,1.421746850013733,-602.8347778320312,-373.1148376464844,1.0013062953948975,109.6383285522461,-618.7967529296875,0.2935037314891815
2025-09-11T16:06:33.604+02:00,-980.9845581054688,-679.8782958984375,1.3986215591430664,-601.3402099609375,-371.3648986816406,0.9953096508979797,109.62757110595703,-618.8118286132812,0.29351016879081726
2025-09-11T16:06:33.625+02:00,-980.3186645507812,-674.9022827148438,1.387031078338623,-599.779296875,-368.37933349609375,0.9858250021934509,109.62757110595703,-618.8118286132812,0.29351016879081726
2025-09-11T16:06:33.645+02:00,-979.7554931640625,-670.669677734375,1.3759382963180542,-597.8016967773438,-364.550537109375,0.9787615537643433,109.62757110595703,-618.8118286132812,0.29351016879081726
2025-09-11T16:06:33.664+02:00,-978.5693359375,-665.8292846679688,1.365901231765747,-594.9081420898438,-360.1474304199219,0.9690781235694885,109.64256286621094,-618.8048095703125,0.2935127913951874
2025-09-11T16:06:33.684+02:00,-978.5693359375,-665.8292846679688,1.365901231765747,-594.9081420898438,-360.1474304199219,0.9690781235694885,109.64256286621094,-618.8048095703125,0.2935127913951874
2025-09-11T16:06:33.704+02:00,-977.4384765625,-661.0123901367188,1.352555513381958,-591.7692260742188,-355.1776428222656,0.9623664021492004,109.63162994384766,-618.7938842773438,0.2934860289096832
2025-09-11T16:06:33.725+02:00,-977.4384765625,-661.0123901367188,1.352555513381958,-591.7692260742188,-355.1776428222656,0.9623664021492004,109.63162994384766,-618.7938842773438,0.2934860289096832
2025-09-11T16:06:33.745+02:00,-977.4384765625,-661.0123901367188,1.352555513381958,-591.7692260742188,-355.1776428222656,0.9623664021492004,109.63162994384766,-618.7938842773438,0.2934860289096832
2025-09-11T16:06:33.764+02:00,-976.9402465820312,-656.1288452148438,1.3465715646743774,-588.3970336914062,-349.73321533203125,0.9526572823524475,109.63162994384766,-618.7938842773438,0.2934860289096832
2025-09-11T16:06:33.785+02:00,-975.4143676757812,-651.5555419921875,1.331592321395874,-584.7825927734375,-344.0039978027344,0.9442453980445862,109.63162994384766,-618.7938842773438,0.2934860289096832
2025-09-11T16:06:33.805+02:00,-975.4143676757812,-651.5555419921875,1.331592321395874,-584.7825927734375,-344.0039978027344,0.9442453980445862,109.63162994384766,-618.7938842773438,0.2934860289096832
2025-09-11T16:06:33.824+02:00,-975.4143676757812,-651.5555419921875,1.331592321395874,-584.7825927734375,-344.0039978027344,0.9442453980445862,109.63162994384766,-618.7938842773438,0.2934860289096832
2025-09-11T16:06:33.844+02:00,-973.1135864257812,-641.1098022460938,1.3110930919647217,-576.8275146484375,-332.24908447265625,0.9280168414115906,109.63372802734375,-618.8108520507812,0.2935076057910919
2025-09-11T16:06:33.864+02:00,-971.5428466796875,-636.1544189453125,1.3014417886734009,-572.1843872070312,-325.9271240234375,0.9166200757026672,109.63372802734375,-618.8108520507812,0.2935076057910919
2025-09-11T16:06:33.885+02:00,-971.5428466796875,-636.1544189453125,1.3014417886734009,-572.1843872070312,-325.9271240234375,0.9166200757026672,109.63372802734375,-618.8108520507812,0.2935076057910919
2025-09-11T16:06:33.905+02:00,-970.0308837890625,-631.0584716796875,1.291979193687439,-567.5404663085938,-319.65838623046875,0.9075769782066345,109.63372802734375,-618.8108520507812,0.2935076057910919
2025-09-11T16:06:33.924+02:00,-970.0308837890625,-631.0584716796875,1.291979193687439,-567.5404663085938,-319.65838623046875,0.9075769782066345,109.63372802734375,-618.8108520507812,0.2935076057910919
2025-09-11T16:06:33.945+02:00,-968.2792358398438,-625.9266967773438,1.2821708917617798,-563.6467895507812,-314.66583251953125,0.9045569896697998,109.63372802734375,-618.8108520507812,0.2935076057910919
2025-09-11T16:06:33.965+02:00,-968.2792358398438,-625.9266967773438,1.2821708917617798,-563.6467895507812,-314.66583251953125,0.9045569896697998,109.63372802734375,-618.8108520507812,0.2935076057910919
2025-09-11T16:06:33.984+02:00,-966.7684936523438,-621.2810668945312,1.2701659202575684,-561.3790893554688,-312.63909912109375,0.9089295268058777,109.6434326171875,-618.8008422851562,0.29352623224258423
2025-09-11T16:06:34.005+02:00,-966.7684936523438,-621.2810668945312,1.2701659202575684,-561.3790893554688,-312.63909912109375,0.9089295268058777,109.6434326171875,-618.8008422851562,0.29352623224258423
2025-09-11T16:06:34.025+02:00,-966.7684936523438,-621.2810668945312,1.2701659202575684,-561.3790893554688,-312.63909912109375,0.9089295268058777,109.6434326171875,-618.8008422851562,0.29352623224258423
2025-09-11T16:06:34.044+02:00,-966.7684936523438,-621.2810668945312,1.2701659202575684,-561.3790893554688,-312.63909912109375,0.9089295268058777,109.6434326171875,-618.8008422851562,0.29352623224258423
2025-09-11T16:06:34.065+02:00,-961.6541748046875,-605.4254760742188,1.2410194873809814,-560.3640747070312,-311.9435729980469,0.9127307534217834,109.63139343261719,-618.820068359375,0.2933840751647949
2025-09-11T16:06:34.084+02:00,-961.6541748046875,-605.4254760742188,1.2410194873809814,-560.3640747070312,-311.9435729980469,0.9127307534217834,109.63139343261719,-618.820068359375,0.2933840751647949
2025-09-11T16:06:34.105+02:00,-960.031494140625,-601.006591796875,1.2339725494384766,-560.2979736328125,-311.856689453125,0.9125151038169861,109.65155792236328,-618.7929077148438,0.29351356625556946
2025-09-11T16:06:34.125+02:00,-960.031494140625,-601.006591796875,1.2339725494384766,-560.2979736328125,-311.856689453125,0.9125151038169861,109.65155792236328,-618.7929077148438,0.29351356625556946
2025-09-11T16:06:34.144+02:00,-958.184814453125,-596.2933959960938,1.2213586568832397,-560.3428955078125,-311.9324645996094,0.9126628637313843,109.63402557373047,-618.79443359375,0.2934853732585907
2025-09-11T16:06:34.165+02:00,-958.184814453125,-596.2933959960938,1.2213586568832397,-560.3428955078125,-311.9324645996094,0.9126628637313843,109.63402557373047,-618.79443359375,0.2934853732585907
2025-09-11T16:06:34.184+02:00,-958.184814453125,-596.2933959960938,1.2213586568832397,-560.3428955078125,-311.9324645996094,0.9126628637313843,109.63402557373047,-618.79443359375,0.2934853732585907
2025-09-11T16:06:34.205+02:00,-956.2572631835938,-591.5540771484375,1.2186789512634277,-559.0428466796875,-310.3321228027344,0.9083209037780762,109.65218353271484,-618.83349609375,0.293402761220932
2025-09-11T16:06:34.225+02:00,-956.2572631835938,-591.5540771484375,1.2186789512634277,-559.0428466796875,-310.3321228027344,0.9083209037780762,109.65218353271484,-618.83349609375,0.293402761220932
2025-09-11T16:06:34.245+02:00,-956.2572631835938,-591.5540771484375,1.2186789512634277,-559.0428466796875,-310.3321228027344,0.9083209037780762,109.65218353271484,-618.83349609375,0.293402761220932
2025-09-11T16:06:34.265+02:00,-956.2572631835938,-591.5540771484375,1.2186789512634277,-559.0428466796875,-310.3321228027344,0.9083209037780762,109.65218353271484,-618.83349609375,0.293402761220932
2025-09-11T16:06:34.285+02:00,-950.4271850585938,-575.8753662109375,1.1869986057281494,-552.4401245117188,-301.02532958984375,0.888696551322937,109.65193939208984,-618.8026123046875,0.2935084402561188
2025-09-11T16:06:34.305+02:00,-948.5703125,-571.9336547851562,1.1790143251419067,-549.5379028320312,-297.048828125,0.8799750804901123,109.65193939208984,-618.8026123046875,0.2935084402561188
2025-09-11T16:06:34.325+02:00,-946.5422973632812,-566.9982299804688,1.1741218566894531,-545.9348754882812,-292.2865295410156,0.8751163482666016,109.63798522949219,-618.8026733398438,0.2935222089290619
2025-09-11T16:06:34.344+02:00,-946.5422973632812,-566.9982299804688,1.1741218566894531,-545.9348754882812,-292.2865295410156,0.8751163482666016,109.63798522949219,-618.8026733398438,0.2935222089290619
2025-09-11T16:06:34.365+02:00,-944.5895385742188,-561.8636474609375,1.1637904644012451,-542.1907958984375,-287.31939697265625,0.8704203963279724,109.61919403076172,-618.8145751953125,0.2934984564781189
2025-09-11T16:06:34.385+02:00,-944.5895385742188,-561.8636474609375,1.1637904644012451,-542.1907958984375,-287.31939697265625,0.8704203963279724,109.61919403076172,-618.8145751953125,0.2934984564781189
2025-09-11T16:06:34.405+02:00,-944.5895385742188,-561.8636474609375,1.1637904644012451,-542.1907958984375,-287.31939697265625,0.8704203963279724,109.61919403076172,-618.8145751953125,0.2934984564781189
2025-09-11T16:06:34.425+02:00,-944.5895385742188,-561.8636474609375,1.1637904644012451,-542.1907958984375,-287.31939697265625,0.8704203963279724,109.61919403076172,-618.8145751953125,0.2934984564781189
2025-09-11T16:06:34.445+02:00,-944.5895385742188,-561.8636474609375,1.1637904644012451,-542.1907958984375,-287.31939697265625,0.8704203963279724,109.61919403076172,-618.8145751953125,0.2934984564781189
2025-09-11T16:06:34.465+02:00,-944.5895385742188,-561.8636474609375,1.1637904644012451,-542.1907958984375,-287.31939697265625,0.8704203963279724,109.61919403076172,-618.8145751953125,0.2934984564781189
2025-09-11T16:06:34.485+02:00,-942.1297607421875,-557.0491943359375,1.1513550281524658,-537.8099975585938,-282.1977844238281,0.8628263473510742,109.6260986328125,-618.7930297851562,0.29347652196884155
2025-09-11T16:06:34.505+02:00,-942.1297607421875,-557.0491943359375,1.1513550281524658,-537.8099975585938,-282.1977844238281,0.8628263473510742,109.6260986328125,-618.7930297851562,0.29347652196884155
2025-09-11T16:06:34.525+02:00,-935.6859741210938,-543.1265258789062,1.1308902502059937,-522.5017700195312,-265.780029296875,0.84327632188797,109.63365173339844,-618.8035888671875,0.2934964597225189
2025-09-11T16:06:34.544+02:00,-933.4989013671875,-538.0798950195312,1.127772569656372,-516.8849487304688,-259.4681396484375,0.8350765109062195,109.64305114746094,-618.835693359375,0.2933861315250397
2025-09-11T16:06:34.565+02:00,-931.1893310546875,-532.3882446289062,1.1203899383544922,-511.69891357421875,-252.9381103515625,0.8243411779403687,109.62439727783203,-618.809326171875,0.2934853434562683
2025-09-11T16:06:34.585+02:00,-931.1893310546875,-532.3882446289062,1.1203899383544922,-511.69891357421875,-252.9381103515625,0.8243411779403687,109.62439727783203,-618.809326171875,0.2934853434562683
2025-09-11T16:06:34.605+02:00,-928.363525390625,-527.7703247070312,1.1083158254623413,-505.6863098144531,-245.88719177246094,0.8162170648574829,109.63777160644531,-618.7891845703125,0.2935008704662323
2025-09-11T16:06:34.625+02:00,-928.363525390625,-527.7703247070312,1.1083158254623413,-505.6863098144531,-245.88719177246094,0.8162170648574829,109.63777160644531,-618.7891845703125,0.2935008704662323
2025-09-11T16:06:34.645+02:00,-928.363525390625,-527.7703247070312,1.1083158254623413,-505.6863098144531,-245.88719177246094,0.8162170648574829,109.63777160644531,-618.7891845703125,0.2935008704662323
2025-09-11T16:06:34.664+02:00,-926.4232788085938,-523.4788208007812,1.1071542501449585,-500.7764587402344,-240.21974182128906,0.8028568029403687,109.63990783691406,-618.8191528320312,0.29338711500167847
2025-09-11T16:06:34.685+02:00,-926.4232788085938,-523.4788208007812,1.1071542501449585,-500.7764587402344,-240.21974182128906,0.8028568029403687,109.63990783691406,-618.8191528320312,0.29338711500167847
2025-09-11T16:06:34.705+02:00,-926.4232788085938,-523.4788208007812,1.1071542501449585,-500.7764587402344,-240.21974182128906,0.8028568029403687,109.63990783691406,-618.8191528320312,0.29338711500167847
2025-09-11T16:06:34.724+02:00,-920.9512329101562,-513.5006103515625,1.0897170305252075,-496.079833984375,-235.7836456298828,0.8027433753013611,109.6419448852539,-618.7845458984375,0.2934858202934265
2025-09-11T16:06:34.744+02:00,-917.8927001953125,-508.39544677734375,1.0731912851333618,-495.0321350097656,-234.41542053222656,0.8000041246414185,109.6281967163086,-618.7988891601562,0.29347309470176697
2025-09-11T16:06:34.764+02:00,-915.404052734375,-503.2095947265625,1.0749198198318481,-495.1001892089844,-234.1350555419922,0.7967742085456848,109.61961364746094,-618.7935180664062,0.29349806904792786
2025-09-11T16:06:34.785+02:00,-915.404052734375,-503.2095947265625,1.0749198198318481,-495.1001892089844,-234.1350555419922,0.7967742085456848,109.61961364746094,-618.7935180664062,0.29349806904792786
2025-09-11T16:06:34.804+02:00,-913.0711669921875,-498.0328674316406,1.068603515625,-495.5128479003906,-234.67076110839844,0.7968848347663879,109.62545013427734,-618.80029296875,0.2934958040714264
2025-09-11T16:06:34.824+02:00,-913.0711669921875,-498.0328674316406,1.068603515625,-495.5128479003906,-234.67076110839844,0.7968848347663879,109.62545013427734,-618.80029296875,0.2934958040714264
2025-09-11T16:06:34.844+02:00,-910.5510864257812,-493.4932556152344,1.0603418350219727,-495.4800720214844,-234.6248016357422,0.7968243956565857,109.6421127319336,-618.8121948242188,0.29335758090019226
2025-09-11T16:06:34.864+02:00,-910.5510864257812,-493.4932556152344,1.0603418350219727,-495.4800720214844,-234.6248016357422,0.7968243956565857,109.6421127319336,-618.8121948242188,0.29335758090019226
2025-09-11T16:06:34.884+02:00,-910.5510864257812,-493.4932556152344,1.0603418350219727,-495.4800720214844,-234.6248016357422,0.7968243956565857,109.6421127319336,-618.8121948242188,0.29335758090019226
2025-09-11T16:06:34.905+02:00,-910.5510864257812,-493.4932556152344,1.0603418350219727,-495.4800720214844,-234.6248016357422,0.7968243956565857,109.6421127319336,-618.8121948242188,0.29335758090019226
2025-09-11T16:06:34.925+02:00,-910.5510864257812,-493.4932556152344,1.0603418350219727,-495.4800720214844,-234.6248016357422,0.7968243956565857,109.6421127319336,-618.8121948242188,0.29335758090019226
2025-09-11T16:06:34.945+02:00,-910.5510864257812,-493.4932556152344,1.0603418350219727,-495.4800720214844,-234.6248016357422,0.7968243956565857,109.6421127319336,-618.8121948242188,0.29335758090019226
2025-09-11T16:06:34.965+02:00,-910.5510864257812,-493.4932556152344,1.0603418350219727,-495.4800720214844,-234.6248016357422,0.7968243956565857,109.6421127319336,-618.8121948242188,0.29335758090019226
2025-09-11T16:06:34.984+02:00,-898.5773315429688,-473.44842529296875,1.0355737209320068,-484.5321350097656,-222.42359924316406,0.7694506049156189,109.63202667236328,-618.801513671875,0.29346004128456116
2025-09-11T16:06:35.005+02:00,-896.0020141601562,-468.58917236328125,1.0326504707336426,-480.0360107421875,-217.65444946289062,0.759871244430542,109.6390380859375,-618.7871704101562,0.29349157214164734
2025-09-11T16:06:35.024+02:00,-896.0020141601562,-468.58917236328125,1.0326504707336426,-480.0360107421875,-217.65444946289062,0.759871244430542,109.6390380859375,-618.7871704101562,0.29349157214164734
2025-09-11T16:06:35.045+02:00,-893.2211303710938,-464.0008239746094,1.02415132522583,-475.1176452636719,-212.6846466064453,0.7495652437210083,109.62895965576172,-618.801025390625,0.29352837800979614
2025-09-11T16:06:35.065+02:00,-893.2211303710938,-464.0008239746094,1.02415132522583,-475.1176452636719,-212.6846466064453,0.7495652437210083,109.62895965576172,-618.801025390625,0.29352837800979614
2025-09-11T16:06:35.085+02:00,-893.2211303710938,-464.0008239746094,1.02415132522583,-475.1176452636719,-212.6846466064453,0.7495652437210083,109.62895965576172,-618.801025390625,0.29352837800979614
2025-09-11T16:06:35.105+02:00,-893.2211303710938,-464.0008239746094,1.02415132522583,-475.1176452636719,-212.6846466064453,0.7495652437210083,109.62895965576172,-618.801025390625,0.29352837800979614
2025-09-11T16:06:35.125+02:00,-893.2211303710938,-464.0008239746094,1.02415132522583,-475.1176452636719,-212.6846466064453,0.7495652437210083,109.62895965576172,-618.801025390625,0.29352837800979614
2025-09-11T16:06:35.145+02:00,-893.2211303710938,-464.0008239746094,1.02415132522583,-475.1176452636719,-212.6846466064453,0.7495652437210083,109.62895965576172,-618.801025390625,0.29352837800979614
2025-09-11T16:06:35.164+02:00,-880.501708984375,-443.96551513671875,1.0063725709915161,-451.0660705566406,-191.31431579589844,0.7251093983650208,109.63573455810547,-618.8200073242188,0.2933967709541321
2025-09-11T16:06:35.185+02:00,-880.501708984375,-443.96551513671875,1.0063725709915161,-451.0660705566406,-191.31431579589844,0.7251093983650208,109.63573455810547,-618.8200073242188,0.2933967709541321
2025-09-11T16:06:35.205+02:00,-877.2015991210938,-439.457763671875,0.9990411400794983,-444.8250732421875,-185.8705291748047,0.7190194725990295,109.62847137451172,-618.8038330078125,0.2935087978839874
2025-09-11T16:06:35.225+02:00,-874.0145874023438,-434.42303466796875,0.9943259358406067,-437.8831481933594,-180.2520294189453,0.7104856967926025,109.64146423339844,-618.8026733398438,0.29343003034591675
2025-09-11T16:06:35.245+02:00,-874.0145874023438,-434.42303466796875,0.9943259358406067,-437.8831481933594,-180.2520294189453,0.7104856967926025,109.64146423339844,-618.8026733398438,0.29343003034591675
2025-09-11T16:06:35.265+02:00,-874.0145874023438,-434.42303466796875,0.9943259358406067,-437.8831481933594,-180.2520294189453,0.7104856967926025,109.64146423339844,-618.8026733398438,0.29343003034591675
2025-09-11T16:06:35.285+02:00,-870.843994140625,-428.94500732421875,0.9866792559623718,-431.0431213378906,-174.6019744873047,0.7075983285903931,109.629150390625,-618.7970581054688,0.2935046851634979
2025-09-11T16:06:35.304+02:00,-870.843994140625,-428.94500732421875,0.9866792559623718,-431.0431213378906,-174.6019744873047,0.7075983285903931,109.629150390625,-618.7970581054688,0.2935046851634979
2025-09-11T16:06:35.325+02:00,-870.843994140625,-428.94500732421875,0.9866792559623718,-431.0431213378906,-174.6019744873047,0.7075983285903931,109.629150390625,-618.7970581054688,0.2935046851634979
2025-09-11T16:06:35.345+02:00,-870.843994140625,-428.94500732421875,0.9866792559623718,-431.0431213378906,-174.6019744873047,0.7075983285903931,109.629150390625,-618.7970581054688,0.2935046851634979
2025-09-11T16:06:35.364+02:00,-870.843994140625,-428.94500732421875,0.9866792559623718,-431.0431213378906,-174.6019744873047,0.7075983285903931,109.629150390625,-618.7970581054688,0.2935046851634979
2025-09-11T16:06:35.384+02:00,-870.843994140625,-428.94500732421875,0.9866792559623718,-431.0431213378906,-174.6019744873047,0.7075983285903931,109.629150390625,-618.7970581054688,0.2935046851634979
2025-09-11T16:06:35.405+02:00,-870.843994140625,-428.94500732421875,0.9866792559623718,-431.0431213378906,-174.6019744873047,0.7075983285903931,109.629150390625,-618.7970581054688,0.2935046851634979
2025-09-11T16:06:35.424+02:00,-870.843994140625,-428.94500732421875,0.9866792559623718,-431.0431213378906,-174.6019744873047,0.7075983285903931,109.629150390625,-618.7970581054688,0.2935046851634979
2025-09-11T16:06:35.444+02:00,-853.3026123046875,-404.01715087890625,0.9683567881584167,-419.9395751953125,-166.47625732421875,0.7107329368591309,109.63633728027344,-618.7822265625,0.2935464382171631
2025-09-11T16:06:35.465+02:00,-853.3026123046875,-404.01715087890625,0.9683567881584167,-419.9395751953125,-166.47625732421875,0.7107329368591309,109.63633728027344,-618.7822265625,0.2935464382171631
2025-09-11T16:06:35.485+02:00,-849.7329711914062,-398.78466796875,0.9640153050422668,-420.1448974609375,-166.707275390625,0.710023820400238,109.62294006347656,-618.7910766601562,0.2935333251953125
2025-09-11T16:06:35.504+02:00,-849.7329711914062,-398.78466796875,0.9640153050422668,-420.1448974609375,-166.707275390625,0.710023820400238,109.62294006347656,-618.7910766601562,0.2935333251953125
2025-09-11T16:06:35.525+02:00,-849.7329711914062,-398.78466796875,0.9640153050422668,-420.1448974609375,-166.707275390625,0.710023820400238,109.62294006347656,-618.7910766601562,0.2935333251953125
2025-09-11T16:06:35.545+02:00,-849.7329711914062,-398.78466796875,0.9640153050422668,-420.1448974609375,-166.707275390625,0.710023820400238,109.62294006347656,-618.7910766601562,0.2935333251953125
2025-09-11T16:06:35.565+02:00,-849.7329711914062,-398.78466796875,0.9640153050422668,-420.1448974609375,-166.707275390625,0.710023820400238,109.62294006347656,-618.7910766601562,0.2935333251953125
2025-09-11T16:06:35.584+02:00,-846.3486938476562,-393.7164001464844,0.9662716388702393,-420.1121826171875,-166.6107177734375,0.7108032703399658,109.62294006347656,-618.7910766601562,0.2935333251953125
2025-09-11T16:06:35.604+02:00,-835.8587036132812,-379.2233581542969,0.9501676559448242,-414.2537536621094,-162.30307006835938,0.7038168907165527,109.62294006347656,-618.7910766601562,0.2935333251953125
2025-09-11T16:06:35.625+02:00,-832.5214233398438,-374.48236083984375,0.9492142200469971,-411.0812072753906,-158.92381286621094,0.7022197246551514,109.62294006347656,-618.7910766601562,0.2935333251953125
2025-09-11T16:06:35.644+02:00,-832.5214233398438,-374.48236083984375,0.9492142200469971,-411.0812072753906,-158.92381286621094,0.7022197246551514,109.62294006347656,-618.7910766601562,0.2935333251953125
2025-09-11T16:06:35.664+02:00,-829.140625,-369.541748046875,0.9465304017066956,-406.7490234375,-155.61788940429688,0.699984073638916,109.62294006347656,-618.7910766601562,0.2935333251953125
2025-09-11T16:06:35.685+02:00,-829.140625,-369.541748046875,0.9465304017066956,-406.7490234375,-155.61788940429688,0.699984073638916,109.62294006347656,-618.7910766601562,0.2935333251953125
2025-09-11T16:06:35.705+02:00,-825.4522094726562,-364.2877197265625,0.9345356225967407,-402.3282470703125,-151.64210510253906,0.6931890249252319,109.62294006347656,-618.7910766601562,0.2935333251953125
2025-09-11T16:06:35.725+02:00,-825.4522094726562,-364.2877197265625,0.9345356225967407,-402.3282470703125,-151.64210510253906,0.6931890249252319,109.62294006347656,-618.7910766601562,0.2935333251953125
2025-09-11T16:06:35.745+02:00,-825.4522094726562,-364.2877197265625,0.9345356225967407,-402.3282470703125,-151.64210510253906,0.6931890249252319,109.62294006347656,-618.7910766601562,0.2935333251953125
2025-09-11T16:06:35.764+02:00,-825.4522094726562,-364.2877197265625,0.9345356225967407,-402.3282470703125,-151.64210510253906,0.6931890249252319,109.62294006347656,-618.7910766601562,0.2935333251953125
2025-09-11T16:06:35.785+02:00,-825.4522094726562,-364.2877197265625,0.9345356225967407,-402.3282470703125,-151.64210510253906,0.6931890249252319,109.62294006347656,-618.7910766601562,0.2935333251953125
2025-09-11T16:06:35.804+02:00,-825.4522094726562,-364.2877197265625,0.9345356225967407,-402.3282470703125,-151.64210510253906,0.6931890249252319,109.62294006347656,-618.7910766601562,0.2935333251953125
2025-09-11T16:06:35.825+02:00,-812.1008911132812,-345.46746826171875,0.9223148226737976,-381.23992919921875,-134.34136962890625,0.6783850193023682,109.64173889160156,-618.8278198242188,0.2933783531188965
2025-09-11T16:06:35.844+02:00,-812.1008911132812,-345.46746826171875,0.9223148226737976,-381.23992919921875,-134.34136962890625,0.6783850193023682,109.64173889160156,-618.8278198242188,0.2933783531188965
2025-09-11T16:06:35.864+02:00,-808.3501586914062,-340.2342529296875,0.9229615926742554,-374.73223876953125,-129.48756408691406,0.6756223440170288,109.61418914794922,-618.80517578125,0.29346683621406555
2025-09-11T16:06:35.884+02:00,-808.3501586914062,-340.2342529296875,0.9229615926742554,-374.73223876953125,-129.48756408691406,0.6756223440170288,109.61418914794922,-618.80517578125,0.29346683621406555
2025-09-11T16:06:35.904+02:00,-804.7149658203125,-334.98883056640625,0.9195531606674194,-367.9464111328125,-124.78103637695312,0.672994077205658,109.62139892578125,-618.7954711914062,0.29349544644355774
2025-09-11T16:06:35.925+02:00,-804.7149658203125,-334.98883056640625,0.9195531606674194,-367.9464111328125,-124.78103637695312,0.672994077205658,109.62139892578125,-618.7954711914062,0.29349544644355774
2025-09-11T16:06:35.945+02:00,-804.7149658203125,-334.98883056640625,0.9195531606674194,-367.9464111328125,-124.78103637695312,0.672994077205658,109.62139892578125,-618.7954711914062,0.29349544644355774
2025-09-11T16:06:35.965+02:00,-804.7149658203125,-334.98883056640625,0.9195531606674194,-367.9464111328125,-124.78103637695312,0.672994077205658,109.62139892578125,-618.7954711914062,0.29349544644355774
2025-09-11T16:06:35.985+02:00,-804.7149658203125,-334.98883056640625,0.9195531606674194,-367.9464111328125,-124.78103637695312,0.672994077205658,109.62139892578125,-618.7954711914062,0.29349544644355774
2025-09-11T16:06:36.005+02:00,-801.3087768554688,-330.7035217285156,0.9136828780174255,-360.4820251464844,-120.09507751464844,0.668440580368042,109.62139892578125,-618.7954711914062,0.29349544644355774
2025-09-11T16:06:36.025+02:00,-801.3087768554688,-330.7035217285156,0.9136828780174255,-360.4820251464844,-120.09507751464844,0.668440580368042,109.62139892578125,-618.7954711914062,0.29349544644355774
2025-09-11T16:06:36.044+02:00,-790.5153198242188,-316.08447265625,0.9008281826972961,-338.7725524902344,-103.68558502197266,0.6619122624397278,109.63263702392578,-618.83154296875,0.29337555170059204
2025-09-11T16:06:36.064+02:00,-787.0078735351562,-311.1794128417969,0.8984250426292419,-331.4138488769531,-98.02885437011719,0.6606301665306091,109.62003326416016,-618.800537109375,0.29349464178085327
2025-09-11T16:06:36.085+02:00,-787.0078735351562,-311.1794128417969,0.8984250426292419,-331.4138488769531,-98.02885437011719,0.6606301665306091,109.62003326416016,-618.800537109375,0.29349464178085327
2025-09-11T16:06:36.105+02:00,-783.5297241210938,-306.0450744628906,0.8941910862922668,-323.84515380859375,-92.40876770019531,0.6587066650390625,109.64682006835938,-618.7847900390625,0.29347893595695496
2025-09-11T16:06:36.125+02:00,-783.5297241210938,-306.0450744628906,0.8941910862922668,-323.84515380859375,-92.40876770019531,0.6587066650390625,109.64682006835938,-618.7847900390625,0.29347893595695496
2025-09-11T16:06:36.144+02:00,-779.8683471679688,-301.2654724121094,0.8888311386108398,-316.2503662109375,-87.03717803955078,0.6606969237327576,109.63678741455078,-618.8229370117188,0.2933866083621979
2025-09-11T16:06:36.164+02:00,-779.8683471679688,-301.2654724121094,0.8888311386108398,-316.2503662109375,-87.03717803955078,0.6606969237327576,109.63678741455078,-618.8229370117188,0.2933866083621979
2025-09-11T16:06:36.185+02:00,-776.361083984375,-297.07989501953125,0.885134220123291,-311.8056335449219,-83.8564453125,0.6629661917686462,109.64197540283203,-618.8219604492188,0.2933785915374756
2025-09-11T16:06:36.204+02:00,-776.361083984375,-297.07989501953125,0.885134220123291,-311.8056335449219,-83.8564453125,0.6629661917686462,109.64197540283203,-618.8219604492188,0.2933785915374756
2025-09-11T16:06:36.225+02:00,-776.361083984375,-297.07989501953125,0.885134220123291,-311.8056335449219,-83.8564453125,0.6629661917686462,109.64197540283203,-618.8219604492188,0.2933785915374756
2025-09-11T16:06:36.244+02:00,-772.5944213867188,-292.44732666015625,0.8816810250282288,-308.48358154296875,-82.54676055908203,0.6687979698181152,109.64185333251953,-618.8134765625,0.29350581765174866
2025-09-11T16:06:36.265+02:00,-768.460205078125,-287.2220153808594,0.8815711140632629,-306.69952392578125,-80.80817413330078,0.6711021661758423,109.62117767333984,-618.8096923828125,0.2934936285018921
2025-09-11T16:06:36.285+02:00,-764.4871826171875,-281.4429931640625,0.8830071687698364,-305.63970947265625,-80.47196197509766,0.6695525646209717,109.62117767333984,-618.8096923828125,0.2934936285018921
2025-09-11T16:06:36.304+02:00,-759.9466552734375,-276.5462341308594,0.8761131167411804,-306.3190002441406,-80.9405746459961,0.6727908253669739,109.65018463134766,-618.8034057617188,0.2935180962085724
2025-09-11T16:06:36.325+02:00,-759.9466552734375,-276.5462341308594,0.8761131167411804,-306.3190002441406,-80.9405746459961,0.6727908253669739,109.65018463134766,-618.8034057617188,0.2935180962085724
2025-09-11T16:06:36.344+02:00,-756.175537109375,-271.1228942871094,0.881371021270752,-306.5727233886719,-80.95677185058594,0.6717758178710938,109.65895080566406,-618.8108520507812,0.2933521866798401
2025-09-11T16:06:36.365+02:00,-756.175537109375,-271.1228942871094,0.881371021270752,-306.5727233886719,-80.95677185058594,0.6717758178710938,109.65895080566406,-618.8108520507812,0.2933521866798401
2025-09-11T16:06:36.384+02:00,-752.5884399414062,-266.8093566894531,0.8746732473373413,-306.3620910644531,-80.83185577392578,0.6688717603683472,109.63350677490234,-618.8334350585938,0.29336199164390564
2025-09-11T16:06:36.404+02:00,-752.5884399414062,-266.8093566894531,0.8746732473373413,-306.3620910644531,-80.83185577392578,0.6688717603683472,109.63350677490234,-618.8334350585938,0.29336199164390564
2025-09-11T16:06:36.424+02:00,-752.5884399414062,-266.8093566894531,0.8746732473373413,-306.3620910644531,-80.83185577392578,0.6688717603683472,109.63350677490234,-618.8334350585938,0.29336199164390564
2025-09-11T16:06:36.444+02:00,-752.5884399414062,-266.8093566894531,0.8746732473373413,-306.3620910644531,-80.83185577392578,0.6688717603683472,109.63350677490234,-618.8334350585938,0.29336199164390564
2025-09-11T16:06:36.464+02:00,-745.0343627929688,-256.33306884765625,0.8732266426086426,-302.8893737792969,-78.51705169677734,0.6678881645202637,109.6294937133789,-618.8010864257812,0.29350072145462036
2025-09-11T16:06:36.484+02:00,-745.0343627929688,-256.33306884765625,0.8732266426086426,-302.8893737792969,-78.51705169677734,0.6678881645202637,109.6294937133789,-618.8010864257812,0.29350072145462036
2025-09-11T16:06:36.504+02:00,-745.0343627929688,-256.33306884765625,0.8732266426086426,-302.8893737792969,-78.51705169677734,0.6678881645202637,109.6294937133789,-618.8010864257812,0.29350072145462036
2025-09-11T16:06:36.524+02:00,-737.171142578125,-246.94786071777344,0.8656464219093323,-296.4277648925781,-72.72955322265625,0.6527523994445801,109.62110900878906,-618.8074340820312,0.2934887409210205
2025-09-11T16:06:36.545+02:00,-733.33642578125,-241.64210510253906,0.8694888353347778,-291.68072509765625,-69.32301330566406,0.647873044013977,109.63871765136719,-618.794189453125,0.2934859097003937
2025-09-11T16:06:36.564+02:00,-729.292236328125,-236.55018615722656,0.8634750843048096,-286.0218505859375,-65.12748718261719,0.6399824023246765,109.63844299316406,-618.8284301757812,0.29338163137435913
2025-09-11T16:06:36.585+02:00,-729.292236328125,-236.55018615722656,0.8634750843048096,-286.0218505859375,-65.12748718261719,0.6399824023246765,109.63844299316406,-618.8284301757812,0.29338163137435913
2025-09-11T16:06:36.604+02:00,-729.292236328125,-236.55018615722656,0.8634750843048096,-286.0218505859375,-65.12748718261719,0.6399824023246765,109.63844299316406,-618.8284301757812,0.29338163137435913
2025-09-11T16:06:36.625+02:00,-729.292236328125,-236.55018615722656,0.8634750843048096,-286.0218505859375,-65.12748718261719,0.6399824023246765,109.63844299316406,-618.8284301757812,0.29338163137435913
2025-09-11T16:06:36.645+02:00,-729.292236328125,-236.55018615722656,0.8634750843048096,-286.0218505859375,-65.12748718261719,0.6399824023246765,109.63844299316406,-618.8284301757812,0.29338163137435913
2025-09-11T16:06:36.664+02:00,-725.404052734375,-232.20565795898438,0.8574726581573486,-280.68817138671875,-60.764129638671875,0.6328792572021484,109.64057159423828,-618.7969970703125,0.29350462555885315
2025-09-11T16:06:36.685+02:00,-725.404052734375,-232.20565795898438,0.8574726581573486,-280.68817138671875,-60.764129638671875,0.6328792572021484,109.64057159423828,-618.7969970703125,0.29350462555885315
2025-09-11T16:06:36.705+02:00,-725.404052734375,-232.20565795898438,0.8574726581573486,-280.68817138671875,-60.764129638671875,0.6328792572021484,109.64057159423828,-618.7969970703125,0.29350462555885315
2025-09-11T16:06:36.725+02:00,-713.5413208007812,-216.98410034179688,0.860313892364502,-260.1950378417969,-46.74704360961914,0.6109834909439087,109.61993408203125,-618.814208984375,0.2934984266757965
2025-09-11T16:06:36.745+02:00,-708.648193359375,-211.7396240234375,0.8566469550132751,-253.6463165283203,-42.14823913574219,0.6161531805992126,109.64749145507812,-618.8202514648438,0.2935067117214203
2025-09-11T16:06:36.765+02:00,-704.4384155273438,-205.96560668945312,0.8549211025238037,-245.8686981201172,-36.58578109741211,0.6154413223266602,109.623779296875,-618.8091430664062,0.2934628427028656
2025-09-11T16:06:36.785+02:00,-704.4384155273438,-205.96560668945312,0.8549211025238037,-245.8686981201172,-36.58578109741211,0.6154413223266602,109.623779296875,-618.8091430664062,0.2934628427028656
2025-09-11T16:06:36.804+02:00,-700.2833251953125,-201.48257446289062,0.859491229057312,-237.74691772460938,-30.88270378112793,0.6081091165542603,109.62979888916016,-618.7942504882812,0.2935015857219696
2025-09-11T16:06:36.824+02:00,-700.2833251953125,-201.48257446289062,0.859491229057312,-237.74691772460938,-30.88270378112793,0.6081091165542603,109.62979888916016,-618.7942504882812,0.2935015857219696
2025-09-11T16:06:36.844+02:00,-700.2833251953125,-201.48257446289062,0.859491229057312,-237.74691772460938,-30.88270378112793,0.6081091165542603,109.62979888916016,-618.7942504882812,0.2935015857219696
2025-09-11T16:06:36.864+02:00,-696.0808715820312,-196.250244140625,0.8562899231910706,-229.19699096679688,-25.581846237182617,0.6048818826675415,109.62699890136719,-618.8060913085938,0.2934918701648712
2025-09-11T16:06:36.884+02:00,-696.0808715820312,-196.250244140625,0.8562899231910706,-229.19699096679688,-25.581846237182617,0.6048818826675415,109.62699890136719,-618.8060913085938,0.2934918701648712
2025-09-11T16:06:36.904+02:00,-696.0808715820312,-196.250244140625,0.8562899231910706,-229.19699096679688,-25.581846237182617,0.6048818826675415,109.62699890136719,-618.8060913085938,0.2934918701648712
2025-09-11T16:06:36.924+02:00,-688.2130737304688,-186.50633239746094,0.8665516376495361,-211.674560546875,-13.54736328125,0.5961111783981323,109.62361145019531,-618.811767578125,0.29347318410873413
2025-09-11T16:06:36.945+02:00,-685.0366821289062,-182.63868713378906,0.8740465044975281,-202.35218811035156,-7.391297340393066,0.5875975489616394,109.6341323852539,-618.7921752929688,0.29348981380462646
2025-09-11T16:06:36.965+02:00,-682.4555053710938,-178.91778564453125,0.8919082283973694,-192.4359130859375,-0.9290559887886047,0.5839248895645142,109.62895965576172,-618.7957153320312,0.2934887409210205
2025-09-11T16:06:36.985+02:00,-682.4555053710938,-178.91778564453125,0.8919082283973694,-192.4359130859375,-0.9290559887886047,0.5839248895645142,109.62895965576172,-618.7957153320312,0.2934887409210205
2025-09-11T16:06:37.004+02:00,-679.5634765625,-174.94540405273438,0.8986376523971558,-182.98582458496094,4.094755172729492,0.5921880602836609,109.63188171386719,-618.826416015625,0.29340100288391113
2025-09-11T16:06:37.025+02:00,-679.5634765625,-174.94540405273438,0.8986376523971558,-182.98582458496094,4.094755172729492,0.5921880602836609,109.63188171386719,-618.826416015625,0.29340100288391113
2025-09-11T16:06:37.045+02:00,-679.5634765625,-174.94540405273438,0.8986376523971558,-182.98582458496094,4.094755172729492,0.5921880602836609,109.63188171386719,-618.826416015625,0.29340100288391113
2025-09-11T16:06:37.064+02:00,-679.5634765625,-174.94540405273438,0.8986376523971558,-182.98582458496094,4.094755172729492,0.5921880602836609,109.63188171386719,-618.826416015625,0.29340100288391113
2025-09-11T16:06:37.085+02:00,-679.5634765625,-174.94540405273438,0.8986376523971558,-182.98582458496094,4.094755172729492,0.5921880602836609,109.63188171386719,-618.826416015625,0.29340100288391113
2025-09-11T16:06:37.105+02:00,-679.5634765625,-174.94540405273438,0.8986376523971558,-182.98582458496094,4.094755172729492,0.5921880602836609,109.63188171386719,-618.826416015625,0.29340100288391113
2025-09-11T16:06:37.125+02:00,-679.5634765625,-174.94540405273438,0.8986376523971558,-182.98582458496094,4.094755172729492,0.5921880602836609,109.63188171386719,-618.826416015625,0.29340100288391113
2025-09-11T16:06:37.144+02:00,-669.8234252929688,-160.76634216308594,0.9635911583900452,-163.26470947265625,16.22027587890625,0.5984004139900208,109.63960266113281,-618.8162841796875,0.2933395206928253
2025-09-11T16:06:37.164+02:00,-667.4922485351562,-157.0162811279297,0.9833494424819946,-161.0752410888672,17.321752548217773,0.6000682711601257,109.63125610351562,-618.7951049804688,0.2934928834438324
2025-09-11T16:06:37.185+02:00,-667.4922485351562,-157.0162811279297,0.9833494424819946,-161.0752410888672,17.321752548217773,0.6000682711601257,109.63125610351562,-618.7951049804688,0.2934928834438324
2025-09-11T16:06:37.205+02:00,-665.435546875,-153.24827575683594,0.9977213144302368,-160.05905151367188,18.162263870239258,0.5990896224975586,109.63125610351562,-618.7951049804688,0.2934928834438324
2025-09-11T16:06:37.225+02:00,-665.435546875,-153.24827575683594,0.9977213144302368,-160.05905151367188,18.162263870239258,0.5990896224975586,109.63125610351562,-618.7951049804688,0.2934928834438324
2025-09-11T16:06:37.245+02:00,-663.1397094726562,-149.54049682617188,1.0118383169174194,-159.9577178955078,18.138261795043945,0.5992779731750488,109.63036346435547,-618.8289184570312,0.29339396953582764
2025-09-11T16:06:37.265+02:00,-663.1397094726562,-149.54049682617188,1.0118383169174194,-159.9577178955078,18.138261795043945,0.5992779731750488,109.63036346435547,-618.8289184570312,0.29339396953582764
2025-09-11T16:06:37.285+02:00,-663.1397094726562,-149.54049682617188,1.0118383169174194,-159.9577178955078,18.138261795043945,0.5992779731750488,109.63036346435547,-618.8289184570312,0.29339396953582764
2025-09-11T16:06:37.304+02:00,-663.1397094726562,-149.54049682617188,1.0118383169174194,-159.9577178955078,18.138261795043945,0.5992779731750488,109.63036346435547,-618.8289184570312,0.29339396953582764
2025-09-11T16:06:37.324+02:00,-659.13916015625,-141.68988037109375,1.0476351976394653,-160.10093688964844,18.056428909301758,0.6001480221748352,109.6287841796875,-618.7991943359375,0.2934698462486267
2025-09-11T16:06:37.344+02:00,-659.13916015625,-141.68988037109375,1.0476351976394653,-160.10093688964844,18.056428909301758,0.6001480221748352,109.6287841796875,-618.7991943359375,0.2934698462486267
2025-09-11T16:06:37.364+02:00,-655.1990356445312,-134.42454528808594,1.0757176876068115,-160.2060089111328,18.01774787902832,0.6000620126724243,109.65754699707031,-618.8287353515625,0.29340124130249023
2025-09-11T16:06:37.385+02:00,-655.1990356445312,-134.42454528808594,1.0757176876068115,-160.2060089111328,18.01774787902832,0.6000620126724243,109.65754699707031,-618.8287353515625,0.29340124130249023
2025-09-11T16:06:37.404+02:00,-653.5877685546875,-130.71949768066406,1.0907816886901855,-160.1487579345703,18.032541275024414,0.5995237231254578,109.62213134765625,-618.7966918945312,0.2935107946395874
2025-09-11T16:06:37.424+02:00,-653.5877685546875,-130.71949768066406,1.0907816886901855,-160.1487579345703,18.032541275024414,0.5995237231254578,109.62213134765625,-618.7966918945312,0.2935107946395874
2025-09-11T16:06:37.445+02:00,-651.4328002929688,-126.85222625732422,1.104655146598816,-160.19052124023438,18.00981903076172,0.5998241305351257,109.63198852539062,-618.820068359375,0.29340970516204834
2025-09-11T16:06:37.465+02:00,-651.4328002929688,-126.85222625732422,1.104655146598816,-160.19052124023438,18.00981903076172,0.5998241305351257,109.63198852539062,-618.820068359375,0.29340970516204834
2025-09-11T16:06:37.485+02:00,-651.4328002929688,-126.85222625732422,1.104655146598816,-160.19052124023438,18.00981903076172,0.5998241305351257,109.63198852539062,-618.820068359375,0.29340970516204834
2025-09-11T16:06:37.504+02:00,-649.2514038085938,-122.33200073242188,1.116777777671814,-160.15174865722656,18.06427764892578,0.5994196534156799,109.61978912353516,-618.8049926757812,0.29350045323371887
2025-09-11T16:06:37.524+02:00,-647.2169799804688,-117.87425994873047,1.1308561563491821,-160.21400451660156,18.01850128173828,0.5999334454536438,109.63104248046875,-618.8329467773438,0.2933672070503235
2025-09-11T16:06:37.544+02:00,-647.2169799804688,-117.87425994873047,1.1308561563491821,-160.21400451660156,18.01850128173828,0.5999334454536438,109.63104248046875,-618.8329467773438,0.2933672070503235
2025-09-11T16:06:37.564+02:00,-645.648193359375,-113.4798812866211,1.1427242755889893,-160.28065490722656,17.973161697387695,0.6010916829109192,109.62201690673828,-618.7930297851562,0.2934829890727997
2025-09-11T16:06:37.585+02:00,-643.5339965820312,-109.03753662109375,1.1553658246994019,-160.21224975585938,18.023578643798828,0.5996280908584595,109.62157440185547,-618.8113403320312,0.29348689317703247
2025-09-11T16:06:37.604+02:00,-641.34130859375,-103.95716857910156,1.166507363319397,-160.20458984375,18.028635025024414,0.5997036695480347,109.6251220703125,-618.832763671875,0.2934005558490753
2025-09-11T16:06:37.625+02:00,-641.34130859375,-103.95716857910156,1.166507363319397,-160.20458984375,18.028635025024414,0.5997036695480347,109.6251220703125,-618.832763671875,0.2934005558490753
2025-09-11T16:06:37.645+02:00,-639.4840087890625,-99.3746337890625,1.1800509691238403,-160.2607421875,17.96334457397461,0.6011414527893066,109.61389923095703,-618.80712890625,0.2934861183166504
2025-09-11T16:06:37.664+02:00,-637.4393920898438,-95.18184661865234,1.188841700553894,-160.14898681640625,18.000076293945312,0.5998085737228394,109.63970947265625,-618.7865600585938,0.293547660112381
2025-09-11T16:06:37.685+02:00,-637.4393920898438,-95.18184661865234,1.188841700553894,-160.14898681640625,18.000076293945312,0.5998085737228394,109.63970947265625,-618.7865600585938,0.293547660112381
2025-09-11T16:06:37.705+02:00,-637.4393920898438,-95.18184661865234,1.188841700553894,-160.14898681640625,18.000076293945312,0.5998085737228394,109.63970947265625,-618.7865600585938,0.293547660112381
2025-09-11T16:06:37.725+02:00,-637.4393920898438,-95.18184661865234,1.188841700553894,-160.14898681640625,18.000076293945312,0.5998085737228394,109.63970947265625,-618.7865600585938,0.293547660112381
2025-09-11T16:06:37.744+02:00,-635.6472778320312,-90.08086395263672,1.195655107498169,-157.52125549316406,19.451126098632812,0.5979450941085815,109.62364959716797,-618.8016357421875,0.29350411891937256
2025-09-11T16:06:37.765+02:00,-635.6472778320312,-90.08086395263672,1.195655107498169,-157.52125549316406,19.451126098632812,0.5979450941085815,109.62364959716797,-618.8016357421875,0.29350411891937256
2025-09-11T16:06:37.785+02:00,-635.6472778320312,-90.08086395263672,1.195655107498169,-157.52125549316406,19.451126098632812,0.5979450941085815,109.62364959716797,-618.8016357421875,0.29350411891937256
2025-09-11T16:06:37.804+02:00,-632.23828125,-79.87586975097656,1.2163076400756836,-149.5975341796875,25.721216201782227,0.582359254360199,109.61529541015625,-618.8063354492188,0.2935357987880707
2025-09-11T16:06:37.824+02:00,-630.3688354492188,-74.75997161865234,1.2252793312072754,-144.535400390625,29.508089065551758,0.5732549428939819,109.6332778930664,-618.7989501953125,0.2934758961200714
2025-09-11T16:06:37.844+02:00,-628.592529296875,-69.55673217773438,1.231603741645813,-138.45263671875,33.551605224609375,0.5638260245323181,109.64756774902344,-618.813720703125,0.29353389143943787
2025-09-11T16:06:37.864+02:00,-626.8523559570312,-64.61028289794922,1.2377781867980957,-131.97801208496094,37.67791748046875,0.5552379488945007,109.60932159423828,-618.8059692382812,0.29349082708358765
2025-09-11T16:06:37.885+02:00,-626.8523559570312,-64.61028289794922,1.2377781867980957,-131.97801208496094,37.67791748046875,0.5552379488945007,109.60932159423828,-618.8059692382812,0.29349082708358765
2025-09-11T16:06:37.904+02:00,-625.0888671875,-59.475284576416016,1.2471256256103516,-124.60841369628906,42.01387023925781,0.5516048669815063,109.62271118164062,-618.8015747070312,0.2934786081314087
2025-09-11T16:06:37.924+02:00,-625.0888671875,-59.475284576416016,1.2471256256103516,-124.60841369628906,42.01387023925781,0.5516048669815063,109.62271118164062,-618.8015747070312,0.2934786081314087
2025-09-11T16:06:37.944+02:00,-623.5803833007812,-54.06962585449219,1.2554028034210205,-118.93321228027344,45.721778869628906,0.5456952452659607,109.62271118164062,-618.8015747070312,0.2934786081314087
2025-09-11T16:06:37.965+02:00,-623.5803833007812,-54.06962585449219,1.2554028034210205,-118.93321228027344,45.721778869628906,0.5456952452659607,109.62271118164062,-618.8015747070312,0.2934786081314087
2025-09-11T16:06:37.985+02:00,-623.5803833007812,-54.06962585449219,1.2554028034210205,-118.93321228027344,45.721778869628906,0.5456952452659607,109.62271118164062,-618.8015747070312,0.2934786081314087
2025-09-11T16:06:38.005+02:00,-623.5803833007812,-54.06962585449219,1.2554028034210205,-118.93321228027344,45.721778869628906,0.5456952452659607,109.62271118164062,-618.8015747070312,0.2934786081314087
2025-09-11T16:06:38.024+02:00,-620.66357421875,-43.603546142578125,1.2737518548965454,-113.94276428222656,48.096534729003906,0.5552204847335815,109.62234497070312,-618.7984008789062,0.2935135066509247
2025-09-11T16:06:38.045+02:00,-619.1465454101562,-38.94597625732422,1.2835524082183838,-112.15120697021484,48.54564666748047,0.559563159942627,109.63091278076172,-618.8120727539062,0.2935301959514618
2025-09-11T16:06:38.064+02:00,-617.978271484375,-34.62505340576172,1.292410135269165,-112.3658218383789,48.390968322753906,0.5584372878074646,109.62328338623047,-618.8335571289062,0.29333874583244324
2025-09-11T16:06:38.085+02:00,-617.978271484375,-34.62505340576172,1.292410135269165,-112.3658218383789,48.390968322753906,0.5584372878074646,109.62328338623047,-618.8335571289062,0.29333874583244324
2025-09-11T16:06:38.105+02:00,-616.9078369140625,-29.680126190185547,1.3001528978347778,-112.4171371459961,48.464656829833984,0.5570954084396362,109.6266860961914,-618.8279418945312,0.293362557888031
2025-09-11T16:06:38.125+02:00,-616.9078369140625,-29.680126190185547,1.3001528978347778,-112.4171371459961,48.464656829833984,0.5570954084396362,109.6266860961914,-618.8279418945312,0.293362557888031
2025-09-11T16:06:38.145+02:00,-616.0031127929688,-24.657777786254883,1.313076376914978,-112.44720458984375,48.36601257324219,0.5587659478187561,109.61952209472656,-618.7947998046875,0.29350706934928894
2025-09-11T16:06:38.165+02:00,-616.0031127929688,-24.657777786254883,1.313076376914978,-112.44720458984375,48.36601257324219,0.5587659478187561,109.61952209472656,-618.7947998046875,0.29350706934928894
2025-09-11T16:06:38.185+02:00,-614.6666870117188,-19.297513961791992,1.321028709411621,-112.50700378417969,48.320926666259766,0.558699369430542,109.63401794433594,-618.7957763671875,0.293551504611969
2025-09-11T16:06:38.205+02:00,-614.6666870117188,-19.297513961791992,1.321028709411621,-112.50700378417969,48.320926666259766,0.558699369430542,109.63401794433594,-618.7957763671875,0.293551504611969
2025-09-11T16:06:38.225+02:00,-614.6666870117188,-19.297513961791992,1.321028709411621,-112.50700378417969,48.320926666259766,0.558699369430542,109.63401794433594,-618.7957763671875,0.293551504611969
2025-09-11T16:06:38.244+02:00,-613.4301147460938,-13.521844863891602,1.3286104202270508,-112.44420623779297,48.380313873291016,0.5590676069259644,109.62071990966797,-618.7998046875,0.29348552227020264
2025-09-11T16:06:38.264+02:00,-611.3290405273438,-2.1882755756378174,1.3421636819839478,-112.54170989990234,48.29291534423828,0.5598205327987671,109.6190185546875,-618.81201171875,0.2935083508491516
2025-09-11T16:06:38.285+02:00,-611.3290405273438,-2.1882755756378174,1.3421636819839478,-112.54170989990234,48.29291534423828,0.5598205327987671,109.6190185546875,-618.81201171875,0.2935083508491516
2025-09-11T16:06:38.304+02:00,-610.377197265625,3.113067150115967,1.3494406938552856,-112.18728637695312,48.62394332885742,0.5567028522491455,109.61972045898438,-618.8349609375,0.29339534044265747
2025-09-11T16:06:38.324+02:00,-610.377197265625,3.113067150115967,1.3494406938552856,-112.18728637695312,48.62394332885742,0.5567028522491455,109.61972045898438,-618.8349609375,0.29339534044265747
2025-09-11T16:06:38.344+02:00,-609.2511596679688,8.531768798828125,1.3571053743362427,-112.38946533203125,48.432491302490234,0.5576197504997253,109.62005615234375,-618.8055419921875,0.29349803924560547
2025-09-11T16:06:38.365+02:00,-609.2511596679688,8.531768798828125,1.3571053743362427,-112.38946533203125,48.432491302490234,0.5576197504997253,109.62005615234375,-618.8055419921875,0.29349803924560547
2025-09-11T16:06:38.385+02:00,-609.2511596679688,8.531768798828125,1.3571053743362427,-112.38946533203125,48.432491302490234,0.5576197504997253,109.62005615234375,-618.8055419921875,0.29349803924560547
2025-09-11T16:06:38.404+02:00,-609.2511596679688,8.531768798828125,1.3571053743362427,-112.38946533203125,48.432491302490234,0.5576197504997253,109.62005615234375,-618.8055419921875,0.29349803924560547
2025-09-11T16:06:38.425+02:00,-609.2511596679688,8.531768798828125,1.3571053743362427,-112.38946533203125,48.432491302490234,0.5576197504997253,109.62005615234375,-618.8055419921875,0.29349803924560547
2025-09-11T16:06:38.444+02:00,-609.2511596679688,8.531768798828125,1.3571053743362427,-112.38946533203125,48.432491302490234,0.5576197504997253,109.62005615234375,-618.8055419921875,0.29349803924560547
2025-09-11T16:06:38.465+02:00,-609.2511596679688,8.531768798828125,1.3571053743362427,-112.38946533203125,48.432491302490234,0.5576197504997253,109.62005615234375,-618.8055419921875,0.29349803924560547
2025-09-11T16:06:38.485+02:00,-609.2511596679688,8.531768798828125,1.3571053743362427,-112.38946533203125,48.432491302490234,0.5576197504997253,109.62005615234375,-618.8055419921875,0.29349803924560547
2025-09-11T16:06:38.504+02:00,-603.4414672851562,39.798004150390625,1.3730075359344482,-105.3149642944336,53.07113265991211,0.5431399941444397,109.63072967529297,-618.7952270507812,0.29354220628738403
2025-09-11T16:06:38.525+02:00,-602.3958129882812,46.06877136230469,1.3750879764556885,-100.38140869140625,56.14555740356445,0.5376312732696533,109.62031555175781,-618.8309326171875,0.2933913469314575
2025-09-11T16:06:38.544+02:00,-602.3958129882812,46.06877136230469,1.3750879764556885,-100.38140869140625,56.14555740356445,0.5376312732696533,109.62031555175781,-618.8309326171875,0.2933913469314575
2025-09-11T16:06:38.564+02:00,-602.3958129882812,46.06877136230469,1.3750879764556885,-100.38140869140625,56.14555740356445,0.5376312732696533,109.62031555175781,-618.8309326171875,0.2933913469314575
2025-09-11T16:06:38.585+02:00,-602.3958129882812,46.06877136230469,1.3750879764556885,-100.38140869140625,56.14555740356445,0.5376312732696533,109.62031555175781,-618.8309326171875,0.2933913469314575
2025-09-11T16:06:38.605+02:00,-602.3958129882812,46.06877136230469,1.3750879764556885,-100.38140869140625,56.14555740356445,0.5376312732696533,109.62031555175781,-618.8309326171875,0.2933913469314575
2025-09-11T16:06:38.625+02:00,-602.3958129882812,46.06877136230469,1.3750879764556885,-100.38140869140625,56.14555740356445,0.5376312732696533,109.62031555175781,-618.8309326171875,0.2933913469314575
2025-09-11T16:06:38.645+02:00,-602.3958129882812,46.06877136230469,1.3750879764556885,-100.38140869140625,56.14555740356445,0.5376312732696533,109.62031555175781,-618.8309326171875,0.2933913469314575
2025-09-11T16:06:38.665+02:00,-601.2454223632812,51.754093170166016,1.3788511753082275,-94.92044067382812,59.35667037963867,0.5256901383399963,109.63195037841797,-618.8170776367188,0.29339131712913513
2025-09-11T16:06:38.684+02:00,-597.9406127929688,70.7953872680664,1.3791097402572632,-84.95303344726562,64.54486846923828,0.5272606611251831,109.62181091308594,-618.7889404296875,0.2933924198150635
2025-09-11T16:06:38.705+02:00,-596.7158203125,77.63685607910156,1.3822696208953857,-84.03475189208984,64.9306411743164,0.5280831456184387,109.62458038330078,-618.823486328125,0.29337722063064575
2025-09-11T16:06:38.725+02:00,-596.7158203125,77.63685607910156,1.3822696208953857,-84.03475189208984,64.9306411743164,0.5280831456184387,109.62458038330078,-618.823486328125,0.29337722063064575
2025-09-11T16:06:38.745+02:00,-595.4453125,84.79910278320312,1.3802027702331543,-84.00765991210938,64.99027252197266,0.5282535552978516,109.61711883544922,-618.7977294921875,0.2935104966163635
2025-09-11T16:06:38.765+02:00,-594.4190673828125,91.26429748535156,1.3821120262145996,-84.12698364257812,64.90838623046875,0.52824467420578,109.62841033935547,-618.8353271484375,0.29341429471969604
2025-09-11T16:06:38.784+02:00,-594.4190673828125,91.26429748535156,1.3821120262145996,-84.12698364257812,64.90838623046875,0.52824467420578,109.62841033935547,-618.8353271484375,0.29341429471969604
2025-09-11T16:06:38.805+02:00,-594.4190673828125,91.26429748535156,1.3821120262145996,-84.12698364257812,64.90838623046875,0.52824467420578,109.62841033935547,-618.8353271484375,0.29341429471969604
2025-09-11T16:06:38.824+02:00,-594.4190673828125,91.26429748535156,1.3821120262145996,-84.12698364257812,64.90838623046875,0.52824467420578,109.62841033935547,-618.8353271484375,0.29341429471969604
2025-09-11T16:06:38.844+02:00,-593.0855102539062,97.27274322509766,1.3815722465515137,-84.10786437988281,64.88980865478516,0.5283634662628174,109.62103271484375,-618.8013916015625,0.2934885621070862
2025-09-11T16:06:38.864+02:00,-593.0855102539062,97.27274322509766,1.3815722465515137,-84.10786437988281,64.88980865478516,0.5283634662628174,109.62103271484375,-618.8013916015625,0.2934885621070862
2025-09-11T16:06:38.885+02:00,-593.0855102539062,97.27274322509766,1.3815722465515137,-84.10786437988281,64.88980865478516,0.5283634662628174,109.62103271484375,-618.8013916015625,0.2934885621070862
2025-09-11T16:06:38.904+02:00,-589.4116821289062,117.17327117919922,1.3769563436508179,-84.09777069091797,64.92119598388672,0.5280964970588684,109.61905670166016,-618.8302612304688,0.29337236285209656
2025-09-11T16:06:38.924+02:00,-589.4116821289062,117.17327117919922,1.3769563436508179,-84.09777069091797,64.92119598388672,0.5280964970588684,109.61905670166016,-618.8302612304688,0.29337236285209656
2025-09-11T16:06:38.945+02:00,-588.0610961914062,123.25265502929688,1.3737142086029053,-84.17713928222656,64.86221313476562,0.5285444259643555,109.61905670166016,-618.8302612304688,0.29337236285209656
2025-09-11T16:06:38.964+02:00,-586.7523193359375,129.51930236816406,1.372975468635559,-84.08613586425781,64.90937042236328,0.5276198387145996,109.60726928710938,-618.8062744140625,0.2935195863246918
2025-09-11T16:06:38.985+02:00,-586.7523193359375,129.51930236816406,1.372975468635559,-84.08613586425781,64.90937042236328,0.5276198387145996,109.60726928710938,-618.8062744140625,0.2935195863246918
2025-09-11T16:06:39.004+02:00,-585.358642578125,135.7085418701172,1.3701127767562866,-84.0542221069336,64.91189575195312,0.528311014175415,109.57356262207031,-618.816162109375,0.29359403252601624
2025-09-11T16:06:39.025+02:00,-585.358642578125,135.7085418701172,1.3701127767562866,-84.0542221069336,64.91189575195312,0.528311014175415,109.57356262207031,-618.816162109375,0.29359403252601624
2025-09-11T16:06:39.045+02:00,-585.358642578125,135.7085418701172,1.3701127767562866,-84.0542221069336,64.91189575195312,0.528311014175415,109.57356262207031,-618.816162109375,0.29359403252601624
2025-09-11T16:06:39.065+02:00,-585.358642578125,135.7085418701172,1.3701127767562866,-84.0542221069336,64.91189575195312,0.528311014175415,109.57356262207031,-618.816162109375,0.29359403252601624
2025-09-11T16:06:39.084+02:00,-583.1331176757812,147.7978515625,1.3600540161132812,-84.099609375,64.86761474609375,0.5280218720436096,109.62940216064453,-618.8237915039062,0.29340600967407227
2025-09-11T16:06:39.105+02:00,-583.1331176757812,147.7978515625,1.3600540161132812,-84.099609375,64.86761474609375,0.5280218720436096,109.62940216064453,-618.8237915039062,0.29340600967407227
2025-09-11T16:06:39.125+02:00,-581.47705078125,153.5857696533203,1.3555972576141357,-84.06485748291016,64.96173095703125,0.528256893157959,109.61588287353516,-618.8090209960938,0.2935018837451935
2025-09-11T16:06:39.145+02:00,-580.3768310546875,158.3485870361328,1.350913405418396,-84.11641693115234,64.89136505126953,0.5274502635002136,109.61588287353516,-618.8090209960938,0.2935018837451935
2025-09-11T16:06:39.165+02:00,-579.0950927734375,163.19113159179688,1.346168875694275,-84.12883758544922,64.89376068115234,0.5279867053031921,109.62505340576172,-618.7971801757812,0.29351258277893066
2025-09-11T16:06:39.185+02:00,-579.0950927734375,163.19113159179688,1.346168875694275,-84.12883758544922,64.89376068115234,0.5279867053031921,109.62505340576172,-618.7971801757812,0.29351258277893066
2025-09-11T16:06:39.204+02:00,-577.6795654296875,168.5609130859375,1.3373126983642578,-84.08904266357422,64.92347717285156,0.5275152921676636,109.61429595947266,-618.805419921875,0.2935021221637726
2025-09-11T16:06:39.225+02:00,-577.6795654296875,168.5609130859375,1.3373126983642578,-84.08904266357422,64.92347717285156,0.5275152921676636,109.61429595947266,-618.805419921875,0.2935021221637726
2025-09-11T16:06:39.244+02:00,-577.6795654296875,168.5609130859375,1.3373126983642578,-84.08904266357422,64.92347717285156,0.5275152921676636,109.61429595947266,-618.805419921875,0.2935021221637726
2025-09-11T16:06:39.265+02:00,-577.6795654296875,168.5609130859375,1.3373126983642578,-84.08904266357422,64.92347717285156,0.5275152921676636,109.61429595947266,-618.805419921875,0.2935021221637726
2025-09-11T16:06:39.285+02:00,-576.1862182617188,174.16082763671875,1.3282475471496582,-84.0596923828125,64.90690612792969,0.5270591974258423,109.62430572509766,-618.831298828125,0.29337647557258606
2025-09-11T16:06:39.304+02:00,-573.53662109375,183.70196533203125,1.308693528175354,-84.0822982788086,64.93681335449219,0.5287300944328308,109.61068725585938,-618.84814453125,0.2934441566467285
2025-09-11T16:06:39.325+02:00,-573.53662109375,183.70196533203125,1.308693528175354,-84.0822982788086,64.93681335449219,0.5287300944328308,109.61068725585938,-618.84814453125,0.2934441566467285
2025-09-11T16:06:39.344+02:00,-572.1134643554688,188.46365356445312,1.2998391389846802,-84.07184600830078,64.93849182128906,0.5280176997184753,109.6253890991211,-618.7979736328125,0.293537974357605
2025-09-11T16:06:39.364+02:00,-570.426025390625,193.69996643066406,1.2854411602020264,-84.0511474609375,64.98298645019531,0.5289483666419983,109.6253890991211,-618.7979736328125,0.293537974357605
2025-09-11T16:06:39.384+02:00,-570.426025390625,193.69996643066406,1.2854411602020264,-84.0511474609375,64.98298645019531,0.5289483666419983,109.6253890991211,-618.7979736328125,0.293537974357605
2025-09-11T16:06:39.405+02:00,-569.1802368164062,198.67520141601562,1.2786099910736084,-84.10394287109375,64.9427490234375,0.5292131900787354,109.61149597167969,-618.8244018554688,0.29340821504592896
2025-09-11T16:06:39.424+02:00,-569.1802368164062,198.67520141601562,1.2786099910736084,-84.10394287109375,64.9427490234375,0.5292131900787354,109.61149597167969,-618.8244018554688,0.29340821504592896
2025-09-11T16:06:39.444+02:00,-567.7301635742188,203.5098114013672,1.2669826745986938,-84.08019256591797,64.94493865966797,0.528752863407135,109.61149597167969,-618.8244018554688,0.29340821504592896
2025-09-11T16:06:39.464+02:00,-565.9876098632812,207.90008544921875,1.2581087350845337,-84.12598419189453,64.90860748291016,0.529402494430542,109.6387710571289,-618.8074340820312,0.2935464084148407
2025-09-11T16:06:39.484+02:00,-565.9876098632812,207.90008544921875,1.2581087350845337,-84.12598419189453,64.90860748291016,0.529402494430542,109.6387710571289,-618.8074340820312,0.2935464084148407
2025-09-11T16:06:39.505+02:00,-565.9876098632812,207.90008544921875,1.2581087350845337,-84.12598419189453,64.90860748291016,0.529402494430542,109.6387710571289,-618.8074340820312,0.2935464084148407
2025-09-11T16:06:39.524+02:00,-564.482666015625,212.70497131347656,1.245576024055481,-84.1463623046875,64.89468383789062,0.5289883613586426,109.63009643554688,-618.8181762695312,0.2933855354785919
2025-09-11T16:06:39.545+02:00,-564.482666015625,212.70497131347656,1.245576024055481,-84.1463623046875,64.89468383789062,0.5289883613586426,109.63009643554688,-618.8181762695312,0.2933855354785919
2025-09-11T16:06:39.564+02:00,-560.983642578125,221.1737060546875,1.225809931755066,-84.08763122558594,64.91893768310547,0.5279526710510254,109.62977600097656,-618.8229370117188,0.29338517785072327
2025-09-11T16:06:39.584+02:00,-560.983642578125,221.1737060546875,1.225809931755066,-84.08763122558594,64.91893768310547,0.5279526710510254,109.62977600097656,-618.8229370117188,0.29338517785072327
2025-09-11T16:06:39.604+02:00,-559.3678588867188,225.48411560058594,1.21235990524292,-84.1191635131836,64.91757202148438,0.5290111899375916,109.61808013916016,-618.807373046875,0.2934842109680176
2025-09-11T16:06:39.624+02:00,-557.5439453125,229.82919311523438,1.199028491973877,-84.13870239257812,64.86451721191406,0.5283831357955933,109.61808013916016,-618.807373046875,0.2934842109680176
2025-09-11T16:06:39.645+02:00,-557.5439453125,229.82919311523438,1.199028491973877,-84.13870239257812,64.86451721191406,0.5283831357955933,109.61808013916016,-618.807373046875,0.2934842109680176
2025-09-11T16:06:39.665+02:00,-557.5439453125,229.82919311523438,1.199028491973877,-84.13870239257812,64.86451721191406,0.5283831357955933,109.61808013916016,-618.807373046875,0.2934842109680176
2025-09-11T16:06:39.684+02:00,-557.5439453125,229.82919311523438,1.199028491973877,-84.13870239257812,64.86451721191406,0.5283831357955933,109.61808013916016,-618.807373046875,0.2934842109680176
2025-09-11T16:06:39.704+02:00,-555.813232421875,233.79563903808594,1.1834205389022827,-84.10301971435547,64.91981506347656,0.5281919836997986,109.61808013916016,-618.807373046875,0.2934842109680176
2025-09-11T16:06:39.725+02:00,-555.813232421875,233.79563903808594,1.1834205389022827,-84.10301971435547,64.91981506347656,0.5281919836997986,109.61808013916016,-618.807373046875,0.2934842109680176
2025-09-11T16:06:39.745+02:00,-555.813232421875,233.79563903808594,1.1834205389022827,-84.10301971435547,64.91981506347656,0.5281919836997986,109.61808013916016,-618.807373046875,0.2934842109680176
2025-09-11T16:06:39.765+02:00,-555.813232421875,233.79563903808594,1.1834205389022827,-84.10301971435547,64.91981506347656,0.5281919836997986,109.61808013916016,-618.807373046875,0.2934842109680176
2025-09-11T16:06:39.784+02:00,-555.813232421875,233.79563903808594,1.1834205389022827,-84.10301971435547,64.91981506347656,0.5281919836997986,109.61808013916016,-618.807373046875,0.2934842109680176
2025-09-11T16:06:39.805+02:00,-555.813232421875,233.79563903808594,1.1834205389022827,-84.10301971435547,64.91981506347656,0.5281919836997986,109.61808013916016,-618.807373046875,0.2934842109680176
2025-09-11T16:06:39.824+02:00,-555.813232421875,233.79563903808594,1.1834205389022827,-84.10301971435547,64.91981506347656,0.5281919836997986,109.61808013916016,-618.807373046875,0.2934842109680176
2025-09-11T16:06:39.844+02:00,-546.309326171875,253.24497985839844,1.1088756322860718,-84.14793395996094,64.92507934570312,0.529201328754425,109.61803436279297,-618.8060913085938,0.29349690675735474
2025-09-11T16:06:39.864+02:00,-544.3002319335938,256.82086181640625,1.0930142402648926,-84.07052612304688,64.96489715576172,0.5287629961967468,109.64067840576172,-618.7964477539062,0.29350346326828003
2025-09-11T16:06:39.885+02:00,-544.3002319335938,256.82086181640625,1.0930142402648926,-84.07052612304688,64.96489715576172,0.5287629961967468,109.64067840576172,-618.7964477539062,0.29350346326828003
2025-09-11T16:06:39.904+02:00,-544.3002319335938,256.82086181640625,1.0930142402648926,-84.07052612304688,64.96489715576172,0.5287629961967468,109.64067840576172,-618.7964477539062,0.29350346326828003
2025-09-11T16:06:39.924+02:00,-544.3002319335938,256.82086181640625,1.0930142402648926,-84.07052612304688,64.96489715576172,0.5287629961967468,109.64067840576172,-618.7964477539062,0.29350346326828003
2025-09-11T16:06:39.945+02:00,-544.3002319335938,256.82086181640625,1.0930142402648926,-84.07052612304688,64.96489715576172,0.5287629961967468,109.64067840576172,-618.7964477539062,0.29350346326828003
2025-09-11T16:06:39.965+02:00,-542.18798828125,260.449951171875,1.0786144733428955,-84.14115905761719,64.9205322265625,0.5285965800285339,109.62234497070312,-618.7926635742188,0.29350513219833374
2025-09-11T16:06:39.985+02:00,-542.18798828125,260.449951171875,1.0786144733428955,-84.14115905761719,64.9205322265625,0.5285965800285339,109.62234497070312,-618.7926635742188,0.29350513219833374
2025-09-11T16:06:40.005+02:00,-535.6209716796875,270.8796691894531,1.0333577394485474,-83.85677337646484,72.37491607666016,0.41301581263542175,109.61782836914062,-618.7965087890625,0.2935009002685547
2025-09-11T16:06:40.025+02:00,-533.6920776367188,274.2506103515625,1.0141022205352783,-82.44925689697266,76.73179626464844,0.3493967354297638,109.61700439453125,-618.8057861328125,0.29350751638412476
2025-09-11T16:06:40.045+02:00,-533.6920776367188,274.2506103515625,1.0141022205352783,-82.44925689697266,76.73179626464844,0.3493967354297638,109.61700439453125,-618.8057861328125,0.29350751638412476
2025-09-11T16:06:40.065+02:00,-531.570068359375,276.9710388183594,0.9940815567970276,-80.8912353515625,81.38397216796875,0.2763058841228485,109.63539123535156,-618.808349609375,0.2935255765914917
2025-09-11T16:06:40.085+02:00,-531.570068359375,276.9710388183594,0.9940815567970276,-80.8912353515625,81.38397216796875,0.2763058841228485,109.63539123535156,-618.808349609375,0.2935255765914917
2025-09-11T16:06:40.105+02:00,-529.3247680664062,279.7730407714844,0.9711140990257263,-78.79686737060547,86.55436706542969,0.1967693269252777,109.61988067626953,-618.8353271484375,0.2933739721775055
2025-09-11T16:06:40.125+02:00,-529.3247680664062,279.7730407714844,0.9711140990257263,-78.79686737060547,86.55436706542969,0.1967693269252777,109.61988067626953,-618.8353271484375,0.2933739721775055
2025-09-11T16:06:40.144+02:00,-529.3247680664062,279.7730407714844,0.9711140990257263,-78.79686737060547,86.55436706542969,0.1967693269252777,109.61988067626953,-618.8353271484375,0.2933739721775055
2025-09-11T16:06:40.165+02:00,-529.3247680664062,279.7730407714844,0.9711140990257263,-78.79686737060547,86.55436706542969,0.1967693269252777,109.61988067626953,-618.8353271484375,0.2933739721775055
2025-09-11T16:06:40.185+02:00,-529.3247680664062,279.7730407714844,0.9711140990257263,-78.79686737060547,86.55436706542969,0.1967693269252777,109.61988067626953,-618.8353271484375,0.2933739721775055
2025-09-11T16:06:40.205+02:00,-529.3247680664062,279.7730407714844,0.9711140990257263,-78.79686737060547,86.55436706542969,0.1967693269252777,109.61988067626953,-618.8353271484375,0.2933739721775055
2025-09-11T16:06:40.225+02:00,-520.9784545898438,290.98638916015625,0.9419479370117188,-67.87999725341797,100.58451843261719,-0.03222823888063431,109.62451934814453,-618.8330688476562,0.2934124767780304
2025-09-11T16:06:40.245+02:00,-516.9005737304688,296.3678894042969,0.9377589225769043,-61.280303955078125,102.69236755371094,-0.07683713734149933,109.62113189697266,-618.8045043945312,0.29347845911979675
2025-09-11T16:06:40.265+02:00,-512.7662353515625,302.219482421875,0.9378084540367126,-53.55462646484375,103.84120178222656,-0.11740309745073318,109.6229019165039,-618.8231201171875,0.29339155554771423
2025-09-11T16:06:40.285+02:00,-512.7662353515625,302.219482421875,0.9378084540367126,-53.55462646484375,103.84120178222656,-0.11740309745073318,109.6229019165039,-618.8231201171875,0.29339155554771423
2025-09-11T16:06:40.305+02:00,-508.85418701171875,307.54583740234375,0.9346020221710205,-45.39032745361328,104.59375,-0.14766201376914978,109.6246337890625,-618.7974853515625,0.2935141324996948
2025-09-11T16:06:40.325+02:00,-508.85418701171875,307.54583740234375,0.9346020221710205,-45.39032745361328,104.59375,-0.14766201376914978,109.6246337890625,-618.7974853515625,0.2935141324996948
2025-09-11T16:06:40.345+02:00,-505.1679382324219,312.3955078125,0.936505138874054,-37.33963394165039,105.14913177490234,-0.1659659594297409,109.6224136352539,-618.8096313476562,0.2934613823890686
2025-09-11T16:06:40.365+02:00,-505.1679382324219,312.3955078125,0.936505138874054,-37.33963394165039,105.14913177490234,-0.1659659594297409,109.6224136352539,-618.8096313476562,0.2934613823890686
2025-09-11T16:06:40.384+02:00,-500.87322998046875,317.32196044921875,0.9401168823242188,-31.90948486328125,104.96171569824219,-0.18365518748760223,109.6224136352539,-618.8096313476562,0.2934613823890686
2025-09-11T16:06:40.404+02:00,-500.87322998046875,317.32196044921875,0.9401168823242188,-31.90948486328125,104.96171569824219,-0.18365518748760223,109.6224136352539,-618.8096313476562,0.2934613823890686
2025-09-11T16:06:40.425+02:00,-500.87322998046875,317.32196044921875,0.9401168823242188,-31.90948486328125,104.96171569824219,-0.18365518748760223,109.6224136352539,-618.8096313476562,0.2934613823890686
2025-09-11T16:06:40.444+02:00,-494.10150146484375,326.7589416503906,0.9483612179756165,-25.288482666015625,104.19267272949219,-0.2021121233701706,109.61853790283203,-618.7964477539062,0.29350483417510986
2025-09-11T16:06:40.464+02:00,-490.876220703125,331.80450439453125,0.9556082487106323,-23.595109939575195,103.96002960205078,-0.20416012406349182,109.64612579345703,-618.8124389648438,0.29336774349212646
2025-09-11T16:06:40.485+02:00,-490.876220703125,331.80450439453125,0.9556082487106323,-23.595109939575195,103.96002960205078,-0.20416012406349182,109.64612579345703,-618.8124389648438,0.29336774349212646
2025-09-11T16:06:40.505+02:00,-487.4335632324219,336.6613464355469,0.9590346217155457,-22.875381469726562,103.38536071777344,-0.1998569816350937,109.61541748046875,-618.8067016601562,0.29350125789642334
2025-09-11T16:06:40.525+02:00,-487.4335632324219,336.6613464355469,0.9590346217155457,-22.875381469726562,103.38536071777344,-0.1998569816350937,109.61541748046875,-618.8067016601562,0.29350125789642334
2025-09-11T16:06:40.545+02:00,-483.5920715332031,341.8702697753906,0.9631414413452148,-23.308774948120117,103.57799530029297,-0.20164096355438232,109.61541748046875,-618.8067016601562,0.29350125789642334
2025-09-11T16:06:40.565+02:00,-483.5920715332031,341.8702697753906,0.9631414413452148,-23.308774948120117,103.57799530029297,-0.20164096355438232,109.61541748046875,-618.8067016601562,0.29350125789642334
2025-09-11T16:06:40.585+02:00,-483.5920715332031,341.8702697753906,0.9631414413452148,-23.308774948120117,103.57799530029297,-0.20164096355438232,109.61541748046875,-618.8067016601562,0.29350125789642334
2025-09-11T16:06:40.604+02:00,-483.5920715332031,341.8702697753906,0.9631414413452148,-23.308774948120117,103.57799530029297,-0.20164096355438232,109.61541748046875,-618.8067016601562,0.29350125789642334
2025-09-11T16:06:40.625+02:00,-483.5920715332031,341.8702697753906,0.9631414413452148,-23.308774948120117,103.57799530029297,-0.20164096355438232,109.61541748046875,-618.8067016601562,0.29350125789642334
2025-09-11T16:06:40.645+02:00,-483.5920715332031,341.8702697753906,0.9631414413452148,-23.308774948120117,103.57799530029297,-0.20164096355438232,109.61541748046875,-618.8067016601562,0.29350125789642334
2025-09-11T16:06:40.665+02:00,-472.4413757324219,358.0181884765625,0.963417649269104,-23.280548095703125,103.65658569335938,-0.20162318646907806,109.64317321777344,-618.8090209960938,0.2935522198677063
2025-09-11T16:06:40.685+02:00,-468.5312194824219,364.2571716308594,0.9652388691902161,-23.32956886291504,103.69629669189453,-0.20137733221054077,109.62369537353516,-618.7927856445312,0.2934807538986206
2025-09-11T16:06:40.704+02:00,-464.780517578125,369.7109375,0.9624149203300476,-23.247270584106445,103.69378662109375,-0.20163273811340332,109.6433334350586,-618.8091430664062,0.29348325729370117
2025-09-11T16:06:40.725+02:00,-461.41912841796875,374.94610595703125,0.966471791267395,-23.362897872924805,103.6510009765625,-0.20137517154216766,109.61543273925781,-618.8029174804688,0.2935004234313965
2025-09-11T16:06:40.745+02:00,-461.41912841796875,374.94610595703125,0.966471791267395,-23.362897872924805,103.6510009765625,-0.20137517154216766,109.61543273925781,-618.8029174804688,0.2935004234313965
2025-09-11T16:06:40.765+02:00,-461.41912841796875,374.94610595703125,0.966471791267395,-23.362897872924805,103.6510009765625,-0.20137517154216766,109.61543273925781,-618.8029174804688,0.2935004234313965
2025-09-11T16:06:40.785+02:00,-461.41912841796875,374.94610595703125,0.966471791267395,-23.362897872924805,103.6510009765625,-0.20137517154216766,109.61543273925781,-618.8029174804688,0.2935004234313965
2025-09-11T16:06:40.805+02:00,-457.8652648925781,379.99951171875,0.9634738564491272,-23.273630142211914,103.6615219116211,-0.20161855220794678,109.61543273925781,-618.8029174804688,0.2935004234313965
2025-09-11T16:06:40.824+02:00,-457.8652648925781,379.99951171875,0.9634738564491272,-23.273630142211914,103.6615219116211,-0.20161855220794678,109.61543273925781,-618.8029174804688,0.2935004234313965
2025-09-11T16:06:40.844+02:00,-457.8652648925781,379.99951171875,0.9634738564491272,-23.273630142211914,103.6615219116211,-0.20161855220794678,109.61543273925781,-618.8029174804688,0.2935004234313965
2025-09-11T16:06:40.864+02:00,-457.8652648925781,379.99951171875,0.9634738564491272,-23.273630142211914,103.6615219116211,-0.20161855220794678,109.61543273925781,-618.8029174804688,0.2935004234313965
2025-09-11T16:06:40.885+02:00,-457.8652648925781,379.99951171875,0.9634738564491272,-23.273630142211914,103.6615219116211,-0.20161855220794678,109.61543273925781,-618.8029174804688,0.2935004234313965
2025-09-11T16:06:40.905+02:00,-457.8652648925781,379.99951171875,0.9634738564491272,-23.273630142211914,103.6615219116211,-0.20161855220794678,109.61543273925781,-618.8029174804688,0.2935004234313965
2025-09-11T16:06:40.925+02:00,-457.8652648925781,379.99951171875,0.9634738564491272,-23.273630142211914,103.6615219116211,-0.20161855220794678,109.61543273925781,-618.8029174804688,0.2935004234313965
2025-09-11T16:06:40.945+02:00,-457.8652648925781,379.99951171875,0.9634738564491272,-23.273630142211914,103.6615219116211,-0.20161855220794678,109.61543273925781,-618.8029174804688,0.2935004234313965
2025-09-11T16:06:40.964+02:00,-436.5094299316406,408.7818298339844,0.9410917162895203,-23.294204711914062,103.67652893066406,-0.2014867216348648,109.6345443725586,-618.8187866210938,0.29338550567626953
2025-09-11T16:06:40.985+02:00,-436.5094299316406,408.7818298339844,0.9410917162895203,-23.294204711914062,103.67652893066406,-0.2014867216348648,109.6345443725586,-618.8187866210938,0.29338550567626953
2025-09-11T16:06:41.005+02:00,-436.5094299316406,408.7818298339844,0.9410917162895203,-23.294204711914062,103.67652893066406,-0.2014867216348648,109.6345443725586,-618.8187866210938,0.29338550567626953
2025-09-11T16:06:41.025+02:00,-432.9213562011719,413.6985168457031,0.9368839263916016,-23.276350021362305,103.67052459716797,-0.2013055831193924,109.6263198852539,-618.8240356445312,0.2933734059333801
2025-09-11T16:06:41.044+02:00,-432.9213562011719,413.6985168457031,0.9368839263916016,-23.276350021362305,103.67052459716797,-0.2013055831193924,109.6263198852539,-618.8240356445312,0.2933734059333801
2025-09-11T16:06:41.065+02:00,-432.9213562011719,413.6985168457031,0.9368839263916016,-23.276350021362305,103.67052459716797,-0.2013055831193924,109.6263198852539,-618.8240356445312,0.2933734059333801
2025-09-11T16:06:41.085+02:00,-425.4626159667969,423.39300537109375,0.9302482604980469,-23.23789405822754,103.70384979248047,-0.20166544616222382,109.62275695800781,-618.8092041015625,0.2935127317905426
2025-09-11T16:06:41.105+02:00,-421.8064270019531,428.15704345703125,0.9167895317077637,-23.263755798339844,103.6910171508789,-0.20141033828258514,109.63164520263672,-618.8275146484375,0.2933671474456787
2025-09-11T16:06:41.125+02:00,-418.3924560546875,432.7414855957031,0.9167612195014954,-23.253660202026367,103.6849594116211,-0.20176714658737183,109.64451599121094,-618.7813110351562,0.2934972643852234
2025-09-11T16:06:41.144+02:00,-418.3924560546875,432.7414855957031,0.9167612195014954,-23.253660202026367,103.6849594116211,-0.20176714658737183,109.64451599121094,-618.7813110351562,0.2934972643852234
2025-09-11T16:06:41.165+02:00,-415.2178955078125,436.6791687011719,0.9115055203437805,-23.256437301635742,103.54663848876953,-0.20368897914886475,109.63819122314453,-618.8217163085938,0.2933625280857086
2025-09-11T16:06:41.185+02:00,-415.2178955078125,436.6791687011719,0.9115055203437805,-23.256437301635742,103.54663848876953,-0.20368897914886475,109.63819122314453,-618.8217163085938,0.2933625280857086
2025-09-11T16:06:41.205+02:00,-411.99072265625,440.45635986328125,0.9043484330177307,-23.2506046295166,103.68856048583984,-0.20178654789924622,109.63336944580078,-618.8135375976562,0.293496310710907
2025-09-11T16:06:41.225+02:00,-411.99072265625,440.45635986328125,0.9043484330177307,-23.2506046295166,103.68856048583984,-0.20178654789924622,109.63336944580078,-618.8135375976562,0.293496310710907
2025-09-11T16:06:41.245+02:00,-411.99072265625,440.45635986328125,0.9043484330177307,-23.2506046295166,103.68856048583984,-0.20178654789924622,109.63336944580078,-618.8135375976562,0.293496310710907
2025-09-11T16:06:41.264+02:00,-411.99072265625,440.45635986328125,0.9043484330177307,-23.2506046295166,103.68856048583984,-0.20178654789924622,109.63336944580078,-618.8135375976562,0.293496310710907
2025-09-11T16:06:41.285+02:00,-411.99072265625,440.45635986328125,0.9043484330177307,-23.2506046295166,103.68856048583984,-0.20178654789924622,109.63336944580078,-618.8135375976562,0.293496310710907
2025-09-11T16:06:41.305+02:00,-411.99072265625,440.45635986328125,0.9043484330177307,-23.2506046295166,103.68856048583984,-0.20178654789924622,109.63336944580078,-618.8135375976562,0.293496310710907
2025-09-11T16:06:41.325+02:00,-411.99072265625,440.45635986328125,0.9043484330177307,-23.2506046295166,103.68856048583984,-0.20178654789924622,109.63336944580078,-618.8135375976562,0.293496310710907
2025-09-11T16:06:41.345+02:00,-411.99072265625,440.45635986328125,0.9043484330177307,-23.2506046295166,103.68856048583984,-0.20178654789924622,109.63336944580078,-618.8135375976562,0.293496310710907
2025-09-11T16:06:41.364+02:00,-411.99072265625,440.45635986328125,0.9043484330177307,-23.2506046295166,103.68856048583984,-0.20178654789924622,109.63336944580078,-618.8135375976562,0.293496310710907
2025-09-11T16:06:41.384+02:00,-411.99072265625,440.45635986328125,0.9043484330177307,-23.2506046295166,103.68856048583984,-0.20178654789924622,109.63336944580078,-618.8135375976562,0.293496310710907
2025-09-11T16:06:41.405+02:00,-411.99072265625,440.45635986328125,0.9043484330177307,-23.2506046295166,103.68856048583984,-0.20178654789924622,109.63336944580078,-618.8135375976562,0.293496310710907
2025-09-11T16:06:41.425+02:00,-393.7771301269531,461.4812316894531,0.8593247532844543,-23.16599464416504,103.63570404052734,-0.20307452976703644,109.62367248535156,-618.7991333007812,0.2934589385986328
2025-09-11T16:06:41.444+02:00,-393.7771301269531,461.4812316894531,0.8593247532844543,-23.16599464416504,103.63570404052734,-0.20307452976703644,109.62367248535156,-618.7991333007812,0.2934589385986328
2025-09-11T16:06:41.464+02:00,-382.5579528808594,473.6209411621094,0.8333818912506104,-23.256010055541992,103.65096282958984,-0.20212912559509277,109.64817810058594,-618.8116455078125,0.2935829758644104
2025-09-11T16:06:41.484+02:00,-382.5579528808594,473.6209411621094,0.8333818912506104,-23.256010055541992,103.65096282958984,-0.20212912559509277,109.64817810058594,-618.8116455078125,0.2935829758644104
2025-09-11T16:06:41.505+02:00,-382.5579528808594,473.6209411621094,0.8333818912506104,-23.256010055541992,103.65096282958984,-0.20212912559509277,109.64817810058594,-618.8116455078125,0.2935829758644104
2025-09-11T16:06:41.524+02:00,-378.8114013671875,477.2242126464844,0.8239923715591431,-23.26334571838379,103.65080261230469,-0.20173875987529755,109.63331604003906,-618.8175659179688,0.29334893822669983
2025-09-11T16:06:41.544+02:00,-375.26123046875,481.0549621582031,0.8155795335769653,-23.27263832092285,103.64714050292969,-0.20194458961486816,109.63331604003906,-618.8175659179688,0.29334893822669983
2025-09-11T16:06:41.564+02:00,-371.71759033203125,484.7892150878906,0.8066048622131348,-23.29360008239746,103.64823150634766,-0.20193864405155182,109.62239074707031,-618.8063354492188,0.29350927472114563
2025-09-11T16:06:41.584+02:00,-371.71759033203125,484.7892150878906,0.8066048622131348,-23.29360008239746,103.64823150634766,-0.20193864405155182,109.62239074707031,-618.8063354492188,0.29350927472114563
2025-09-11T16:06:41.604+02:00,-368.07879638671875,488.1200866699219,0.7952454090118408,-23.25347328186035,103.65997314453125,-0.20249375700950623,109.63191986083984,-618.8116455078125,0.29336753487586975
2025-09-11T16:06:41.624+02:00,-368.07879638671875,488.1200866699219,0.7952454090118408,-23.25347328186035,103.65997314453125,-0.20249375700950623,109.63191986083984,-618.8116455078125,0.29336753487586975
2025-09-11T16:06:41.645+02:00,-364.58355712890625,491.7637939453125,0.7809724807739258,-23.26700782775879,103.64624786376953,-0.20195527374744415,109.61100769042969,-618.8049926757812,0.2934591472148895
2025-09-11T16:06:41.665+02:00,-364.58355712890625,491.7637939453125,0.7809724807739258,-23.26700782775879,103.64624786376953,-0.20195527374744415,109.61100769042969,-618.8049926757812,0.2934591472148895
2025-09-11T16:06:41.684+02:00,-364.58355712890625,491.7637939453125,0.7809724807739258,-23.26700782775879,103.64624786376953,-0.20195527374744415,109.61100769042969,-618.8049926757812,0.2934591472148895
2025-09-11T16:06:41.704+02:00,-364.58355712890625,491.7637939453125,0.7809724807739258,-23.26700782775879,103.64624786376953,-0.20195527374744415,109.61100769042969,-618.8049926757812,0.2934591472148895
2025-09-11T16:06:41.724+02:00,-360.849609375,495.4832458496094,0.7710772752761841,-23.259157180786133,103.6521224975586,-0.20214132964611053,109.63631439208984,-618.784912109375,0.29348576068878174
2025-09-11T16:06:41.744+02:00,-360.849609375,495.4832458496094,0.7710772752761841,-23.259157180786133,103.6521224975586,-0.20214132964611053,109.63631439208984,-618.784912109375,0.29348576068878174
2025-09-11T16:06:41.764+02:00,-350.18572998046875,505.228759765625,0.7383161783218384,-23.26175308227539,103.6480484008789,-0.2020290493965149,109.608154296875,-618.7977905273438,0.2935221195220947
2025-09-11T16:06:41.784+02:00,-350.18572998046875,505.228759765625,0.7383161783218384,-23.26175308227539,103.6480484008789,-0.2020290493965149,109.608154296875,-618.7977905273438,0.2935221195220947
2025-09-11T16:06:41.804+02:00,-346.30169677734375,508.33282470703125,0.7245900630950928,-23.277732849121094,103.62825012207031,-0.20254096388816833,109.62850952148438,-618.7899780273438,0.29349735379219055
2025-09-11T16:06:41.824+02:00,-342.7647705078125,511.68597412109375,0.7142974138259888,-23.259246826171875,103.65979766845703,-0.20212331414222717,109.63435363769531,-618.8275756835938,0.2933844029903412
2025-09-11T16:06:41.844+02:00,-342.7647705078125,511.68597412109375,0.7142974138259888,-23.259246826171875,103.65979766845703,-0.20212331414222717,109.63435363769531,-618.8275756835938,0.2933844029903412
2025-09-11T16:06:41.864+02:00,-342.7647705078125,511.68597412109375,0.7142974138259888,-23.259246826171875,103.65979766845703,-0.20212331414222717,109.63435363769531,-618.8275756835938,0.2933844029903412
2025-09-11T16:06:41.885+02:00,-342.7647705078125,511.68597412109375,0.7142974138259888,-23.259246826171875,103.65979766845703,-0.20212331414222717,109.63435363769531,-618.8275756835938,0.2933844029903412
2025-09-11T16:06:41.904+02:00,-342.7647705078125,511.68597412109375,0.7142974138259888,-23.259246826171875,103.65979766845703,-0.20212331414222717,109.63435363769531,-618.8275756835938,0.2933844029903412
2025-09-11T16:06:41.924+02:00,-342.7647705078125,511.68597412109375,0.7142974138259888,-23.259246826171875,103.65979766845703,-0.20212331414222717,109.63435363769531,-618.8275756835938,0.2933844029903412
2025-09-11T16:06:41.944+02:00,-342.7647705078125,511.68597412109375,0.7142974138259888,-23.259246826171875,103.65979766845703,-0.20212331414222717,109.63435363769531,-618.8275756835938,0.2933844029903412
2025-09-11T16:06:41.964+02:00,-342.7647705078125,511.68597412109375,0.7142974138259888,-23.259246826171875,103.65979766845703,-0.20212331414222717,109.63435363769531,-618.8275756835938,0.2933844029903412
2025-09-11T16:06:41.985+02:00,-328.3790283203125,523.0870971679688,0.6593891382217407,-23.25830841064453,103.6325912475586,-0.20240801572799683,109.63896942138672,-618.8108520507812,0.2935357689857483
2025-09-11T16:06:42.004+02:00,-324.856201171875,525.7908325195312,0.6508282423019409,-23.25829315185547,103.64295196533203,-0.2020702362060547,109.64476013183594,-618.7926635742188,0.29351916909217834
2025-09-11T16:06:42.025+02:00,-324.856201171875,525.7908325195312,0.6508282423019409,-23.25829315185547,103.64295196533203,-0.2020702362060547,109.64476013183594,-618.7926635742188,0.29351916909217834
2025-09-11T16:06:42.044+02:00,-320.64990234375,529.0343627929688,0.6343150734901428,-23.256765365600586,103.65087127685547,-0.20205284655094147,109.6356430053711,-618.7935791015625,0.29350078105926514
2025-09-11T16:06:42.064+02:00,-316.65606689453125,531.7112426757812,0.6251338124275208,-23.28851318359375,103.60562896728516,-0.20207683742046356,109.64968872070312,-618.814697265625,0.29339274764060974
2025-09-11T16:06:42.085+02:00,-316.65606689453125,531.7112426757812,0.6251338124275208,-23.28851318359375,103.60562896728516,-0.20207683742046356,109.64968872070312,-618.814697265625,0.29339274764060974
2025-09-11T16:06:42.105+02:00,-316.65606689453125,531.7112426757812,0.6251338124275208,-23.28851318359375,103.60562896728516,-0.20207683742046356,109.64968872070312,-618.814697265625,0.29339274764060974
2025-09-11T16:06:42.125+02:00,-316.65606689453125,531.7112426757812,0.6251338124275208,-23.28851318359375,103.60562896728516,-0.20207683742046356,109.64968872070312,-618.814697265625,0.29339274764060974
2025-09-11T16:06:42.144+02:00,-316.65606689453125,531.7112426757812,0.6251338124275208,-23.28851318359375,103.60562896728516,-0.20207683742046356,109.64968872070312,-618.814697265625,0.29339274764060974
