timestamp,H1_x,H1_y,H1_theta,H2_x,H2_y,H2_theta,T1_x,T1_y,T1_theta,T2_x,T2_y,T2_theta,T3_x,T3_y,T3_theta,T4_x,T4_y,T4_theta,T5_x,T5_y,T5_theta,O1_x,O1_y,O1_theta,O2_x,O2_y,O2_theta,O3_x,O3_y,O3_theta
2025-09-24T12:07:49.566+02:00,-0.44896527099609373,-1.1516907958984375,-0.5821947111666583,0.8133526000976562,-0.9768438720703125,-2.6828690147780425,2.39204248046875,4.14707080078125,-1.6612153063349944,2.43088427734375,4.150001953125,-2.5374729361168393,-0.8884454956054687,3.862716552734375,0.7007809468711154,0.7496876220703125,-2.701026611328125,-2.4953276129180084,-2.851739990234375,0.5567847290039063,0.7046517849365184,2.0260025634765624,2.20618017578125,0.8531984497463123,1.068314453125,-2.116230224609375,2.7236350868483217,-2.75631396484375,-0.15896617126464843,-1.188578781356452
2025-09-24T12:07:49.586+02:00,-0.4489788208007813,-1.151693115234375,-0.5821966419584486,0.8133565063476562,-0.9768541259765625,-2.6827507704256432,2.392023193359375,4.1470546875,-1.6607722894876598,2.43087939453125,4.14999072265625,-2.5378625565843183,-0.8884636840820312,3.86276904296875,0.7029046846823991,0.7495338745117187,-2.70113232421875,-2.4999729648074336,-2.851705810546875,0.5567537841796875,0.7056940130291208,2.0260035400390626,2.20618310546875,0.8532748824695976,1.0683170166015625,-2.1161962890625,2.723438279243765,-2.75631103515625,-0.1589403076171875,-1.1884873017730075
2025-09-24T12:07:49.606+02:00,-0.44898114013671875,-1.15169189453125,-0.5822656844097089,0.813365966796875,-0.9768726196289063,-2.682874607416332,2.392043701171875,4.1470556640625,-1.6609805486849039,2.4308779296875,4.15000146484375,-2.5379006397879063,-0.888444091796875,3.86270166015625,0.7013845523321819,0.749433349609375,-2.701373779296875,-2.509355281327783,-2.8517646484375,0.556761962890625,0.7049934685043755,2.026001708984375,2.206190185546875,0.853197317902849,1.0682999267578126,-2.116204833984375,2.7234401434565276,-2.756326416015625,-0.15892210388183595,-1.1884288453870804
2025-09-24T12:07:49.626+02:00,-0.44898406982421873,-1.1516744384765625,-0.582344980031166,0.8133594360351563,-0.9768728637695312,-2.682883395847929,2.392057861328125,4.147060546875,-1.6610681666847675,2.430863525390625,4.14997705078125,-2.539136346533703,-0.8884534301757813,3.862736572265625,0.7010360111245177,0.7494620361328125,-2.70128515625,-2.508984569304044,-2.8516806640625,0.5567638549804688,0.705928704100184,2.0259954833984377,2.206185791015625,0.8532334037356196,1.0683316650390624,-2.11617236328125,2.7233333506968154,-2.756331298828125,-0.1589437713623047,-1.1884926280951877
2025-09-24T12:07:49.646+02:00,-0.44897607421875,-1.151676513671875,-0.5823260715874264,0.8133346557617187,-0.9768401489257813,-2.682377661556923,2.3920439453125,4.1470634765625,-1.6609849429007024,2.430856689453125,4.14997998046875,-2.5383930582734617,-0.8885099487304687,3.8628115234375,0.7027526847631828,0.7495692749023437,-2.70108837890625,-2.5017421027195734,-2.851722900390625,0.5567908325195312,0.705338414444568,2.0260047607421874,2.20618701171875,0.8532593029772206,1.06832080078125,-2.11619921875,2.723511782489851,-2.7563330078125,-0.15897810363769532,-1.1885521497455511
2025-09-24T12:07:49.666+02:00,-0.4489771423339844,-1.151673095703125,-0.5821481724266092,0.8133494262695312,-0.9768499145507813,-2.682610688152305,2.39204833984375,4.14705712890625,-1.6609925329098092,2.430858642578125,4.14997021484375,-2.5388431324976852,-0.8884920043945312,3.8626923828125,0.7000832652445419,0.7496222534179687,-2.700962890625,-2.496730566180262,-2.8516474609375,0.5567655639648438,0.7063138637728368,2.02600244140625,2.2061875,0.8532144952918801,1.068276123046875,-2.11629248046875,2.723853466057708,-2.756363525390625,-0.15898539733886718,-1.1884328401287154
2025-09-24T12:07:49.686+02:00,-0.44896951293945314,-1.151693603515625,-0.5821817948353714,0.8133574829101563,-0.9768475341796875,-2.6826575597874904,2.39205078125,4.147060546875,-1.6613462007025717,2.43088037109375,4.14995458984375,-2.5396567282107045,-0.8885335083007813,3.86274853515625,0.701097130671535,0.7495662231445313,-2.701071533203125,-2.4988057013016522,-2.8516962890625,0.5567736206054688,0.7058403537310207,2.0260047607421874,2.206186279296875,0.8532074379149913,1.0682950439453125,-2.116230224609375,2.7236105857662927,-2.7563056640625,-0.15892311096191405,-1.188545758158935
2025-09-24T12:07:49.706+02:00,-0.44896572875976565,-1.151695556640625,-0.5821632192867681,0.81334814453125,-0.976852783203125,-2.6828674168813884,2.3920205078125,4.14707275390625,-1.661035276645305,2.430898193359375,4.15000439453125,-2.5376423131621686,-0.8884647827148437,3.862697021484375,0.6997774011933463,0.749440185546875,-2.7013203125,-2.5103502383110365,-2.851744873046875,0.55675634765625,0.7048285522538723,2.0260054931640625,2.206181396484375,0.853220287667251,1.068317138671875,-2.116201904296875,2.723548534112894,-2.7563330078125,-0.1589440612792969,-1.188504612320093
2025-09-24T12:07:49.726+02:00,-0.44898458862304685,-1.1516964111328125,-0.5823620242621426,0.8133540649414063,-0.9768604736328125,-2.68295290435238,2.39203125,4.147052734375,-1.6609220922989767,2.430880859375,4.14999658203125,-2.5380345967907374,-0.8884967651367187,3.862737060546875,0.7006136337756311,0.7494453125,-2.7013564453125,-2.511061036005979,-2.8517255859375,0.5567716064453125,0.7049305513236224,2.02600146484375,2.2061787109375,0.8532732845729436,1.0683416748046874,-2.116203125,2.7234790256084427,-2.75640478515625,-0.15895449829101563,-1.1883694568947716
2025-09-24T12:07:49.746+02:00,-0.4489798583984375,-1.1516795654296874,-0.5824233435462416,0.813363525390625,-0.9768898315429687,-2.683123612978254,2.392050048828125,4.147068359375,-1.6609709613049797,2.43087841796875,4.149998046875,-2.5394450069040433,-0.8884568481445313,3.862675048828125,0.6984568727668304,0.7494481811523438,-2.701441162109375,-2.5092383685559283,-2.851764404296875,0.5567684326171874,0.7041677554083964,2.026008056640625,2.20617529296875,0.8531908597372057,1.0682977294921876,-2.116218994140625,2.7235884815292453,-2.7563427734375,-0.15890359497070314,-1.1883633316242643
2025-09-24T12:07:49.766+02:00,-0.4489730224609375,-1.1516683349609376,-0.5822817965343039,0.8133480834960938,-0.9768589477539062,-2.682718812492562,2.392039306640625,4.14707666015625,-1.6605503150108016,2.430887939453125,4.14998779296875,-2.5383781445713574,-0.8884690551757812,3.8628076171875,0.7017159827298423,0.7494331665039062,-2.701464111328125,-2.5090234514559593,-2.851782470703125,0.55678369140625,0.7037717433543016,2.0260050048828124,2.20618115234375,0.853218423454488,1.068286865234375,-2.1162216796875,2.7235035266904717,-2.756352294921875,-0.15893243408203125,-1.1883817074357859
2025-09-24T12:07:49.787+02:00,-0.4489765319824219,-1.1516708984375,-0.5823257386922902,0.8133425903320313,-0.9768107299804687,-2.6825393154350907,2.392027099609375,4.14706640625,-1.6604464517282884,2.430885986328125,4.1500009765625,-2.537591979417566,-0.8884564819335937,3.862716064453125,0.700085928405632,0.7496350708007813,-2.70109130859375,-2.497626453570965,-2.85177294921875,0.5567695922851562,0.703727468301179,2.025997314453125,2.206181884765625,0.8532435903267892,1.0683125,-2.116197998046875,2.723408984471774,-2.75635205078125,-0.15897537231445313,-1.1884516154144005
2025-09-24T12:07:49.806+02:00,-0.4489666748046875,-1.1516768798828125,-0.5823505726694552,0.8133814697265624,-0.976804931640625,-2.6821329170527446,2.3920439453125,4.1470634765625,-1.6610354098033595,2.430881103515625,4.15002734375,-2.538157102200881,-0.8884551391601563,3.862689697265625,0.7000803357673427,0.7495098876953125,-2.7013974609375,-2.505067591972755,-2.85174951171875,0.5567357177734376,0.7051736313521193,2.026007080078125,2.20619189453125,0.8532095018648361,1.068353271484375,-2.11616162109375,2.72330538750537,-2.75639501953125,-0.15896296691894532,-1.1883600026729018
2025-09-24T12:07:49.826+02:00,-0.44896139526367185,-1.151689453125,-0.5822887207531381,0.8133350830078125,-0.9768311157226562,-2.6826362544987696,2.39203466796875,4.14706396484375,-1.6610412687577576,2.430857177734375,4.14998876953125,-2.5392122466247704,-0.8884682006835938,3.862634033203125,0.6990260568708077,0.7494414672851563,-2.70147265625,-2.508580567766679,-2.85172607421875,0.5567391967773437,0.7047508545290693,2.0260050048828124,2.206177001953125,0.8532431242735984,1.0683349609375,-2.11619873046875,2.7235245656630833,-2.75642041015625,-0.15898435974121095,-1.1883252484206763
2025-09-24T12:07:49.846+02:00,-0.44897509765625,-1.15170361328125,-0.5821746043004282,0.8133714599609375,-0.9768546142578125,-2.682638118711533,2.392038330078125,4.14705615234375,-1.6611822831374774,2.430882568359375,4.1499765625,-2.53860557852845,-0.88845703125,3.862657958984375,0.7002998468201925,0.7496082763671875,-2.70108447265625,-2.497293558434705,-2.851765380859375,0.556753662109375,0.7037849925807248,2.0260050048828124,2.206179931640625,0.8532465863830155,1.068305419921875,-2.116201416015625,2.723507255115998,-2.75634423828125,-0.15891867065429688,-1.1883976864023265
2025-09-24T12:07:49.866+02:00,-0.44898764038085937,-1.1516876220703125,-0.5822005035420292,0.813351806640625,-0.9768590087890625,-2.682791516790321,2.392050537109375,4.147060546875,-1.6610975946148128,2.4308837890625,4.15002490234375,-2.537987991471661,-0.8884405517578124,3.862685302734375,0.7004922602089508,0.7496844482421875,-2.70094189453125,-2.4948189491498036,-2.851738525390625,0.5567694702148438,0.704940205282574,2.026008056640625,2.206173095703125,0.8532435903267892,1.06829833984375,-2.116200439453125,2.7234902108850214,-2.756347900390625,-0.15893658447265624,-1.1884597380557254
2025-09-24T12:07:49.886+02:00,-0.4489856567382812,-1.1516646728515625,-0.5823112244643492,0.8133316040039062,-0.9768509521484375,-2.6827377209363017,2.392052734375,4.14706591796875,-1.6607472557734129,2.430880615234375,4.14998583984375,-2.5392505961444676,-0.8884808349609375,3.862672607421875,0.6999734098495761,0.7495722045898437,-2.701270263671875,-2.5059237982632157,-2.851698974609375,0.5567567749023438,0.7050669717504616,2.026005859375,2.206179931640625,0.8532581711337573,1.06829052734375,-2.116288818359375,2.723886222939116,-2.756322021484375,-0.1589078369140625,-1.1883979527184354
2025-09-24T12:07:49.906+02:00,-0.44897479248046873,-1.1516575927734376,-0.5823954469338231,0.8133656005859375,-0.976834228515625,-2.682243438237983,2.392040283203125,4.14705224609375,-1.660868030128848,2.4308623046875,4.14995263671875,-2.540306006884466,-0.8884834594726563,3.86276611328125,0.7019052669043196,0.7494782104492187,-2.701362548828125,-2.50878429959007,-2.851716796875,0.5567501831054688,0.7045804787983314,2.0259991455078126,2.206173828125,0.8533145635698398,1.068305908203125,-2.1162080078125,2.7235394793651877,-2.75633154296875,-0.1589167022705078,-1.188397020612054
2025-09-24T12:07:49.926+02:00,-0.4489649963378906,-1.151677490234375,-0.5822630878276461,0.813349365234375,-0.9768270874023437,-2.6824833890521993,2.39203857421875,4.14706298828125,-1.6609445960101878,2.4308779296875,4.149982421875,-2.5377352574842122,-0.8885025634765625,3.8627216796875,0.6998112899182175,0.74953857421875,-2.70143994140625,-2.508751809024771,-2.85174462890625,0.5567523803710938,0.7058357597781403,2.026001708984375,2.206177490234375,0.8532266126748399,1.068318359375,-2.116208740234375,2.7234782266601156,-2.756333740234375,-0.1589404754638672,-1.1885469565814253
2025-09-24T12:07:49.946+02:00,-0.44896249389648435,-1.1516876220703125,-0.5822919165464462,0.8133751831054687,-0.9768101196289063,-2.6824415774230848,2.392037353515625,4.1470712890625,-1.6609817471073944,2.430874267578125,4.15001025390625,-2.5378993082073613,-0.88843994140625,3.862728759765625,0.6998926494895195,0.7495661010742187,-2.70134423828125,-2.50401404544552,-2.851743408203125,0.556740234375,0.7056718422130459,2.0260103759765626,2.206183349609375,0.8532531111276862,1.0683067626953124,-2.116185546875,2.723493406678329,-2.7563642578125,-0.15895233154296876,-1.1884548112077087
2025-09-24T12:07:49.966+02:00,-0.4489671936035156,-1.1516944580078126,-0.5821616213901141,0.8133745727539062,-0.9768524780273438,-2.6826450429303668,2.39203466796875,4.1470634765625,-1.6608824111987344,2.430878173828125,4.14999853515625,-2.537958164067452,-0.888471435546875,3.86274267578125,0.7003798082319223,0.7496405029296875,-2.701241455078125,-2.4977175336802455,-2.851729248046875,0.5567417602539062,0.7045188266190962,2.02601220703125,2.206175048828125,0.853232205313129,1.0682833251953125,-2.116211181640625,2.7235069887998886,-2.756398193359375,-0.15898818969726564,-1.1883580053020841
2025-09-24T12:07:49.986+02:00,-0.44898114013671875,-1.15168798828125,-0.5824148214307533,0.8133803100585938,-0.9768599243164062,-2.6828644874041894,2.3920380859375,4.14705517578125,-1.6606732198951086,2.43088916015625,4.14997216796875,-2.5391946697615757,-0.8884702758789063,3.862773193359375,0.6997652838103864,0.749610595703125,-2.701260498046875,-2.5002978704604235,-2.851697021484375,0.5567774047851562,0.705187280052706,2.0260098876953125,2.20618505859375,0.8531412583619029,1.06828515625,-2.11621875,2.7234332192376933,-2.756436279296875,-0.1589778594970703,-1.1882239151411988
2025-09-24T12:07:50.006+02:00,-0.44898114013671875,-1.15168798828125,-0.5824148214307533,0.8133803100585938,-0.9768599243164062,-2.6828644874041894,2.3920380859375,4.14705517578125,-1.6606732198951086,2.43088916015625,4.14997216796875,-2.5391946697615757,-0.8884702758789063,3.862773193359375,0.6997652838103864,0.749610595703125,-2.701260498046875,-2.5002978704604235,-2.851697021484375,0.5567774047851562,0.705187280052706,2.0260098876953125,2.20618505859375,0.8531412583619029,1.06828515625,-2.11621875,2.7234332192376933,-2.756436279296875,-0.1589778594970703,-1.1882239151411988
2025-09-24T12:07:50.026+02:00,-0.44898114013671875,-1.15168798828125,-0.5824148214307533,0.8133803100585938,-0.9768599243164062,-2.6828644874041894,2.3920380859375,4.14705517578125,-1.6606732198951086,2.43088916015625,4.14997216796875,-2.5391946697615757,-0.8884702758789063,3.862773193359375,0.6997652838103864,0.749610595703125,-2.701260498046875,-2.5002978704604235,-2.851697021484375,0.5567774047851562,0.705187280052706,2.0260098876953125,2.20618505859375,0.8531412583619029,1.06828515625,-2.11621875,2.7234332192376933,-2.756436279296875,-0.1589778594970703,-1.1882239151411988
2025-09-24T12:07:50.046+02:00,-0.44898114013671875,-1.15168798828125,-0.5824148214307533,0.8133803100585938,-0.9768599243164062,-2.6828644874041894,2.3920380859375,4.14705517578125,-1.6606732198951086,2.43088916015625,4.14997216796875,-2.5391946697615757,-0.8884702758789063,3.862773193359375,0.6997652838103864,0.749610595703125,-2.701260498046875,-2.5002978704604235,-2.851697021484375,0.5567774047851562,0.705187280052706,2.0260098876953125,2.20618505859375,0.8531412583619029,1.06828515625,-2.11621875,2.7234332192376933,-2.756436279296875,-0.1589778594970703,-1.1882239151411988
2025-09-24T12:07:50.066+02:00,-0.44897994995117185,-1.1516751708984374,-0.5821869214204698,0.8133788452148437,-0.9768663940429687,-2.6827326609302307,2.3920546875,4.14706201171875,-1.6608977243750025,2.430873779296875,4.150013671875,-2.5379882577877697,-0.8884442138671875,3.86274072265625,0.7021052037231573,0.7496224365234375,-2.70120556640625,-2.498944185678336,-2.85176513671875,0.5567454223632813,0.7037544993862433,2.0260086669921873,2.20617822265625,0.8532206871414145,1.0682823486328126,-2.116197265625,2.723358118094953,-2.756427734375,-0.15900201416015625,-1.1882916925909413
2025-09-24T12:07:50.087+02:00,-0.4489818115234375,-1.1516866455078125,-0.5822799323215408,0.8133599853515625,-0.976840576171875,-2.682882330583493,2.392037109375,4.14705078125,-1.6610074466119136,2.43087841796875,4.14997607421875,-2.5393869499922794,-0.888483154296875,3.8627138671875,0.699106218019619,0.7494411010742188,-2.701448486328125,-2.507401586352101,-2.851744140625,0.5567511596679687,0.7042809397547248,2.0260155029296874,2.20618359375,0.8532024444879475,1.068301513671875,-2.116199462890625,2.7233991307757406,-2.756361083984375,-0.15904513549804689,-1.188586504523613
2025-09-24T12:07:50.106+02:00,-0.4489742431640625,-1.151675048828125,-0.582562160818062,0.8133308715820312,-0.97685107421875,-2.682983530704916,2.39204736328125,4.14704736328125,-1.661034744013087,2.430872314453125,4.1500126953125,-2.5380351294229553,-0.8884537963867187,3.86273095703125,0.6998716770959351,0.7494465942382813,-2.70146533203125,-2.5088990818330523,-2.8516513671875,0.556787109375,0.7063516140812887,2.0260113525390624,2.206190673828125,0.8531687555001579,1.0682138671875,-2.116179443359375,2.723338410702887,-2.75637255859375,-0.1590048828125,-1.1884333727609335
2025-09-24T12:07:50.126+02:00,-0.4489692993164062,-1.1516663818359374,-0.5822622888793191,0.81333447265625,-0.9768278198242187,-2.682611487100632,2.39204833984375,4.147060546875,-1.6609645697183635,2.4308798828125,4.15001171875,-2.5383760140424854,-0.8884689331054687,3.862741943359375,0.7001850645772102,0.7494472045898437,-2.701412841796875,-2.50757628971961,-2.851734619140625,0.5567495727539062,0.7047342763512835,2.0260042724609373,2.20618017578125,0.8531849342037802,1.068205078125,-2.116194580078125,2.7233980655113044,-2.75644287109375,-0.15896527099609375,-1.188180638773485
2025-09-24T12:07:50.146+02:00,-0.4489692993164062,-1.1516663818359374,-0.5822622888793191,0.81333447265625,-0.9768278198242187,-2.682611487100632,2.39204833984375,4.147060546875,-1.6609645697183635,2.4308798828125,4.15001171875,-2.5383760140424854,-0.8884689331054687,3.862741943359375,0.7001850645772102,0.7494472045898437,-2.701412841796875,-2.50757628971961,-2.851734619140625,0.5567495727539062,0.7047342763512835,2.0260042724609373,2.20618017578125,0.8531849342037802,1.068205078125,-2.116194580078125,2.7233980655113044,-2.75644287109375,-0.15896527099609375,-1.188180638773485
2025-09-24T12:07:50.253+02:00,-0.4489844055175781,-1.1516552734375,-0.5820550949465109,0.813319580078125,-0.9768438110351563,-2.682954502249034,2.392042724609375,4.14705224609375,-1.6609545828642756,2.430872314453125,4.149986328125,-2.5393248983388808,-0.8884551391601563,3.8626943359375,0.6992978990390775,0.749728271484375,-2.700874267578125,-2.4928351604538035,-2.851735595703125,0.556780517578125,0.7045329413728735,2.026006103515625,2.206177978515625,0.8533087711944689,1.0682271728515624,-2.11622900390625,2.7234643782224475,-2.756391845703125,-0.15899705505371095,-1.1884110022077767
2025-09-24T12:07:50.266+02:00,-0.44897906494140627,-1.1516680908203125,-0.5824845962513134,0.8133591918945312,-0.9768469848632813,-2.6825030964442655,2.392049560546875,4.1470517578125,-1.6613231643591426,2.43086181640625,4.15,-2.5391509939196983,-0.8884613647460937,3.862760009765625,0.7013343517456339,0.7497850341796874,-2.70101953125,-2.4910263414414215,-2.851720458984375,0.5567732543945313,0.7050196340620855,2.0260118408203125,2.206176025390625,0.8532419258511079,1.0682532958984374,-2.116205322265625,2.7234894119366944,-2.75630517578125,-0.158944091796875,-1.1885261839249228
2025-09-24T12:07:50.286+02:00,-0.4489888916015625,-1.1516658935546875,-0.5822986410281986,0.8133298950195312,-0.9768408203125,-2.6826192102677933,2.3920361328125,4.1470712890625,-1.6608441948370918,2.43088232421875,4.149970703125,-2.539341676253748,-0.8884988403320313,3.862751220703125,0.7013360162213151,0.7496130981445313,-2.701118896484375,-2.4958442661694837,-2.85174365234375,0.5567507934570313,0.7037267359318793,2.0260089111328123,2.20617041015625,0.8532623656124743,1.0683123779296875,-2.11622216796875,2.7236832900640517,-2.7562734375,-0.15894979858398436,-1.1886889030675265
2025-09-24T12:07:50.306+02:00,-0.4489660949707031,-1.15167041015625,-0.5822969765525173,0.813341552734375,-0.9768465576171875,-2.682752368322297,2.392039794921875,4.14706494140625,-1.6612757600917392,2.430872314453125,4.14999072265625,-2.5388151693062393,-0.8884848022460937,3.862756103515625,0.702030368896526,0.7494495849609375,-2.7014169921875,-2.508418381256293,-2.851777587890625,0.5567474365234375,0.7032654764310776,2.026015625,2.2061767578125,0.8532030436991928,1.068318359375,-2.11622705078125,2.7234827540339688,-2.7563505859375,-0.15890635681152343,-1.1883404284388897
2025-09-24T12:07:50.326+02:00,-0.44897369384765623,-1.1516773681640624,-0.5824003737818396,0.813335693359375,-0.9768370971679687,-2.6827664830760747,2.392029296875,4.14706103515625,-1.6607350052323986,2.4308798828125,4.1499873046875,-2.539561653359789,-0.8884851684570313,3.86271728515625,0.7004716872895299,0.7494934692382812,-2.701359130859375,-2.506614089617764,-2.85168359375,0.556757568359375,0.7052834867470851,2.026005126953125,2.206175537109375,0.853205240807092,1.06822021484375,-2.116334228515625,2.7240721115832036,-2.75631005859375,-0.15894992065429686,-1.1885926297941203
2025-09-24T12:07:50.346+02:00,-0.448963623046875,-1.15169580078125,-0.5822819296923584,0.8133721923828126,-0.9768369140625,-2.6826554292586184,2.3920400390625,4.14705615234375,-1.661134878870074,2.43086962890625,4.14999267578125,-2.538827686163363,-0.888465087890625,3.862706298828125,0.7012593171819209,0.749427001953125,-2.701440673828125,-2.509195491662378,-2.851713623046875,0.5567484741210937,0.7049214299968888,2.02599951171875,2.2061806640625,0.853193323161214,1.0682933349609376,-2.116210693359375,2.723492607730002,-2.756279541015625,-0.15894674682617188,-1.1886717256784955
2025-09-24T12:07:50.366+02:00,-0.4489630432128906,-1.1516947021484376,-0.5823612253138155,0.8133634643554688,-0.9768359985351562,-2.6825345217451284,2.392040771484375,4.147072265625,-1.6609019854327465,2.430857421875,4.1499794921875,-2.539434620575792,-0.88847216796875,3.86271533203125,0.7002843339068429,0.7495194702148438,-2.70138916015625,-2.506895585744986,-2.85172607421875,0.5567789306640625,0.7047830787782592,2.0259964599609375,2.20616796875,0.8532283437295485,1.068298583984375,-2.116207275390625,2.7234217676450063,-2.756354736328125,-0.1589097900390625,-1.1883220526273681
2025-09-24T12:07:50.386+02:00,-0.4489630432128906,-1.1516947021484376,-0.5823612253138155,0.8133634643554688,-0.9768359985351562,-2.6825345217451284,2.392040771484375,4.147072265625,-1.6609019854327465,2.430857421875,4.1499794921875,-2.539434620575792,-0.88847216796875,3.86271533203125,0.7002843339068429,0.7495194702148438,-2.70138916015625,-2.506895585744986,-2.85172607421875,0.5567789306640625,0.7047830787782592,2.0259964599609375,2.20616796875,0.8532283437295485,1.068298583984375,-2.116207275390625,2.7234217676450063,-2.756354736328125,-0.1589097900390625,-1.1883220526273681
2025-09-24T12:07:50.406+02:00,-0.44896173095703124,-1.1516959228515624,-0.5825762089928122,0.8133754272460938,-0.976881591796875,-2.682888455854,2.392033935546875,4.14706494140625,-1.660968963934162,2.43085498046875,4.149990234375,-2.53966604927452,-0.8884613037109375,3.86270361328125,0.7005566421283035,0.7494088745117188,-2.70146533203125,-2.510433861569265,-2.85172607421875,0.5567732543945313,0.7052222340420133,2.0259913330078123,2.206172119140625,0.8532768132613879,1.0682943115234376,-2.116208251953125,2.723495537207201,-2.756344482421875,-0.15897171020507814,-1.188522588657451
2025-09-24T12:07:50.426+02:00,-0.4489808349609375,-1.1516953125,-0.582194644587631,0.813367431640625,-0.9768497314453125,-2.6826413145048407,2.392066162109375,4.14706201171875,-1.6612632432346157,2.43088134765625,4.149984375,-2.5385091720969895,-0.8885244750976562,3.86274072265625,0.7028066137752569,0.7495504150390625,-2.7010830078125,-2.500925577529355,-2.851734619140625,0.5567562255859375,0.7047868072037853,2.0260003662109374,2.206171630859375,0.8532670261443819,1.0682989501953124,-2.116226806640625,2.723551463590093,-2.75634619140625,-0.15897244262695312,-1.1885123354872544
2025-09-24T12:07:50.446+02:00,-0.448985595703125,-1.151669677734375,-0.5822557641346484,0.8133165893554688,-0.976837890625,-2.682685256662827,2.3920439453125,4.14704248046875,-1.6611461973047068,2.4308642578125,4.15000341796875,-2.5385195584252407,-0.8884642333984375,3.8626806640625,0.6995566251389788,0.7496602783203125,-2.7010712890625,-2.4960293558652444,-2.851724609375,0.5567608642578125,0.7044935265887403,2.0260126953125,2.2061787109375,0.8532746827325158,1.068296142578125,-2.11622509765625,2.7235349519913346,-2.756372802734375,-0.15895433044433593,-1.1883918274479282
2025-09-24T12:07:50.466+02:00,-0.4489751281738281,-1.15167822265625,-0.5821826603627257,0.81335595703125,-0.9768756713867187,-2.6829345285408586,2.3920322265625,4.1470615234375,-1.6611640404840105,2.430873779296875,4.1499931640625,-2.538932881026421,-0.88849169921875,3.86262353515625,0.6995854538577788,0.7497158203125,-2.70103466796875,-2.4957009881028376,-2.851717041015625,0.556760498046875,0.7050426704055147,2.025997802734375,2.2061826171875,0.8532031102782199,1.0683077392578124,-2.116218017578125,2.7235863510003733,-2.756225830078125,-0.15893055725097657,-1.188719928894226
2025-09-24T12:07:50.486+02:00,-0.4489737548828125,-1.1516846923828126,-0.5823046331406513,0.8133588256835937,-0.9768493041992188,-2.6825052269731375,2.392042236328125,4.14705810546875,-1.660919295979832,2.430889404296875,4.14997119140625,-2.5381307369060893,-0.8884876098632812,3.862650634765625,0.6993518280511516,0.749752685546875,-2.7010439453125,-2.4955611721456084,-2.851711669921875,0.5567395629882812,0.7048756236261394,2.0259954833984377,2.20617822265625,0.8532175579271336,1.068297607421875,-2.1162109375,2.723516576179813,-2.756283203125,-0.158946533203125,-1.1886208593016752
2025-09-24T12:07:50.506+02:00,-0.4489532165527344,-1.1516798095703125,-0.5822702783625893,0.8133754272460938,-0.9768280029296875,-2.682406690012805,2.392039306640625,4.1470576171875,-1.6612410058395137,2.43087255859375,4.150017578125,-2.538355774018201,-0.8884996948242188,3.862767333984375,0.6994349852561893,0.7494658813476562,-2.701322998046875,-2.5068897267905874,-2.851701416015625,0.5567769165039063,0.7051967342745757,2.0260107421875,2.206177734375,0.8532523121793592,1.0683026123046875,-2.116233642578125,2.723655593188715,-2.756333251953125,-0.15889801025390626,-1.1883657284692455
2025-09-24T12:07:50.526+02:00,-0.44897998046875,-1.1516678466796875,-0.5822626883534826,0.813350830078125,-0.97685693359375,-2.682811490498497,2.39203369140625,4.14706298828125,-1.661064837733405,2.430873046875,4.15000244140625,-2.5382335349241663,-0.8884672241210938,3.8626494140625,0.6996540302558484,0.7494529418945313,-2.701685302734375,-2.5146813371918326,-2.85175390625,0.5567516479492187,0.7048324804164802,2.026001220703125,2.206194091796875,0.8532784111580419,1.06832080078125,-2.11620361328125,2.7234337518699117,-2.7563408203125,-0.15894049072265626,-1.1884671949067775
2025-09-24T12:07:50.546+02:00,-0.448991455078125,-1.1516595458984376,-0.5822121548717983,0.8133399658203125,-0.9768497314453125,-2.6826303955443715,2.3920322265625,4.1470439453125,-1.6610943988215048,2.4308720703125,4.150009765625,-2.5389248915431506,-0.8885037231445313,3.862703125,0.6996339899686456,0.7496109008789062,-2.701127685546875,-2.4976096756560975,-2.851718017578125,0.5567704467773438,0.704899259180814,2.025993896484375,2.20618408203125,0.8532109000244085,1.0682142333984375,-2.11636279296875,2.7241850296134227,-2.75633349609375,-0.15893008422851562,-1.1884078064144687
2025-09-24T12:07:50.566+02:00,-0.44898165893554687,-1.15166455078125,-0.5821317939859052,0.8133294677734375,-0.97683447265625,-2.6827076272159838,2.39205615234375,4.1470556640625,-1.6613274254168866,2.430868896484375,4.1499990234375,-2.5392026592448462,-0.8884671020507813,3.862669921875,0.6999003726566807,0.74965869140625,-2.701151123046875,-2.500788691049325,-2.851802490234375,0.5567611083984375,0.7046883368224797,2.0260084228515627,2.206173583984375,0.8531794747235455,1.068287841796875,-2.116245849609375,2.7236273636811603,-2.75626953125,-0.15891683959960937,-1.1886468251223032
2025-09-24T12:07:50.586+02:00,-0.44897698974609374,-1.15167431640625,-0.5821057615862496,0.813368408203125,-0.9768270874023437,-2.6826399829242957,2.392021728515625,4.1470634765625,-1.661119299377697,2.43086865234375,4.1499736328125,-2.5393818899862084,-0.8884710083007813,3.8626689453125,0.7002068359191216,0.7495772705078125,-2.70124853515625,-2.5057349801419293,-2.8517236328125,0.5567584838867188,0.7050335490787811,2.02601611328125,2.206175537109375,0.8532555745516945,1.068322265625,-2.116213623046875,2.7234374802954378,-2.756348388671875,-0.15891694641113283,-1.1883890311287837
2025-09-24T12:07:50.606+02:00,-0.44897698974609374,-1.15167431640625,-0.5821057615862496,0.813368408203125,-0.9768270874023437,-2.6826399829242957,2.392021728515625,4.1470634765625,-1.661119299377697,2.43086865234375,4.1499736328125,-2.5393818899862084,-0.8884710083007813,3.8626689453125,0.7002068359191216,0.7495772705078125,-2.70124853515625,-2.5057349801419293,-2.8517236328125,0.5567584838867188,0.7050335490787811,2.02601611328125,2.206175537109375,0.8532555745516945,1.068322265625,-2.116213623046875,2.7234374802954378,-2.756348388671875,-0.15891694641113283,-1.1883890311287837
2025-09-24T12:07:50.626+02:00,-0.44897213745117187,-1.151676025390625,-0.5822935810221275,0.8133494873046875,-0.976838623046875,-2.6828983095500334,2.39203369140625,4.14706689453125,-1.6610608429917697,2.430875,4.1499775390625,-2.5390426032633324,-0.8884775390625,3.86269873046875,0.7006163635157485,0.7494716796875,-2.701351806640625,-2.508659397334945,-2.851664794921875,0.556764892578125,0.7056773682723079,2.0260128173828127,2.206189208984375,0.8532090358116454,1.068295654296875,-2.116228271484375,2.72348248771786,-2.756338134765625,-0.15890966796875,-1.1883667937336815
2025-09-24T12:07:50.646+02:00,-0.44898837280273435,-1.1516697998046874,-0.5820486367808675,0.81336669921875,-0.9768449096679688,-2.6827995062735916,2.392051513671875,4.14706494140625,-1.660914235973761,2.43087060546875,4.14998193359375,-2.5391552549774428,-0.8884415283203125,3.862597412109375,0.698590696611607,0.7494639282226563,-2.701425537109375,-2.5082588579069975,-2.851757568359375,0.5567443237304688,0.7030799872611535,2.02600732421875,2.20618505859375,0.8531834694651806,1.0682777099609375,-2.116224609375,2.723619107881781,-2.756294677734375,-0.15893023681640625,-1.188550019216679
2025-09-24T12:07:50.666+02:00,-0.44898837280273435,-1.1516697998046874,-0.5820486367808675,0.81336669921875,-0.9768449096679688,-2.6827995062735916,2.392051513671875,4.14706494140625,-1.660914235973761,2.43087060546875,4.14998193359375,-2.5391552549774428,-0.8884415283203125,3.862597412109375,0.698590696611607,0.7494639282226563,-2.701425537109375,-2.5082588579069975,-2.851757568359375,0.5567443237304688,0.7030799872611535,2.02600732421875,2.20618505859375,0.8531834694651806,1.0682777099609375,-2.116224609375,2.723619107881781,-2.756294677734375,-0.15893023681640625,-1.188550019216679
2025-09-24T12:07:50.686+02:00,-0.44899603271484373,-1.15166796875,-0.5822731412607611,0.8133538208007812,-0.9768587036132812,-2.6828066968085347,2.392046142578125,4.1470625,-1.6609712276210886,2.43087646484375,4.1499921875,-2.539457257445058,-0.8884285888671875,3.86267333984375,0.700363096896082,0.7496989135742187,-2.70104248046875,-2.495712439695525,-2.85172705078125,0.5567601928710938,0.7043073050495166,2.0260089111328123,2.206177490234375,0.8532475184893971,1.0683277587890625,-2.116216796875,2.7236009983863685,-2.756271484375,-0.15892469787597657,-1.188635906161834
2025-09-24T12:07:50.706+02:00,-0.44898239135742185,-1.1516650390625,-0.5823989756222674,0.8133466796875,-0.9768340454101563,-2.682710556693183,2.39203564453125,4.14705859375,-1.6610697645814216,2.43086572265625,4.14999169921875,-2.538491861549904,-0.8884346313476562,3.86272314453125,0.7004439238351658,0.7495784912109374,-2.701156005859375,-2.501963677722268,-2.851729736328125,0.5567443237304688,0.7055192430825844,2.026003662109375,2.206188232421875,0.8532732845729436,1.06829443359375,-2.11621484375,2.723518973024794,-2.7563125,-0.15890281677246093,-1.1884975549432044
2025-09-24T12:07:50.726+02:00,-0.4489648132324219,-1.1516707763671874,-0.5824072980006739,0.8133575439453125,-0.9768416137695313,-2.6826735387540306,2.3920517578125,4.14707177734375,-1.6610966625084314,2.43086376953125,4.14996435546875,-2.5396111881560643,-0.8884488525390625,3.862719482421875,0.7001609629693449,0.7496984252929687,-2.70115087890625,-2.497763340050995,-2.851705322265625,0.556796875,0.705690084866513,2.0259935302734373,2.206183837890625,0.8533095701427958,1.0683092041015625,-2.1162216796875,2.723483020350078,-2.75631103515625,-0.15891651916503907,-1.1884513490982915
2025-09-24T12:07:50.837+02:00,-0.44896038818359374,-1.1516778564453125,-0.5821414479448567,0.8133320922851562,-0.9768289794921875,-2.682718013544235,2.395691162109375,4.1450224609375,-1.5754102533834589,2.43461181640625,4.14459765625,-2.631101424244646,-0.8884804077148437,3.862708740234375,0.700590863748311,0.7496206665039062,-2.701059814453125,-2.4959081820356457,-2.8516884765625,0.5567412109375,0.7047312802950572,2.0259952392578127,2.20618017578125,0.8532553748146128,1.068320068359375,-2.116206298828125,2.723614580507928,-2.756362548828125,-0.15894630432128906,-1.1883412273872167
2025-09-24T12:07:50.846+02:00,-0.4489727783203125,-1.1516678466796875,-0.582151834273108,0.8133342895507812,-0.976847900390625,-2.682981400176044,2.396744873046875,4.14556787109375,-1.5413433630352742,2.435427978515625,4.14351220703125,-2.6489161077245136,-0.88849853515625,3.862700927734375,0.6995222703609167,0.7496292114257812,-2.70103564453125,-2.495541464753542,-2.85177294921875,0.5567664184570312,0.7036949111568529,2.026000732421875,2.206181640625,0.8531718847144388,1.0683016357421875,-2.11622119140625,2.7234702371768456,-2.756355712890625,-0.1589619140625,-1.188481043344446
2025-09-24T12:07:50.866+02:00,-0.4489561767578125,-1.1516790771484375,-0.5824000408867034,0.8133543701171875,-0.9768297729492188,-2.6826434450337127,2.397619873046875,4.14534521484375,-1.5209075964105512,2.436320068359375,4.142416015625,-2.671699450850141,-0.8884510498046875,3.862747314453125,0.7015474712118674,0.749681640625,-2.70096826171875,-2.4953859361458814,-2.85167822265625,0.55676708984375,0.70555932365699,2.0260086669921873,2.206189697265625,0.8532465863830155,1.06830517578125,-2.116241943359375,2.723685420592924,-2.756354736328125,-0.15894508361816406,-1.188417660110502
2025-09-24T12:07:50.886+02:00,-0.4489709167480469,-1.15169384765625,-0.5822750720525515,0.81338330078125,-0.9768492431640625,-2.682548902815015,2.40046875,4.1451171875,-1.4371666264618816,2.438183837890625,4.1398505859375,-2.717442704681669,-0.8884521484375,3.862731689453125,0.7002847999600337,0.7496323852539063,-2.70097705078125,-2.4959593147285752,-2.851771240234375,0.55674951171875,0.7049724961107912,2.026009765625,2.206177490234375,0.8532414597979171,1.068305419921875,-2.116209716796875,2.723505923535453,-2.75631591796875,-0.15892637634277343,-1.1884966228368228
2025-09-24T12:07:50.906+02:00,-0.4489635009765625,-1.1516883544921874,-0.5823335284384786,0.81335595703125,-0.9768550415039062,-2.6830650234342723,2.40089501953125,4.143896484375,-1.45850693575085,2.439234619140625,4.13845263671875,-2.742766437171124,-0.8884775390625,3.862683837890625,0.7006189600978113,0.7496687622070313,-2.700944091796875,-2.4966682482107543,-2.85171435546875,0.5567353515625,0.7060680540042225,2.0259949951171876,2.206185546875,0.8532240160927771,1.06832421875,-2.116191650390625,2.723484618246732,-2.75633740234375,-0.1588953857421875,-1.1883442900224703
2025-09-24T12:07:50.926+02:00,-0.4489701232910156,-1.151692138671875,-0.5823311981725249,0.813380615234375,-0.9768626708984375,-2.682745976735681,2.402931640625,4.1414189453125,-1.4216200241243806,2.4412138671875,4.135146484375,-2.796579335421701,-0.8884486694335938,3.86268505859375,0.7002254114677249,0.7496200561523437,-2.70099169921875,-2.4967047335176886,-2.851700927734375,0.556755859375,0.7052962699203175,2.0259951171875,2.206189697265625,0.8532674921975727,1.0683275146484374,-2.1161962890625,2.7233959349824324,-2.756343994140625,-0.15890371704101564,-1.1883758484813878
2025-09-24T12:07:50.946+02:00,-0.4489830322265625,-1.1516866455078125,-0.5822726086285431,0.8133546752929688,-0.9768426513671875,-2.682279923544917,2.404130615234375,4.141712890625,-1.3844854385165337,2.441985107421875,4.13327783203125,-2.8264775797155846,-0.8884451293945312,3.862700927734375,0.700692596501952,0.7494998779296875,-2.701221923828125,-2.502566084760844,-2.85179296875,0.5567550048828125,0.702709941027687,2.0260032958984375,2.206177490234375,0.8531985163253396,1.068303466796875,-2.116232421875,2.7235312235658085,-2.75634716796875,-0.1589051055908203,-1.1883509479251955
2025-09-24T12:07:50.966+02:00,-0.44899945068359376,-1.1516737060546876,-0.5821532990117075,0.8133470458984375,-0.9768584594726563,-2.6828671505652797,2.407123779296875,4.13977783203125,-1.3169210416612234,2.444107666015625,4.1292861328125,-2.8914230239549106,-0.8884490356445313,3.86263134765625,0.7000891241989401,0.7494385986328125,-2.701380859375,-2.50999230946053,-2.851730712890625,0.5567774658203125,0.704521955833377,2.0260093994140624,2.20617578125,0.8531617647022965,1.068265380859375,-2.116306396484375,2.7239602588174203,-2.756382080078125,-0.1589249267578125,-1.18831353051188
2025-09-24T12:07:50.986+02:00,-0.4489822692871094,-1.151650390625,-0.5824734775537623,0.813314208984375,-0.976816650390625,-2.68271135564151,2.410792724609375,4.13702001953125,-1.2308767036857444,2.44675390625,4.1226142578125,-2.9991915658904933,-0.8884440307617187,3.86268798828125,0.7003875313990834,0.7494978637695312,-2.701325439453125,-2.5026766059460823,-2.85173583984375,0.5567697143554687,0.7046813460246182,2.0260076904296875,2.2061826171875,0.8532862009042305,1.0683115234375,-2.11621337890625,2.72359247627088,-2.756317626953125,-0.1589200439453125,-1.188415795897739
2025-09-24T12:07:51.006+02:00,-0.44896905517578123,-1.151677734375,-0.5823317308047429,0.8133610229492187,-0.9768240356445312,-2.6825494354472332,2.415468017578125,4.1319794921875,-1.0866708582947249,2.4496201171875,4.1133837890625,3.132651889178179,-0.888488037109375,3.862726806640625,0.7009499910213082,0.7494827270507812,-2.701432373046875,-2.5090064072249825,-2.85175927734375,0.5567759399414063,0.704412300175493,2.026013427734375,2.20618994140625,0.8532098347599725,1.0683087158203124,-2.116211669921875,2.723450796100888,-2.756338623046875,-0.15896220397949218,-1.188485837034408
2025-09-24T12:07:51.026+02:00,-0.4489861755371094,-1.1516942138671875,-0.5821656161317492,0.8133617553710938,-0.9768602905273438,-2.682853035811502,2.4198828125,4.12616015625,-0.9348593577255755,2.450838134765625,4.10257861328125,2.9700640404160787,-0.888447509765625,3.86257177734375,0.6980554678115283,0.7494507446289063,-2.701427490234375,-2.508850878617322,-2.851707763671875,0.5567561645507813,0.7064228536404482,2.0260140380859375,2.20618310546875,0.8532903288039201,1.06828955078125,-2.116222900390625,2.723517641444249,-2.75641259765625,-0.15897514343261718,-1.1883758484813878
2025-09-24T12:07:51.046+02:00,-0.4489861755371094,-1.1516942138671875,-0.5821656161317492,0.8133617553710938,-0.9768602905273438,-2.682853035811502,2.4198828125,4.12616015625,-0.9348593577255755,2.450838134765625,4.10257861328125,2.9700640404160787,-0.888447509765625,3.86257177734375,0.6980554678115283,0.7494507446289063,-2.701427490234375,-2.508850878617322,-2.851707763671875,0.5567561645507813,0.7064228536404482,2.0260140380859375,2.20618310546875,0.8532903288039201,1.06828955078125,-2.116222900390625,2.723517641444249,-2.75641259765625,-0.15897514343261718,-1.1883758484813878
2025-09-24T12:07:51.066+02:00,-0.448993896484375,-1.151678466796875,-0.5821203423932179,0.8133237915039062,-0.9768826904296875,-2.682807762072971,2.42382275390625,4.12141015625,-0.8111849530214403,2.4516845703125,4.09420166015625,2.84444832443533,-0.8884719848632813,3.86270849609375,0.7012514608567051,0.749451904296875,-2.701324462890625,-2.5017144058442367,-2.851713134765625,0.5567620849609375,0.7042897947653493,2.0259937744140624,2.206171142578125,0.8533175596260661,1.0683017578125,-2.116227294921875,2.723571969930487,-2.756290771484375,-0.15894400024414063,-1.1886564125022276
2025-09-24T12:07:51.086+02:00,-0.44897177124023435,-1.1516768798828125,-0.5823401863412039,0.813365966796875,-0.97682421875,-2.682482856419981,2.425916259765625,4.115802734375,-0.6884943866030075,2.4501259765625,4.0854228515625,2.71520644831433,-0.8884362182617187,3.8626337890625,0.6996312602285282,0.7497714233398437,-2.701027587890625,-2.4920519247772113,-2.85173095703125,0.5567531127929688,0.7047182308057158,2.0260113525390624,2.206183837890625,0.8532127642371715,1.0682705078125,-2.11621630859375,2.7234329529215846,-2.756392822265625,-0.15891983032226562,-1.1882590688675878
2025-09-24T12:07:51.106+02:00,-0.4489615478515625,-1.151683837890625,-0.582325405797154,0.8133607177734375,-0.9768428955078124,-2.682783260990942,2.428034423828125,4.112029296875,-0.6061273414607099,2.449638671875,4.079674560546875,2.6341307699846115,-0.8884277954101563,3.8626552734375,0.6992018255027529,0.74949853515625,-2.701374267578125,-2.5052758511699995,-2.851687744140625,0.5567728271484375,0.7056487392905895,2.026002685546875,2.206191650390625,0.8532270121490034,1.0682822265625,-2.11625048828125,2.7236739690002367,-2.75627490234375,-0.15893974304199218,-1.1886626709307893
2025-09-24T12:07:51.126+02:00,-0.4489647521972656,-1.1516932373046875,-0.5822542993960488,0.8133670043945312,-0.976809814453125,-2.682177658159058,2.4284375,4.109724609375,-0.5642976694300805,2.44874658203125,4.076585205078125,2.589675953488464,-0.888487548828125,3.86274267578125,0.7005149636572437,0.7496184692382812,-2.701165283203125,-2.498100762561108,-2.85179443359375,0.5567597045898437,0.7034775306328751,2.0260157470703124,2.20618408203125,0.853253310864768,1.0683006591796875,-2.116225341796875,2.723481156137315,-2.756282470703125,-0.15892347717285157,-1.188619794037239
2025-09-24T12:07:51.146+02:00,-0.44897381591796875,-1.15168359375,-0.5823191473685922,0.8133628540039063,-0.9768350830078125,-2.6825100206631,2.42878125,4.10780078125,-0.5227969643731033,2.447642578125,4.073810546875,2.548685376938291,-0.8884521484375,3.862708251953125,0.6990046850030598,0.7496906127929688,-2.70106982421875,-2.4949832661890614,-2.851757080078125,0.5567681884765625,0.7045216895172679,2.0259942626953125,2.206189453125,0.8532235500395864,1.0682706298828124,-2.116277587890625,2.723820176544082,-2.756326171875,-0.15892315673828125,-1.1884585396332348
2025-09-24T12:07:51.166+02:00,-0.44897381591796875,-1.15168359375,-0.5823191473685922,0.8133628540039063,-0.9768350830078125,-2.6825100206631,2.42878125,4.10780078125,-0.5227969643731033,2.447642578125,4.073810546875,2.548685376938291,-0.8884521484375,3.862708251953125,0.6990046850030598,0.7496906127929688,-2.70106982421875,-2.4949832661890614,-2.851757080078125,0.5567681884765625,0.7045216895172679,2.0259942626953125,2.206189453125,0.8532235500395864,1.0682706298828124,-2.116277587890625,2.723820176544082,-2.756326171875,-0.15892315673828125,-1.1884585396332348
2025-09-24T12:07:51.186+02:00,-0.44897381591796875,-1.15168359375,-0.5823191473685922,0.8133628540039063,-0.9768350830078125,-2.6825100206631,2.42878125,4.10780078125,-0.5227969643731033,2.447642578125,4.073810546875,2.548685376938291,-0.8884521484375,3.862708251953125,0.6990046850030598,0.7496906127929688,-2.70106982421875,-2.4949832661890614,-2.851757080078125,0.5567681884765625,0.7045216895172679,2.0259942626953125,2.206189453125,0.8532235500395864,1.0682706298828124,-2.116277587890625,2.723820176544082,-2.756326171875,-0.15892315673828125,-1.1884585396332348
2025-09-24T12:07:51.206+02:00,-0.44897970581054686,-1.151702392578125,-0.5821672140284032,0.8133504638671875,-0.9768540649414063,-2.6829417190758016,2.429390380859375,4.1058603515625,-0.4762945764728482,2.44660107421875,4.071006591796875,2.501436105510323,-0.8884766235351562,3.8627529296875,0.6997385190414311,0.7497109985351562,-2.701048583984375,-2.493887641716603,-2.851692138671875,0.556782470703125,0.7053770968594014,2.0260064697265623,2.206177978515625,0.8533017803966074,1.0683062744140626,-2.116227294921875,2.7235666436083066,-2.756330322265625,-0.15892929077148438,-1.1884092711530683
2025-09-24T12:07:51.226+02:00,-0.4489881896972656,-1.151699951171875,-0.582140449259448,0.8133588256835937,-0.976881103515625,-2.68304425077777,2.430486328125,4.10175341796875,-0.3901197436039551,2.44459375,4.065506591796875,2.4170802116659544,-0.888489501953125,3.862783447265625,0.7012650429782645,0.7494209594726563,-2.70150390625,-2.508713725821183,-2.85170751953125,0.5567671508789063,0.7056920156583033,2.0259949951171876,2.206185546875,0.8532025110669748,1.0683011474609374,-2.1162099609375,2.723480357188988,-2.756331787109375,-0.15891061401367187,-1.1884373675025686
2025-09-24T12:07:51.247+02:00,-0.44898760986328123,-1.15168896484375,-0.5822917833883917,0.8133347778320312,-0.9768726806640625,-2.6827957778480656,2.430930908203125,4.09947607421875,-0.34720167092532406,2.443528076171875,4.062728759765625,2.3753396889528156,-0.8884526977539062,3.86272119140625,0.6998132207100078,0.7494483642578125,-2.70141552734375,-2.5085150540038628,-2.85169970703125,0.55677392578125,0.7057030011977998,2.026002197265625,2.206185791015625,0.8531181554394465,1.0683359375,-2.11623828125,2.7236076562890936,-2.756331298828125,-0.15891421508789064,-1.188481043344446
2025-09-24T12:07:51.266+02:00,-0.44898040771484377,-1.15167724609375,-0.5824519059489327,0.813356201171875,-0.9768363037109375,-2.6827728746626907,2.43189306640625,4.089416748046875,-0.1367523232901601,2.43644970703125,4.0507861328125,2.167754937254682,-0.88847802734375,3.862772705078125,0.7007332097085758,0.7493956909179688,-2.701616943359375,-2.5111656982368187,-2.851748046875,0.556769287109375,0.7047721598177898,2.02600390625,2.206181884765625,0.8532483840167513,1.068321044921875,-2.116217529296875,2.7234942056266562,-2.75630712890625,-0.15893797302246093,-1.1885296460343397
2025-09-24T12:07:51.286+02:00,-0.44898040771484377,-1.15167724609375,-0.5824519059489327,0.813356201171875,-0.9768363037109375,-2.6827728746626907,2.43189306640625,4.089416748046875,-0.1367523232901601,2.43644970703125,4.0507861328125,2.167754937254682,-0.88847802734375,3.862772705078125,0.7007332097085758,0.7493956909179688,-2.701616943359375,-2.5111656982368187,-2.851748046875,0.556769287109375,0.7047721598177898,2.02600390625,2.206181884765625,0.8532483840167513,1.068321044921875,-2.116217529296875,2.7234942056266562,-2.75630712890625,-0.15893797302246093,-1.1885296460343397
2025-09-24T12:07:51.306+02:00,-0.44896875,-1.1516844482421875,-0.5821725403505834,0.8133759765625,-0.9768534545898437,-2.6828032346991177,2.431216796875,4.080983154296875,0.036042036254209486,2.42907666015625,4.04213818359375,2.0046363204873283,-0.8884201049804688,3.862651123046875,0.6995436422286646,0.7494357299804687,-2.7015166015625,-2.5098799240625285,-2.851703369140625,0.5567489013671875,0.7056800980124251,2.0260018310546877,2.206178466796875,0.8532579713966756,1.0683282470703126,-2.116236572265625,2.7236406794866106,-2.756390625,-0.1588934783935547,-1.1882410925302298
2025-09-24T12:07:51.326+02:00,-0.4489856567382812,-1.151686767578125,-0.5824148880097806,0.8133485107421875,-0.9768511352539062,-2.6825342554290197,2.428427001953125,4.072991943359375,0.2127975566368277,2.41948388671875,4.035120849609375,1.8370952584137894,-0.8884971923828126,3.86269287109375,0.700068484700492,0.7496785278320313,-2.701007568359375,-2.496222168728166,-2.851710205078125,0.5567447509765625,0.7049852792840234,2.026009765625,2.20617822265625,0.853273151414889,1.068311767578125,-2.116241943359375,2.7236334889516676,-2.756280029296875,-0.15892510986328126,-1.1886638693532798
2025-09-24T12:07:51.347+02:00,-0.44897042846679686,-1.151660400390625,-0.5824381906693188,0.8133450317382812,-0.9768361206054688,-2.683290326862493,2.424340576171875,4.06362255859375,0.43251234131,2.407347412109375,4.028553955078125,1.630768584014609,-0.888473876953125,3.86273193359375,0.7006486543439657,0.7495645751953125,-2.701160888671875,-2.4998619109899773,-2.851835693359375,0.5567830200195313,0.7031364462762633,2.02600146484375,2.206188720703125,0.853297186443727,1.0683089599609374,-2.1162041015625,2.723548001480676,-2.75628466796875,-0.15891984558105468,-1.1886468251223032
2025-09-24T12:07:51.409+02:00,-0.44897000122070313,-1.1516873779296875,-0.5823078955129867,0.8133866577148438,-0.9768531494140625,-2.6828285347294734,2.42188525390625,4.060051513671875,0.5223349059239745,2.40184619140625,4.02676513671875,1.5440411452195246,-0.8884891357421875,3.862822265625,0.7025519489960181,0.7495571899414063,-2.701188232421875,-2.498670412718276,-2.851735107421875,0.556767822265625,0.7049744934816087,2.0260069580078124,2.20618505859375,0.8531693547114032,1.0683050537109375,-2.116200439453125,2.7235043256387987,-2.756306640625,-0.15892436218261718,-1.188558541332167
2025-09-24T12:07:51.426+02:00,-0.44898394775390627,-1.1516995849609375,-0.5822118219766621,0.8133511962890625,-0.9768726806640625,-2.683015754954106,2.417544921875,4.054801513671875,0.6506199082653095,2.393411376953125,4.02435205078125,1.4216482536319355,-0.8884707641601562,3.86265869140625,0.7010275555880567,0.7494351806640625,-2.701449462890625,-2.507947534375567,-2.851722900390625,0.5567792358398438,0.7049816174375246,2.02600830078125,2.20618505859375,0.8532703550957444,1.068285400390625,-2.116234130859375,2.723591144690335,-2.756321044921875,-0.158918701171875,-1.1885092728520008
2025-09-24T12:07:51.447+02:00,-0.4489893798828125,-1.151669921875,-0.5821461750557916,0.8133397216796875,-0.9768439331054688,-2.6827616893861124,2.41053271484375,4.047848876953125,0.8559810536112816,2.3806943359375,4.0229580078125,1.2245574218931499,-0.8884652099609375,3.862677490234375,0.6998604252403295,0.7494573364257813,-2.70133740234375,-2.5100343874057534,-2.851822998046875,0.5567745971679687,0.7035863207634049,2.02599462890625,2.206193359375,0.8532575719225121,1.068297119140625,-2.1162138671875,2.723518440392576,-2.756416015625,-0.15894839477539063,-1.1883096689282993
2025-09-24T12:07:51.466+02:00,-0.44899896240234377,-1.151657958984375,-0.58238752402958,0.8133290405273438,-0.9768501586914062,-2.682961959100086,2.4088994140625,4.046666748046875,0.9014276978764021,2.377999267578125,4.023029052734375,1.1828299486693523,-0.8885104370117187,3.862708251953125,0.6999922517142885,0.7494188842773437,-2.70142041015625,-2.5093688634493425,-2.85179052734375,0.5567577514648437,0.7034239345159373,2.026015869140625,2.206180419921875,0.8531776105107824,1.0683284912109374,-2.116220703125,2.723489145620585,-2.756408935546875,-0.15896903991699218,-1.1883263136851123
2025-09-24T12:07:51.486+02:00,-0.44897964477539065,-1.151658203125,-0.5824639567528653,0.8133580322265626,-0.9768387451171875,-2.6827750051915626,2.40721142578125,4.045657958984375,0.9388805978135407,2.375436279296875,4.023272216796875,1.1448990778955717,-0.88848876953125,3.862686279296875,0.6994694066132786,0.749433349609375,-2.701412353515625,-2.510900181076138,-2.85173193359375,0.5567539672851562,0.7050855472990649,2.0260087890625,2.2061943359375,0.8532338697888104,1.068305908203125,-2.116218994140625,2.723513913018723,-2.756408447265625,-0.15898593139648437,-1.1884016811439615
2025-09-24T12:07:51.506+02:00,-0.4489769287109375,-1.1516683349609376,-0.5822801986376498,0.8133531494140624,-0.9768378295898438,-2.6830706160725617,2.40387255859375,4.0436484375,1.0302063837048103,2.37016796875,4.0242255859375,1.0558030236269709,-0.8884822998046875,3.862768310546875,0.7013870157561902,0.749702880859375,-2.7010029296875,-2.49731912478117,-2.85173291015625,0.5567750244140625,0.7056745719531633,2.0260008544921875,2.206181884765625,0.8532572390273758,1.0682877197265626,-2.11622900390625,2.7236625174075493,-2.7564306640625,-0.1589722900390625,-1.1882647946639315
2025-09-24T12:07:51.526+02:00,-0.4489769287109375,-1.1516683349609376,-0.5822801986376498,0.8133531494140624,-0.9768378295898438,-2.6830706160725617,2.40387255859375,4.0436484375,1.0302063837048103,2.37016796875,4.0242255859375,1.0558030236269709,-0.8884822998046875,3.862768310546875,0.7013870157561902,0.749702880859375,-2.7010029296875,-2.49731912478117,-2.85173291015625,0.5567750244140625,0.7056745719531633,2.0260008544921875,2.206181884765625,0.8532572390273758,1.0682877197265626,-2.11622900390625,2.7236625174075493,-2.7564306640625,-0.1589722900390625,-1.1882647946639315
2025-09-24T12:07:51.547+02:00,-0.4489924621582031,-1.1516903076171876,-0.5821812622031534,0.8133729248046875,-0.9768468017578125,-2.682886857957346,2.4004501953125,4.042843017578125,1.1099674591414384,2.3652822265625,4.02605615234375,0.9786808079354751,-0.8884667358398437,3.86270947265625,0.7004768804536556,0.7496992797851563,-2.700934814453125,-2.4965590586060613,-2.851726806640625,0.55677001953125,0.7056410827024555,2.02601025390625,2.206177978515625,0.8532322718921563,1.0683017578125,-2.116285400390625,2.7239666504040363,-2.7563896484375,-0.1589781951904297,-1.1884606701621068
2025-09-24T12:07:51.566+02:00,-0.4490003356933594,-1.151690673828125,-0.5812409000222464,0.813361328125,-0.9768781127929688,-2.6828594273981183,2.398090576171875,4.042043212890625,1.1461642125714138,2.36235791015625,4.026705322265625,0.9402979987247081,-0.8884725341796875,3.862721923828125,0.6997144840125932,0.74960107421875,-2.701142822265625,-2.4967105924720867,-2.85174267578125,0.5567711791992187,0.7044413286313748,2.026004638671875,2.20617529296875,0.8531845347296166,1.0683177490234375,-2.116205322265625,2.723443339249836,-2.756407958984375,-0.15901466369628905,-1.1883813079616223
2025-09-24T12:07:51.586+02:00,-0.4496962890625,-1.151653076171875,-0.5734972930996503,0.81334619140625,-0.976853759765625,-2.6828391873738338,2.3928330078125,4.04035986328125,1.2729441294226904,2.355475341796875,4.0295498046875,0.8140764135959666,-0.888485595703125,3.8627607421875,0.7004843373047078,0.749462158203125,-2.701376708984375,-2.5078641774334476,-2.851706298828125,0.556737548828125,0.7058493418996997,2.026001220703125,2.206177978515625,0.8532136297645257,1.068325927734375,-2.1162412109375,2.7236388152738478,-2.7563046875,-0.1589320831298828,-1.188563734496293
2025-09-24T12:07:51.606+02:00,-0.4508243103027344,-1.1513194580078125,-0.5604552606093143,0.8133474731445313,-0.9768485107421875,-2.68267913139232,2.386687255859375,4.0388896484375,1.3965090782060234,2.348299560546875,4.032704833984375,0.6856838861256197,-0.8884700317382812,3.862677734375,0.7000470462537168,0.7494314575195312,-2.701415283203125,-2.5102562287245567,-2.8517548828125,0.556757568359375,0.7038435821247065,2.0260072021484374,2.206186279296875,0.8531457191567288,1.0683160400390626,-2.116221923828125,2.7234997982649456,-2.756359619140625,-0.15893092346191406,-1.188387300074075
2025-09-24T12:07:51.626+02:00,-0.4508243103027344,-1.1513194580078125,-0.5604552606093143,0.8133474731445313,-0.9768485107421875,-2.68267913139232,2.386687255859375,4.0388896484375,1.3965090782060234,2.348299560546875,4.032704833984375,0.6856838861256197,-0.8884700317382812,3.862677734375,0.7000470462537168,0.7494314575195312,-2.701415283203125,-2.5102562287245567,-2.8517548828125,0.556757568359375,0.7038435821247065,2.0260072021484374,2.206186279296875,0.8531457191567288,1.0683160400390626,-2.116221923828125,2.7234997982649456,-2.756359619140625,-0.15893092346191406,-1.188387300074075
2025-09-24T12:07:51.646+02:00,-0.45225588989257814,-1.151047119140625,-0.5503362471524219,0.8133451538085937,-0.9768419189453125,-2.6826940450944243,2.382765625,4.039084228515625,1.482058867167075,2.343985595703125,4.036237060546875,0.5988435958793431,-0.8884916381835938,3.862781982421875,0.7007551807875689,0.74944287109375,-2.70149951171875,-2.5089009460458156,-2.85176904296875,0.5567730102539062,0.7041684877776961,2.0260029296875,2.206183837890625,0.8531770112995372,1.068263427734375,-2.116311279296875,2.7238076596869587,-2.756328125,-0.15896115112304687,-1.188534439724302
2025-09-24T12:07:51.666+02:00,-0.45390789794921876,-1.1505123291015624,-0.538280483082283,0.8133810424804687,-0.9768330078125,-2.682479394310564,2.378529296875,4.039439697265625,1.569902303616957,2.339635498046875,4.040006103515625,0.5061681532371348,-0.8884660034179688,3.862757080078125,0.6998464436446066,0.749441162109375,-2.701476806640625,-2.5087832343256338,-2.8517099609375,0.5567659301757812,0.7051208341835086,2.02600048828125,2.206183349609375,0.8532187563496242,1.068298828125,-2.11631884765625,2.723883293461917,-2.756349609375,-0.15897909545898437,-1.1884798449219554
2025-09-24T12:07:51.686+02:00,-0.4573415832519531,-1.1495732421875,-0.5094628496902128,0.8133834838867188,-0.9768788452148438,-2.682879134790185,2.370508056640625,4.04040869140625,1.7368803734360532,2.332222900390625,4.047411376953125,0.3297009741379774,-0.8884267578125,3.86266455078125,0.6999788693298108,0.74969677734375,-2.70101611328125,-2.495500185756646,-2.851716552734375,0.5567693481445313,0.7050075166791256,2.0260020751953123,2.206176025390625,0.8532444558541434,1.0683162841796876,-2.116208984375,2.7235392130490785,-2.756287109375,-0.15893194580078124,-1.1885470897394799
2025-09-24T12:07:51.706+02:00,-0.4624097900390625,-1.148796875,-0.46581234113278264,0.8133685913085937,-0.9768531494140625,-2.682687387191699,2.36113916015625,4.044548095703125,1.9457132155790526,2.325159423828125,4.059293212890625,0.10896673139952276,-0.8884595947265626,3.8626962890625,0.6996503018303223,0.7494297485351562,-2.701403564453125,-2.508355264338458,-2.851759765625,0.5567701416015625,0.704616031998884,2.0260078125,2.20617724609375,0.853218423454488,1.0683228759765624,-2.1161826171875,2.7235016624777084,-2.756339599609375,-0.15900106811523437,-1.188483706505536
2025-09-24T12:07:51.726+02:00,-0.46622921752929686,-1.147836669921875,-0.4337469495018471,0.8133414306640625,-0.9768300170898437,-2.682923609580389,2.3554755859375,4.04739453125,2.075777875318833,2.321730712890625,4.0666650390625,-0.029295880947794287,-0.8884406127929687,3.862739501953125,0.700614898777149,0.7494360961914063,-2.701392578125,-2.509560877363937,-2.851757080078125,0.5567274169921875,0.7044464552164732,2.0260106201171877,2.206180419921875,0.8533079056671146,1.0683173828125,-2.116221435546875,2.7235871499487,-2.75631689453125,-0.1588980712890625,-1.1884145974752485
2025-09-24T12:07:51.746+02:00,-0.46887823486328123,-1.1478687744140625,-0.41154234457060707,0.8133444213867187,-0.976841064453125,-2.6829981780909113,2.351901123046875,4.050017578125,2.160398753691665,2.3199267578125,4.072113525390625,-0.11670260683257927,-0.8884708862304688,3.862700927734375,0.69992001346972,0.74942529296875,-2.7014169921875,-2.509998701047146,-2.8516953125,0.5567394409179688,0.7050908736212451,2.0260029296875,2.206173583984375,0.8532511137568687,1.06831103515625,-2.116211181640625,2.7236009983863685,-2.7562744140625,-0.15892030334472657,-1.1885955592713193
2025-09-24T12:07:51.767+02:00,-0.47155767822265626,-1.147268798828125,-0.3876458666883533,0.813369384765625,-0.9768402709960937,-2.68268179455341,2.348695556640625,4.053314453125,2.2476866547381564,2.31875341796875,4.0780927734375,-0.20810764673341411,-0.888449951171875,3.8626513671875,0.6988494892905355,0.7494132690429688,-2.701400390625,-2.5095670026344443,-2.851661376953125,0.5567731323242188,0.7057480751992494,2.0260057373046876,2.20617578125,0.8532106337082994,1.0683154296875,-2.11618994140625,2.723515244599268,-2.756267333984375,-0.15894854736328126,-1.1886441619612131
2025-09-24T12:07:51.786+02:00,-0.4752660827636719,-1.146682373046875,-0.36335350991005927,0.81338037109375,-0.9768563842773438,-2.682582192328641,2.34605517578125,4.0564169921875,2.3318478715068407,2.318314208984375,4.083659423828125,-0.29728917182824977,-0.888452880859375,3.8626953125,0.6998529683892772,0.7494089965820312,-2.70141748046875,-2.5079296911962636,-2.851781982421875,0.556768798828125,0.7037415164759292,2.026015625,2.20617041015625,0.853156904433307,1.0683238525390626,-2.116215576171875,2.7234657098029924,-2.756270751953125,-0.15896662902832032,-1.1886449609095402
2025-09-24T12:07:51.806+02:00,-0.47878558349609374,-1.1462281494140625,-0.33731451893083675,0.8133340454101563,-0.9768341064453125,-2.6827326609302307,2.343057373046875,4.0602216796875,2.42133088308183,2.317904296875,4.08981494140625,-0.3883791680945066,-0.8884595336914063,3.8626787109375,0.6998482412783424,0.7494191284179688,-2.7014345703125,-2.509925464117169,-2.851704833984375,0.5567806396484375,0.705050926204894,2.026013671875,2.206174072265625,0.8532064392295826,1.068314697265625,-2.11626318359375,2.7237061932494266,-2.756298583984375,-0.15894837951660157,-1.188555345538859
2025-09-24T12:07:51.826+02:00,-0.48171578979492186,-1.1462669677734374,-0.3109473266367756,0.8133578491210938,-0.9768409423828125,-2.6827326609302307,2.340915283203125,4.063970703125,2.5142072945177985,2.318613037109375,4.095752685546875,-0.48214311125325754,-0.8884722290039062,3.862761474609375,0.7002654254631033,0.7494459228515625,-2.701359619140625,-2.5091733874253306,-2.851698974609375,0.5567559814453125,0.7050030558842998,2.026001220703125,2.206192626953125,0.8531891286824971,1.0683143310546874,-2.116205078125,2.7235658446599795,-2.756291748046875,-0.15893911743164063,-1.188483173873318
2025-09-24T12:07:51.846+02:00,-0.48496337890625,-1.1458358154296875,-0.28386577466981433,0.813333984375,-0.976845458984375,-2.6829651548933944,2.339634033203125,4.06791015625,2.5971245487413066,2.31998095703125,4.10142333984375,-0.5690755135837372,-0.88844775390625,3.8627392578125,0.7008019192646998,0.7495457153320313,-2.7012548828125,-2.5048356306418094,-2.85168798828125,0.5567567138671875,0.7049179678874717,2.0260042724609373,2.206186767578125,0.8532885977492115,1.0682945556640624,-2.11620361328125,2.723620705778435,-2.7563203125,-0.15893510437011718,-1.1884590722654527
2025-09-24T12:07:51.866+02:00,-0.48825518798828127,-1.1458226318359375,-0.2548397322776885,0.8133633422851563,-0.9768943481445312,-2.686224597751542,2.337710693359375,4.07205712890625,2.6872938569292093,2.32118798828125,4.1072333984375,-0.656720944006572,-0.8884988403320313,3.86269970703125,0.7001089647490611,0.7497520751953125,-2.7009794921875,-2.4920063847225706,-2.85171826171875,0.5567764282226563,0.7046102396235131,2.0260079345703126,2.20617431640625,0.8532257471474857,1.06831884765625,-2.1162197265625,2.7236361521127574,-2.75628759765625,-0.15895831298828125,-1.1886076766542792
2025-09-24T12:07:51.886+02:00,-0.4908470458984375,-1.14646923828125,-0.225335519311839,0.8143104248046875,-0.9768038330078125,-2.691993803620981,2.3363681640625,4.07606005859375,2.776412814383185,2.323072998046875,4.11259326171875,-0.7449938817612566,-0.8884796142578125,3.862728759765625,0.7009178999301727,0.749782470703125,-2.700904296875,-2.493223183024628,-2.8516875,0.556769775390625,0.7052390785359081,2.026012939453125,2.20617578125,0.8532320055760473,1.068319091796875,-2.11621435546875,2.7235296256691544,-2.7563134765625,-0.15892079162597655,-1.1884055427275422
2025-09-24T12:07:51.906+02:00,-0.49272698974609375,-1.146919921875,-0.19607320459675273,0.815552734375,-0.9764366455078125,-2.700731368841422,2.335548828125,4.08017578125,2.856388074550482,2.3252568359375,4.11760791015625,-0.826894740554736,-0.8884540405273438,3.8627109375,0.700482805987081,0.7494270629882812,-2.7013984375,-2.509047153589661,-2.8516806640625,0.5567544555664062,0.7051324189342504,2.0260052490234375,2.20617626953125,0.8532021115928112,1.068318359375,-2.1161953125,2.723491276149457,-2.756346435546875,-0.1589261474609375,-1.1883569400376481
2025-09-24T12:07:51.926+02:00,-0.4937648010253906,-1.1477972412109374,-0.16746018520018457,0.8165786743164063,-0.97613037109375,-2.71108041283747,2.3346240234375,4.08438427734375,2.945036185123732,2.327686279296875,4.1226484375,-0.9115549005536464,-0.88846044921875,3.86269091796875,0.700211696188111,0.7495574951171875,-2.701168212890625,-2.501381777024086,-2.851702880859375,0.5567625732421875,0.7047050481583199,2.0260009765625,2.2061767578125,0.8532585040288936,1.0682984619140625,-2.11620947265625,2.723478759292334,-2.756394775390625,-0.1589423370361328,-1.1882541420195711
2025-09-24T12:07:51.946+02:00,-0.49464434814453123,-1.14839599609375,-0.13867180496821313,0.8179859008789062,-0.9754173583984375,-2.7230662356394806,2.33457275390625,4.088184326171875,3.03144590880077,2.33101123046875,4.12684912109375,-0.9933397786816528,-0.8884752807617188,3.862708984375,0.7001442516335047,0.7495304565429688,-2.701121826171875,-2.5012739189999373,-2.851682861328125,0.5567676391601563,0.70503721092528,2.026000244140625,2.20617041015625,0.8532403279544538,1.0682943115234376,-2.116234619140625,2.723647603705445,-2.756364501953125,-0.15896322631835938,-1.1884299106515164
2025-09-24T12:07:51.967+02:00,-0.4970133056640625,-1.1491712646484376,-0.11247814258630587,0.8200309448242188,-0.9748756103515624,-2.7362781778073635,2.335048828125,4.09292431640625,3.1158856922194764,2.3347939453125,4.131787109375,-1.076965433755122,-0.8884598388671875,3.86268017578125,0.6996730052786152,0.7494244995117187,-2.701322998046875,-2.5093369055162613,-2.85178271484375,0.5567549438476562,0.7031668728917174,2.02600732421875,2.2061669921875,0.853286067746176,1.0683240966796874,-2.116216064453125,2.7235437404229317,-2.756317138671875,-0.15890884399414062,-1.1885128681194723
2025-09-24T12:07:51.986+02:00,-0.49882659912109373,-1.149742919921875,-0.08286074527412796,0.821499755859375,-0.9746734619140625,-2.7487034221892372,2.335290771484375,4.097130859375,-3.0783814598523263,2.338481201171875,4.13586572265625,-1.158152032744242,-0.8884583129882813,3.862661376953125,0.6987289812512093,0.7493919677734375,-2.701417236328125,-2.5109824727538212,-2.85171728515625,0.5567763061523437,0.7043778788184036,2.026004638671875,2.2061826171875,0.8532055071232011,1.0683106689453126,-2.11620458984375,2.723451062416997,-2.756321044921875,-0.15891024780273438,-1.1883723863719706
2025-09-24T12:07:52.006+02:00,-0.49961309814453125,-1.15097607421875,-0.051312751747535155,0.824018310546875,-0.9741961059570312,-2.7624727639732742,2.335902587890625,4.10122802734375,-2.9940431428711523,2.3423818359375,4.1395634765625,-1.2396576784319535,-0.8884907836914062,3.862698486328125,0.6994413102637783,0.7495257568359375,-2.70122509765625,-2.5023269328949547,-2.851677978515625,0.5567529296875,0.7048142377630131,2.02599755859375,2.206184326171875,0.8531912592113692,1.068322021484375,-2.116203125,2.7234958035233103,-2.756348388671875,-0.15894825744628907,-1.1883324389556196
2025-09-24T12:07:52.026+02:00,-0.49979769897460935,-1.1518533935546875,-0.017426126196229887,0.826572509765625,-0.9736243286132813,-2.7798629395753824,2.336993408203125,4.1051962890625,-2.9069074414809584,2.346760986328125,4.142826171875,-1.3231263401591626,-0.888479248046875,3.86271875,0.6999258058450909,0.7494381103515625,-2.70149560546875,-2.5085376908731285,-2.851712646484375,0.5567652587890625,0.704565831412336,2.0259998779296877,2.2061748046875,0.8532566398161305,1.068271484375,-2.116292724609375,2.723851868161054,-2.756350830078125,-0.15896923828125,-1.1884265817001538
2025-09-24T12:07:52.046+02:00,-0.5010063171386718,-1.1526671142578124,0.015682474527662846,0.8287391967773438,-0.9732327270507812,-2.7986922874305695,2.338647216796875,4.1089345703125,-2.8207682949706725,2.351734619140625,4.1455107421875,-1.4028391458010327,-0.8884483032226562,3.862636474609375,0.7004808751952907,0.7495939331054687,-2.70121826171875,-2.497694364178762,-2.851703857421875,0.5567741088867187,0.7053151783640571,2.0260032958984375,2.206193115234375,0.8532326047872926,1.06828515625,-2.11623828125,2.7235421425262776,-2.756318359375,-0.1589239044189453,-1.188439897505604
2025-09-24T12:07:52.066+02:00,-0.5025968322753906,-1.1536717529296876,0.048248830686480226,0.8310206298828124,-0.9727210693359375,-2.819101156128283,2.340912841796875,4.11279296875,-2.7338794686135293,2.3571044921875,4.14812548828125,-1.4861381641668037,-0.8884888916015625,3.862764892578125,0.7030815851578076,0.749445068359375,-2.701387939453125,-2.507716105676839,-2.851702392578125,0.5567607421875,0.7045807451144405,2.025993408203125,2.20618603515625,0.8531894615776333,1.06824755859375,-2.116197509765625,2.723349063347247,-2.7563212890625,-0.1589081573486328,-1.1884260490679357
2025-09-24T12:07:52.086+02:00,-0.5032892456054687,-1.1541519775390625,0.08342850625139762,0.8348052978515625,-0.971851318359375,-2.8401340034694016,2.343344482421875,4.11657958984375,-2.6435338591614634,2.3625751953125,4.15042236328125,-1.570668495062573,-0.8884884033203125,3.862712646484375,0.7010995275165162,0.7494182739257812,-2.701474853515625,-2.508831970173582,-2.851689208984375,0.5567413940429687,0.7060314355392339,2.0259947509765626,2.20619677734375,0.8531955868481405,1.0682060546875,-2.116201416015625,2.7234055223623566,-2.756329345703125,-0.1589027557373047,-1.188348151606051
2025-09-24T12:07:52.106+02:00,-0.5033081359863282,-1.1557186279296876,0.11870676038854,0.8378267822265625,-0.971349365234375,-2.8637205559797976,2.3454619140625,4.11985888671875,-2.5525059478381187,2.3676796875,4.151767578125,-1.6566451887463638,-0.8884552612304687,3.86272119140625,0.7005170941861157,0.7496337890625,-2.7011279296875,-2.4956400017138747,-2.851629150390625,0.5567421264648438,0.7068712633889903,2.0260062255859377,2.206193115234375,0.853204974490983,1.068230224609375,-2.116221435546875,2.7233408075478676,-2.756364013671875,-0.1589097137451172,-1.1883372326455817
2025-09-24T12:07:52.126+02:00,-0.5038121948242188,-1.15656982421875,0.15614398096476076,0.840116943359375,-0.9711539306640625,-2.8876381394136903,2.348288818359375,4.12341064453125,-2.4634317314904566,2.37322607421875,4.15318798828125,-1.7429216212108434,-0.888451171875,3.86270166015625,0.7002334675300224,0.74966943359375,-2.701079345703125,-2.494561954104611,-2.85171826171875,0.5567715454101563,0.7049485942400077,2.0260025634765624,2.20618994140625,0.8532820064255136,1.0682642822265624,-2.116226806640625,2.723483020350078,-2.75633837890625,-0.15897813415527343,-1.1885141997000175
2025-09-24T12:07:52.146+02:00,-0.5043276977539063,-1.1580833740234375,0.19413062831862168,0.843781982421875,-0.9708473510742187,-2.9114971333036013,2.35096826171875,4.12640478515625,-2.3772576975698905,2.378408935546875,4.15390869140625,-1.8243159467649896,-0.8884869995117187,3.86272314453125,0.7004200885434096,0.7494598999023437,-2.701320556640625,-2.5067597645293915,-2.85172265625,0.5567710571289063,0.7040869284693125,2.0260006103515624,2.20618798828125,0.853236399791846,1.0682879638671876,-2.116230224609375,2.723615379456255,-2.7563681640625,-0.15897938537597656,-1.1883805090132955
2025-09-24T12:07:52.167+02:00,-0.5044775390625,-1.159475341796875,0.2322800613941137,0.846693115234375,-0.9707982177734376,-2.934812842331136,2.354416748046875,4.12867431640625,-2.289351277360228,2.384184326171875,4.1537685546875,-1.906722007217257,-0.8884635620117187,3.8626875,0.7006352053804608,0.74951416015625,-2.70138525390625,-2.505623926324473,-2.851711181640625,0.5567476196289063,0.704304775046481,2.02599462890625,2.206186279296875,0.8531572373284434,1.0683018798828126,-2.116171142578125,2.7232742285206157,-2.756377197265625,-0.1590047149658203,-1.1883982190345443
2025-09-24T12:07:52.186+02:00,-0.5040359191894531,-1.160299072265625,0.271571607747843,0.8487975463867188,-0.9709176025390625,-2.959287026432855,2.357866455078125,4.13195849609375,-2.202055519988521,2.3897138671875,4.1543310546875,-1.9908944092625194,-0.888467041015625,3.862702880859375,0.7009296844179963,0.7494297485351562,-2.701579833984375,-2.5094128056073286,-2.851742431640625,0.556755126953125,0.7031591497245562,2.025997314453125,2.206185791015625,0.8531779434059187,1.06830322265625,-2.11622998046875,2.7236044604957854,-2.756310302734375,-0.15893080139160157,-1.1884550775238176
2025-09-24T12:07:52.206+02:00,-0.5037098693847656,-1.161646484375,0.31102608962601475,0.8512454833984375,-0.971277587890625,-2.985200116471544,2.360965576171875,4.13424462890625,-2.114205958268131,2.39464794921875,4.15375732421875,-2.0779134641969677,-0.8885380859375,3.8627822265625,0.7024593375691106,0.7494169921875,-2.70146435546875,-2.508245009469329,-2.851739501953125,0.5567704467773438,0.7033540265373227,2.0260128173828127,2.206185791015625,0.8531344673011232,1.0683228759765624,-2.11623046875,2.723582888890956,-2.756318359375,-0.15894432067871095,-1.1884992859979129
2025-09-24T12:07:52.226+02:00,-0.5029852905273438,-1.161794921875,0.3506102840940301,0.8547700805664062,-0.97114892578125,-3.0117310598831315,2.3652236328125,4.1365673828125,-2.0287497794193965,2.40040380859375,4.1531826171875,-2.1632914792677087,-0.8884534912109375,3.8626845703125,0.7009259559924702,0.7495762939453126,-2.701249755859375,-2.5051030120152533,-2.85175732421875,0.5567500610351562,0.7035141490978637,2.02600341796875,2.20617431640625,0.8532629648237195,1.068294189453125,-2.116208984375,2.72344493714649,-2.756362548828125,-0.1589417724609375,-1.1883702558430986
2025-09-24T12:07:52.246+02:00,-0.5017262268066406,-1.1625479736328126,0.38664298680085674,0.8583465576171875,-0.971250244140625,-3.038464936169783,2.368822265625,4.1382841796875,-1.9405701188818916,2.405359375,4.1516767578125,-2.251677135315531,-0.8884830932617187,3.862711669921875,0.7013630473063794,0.74968115234375,-2.70132080078125,-2.5060905121474546,-2.851735107421875,0.5567569580078126,0.7039359938145323,2.0259998779296877,2.206179931640625,0.853272086150453,1.0683419189453125,-2.1162119140625,2.723478759292334,-2.756356689453125,-0.1589812774658203,-1.1884382996089502
2025-09-24T12:07:52.266+02:00,-0.5014841003417969,-1.1635819091796875,0.422775491469534,0.8612178344726562,-0.971284423828125,-3.0667559627458036,2.37311474609375,4.13929931640625,-1.8559646868433823,2.41061962890625,4.149583984375,-2.339899672746586,-0.8884771118164062,3.8627197265625,0.7004260140768351,0.749509033203125,-2.70145654296875,-2.5069104994470903,-2.851727294921875,0.55675146484375,0.7042987829340283,2.0260091552734374,2.20619384765625,0.8531504462676637,1.068327880859375,-2.116198974609375,2.723476628763462,-2.75639208984375,-0.15898367309570313,-1.188316726305188
2025-09-24T12:07:52.286+02:00,-0.5009266662597657,-1.1642611083984375,0.4584709714033293,0.8633263549804687,-0.9718668823242187,-3.0957676407127996,2.377099365234375,4.13996337890625,-1.767236548279376,2.4153876953125,4.14693408203125,-2.430562464684481,-0.8884852294921874,3.862691650390625,0.6998532347053863,0.7496180419921875,-2.701200927734375,-2.4980791909562785,-2.85175634765625,0.5567547607421875,0.7038905869179464,2.0259976806640627,2.20617822265625,0.8532512469149232,1.0682454833984374,-2.116179931640625,2.7233607812560434,-2.756396728515625,-0.158999267578125,-1.1883048752383372
2025-09-24T12:07:52.306+02:00,-0.499256103515625,-1.1645845947265625,0.4922637891858312,0.8645643920898437,-0.9727468872070313,-3.1240581346566025,2.381572509765625,4.1404814453125,-1.6799053708651706,2.420313232421875,4.14415283203125,-2.5192281521209248,-0.8884827270507812,3.86274853515625,0.7010264903236207,0.7496947631835937,-2.701061279296875,-2.4947148195511812,-2.851693603515625,0.5567749633789062,0.7045960582907084,2.0260010986328125,2.20617822265625,0.8531950542159225,1.0682314453125,-2.11621630859375,2.723444138198163,-2.75640185546875,-0.1589744873046875,-1.188314595776316
2025-09-24T12:07:52.327+02:00,-0.4973009643554688,-1.1641802978515625,0.523897915167742,0.865899169921875,-0.9732879638671875,3.1306135056798325,2.38583056640625,4.1408642578125,-1.594617104323165,2.4247265625,4.1411640625,-2.6106193186169557,-0.88842431640625,3.862709716796875,0.7008129713832236,0.7496497802734375,-2.701083740234375,-2.4956610406864863,-2.851752197265625,0.5567888793945313,0.7041778754205387,2.026001708984375,2.2061748046875,0.8532376647933637,1.068238037109375,-2.1162109375,2.7234356160826745,-2.756399169921875,-0.15900831604003907,-1.1883372326455817
2025-09-24T12:07:52.346+02:00,-0.49455636596679686,-1.163587890625,0.5545941756822679,0.8676722412109374,-0.9742505493164062,3.103731025004355,2.389897216796875,4.1407119140625,-1.5089815615750128,2.428728271484375,4.1376806640625,-2.6998016593048755,-0.8884596557617187,3.862677734375,0.698296617048235,0.7496280517578126,-2.7010400390625,-2.495538801592452,-2.851682861328125,0.5567560424804687,0.7047741571886075,2.02600244140625,2.2061748046875,0.8532433240106801,1.0682596435546876,-2.116235595703125,2.723510450909306,-2.756373291015625,-0.15901461791992189,-1.1884106027336132
2025-09-24T12:07:52.366+02:00,-0.4927864990234375,-1.1631881103515624,0.5839683764526511,0.8692369995117187,-0.9746416625976563,3.0771657268147052,2.394316162109375,4.14009814453125,-1.424104886579479,2.432705078125,4.13385205078125,-2.7905480745009985,-0.8884464721679688,3.86270263671875,0.6997130192739937,0.7496487426757813,-2.701029541015625,-2.4962655782539347,-2.851677490234375,0.55676904296875,0.7049872766548411,2.0259952392578127,2.20618017578125,0.8532401947963993,1.068284912109375,-2.116216796875,2.723483020350078,-2.756375,-0.1589895782470703,-1.1883916942898738
2025-09-24T12:07:52.386+02:00,-0.4915608825683594,-1.163126708984375,0.6120905586155608,0.8707947998046875,-0.9755227661132813,3.0502909693063884,2.398310546875,4.138955078125,-1.3341257280934078,2.436000244140625,4.129345703125,-2.8848838982143303,-0.8884906616210938,3.862689208984375,0.6985888989778711,0.7495459594726562,-2.70114404296875,-2.5010337018696123,-2.851662353515625,0.556760986328125,0.7049209639436981,2.0259967041015625,2.206179443359375,0.8532209534575235,1.068304931640625,-2.116236083984375,2.723618308933454,-2.75641650390625,-0.15899748229980468,-1.1882541420195711
2025-09-24T12:07:52.406+02:00,-0.49001092529296875,-1.16292919921875,0.6399691281177555,0.87266943359375,-0.9764379272460938,3.019544241889206,2.402413330078125,4.13749755859375,-1.249817371674497,2.43918212890625,4.12474609375,-2.9761738645889384,-0.8884317626953125,3.862704345703125,0.700164158762653,0.7493760375976563,-2.7015048828125,-2.50948764043396,-2.85169921875,0.5567567749023438,0.7043181574309586,2.0260057373046876,2.2061865234375,0.8533405293904681,1.0682860107421874,-2.116226806640625,2.723582089942629,-2.756309326171875,-0.15893431091308594,-1.1885283144537948
2025-09-24T12:07:52.426+02:00,-0.48807424926757814,-1.1621990966796876,0.6665364902572497,0.8737576293945313,-0.9772988891601563,2.9879402429171265,2.40576123046875,4.1355234375,-1.161362073964169,2.44124853515625,4.119541015625,-3.070915820368507,-0.88844140625,3.862696533203125,0.7003338021240911,0.7494757690429688,-2.7014384765625,-2.509968341010719,-2.85166064453125,0.5567526245117187,0.7050344811851627,2.026004638671875,2.20618212890625,0.8532093021277544,1.0683045654296874,-2.11621630859375,2.723587682580918,-2.756285888671875,-0.1589358825683594,-1.188617929824476
2025-09-24T12:07:52.446+02:00,-0.485733642578125,-1.1610076904296875,0.6901283025107985,0.874576904296875,-0.9781480712890624,2.9554984134661084,2.409917724609375,4.133103515625,-1.0730971256927546,2.44384326171875,4.11401416015625,3.119504129192567,-0.888466796875,3.862730224609375,0.7004648962287502,0.7495534057617188,-2.701222412109375,-2.503149317039571,-2.851752197265625,0.5567463989257813,0.7035525651965882,2.0260098876953125,2.20618896484375,0.8532563069209943,1.0683118896484376,-2.11621142578125,2.723647870021554,-2.75629296875,-0.15895611572265625,-1.1885741208245442
2025-09-24T12:07:52.466+02:00,-0.4832790832519531,-1.1593822021484375,0.713638422297909,0.8758177490234375,-0.9788833618164062,2.922315426283721,2.4137197265625,4.13087158203125,-0.9882284401804909,2.445872802734375,4.10898486328125,3.0298844974536565,-0.8884745483398437,3.862707275390625,0.7000210804330885,0.74959326171875,-2.701178466796875,-2.4982546932721146,-2.851749755859375,0.556757080078125,0.7037608909728595,2.0260242919921874,2.206177490234375,0.8532321387341019,1.06830908203125,-2.1162099609375,2.7236691753102744,-2.756352783203125,-0.1589731903076172,-1.188397020612054
2025-09-24T12:07:52.486+02:00,-0.4812326354980469,-1.1585718994140626,0.737671320607002,0.8765086059570313,-0.9800326538085937,2.8892030128702206,2.416810791015625,4.1281982421875,-0.8982745151457483,2.446867919921875,4.1034580078125,2.9338865949040063,-0.8884808349609375,3.862769775390625,0.7022625299645537,0.7497298583984375,-2.7010380859375,-2.493057534404825,-2.851595947265625,0.5568099365234375,0.7073186744521237,2.02601416015625,2.206189453125,0.853254642445313,1.06829443359375,-2.1161982421875,2.723609520501857,-2.756380126953125,-0.15897444152832033,-1.1883067394511002
2025-09-24T12:07:52.506+02:00,-0.4799378662109375,-1.1576119384765624,0.7614878370775261,0.8777478637695313,-0.9812405395507813,2.854352354213226,2.419247314453125,4.1250732421875,-0.8048014224675476,2.446911376953125,4.097658203125,2.836011430101959,-0.8884826049804687,3.862732666015625,0.7013934739218336,0.7494813842773438,-2.70139794921875,-2.507508379111813,-2.851736083984375,0.5567654418945313,0.7041075013887333,2.0260155029296874,2.206174072265625,0.8532776787887422,1.0683482666015625,-2.116202880859375,2.723684089012379,-2.756365234375,-0.15901309204101563,-1.1884878344052257
2025-09-24T12:07:52.526+02:00,-0.47795565795898437,-1.1570177001953126,0.7838894160608911,0.8782386474609375,-0.9829326782226563,2.8203187533786673,2.42271875,4.12094384765625,-0.7138541383462054,2.4477294921875,4.09117529296875,2.7436071971272615,-0.8884931640625,3.862686279296875,0.6998799328953144,0.7495497436523437,-2.701212158203125,-2.5013439601366065,-2.851719970703125,0.556764892578125,0.7044357359930856,2.026007568359375,2.206180419921875,0.8532499819134054,1.0683441162109375,-2.116193603515625,2.7235983352252786,-2.756322998046875,-0.15890036010742187,-1.1884090048369593
2025-09-24T12:07:52.546+02:00,-0.4756631774902344,-1.1551136474609376,0.8091684740230596,0.8783765258789062,-0.9834848022460938,2.783303743703765,2.42503955078125,4.11722265625,-0.6249377808721576,2.4472802734375,4.085371826171875,2.6539159263550283,-0.8884603271484375,3.86265283203125,0.6995390482757842,0.749655517578125,-2.700969970703125,-2.495166491672059,-2.85173046875,0.5567586669921875,0.7041836012168824,2.0260018310546877,2.206194580078125,0.8531732828740111,1.0683101806640625,-2.116210693359375,2.7236097868179656,-2.756318603515625,-0.15891094970703126,-1.188385169545203
2025-09-24T12:07:52.566+02:00,-0.472687744140625,-1.1532835693359376,0.8363417053105467,0.8785176391601562,-0.9846273193359375,2.746608047043563,2.426180419921875,4.11373779296875,-0.5399023148966277,2.445698974609375,4.08000927734375,2.564920539575632,-0.8884236450195313,3.862580810546875,0.6993934399431841,0.749703369140625,-2.70091845703125,-2.4936849751576475,-2.85171337890625,0.5567677001953125,0.704439530997639,2.026003662109375,2.2061806640625,0.8531896613147151,1.0683179931640625,-2.11622265625,2.7236444079121367,-2.75632373046875,-0.15892974853515626,-1.1884165948460659
2025-09-24T12:07:52.587+02:00,-0.4699704284667969,-1.1509324951171875,0.8648607650549056,0.8788507080078125,-0.9858119506835937,2.7082412167993364,2.427919921875,4.10894287109375,-0.4517429609624349,2.44425927734375,4.07367041015625,2.4769496708675898,-0.8884722900390625,3.862752197265625,0.7027992900822592,0.7494959106445312,-2.701390380859375,-2.5069203531431237,-2.85169384765625,0.55677392578125,0.7051047886379408,2.0260079345703126,2.206188720703125,0.853220287667251,1.0683272705078124,-2.1162109375,2.723615912088473,-2.7563095703125,-0.1589248809814453,-1.1884401638217132
2025-09-24T12:07:52.606+02:00,-0.4678065490722656,-1.1490274658203126,0.892064955590065,0.8785952758789063,-0.9865204467773437,2.6697830401297202,2.42916015625,4.10468701171875,-0.3606396821802413,2.442229736328125,4.0680537109375,2.3887803966583365,-0.8884780883789063,3.8626474609375,0.6979198463330161,0.7496409912109375,-2.701145751953125,-2.497154008793585,-2.851736572265625,0.5567730102539062,0.7043843369840471,2.02600927734375,2.20618798828125,0.8531925242128869,1.06831982421875,-2.116212646484375,2.7235187067086852,-2.756283447265625,-0.15891941833496093,-1.1885237870799417
2025-09-24T12:07:52.626+02:00,-0.46582000732421874,-1.147173095703125,0.9182769188820882,0.877990966796875,-0.9875458984375,2.6307682627922775,2.429716552734375,4.10074609375,-0.27027889270996175,2.439452880859375,4.063087890625,2.2953503140317406,-0.8884580688476562,3.862718505859375,0.7006581085658354,0.7498094482421875,-2.700959228515625,-2.4914947914771663,-2.851692626953125,0.55677734375,0.7051851495238339,2.0260096435546875,2.2061806640625,0.8532104339712177,1.068307861328125,-2.116215576171875,2.723543207790714,-2.75631201171875,-0.15892630004882813,-1.1884199237974287
2025-09-24T12:07:52.646+02:00,-0.4633556213378906,-1.1446082763671874,0.9423976349281266,0.8777115478515625,-0.9884334716796875,2.5904344217669184,2.43068701171875,4.095933837890625,-0.1797285527490958,2.436926025390625,4.057534423828125,2.2083537628085037,-0.8884768676757813,3.8627314453125,0.6992131439373858,0.7497697143554688,-2.70095556640625,-2.4926822950072327,-2.851650634765625,0.5567474365234375,0.7058322976687232,2.0260029296875,2.20618017578125,0.8532019784347566,1.0682833251953125,-2.116305419921875,2.724026571528563,-2.756265869140625,-0.158916259765625,-1.18853763551761
2025-09-24T12:07:52.666+02:00,-0.460971435546875,-1.141819091796875,0.9652559460384402,0.8765379638671875,-0.9892694702148438,2.5509732986307783,2.430478271484375,4.091716064453125,-0.09072219707496011,2.43328466796875,4.0529013671875,2.1217167383324274,-0.8884972534179687,3.86276171875,0.7010127084649795,0.749217041015625,-2.701898193359375,-2.516069110435873,-2.85168701171875,0.5567680053710937,0.7048758233632212,2.0260128173828127,2.206187744140625,0.8531768781414827,1.06828466796875,-2.116312744140625,2.723950138805278,-2.756311279296875,-0.15895596313476562,-1.1885141997000175
2025-09-24T12:07:52.687+02:00,-0.45940673828125,-1.1403692626953126,0.9873854165374264,0.8753140258789063,-0.989456787109375,2.512146274150186,2.4303310546875,4.087557373046875,0.0009942337165552138,2.429521728515625,4.048665771484375,2.036850982297363,-0.8884428100585937,3.862738037109375,0.700306038669727,0.7493031005859375,-2.7017216796875,-2.5131353721790415,-2.851729736328125,0.5567517700195312,0.7042296739037408,2.0260084228515627,2.206177978515625,0.8531491812661459,1.0683377685546875,-2.116262451171875,2.723754662781266,-2.75634033203125,-0.15895262145996095,-1.1884267148582084
2025-09-24T12:07:52.707+02:00,-0.45812326049804686,-1.13910107421875,1.0079871646770886,0.8751050415039062,-0.9900242919921876,2.474470001576617,2.429601806640625,4.083349853515625,0.08729094703698839,2.425453125,4.04469091796875,1.954393256519948,-0.888455322265625,3.86271630859375,0.6999915193449886,0.7493826904296875,-2.70153857421875,-2.511448792260694,-2.85165771484375,0.5567471923828125,0.7054452737833075,2.0260025634765624,2.20618896484375,0.8531827370958809,1.06834619140625,-2.116206298828125,2.7235035266904717,-2.756314453125,-0.1589567108154297,-1.188504612320093
2025-09-24T12:07:52.726+02:00,-0.456131591796875,-1.1368680419921875,1.026275957410017,0.8739388427734375,-0.9904827270507812,2.4402771437088715,2.428703857421875,4.078862060546875,0.17458713717237287,2.42119775390625,4.04073583984375,1.8720424566602998,-0.8884573974609375,3.862769775390625,0.7019712467203263,0.7494512939453125,-2.701392333984375,-2.5099054904089932,-2.85167626953125,0.5567636108398437,0.7053708384308397,2.0260018310546877,2.206189453125,0.8531899942098513,1.0683245849609375,-2.11621337890625,2.7234356160826745,-2.756258544921875,-0.15893795776367187,-1.18860741033817
2025-09-24T12:07:52.746+02:00,-0.4540304260253906,-1.1335516357421875,1.0426980073768544,0.8721907348632812,-0.9899114379882813,2.4075753897354617,2.42729345703125,4.074878662109375,0.26446261546825595,2.416390869140625,4.03752783203125,1.7851292623791821,-0.888485595703125,3.862698974609375,0.6996877192436378,0.7494218139648438,-2.70138916015625,-2.510095107478607,-2.851752197265625,0.5567631225585937,0.7041653585634153,2.026013916015625,2.2061884765625,0.8532015789605932,1.0682813720703126,-2.11620361328125,2.7234260287027503,-2.75627587890625,-0.1589481506347656,-1.1885794471467244
2025-09-24T12:07:52.766+02:00,-0.45162673950195314,-1.1299879150390626,1.058062982128012,0.8705930786132813,-0.9896901245117188,2.377268350214251,2.425468994140625,4.07080126953125,0.35918489714527185,2.411089111328125,4.034679443359375,1.6995744134120596,-0.8884544067382812,3.86270751953125,0.7001232792399203,0.7494951782226562,-2.701357666015625,-2.507586676047861,-2.851730712890625,0.556752685546875,0.7044083054338578,2.026007080078125,2.206194091796875,0.8531747476126106,1.068293701171875,-2.11624755859375,2.723692611127867,-2.756274658203125,-0.1589248046875,-1.1885879692622126
2025-09-24T12:07:52.786+02:00,-0.44974078369140624,-1.126599365234375,1.0740910839905995,0.8694241333007813,-0.9892942504882812,2.348153075280851,2.423606689453125,4.0670107421875,0.4477705565909591,2.4060732421875,4.032303466796875,1.614177489897579,-0.8884490356445313,3.862722412109375,0.7008404685214786,0.7494337768554687,-2.70138623046875,-2.509956090469705,-2.8516982421875,0.5567515258789062,0.7047534511111321,2.025999267578125,2.20618505859375,0.8531828036749082,1.0683082275390625,-2.11621826171875,2.7235570562283824,-2.75631103515625,-0.15894674682617188,-1.188517794967489
2025-09-24T12:07:52.806+02:00,-0.44788323974609373,-1.12402294921875,1.0899075311255528,0.8674774169921875,-0.98840185546875,2.320832504606055,2.420987548828125,4.06309619140625,0.5392823642843709,2.400364501953125,4.03014404296875,1.5263427087212393,-0.8884952392578125,3.86277001953125,0.7023305737304053,0.74947607421875,-2.701405029296875,-2.5083672485633635,-2.851671630859375,0.5567567138671875,0.7051805555709535,2.026005615234375,2.206192138671875,0.8531552399576258,1.0683333740234375,-2.116204833984375,2.723582089942629,-2.756343017578125,-0.15894593811035157,-1.1884524143627275
2025-09-24T12:07:52.826+02:00,-0.44641616821289065,-1.121691650390625,1.1057856304397413,0.8652176513671875,-0.987206298828125,2.295628348049545,2.418484619140625,4.059708740234375,0.6305548536643254,2.3949873046875,4.028716064453125,1.4431181257079362,-0.888467529296875,3.86271240234375,0.7013262291043091,0.7494756469726562,-2.701374755859375,-2.504582896654361,-2.851646484375,0.55678369140625,0.7057996739453697,2.0260068359375,2.206183349609375,0.8531883963131973,1.0682972412109375,-2.11623046875,2.723581290994302,-2.756358154296875,-0.15895681762695313,-1.188401015353689
2025-09-24T12:07:52.846+02:00,-0.44426373291015625,-1.11818212890625,1.1220628710223057,0.8638407592773437,-0.9861598510742188,2.2696388252875708,2.4149228515625,4.05624658203125,0.7225752585469151,2.38862841796875,4.027618408203125,1.3538303238408496,-0.8884786376953125,3.862727783203125,0.7002600325618958,0.7496180419921875,-2.701313232421875,-2.503870767378874,-2.85171337890625,0.5567523803710938,0.7043514469445846,2.0260064697265623,2.2061826171875,0.8532167589788067,1.0683050537109375,-2.11620458984375,2.7234127128973,-2.756292724609375,-0.15892616271972657,-1.1885606718610393
2025-09-24T12:07:52.866+02:00,-0.44217852783203127,-1.1151253662109375,1.1391876626217878,0.8619446411132813,-0.9852880859375,2.2448429313261697,2.41158203125,4.052948974609375,0.8162150651093547,2.3827548828125,4.026890380859375,1.2646555731620368,-0.8884446411132813,3.86273193359375,0.7000383909801741,0.749510986328125,-2.701393310546875,-2.5081249009041664,-2.851683349609375,0.556741455078125,0.7054263653395678,2.026007568359375,2.2061796875,0.8532296753100935,1.0682928466796875,-2.1162177734375,2.723547735164567,-2.756321533203125,-0.15890576171875,-1.1884442917214029
2025-09-24T12:07:52.887+02:00,-0.4408796081542969,-1.113825439453125,1.1559908775196428,0.8601217041015625,-0.9837642211914063,2.2192146663660646,2.408069580078125,4.05012451171875,0.9102745858595908,2.376893310546875,4.0268828125,1.17557856049523,-0.8884244384765625,3.86258544921875,0.6991923712808831,0.7496770629882813,-2.701023193359375,-2.4956583775253964,-2.851756591796875,0.5567454223632813,0.7036753369228408,2.0260128173828127,2.206191650390625,0.8532072381779096,1.06827978515625,-2.116197265625,2.7234942056266562,-2.75631103515625,-0.158914794921875,-1.1884521480466186
2025-09-24T12:07:52.906+02:00,-0.43952059936523435,-1.1114237060546874,1.1713473301553121,0.8583103637695313,-0.9826931762695312,2.194809724452688,2.40403076171875,4.0477939453125,1.0005339754713656,2.370917236328125,4.027369140625,1.0860450154385564,-0.8884733276367187,3.8627119140625,0.6995550272423247,0.74951416015625,-2.701147216796875,-2.5011780452006946,-2.85172021484375,0.5567802124023438,0.7042702205313373,2.026005126953125,2.206186279296875,0.8532533774437953,1.0682828369140625,-2.116173828125,2.723452127681433,-2.756323486328125,-0.1589597930908203,-1.1885739876664896
2025-09-24T12:07:52.926+02:00,-0.437993408203125,-1.1078070068359376,1.1861659574088401,0.8561995239257812,-0.9809185180664063,2.1705999922472135,2.400387939453125,4.045851318359375,1.0888078453324317,2.365603759765625,4.02841845703125,0.9988292860576059,-0.8884637451171875,3.86271875,0.7002459843871457,0.749411865234375,-2.70135400390625,-2.5095923026648,-2.8517919921875,0.5567898559570312,0.703556227043087,2.026001220703125,2.20618359375,0.8532180239803244,1.068320068359375,-2.116184326171875,2.7234614487452484,-2.756330078125,-0.1589119873046875,-1.1883714542655892
2025-09-24T12:07:52.947+02:00,-0.4363506164550781,-1.1033726806640625,1.201155026972133,0.8542456665039062,-0.979064697265625,2.145271998700015,2.396552978515625,4.04403759765625,1.1750982593926342,2.360474609375,4.029665283203125,0.9106712637039581,-0.8885350341796875,3.8627607421875,0.7015761001935858,0.7494105224609375,-2.701450927734375,-2.508446344447739,-2.851780517578125,0.5567576293945312,0.7035006335553315,2.0260137939453124,2.206177490234375,0.8531607660168877,1.0683232421875,-2.11619580078125,2.723418305535589,-2.756329345703125,-0.1589140625,-1.1884365685542415
2025-09-24T12:07:52.966+02:00,-0.4344696044921875,-1.0984283447265626,1.2152585954729747,0.852239013671875,-0.9775599365234375,2.1196386737338386,2.391872802734375,4.0424248046875,1.2655041894433905,2.3546474609375,4.031384033203125,0.8174407850010637,-0.888453125,3.862713134765625,0.7015525312179386,0.7494545288085938,-2.701387939453125,-2.508275902137974,-2.85171630859375,0.5567844848632812,0.7041977159706598,2.026001953125,2.20618212890625,0.8531912592113692,1.0683140869140626,-2.11622119140625,2.723607389972985,-2.756337646484375,-0.15891082763671874,-1.1884068743080871
2025-09-24T12:07:52.986+02:00,-0.43253497314453127,-1.0942294921875,1.228929799770842,0.8502048950195312,-0.975427490234375,2.0939924324363757,2.387881591796875,4.04134912109375,1.356534497611716,2.34978955078125,4.033763671875,0.7252568620275431,-0.888486572265625,3.862679443359375,0.7004847367788714,0.7496105346679688,-2.701188232421875,-2.496506594332587,-2.85183154296875,0.5567710571289063,0.7029177341717404,2.0259970703125,2.206180908203125,0.85322321714445,1.0683489990234376,-2.1162236328125,2.7236942090245213,-2.756349365234375,-0.15890591430664064,-1.188314595776316
2025-09-24T12:07:53.006+02:00,-0.43113510131835936,-1.0913094482421875,1.2430974172959,0.8482496948242187,-0.9732407836914062,2.068969370833991,2.38323486328125,4.040861328125,1.4463026005813984,2.344578369140625,4.036638427734375,0.6342140370020943,-0.8884938354492188,3.8627109375,0.6996005672969651,0.7495540161132812,-2.70121337890625,-2.4991231501035895,-2.851691162109375,0.5567728271484375,0.7054191748046247,2.0259908447265627,2.206178466796875,0.8533501167703923,1.0683157958984375,-2.116244873046875,2.7236302931583594,-2.756319580078125,-0.15890130615234374,-1.188431109074007
2025-09-24T12:07:53.026+02:00,-0.42916314697265623,-1.08719873046875,1.2565173523449182,0.8467068481445312,-0.9715050048828126,2.0449487230659122,2.378759033203125,4.040832275390625,1.5372889665917375,2.339873046875,4.040138427734375,0.5399402316526477,-0.8884873657226563,3.862743408203125,0.701548935950467,0.7494452514648438,-2.70141845703125,-2.507228214565137,-2.8517705078125,0.5567738647460938,0.7038095602417808,2.0259964599609375,2.206178955078125,0.8532989174984356,1.0683018798828126,-2.1162138671875,2.7235093856448698,-2.7562919921875,-0.1588904571533203,-1.1884930275693513
2025-09-24T12:07:53.046+02:00,-0.42781356811523436,-1.082791259765625,1.271414942324767,0.8451513671875,-0.9696782836914063,2.0228048049180125,2.375432861328125,4.0407421875,1.6252087026068505,2.336609130859375,4.0433935546875,0.4486858850576193,-0.8884575805664062,3.8627509765625,0.7003067710390268,0.7495606689453125,-2.701228759765625,-2.5008936195962743,-2.851707275390625,0.5567813110351563,0.7052834867470851,2.0260106201171877,2.206185302734375,0.8531281422935343,1.06834033203125,-2.1162021484375,2.7234598508485943,-2.7562998046875,-0.15893673706054687,-1.1885413639431361
2025-09-24T12:07:53.066+02:00,-0.42648580932617186,-1.0788714599609375,1.2852053230814153,0.8432103271484375,-0.9669190063476563,2.0007816611255476,2.37134619140625,4.041103759765625,1.7114180234118601,2.33294482421875,4.047134521484375,0.3559772860598395,-0.8884328002929688,3.862693359375,0.7000596296898675,0.7494275512695312,-2.70144287109375,-2.508453801298791,-2.85166064453125,0.55676806640625,0.705676369586899,2.0260010986328125,2.206177490234375,0.8532684908829814,1.068320068359375,-2.116204833984375,2.7234734329701538,-2.756342041015625,-0.15893655395507814,-1.1884714559645215
2025-09-24T12:07:53.087+02:00,-0.42526065063476565,-1.0756463623046875,1.2979572041709873,0.8414794311523438,-0.9647830810546875,1.9793719764901827,2.366691650390625,4.04269921875,1.7969935118774307,2.32895263671875,4.0519609375,0.2666668473234873,-0.8884882202148437,3.86281005859375,0.7026350396220286,0.749561279296875,-2.70128173828125,-2.502029457801193,-2.851736572265625,0.5567592163085937,0.7041148250817311,2.02599951171875,2.206179931640625,0.8532149613450708,1.068344482421875,-2.11620458984375,2.7236276299972695,-2.756371826171875,-0.15894674682617188,-1.1883699895269897
2025-09-24T12:07:53.106+02:00,-0.42406411743164063,-1.0714215087890624,1.3094145226546716,0.8401864624023437,-0.9631337280273438,1.9562698529820723,2.362625,4.043718505859375,1.8848091182939215,2.32584423828125,4.0562958984375,0.17274001857456436,-0.888516845703125,3.862791748046875,0.7016918145429497,0.7495316162109374,-2.701268798828125,-2.5006331624416642,-2.851728271484375,0.5567459716796875,0.7040475802642066,2.0260015869140626,2.20618212890625,0.8531955202691133,1.06834423828125,-2.116166259765625,2.723442806617618,-2.756406982421875,-0.15894438171386718,-1.1882518783326446
2025-09-24T12:07:53.126+02:00,-0.42290591430664065,-1.0672103271484374,1.319744391890871,0.8382227172851563,-0.9605289306640625,1.9349801437538152,2.358188720703125,4.04514013671875,1.9730026272690946,2.322690673828125,4.06088330078125,0.07999867101775501,-0.8884917602539063,3.862703369140625,0.7005328068365473,0.7496389770507812,-2.7010849609375,-2.496258121402882,-2.851688232421875,0.556783447265625,0.705321769687755,2.0260074462890625,2.20618115234375,0.8532307405745295,1.06829638671875,-2.11627783203125,2.7240446810239756,-2.75630029296875,-0.15892881774902343,-1.1885079412714556
2025-09-24T12:07:53.146+02:00,-0.42196188354492187,-1.0631317138671874,1.3311560371618605,0.8365716552734375,-0.9569547729492187,1.9156740900635039,2.355169189453125,4.047496826171875,2.057653066730026,2.32108154296875,4.06617041015625,-0.010502601240323508,-0.8884375,3.862734375,0.7001102297505789,0.7495415649414062,-2.701207275390625,-2.5004600569708093,-2.851654052734375,0.5567565307617187,0.7053867508183529,2.025997314453125,2.206192138671875,0.8532242824088861,1.0683330078125,-2.116202880859375,2.7236009983863685,-2.756350830078125,-0.1589199523925781,-1.188395156399291
2025-09-24T12:07:53.166+02:00,-0.42048684692382815,-1.0595478515625,1.342462487569792,0.834580322265625,-0.9537572021484375,1.897124640438884,2.351449462890625,4.0498642578125,2.1433663737820083,2.31911083984375,4.071395263671875,-0.1001601403725783,-0.888428466796875,3.86271337890625,0.700776086602126,0.74941748046875,-2.70145556640625,-2.5084673834203506,-2.851685546875,0.5567543334960937,0.7053129812561577,2.0260006103515624,2.2061806640625,0.8531743481384472,1.0683348388671876,-2.116212890625,2.7234268276510774,-2.756300048828125,-0.15891368103027342,-1.1885273823474132
2025-09-24T12:07:53.186+02:00,-0.4195556640625,-1.055840576171875,1.353177583057671,0.8332431030273437,-0.951144775390625,1.8785871750391694,2.348111328125,4.05323974609375,2.2345133284060794,2.3178544921875,4.07764990234375,-0.19678516742467178,-0.8884238891601562,3.86272705078125,0.7005235523517592,0.7494150390625,-2.701375,-2.5074431316651062,-2.8517236328125,0.5567683715820313,0.7047926661581835,2.026013916015625,2.206177001953125,0.8532745495744614,1.0683355712890625,-2.116228271484375,2.7235645130794346,-2.75631982421875,-0.15892189025878906,-1.1884276469645898
2025-09-24T12:07:53.206+02:00,-0.4184679870605469,-1.0509876708984376,1.363153518184999,0.8316302490234375,-0.9484833984375,1.861415778120611,2.345119140625,4.056309814453125,2.326745787490467,2.31725048828125,4.08341796875,-0.29071732249577487,-0.8884912109375,3.86272265625,0.6996631515825819,0.749442138671875,-2.701445068359375,-2.50838961911652,-2.8517119140625,0.5567393188476563,0.7047673661278278,2.0259990234375,2.2061845703125,0.853273151414889,1.068338134765625,-2.11620556640625,2.7235922099547714,-2.756338134765625,-0.15893756103515624,-1.1884237853810091
2025-09-24T12:07:53.226+02:00,-0.4177076416015625,-1.046361572265625,1.3723137270704355,0.8298997802734375,-0.944982666015625,1.8446675574992661,2.342389404296875,4.0602451171875,2.415651425741127,2.317071533203125,4.089730224609375,-0.38279342073466077,-0.8884616088867188,3.862757568359375,0.7007308794426219,0.7493969116210938,-2.701688720703125,-2.5132376375649006,-2.851664306640625,0.5567700805664062,0.7057614575837271,2.0259970703125,2.206176025390625,0.8533162946245484,1.0683565673828126,-2.116197509765625,2.7235045919549075,-2.756355712890625,-0.15895756530761718,-1.188417926426611
2025-09-24T12:07:53.246+02:00,-0.41724783325195314,-1.0417313232421874,1.3826742226591708,0.8284400634765625,-0.941044677734375,1.8292750190308262,2.3400908203125,4.0640634765625,2.507231942990663,2.317557373046875,4.095734130859375,-0.47714325933322915,-0.88847265625,3.862712158203125,0.6993908433611212,0.7493277587890625,-2.70179833984375,-2.5130978216076714,-2.85167529296875,0.5567703857421875,0.7056601243042495,2.0260048828125,2.2061845703125,0.8533425933403129,1.0683182373046876,-2.116221923828125,2.723683023747943,-2.75638037109375,-0.15896907043457031,-1.188347086341615
2025-09-24T12:07:53.266+02:00,-0.4161091003417969,-1.03715576171875,1.3931315241535305,0.8272498779296875,-0.9379849243164062,1.813692996650827,2.33799609375,4.068125,2.601448989719377,2.318520751953125,4.1017783203125,-0.5725588617105336,-0.8884768676757813,3.8626630859375,0.6996696763272526,0.7493763427734375,-2.7016640625,-2.5105302680007258,-2.851728759765625,0.5567639770507813,0.7043937246268897,2.0260047607421874,2.20618701171875,0.8532553082355855,1.068320556640625,-2.116189697265625,2.7235634478149984,-2.756361083984375,-0.15890975952148437,-1.1883091362960814
2025-09-24T12:07:53.286+02:00,-0.4150670166015625,-1.0327908935546875,1.4047196038467378,0.8261997680664063,-0.9353382568359375,1.7976017778704048,2.335970458984375,4.072406005859375,2.69261698331606,2.31969970703125,4.1076865234375,-0.6627107927723237,-0.8884432983398437,3.862714599609375,0.700432339084424,0.7494417724609375,-2.701552001953125,-2.5097401081052992,-2.851684326171875,0.5567821044921875,0.7051205012883722,2.0260037841796876,2.2061787109375,0.8532455876976067,1.0683336181640626,-2.116191162109375,2.7234326866054754,-2.75629345703125,-0.158910400390625,-1.1884723880709032
2025-09-24T12:07:53.306+02:00,-0.4140303649902344,-1.0287012939453124,1.4148332244024227,0.8251113891601562,-0.9321233520507812,1.7821680935631232,2.334910400390625,4.0769296875,2.7898713652680094,2.32214453125,4.11363427734375,-0.7607922194007974,-0.888435302734375,3.8627021484375,0.6993931736270751,0.7494207153320313,-2.701535400390625,-2.509090563115429,-2.851700439453125,0.5567659912109375,0.7048848115319003,2.0260101318359376,2.206181640625,0.8532471855942608,1.068328857421875,-2.11619482421875,2.7233924728730154,-2.756281005859375,-0.15891610717773438,-1.1885573429096767
2025-09-24T12:07:53.326+02:00,-0.41285540771484375,-1.024323486328125,1.4248112900586225,0.82369775390625,-0.927978271484375,1.7678546679683833,2.33411474609375,4.081848388671875,2.8818646724865076,2.32479443359375,4.11955126953125,-0.8510211158180908,-0.88843603515625,3.862737548828125,0.6997203429669914,0.7494240112304688,-2.7015654296875,-2.5103893867790608,-2.851711669921875,0.5567742919921875,0.704782745883123,2.0260089111328123,2.206185791015625,0.8532523121793592,1.0683275146484374,-2.116237548828125,2.723623368939525,-2.756298095703125,-0.15890834045410157,-1.1884617354265428
2025-09-24T12:07:53.346+02:00,-0.4123302307128906,-1.0192286376953126,1.4334994536408425,0.82238720703125,-0.9237418823242187,1.753726864701622,2.333342529296875,4.08670849609375,2.981606979528809,2.327843505859375,4.12518115234375,-0.9460851809315047,-0.888453857421875,3.8627216796875,0.6997369877238043,0.749563232421875,-2.70121630859375,-2.5002544609346553,-2.851708740234375,0.5567962646484375,0.705036411976953,2.0260057373046876,2.206185546875,0.853236666107955,1.0682850341796875,-2.11623193359375,2.723419104483916,-2.75634033203125,-0.15893092346191406,-1.1883620000437194
2025-09-24T12:07:53.366+02:00,-0.4119542541503906,-1.0142119140625,1.440807433988129,0.8213302001953126,-0.9211976318359375,1.7388926579557171,2.33324951171875,4.090964599609375,3.0757875409505893,2.331405029296875,4.12979736328125,-1.0369033683190054,-0.888499755859375,3.862724853515625,0.7014400126618827,0.7495401611328125,-2.70121630859375,-2.5007069320038595,-2.85173779296875,0.5567732543945313,0.7039390564497858,2.026002685546875,2.206192626953125,0.8531565049591436,1.06832861328125,-2.11619384765625,2.723378624435347,-2.756370361328125,-0.1589530487060547,-1.1883553421409943
2025-09-24T12:07:53.387+02:00,-0.4115221252441406,-1.009331787109375,1.4483809314960963,0.8201492919921874,-0.9175563354492188,1.72385498570253,2.334092041015625,4.095759765625,-3.1177538997241667,2.33575244140625,4.13459912109375,-1.1228607540848934,-0.888472900390625,3.862696044921875,0.7005246841952225,0.7495597534179688,-2.701186279296875,-2.502163947436242,-2.851737548828125,0.5567854614257812,0.7042911263458943,2.0260107421875,2.20618359375,0.8532106337082994,1.0683311767578125,-2.11621826171875,2.7235437404229317,-2.75627978515625,-0.15894911193847655,-1.1885580086999492
2025-09-24T12:07:53.406+02:00,-0.4108998107910156,-1.0046484375,1.4566826704041458,0.8189356079101563,-0.9131295776367188,1.709704012934285,2.335254150390625,4.10069775390625,-3.0209799520328677,2.340683837890625,4.13918017578125,-1.2139034459522877,-0.88848193359375,3.86273779296875,0.699903368712907,0.74962841796875,-2.701131591796875,-2.4965633196638053,-2.8517333984375,0.5567747192382813,0.704918567098717,2.026002197265625,2.20618505859375,0.8532600353465204,1.0683380126953126,-2.116226806640625,2.723516309863704,-2.756320068359375,-0.15889930725097656,-1.1884092711530683
2025-09-24T12:07:53.426+02:00,-0.4102547302246094,-1.0000226440429687,1.4651314158043678,0.8181375732421875,-0.9089456176757813,1.6968662448995582,2.336133056640625,4.10506640625,-2.922982548136786,2.345345703125,4.142845703125,-1.3028161415798367,-0.8884679565429687,3.862796630859375,0.702037226536333,0.7496123657226562,-2.70107666015625,-2.4956607743703776,-2.851733642578125,0.5567706909179687,0.7047295492403486,2.026000244140625,2.206180419921875,0.8532222850380685,1.0682376708984376,-2.116361572265625,2.7241924864644753,-2.75635009765625,-0.1589169158935547,-1.1883237836820768
2025-09-24T12:07:53.446+02:00,-0.4099463195800781,-0.9954650268554688,1.4730031873544238,0.8170911865234375,-0.9054178466796875,1.6841416612111595,2.338443359375,4.1091220703125,-2.8305386340618464,2.351060302734375,4.14590869140625,-1.3953276999464643,-0.888430419921875,3.8627275390625,0.7004531783199539,0.7495194702148438,-2.701283447265625,-2.50165448471971,-2.8517705078125,0.55679296875,0.7041914575420981,2.0260040283203127,2.206179931640625,0.8532259468845674,1.0683409423828125,-2.116202392578125,2.723481422453424,-2.756307373046875,-0.15895025634765625,-1.1885352386726291
2025-09-24T12:07:53.466+02:00,-0.4094996948242188,-0.9908624267578126,1.4802901287290988,0.8165056762695313,-0.9012265014648437,1.6714333228054103,2.3407294921875,4.11307373046875,-2.731653332258332,2.356954345703125,4.14842919921875,-1.4866561489988241,-0.8884612426757813,3.862753662109375,0.7013621817790252,0.7496570434570312,-2.701075439453125,-2.4961137780718,-2.851669189453125,0.556767333984375,0.7068486265197247,2.0259908447265627,2.206181640625,0.8531944550046772,1.0683055419921874,-2.116188232421875,2.7234768950795707,-2.756296142578125,-0.15894464111328124,-1.1885120691711453
2025-09-24T12:07:53.486+02:00,-0.4091795654296875,-0.9849986572265625,1.4877131576354765,0.8156978759765625,-0.8968578491210938,1.659671871325239,2.343424560546875,4.11721484375,-2.644226813677102,2.362658203125,4.1509677734375,-1.5708302820987952,-0.8884434204101562,3.862688232421875,0.700294919972176,0.749657470703125,-2.7010205078125,-2.4958229608807634,-2.85173876953125,0.5567499389648437,0.7041223485118105,2.02600390625,2.206191650390625,0.8532032434362745,1.06833935546875,-2.116177001953125,2.7234180392194802,-2.75635595703125,-0.15893768310546874,-1.1884070074661417
2025-09-24T12:07:53.506+02:00,-0.40886767578125,-0.97941357421875,1.4941858375068597,0.8149421997070313,-0.8928599243164063,1.647890446136892,2.3460048828125,4.1204306640625,-2.550400718996411,2.368297607421875,4.15232666015625,-1.658869194572689,-0.8884451293945312,3.862652099609375,0.6998332609972107,0.7496267700195313,-2.7010126953125,-2.495708178637781,-2.85171484375,0.5567745361328125,0.7043283440221282,2.026004638671875,2.20619091796875,0.8531688220791852,1.0683067626953124,-2.116195068359375,2.7234739656023716,-2.75632958984375,-0.1589855499267578,-1.188558541332167
2025-09-24T12:07:53.527+02:00,-0.40857916259765625,-0.9757017822265625,1.5005807530744124,0.81441064453125,-0.8894570922851562,1.635594365067887,2.348736083984375,4.12422998046875,-2.4519982482985285,2.374060546875,4.153771484375,-1.7506696889282654,-0.8885187377929687,3.862736572265625,0.7023621987683499,0.7495872802734375,-2.70109912109375,-2.4973119342462264,-2.851692138671875,0.5567796630859375,0.7056167147784813,2.0259993896484376,2.206184326171875,0.8532030436991928,1.0683206787109376,-2.116200927734375,2.723462514009684,-2.75635107421875,-0.15899429321289063,-1.188534173408193
2025-09-24T12:07:53.547+02:00,-0.40829119873046876,-0.9708244018554687,1.506046358579582,0.8137426147460938,-0.885625244140625,1.6234552773451423,2.351914306640625,4.12775634765625,-2.367119043299959,2.379667724609375,4.15499755859375,-1.8331460568333109,-0.8884772338867187,3.86271435546875,0.7015406801510877,0.7496537475585937,-2.701028564453125,-2.496789954672571,-2.851694091796875,0.5567831420898437,0.7052512624978952,2.025990234375,2.206185546875,0.853261233769011,1.0682955322265626,-2.11620751953125,2.7234997982649456,-2.756431396484375,-0.1589723358154297,-1.1882560062323342
2025-09-24T12:07:53.566+02:00,-0.40809295654296873,-0.9644130249023437,1.511442855054464,0.8130869140625,-0.880737548828125,1.612486782079542,2.35489990234375,4.12986572265625,-2.277318050290814,2.3849541015625,4.15453125,-1.9205400848492422,-0.8884454345703126,3.8626103515625,0.6996973066235621,0.7498932495117188,-2.700827392578125,-2.4994653663036646,-2.851827880859375,0.5567767944335937,0.7029526215820205,2.0260084228515627,2.206174072265625,0.8532345355790829,1.068319580078125,-2.11622607421875,2.723513913018723,-2.756324951171875,-0.15893055725097657,-1.1885040796878752
2025-09-24T12:07:53.586+02:00,-0.40783837890625,-0.9592090454101563,1.5177044794094585,0.8129276733398437,-0.8764032592773437,1.6010350562341469,2.358492431640625,4.13250341796875,-2.1820001859255154,2.390706298828125,4.15426708984375,-2.012948845197793,-0.888479736328125,3.86266015625,0.6995483027605722,0.7498209228515625,-2.70092626953125,-2.4922687060899436,-2.85177734375,0.556791748046875,0.7035407807087645,2.02599853515625,2.2061953125,0.8531503796886364,1.0682850341796875,-2.11621630859375,2.723518174076467,-2.756304443359375,-0.1589132080078125,-1.1884947586240597
2025-09-24T12:07:53.606+02:00,-0.40773049926757815,-0.9549683227539062,1.5236856729016675,0.8122894287109375,-0.872447509765625,1.5899041081420515,2.3623427734375,4.13510791015625,-2.0906648126543215,2.3964501953125,4.15389892578125,-2.100087875539349,-0.888480712890625,3.86265478515625,0.6998651523512643,0.7498834838867188,-2.700950439453125,-2.49152328730083,-2.8516982421875,0.556771240234375,0.7047194958072336,2.0259970703125,2.20620458984375,0.8532220187219596,1.0683018798828126,-2.116233154296875,2.72353894673297,-2.756384521484375,-0.15894862365722656,-1.188334170010328
2025-09-24T12:07:53.626+02:00,-0.40792657470703125,-0.95013037109375,1.529618396862037,0.811898193359375,-0.8679926147460938,1.578165027215037,2.36639599609375,4.1368759765625,-1.9999755222635807,2.40207470703125,4.1524384765625,-2.192545238577793,-0.8884771118164062,3.86267431640625,0.6996522992011398,0.7497984008789063,-2.70101953125,-2.4918689656103226,-2.851673828125,0.5567620239257812,0.7067045495047514,2.025997314453125,2.206182373046875,0.8532115658146809,1.06829296875,-2.11623828125,2.7236422773832647,-2.756296142578125,-0.15893641662597657,-1.1885654655510014
2025-09-24T12:07:53.646+02:00,-0.4077994384765625,-0.9442736206054687,1.5348072999299474,0.8114647827148438,-0.8634796752929688,1.5678435469362713,2.370839111328125,4.1384296875,-1.9067736725424045,2.40778076171875,4.150677734375,-2.286518472908711,-0.8884493408203125,3.862761474609375,0.702136029812775,0.7498084716796874,-2.700982421875,-2.490961360310824,-2.851744384765625,0.55676953125,0.7049594466214497,2.025991943359375,2.206180419921875,0.85323533452741,1.068331787109375,-2.116212158203125,2.723519239340903,-2.756325439453125,-0.1588994140625,-1.1884580070010167
2025-09-24T12:07:53.666+02:00,-0.40765292358398436,-0.9382767944335938,1.5397768916820898,0.811307861328125,-0.8594662475585938,1.556228302999945,2.3754541015625,4.13952294921875,-1.8184282302270425,2.4133359375,4.14838720703125,-2.3792297683570944,-0.8884345092773438,3.862684814453125,0.7001584995453366,0.7497154541015625,-2.70102099609375,-2.4942895127250955,-2.85175048828125,0.5567688598632813,0.7045208239899137,2.0259976806640627,2.20617822265625,0.8531652268117136,1.06829638671875,-2.116229736328125,2.7234968687877465,-2.756338623046875,-0.15889346313476563,-1.1883813079616223
2025-09-24T12:07:53.686+02:00,-0.4073045654296875,-0.9346068725585938,1.5457631451803697,0.8108272094726563,-0.8553534545898438,1.5461390503682344,2.379658935546875,4.139814453125,-1.7295670667665866,2.41814453125,4.145322265625,-2.469825981267737,-0.8884371337890625,3.86273583984375,0.7009681670957479,0.7496349487304688,-2.70101513671875,-2.4962123150321327,-2.85176708984375,0.5567800903320312,0.7040436521015987,2.02600146484375,2.20617529296875,0.853161365228133,1.0682960205078125,-2.11624267578125,2.7236646479364213,-2.75632666015625,-0.15892282104492186,-1.1885124686453088
2025-09-24T12:07:53.706+02:00,-0.40734893798828126,-0.9292636108398438,1.5519641826205648,0.81065380859375,-0.8501566772460938,1.536229294793995,2.38406591796875,4.14010400390625,-1.6353585421533605,2.42293798828125,4.1420908203125,-2.565944791330877,-0.8884387817382813,3.862737060546875,0.7013089185572235,0.7493948364257812,-2.7014375,-2.510336123557259,-2.851760009765625,0.5567540283203125,0.7039975128357131,2.025997802734375,2.2061845703125,0.853228476887603,1.0682755126953125,-2.11630859375,2.72395226933415,-2.756284912109375,-0.15892884826660156,-1.1885572097516222
2025-09-24T12:07:53.726+02:00,-0.4070924987792969,-0.9231343383789062,1.556710468315304,0.8105701293945312,-0.8450097045898437,1.527301180397559,2.3884296875,4.140853515625,-1.5480112526145602,2.4273232421875,4.13932666015625,-2.6598710208685543,-0.8884410400390625,3.862655029296875,0.7000325320257759,0.7494469604492188,-2.70147802734375,-2.509729721777048,-2.85173193359375,0.556783447265625,0.7049027878692583,2.026005615234375,2.206187255859375,0.8532843366914674,1.068286865234375,-2.116237060546875,2.72360872155353,-2.75628955078125,-0.1589166259765625,-1.1885789145145063
2025-09-24T12:07:53.746+02:00,-0.40751654052734376,-0.9172758178710938,1.5610419666702633,0.8102928466796875,-0.8406568603515625,1.518181851034855,2.392616455078125,4.14030419921875,-1.4620425484140394,2.4312373046875,4.13549658203125,-2.7510371502524738,-0.8884239501953125,3.862677978515625,0.700557041602467,0.7495831909179688,-2.701172607421875,-2.499037662632598,-2.85172900390625,0.5567474975585938,0.7045128345066435,2.02601611328125,2.20618701171875,0.853208902653591,1.0682816162109374,-2.116216796875,2.72357649730434,-2.7563505859375,-0.15890557861328125,-1.1884115348399948
2025-09-24T12:07:53.766+02:00,-0.4077492370605469,-0.911920654296875,1.5654905109551318,0.810251708984375,-0.8364237060546875,1.5083269565790713,2.397064697265625,4.1396015625,-1.3724294414197995,2.435111572265625,4.1314326171875,-2.844139397748881,-0.8884020385742187,3.8627216796875,0.7011310193964063,0.749451904296875,-2.701426025390625,-2.5087222479366713,-2.85171142578125,0.5567354125976562,0.7043155608488958,2.0259981689453124,2.206181640625,0.8532003139590754,1.068333251953125,-2.11620849609375,2.7234936729944383,-2.756337646484375,-0.15892405700683593,-1.1884674612228865
2025-09-24T12:07:53.786+02:00,-0.40805209350585936,-0.9068439331054687,1.5700956491120968,0.8100952758789063,-0.8316122436523438,1.498535045883068,2.40150244140625,4.13884033203125,-1.2848829474314611,2.43865625,4.12730712890625,-2.9387809523553536,-0.8884729614257812,3.862658447265625,0.6997413153605757,0.7496116943359376,-2.7012080078125,-2.498354295496884,-2.8516826171875,0.5567756958007812,0.7056339587465396,2.02600146484375,2.2061806640625,0.8532954553890185,1.068301025390625,-2.116230224609375,2.7235408109457326,-2.756316162109375,-0.15894142150878907,-1.1885308444568303
2025-09-24T12:07:53.806+02:00,-0.40852813720703124,-0.9021434326171875,1.5738254062187527,0.8102557983398437,-0.8271914672851562,1.4890990666667538,2.405447021484375,4.1373603515625,-1.1978026397919412,2.44145361328125,4.12263037109375,-3.0318312682105044,-0.8884922485351563,3.862674560546875,0.7003342015982545,0.7497586669921875,-2.700998291015625,-2.4931086670977547,-2.85172802734375,0.55676220703125,0.7052259624675394,2.02600439453125,2.20619384765625,0.8531953205320315,1.06831201171875,-2.1162080078125,2.7234409424048547,-2.75634033203125,-0.15896432495117188,-1.1885075417972921
2025-09-24T12:07:53.826+02:00,-0.40854180908203125,-0.8966251220703125,1.577513751170458,0.8103380737304687,-0.8226790771484375,1.480419158883913,2.40959521484375,4.13578173828125,-1.1147773278072033,2.444263916015625,4.1181640625,-3.1190133086036655,-0.8884270629882812,3.86260205078125,0.6997296640308066,0.7497463989257812,-2.70103466796875,-2.493825323747095,-2.851724365234375,0.556756103515625,0.7046146338393117,2.02600390625,2.2061875,0.8532234834605591,1.068300537109375,-2.1162080078125,2.723485417195059,-2.75638037109375,-0.1589852752685547,-1.1884635996393058
2025-09-24T12:07:53.846+02:00,-0.40872216796875,-0.8909784545898437,1.5813549615687337,0.8105970458984375,-0.817601806640625,1.4723155591609653,2.412499267578125,4.133736328125,-1.0453373997542046,2.445862548828125,4.11368310546875,3.08660024129242,-0.8884196166992188,3.8625966796875,0.6988216592571441,0.7494492797851563,-2.70139697265625,-2.507645265591843,-2.851780517578125,0.5567500610351562,0.7037975760168754,2.0260028076171874,2.206181884765625,0.8532672258814636,1.06832177734375,-2.116194091796875,2.723391940240797,-2.756417236328125,-0.1589769287109375,-1.1883042094480647
2025-09-24T12:07:53.866+02:00,-0.40880532836914063,-0.8862118530273437,1.5860161592666449,0.8107657470703125,-0.81338623046875,1.4645993162185698,2.41545458984375,4.13293505859375,-0.993867750367761,2.4477470703125,4.11119482421875,3.0333727058494424,-0.8884588012695313,3.86268408203125,0.6997995054303939,0.749460693359375,-2.70148974609375,-2.5089992166900394,-2.85171044921875,0.5567691040039062,0.7052080527092086,2.026,2.20618017578125,0.8532160266095069,1.06828125,-2.1162080078125,2.7235583878089273,-2.756417724609375,-0.15898451232910157,-1.188302478393356
2025-09-24T12:07:53.886+02:00,-0.40883233642578126,-0.8814452514648438,1.5905379404814906,0.8110838623046875,-0.8092064819335938,1.456702777270376,2.418094970703125,4.132076171875,-0.9540002288492748,2.449485107421875,4.10908642578125,2.992046837318029,-0.8884446411132813,3.862714111328125,0.6998349920519192,0.7495051879882813,-2.701436279296875,-2.507098784936159,-2.851724365234375,0.5567626953125,0.7049483279238986,2.02599072265625,2.206175048828125,0.8531655597068498,1.06833203125,-2.1162275390625,2.7235999331219323,-2.756401611328125,-0.1590157928466797,-1.18839808587649
2025-09-24T12:07:53.906+02:00,-0.40947747802734374,-0.8753977661132812,1.593776610683136,0.8112886962890625,-0.803755126953125,1.449309842084316,2.4196787109375,4.1317529296875,-0.924799466444883,2.450387451171875,4.107873046875,2.9611861266061905,-0.8884613037109375,3.86268701171875,0.7006535811919824,0.7496904296875,-2.701109375,-2.4973835732795497,-2.851747802734375,0.5567815551757812,0.7049218294710523,2.0260023193359373,2.206171142578125,0.8533186248905021,1.068301513671875,-2.116211669921875,2.7234907435172393,-2.756396728515625,-0.15901724243164062,-1.1884442917214029
2025-09-24T12:07:53.926+02:00,-0.40976409912109374,-0.86953564453125,1.5968853186235854,0.811833251953125,-0.7982703857421874,1.44168228240622,2.42189453125,4.13176611328125,-0.9047113755004698,2.45212646484375,4.10725537109375,2.9418835350252963,-0.8884572143554688,3.86272265625,0.7004017793109154,0.7495501098632813,-2.70137255859375,-2.500422506399439,-2.851750732421875,0.5567867431640625,0.704769030603509,2.0260050048828124,2.206176513671875,0.8532166923997794,1.068286865234375,-2.1162177734375,2.7236049931280037,-2.756399658203125,-0.1589989471435547,-1.1884067411500328
2025-09-24T12:07:53.946+02:00,-0.4101849975585937,-0.8642596435546875,1.6007128137422473,0.8120396728515625,-0.794245361328125,1.434266843508949,2.42255224609375,4.13136962890625,-0.8906825086682049,2.452465576171875,4.10643359375,2.9265330745020792,-0.888467529296875,3.8627431640625,0.7023319718899775,0.749654541015625,-2.701245361328125,-2.4953529129483645,-2.85170947265625,0.5567679443359375,0.7054876180446397,2.02599560546875,2.206174072265625,0.8532334037356196,1.068317138671875,-2.116203857421875,2.7235408109457326,-2.756429931640625,-0.1589791259765625,-1.1883168594632425
2025-09-24T12:07:53.966+02:00,-0.41083334350585937,-0.8588489990234375,1.6041139367703874,0.812138916015625,-0.7901033325195312,1.4262532586308458,2.42355224609375,4.131615234375,-0.886168850094684,2.45331640625,4.10658935546875,2.92309147142537,-0.8884171142578124,3.862610107421875,0.6990301181914701,0.7492596435546875,-2.701715087890625,-2.51177742633921,-2.85169091796875,0.5567589111328125,0.7055951431736517,2.026012451171875,2.206179931640625,0.8532488500699421,1.068312744140625,-2.116238037109375,2.723716845893787,-2.756419189453125,-0.1589986114501953,-1.1883376321197452
2025-09-24T12:07:53.986+02:00,-0.4110661315917969,-0.8526198120117188,1.6070202444679909,0.8127073974609375,-0.7844978637695312,1.4180415345676411,2.42399072265625,4.13176025390625,-0.8850463942742429,2.453703125,4.10669140625,2.9204211198003476,-0.8884703369140625,3.86272998046875,0.7015109193259061,0.7496072387695313,-2.7011494140625,-2.496186482369559,-2.8518037109375,0.5567545166015625,0.7039118922066671,2.02600927734375,2.20618115234375,0.8532563069209943,1.0683203125,-2.11619775390625,2.7234180392194802,-2.7563642578125,-0.158900634765625,-1.1883795769069139
2025-09-24T12:07:54.006+02:00,-0.4109500732421875,-0.8471500244140625,1.6094510447529606,0.8130165405273437,-0.7787022094726562,1.4122144049444931,2.424109130859375,4.13187841796875,-0.8841690824321435,2.45384619140625,4.1067509765625,2.9193028584586234,-0.888473388671875,3.862727294921875,0.7008360743056801,0.7494279174804688,-2.70138623046875,-2.5076002581694206,-2.851743408203125,0.5567460327148438,0.7037907849560957,2.02599853515625,2.20617626953125,0.8532384637416908,1.0683284912109374,-2.11624169921875,2.7235314898819176,-2.7563310546875,-0.1589100799560547,-1.1884273806484809
2025-09-24T12:07:54.026+02:00,-0.41164382934570315,-0.8424197387695312,1.6128656167446058,0.8134464721679687,-0.7747734375,1.406005111704919,2.423880126953125,4.13169384765625,-0.8843136255003077,2.453616943359375,4.10657666015625,2.920099676256775,-0.8884500122070312,3.862671630859375,0.6995238016785434,0.7496260986328125,-2.701101806640625,-2.4954996531244276,-2.8518046875,0.5567500610351562,0.7035376514944837,2.026008056640625,2.206171630859375,0.8532892635394841,1.0682867431640626,-2.116235595703125,2.7235575888606003,-2.756330810546875,-0.15895034790039062,-1.1885229881316146
2025-09-24T12:07:54.046+02:00,-0.41157754516601563,-0.8372295532226562,1.6154681909198858,0.8137870483398437,-0.7707876586914062,1.399550674487003,2.42407568359375,4.131857421875,-0.8841925848287635,2.45374951171875,4.10675244140625,2.9204573387911728,-0.88843408203125,3.862649169921875,0.6994122152288692,0.7495556640625,-2.701178955078125,-2.499209702839017,-2.85173681640625,0.5567540283203125,0.7047894037858482,2.0260079345703126,2.20616845703125,0.853281074319132,1.06830029296875,-2.1162333984375,2.7236193741978902,-2.756391357421875,-0.15896823120117187,-1.1884055427275422
2025-09-24T12:07:54.066+02:00,-0.41237701416015626,-0.8307432250976563,1.6179808834083755,0.8142854614257813,-0.765321044921875,1.393871749778518,2.42400244140625,4.13175390625,-0.8841854608728476,2.45372900390625,4.10667333984375,2.9206030137028,-0.8884571533203125,3.86270556640625,0.6998871234302575,0.749428466796875,-2.701550537109375,-2.506606899082821,-2.851832275390625,0.5567890625,0.7035527649336699,2.02599462890625,2.206181884765625,0.8532717532553168,1.068286865234375,-2.11622607421875,2.7236318910550135,-2.756381103515625,-0.15898355102539063,-1.188432706970661
2025-09-24T12:07:54.086+02:00,-0.41317794799804686,-0.8242601928710938,1.6200212642775398,0.8151226196289062,-0.7595076904296875,1.3888919048561787,2.423976318359375,4.1317744140625,-0.884248444632628,2.453692626953125,4.106705078125,2.921063474255275,-0.8884462890625,3.862702392578125,0.7003270110633114,0.7494765014648438,-2.7014462890625,-2.5007719131344577,-2.851853271484375,0.5567957153320312,0.702506741836514,2.0260013427734376,2.206176025390625,0.853228210571494,1.0682930908203125,-2.1162412109375,2.723753064884612,-2.756405029296875,-0.15896119689941407,-1.1883361673811457
2025-09-24T12:07:54.106+02:00,-0.41341845703125,-0.818934814453125,1.6223247654624038,0.8158853759765625,-0.7537633666992187,1.3836751717548772,2.42404296875,4.1318251953125,-0.8848013168749284,2.453739013671875,4.10672607421875,2.920198745849326,-0.8884344482421875,3.86270654296875,0.7002614973004955,0.7495337524414063,-2.701328857421875,-2.5007444825752296,-2.851802001953125,0.5567335205078126,0.7052908770191101,2.0260087890625,2.206178466796875,0.8532450550653887,1.068282958984375,-2.11620068359375,2.7234760961312436,-2.756374267578125,-0.15902622985839843,-1.188521523393015
2025-09-24T12:07:54.126+02:00,-0.4141501770019531,-0.8143334350585938,1.6255862056913692,0.816567138671875,-0.7490841064453125,1.3783805411916905,2.423960693359375,4.131744140625,-0.8842299356630519,2.45366455078125,4.106677734375,2.919853600172052,-0.8884591674804687,3.862715576171875,0.7001118942262602,0.749467041015625,-2.701429443359375,-2.508242878940457,-2.851743896484375,0.5567499389648437,0.7049002578662227,2.026,2.206185791015625,0.8532362000547642,1.0682947998046874,-2.116254150390625,2.7235674425566336,-2.756408447265625,-0.15901303100585937,-1.1883850363871487
2025-09-24T12:07:54.146+02:00,-0.4145340576171875,-0.8084464721679687,1.6275014179892997,0.817538330078125,-0.74412353515625,1.3733478325217132,2.42401025390625,4.13184423828125,-0.8841639558470452,2.453719970703125,4.10675,2.920267189089341,-0.888450439453125,3.862681884765625,0.6999513721915557,0.7494940795898437,-2.701287841796875,-2.501807882798498,-2.8517548828125,0.5567389526367188,0.704313496899051,2.026,2.20619189453125,0.853179874197709,1.06831298828125,-2.116207275390625,2.723572768878814,-2.756326904296875,-0.15892279052734376,-1.1885132675936358
2025-09-24T12:07:54.166+02:00,-0.41525735473632813,-0.80194091796875,1.6292404621811214,0.8185729370117187,-0.738125732421875,1.3688043465439836,2.4239658203125,4.13177783203125,-0.8844881957097623,2.4536630859375,4.1066826171875,2.9199566645062376,-0.88845263671875,3.862705810546875,0.700281204692562,0.749653076171875,-2.70108935546875,-2.4947494406453523,-2.851799560546875,0.5567496948242188,0.7038613587249828,2.0260020751953123,2.206177490234375,0.8532648290364826,1.0682791748046876,-2.116224853515625,2.7235344193591167,-2.75639111328125,-0.158890625,-1.1882793088918724
2025-09-24T12:07:54.186+02:00,-0.4157814331054687,-0.7968883666992187,1.6310102658835337,0.8193988647460938,-0.7328787841796875,1.363367769494696,2.42400341796875,4.13178515625,-0.8841201468471134,2.4536943359375,4.1067099609375,2.920274645940393,-0.8884935913085937,3.862702392578125,0.7002162901409913,0.749658203125,-2.70108740234375,-2.4950557041707113,-2.851780517578125,0.5567584838867188,0.7038295339499564,2.02600830078125,2.2061767578125,0.8532828719528679,1.068299072265625,-2.11621923828125,2.7234446708303808,-2.756336669921875,-0.15893997192382814,-1.1885452255267168
2025-09-24T12:07:54.206+02:00,-0.4166805419921875,-0.7917195434570312,1.6329775429807751,0.8199510498046875,-0.7282344970703125,1.3584419867424853,2.423976318359375,4.131806640625,-0.8843566355519124,2.4536865234375,4.1067216796875,2.9202528080194545,-0.888461181640625,3.8627001953125,0.7003055726165363,0.7496444702148437,-2.7010927734375,-2.495845597750029,-2.851708740234375,0.5567606201171875,0.7053679089536407,2.0260115966796874,2.20617724609375,0.8532188229286515,1.068223388671875,-2.1163125,2.72397916726116,-2.756306396484375,-0.1589084930419922,-1.1885364370951195
2025-09-24T12:07:54.226+02:00,-0.417694580078125,-0.785572509765625,1.6343819609816286,0.8209385986328125,-0.7228862915039063,1.352901679568739,2.42395361328125,4.13176513671875,-0.8845650279072111,2.453672119140625,4.1067021484375,2.9203401597032093,-0.8885016479492187,3.86273681640625,0.7026385683104729,0.7494569091796875,-2.701409912109375,-2.509391234002499,-2.851744873046875,0.5567335205078126,0.704609440675186,2.0259991455078126,2.206181884765625,0.8532048413329285,1.0682808837890625,-2.11623876953125,2.7235695730855056,-2.75630859375,-0.15891294860839844,-1.1885171291772165
2025-09-24T12:07:54.246+02:00,-0.4179941101074219,-0.7791503295898438,1.6365084951120568,0.82175537109375,-0.7173671875,1.347927959916907,2.424000732421875,4.13180322265625,-0.8840635546739491,2.453727783203125,4.106736328125,2.9208626719090827,-0.8885023193359375,3.862686767578125,0.7007333428666302,0.74953466796875,-2.701313232421875,-2.501833449144963,-2.85169970703125,0.5567703857421875,0.7061389606682458,2.02600830078125,2.206184326171875,0.8532017786976749,1.0682781982421874,-2.11620751953125,2.7234593182163764,-2.756322021484375,-0.15894163513183593,-1.1885916976877386
2025-09-24T12:07:54.266+02:00,-0.41845303344726564,-0.7736675415039063,1.6393311795514318,0.8229663696289062,-0.7119357299804687,1.3437537212243167,2.423947998046875,4.131771484375,-0.8840985086632565,2.45368505859375,4.10669189453125,2.9204554745784095,-0.8884588012695313,3.86263232421875,0.7002212835680353,0.7497631225585938,-2.70099951171875,-2.491806913956924,-2.851725830078125,0.5567491455078125,0.7048851444270365,2.0260147705078126,2.206172607421875,0.853238796636827,1.0682945556640624,-2.116218017578125,2.723422832909442,-2.756382568359375,-0.15893966674804688,-1.1884156627396845
2025-09-24T12:07:54.286+02:00,-0.41905194091796877,-0.7684957885742187,1.6412258855089685,0.8239075317382812,-0.7066547241210938,1.3397999922699853,2.4239833984375,4.13181201171875,-0.8841142878927152,2.453682373046875,4.10672021484375,2.920428044019182,-0.8884188842773437,3.86270458984375,0.7007217581158883,0.7497953491210938,-2.7009296875,-2.490038574993111,-2.851788818359375,0.5567697143554687,0.7039437835607207,2.02599560546875,2.206174560546875,0.853219755035033,1.068301025390625,-2.1162294921875,2.7234710361251726,-2.756381103515625,-0.15896406555175782,-1.1884762496544838
2025-09-24T12:07:54.306+02:00,-0.41997140502929686,-0.7622843627929687,1.6422876878355832,0.8248935546875,-0.7012658081054688,1.3361549236859938,2.423951904296875,4.13179443359375,-0.8839091579097519,2.4536669921875,4.10669775390625,2.9205513483776526,-0.8884444580078125,3.862734130859375,0.7005013815356843,0.7495201416015626,-2.701300048828125,-2.497665069406771,-2.851731689453125,0.5567808837890625,0.7050667720133799,2.02599560546875,2.206181640625,0.8532106337082994,1.0683062744140626,-2.11624462890625,2.7236268310489424,-2.756427734375,-0.1589704132080078,-1.1883450889707974
2025-09-24T12:07:54.326+02:00,-0.42060537719726565,-0.75589794921875,1.6435273893230151,0.8260368041992188,-0.6963279418945313,1.331563367650588,2.4239794921875,4.1318037109375,-0.8840861915432149,2.45369384765625,4.10671826171875,2.9204576051072815,-0.888450439453125,3.862706787109375,0.7003421910815248,0.74955810546875,-2.701184814453125,-2.4993865367353982,-2.851758056640625,0.5567529907226563,0.7044786128866359,2.026001708984375,2.206184814453125,0.8532868001154758,1.0683331298828125,-2.1162138671875,2.7234659761191016,-2.756408935546875,-0.1589940948486328,-1.188330441584802
2025-09-24T12:07:54.346+02:00,-0.421387939453125,-0.7507550048828125,1.64506962591028,0.8267445678710937,-0.6912736206054687,1.3276398655746289,2.42397119140625,4.13178759765625,-0.8848924635632364,2.45368896484375,4.1067265625,2.92103258158663,-0.8884541625976563,3.862697021484375,0.7006932622922245,0.7494755249023437,-2.70160791015625,-2.5084569970920993,-2.851767822265625,0.5567613525390624,0.7044994521221658,2.0259937744140624,2.20619091796875,0.8531986494833941,1.068310791015625,-2.116223876953125,2.7235091193287606,-2.75641552734375,-0.15900056457519532,-1.1883926263962552
2025-09-24T12:07:54.366+02:00,-0.4220314025878906,-0.7459352416992188,1.646616123555289,0.8281038208007813,-0.6858798828125,1.3240111754313413,2.42396728515625,4.13177783203125,-0.8846716875088688,2.453695068359375,4.10671630859375,2.920807810790627,-0.8884840698242188,3.862686279296875,0.7007276170702865,0.749578857421875,-2.701441162109375,-2.5014403665680676,-2.8517431640625,0.5567371826171875,0.7048854107431455,2.0259979248046873,2.2061904296875,0.8532177576642154,1.0683043212890626,-2.1162138671875,2.723446268727035,-2.7564306640625,-0.15898663330078125,-1.1883181910437877
2025-09-24T12:07:54.386+02:00,-0.42252923583984375,-0.7407230834960937,1.6485585000963383,0.8292859497070313,-0.6807003173828124,1.3218063443648649,2.423984375,4.13180615234375,-0.8843835334789222,2.45370849609375,4.1067353515625,2.920541760997728,-0.8884298095703125,3.862556884765625,0.6987253194047105,0.7496494140625,-2.70121826171875,-2.4968730452985817,-2.851760498046875,0.5567847900390624,0.7050729638629143,2.025990478515625,2.20618017578125,0.8531752136658014,1.0683094482421875,-2.116199951171875,2.7233732981131666,-2.75631298828125,-0.15892080688476562,-1.188551617113333
2025-09-24T12:07:54.406+02:00,-0.42320077514648435,-0.7341400756835937,1.6507462869318383,0.830952880859375,-0.6746032104492188,1.3193772751346036,2.4239501953125,4.13177783203125,-0.8843808037388049,2.453703369140625,4.10669921875,2.9205886326329136,-0.888443359375,3.86278076171875,0.699987657761408,0.7496550903320313,-2.701107421875,-2.4960605148499986,-2.85171337890625,0.556753173828125,0.7053896137165248,2.0259962158203124,2.206174560546875,0.8532099013389997,1.068313720703125,-2.11620654296875,2.7235357509396616,-2.7563154296875,-0.15891346740722656,-1.1885205912866337
2025-09-24T12:07:54.426+02:00,-0.4240814208984375,-0.7272161865234374,1.6513654718852817,0.8321595458984375,-0.6690857543945312,1.317392554332222,2.42397314453125,4.13177783203125,-0.8847847386971427,2.45368115234375,4.1066953125,2.920173179502861,-0.888451416015625,3.86271630859375,0.6995536956617796,0.7496504516601562,-2.70105126953125,-2.4958700988320577,-2.85177978515625,0.5568037109375,0.7043296756026732,2.025987548828125,2.2061826171875,0.8532320055760473,1.0683272705078124,-2.116219970703125,2.723553061486747,-2.756378173828125,-0.15894149780273437,-1.1883995506150895
2025-09-24T12:07:54.446+02:00,-0.424708251953125,-0.721856201171875,1.6524753442695723,0.8330823364257812,-0.6636951293945312,1.3142889063978436,2.4239521484375,4.131802734375,-0.8839680803488699,2.45370068359375,4.1067060546875,2.9207111380430573,-0.8883734130859375,3.862658447265625,0.6997319942967605,0.7496157836914062,-2.7010693359375,-2.4948189491498036,-2.8517822265625,0.5567771606445312,0.7044143641253378,2.025995361328125,2.20618359375,0.8531820047265811,1.0683240966796874,-2.116193603515625,2.7234313550249305,-2.75630908203125,-0.15890901184082032,-1.1885600060707668
2025-09-24T12:07:54.466+02:00,-0.42520867919921873,-0.7171007690429687,1.6534458001707972,0.8343667602539062,-0.6583236694335938,1.3104768576135042,2.42395458984375,4.1317919921875,-0.8846856691045917,2.453711181640625,4.10672998046875,2.921939387937802,-0.8884464721679688,3.862687744140625,0.7000622928509576,0.749452392578125,-2.701408203125,-2.5079206364485573,-2.8518369140625,0.5567742309570313,0.7031280573188294,2.02599755859375,2.2061806640625,0.8532667598282728,1.06828125,-2.116201416015625,2.723521369869775,-2.75626416015625,-0.1589228973388672,-1.1886513524961564
2025-09-24T12:07:54.486+02:00,-0.4262545166015625,-0.7112283935546875,1.654368718646564,0.835367919921875,-0.6529158325195312,1.3069721376189598,2.423958251953125,4.13178466796875,-0.884661434338672,2.4537197265625,4.10674658203125,2.9216347223090966,-0.888457275390625,3.86259130859375,0.7000979126305373,0.7494313354492188,-2.701392822265625,-2.509488972014505,-2.851737548828125,0.5567510986328125,0.7044566418076428,2.025998046875,2.206191650390625,0.8532253476733221,1.06829931640625,-2.11619677734375,2.723521103553666,-2.75635888671875,-0.15892222595214844,-1.1883892974448926
2025-09-24T12:07:54.506+02:00,-0.4272937927246094,-0.704395751953125,1.6553150729399237,0.836844482421875,-0.6481775512695312,1.3033949796427655,2.423957763671875,4.13179150390625,-0.8847926616013856,2.4536806640625,4.1067294921875,2.9211633427961528,-0.8884730834960938,3.86270166015625,0.7019904880592022,0.7495892333984375,-2.701103271484375,-2.4995271516409545,-2.85182958984375,0.5567938232421875,0.7028814486018882,2.02600390625,2.20618505859375,0.8531838689393442,1.0683160400390626,-2.11623046875,2.723549333061221,-2.75636962890625,-0.15892247009277344,-1.1883817074357859
2025-09-24T12:07:54.526+02:00,-0.4281232604980469,-0.6979124755859375,1.6556053574987424,0.8380436401367187,-0.642544189453125,1.300860715549446,2.4239658203125,4.1317880859375,-0.8845251470698872,2.453653076171875,4.10669921875,2.9200434835577744,-0.8884812622070313,3.862744873046875,0.7017247045824122,0.74970068359375,-2.70102197265625,-2.494794980699993,-2.85176513671875,0.5567266845703125,0.7038098265578898,2.0259957275390623,2.206186279296875,0.8531670910244766,1.0682855224609376,-2.1162421875,2.7236662458330754,-2.756366455078125,-0.15896441650390625,-1.1884140648430304
2025-09-24T12:07:54.546+02:00,-0.4287809143066406,-0.693321044921875,1.6567405299133888,0.8397120361328125,-0.6365304565429688,1.2979084683230386,2.423957763671875,4.13178271484375,-0.884421816419592,2.453654296875,4.10668896484375,2.919752932682847,-0.888465576171875,3.862732421875,0.7000426520379182,0.7495297241210938,-2.701221435546875,-2.5008291710978945,-2.8517783203125,0.5567722778320312,0.7039622259512696,2.02599853515625,2.206181640625,0.8532701553586627,1.068288818359375,-2.11629150390625,2.723974639887307,-2.7563408203125,-0.15888743591308593,-1.188411268523886
2025-09-24T12:07:54.566+02:00,-0.4293461608886719,-0.6877267456054688,1.657385547529406,0.8410606689453125,-0.6309325561523438,1.2956660866851921,2.423953369140625,4.1318076171875,-0.8843034389091381,2.453674560546875,4.10672314453125,2.9205817084140793,-0.8885037841796875,3.862713623046875,0.6999223437356739,0.7494273071289063,-2.701420654296875,-2.507077479647438,-2.851742919921875,0.5567755126953124,0.7047481247889519,2.0259949951171876,2.20618310546875,0.8532532442857407,1.0683082275390625,-2.116213134765625,2.7235245656630833,-2.756336669921875,-0.1588974609375,-1.1884244511712818
2025-09-24T12:07:54.586+02:00,-0.43034719848632813,-0.6811041259765624,1.657923772385711,0.8422948608398437,-0.6258031005859375,1.2930749641025994,2.42395068359375,4.131806640625,-0.8841862598211746,2.45367626953125,4.10672802734375,2.921077589009052,-0.8885075073242188,3.862684326171875,0.7007121707359641,0.7494447021484375,-2.701454833984375,-2.507716105676839,-2.8518134765625,0.55676025390625,0.7035033632954489,2.026011474609375,2.20619482421875,0.8531626968086781,1.0683218994140624,-2.1162177734375,2.723554126751183,-2.756361083984375,-0.15893374633789062,-1.1884140648430304
2025-09-24T12:07:54.606+02:00,-0.4313306884765625,-0.6751337280273437,1.6584418903757858,0.8435018920898437,-0.6202020874023437,1.2902095359277286,2.42395947265625,4.131806640625,-0.8847215552002805,2.4536728515625,4.1066943359375,2.9203854334417407,-0.888505859375,3.86265869140625,0.6996204744261134,0.7494598999023437,-2.70144921875,-2.5089968198450583,-2.85174560546875,0.55675048828125,0.7046666986386227,2.0260201416015624,2.206184326171875,0.8531999810639391,1.0683311767578125,-2.116208740234375,2.723519239340903,-2.756413818359375,-0.15895579528808593,-1.1882687894055666
2025-09-24T12:07:54.626+02:00,-0.43190185546875,-0.6698621826171876,1.658583570545778,0.8453004150390625,-0.6144644775390625,1.287630797044205,2.42396923828125,4.1317978515625,-0.8845794089770975,2.453659912109375,4.10671435546875,2.9200389561839213,-0.8884760131835937,3.862689453125,0.6999076297706511,0.7495349731445312,-2.701234130859375,-2.5006747077546696,-2.851783203125,0.556753662109375,0.7037920499576135,2.0260030517578125,2.206180419921875,0.8533092372476596,1.0683226318359376,-2.11620751953125,2.7235714372982684,-2.756402587890625,-0.15895845031738282,-1.188316726305188
2025-09-24T12:07:54.646+02:00,-0.433034912109375,-0.66388232421875,1.6595329874743914,0.8466547241210938,-0.6093882446289063,1.2856082593543443,2.42393994140625,4.13179296875,-0.8842670867602584,2.453671875,4.10669775390625,2.9190546518450278,-0.8884762573242188,3.8626767578125,0.6993710693900275,0.74945849609375,-2.701401123046875,-2.5091070747141875,-2.85169580078125,0.5567562255859375,0.7053606518396701,2.025999267578125,2.206177001953125,0.8531537752190262,1.0683092041015625,-2.116188232421875,2.7234297571282764,-2.756460205078125,-0.15896937561035157,-1.1881654587552715
2025-09-24T12:07:54.666+02:00,-0.4338671569824219,-0.6573207397460937,1.6601119586953745,0.84812744140625,-0.6038777465820313,1.2833198050296393,2.4239462890625,4.1317822265625,-0.8845719521260453,2.45368017578125,4.1066826171875,2.91993456026919,-0.8884720458984375,3.862681884765625,0.7001222805545115,0.7494466552734375,-2.7014697265625,-2.5094524867075707,-2.851765869140625,0.5567492065429688,0.7041957851788695,2.0259984130859374,2.20617578125,0.8532384637416908,1.0683291015625,-2.116205078125,2.7234302897604943,-2.75633349609375,-0.15892665100097655,-1.1884614691104338
2025-09-24T12:07:54.686+02:00,-0.4343089904785156,-0.6522880249023437,1.6620667189354927,0.8497169799804688,-0.5977686157226563,1.28146997333647,2.423948486328125,4.13179443359375,-0.8846411277353601,2.45368115234375,4.1067431640625,2.9212935713734574,-0.8884697265625,3.86271826171875,0.7007206262724252,0.7494174194335937,-2.701396240234375,-2.5073294146865597,-2.85176904296875,0.5567818603515625,0.7042228828429611,2.0259952392578127,2.206172607421875,0.8533082385622509,1.0682952880859375,-2.11621630859375,2.723624966836179,-2.75634130859375,-0.1589298095703125,-1.1884111353658313
2025-09-24T12:07:54.706+02:00,-0.43490032958984376,-0.6469782104492188,1.6632678045871185,0.8510498657226563,-0.5919793701171875,1.2792630117411214,2.42394189453125,4.1317958984375,-0.8838564938991955,2.4536728515625,4.1067294921875,2.9202924891196966,-0.888489013671875,3.862753662109375,0.7028549501490419,0.7496359252929687,-2.701035400390625,-2.4963768983874997,-2.851712646484375,0.5567708129882812,0.7047478584728429,2.026010498046875,2.20618701171875,0.853197850535067,1.068319580078125,-2.116205078125,2.723541077261842,-2.75629150390625,-0.1589826202392578,-1.1885935619005017
2025-09-24T12:07:54.726+02:00,-0.4358202819824219,-0.6408416137695313,1.663958894889994,0.8527384643554687,-0.5865602416992187,1.277025956425455,2.423946533203125,4.13178271484375,-0.8840689475751566,2.45368603515625,4.106724609375,2.9206152642438146,-0.88845947265625,3.8626240234375,0.7007429302465545,0.7496552124023438,-2.701025146484375,-2.495853587233299,-2.851736083984375,0.556769287109375,0.7049472626594626,2.0259979248046873,2.206178466796875,0.8532342692629739,1.0683121337890624,-2.116205322265625,2.723495537207201,-2.756271484375,-0.15890681457519532,-1.1886445614353767
2025-09-24T12:07:54.746+02:00,-0.4369664306640625,-0.6350742797851563,1.664850920697116,0.8537283325195313,-0.5814284057617187,1.2748875712281758,2.4239326171875,4.13180859375,-0.8840409178046835,2.453691162109375,4.10673388671875,2.921171598595532,-0.8884341430664062,3.862707763671875,0.6999610261505073,0.7494931030273437,-2.701540283203125,-2.5098415745428313,-2.85172900390625,0.5567590942382813,0.7046390683423132,2.025996337890625,2.206189697265625,0.853162963124787,1.068287109375,-2.116216552734375,2.7235996668058235,-2.75630810546875,-0.15891339111328126,-1.1885501523747335
2025-09-24T12:07:54.766+02:00,-0.437905517578125,-0.6294217529296875,1.6655575904923685,0.855644287109375,-0.5757963256835937,1.272405238776113,2.423942626953125,4.1317919921875,-0.8840437807028554,2.4536923828125,4.10673046875,2.9211212648509295,-0.8884476928710937,3.86269091796875,0.6996819268682669,0.7494603881835937,-2.701568115234375,-2.5117300220718066,-2.851697998046875,0.5567474975585938,0.7051762279341822,2.0259964599609375,2.206183349609375,0.8531780765639733,1.06829833984375,-2.116205810546875,2.723589546793681,-2.756348876953125,-0.1589532928466797,-1.1884558764721447
2025-09-24T12:07:54.786+02:00,-0.4389063415527344,-0.6233849487304688,1.6660625258350477,0.8570457763671875,-0.5701103515625,1.2709960270852976,2.423943603515625,4.13177685546875,-0.8847762831606817,2.453686279296875,4.10670947265625,2.92071300225582,-0.8884923706054687,3.8627021484375,0.700170217454133,0.7494797973632813,-2.70144287109375,-2.5066092959278023,-2.85166748046875,0.5567626342773437,0.7060683868993587,2.0260035400390626,2.206181396484375,0.8532418592720806,1.0683277587890625,-2.116222412109375,2.723514445650941,-2.756309326171875,-0.15893821716308593,-1.1885128681194723
2025-09-24T12:07:54.806+02:00,-0.43942147827148437,-0.6173809204101562,1.666898625259278,0.858695068359375,-0.5646041870117188,1.269518638470576,2.42394677734375,4.131787109375,-0.884317154188752,2.453683349609375,4.106736328125,2.92074256334392,-0.8884418334960937,3.86264599609375,0.699586319385133,0.749443115234375,-2.701518310546875,-2.5086487446905847,-2.851663818359375,0.5567546997070313,0.7056958106628566,2.02601220703125,2.20617626953125,0.8532772127355515,1.0682926025390624,-2.116232666015625,2.7235783615171028,-2.756334716796875,-0.15893756103515624,-1.1884247174873908
2025-09-24T12:07:54.826+02:00,-0.44012252807617186,-0.611765625,1.6682147594699952,0.8601904907226563,-0.559314453125,1.2676108830236978,2.42393359375,4.13177880859375,-0.8843977148117269,2.453678466796875,4.10674462890625,2.9210562837203313,-0.8884439697265625,3.862674560546875,0.6995756667407728,0.74943212890625,-2.701552490234375,-2.510604037562921,-2.851700927734375,0.5567789916992187,0.7058317650365051,2.025999267578125,2.20618310546875,0.8531677568147492,1.0681837158203125,-2.116346923828125,2.7241767738140434,-2.756364013671875,-0.15892274475097656,-1.1883227184176406
2025-09-24T12:07:54.846+02:00,-0.4406747741699219,-0.6057130737304688,1.6686999874206077,0.8618089599609375,-0.5533289184570312,1.266301406715706,2.423953125,4.13178271484375,-0.884480206226492,2.453679931640625,4.106716796875,2.920508205167993,-0.888448486328125,3.862693359375,0.6997676806553675,0.7494514770507813,-2.7015,-2.5098136113513854,-2.851673583984375,0.5567388305664063,0.7053404783944128,2.02600341796875,2.206181640625,0.8531684226050217,1.06833056640625,-2.116210205078125,2.723578095200994,-2.756367431640625,-0.15897293090820314,-1.188402346934234
2025-09-24T12:07:54.866+02:00,-0.4415022888183594,-0.5998701782226562,1.6689206303169206,0.86331201171875,-0.5481226196289063,1.265115367924239,2.423960693359375,4.13178857421875,-0.8844958522978963,2.45365771484375,4.10670654296875,2.920103138366192,-0.8884595336914063,3.862659912109375,0.6994066891696072,0.749609130859375,-2.701232421875,-2.4988208813198654,-2.8516787109375,0.5567756958007812,0.7054466719428797,2.02600927734375,2.20618896484375,0.8532091689696999,1.0683001708984374,-2.11622216796875,2.7236665121491845,-2.756396484375,-0.1589664306640625,-1.1882576041289883
2025-09-24T12:07:54.886+02:00,-0.4429666748046875,-0.59341064453125,1.668979619335066,0.8647659301757813,-0.5430546264648437,1.263381783212652,2.423947998046875,4.13178564453125,-0.8843120941826809,2.453664794921875,4.1067158203125,2.9199425497524603,-0.88844384765625,3.862708740234375,0.6996662807968628,0.7494815063476562,-2.701421875,-2.507611709762108,-2.851755859375,0.5567523803710938,0.7042075030876659,2.0259937744140624,2.2061884765625,0.853220820299469,1.06833447265625,-2.1162119140625,2.7235021951099267,-2.756308349609375,-0.15893032836914062,-1.1884564091043626
2025-09-24T12:07:54.906+02:00,-0.4439385986328125,-0.5872702026367187,1.667760823662191,0.8665247192382812,-0.5372229614257813,1.2626731160465818,2.423948486328125,4.13178466796875,-0.8844326022220069,2.453677734375,4.1067451171875,2.921454426303298,-0.8884354858398438,3.862691162109375,0.6996216062695767,0.7494899291992188,-2.701427734375,-2.5092407654009095,-2.8517109375,0.556763427734375,0.7047133705367264,2.0260009765625,2.20618505859375,0.8531959197432768,1.0682357177734374,-2.116195068359375,2.723379423383674,-2.756364990234375,-0.15892808532714844,-1.1883629321501008
2025-09-24T12:07:54.926+02:00,-0.444875732421875,-0.581947509765625,1.6682865316613729,0.8681187744140625,-0.5313561401367187,1.2616195695193466,2.423952392578125,4.13179150390625,-0.8841373242361443,2.4536728515625,4.10672265625,2.9210240594711414,-0.8884783325195312,3.86275537109375,0.7022727165557233,0.7494412841796875,-2.70140380859375,-2.509355547643892,-2.8517216796875,0.5567730712890625,0.7042399936529649,2.025998046875,2.206184814453125,0.8532216858268232,1.0682421875,-2.11619775390625,2.7233914076085792,-2.75636865234375,-0.1589351348876953,-1.1883544100346126
2025-09-24T12:07:54.946+02:00,-0.44554931640625,-0.5765595703125,1.6683435233087005,0.8701652221679688,-0.5250422973632812,1.260813563815434,2.423956787109375,4.1317734375,-0.884823687428085,2.453693603515625,4.1067197265625,2.921307952443344,-0.8884374389648437,3.862700439453125,0.7006371361722511,0.7494666137695313,-2.701408935546875,-2.507841007931964,-2.851712890625,0.5567294921875,0.7061782422943245,2.0260145263671876,2.20618359375,0.8531778768268915,1.0682357177734374,-2.116212646484375,2.7235035266904717,-2.75638037109375,-0.1589744873046875,-1.1883990179828714
2025-09-24T12:07:54.966+02:00,-0.4467344360351562,-0.56971630859375,1.6689299513807359,0.871319091796875,-0.5202843627929687,1.2602150183604388,2.42394580078125,4.13176611328125,-0.8848955927775172,2.45368408203125,4.10672119140625,2.9208317792404377,-0.88845947265625,3.86268896484375,0.6994897797956178,0.7498329467773438,-2.700939208984375,-2.4913626986870985,-2.85171923828125,0.5567503051757813,0.7058271710836248,2.0259906005859376,2.206185302734375,0.8531863323633525,1.0682921142578126,-2.116164306640625,2.723338410702887,-2.75639599609375,-0.15898536682128905,-1.1883120657732804
2025-09-24T12:07:54.986+02:00,-0.447342041015625,-0.5634796142578125,1.6690957331585934,0.873062744140625,-0.5147479858398437,1.2591047465019847,2.42393798828125,4.13177587890625,-0.8843191515595695,2.453695556640625,4.1067099609375,2.92025680276109,-0.8884943237304688,3.862753173828125,0.7016563279214244,0.749712646484375,-2.7011435546875,-2.494643446833967,-2.8516787109375,0.5567669677734375,0.7064184594246496,2.0260059814453126,2.206180419921875,0.8532514466520049,1.068314453125,-2.116196533203125,2.723381287596437,-2.756434326171875,-0.15896884155273439,-1.1882382962110851
2025-09-24T12:07:55.006+02:00,-0.448796875,-0.558587890625,1.6697045317837855,0.8750270385742187,-0.5081412353515625,1.2578958045251432,2.42393798828125,4.13179150390625,-0.8841722782254516,2.45367578125,4.10672314453125,2.9211138079998773,-0.8884864501953125,3.862712890625,0.7000889910408855,0.7496318969726562,-2.70119580078125,-2.4955880700726185,-2.85169482421875,0.5567662353515626,0.7059478788600326,2.0260006103515624,2.206191162109375,0.853202311329893,1.0682825927734374,-2.116333251953125,2.724050273662265,-2.7564248046875,-0.15898316955566405,-1.188269455195839
2025-09-24T12:07:55.026+02:00,-0.4493641662597656,-0.5526690063476563,1.6696271669541187,0.8767730712890625,-0.503115234375,1.257498594048558,2.42393896484375,4.13177734375,-0.884554441841878,2.4536708984375,4.1067021484375,2.9206472221768953,-0.8884556884765625,3.86276220703125,0.7025502845203367,0.7495810546875,-2.701306640625,-2.5006475435115507,-2.8517333984375,0.5567267456054688,0.7054849548835496,2.0259993896484376,2.206188232421875,0.8532068387037461,1.0683270263671876,-2.116208740234375,2.7235525288545293,-2.75643115234375,-0.1589894256591797,-1.1882233825089807
2025-09-24T12:07:55.046+02:00,-0.4504208984375,-0.5459999389648438,1.6706000197003246,0.87816162109375,-0.49785125732421875,1.2572289489881874,2.42394482421875,4.13177294921875,-0.8846405285241149,2.4536845703125,4.10670458984375,2.920908744595941,-0.8884572143554688,3.862752197265625,0.7001465818994586,0.7495845336914062,-2.701250732421875,-2.499398254644195,-2.851689453125,0.556746337890625,0.706028040008844,2.0260008544921875,2.206181640625,0.8532280108344122,1.068283447265625,-2.116212890625,2.723590878374226,-2.756357421875,-0.1590225372314453,-1.1885654655510014
2025-09-24T12:07:55.066+02:00,-0.45122299194335935,-0.5401024169921875,1.6718824649232522,0.8800735473632812,-0.4920914001464844,1.2559997669870613,2.42393359375,4.1317822265625,-0.8847545783977975,2.453693603515625,4.1067119140625,2.9210568163525497,-0.8884637451171875,3.862703857421875,0.6989624073207548,0.7495546264648437,-2.701217529296875,-2.501352215935986,-2.85170556640625,0.5567343139648437,0.7054024634687844,2.0259949951171876,2.20617578125,0.8532332039985379,1.068292236328125,-2.116173095703125,2.72332136647191,-2.75635986328125,-0.15899893188476563,-1.188452547520782
2025-09-24T12:07:55.086+02:00,-0.4518716735839844,-0.5344545288085938,1.6725185609496176,0.8815570678710938,-0.4860119934082031,1.25468203487969,2.423915283203125,4.13177392578125,-0.8844113635123135,2.45364306640625,4.10666796875,2.9195148460813938,-0.8884608154296875,3.862745849609375,0.6998530349683045,0.7494337768554687,-2.701409423828125,-2.509650359576564,-2.851707275390625,0.5567689208984375,0.7053886816101432,2.0259993896484376,2.2061845703125,0.8533155622552486,1.0682852783203125,-2.116258056640625,2.7237293627509103,-2.75637890625,-0.1590169372558594,-1.1884590722654527
2025-09-24T12:07:55.106+02:00,-0.4530003356933594,-0.5289915771484375,1.6727854096908437,0.8832167358398437,-0.48047622680664065,1.2532833426751804,2.42393408203125,4.13177880859375,-0.884224675919899,2.45365185546875,4.1066982421875,2.9205910294778947,-0.8884545288085938,3.86270458984375,0.6992249950042366,0.7496448974609375,-2.701016357421875,-2.4974464238812755,-2.851658203125,0.5567703857421875,0.7061404919858726,2.0260079345703126,2.206191162109375,0.8532402613754266,1.0682919921875,-2.116226318359375,2.723591943638662,-2.75640234375,-0.15897793579101563,-1.1883890311287837
2025-09-24T12:07:55.126+02:00,-0.45386669921875,-0.522385009765625,1.6714819254953044,0.8847471923828125,-0.4755687561035156,1.2521974387407007,2.42394921875,4.13177734375,-0.8845249473328054,2.453669189453125,4.10668896484375,2.920032031965087,-0.8884808959960937,3.862828369140625,0.7017517356674765,0.7496519165039063,-2.701049072265625,-2.4938157363671705,-2.851750244140625,0.5567765502929688,0.7044757499884641,2.026012451171875,2.2061748046875,0.8533024461868799,1.0683304443359376,-2.116208740234375,2.723620173146217,-2.7563955078125,-0.15900894165039062,-1.1884155295816299
2025-09-24T12:07:55.146+02:00,-0.4554546813964844,-0.5160677490234375,1.6715817940361823,0.8862918701171875,-0.47018765258789064,1.2520854528168628,2.423921630859375,4.13176513671875,-0.8848933290905906,2.453656982421875,4.1066767578125,2.9199460118618776,-0.8884473266601562,3.862614013671875,0.699708092425977,0.7495267333984375,-2.701230712890625,-2.5003671126487657,-2.8516982421875,0.556775390625,0.7054888164671302,2.0260001220703123,2.206171142578125,0.8532043087007105,1.0683074951171876,-2.116198486328125,2.723440409772637,-2.75635888671875,-0.15902156066894532,-1.1885243197121598
2025-09-24T12:07:55.166+02:00,-0.4557334899902344,-0.5111342163085938,1.6712251967662206,0.8885503540039063,-0.46387188720703126,1.2511874348972882,2.42393310546875,4.1317666015625,-0.8846895972671995,2.4536474609375,4.10669091796875,2.9200008729803333,-0.8884512329101563,3.862747802734375,0.7014631155843392,0.74944921875,-2.701436279296875,-2.5089984177417124,-2.851705078125,0.5567880859375,0.7054481366814792,2.0260003662109374,2.20617431640625,0.8531509123208544,1.0683114013671875,-2.11620703125,2.723486748775604,-2.756361083984375,-0.15902735900878906,-1.1885364370951195
2025-09-24T12:07:55.186+02:00,-0.45633782958984376,-0.5071430969238281,1.6726525179524487,0.8905616455078125,-0.45781024169921875,1.2517859803522835,2.423949951171875,4.131767578125,-0.8846220195545388,2.453680908203125,4.10671044921875,2.920541760997728,-0.888473388671875,3.862717041015625,0.7006180279914298,0.7494327392578125,-2.701477294921875,-2.509998168414928,-2.851690185546875,0.5567779541015625,0.7056773016932806,2.0259951171875,2.2061845703125,0.8531467178421376,1.0682723388671875,-2.116252685546875,2.7236715721552556,-2.75638232421875,-0.15903378295898438,-1.1884920954629696
2025-09-24T12:07:55.206+02:00,-0.45669558715820313,-0.5044878845214844,1.6738798357408118,0.8913583374023437,-0.45549737548828123,1.2519194047228963,2.42392724609375,4.1317705078125,-0.8840621565143769,2.453651123046875,4.1067138671875,2.9207420307117022,-0.888478515625,3.862695068359375,0.7002041061790042,0.7494380493164062,-2.701380615234375,-2.5094466277531726,-2.851696533203125,0.5567693481445313,0.705297734658917,2.026004638671875,2.20617138671875,0.8532586371869482,1.068215087890625,-2.116209716796875,2.723411913948973,-2.756372314453125,-0.15900619506835936,-1.188471589122576
2025-09-24T12:07:55.226+02:00,-0.4578876037597656,-0.49506927490234376,1.6748661374505225,0.8936675415039063,-0.44760467529296877,1.250323638597721,2.423916259765625,4.13177880859375,-0.8847394649586113,2.45366845703125,4.1067216796875,2.92147546527591,-0.8884058837890625,3.862629150390625,0.6988915672357586,0.7494800415039062,-2.70124267578125,-2.5028603640612976,-2.8517197265625,0.5567485961914063,0.7055430117953133,2.0260020751953123,2.206179443359375,0.8532481842796695,1.06821875,-2.116177978515625,2.723355188617754,-2.756408203125,-0.15899592590332032,-1.188363464782319
2025-09-24T12:07:55.246+02:00,-0.4595450744628906,-0.4881276550292969,1.6745305791531726,0.8955995483398438,-0.4411387939453125,1.248812827311319,2.42393310546875,4.1317880859375,-0.8843183526112425,2.45367431640625,4.10670849609375,2.9206466895446774,-0.888456298828125,3.862701904296875,0.6996861879260111,0.749551025390625,-2.701099365234375,-2.500754069955154,-2.851702392578125,0.5567755737304687,0.7053617171041062,2.0260064697265623,2.206170166015625,0.8532334037356196,1.0682142333984375,-2.116205078125,2.7234246971222054,-2.756463134765625,-0.15897035217285158,-1.1881839677248476
2025-09-24T12:07:55.266+02:00,-0.4608117980957031,-0.4813560485839844,1.6739381589686844,0.8974599609375,-0.4350651550292969,1.2479692710360364,2.423932861328125,4.1317822265625,-0.8843449176431161,2.453659912109375,4.1066982421875,2.919495671321545,-0.8884912719726562,3.8627880859375,0.7023066052805945,0.7494221801757812,-2.70131396484375,-2.5091808442763828,-2.8516865234375,0.5567838134765625,0.7051920737426681,2.026002685546875,2.20616796875,0.8532626319285832,1.0682379150390624,-2.11623095703125,2.723491276149457,-2.75643505859375,-0.15898765563964845,-1.1882339019952866
2025-09-24T12:07:55.286+02:00,-0.4616589660644531,-0.47605218505859376,1.673957600044642,0.8989558715820313,-0.43012176513671874,1.2480648785191701,2.423937255859375,4.1317734375,-0.8842861949410799,2.453666015625,4.10670849609375,2.9205614683897947,-0.88845166015625,3.86263330078125,0.6972019912611852,0.749414794921875,-2.701403564453125,-2.510939063228053,-2.851738037109375,0.5567737426757813,0.7047194958072336,2.02600927734375,2.2061806640625,0.8532191558237877,1.0682945556640624,-2.1162119140625,2.723455856106959,-2.756416015625,-0.1589914093017578,-1.188366127943409
2025-09-24T12:07:55.306+02:00,-0.4622786560058594,-0.4703944091796875,1.6743367010258148,0.9008406982421875,-0.4246142272949219,1.2482628845462176,2.4239384765625,4.13178369140625,-0.8846190900773397,2.45368603515625,4.10673681640625,2.9212949029540027,-0.8884390258789062,3.8626865234375,0.6991449004344524,0.749617431640625,-2.70104150390625,-2.4977854442880427,-2.851699951171875,0.5567620239257812,0.7049553187217601,2.0260006103515624,2.206177978515625,0.8532433905897074,1.0682593994140626,-2.11621875,2.7234627803257934,-2.756370361328125,-0.15900021362304687,-1.1885897003169212
2025-09-24T12:07:55.326+02:00,-0.46321060180664064,-0.4639240112304687,1.6744203242840432,0.9026640014648437,-0.41844070434570313,1.247095887356545,2.423938720703125,4.13177099609375,-0.8843465155397701,2.45366552734375,4.10671044921875,2.9211201995864933,-0.888443115234375,3.862692138671875,0.6988050810793583,0.7496546630859375,-2.700971923828125,-2.4973548111397768,-2.851745849609375,0.5567789306640625,0.7045516500795314,2.026001220703125,2.206184326171875,0.8531746144545561,1.0682989501953124,-2.1161982421875,2.723378624435347,-2.75640625,-0.15898126220703124,-1.188385169545203
2025-09-24T12:07:55.346+02:00,-0.46415505981445315,-0.45754595947265625,1.6748006236877067,0.9043146362304687,-0.41265957641601564,1.245523290732853,2.423956298828125,4.1317783203125,-0.8846401290499514,2.453650146484375,4.10671240234375,2.92073723702174,-0.8884564819335937,3.8627783203125,0.700365760057172,0.749625732421875,-2.701004638671875,-2.496283155117129,-2.85175537109375,0.5567702026367187,0.7041913909630708,2.0260111083984373,2.206185791015625,0.85320577343931,1.0682542724609374,-2.116306884765625,2.7239719767262165,-2.75639794921875,-0.1589750518798828,-1.1883188568340601
2025-09-24T12:07:55.366+02:00,-0.46492877197265625,-0.45197860717773436,1.6750949029881603,0.9058564453125,-0.4080839233398437,1.2441224679994713,2.42393701171875,4.13177392578125,-0.8846579722292549,2.45367431640625,4.1067158203125,2.921010477349582,-0.8884873657226563,3.8627236328125,0.7012257613521858,0.7496307983398437,-2.70099853515625,-2.4969758433166587,-2.8517978515625,0.556765869140625,0.7032337848141056,2.026015380859375,2.20618359375,0.8532426582204077,1.0682767333984375,-2.11628759765625,2.723816181802447,-2.75639208984375,-0.15900225830078124,-1.1883458879191244
2025-09-24T12:07:55.386+02:00,-0.46612451171875,-0.44731759643554686,1.6756528352365319,0.9076378784179687,-0.4026835632324219,1.2435637368027728,2.42393603515625,4.13176904296875,-0.8845860003007955,2.4536611328125,4.10669677734375,2.921248830267144,-0.8884861450195313,3.862687744140625,0.6998295991507119,0.74956591796875,-2.701064208984375,-2.501994836707022,-2.85176708984375,0.5567695922851562,0.7037289996188059,2.02600244140625,2.206181396484375,0.8532302745213388,1.0682899169921876,-2.11620068359375,2.7234939393105475,-2.75643359375,-0.15897918701171876,-1.1882414920043933
2025-09-24T12:07:55.406+02:00,-0.46718414306640627,-0.4414450988769531,1.6746448287639368,0.909718505859375,-0.3961822509765625,1.2434122029367474,2.423958251953125,4.1317666015625,-0.8847651644631306,2.4536298828125,4.10667041015625,2.9192463994435136,-0.8884343872070313,3.86269287109375,0.6992844500755726,0.7494230346679688,-2.701336669921875,-2.509290300197185,-2.851774658203125,0.5567522583007812,0.7034578898198358,2.026002685546875,2.206169677734375,0.8532146284499346,1.06829052734375,-2.116202880859375,2.7234755634990258,-2.756427001953125,-0.15897042846679688,-1.1882915594328867
2025-09-24T12:07:55.426+02:00,-0.4680431823730469,-0.43464581298828125,1.674461736438994,0.9117014770507812,-0.39050445556640623,1.2432062074264296,2.423949462890625,4.131783203125,-0.8843310026264204,2.453685791015625,4.1067060546875,2.9204208534842384,-0.8884669189453125,3.86270947265625,0.7004412606740757,0.7495545654296875,-2.701294677734375,-2.505863078190362,-2.851740478515625,0.5567532958984375,0.70411242823675,2.0260045166015623,2.206173583984375,0.8531803402508998,1.068318115234375,-2.11618896484375,2.723424963438314,-2.756397216796875,-0.15899911499023436,-1.1884000832473074
2025-09-24T12:07:55.446+02:00,-0.4690165710449219,-0.42874334716796875,1.6758881255188405,0.91353857421875,-0.38461349487304686,1.2429208497156277,2.42393212890625,4.13178564453125,-0.8840132209293466,2.4536669921875,4.10671484375,2.920878384559514,-0.88847998046875,3.862770263671875,0.7029365760364528,0.7493650512695312,-2.70159130859375,-2.5073461926014273,-2.8516923828125,0.5567553100585938,0.7061469501515161,2.0259986572265625,2.2061865234375,0.8532224181961231,1.0683250732421874,-2.116200927734375,2.723455856106959,-2.7562861328125,-0.1589410705566406,-1.1887099420401381
2025-09-24T12:07:55.466+02:00,-0.4694971008300781,-0.4233346252441406,1.6775028000877554,0.9148790283203125,-0.3794646911621094,1.2425232397648789,2.423919677734375,4.13177197265625,-0.8849164985920743,2.453669677734375,4.10669970703125,2.920273580675957,-0.8884288940429688,3.862665771484375,0.697751001919905,0.7495569458007812,-2.701423095703125,-2.499986813245102,-2.851715087890625,0.5567514038085938,0.7054100534778911,2.0260068359375,2.20618017578125,0.8532396621641813,1.06829443359375,-2.11620361328125,2.723548534112894,-2.756293701171875,-0.15892286682128906,-1.1886024834901534
2025-09-24T12:07:55.486+02:00,-0.47086148071289063,-0.41650592041015627,1.6779601980049765,0.9166141967773438,-0.37370852661132814,1.2415615722952513,2.4239345703125,4.1317880859375,-0.8841903877208642,2.453645751953125,4.10669580078125,2.919932696056427,-0.8884486083984375,3.86275732421875,0.7010345463859182,0.7496710205078125,-2.70114794921875,-2.4949331987605676,-2.851745361328125,0.5568010864257813,0.7046398007116129,2.025994873046875,2.2061826171875,0.8532039758055743,1.0682623291015625,-2.116294677734375,2.7239410840575715,-2.756298095703125,-0.1589246368408203,-1.18857252292789
2025-09-24T12:07:55.506+02:00,-0.4715614013671875,-0.41145159912109375,1.6771792260153109,0.9183958740234375,-0.36796102905273437,1.2405732732147228,2.423947509765625,4.1317724609375,-0.884242385941148,2.45368115234375,4.106697265625,2.9201926205788187,-0.8884879150390625,3.86271484375,0.7003930574583453,0.749418701171875,-2.701544677734375,-2.511042393878348,-2.85168701171875,0.5567646484375,0.7057798999742759,2.0260035400390626,2.2061728515625,0.8531772110366189,1.0682916259765625,-2.116242919921875,2.7235349519913346,-2.75634716796875,-0.15889266967773438,-1.1883530784540677
2025-09-24T12:07:55.526+02:00,-0.47290481567382814,-0.40575543212890625,1.6759324671509903,0.92037109375,-0.362293701171875,1.240794981375472,2.423940185546875,4.13177294921875,-0.8844236140533279,2.45365576171875,4.10668798828125,2.9203572039341856,-0.8884908447265625,3.86266455078125,0.6985084715129508,0.7494304809570312,-2.701442626953125,-2.5111840740483404,-2.851822998046875,0.5567737426757813,0.7031721992138975,2.025996826171875,2.20617333984375,0.853348452294711,1.0683040771484376,-2.116234130859375,2.7235788941493206,-2.756369140625,-0.15892489624023437,-1.1883418931774892
2025-09-24T12:07:55.546+02:00,-0.473840576171875,-0.39953970336914063,1.6756198120390149,0.9222504272460937,-0.3560797729492188,1.2401004289631792,2.42392578125,4.131767578125,-0.8848837417106663,2.453659912109375,4.10668994140625,2.9201867616244206,-0.8884815063476562,3.862689208984375,0.6987055454336166,0.7493987426757812,-2.70138037109375,-2.5103720762319752,-2.851730712890625,0.5567698974609375,0.7046341414942965,2.026008056640625,2.2061767578125,0.8533113677765317,1.0683245849609375,-2.1162177734375,2.7235647793955433,-2.756366943359375,-0.15893843078613282,-1.1884188585329925
2025-09-24T12:07:55.566+02:00,-0.47434994506835937,-0.39381826782226564,1.6765814795086427,0.9237951049804688,-0.35085125732421873,1.2393632659734453,2.4239365234375,4.1317763671875,-0.8844387274925141,2.453668701171875,4.1067294921875,2.9215356527165457,-0.8884484252929687,3.8626875,0.6997854572556438,0.7494823608398438,-2.701218994140625,-2.503748794600948,-2.851683837890625,0.5567627563476563,0.7054799614565057,2.0260096435546875,2.206174072265625,0.8531727502417931,1.0683209228515624,-2.116220458984375,2.723543207790714,-2.75637548828125,-0.1589579315185547,-1.1884478869888744
2025-09-24T12:07:55.586+02:00,-0.47561065673828123,-0.38815716552734375,1.6772029281490126,0.9256043701171875,-0.34547625732421877,1.238323168409715,2.423923828125,4.131794921875,-0.8843418550078624,2.45365234375,4.10671826171875,2.920978519416501,-0.8884630737304687,3.862694580078125,0.7003789427045679,0.74945068359375,-2.70128662109375,-2.5072471230088764,-2.851748779296875,0.5567745361328125,0.7044563089125065,2.0259998779296877,2.206174072265625,0.8532267458328945,1.06830810546875,-2.1161982421875,2.723520570921448,-2.7563857421875,-0.1589873504638672,-1.1884418948764217
2025-09-24T12:07:55.606+02:00,-0.4760207824707031,-0.3821310119628906,1.676062163096077,0.9270123291015625,-0.33974627685546877,1.2380765596927736,2.423941650390625,4.1318076171875,-0.8841090947285896,2.45366357421875,4.10673193359375,2.92084189925258,-0.8884078369140626,3.862711181640625,0.6999315316414346,0.7494747924804688,-2.7014716796875,-2.5085273045448773,-2.85171826171875,0.5567699584960938,0.7040820682003232,2.026010986328125,2.2061787109375,0.853204708174874,1.068310791015625,-2.1161865234375,2.723379423383674,-2.7563564453125,-0.1589053192138672,-1.188349483186596
2025-09-24T12:07:55.626+02:00,-0.4774701843261719,-0.37592831420898437,1.6762882654726248,0.9292036743164063,-0.333810791015625,1.238776571585301,2.42393603515625,4.13178076171875,-0.8847505170771351,2.453658447265625,4.10671044921875,2.920373715532944,-0.888473876953125,3.8627080078125,0.7002840010117066,0.7497509765625,-2.70104443359375,-2.4927078613536975,-2.85169921875,0.5567705688476563,0.7046567117845349,2.0260032958984375,2.20618017578125,0.8531186214926372,1.06828857421875,-2.116221923828125,2.723519771973121,-2.7563505859375,-0.15893016052246095,-1.1884428269828033
2025-09-24T12:07:55.646+02:00,-0.47830398559570314,-0.3694281921386719,1.6759464487467133,0.9311174926757813,-0.32776171875,1.2384062590357254,2.42392578125,4.131751953125,-0.8846235508721656,2.4536552734375,4.10668701171875,2.9203803734356693,-0.8884717407226562,3.86270068359375,0.7004581717469978,0.7497491455078125,-2.7009638671875,-2.492521173761283,-2.8516904296875,0.5567570190429687,0.7047549824287589,2.02600439453125,2.2061767578125,0.8531097664820128,1.0683216552734376,-2.116216552734375,2.7235394793651877,-2.756288818359375,-0.15892166137695313,-1.188581444517542
2025-09-24T12:07:55.666+02:00,-0.4789219970703125,-0.36414495849609374,1.6760993141932836,0.9329159545898438,-0.32165994262695313,1.2384894828197903,2.42392724609375,4.13177978515625,-0.8845348676078659,2.453643798828125,4.10670556640625,2.920309000718455,-0.8884550170898438,3.86268115234375,0.7006255514215093,0.7495621948242187,-2.701201416015625,-2.4997628413974264,-2.85170654296875,0.5567747802734375,0.705306190195378,2.026013671875,2.20618408203125,0.8531895281566606,1.0683043212890626,-2.116194580078125,2.7235743667754675,-2.75634912109375,-0.158888427734375,-1.1883316400072925
2025-09-24T12:07:55.686+02:00,-0.48039617919921873,-0.358816162109375,1.6766644369765986,0.9348045043945312,-0.31635275268554686,1.2383756326831894,2.423925048828125,4.13178125,-0.8841877911388014,2.453624755859375,4.10668505859375,2.920255471180545,-0.8884501953125,3.862625,0.7007954610990563,0.7495254516601563,-2.701344970703125,-2.5063142176790216,-2.851801513671875,0.5567637329101562,0.7038464450228783,2.0260079345703126,2.20617822265625,0.8531821378846356,1.068294189453125,-2.116217041015625,2.7236382826416294,-2.756330322265625,-0.15894973754882813,-1.1884903644082612
2025-09-24T12:07:55.706+02:00,-0.4809412841796875,-0.35206134033203124,1.6759786729959032,0.9362830810546875,-0.3107796325683594,1.2382733672973303,2.423931640625,4.13179345703125,-0.8842688843939943,2.453649658203125,4.10670068359375,2.920332436536048,-0.8884703369140625,3.862677001953125,0.7003675576909079,0.7494822387695312,-2.701385498046875,-2.507849263731343,-2.851779296875,0.556755126953125,0.7035173448911718,2.0260018310546877,2.2061826171875,0.8532871995896393,1.0682493896484375,-2.11631201171875,2.7239970104404634,-2.756339599609375,-0.15897578430175782,-1.1885181944416525
2025-09-24T12:07:55.726+02:00,-0.4823146362304688,-0.34622036743164064,1.6765893358338584,0.93797998046875,-0.30486178588867185,1.237200779168301,2.423939208984375,4.13177685546875,-0.8842807354608452,2.45365966796875,4.10673681640625,2.9215300600782568,-0.8884835205078125,3.8627138671875,0.700376079806396,0.7494200439453125,-2.701386962890625,-2.507809316314992,-2.85167724609375,0.5567901000976563,0.7055002680598176,2.02601123046875,2.206181640625,0.8531923910548324,1.06833740234375,-2.11621923828125,2.7234305560766034,-2.756304931640625,-0.1589570770263672,-1.1885934287424473
2025-09-24T12:07:55.747+02:00,-0.4834768371582031,-0.3408338623046875,1.6762549759589989,0.940058349609375,-0.29928118896484374,1.237185732308142,2.42393701171875,4.1317900390625,-0.8838681452289646,2.45366064453125,4.1067099609375,2.9206546790279475,-0.8884596557617187,3.862695556640625,0.7006909320262708,0.7496180419921875,-2.701125244140625,-2.4999905416706283,-2.851760986328125,0.5567655639648438,0.7036446439912776,2.02601318359375,2.20617626953125,0.8532097681809452,1.0682945556640624,-2.116218994140625,2.723386613918617,-2.756287841796875,-0.15896620178222656,-1.188639368271251
2025-09-24T12:07:55.766+02:00,-0.48476446533203127,-0.33430654907226565,1.6759966493332612,0.9417805786132812,-0.2932657470703125,1.2385350228744307,2.423927978515625,4.131771484375,-0.8845863331959317,2.4536533203125,4.1067109375,2.921113541683768,-0.8884708251953125,3.862716552734375,0.7008853427858465,0.7496638793945313,-2.701162353515625,-2.496484756411648,-2.851793212890625,0.5567590942382813,0.702893565984848,2.026004638671875,2.206164306640625,0.853229009519821,1.068296875,-2.116207275390625,2.7234302897604943,-2.756345947265625,-0.15895069885253907,-1.1884241848551726
2025-09-24T12:07:55.786+02:00,-0.48493136596679687,-0.3285076599121094,1.677067240091473,0.9437969360351562,-0.28783355712890624,1.2388551348374581,2.423927734375,4.13176416015625,-0.8843152233969617,2.453653076171875,4.10669970703125,2.9207135348880384,-0.8885143432617187,3.86269580078125,0.7006375356464146,0.7494441528320313,-2.7014619140625,-2.510241048706343,-2.851723388671875,0.5567530517578125,0.704470956298502,2.0260079345703126,2.2061796875,0.8532471855942608,1.0683153076171874,-2.116243408203125,2.7236044604957854,-2.7563388671875,-0.1589078369140625,-1.1884027464083975
2025-09-24T12:07:55.806+02:00,-0.48590087890625,-0.32314639282226565,1.6782751168038785,0.9455021362304687,-0.2822236938476563,1.2382223677624553,2.42392431640625,4.13177294921875,-0.8842651559684682,2.45364208984375,4.10671044921875,2.9210909048145024,-0.888504150390625,3.86269091796875,0.7000375254528197,0.7495792236328125,-2.701179443359375,-2.5011956220638893,-2.85169384765625,0.556771240234375,0.7053366833898594,2.02600830078125,2.206171142578125,0.8532913274893289,1.068234375,-2.11620849609375,2.7234324202893663,-2.756313720703125,-0.1589554443359375,-1.1885922303199568
2025-09-24T12:07:55.826+02:00,-0.4867668151855469,-0.31693167114257814,1.6779026737254308,0.9471358032226562,-0.27583990478515624,1.2379050521185724,2.42390966796875,4.1317783203125,-0.8843399242160721,2.45365185546875,4.1067216796875,2.921082649015123,-0.8885052490234375,3.862736572265625,0.7018914184666512,0.7496334838867188,-2.70104541015625,-2.495396588790242,-2.851738525390625,0.5567855834960938,0.705231688263883,2.025995849609375,2.20618310546875,0.8532320055760473,1.068228271484375,-2.116195068359375,2.7233938044535604,-2.756362060546875,-0.15896827697753907,-1.18848796756328
2025-09-24T12:07:55.846+02:00,-0.48734844970703123,-0.31068246459960935,1.6776404855161127,0.9488661499023437,-0.27053558349609375,1.2380045211852868,2.423923095703125,4.13177392578125,-0.8846521132748567,2.45367529296875,4.10672607421875,2.920879716140059,-0.8884557495117188,3.8627265625,0.701297400385509,0.7494262084960938,-2.70141650390625,-2.5076226287225776,-2.851750244140625,0.5567682495117188,0.7044399970508297,2.02599169921875,2.206173583984375,0.853273151414889,1.06821044921875,-2.1162158203125,2.7234526603136513,-2.756359130859375,-0.15898814392089844,-1.1884951580982233
2025-09-24T12:07:55.866+02:00,-0.48881890869140626,-0.3050010986328125,1.6776259712881716,0.9504281005859375,-0.2649873046875,1.2377922672464077,2.423934814453125,4.13177880859375,-0.8844427888131765,2.453625,4.1066845703125,2.920336697593792,-0.8885093383789062,3.8626875,0.699693045565818,0.7496119384765625,-2.701132568359375,-2.497288232112525,-2.851710205078125,0.55676611328125,0.7049660379451477,2.025990234375,2.206176025390625,0.8532258137265128,1.06826318359375,-2.116185302734375,2.7234380129276556,-2.75638037109375,-0.1589798126220703,-1.1884102032594497
2025-09-24T12:07:55.886+02:00,-0.4898926086425781,-0.2991748046875,1.6761862664028748,0.9523790893554688,-0.25883953857421876,1.2378637731216762,2.423922119140625,4.131779296875,-0.8841329300203458,2.453616455078125,4.10668701171875,2.9203569376180765,-0.888478515625,3.86269921875,0.7001530400651019,0.7496154174804688,-2.701097900390625,-2.4958618430326784,-2.851748046875,0.5567852783203125,0.7040792718811786,2.0259964599609375,2.206185791015625,0.8532389963739088,1.068195068359375,-2.116208251953125,2.723440409772637,-2.75636962890625,-0.15899685668945313,-1.1884713228064672
2025-09-24T12:07:55.906+02:00,-0.49124468994140624,-0.2932611083984375,1.6753568248813697,0.9545755615234375,-0.2528646392822266,1.237633010213221,2.42393310546875,4.13174951171875,-0.8847403970649929,2.45365771484375,4.10669873046875,2.920240024846222,-0.8884843139648437,3.862716552734375,0.7004965212666949,0.7496281127929687,-2.701139892578125,-2.4949435850888193,-2.8517333984375,0.556787841796875,0.7043644964339261,2.0260037841796876,2.206171630859375,0.8531987160624214,1.068208740234375,-2.11619775390625,2.7234113813167546,-2.7564619140625,-0.15894456481933594,-1.1881058039468537
2025-09-24T12:07:55.926+02:00,-0.49194070434570314,-0.28764190673828127,1.6751351167206205,0.9563969116210937,-0.2470203857421875,1.2377180982100489,2.42393359375,4.13175927734375,-0.884654310382756,2.45365234375,4.106666015625,2.9201545373752307,-0.8885067749023438,3.86276025390625,0.7015563928015193,0.7496657104492187,-2.701103515625,-2.4947254721955416,-2.851775146484375,0.5567858276367188,0.7037795996795173,2.02598779296875,2.206177490234375,0.8532370655821185,1.0682550048828126,-2.116195068359375,2.7233951360341053,-2.756404541015625,-0.1590147705078125,-1.1883866342838025
2025-09-24T12:07:55.946+02:00,-0.4928829956054688,-0.2811671447753906,1.675374934376782,0.9582183837890625,-0.24178343200683594,1.2373636314689593,2.42393017578125,4.1317646484375,-0.8847098372914841,2.453654296875,4.1066904296875,2.9203494807670243,-0.8884579467773438,3.862708984375,0.7010251587430757,0.7496192626953125,-2.701095458984375,-2.4955204257809305,-2.8518115234375,0.5567959594726563,0.7030585488143785,2.0260142822265625,2.206173583984375,0.8531912592113692,1.0682921142578126,-2.116191650390625,2.7233959349824324,-2.75643505859375,-0.15898941040039063,-1.188246951484628
2025-09-24T12:07:55.966+02:00,-0.4937090759277344,-0.27518051147460937,1.6758966476343287,0.9599932861328125,-0.23621479797363282,1.2370921221958258,2.4239208984375,4.13178564453125,-0.8845160923221809,2.453671630859375,4.1066796875,2.919930831843664,-0.8884320678710937,3.86269921875,0.7007155662663539,0.7496480712890625,-2.701041259765625,-2.4955925974464717,-2.8517041015625,0.5567890625,0.7050806204510484,2.0259931640625,2.206189208984375,0.8531913257903964,1.068307373046875,-2.11623095703125,2.7236193741978902,-2.75629833984375,-0.15894387817382813,-1.1886328435265805
2025-09-24T12:07:55.986+02:00,-0.49449420166015623,-0.2694443359375,1.6762347359347143,0.9616170654296875,-0.23013722229003905,1.2366373874396948,2.423917724609375,4.13178076171875,-0.8843499776491872,2.45364697265625,4.1066826171875,2.9200802351808175,-0.8884715576171875,3.86268896484375,0.6990636074421778,0.7496670532226563,-2.700997314453125,-2.495008566219417,-2.851701171875,0.5567840576171875,0.7059068661792454,2.0259976806640627,2.20618310546875,0.8532413266398626,1.068356689453125,-2.11620263671875,2.723489678252803,-2.7562978515625,-0.1589083251953125,-1.188564799760729
2025-09-24T12:07:56.006+02:00,-0.4957872314453125,-0.263593017578125,1.6756301983672663,0.96383203125,-0.22427731323242187,1.23678625814463,2.423932861328125,4.1317646484375,-0.8844849999164542,2.453630615234375,4.10669580078125,2.9206557442923837,-0.8884540405273438,3.862724609375,0.7002953194463395,0.7496546630859375,-2.701037841796875,-2.4958980620235036,-2.851675537109375,0.5567552490234375,0.7059645236168456,2.0260079345703126,2.206171630859375,0.8532903953829474,1.0683013916015625,-2.116216552734375,2.723475829815135,-2.756314697265625,-0.15894732666015626,-1.1885727892439992
2025-09-24T12:07:56.026+02:00,-0.4967577819824219,-0.2580020141601562,1.674633244013195,0.9656044921875,-0.21903579711914062,1.2368503071688466,2.4239208984375,4.13176904296875,-0.8846452556350497,2.45364306640625,4.106685546875,2.9199081949743984,-0.8884693603515625,3.86274072265625,0.7006087735066417,0.7496419067382812,-2.701068603515625,-2.4969042042833354,-2.8517255859375,0.5567545776367188,0.7047659013892282,2.0259954833984377,2.20618408203125,0.853213163711335,1.068314453125,-2.116224853515625,2.7236326900033405,-2.756358642578125,-0.1589672393798828,-1.1884508164660734
2025-09-24T12:07:56.047+02:00,-0.49800714111328126,-0.2520611877441406,1.674255341454513,0.9672354125976562,-0.213578857421875,1.2366693453727757,2.423916259765625,4.13178662109375,-0.8844563043557087,2.45364208984375,4.10666845703125,2.91982989803835,-0.8884622192382813,3.862724609375,0.7002219493583077,0.7495484008789063,-2.70120654296875,-2.5009839007572277,-2.8517021484375,0.5567447509765625,0.7047631716491108,2.0259915771484374,2.206183837890625,0.8532921264376558,1.06830078125,-2.116205078125,2.723450796100888,-2.75632080078125,-0.1589343719482422,-1.1884944923079508
2025-09-24T12:07:56.066+02:00,-0.498615966796875,-0.24602088928222657,1.6746779851195084,0.9692081909179687,-0.20745254516601563,1.2357489569000444,2.423926513671875,4.1317705078125,-0.8847196909875175,2.453634521484375,4.10669580078125,2.919932429740318,-0.8884797973632812,3.862728515625,0.6998970437053181,0.749443115234375,-2.701421630859375,-2.5081922788797453,-2.851709228515625,0.556766357421875,0.7050124435271423,2.026002197265625,2.206184814453125,0.8532333371565923,1.0682996826171876,-2.116210205078125,2.7234987330005094,-2.75633447265625,-0.15891806030273437,-1.1884371011864596
2025-09-24T12:07:56.086+02:00,-0.4994447937011719,-0.24023023986816405,1.675386785443633,0.9710050048828125,-0.20176171875,1.2353002142563658,2.423936767578125,4.1317900390625,-0.884443454603449,2.453660400390625,4.1067138671875,2.9204205871681297,-0.8884720458984375,3.862752197265625,0.7006147656190944,0.7495642700195313,-2.70117626953125,-2.5016744584278854,-2.851718017578125,0.5567907104492188,0.705256255924939,2.02600537109375,2.20617724609375,0.8532276113602487,1.0682694091796876,-2.11626708984375,2.723810855480267,-2.756327880859375,-0.15891015625,-1.1884585396332348
2025-09-24T12:07:56.106+02:00,-0.5003566284179688,-0.23461233520507813,1.67590703396258,0.9724113159179687,-0.19636654663085937,1.2354578733928987,2.42392822265625,4.13177197265625,-0.8844577690943082,2.453655517578125,4.106703125,2.9198927486400756,-0.8884437866210938,3.862732177734375,0.7004753491360288,0.7495789794921875,-2.7011201171875,-2.5022939096974377,-2.8517568359375,0.5567654418945313,0.7049429350226912,2.0260020751953123,2.206169189453125,0.8532399284802903,1.0683148193359375,-2.11623046875,2.723586084684264,-2.756352783203125,-0.15896482849121094,-1.1885201918124702
2025-09-24T12:07:56.126+02:00,-0.5012775268554688,-0.22859400939941407,1.6757716122211495,0.9742412109375,-0.19076510620117187,1.234748007804338,2.423916259765625,4.13177294921875,-0.8843382597403908,2.453662109375,4.10669287109375,2.9201441510469794,-0.8884603271484375,3.8626904296875,0.7003635629492727,0.7493984375,-2.701501953125,-2.5086340973045895,-2.851757568359375,0.5567753295898438,0.7040729468735896,2.025992431640625,2.20617431640625,0.8532304742584206,1.068298828125,-2.11624267578125,2.7236531963437343,-2.75631640625,-0.15890493774414063,-1.1884899649340976
2025-09-24T12:07:56.146+02:00,-0.5025759582519531,-0.22242189025878906,1.6755343245680234,0.9762481689453125,-0.1847909698486328,1.2343637136590395,2.423916748046875,4.131783203125,-0.8841561661008567,2.453622802734375,4.10668115234375,2.9199822308527024,-0.8884434204101562,3.862768798828125,0.7026209248682511,0.749642822265625,-2.701077880859375,-2.4965979407579764,-2.85172412109375,0.55676513671875,0.7050705670179332,2.0259998779296877,2.20617431640625,0.8531832697280989,1.0682744140625,-2.116294677734375,2.7240052662398426,-2.75632958984375,-0.15891632080078125,-1.188466262800396
2025-09-24T12:07:56.166+02:00,-0.503580078125,-0.21697978210449217,1.6754966408385987,0.9781746215820313,-0.17925787353515624,1.2338915351977686,2.423926025390625,4.131775390625,-0.8845456534102808,2.4536396484375,4.10672802734375,2.9205593378609227,-0.8884684448242187,3.862728759765625,0.7016651829320489,0.7495328369140625,-2.701191162109375,-2.499919701585632,-2.85167041015625,0.556767333984375,0.7061351656636925,2.0259984130859374,2.20618408203125,0.8532533774437953,1.0683048095703125,-2.116232666015625,2.723616178404582,-2.756322265625,-0.15891871643066408,-1.1885440271042262
2025-09-24T12:07:56.186+02:00,-0.5045528869628906,-0.2107328643798828,1.6756289999447758,0.9800484619140625,-0.17405802917480467,1.234178623963279,2.4239306640625,4.13178857421875,-0.8845846021412231,2.45364794921875,4.10671240234375,2.9207923644563047,-0.8884483032226562,3.862722412109375,0.701155254162326,0.7495020751953125,-2.701288818359375,-2.502261419132139,-2.851672607421875,0.55677490234375,0.7060151236775571,2.0260125732421876,2.206189697265625,0.8532109000244085,1.0683477783203126,-2.116218505859375,2.7235599857055814,-2.7563125,-0.15892884826660156,-1.1885237870799417
2025-09-24T12:07:56.206+02:00,-0.50494873046875,-0.20753456115722657,1.67525336107302,0.981042236328125,-0.1709427032470703,1.2352241810072442,2.4239345703125,4.13176220703125,-0.8847362025862759,2.45364599609375,4.1067119140625,2.921070931106327,-0.8884569091796874,3.8627158203125,0.70013879215327,0.7494579467773438,-2.70149755859375,-2.5088620638939,-2.851714111328125,0.5567914428710937,0.7059011403829017,2.025998046875,2.20618017578125,0.853128075714507,1.0683004150390625,-2.11620556640625,2.723514179334832,-2.75633935546875,-0.1589476318359375,-1.188469724909813
2025-09-24T12:07:56.226+02:00,-0.5063129272460938,-0.19764227294921874,1.675318608519727,0.9837040405273437,-0.16274618530273438,1.2341145749390627,2.4239296875,4.13177734375,-0.8842134906433207,2.45364453125,4.1066962890625,2.9201052688950644,-0.8884819946289062,3.86273876953125,0.7001941859039437,0.7494576416015625,-2.701375,-2.507925430138519,-2.851704833984375,0.5567491455078125,0.7049602455697768,2.025998779296875,2.206181396484375,0.8532473853313426,1.0683021240234376,-2.116234375,2.723584753103719,-2.7563818359375,-0.1589527587890625,-1.188399950089253
2025-09-24T12:07:56.246+02:00,-0.5072103576660156,-0.19146322631835938,1.675637522060264,0.9852500610351562,-0.15745681762695313,1.2337983245596158,2.423926025390625,4.131775390625,-0.884502643358676,2.45364208984375,4.106693359375,2.9202831680558816,-0.8884702758789063,3.86266455078125,0.6995004990190054,0.749626953125,-2.701072021484375,-2.496821912605652,-2.8516962890625,0.5567678833007812,0.7058535363784165,2.0260045166015623,2.2061806640625,0.85327022193769,1.0683070068359375,-2.116225341796875,2.7235591867572544,-2.7564267578125,-0.1589579315185547,-1.18830141312892
2025-09-24T12:07:56.266+02:00,-0.508276611328125,-0.1864685516357422,1.67613793002909,0.9871813354492187,-0.15144502258300782,1.2324795271878084,2.42390966796875,4.13178515625,-0.8842566338529799,2.453628662109375,4.10669482421875,2.920134829983164,-0.8884672241210938,3.86277685546875,0.7026713251918809,0.7494698486328125,-2.70126611328125,-2.5010464850428447,-2.851747802734375,0.5567741088867187,0.7046131691007121,2.0259993896484376,2.20618212890625,0.8532171584529702,1.0683017578125,-2.116192626953125,2.7235402783135148,-2.756444580078125,-0.15897093200683593,-1.188249880961827
2025-09-24T12:07:56.286+02:00,-0.5095034484863281,-0.1800638732910156,1.6756146188748893,0.9892172241210937,-0.14518362426757814,1.2331090984695032,2.42391552734375,4.13178076171875,-0.8842164201205197,2.45365966796875,4.1067109375,2.9207204591068723,-0.8885337524414062,3.862716796875,0.7013661099416331,0.749786376953125,-2.70096240234375,-2.4928101267395566,-2.851735595703125,0.5567609252929687,0.7047306810838119,2.0260015869140626,2.206184326171875,0.8532208868784963,1.0682947998046874,-2.116208251953125,2.723589014161463,-2.756348388671875,-0.1589057159423828,-1.1884430932989123
2025-09-24T12:07:56.306+02:00,-0.5103478088378907,-0.17326219177246094,1.6754435107748518,0.991135498046875,-0.13975788879394532,1.2332960523780268,2.4239267578125,4.13177880859375,-0.8842649562313865,2.453652587890625,4.106703125,2.9206283137331557,-0.8884879150390625,3.86267138671875,0.6994372489431159,0.7497772827148438,-2.70093896484375,-2.4930370280644314,-2.851775146484375,0.5567703247070312,0.7042371973338202,2.0260052490234375,2.20618505859375,0.8531923910548324,1.0683206787109376,-2.11622021484375,2.723492607730002,-2.756322509765625,-0.15891950988769532,-1.1885260507668682
2025-09-24T12:07:56.326+02:00,-0.5112265625,-0.1678653106689453,1.6762176917037377,0.9928838500976562,-0.13455979919433594,1.2331632937976864,2.42392578125,4.13178369140625,-0.884359165554948,2.45367333984375,4.1067060546875,2.9203188544144885,-0.888433837890625,3.86270703125,0.6998461773284976,0.7494633178710938,-2.70138916015625,-2.507915842758595,-2.851779296875,0.5567747192382813,0.7044077062226125,2.02599658203125,2.206181640625,0.8532642964042646,1.0683187255859374,-2.11621142578125,2.7234262950188595,-2.756337646484375,-0.1589287567138672,-1.188563734496293
2025-09-24T12:07:56.346+02:00,-0.5121128540039063,-0.16215339660644532,1.6767766892165454,0.9948474731445313,-0.1287607421875,1.2329656872448025,2.42393359375,4.13179052734375,-0.8846042429542625,2.453635498046875,4.10668994140625,2.920132433138183,-0.888467529296875,3.86270654296875,0.7005880674291664,0.7495917358398437,-2.701140625,-2.5015197287685518,-2.851758056640625,0.556758544921875,0.7045696264168894,2.0260125732421876,2.206186279296875,0.8532356674225462,1.0683128662109376,-2.11620654296875,2.7234377466115465,-2.75637744140625,-0.15892819213867188,-1.188412333788322
2025-09-24T12:07:56.366+02:00,-0.5130250854492188,-0.1556656036376953,1.676779219219581,0.9966328735351563,-0.12311888885498047,1.233521222648193,2.423936767578125,4.1317724609375,-0.8844955859817872,2.453598388671875,4.10668017578125,2.919500997643725,-0.8884806518554688,3.862689453125,0.6998418496917262,0.7496798095703125,-2.70103662109375,-2.4971513456324947,-2.851810546875,0.5567708129882812,0.7036502366295667,2.0260057373046876,2.20618310546875,0.8532222850380685,1.06828466796875,-2.116229248046875,2.723521103553666,-2.756362060546875,-0.1589752197265625,-1.1884771817608653
2025-09-24T12:07:56.386+02:00,-0.5143319702148438,-0.14886334228515624,1.675974678254268,0.9985972290039062,-0.11731875610351562,1.234005518492424,2.42393896484375,4.131763671875,-0.8845231496990696,2.453626708984375,4.10668017578125,2.9203577365664035,-0.8884554443359375,3.862714111328125,0.700558639499121,0.7495662231445313,-2.7014912109375,-2.511305247877939,-2.8517646484375,0.5567762451171875,0.7047249552874683,2.0260040283203127,2.206185302734375,0.8532343358420011,1.0682713623046876,-2.116218994140625,2.7234894119366944,-2.7563857421875,-0.158986572265625,-1.1884767822867017
2025-09-24T12:07:56.406+02:00,-0.5152698974609375,-0.14440859985351562,1.6750628118970248,1.0006256103515625,-0.11168708038330079,1.233199645946566,2.423936279296875,4.13177978515625,-0.8843129597100351,2.453652099609375,4.10670556640625,2.9208365729304,-0.8884752807617188,3.862775634765625,0.7024495504521046,0.7495621337890624,-2.701572021484375,-2.5098519608710825,-2.851708740234375,0.5567738647460938,0.7052960701832357,2.026004150390625,2.206185546875,0.8532649621945371,1.0682994384765625,-2.11624169921875,2.7236089878696386,-2.756421142578125,-0.15896664428710938,-1.1883257810528942
2025-09-24T12:07:56.426+02:00,-0.5163812255859375,-0.13859480285644532,1.6734804947353543,1.0023941650390624,-0.10585447692871094,1.2327612896311388,2.423923828125,4.1317822265625,-0.8843177533999973,2.453642822265625,4.10670458984375,2.9205255157150787,-0.8884651489257812,3.862713623046875,0.700775820286017,0.749404541015625,-2.701822998046875,-2.5128394949819337,-2.85177294921875,0.5567803344726563,0.7042969853002925,2.0260084228515627,2.206181884765625,0.8533242175287913,1.068273193359375,-2.116213134765625,2.7234715687573905,-2.75644140625,-0.15896121215820314,-1.1882235156670353
2025-09-24T12:07:56.446+02:00,-0.5173445434570313,-0.1313966369628906,1.6737799671999336,1.0043319702148437,-0.10069218444824218,1.2313824379767504,2.423935546875,4.13178173828125,-0.8842895904714697,2.453655517578125,4.10671044921875,2.9205875673684774,-0.8884432983398437,3.862716796875,0.7003549076757299,0.749443359375,-2.701691162109375,-2.511838146412064,-2.851821044921875,0.5567921752929688,0.7037737407251192,2.02601220703125,2.206177001953125,0.8532109000244085,1.068325927734375,-2.116228271484375,2.723562382550562,-2.756451171875,-0.1589834747314453,-1.1882866325848702
2025-09-24T12:07:56.466+02:00,-0.5180283813476563,-0.1259397506713867,1.6757303332242532,1.006179443359375,-0.09487684631347656,1.2321074835835244,2.42393408203125,4.1317705078125,-0.884319284717624,2.453676513671875,4.106708984375,2.9209564151794534,-0.8884595336914063,3.86270556640625,0.6999436490243944,0.7494537353515625,-2.701603271484375,-2.510304964572505,-2.851735107421875,0.5567493896484375,0.7052837530631941,2.02600244140625,2.206176513671875,0.8532690900942267,1.0683240966796874,-2.116228515625,2.723589546793681,-2.756297119140625,-0.1589026641845703,-1.1886138019247863
2025-09-24T12:07:56.486+02:00,-0.5189124755859374,-0.1193274154663086,1.6759726808834505,1.0080130004882812,-0.08835816192626954,1.232116405173176,2.423933837890625,4.131771484375,-0.8843698181993083,2.453658447265625,4.106705078125,2.9212320523522766,-0.8884671020507813,3.8626982421875,0.7004057074735233,0.7493414306640624,-2.70176953125,-2.5139521636853686,-2.851767822265625,0.5567655029296875,0.7047882053633576,2.0260010986328125,2.206187744140625,0.8532187563496242,1.06826953125,-2.1162919921875,2.7238673144953762,-2.75632080078125,-0.158881103515625,-1.18844509066973
2025-09-24T12:07:56.506+02:00,-0.5202789916992188,-0.11274532318115234,1.6754526986806124,1.0098269653320313,-0.08296364593505859,1.2322969674950837,2.4239267578125,4.131771484375,-0.8849007859416428,2.4536396484375,4.106681640625,2.9202653248765778,-0.8885311279296875,3.86277099609375,0.7023594690282327,0.7493538208007813,-2.701687744140625,-2.511944939171776,-2.8517763671875,0.55675,0.7041942538612427,2.0260150146484377,2.206176513671875,0.8532122316049535,1.068299560546875,-2.1162177734375,2.723515510915377,-2.75637060546875,-0.1589056396484375,-1.1883420263355438
2025-09-24T12:07:56.526+02:00,-0.5211719360351562,-0.10715245819091797,1.6756059636013465,1.0118611450195312,-0.07692427062988282,1.2324423760906018,2.423927978515625,4.1317861328125,-0.8843479802783697,2.45365185546875,4.10667724609375,2.9205582725964865,-0.88849658203125,3.862675048828125,0.7005252834064678,0.7494414672851563,-2.70155322265625,-2.5104503731680237,-2.85175341796875,0.5567589721679688,0.7049921369238304,2.0259991455078126,2.2061904296875,0.853153974956108,1.0683277587890625,-2.116229736328125,2.7235621162344534,-2.756339111328125,-0.15893553161621093,-1.1884978212593134
2025-09-24T12:07:56.547+02:00,-0.5219584350585937,-0.10104061889648437,1.676699457544933,1.0138908081054687,-0.07104916381835938,1.2327559633089586,2.42393896484375,4.131779296875,-0.8843238120914771,2.453634765625,4.106701171875,2.9206576085051466,-0.8884506225585938,3.862718994140625,0.6996646829002087,0.7494442138671875,-2.70152392578125,-2.5097851155277215,-2.851726318359375,0.5567716674804688,0.7051446028962375,2.0260037841796876,2.20618115234375,0.8531464515260285,1.0683287353515625,-2.1162021484375,2.7234705034929547,-2.75632861328125,-0.15890699768066407,-1.1885228549735602
2025-09-24T12:07:56.566+02:00,-0.5230230712890624,-0.09452758026123047,1.677909065312047,1.015641357421875,-0.06527607727050781,1.2330676863145524,2.423932373046875,4.1317783203125,-0.8845051067826843,2.4536396484375,4.10668212890625,2.920478111447675,-0.888440185546875,3.8627392578125,0.6999855272325359,0.7492747192382813,-2.701869384765625,-2.5163327633837906,-2.8517060546875,0.55675537109375,0.7049934019253482,2.0260023193359373,2.206177978515625,0.8531713520822208,1.0683004150390625,-2.1161806640625,2.72331604014973,-2.756332763671875,-0.15893336486816406,-1.1885007507365124
2025-09-24T12:07:56.586+02:00,-0.5230230712890624,-0.09452758026123047,1.677909065312047,1.015641357421875,-0.06527607727050781,1.2330676863145524,2.423932373046875,4.1317783203125,-0.8845051067826843,2.4536396484375,4.10668212890625,2.920478111447675,-0.888440185546875,3.8627392578125,0.6999855272325359,0.7492747192382813,-2.701869384765625,-2.5163327633837906,-2.8517060546875,0.55675537109375,0.7049934019253482,2.0260023193359373,2.206177978515625,0.8531713520822208,1.0683004150390625,-2.1161806640625,2.72331604014973,-2.756332763671875,-0.15893336486816406,-1.1885007507365124
2025-09-24T12:07:56.606+02:00,-0.5230230712890624,-0.09452758026123047,1.677909065312047,1.015641357421875,-0.06527607727050781,1.2330676863145524,2.423932373046875,4.1317783203125,-0.8845051067826843,2.4536396484375,4.10668212890625,2.920478111447675,-0.888440185546875,3.8627392578125,0.6999855272325359,0.7492747192382813,-2.701869384765625,-2.5163327633837906,-2.8517060546875,0.55675537109375,0.7049934019253482,2.0260023193359373,2.206177978515625,0.8531713520822208,1.0683004150390625,-2.1161806640625,2.72331604014973,-2.756332763671875,-0.15893336486816406,-1.1885007507365124
2025-09-24T12:07:56.626+02:00,-0.5256085815429687,-0.07620265197753906,1.676630747988809,1.0209777221679688,-0.0478222770690918,1.2320658051124647,2.423913818359375,4.1317734375,-0.8843950516506368,2.453655517578125,4.10667626953125,2.9198173811812267,-0.8884620971679688,3.8627021484375,0.6998074949136642,0.7494459838867188,-2.701478515625,-2.5090447567446796,-2.85168994140625,0.5567545776367188,0.7064498181464853,2.026009765625,2.20617431640625,0.8532777453677695,1.068298583984375,-2.116247802734375,2.723715514313242,-2.7563701171875,-0.1589284210205078,-1.1884376338186775
2025-09-24T12:07:56.646+02:00,-0.5268252563476562,-0.0700264663696289,1.6758918539443666,1.022836669921875,-0.04248911666870117,1.2322711348325097,2.423931396484375,4.13178955078125,-0.8844535080365641,2.45361376953125,4.10666796875,2.919025623389146,-0.8884542236328125,3.8626953125,0.7000574325819681,0.7497123413085938,-2.701090576171875,-2.4982738680319634,-2.85181982421875,0.5567854614257812,0.7039584975257435,2.0260079345703126,2.20618310546875,0.853256240341967,1.0683311767578125,-2.116231201171875,2.7236049931280037,-2.756381591796875,-0.15892263793945313,-1.188310601034681
2025-09-24T12:07:56.666+02:00,-0.527771728515625,-0.06380280303955078,1.6758220791238065,1.0251630859375,-0.03631748962402344,1.2328453123635308,2.423926513671875,4.13176318359375,-0.8846955893796522,2.453610595703125,4.1066689453125,2.9197574600567,-0.8884710083007813,3.8627060546875,0.7005564423912217,0.749653076171875,-2.7010654296875,-2.494957966158706,-2.8517392578125,0.556790283203125,0.7055783652587841,2.02599658203125,2.206185302734375,0.8532547756033675,1.068344970703125,-2.11619482421875,2.723390342344143,-2.75634814453125,-0.158881591796875,-1.188434038551206
2025-09-24T12:07:56.686+02:00,-0.5286282348632813,-0.05827307891845703,1.6759993124943513,1.0270174560546874,-0.030751205444335936,1.2332746139312516,2.4239365234375,4.13177197265625,-0.8847461894403638,2.453614990234375,4.10670556640625,2.9207774507542004,-0.8884602661132812,3.862677734375,0.7004006474674521,0.749510986328125,-2.701252197265625,-2.5010427566173186,-2.851798095703125,0.5567542724609374,0.7039281374893165,2.0259959716796874,2.206189697265625,0.8533009814482804,1.0682938232421875,-2.11630517578125,2.7238286986595703,-2.7563623046875,-0.1589168243408203,-1.1884035453567245
2025-09-24T12:07:56.706+02:00,-0.5297813110351562,-0.052131683349609374,1.676176013232678,1.029071533203125,-0.02482069206237793,1.2340360116869054,2.4239228515625,4.1317724609375,-0.8841267381708113,2.45364599609375,4.10668505859375,2.920535635727221,-0.8884465942382812,3.862686279296875,0.6998807984226686,0.7495457763671876,-2.70124365234375,-2.5005966771347303,-2.851790283203125,0.556777099609375,0.7044369344155762,2.0260081787109376,2.206179931640625,0.8532434571687347,1.0683001708984374,-2.116215576171875,2.7234414750370726,-2.756348388671875,-0.15895491027832032,-1.1885219228671786
2025-09-24T12:07:56.726+02:00,-0.5305823364257812,-0.04506500244140625,1.6754765339723687,1.0311578369140626,-0.018260927200317384,1.2339662368663453,2.42391943359375,4.13177685546875,-0.884201972471606,2.453655029296875,4.106693359375,2.920231769046843,-0.8884892578125,3.862673095703125,0.6999076297706511,0.7494637451171875,-2.701462158203125,-2.5009458175536396,-2.851770751953125,0.55677099609375,0.7060411560772126,2.0260047607421874,2.206180908203125,0.8531758128770467,1.0683094482421875,-2.116210693359375,2.7234734329701538,-2.756390380859375,-0.1589262237548828,-1.188413931684976
2025-09-24T12:07:56.746+02:00,-0.5315350341796875,-0.03979672622680664,1.6757621579992796,1.0327117919921875,-0.012558859825134277,1.2335326742408803,2.4239189453125,4.13177587890625,-0.8839544982273104,2.45365966796875,4.10669091796875,2.920357470250295,-0.8884595947265626,3.862684326171875,0.7009928679148585,0.7493746948242187,-2.70159521484375,-2.5074769538109503,-2.85172509765625,0.5567135009765625,0.7060109291988402,2.02600146484375,2.206188232421875,0.8532103008131632,1.0683243408203125,-2.116184326171875,2.7233043222409337,-2.7563330078125,-0.1589019012451172,-1.1884988865237494
2025-09-24T12:07:56.767+02:00,-0.5319088745117188,-0.03443849945068359,1.6760557715094608,1.03438818359375,-0.006550218105316162,1.2326449094915024,2.42392431640625,4.13177978515625,-0.8842228782861632,2.4536416015625,4.1066943359375,2.919662917838002,-0.8884751586914063,3.862759765625,0.7028271201156505,0.7494031982421875,-2.701537109375,-2.511365169002466,-2.851734130859375,0.5567415161132813,0.7050210322216578,2.026009765625,2.206178955078125,0.853220287667251,1.06830517578125,-2.11619091796875,2.7234238981738783,-2.75631201171875,-0.15892132568359374,-1.1884778475511377
2025-09-24T12:07:56.786+02:00,-0.5328417358398437,-0.028024789810180663,1.6766813480495206,1.0363314208984375,-0.001228130578994751,1.2326257347316538,2.423931884765625,4.1317734375,-0.8846037103220445,2.453641357421875,4.1066494140625,2.9192498615529305,-0.8884630126953125,3.8627529296875,0.7007639026401389,0.7494000854492188,-2.701470703125,-2.5112919320724885,-2.85181201171875,0.5567673950195312,0.7035642165263573,2.026002197265625,2.206174560546875,0.8532280774134394,1.06829833984375,-2.11620947265625,2.7234662424352103,-2.756368896484375,-0.1589278564453125,-1.1884384327670046
2025-09-24T12:07:56.806+02:00,-0.5340866088867188,-0.02144436264038086,1.6765900016241309,1.03841943359375,0.0046913642883300785,1.232762887527793,2.42392724609375,4.1317822265625,-0.8841011052453193,2.45361474609375,4.10666162109375,2.9198253706644968,-0.888475341796875,3.86273046875,0.7000660212764837,0.7494216918945312,-2.701520751953125,-2.5088458186112508,-2.851809326171875,0.5567552490234375,0.7049481947658441,2.0260118408203125,2.20617822265625,0.8531579031187159,1.0683170166015625,-2.116203369140625,2.723411647632864,-2.756352294921875,-0.15896180725097656,-1.1884863696666261
2025-09-24T12:07:56.826+02:00,-0.5347767944335937,-0.015389496803283692,1.676255774907326,1.04037548828125,0.011303879737854005,1.232597771540208,2.42391796875,4.13177783203125,-0.8846550427520558,2.453612548828125,4.10667626953125,2.920057864627661,-0.8884806518554688,3.862697265625,0.6997961764790314,0.7495881958007813,-2.7012626953125,-2.5003689768615285,-2.851758544921875,0.55674560546875,0.7059477457019782,2.026005615234375,2.206171142578125,0.8532338032097831,1.0683177490234375,-2.11619677734375,2.723543207790714,-2.75632177734375,-0.15890872192382813,-1.1884545448915995
2025-09-24T12:07:56.846+02:00,-0.535163818359375,-0.010046426773071288,1.6769667057603226,1.0425546875,0.016418800354003907,1.2328110907435235,2.42391796875,4.13177197265625,-0.8848502524599586,2.4536328125,4.1066962890625,2.9199414844880245,-0.8884871215820312,3.862729736328125,0.7004136303777662,0.7496624755859375,-2.7010771484375,-2.494939856663293,-2.8517412109375,0.5567389526367188,0.7050635762200718,2.0260020751953123,2.206180419921875,0.8531568378542799,1.068290771484375,-2.116228515625,2.7234992656327273,-2.756339111328125,-0.15894789123535155,-1.188514066541963
2025-09-24T12:07:56.866+02:00,-0.5364967651367187,-0.0039340581893920895,1.6779819027678606,1.044107177734375,0.021398868560791016,1.2327453106645985,2.42392724609375,4.13178173828125,-0.8848027816135279,2.453653076171875,4.10668408203125,2.9201438847308703,-0.8885118408203125,3.8626552734375,0.6996902492466734,0.749653076171875,-2.700992431640625,-2.4956724922791738,-2.85175927734375,0.5567568969726563,0.7048122403921956,2.0260009765625,2.20618603515625,0.8532537103389315,1.0682864990234375,-2.116238037109375,2.7235437404229317,-2.756389892578125,-0.158956298828125,-1.1883959553476178
2025-09-24T12:07:56.886+02:00,-0.5369150390625,0.0027982556819915773,1.677641417622494,1.0458797607421875,0.027308298110961915,1.2328663513361424,2.42391943359375,4.13178662109375,-0.8847171609844818,2.453625732421875,4.10668310546875,2.9203990155632997,-0.8884920043945312,3.86270751953125,0.6992733979570488,0.7497627563476562,-2.7009189453125,-2.494849841818448,-2.851753662109375,0.556795654296875,0.7051227649752988,2.0260098876953125,2.206184814453125,0.8532494492811874,1.068289306640625,-2.116222412109375,2.723548534112894,-2.75638330078125,-0.158896484375,-1.1883096689282993
2025-09-24T12:07:56.906+02:00,-0.5376497192382812,0.007475448131561279,1.6777749751511615,1.047912353515625,0.033721508026123045,1.2326366536921232,2.423934814453125,4.13178466796875,-0.8846115666472603,2.453654052734375,4.10667529296875,2.9202272416729897,-0.8884931640625,3.8626884765625,0.7018550663177716,0.7495634765625,-2.701132080078125,-2.502327998159391,-2.8517490234375,0.5567570190429687,0.7049521895074793,2.0260048828125,2.206173095703125,0.8532067721247188,1.0682991943359375,-2.116202880859375,2.7234995319488364,-2.75632080078125,-0.1588946990966797,-1.1885095391681098
2025-09-24T12:07:56.926+02:00,-0.5388558349609375,0.012167901992797851,1.6780824370990113,1.04980712890625,0.03966437530517578,1.2328367902480426,2.423921142578125,4.1317978515625,-0.8844096990366322,2.45364697265625,4.10669970703125,2.921009145769037,-0.8884078979492187,3.862699951171875,0.6988900359181319,0.7495330810546875,-2.701344482421875,-2.507306777817294,-2.85167529296875,0.5567802124023438,0.7060410229191582,2.0260098876953125,2.20617578125,0.8532503813875689,1.0682926025390624,-2.116207275390625,2.7234345508182387,-2.756303955078125,-0.15893147277832032,-1.1885730555601082
2025-09-24T12:07:56.946+02:00,-0.539607666015625,0.018804332733154298,1.6766017195329272,1.0512994384765626,0.04410856246948242,1.2324378487167487,2.4239228515625,4.13177197265625,-0.884452176456019,2.453618896484375,4.10669873046875,2.920710871726948,-0.8884466552734375,3.8627275390625,0.6997550306401896,0.7495498046875,-2.70129931640625,-2.5006123897851618,-2.851751953125,0.556804443359375,0.7046314117541792,2.0260020751953123,2.20618603515625,0.8532138960806348,1.068314453125,-2.116230224609375,2.723582888890956,-2.756349365234375,-0.15894294738769532,-1.1884357696059145
2025-09-24T12:07:56.966+02:00,-0.5405842895507813,0.025557586669921875,1.6766810817334115,1.0531356201171875,0.04983617782592773,1.2323903112912908,2.423917236328125,4.13175146484375,-0.8851868094427173,2.45363623046875,4.1066953125,2.920200876378198,-0.8884489135742187,3.862698974609375,0.6996258007482935,0.7496663818359375,-2.701060791015625,-2.495482608893451,-2.85171728515625,0.5567459716796875,0.7059856291684845,2.0260096435546875,2.2061689453125,0.8532470524362062,1.0682890625,-2.116218017578125,2.7234665087513195,-2.7563759765625,-0.1589589080810547,-1.1883928927123644
2025-09-24T12:07:56.986+02:00,-0.54167529296875,0.03151191139221191,1.6763712229405807,1.0554285888671875,0.05642238235473633,1.2328232081264832,2.423929443359375,4.131759765625,-0.8844233477372189,2.45359716796875,4.1066552734375,2.9190935339969433,-0.888467041015625,3.862621337890625,0.6993050895740207,0.7494471435546874,-2.70131640625,-2.5073515189236075,-2.851767578125,0.5567430419921875,0.7040638255468561,2.0260015869140626,2.2061884765625,0.853270754569908,1.0682789306640625,-2.11622021484375,2.7235368162040974,-2.75628125,-0.15892898559570312,-1.188668929359351
2025-09-24T12:07:57.006+02:00,-0.5427171630859375,0.0364476432800293,1.6760804057495442,1.0574298095703125,0.06212351989746094,1.23284557867964,2.42392138671875,4.1317861328125,-0.8843682868816815,2.453622802734375,4.10667822265625,2.919195000434475,-0.8885203857421875,3.86271142578125,0.7010537211457668,0.749450439453125,-2.701502197265625,-2.5093355739357164,-2.8517353515625,0.55672900390625,0.7053093859886861,2.02600927734375,2.206187744140625,0.8531559723269255,1.068300048828125,-2.1162060546875,2.7235370825202065,-2.756315185546875,-0.15892755126953126,-1.1885340402501385
2025-09-24T12:07:57.026+02:00,-0.5433659057617187,0.04223919677734375,1.675086114556563,1.0591248779296876,0.06738699340820313,1.2331262758585342,2.4239248046875,4.13178515625,-0.884173143752806,2.4536494140625,4.1066826171875,2.92006878358813,-0.8884811401367188,3.862633544921875,0.699088774314479,0.7494510498046875,-2.7014921875,-2.507773629956385,-2.8517080078125,0.55676123046875,0.70595327176124,2.0260068359375,2.20619140625,0.8531586354880156,1.068315185546875,-2.116202880859375,2.723457986635831,-2.75632958984375,-0.15897248840332032,-1.188583575046414
2025-09-24T12:07:57.046+02:00,-0.5445250244140625,0.048907787322998046,1.6750610808423163,1.0610609130859374,0.0726238021850586,1.2327576943636673,2.423938720703125,4.131787109375,-0.8845654273813746,2.4536484375,4.10668359375,2.9199801003238304,-0.8884923706054687,3.86271337890625,0.7010125753069251,0.749636474609375,-2.701107421875,-2.4958964641268495,-2.85178662109375,0.5567774658203125,0.7041675556713146,2.02601171875,2.20619140625,0.8531206188634548,1.0683094482421875,-2.116184326171875,2.7235128477542867,-2.7562841796875,-0.15892715454101564,-1.1886320445782534
2025-09-24T12:07:57.066+02:00,-0.5452391357421875,0.0549647216796875,1.6751356493528387,1.0629176025390625,0.07903882598876953,1.2336475896419172,2.4239228515625,4.1317841796875,-0.8845347344498115,2.45362939453125,4.10669091796875,2.920312729143981,-0.88846142578125,3.86270751953125,0.6999833301246366,0.7496398315429688,-2.70139208984375,-2.503242261361615,-2.8517119140625,0.5567763061523437,0.705465513807592,2.0260142822265625,2.2061884765625,0.853120685442482,1.0682901611328126,-2.116207275390625,2.723521369869775,-2.7563271484375,-0.15893504333496095,-1.1885552123808045
2025-09-24T12:07:57.086+02:00,-0.5459094848632813,0.060800769805908206,1.6755853241028984,1.065184814453125,0.08536914825439453,1.233252776010313,2.423924072265625,4.13178515625,-0.8845210191701975,2.45364404296875,4.1066787109375,2.920272515411521,-0.8884324340820312,3.8626884765625,0.699963356416461,0.7496262817382813,-2.701373779296875,-2.503806052564385,-2.851815185546875,0.55678466796875,0.7035930452451573,2.0260103759765626,2.2061826171875,0.8532405942705629,1.068293212890625,-2.116215087890625,2.723519239340903,-2.75635546875,-0.15895819091796876,-1.1885168628611074
2025-09-24T12:07:57.106+02:00,-0.5467354736328125,0.06684027099609376,1.6765216915421703,1.066719482421875,0.09060881042480469,1.2332615644419103,2.42394091796875,4.13178466796875,-0.8841654871646719,2.453625,4.10666064453125,2.919471436555625,-0.8884593505859375,3.86269873046875,0.7002512441302986,0.749719482421875,-2.70112158203125,-2.4973135321428805,-2.851777587890625,0.5567841796875,0.7044103693837026,2.026005859375,2.2061806640625,0.8532339363678376,1.0682921142578126,-2.116229248046875,2.7236260321006154,-2.75636328125,-0.1589503173828125,-1.188432706970661
2025-09-24T12:07:57.126+02:00,-0.54781005859375,0.07274485015869141,1.6774692442580206,1.0681077880859375,0.09612359619140624,1.2332039070043102,2.4239189453125,4.1317763671875,-0.8847960571317754,2.453625732421875,4.1066669921875,2.919126290878351,-0.8884640502929687,3.862707275390625,0.7002413238552381,0.7497001953125,-2.701117919921875,-2.4957984597987344,-2.8517001953125,0.5567698974609375,0.7048674344057875,2.0260118408203125,2.206177978515625,0.853236133475737,1.0683153076171874,-2.11620751953125,2.723574899407686,-2.75641015625,-0.15896575927734374,-1.188320454730714
2025-09-24T12:07:57.146+02:00,-0.5491097412109375,0.07945157623291016,1.67649093203158,1.0706883544921875,0.10275334167480468,1.2331393253478757,2.4239091796875,4.13177099609375,-0.8847939266029035,2.453650146484375,4.1066611328125,2.919360382738169,-0.8884666137695313,3.862757080078125,0.7019914201655837,0.7495357666015625,-2.701299072265625,-2.501660077357999,-2.85175830078125,0.5567632446289063,0.7038574305623749,2.026004150390625,2.206184326171875,0.853231672680911,1.06828466796875,-2.116265380859375,2.72368648585736,-2.75633740234375,-0.15889370727539062,-1.1883966211378905
2025-09-24T12:07:57.166+02:00,-0.5501603393554687,0.08416373443603516,1.6748520226967452,1.072401123046875,0.10804887390136719,1.2338439977723106,2.4239267578125,4.13177978515625,-0.8847876681743417,2.453666259765625,4.10670166015625,2.9202908912230425,-0.8884400634765625,3.862664306640625,0.6991527567596681,0.74954150390625,-2.701200439453125,-2.500414516916169,-2.85181103515625,0.5567610473632812,0.7027020847024713,2.026001220703125,2.20617822265625,0.853310635407232,1.0683111572265624,-2.116211181640625,2.7234950045749833,-2.7563251953125,-0.15892137145996094,-1.188515930754726
2025-09-24T12:07:57.186+02:00,-0.5512144775390625,0.08982545471191407,1.6735069931882005,1.07424267578125,0.11339897918701172,1.2337413329122882,2.4239169921875,4.13177783203125,-0.8845314720774761,2.45365771484375,4.10671484375,2.920674652736123,-0.8884478149414062,3.86271533203125,0.7006552456676637,0.749583251953125,-2.7012080078125,-2.5008305026784394,-2.851701171875,0.5567720947265625,0.7048294177812267,2.0260079345703126,2.2061796875,0.8532220853009868,1.0683121337890624,-2.116204833984375,2.7235075214321065,-2.756386962890625,-0.15893153381347655,-1.1883601358309563
2025-09-24T12:07:57.206+02:00,-0.5521989135742188,0.0965627212524414,1.6730329505141666,1.0765887451171876,0.11974723815917969,1.2339583805411296,2.42392724609375,4.1317822265625,-0.8839951780129613,2.4536572265625,4.10668994140625,2.920266922773232,-0.8884638671875,3.862638427734375,0.6979712453420546,0.7494348754882812,-2.7014228515625,-2.5088692544288436,-2.851793701171875,0.5567847290039063,0.7039154208951114,2.0260052490234375,2.20617919921875,0.8532152276611799,1.0683153076171874,-2.11620263671875,2.723508054064325,-2.756434814453125,-0.15896180725097656,-1.1882554736001163
2025-09-24T12:07:57.226+02:00,-0.5530368041992187,0.1028202133178711,1.6737808993063152,1.0786534423828125,0.12565451049804688,1.233742664492833,2.423828857421875,4.1319580078125,-0.8896617856014047,2.453635009765625,4.10702734375,2.925170334972286,-0.88846044921875,3.862706787109375,0.701961925656511,0.7495038452148437,-2.701226318359375,-2.503435873172864,-2.851706787109375,0.556782958984375,0.7052108490283532,2.02601220703125,2.206190185546875,0.8532149613450708,1.06829248046875,-2.116252197265625,2.723719242738768,-2.7563125,-0.15892507934570313,-1.1885906324233027
2025-09-24T12:07:57.246+02:00,-0.5534205932617188,0.10763230895996094,1.6742417593329535,1.0801898193359376,0.13049052429199218,1.233775954006459,2.42390673828125,4.13295556640625,-0.9049433368314157,2.4541328125,4.10845458984375,2.941441450284343,-0.8884146728515625,3.862710693359375,0.7011896755194154,0.7494329833984374,-2.701397216796875,-2.5072095724375063,-2.85168310546875,0.5567716674804688,0.705548204959439,2.026017333984375,2.206181396484375,0.853203376594329,1.0683125,-2.1161865234375,2.7234028592012667,-2.75635205078125,-0.15889456176757813,-1.1883545431926672
2025-09-24T12:07:57.266+02:00,-0.5550821533203125,0.11339442443847657,1.6747561488975022,1.08167041015625,0.13589878845214845,1.2337927319213267,2.424896484375,4.13469482421875,-0.9165731615747099,2.45547509765625,4.11056787109375,2.9543607110484262,-0.8884884033203125,3.862820068359375,0.7003150934174333,0.7494332885742188,-2.70146875,-2.50975875023293,-2.851775634765625,0.5567763671875,0.7035493028242528,2.0260101318359376,2.206185302734375,0.8532362666337915,1.06830419921875,-2.116204345703125,2.723517641444249,-2.756347900390625,-0.15894235229492187,-1.1884658633262324
2025-09-24T12:07:57.286+02:00,-0.5558703002929688,0.12026451873779297,1.6745869050102278,1.0840751953125,0.14265298461914064,1.2335184263290484,2.42631494140625,4.13629638671875,-0.920651726205139,2.456966064453125,4.112302734375,2.9579554458878152,-0.8885,3.86273779296875,0.7002113632929747,0.7495853881835938,-2.701246337890625,-2.504689955730182,-2.85176806640625,0.5567753295898438,0.7039357940774505,2.0260177001953124,2.206181640625,0.8531836026232351,1.0683126220703125,-2.116185546875,2.7233519928244463,-2.75629150390625,-0.1589145050048828,-1.188654681447519
2025-09-24T12:07:57.306+02:00,-0.55710595703125,0.12603928375244142,1.6762720201899755,1.0856026611328125,0.14845915222167969,1.2335810106146652,2.429189697265625,4.138150390625,-0.9187064867659179,2.459765869140625,4.1140791015625,2.9568872519745844,-0.8885214233398437,3.862793212890625,0.7032218671682275,0.7496980590820312,-2.701041015625,-2.4967081956271056,-2.851704345703125,0.5567542114257813,0.7050301535483913,2.0260111083984373,2.2061845703125,0.8532411269027809,1.0682825927734374,-2.116201904296875,2.7235349519913346,-2.756319580078125,-0.15893789672851563,-1.1884851712441356
2025-09-24T12:07:57.326+02:00,-0.5576582641601563,0.1314379119873047,1.6764810783355466,1.08732275390625,0.15308428955078124,1.2332843344692304,2.43188427734375,4.13975146484375,-0.9209034615071788,2.462519775390625,4.11575634765625,2.9572286692263328,-0.8884902954101562,3.862748779296875,0.7004626325418237,0.749732177734375,-2.700964111328125,-2.4928439488854006,-2.8517099609375,0.5567844848632812,0.7052485327577778,2.0260015869140626,2.20618310546875,0.853194921057868,1.0683067626953124,-2.116227783203125,2.7235738341432496,-2.756327880859375,-0.15896412658691406,-1.1885051449523112
2025-09-24T12:07:57.346+02:00,-0.55830078125,0.13779815673828125,1.677135949647597,1.0889869384765625,0.1580479278564453,1.2328875234668086,2.435497314453125,4.141845703125,-0.9245966001488461,2.466150390625,4.11793798828125,2.961305702539135,-0.8884653930664063,3.862729736328125,0.7000756752354351,0.7494888916015625,-2.701403076171875,-2.5063461756121024,-2.851703857421875,0.5568078002929687,0.7057782354985945,2.0260020751953123,2.206187744140625,0.8531694212904305,1.0682774658203125,-2.116243408203125,2.7236649142525304,-2.75632861328125,-0.1589193115234375,-1.18840607535976
2025-09-24T12:07:57.366+02:00,-0.5592721557617187,0.14411819458007813,1.6777491424885878,1.0908753662109374,0.16386827087402345,1.2320527556231233,2.4386845703125,4.1441640625,-0.9214662540245397,2.469327392578125,4.1202001953125,2.960059343148978,-0.8884343872070313,3.86275146484375,0.7007537160489693,0.7495771484375,-2.701177001953125,-2.4991849354408795,-2.85174462890625,0.5568004760742188,0.7048423341125135,2.02600048828125,2.20619189453125,0.8531517778482087,1.0683228759765624,-2.116217041015625,2.7236049931280037,-2.756306884765625,-0.15890493774414063,-1.188468659645377
2025-09-24T12:07:57.386+02:00,-0.5601756591796875,0.14924656677246093,1.6771616491521164,1.0932095947265625,0.1705155792236328,1.2318182642891418,2.442418701171875,4.14668359375,-0.9182649346571828,2.472934326171875,4.12260986328125,2.954166033972742,-0.888467041015625,3.86270947265625,0.7007316118119217,0.7496344604492188,-2.701044189453125,-2.4937070793946954,-2.851745361328125,0.5567757568359375,0.7042756800115719,2.026004638671875,2.206197509765625,0.8531673573405857,1.0683155517578125,-2.116212646484375,2.72351737512814,-2.756365478515625,-0.1589259796142578,-1.188337099487527
2025-09-24T12:07:57.406+02:00,-0.5614425659179687,0.1547260284423828,1.6761796085001497,1.0952979736328126,0.17634512329101562,1.2335274810767547,2.44636328125,4.149013671875,-0.9160656962289954,2.47682470703125,4.12483544921875,2.9517830374293386,-0.888426513671875,3.8626943359375,0.7002745467898368,0.7494734497070312,-2.701318115234375,-2.502839591404795,-2.85171484375,0.5567705688476563,0.704775621927207,2.0260081787109376,2.206173583984375,0.8532162929256158,1.0683095703125,-2.11621875,2.7233908749763613,-2.756332275390625,-0.15894493103027343,-1.1884762496544838
2025-09-24T12:07:57.426+02:00,-0.5623627319335938,0.16172640991210938,1.674762939958282,1.0973084716796875,0.18161210632324218,1.2344104521361705,2.45064990234375,4.151953125,-0.9112592896726476,2.481024658203125,4.12758984375,2.948155812024651,-0.8884469604492188,3.862710205078125,0.7002389935892843,0.7496483764648437,-2.7010517578125,-2.495975560011225,-2.8516982421875,0.5567821655273437,0.7054930775248743,2.0259962158203124,2.206174072265625,0.8533293441138897,1.068249267578125,-2.116333740234375,2.7240579968294263,-2.756355712890625,-0.15895838928222655,-1.1884584064751802
2025-09-24T12:07:57.446+02:00,-0.5633079833984375,0.16785356140136717,1.6744960912170561,1.09911474609375,0.18747367858886718,1.2356155325294313,2.45524462890625,4.1544375,-0.907456428794069,2.485571044921875,4.1300546875,2.9442550799760117,-0.8884353637695312,3.862776123046875,0.7026053453758742,0.7495845947265625,-2.70127001953125,-2.497666667303425,-2.8517744140625,0.556760009765625,0.7050158390575322,2.0259989013671875,2.2061708984375,0.8531723507676295,1.0682554931640624,-2.1163212890625,2.7239738409389798,-2.75639697265625,-0.15895587158203126,-1.1883257810528942
2025-09-24T12:07:57.466+02:00,-0.5641092529296875,0.172989990234375,1.674640301390084,1.1011087646484374,0.19350816345214844,1.2339380073587904,2.460029296875,4.15746484375,-0.9040966513418522,2.4902431640625,4.13296435546875,2.9416236105029046,-0.8884542236328125,3.862710693359375,0.7012936719599829,0.74950244140625,-2.701380859375,-2.5022536959649777,-2.851734375,0.556775146484375,0.7050232959085844,2.026005126953125,2.206181884765625,0.8531650936536591,1.06831103515625,-2.1162373046875,2.7236318910550135,-2.75631689453125,-0.15894572448730468,-1.1885381681498282
2025-09-24T12:07:57.486+02:00,-0.5650458374023437,0.1778157958984375,1.6743544110470638,1.1025543212890625,0.1987794189453125,1.232278059051344,2.465135986328125,4.16062646484375,-0.8977043989353896,2.495185546875,4.1359462890625,2.9344317439791454,-0.8884663696289062,3.862722412109375,0.7000667536457834,0.7495735473632813,-2.70120556640625,-2.496788889408135,-2.851783203125,0.556772216796875,0.7038548339803121,2.0259976806640627,2.2061845703125,0.8532589035030571,1.068340087890625,-2.116189453125,2.72347716139568,-2.756378662109375,-0.15889720153808592,-1.1882908936426142
2025-09-24T12:07:57.506+02:00,-0.56615283203125,0.18388566589355468,1.6734974058082763,1.1042354736328126,0.20435443115234375,1.2314255811864097,2.470186767578125,4.1640703125,-0.8966042470890778,2.500218505859375,4.13937548828125,2.932769931458936,-0.8884615478515625,3.862778564453125,0.7027545489759459,0.7494400634765624,-2.701493408203125,-2.508510792946119,-2.85171240234375,0.5567671508789063,0.7046330096508333,2.026004150390625,2.206182373046875,0.8532939240713917,1.06831689453125,-2.1161904296875,2.7234614487452484,-2.756323974609375,-0.1588785400390625,-1.188415263265521
2025-09-24T12:07:57.526+02:00,-0.567333740234375,0.19122406005859374,1.6730764931979893,1.1066162109375,0.21071981811523438,1.230763253023307,2.475138427734375,4.16703564453125,-0.8923150264164235,2.505048828125,4.14216064453125,2.929077458607541,-0.88850341796875,3.862734375,0.7009551841854338,0.7492687377929688,-2.701708740234375,-2.516920523036371,-2.85169970703125,0.5567743530273438,0.7045594398257198,2.0260042724609373,2.20617431640625,0.8532924593327922,1.0682860107421874,-2.116240966796875,2.7235639804472163,-2.756332763671875,-0.15889605712890625,-1.1883992842989806
2025-09-24T12:07:57.546+02:00,-0.5683240356445313,0.19726228332519533,1.6725197593721082,1.108490234375,0.21612057495117187,1.231063657594268,2.48047314453125,4.16966357421875,-0.8876668782078536,2.510232177734375,4.1446669921875,2.9241082663295623,-0.8884813232421875,3.86270361328125,0.700750453676634,0.7494481811523438,-2.7014482421875,-2.50925674436745,-2.85169775390625,0.5567741088867187,0.705110114960121,2.0260013427734376,2.206173095703125,0.853254642445313,1.06827880859375,-2.11623779296875,2.723649734234317,-2.75634912109375,-0.15891326904296876,-1.1883778458522054
2025-09-24T12:07:57.566+02:00,-0.5689937744140625,0.20248500061035157,1.6725146993660371,1.110380859375,0.22119911193847655,1.2312632615179693,2.486140380859375,4.17373291015625,-0.8833630101492038,2.51573876953125,4.14851123046875,2.9179092262601847,-0.8884598388671875,3.86271923828125,0.7010171692598054,0.7496248168945312,-2.701106201171875,-2.498244040627754,-2.85169580078125,0.5567625732421875,0.7053319562789245,2.02599951171875,2.20617919921875,0.8532259468845674,1.068244384765625,-2.116336181640625,2.7241040695162844,-2.75630517578125,-0.158917236328125,-1.188513001277527
2025-09-24T12:07:57.586+02:00,-0.5697334594726563,0.20785877990722657,1.6736224412214555,1.112204833984375,0.22746273803710937,1.2316953594048348,2.491508544921875,4.176544921875,-0.8759561599464482,2.520991455078125,4.15120556640625,2.9122007404636,-0.8884483032226562,3.862735595703125,0.7010316169087191,0.7496925048828125,-2.7010732421875,-2.494762490134694,-2.8516796875,0.5567608642578125,0.7052513956559496,2.0260045166015623,2.2061787109375,0.8532567729741851,1.0683057861328125,-2.116216064453125,2.7235996668058235,-2.75631787109375,-0.1588994140625,-1.1884669285906684
2025-09-24T12:07:57.606+02:00,-0.5706909790039062,0.21475448608398437,1.6737595940175947,1.113984375,0.2334790344238281,1.2299179656933157,2.497023681640625,4.17955810546875,-0.8710327074601915,2.52643798828125,4.15409033203125,2.9063082302356906,-0.8884555053710937,3.862665771484375,0.7006111037725956,0.7494804077148437,-2.70142919921875,-2.5067634929549176,-2.851741943359375,0.5567875366210937,0.7044362686253036,2.0260059814453126,2.206185302734375,0.8532603682416566,1.0683128662109376,-2.11621044921875,2.7234966024716374,-2.756299072265625,-0.15894450378417968,-1.188582776098087
2025-09-24T12:07:57.626+02:00,-0.5718805541992188,0.2207621307373047,1.6725784820741445,1.1154930419921876,0.2386091003417969,1.2285640145951195,2.502964599609375,4.1833779296875,-0.8635998914368076,2.53212109375,4.1576865234375,2.898344845944136,-0.8884352416992187,3.862716552734375,0.7016039968060044,0.7493911743164062,-2.701548095703125,-2.509189366391871,-2.85170947265625,0.5567892456054687,0.7051148420710558,2.025995361328125,2.20619580078125,0.8531731497159566,1.0682979736328124,-2.116217529296875,2.7235599857055814,-2.75632177734375,-0.15896969604492187,-1.1885774497759067
2025-09-24T12:07:57.646+02:00,-0.5730116577148437,0.22644813537597655,1.672122282579414,1.117432861328125,0.2439185333251953,1.227437231137907,2.50901318359375,4.186552734375,-0.8584269673354377,2.5380419921875,4.16071142578125,2.89401907338552,-0.888454345703125,3.862707275390625,0.7008969941156156,0.7494312133789063,-2.70146044921875,-2.5082988053233484,-2.85168896484375,0.5567622680664063,0.7052766291072782,2.025997314453125,2.206188720703125,0.8532146284499346,1.0682989501953124,-2.1162197265625,2.7236401468543927,-2.75634716796875,-0.15896307373046875,-1.1884470880405473
2025-09-24T12:07:57.666+02:00,-0.5739224243164063,0.2325594940185547,1.672328677563895,1.119324951171875,0.25018455505371096,1.2270448143512838,2.515505126953125,4.189466796875,-0.8531415912570391,2.54443408203125,4.1635068359375,2.8899553558781683,-0.88849462890625,3.86269140625,0.700488864678561,0.7494957885742187,-2.701338134765625,-2.502603369016105,-2.8516767578125,0.5567988891601563,0.7060564692534806,2.025997314453125,2.20619091796875,0.8532074379149913,1.068298828125,-2.11618701171875,2.723546403584022,-2.756383056640625,-0.15899436950683593,-1.1884156627396845
2025-09-24T12:07:57.686+02:00,-0.5747713623046875,0.23826480102539063,1.6727470601711465,1.1215404052734375,0.2565019226074219,1.2261362769454032,2.521415771484375,4.193271484375,-0.8479996264033414,2.550218505859375,4.16709228515625,2.8816377711616328,-0.8884829711914063,3.862653564453125,0.6996899829305644,0.74961767578125,-2.701091796875,-2.4967340282896795,-2.851708740234375,0.5567806396484375,0.7050664391182436,2.025994873046875,2.20618115234375,0.8532060397554191,1.06827880859375,-2.116295654296875,2.7239751725195247,-2.756400390625,-0.15899986267089844,-1.1884008821956344
2025-09-24T12:07:57.706+02:00,-0.5752979125976563,0.24399264526367187,1.6727843444264077,1.1232459716796874,0.2613215942382813,1.2260567815868644,2.528272216796875,4.19643310546875,-0.8427083913705448,2.556909912109375,4.1701279296875,2.8789700826977,-0.8884746704101563,3.862715576171875,0.7001792722018393,0.749435546875,-2.701380859375,-2.5091835074374726,-2.8517080078125,0.5567727661132813,0.7049300186914044,2.0259976806640627,2.2061884765625,0.8532330042614561,1.0682796630859375,-2.1162685546875,2.723795409145944,-2.75637939453125,-0.15902493286132813,-1.1884418948764217
2025-09-24T12:07:57.726+02:00,-0.5761339721679688,0.25003254699707034,1.6733952735804718,1.1248509521484376,0.26620111083984377,1.2259143024685453,2.534733642578125,4.2000625,-0.8378976571774256,2.56325830078125,4.1736376953125,2.872602997163539,-0.88841748046875,3.862596923828125,0.6998731418345346,0.7494351806640625,-2.701468505859375,-2.5087041384412587,-2.8516962890625,0.5567842407226562,0.7054213053334967,2.026013427734375,2.206181396484375,0.8531946547417589,1.0682545166015625,-2.11630615234375,2.7239424156381165,-2.75638623046875,-0.1589978790283203,-1.1883895637610016
2025-09-24T12:07:57.746+02:00,-0.5772471313476563,0.25629171752929686,1.6729795541343104,1.126489013671875,0.27196023559570315,1.2249349249776684,2.54082568359375,4.20345654296875,-0.8303726957803249,2.569177978515625,4.17677978515625,2.8630813973181786,-0.8884893188476563,3.862669677734375,0.6999368579636148,0.7494580688476562,-2.701424072265625,-2.5085408866664367,-2.8517783203125,0.55679541015625,0.7038644879392636,2.0260074462890625,2.20618017578125,0.8531755465609376,1.06831884765625,-2.116212158203125,2.7235384141007515,-2.756412841796875,-0.15898350524902344,-1.1883329715878375
2025-09-24T12:07:57.767+02:00,-0.5785226440429687,0.26194143676757814,1.672884878757558,1.1283570556640625,0.277943603515625,1.2243185363433697,2.5472763671875,4.20732568359375,-0.8239479528085633,2.575412841796875,4.1804619140625,2.857679707679171,-0.8884788208007812,3.86265478515625,0.6995845883304246,0.7494348754882812,-2.70141552734375,-2.509787778688812,-2.85170361328125,0.5567730102539062,0.7049136402507004,2.0259969482421876,2.20617431640625,0.8532402613754266,1.0683104248046875,-2.116236083984375,2.7236244342039613,-2.756415771484375,-0.15899481201171875,-1.1883295094784203
2025-09-24T12:07:57.786+02:00,-0.5791328125,0.2663807678222656,1.6733472035227959,1.1302049560546874,0.28386300659179686,1.2247068252303033,2.553781982421875,4.21081591796875,-0.82247642314824,2.58186767578125,4.18389453125,2.8554266733969635,-0.8884667358398437,3.86269091796875,0.6997825277784447,0.7498291015625,-2.700936279296875,-2.4923246324728354,-2.851744384765625,0.5567737426757813,0.7039020385106337,2.0259957275390623,2.206181640625,0.8532997164467626,1.068341064453125,-2.116216796875,2.723383418125309,-2.75630712890625,-0.15891014099121092,-1.1885436276300627
2025-09-24T12:07:57.806+02:00,-0.58034765625,0.2724983825683594,1.6730382768363465,1.1319638671875,0.2892462768554688,1.2237821756998277,2.560896240234375,4.21417919921875,-0.8187682376464137,2.588738037109375,4.18715283203125,2.852870571382706,-0.88846923828125,3.86270849609375,0.699087709050043,0.7497998657226562,-2.70090576171875,-2.4916958601394676,-2.851783935546875,0.55677294921875,0.7031506276090679,2.0259981689453124,2.206182861328125,0.853210766866354,1.0683251953125,-2.116179443359375,2.7233226980524554,-2.75630712890625,-0.15889620971679688,-1.1884494848855285
2025-09-24T12:07:57.826+02:00,-0.5812877197265625,0.27974456787109375,1.6731908759668082,1.133934814453125,0.29525094604492186,1.2240470270702362,2.56784619140625,4.21796533203125,-0.8117814345265908,2.595444091796875,4.19071630859375,2.8472734057196862,-0.8884384155273437,3.862681640625,0.700604579027925,0.7495250854492187,-2.70130419921875,-2.5082692442352488,-2.851703857421875,0.5567667846679687,0.7045760845825328,2.0260025634765624,2.20618701171875,0.8532536437599042,1.06831201171875,-2.1161787109375,2.723352259140555,-2.75631396484375,-0.1589139404296875,-1.1884802443961189
2025-09-24T12:07:57.846+02:00,-0.58183251953125,0.28627752685546876,1.673324832969639,1.1358355712890624,0.30061480712890626,1.2232609950744993,2.574940185546875,4.2217880859375,-0.8080848337755063,2.60223486328125,4.19443896484375,2.8430544259207826,-0.8884669189453125,3.8626806640625,0.7005140315508622,0.7494439086914062,-2.7013798828125,-2.5101406475332473,-2.851698974609375,0.5567928466796875,0.7057057309379172,2.026007080078125,2.206188232421875,0.853161365228133,1.068310302734375,-2.1162060546875,2.723550664641766,-2.75625146484375,-0.15892710876464844,-1.188702218872977
2025-09-24T12:07:57.866+02:00,-0.5827118530273437,0.2918837890625,1.6734430773220388,1.1370711669921876,0.3056340637207031,1.2228026650508965,2.582552978515625,4.225259765625,-0.8005019486246965,2.609546630859375,4.19772998046875,2.837965125077641,-0.888468017578125,3.86267626953125,0.6997024332086605,0.7496470336914063,-2.7009609375,-2.497561472440367,-2.851645263671875,0.5567921752929688,0.7062418252653502,2.0260078125,2.20619091796875,0.853180406829927,1.068335693359375,-2.11620703125,2.7235746330915767,-2.7563115234375,-0.1588971405029297,-1.1884393648733862
2025-09-24T12:07:57.887+02:00,-0.5837843017578125,0.2976402587890625,1.6738433504338777,1.1392115478515625,0.3114793395996094,1.2213449838282417,2.588953857421875,4.22921630859375,-0.7949255556181796,2.615960205078125,4.20153173828125,2.831951707336242,-0.8884295654296875,3.86274658203125,0.6996293294367378,0.7495413818359375,-2.701113037109375,-2.5026486427546364,-2.85166015625,0.5567574462890625,0.7051666405542579,2.026012451171875,2.2061787109375,0.8532114992356538,1.0682926025390624,-2.116216064453125,2.7235964710125153,-2.75633642578125,-0.15890231323242188,-1.1884247174873908
2025-09-24T12:07:57.906+02:00,-0.5848014526367188,0.30393145751953127,1.6740380275095623,1.14125927734375,0.317966064453125,1.2222876096960753,2.59622021484375,4.23265966796875,-0.7931840480023494,2.62328076171875,4.2049482421875,2.829889621704194,-0.8884595336914063,3.862724609375,0.6990296521382793,0.7493428955078125,-2.701614013671875,-2.508664457341016,-2.85167333984375,0.5567796020507813,0.7052310224736106,2.0260140380859375,2.206184814453125,0.8531440546810475,1.068303466796875,-2.11619482421875,2.7234627803257934,-2.75631884765625,-0.15895297241210937,-1.1885136670677994
2025-09-24T12:07:57.926+02:00,-0.5859131469726563,0.30972039794921874,1.6730321515658395,1.14314599609375,0.3230882263183594,1.2218496528548117,2.603681884765625,4.23595947265625,-0.7916343545640323,2.630807861328125,4.208177734375,2.8261542719592487,-0.8884334106445313,3.862711181640625,0.6996705418546069,0.7493629760742188,-2.701615478515625,-2.5090721873039077,-2.851707275390625,0.556794677734375,0.7051238968187621,2.0260087890625,2.20618115234375,0.8531480494226826,1.0683165283203124,-2.1162001953125,2.7235333540946804,-2.7563984375,-0.15894429016113282,-1.1882757136244009
2025-09-24T12:07:57.946+02:00,-0.586940673828125,0.31517050170898436,1.6718177501087634,1.144728515625,0.3279472961425781,1.2218175617636762,2.6112275390625,4.2396201171875,-0.7882186507289239,2.638344482421875,4.21173828125,2.822733441539042,-0.88846875,3.862709716796875,0.6999851943373997,0.7495094604492187,-2.701394775390625,-2.504750675803036,-2.85164453125,0.5567813110351563,0.7063289772120229,2.02601220703125,2.206182373046875,0.8532043087007105,1.0682943115234376,-2.1162412109375,2.723677164793545,-2.75640234375,-0.15897561645507813,-1.1883428252838708
2025-09-24T12:07:57.966+02:00,-0.587813720703125,0.32138882446289063,1.6713038931764326,1.1466968994140625,0.3340176086425781,1.220950037038583,2.61868505859375,4.24348681640625,-0.7874318197848601,2.64580810546875,4.2155751953125,2.8203339333968804,-0.8884669189453125,3.862646728515625,0.6991704002018899,0.7496257934570313,-2.70110986328125,-2.495971831585699,-2.851712890625,0.5567666015625,0.705178291884027,2.02602294921875,2.20618310546875,0.853260701136793,1.06831396484375,-2.116236328125,2.7234406760887455,-2.75631787109375,-0.15891705322265626,-1.1885012833687305
2025-09-24T12:07:57.986+02:00,-0.5886102905273437,0.32750094604492186,1.6710893755506266,1.148700927734375,0.34044082641601564,1.2201120734015896,2.62656494140625,4.2466640625,-0.7875037917133194,2.653696044921875,4.21875048828125,2.8221187839594517,-0.8884738159179687,3.862668212890625,0.6991580165028211,0.7495790405273437,-2.70110986328125,-2.4995492558780024,-2.8517392578125,0.5567758178710938,0.7045736211585245,2.0260101318359376,2.2061904296875,0.853223749776668,1.068312255859375,-2.116202880859375,2.7235328214624626,-2.75630908203125,-0.15889923095703126,-1.188484505453863
2025-09-24T12:07:58.006+02:00,-0.589633056640625,0.3327137756347656,1.6705463570043595,1.1501695556640625,0.34500958251953123,1.2178855375722288,2.6337197265625,4.25027783203125,-0.7811731914860921,2.6606943359375,4.22225,2.815308548419901,-0.8884799194335937,3.862680419921875,0.6999235421581644,0.7495907592773438,-2.701149658203125,-2.5001633808253745,-2.85174658203125,0.5567849731445312,0.7042864658139867,2.0260147705078126,2.206182373046875,0.8531659591810133,1.068287353515625,-2.116241455078125,2.7236422773832647,-2.75626953125,-0.15892333984375,-1.1886498877575569
2025-09-24T12:07:58.027+02:00,-0.590676513671875,0.337583984375,1.6693777619180328,1.151542236328125,0.3497435913085937,1.2163715304925187,2.64115966796875,4.25430322265625,-0.7755906066300408,2.667944091796875,4.22613916015625,2.809602459468297,-0.8885245971679687,3.862741455078125,0.7023306403094325,0.74961328125,-2.7010927734375,-2.4948282702136186,-2.851767333984375,0.55677587890625,0.7044598376009509,2.0260035400390626,2.206190185546875,0.8531806731460361,1.068234130859375,-2.116203857421875,2.723419903432243,-2.7562958984375,-0.15895761108398437,-1.1886309793138174
2025-09-24T12:07:58.046+02:00,-0.5911957397460937,0.34346847534179686,1.6683918596824854,1.153830322265625,0.35591717529296873,1.2163450320396725,2.647468994140625,4.25702099609375,-0.7710904635990521,2.6740927734375,4.228716796875,2.8039320568753006,-0.888503173828125,3.86270703125,0.7018677829119767,0.7495265502929688,-2.701225830078125,-2.50031225153031,-2.85167919921875,0.5567764892578125,0.7057176485837953,2.0260076904296875,2.2061962890625,0.8531576368026069,1.0682159423828126,-2.116212646484375,2.7233679717909864,-2.756359619140625,-0.15896296691894532,-1.1884420280344763
2025-09-24T12:07:58.066+02:00,-0.59249951171875,0.3498804931640625,1.6700028058258742,1.155840576171875,0.36153555297851564,1.2163150714774091,2.655118896484375,4.260404296875,-0.7671518480839067,2.6816826171875,4.2320263671875,2.8001287965225585,-0.8884560546875,3.862628173828125,0.7007279499654229,0.7496361083984375,-2.701053955078125,-2.495441596212664,-2.8517197265625,0.5567700805664062,0.7050629770088266,2.0259913330078123,2.20618994140625,0.8532359337386553,1.0681343994140624,-2.116197509765625,2.723316839098057,-2.75641552734375,-0.15894850158691406,-1.1882747815180192
2025-09-24T12:07:58.086+02:00,-0.5930270385742188,0.35602536010742186,1.670864871070733,1.1577298583984375,0.3677201232910156,1.2157813739949572,2.663033447265625,4.263828125,-0.760996084382243,2.68947998046875,4.235267578125,2.7958536240246543,-0.8884696655273437,3.862793212890625,0.7009014549104414,0.7497145385742188,-2.701080322265625,-2.4936130698082155,-2.85175830078125,0.5567622680664063,0.7043223519096755,2.026004638671875,2.20618798828125,0.8531972513238218,1.0681539306640624,-2.11621484375,2.72342070238057,-2.75644140625,-0.1589573516845703,-1.188201810904151
2025-09-24T12:07:58.106+02:00,-0.5938604125976562,0.361750244140625,1.6713789943191728,1.159770751953125,0.372668212890625,1.2137194215209632,2.670339111328125,4.26723486328125,-0.7573525471158783,2.696628173828125,4.23860400390625,2.7906942820448437,-0.8884849243164062,3.862819580078125,0.7020913552854888,0.7496737670898438,-2.701059814453125,-2.494730798517722,-2.851715576171875,0.5567753295898438,0.704604646985224,2.026007080078125,2.20619140625,0.8532196884560057,1.0682012939453125,-2.116190673828125,2.723439078192092,-2.756331298828125,-0.15891810607910156,-1.1884766491286474
2025-09-24T12:07:58.127+02:00,-0.5946423950195312,0.36674609375,1.6720804709502997,1.161077880859375,0.3773641662597656,1.211925516210686,2.677676513671875,4.27055908203125,-0.7570359638412951,2.704000732421875,4.2418798828125,2.7891118317251187,-0.88846826171875,3.862767822265625,0.7011286225514253,0.74936572265625,-2.701415771484375,-2.506665754942912,-2.851739501953125,0.556781005859375,0.7045525821859129,2.02599853515625,2.20617724609375,0.853236399791846,1.0681947021484375,-2.1162744140625,2.7237389501308344,-2.756328369140625,-0.15890792846679688,-1.1884252501196086
2025-09-24T12:07:58.146+02:00,-0.5957454833984375,0.37298193359375,1.6721145594122526,1.1628021240234374,0.383452392578125,1.2103121732223159,2.6851298828125,4.27409130859375,-0.7510719477381173,2.7112529296875,4.2452353515625,2.782571640720102,-0.8884647827148437,3.86270654296875,0.6998262701993493,0.7497694091796875,-2.700973876953125,-2.491779749713805,-2.851765869140625,0.5567636108398437,0.7040071002156374,2.0259949951171876,2.206190185546875,0.8532313397857748,1.0682337646484374,-2.11630859375,2.723850536580509,-2.75635400390625,-0.15895487976074218,-1.188456808578526
2025-09-24T12:07:58.166+02:00,-0.5969888916015625,0.3799227600097656,1.6718178832668178,1.1649954833984375,0.3896416015625,1.2104032533315967,2.692341064453125,4.2773740234375,-0.7489350272794376,2.718362548828125,4.24843896484375,2.780999843044737,-0.888490234375,3.862722412109375,0.6992476984525295,0.7495252685546875,-2.701288330078125,-2.506660428620732,-2.851730712890625,0.5567682495117188,0.7051733650360104,2.026008056640625,2.20618212890625,0.8532046415958467,1.0682841796875,-2.116270751953125,2.723825502866262,-2.75632080078125,-0.1589073944091797,-1.1885418965753543
2025-09-24T12:07:58.186+02:00,-0.5975408325195313,0.38536978149414064,1.6722859338283993,1.1670592041015626,0.3953180541992187,1.2104755581551923,2.700098388671875,4.28058056640625,-0.7474647626206321,2.72604052734375,4.25158544921875,2.7774149619013815,-0.8885032958984375,3.86271435546875,0.6994785945190394,0.7494442749023438,-2.70140087890625,-2.5103576951620887,-2.851753662109375,0.5567810668945312,0.7048376735806059,2.02601806640625,2.206184326171875,0.8532011794864297,1.0682474365234376,-2.1163330078125,2.724213259120978,-2.756349609375,-0.15894500732421876,-1.188488766511607
2025-09-24T12:07:58.206+02:00,-0.5984083862304688,0.3902494201660156,1.6726613063840459,1.169223388671875,0.40064617919921874,1.2097579693994704,2.708131591796875,4.28388134765625,-0.7452715163048974,2.7341142578125,4.25490185546875,2.7785502674740825,-0.888476806640625,3.862719970703125,0.7002424556987014,0.7495752563476562,-2.7011533203125,-2.5015381045800735,-2.851777587890625,0.5567867431640625,0.7044977876464845,2.0259981689453124,2.206189697265625,0.8532335368936741,1.068291259765625,-2.11621728515625,2.723542675158496,-2.756308349609375,-0.1589078369140625,-1.1885604055449304
2025-09-24T12:07:58.226+02:00,-0.5990704345703125,0.39695037841796876,1.671952905534085,1.171162353515625,0.40612872314453125,1.2086929712795478,2.715769287109375,4.28699951171875,-0.7467548304530442,2.741756103515625,4.25805615234375,2.780649371045283,-0.8884494018554687,3.862718017578125,0.7008401356263424,0.7494334716796875,-2.70142626953125,-2.5064830620921326,-2.851697265625,0.5567498168945313,0.7056633200975576,2.026009765625,2.20619091796875,0.8531738820852564,1.0683165283203124,-2.11623486328125,2.723596204696406,-2.756324462890625,-0.15891905212402344,-1.1884817091347184
2025-09-24T12:07:58.246+02:00,-0.6004407348632812,0.4039718933105469,1.671938124990035,1.173020751953125,0.4117059326171875,1.2075633915031907,2.72327392578125,4.29023193359375,-0.7440916027839378,2.749176513671875,4.26122119140625,2.776856497020792,-0.888460693359375,3.862699951171875,0.7002069024981488,0.7495884399414062,-2.701264892578125,-2.5005836276453888,-2.85169091796875,0.5567738037109375,0.706043353185112,2.026010009765625,2.206194091796875,0.8531899942098513,1.06831787109375,-2.1162548828125,2.723644674228246,-2.7563359375,-0.15891134643554689,-1.1884328401287154
2025-09-24T12:07:58.266+02:00,-0.601195556640625,0.40861471557617185,1.6718521048868253,1.174915771484375,0.4174131164550781,1.2067968005834113,2.73031396484375,4.29404248046875,-0.7417904984440549,2.75616259765625,4.26491015625,2.77236321162961,-0.8884712524414062,3.862712158203125,0.7000533046822784,0.7495646362304688,-2.701190673828125,-2.5015128045497175,-2.85174462890625,0.5567604370117187,0.7050343480271082,2.026008056640625,2.20619189453125,0.85316216417646,1.0683076171875,-2.116244873046875,2.7236689089941657,-2.756373046875,-0.15887222290039063,-1.188338164751963
2025-09-24T12:07:58.286+02:00,-0.6024247436523438,0.41419454956054685,1.6715112202672953,1.17626416015625,0.4222623291015625,1.2060717549766373,2.737953857421875,4.2975791015625,-0.7419570791702392,2.76378466796875,4.26841796875,2.7732188852878528,-0.8884732055664063,3.86274462890625,0.7000174185865897,0.7494159545898438,-2.701452392578125,-2.5081256998524935,-2.851732177734375,0.5567713012695312,0.7050565188431831,2.0259974365234377,2.206187255859375,0.8532619661383107,1.0683433837890626,-2.1161611328125,2.723290473803265,-2.75629638671875,-0.15889488220214842,-1.188537901833719
2025-09-24T12:07:58.306+02:00,-0.6032915649414062,0.4210844116210937,1.6711588840550777,1.178400390625,0.42802978515625,1.2047072843921351,2.74547802734375,4.30119140625,-0.7414957530904103,2.77135888671875,4.27205810546875,2.7732356632027204,-0.8884454956054687,3.86269384765625,0.6998413836385354,0.749514404296875,-2.70123974609375,-2.5014638023856604,-2.85173486328125,0.5567725219726563,0.7048060485426612,2.0260028076171874,2.206173583984375,0.8532811408981593,1.0682216796875,-2.1163671875,2.7241698495952096,-2.756335693359375,-0.15893630981445311,-1.1885472228975344
2025-09-24T12:07:58.326+02:00,-0.6040119018554687,0.42703448486328127,1.6714204064741236,1.1809095458984376,0.43469915771484374,1.2036152551871482,2.753152587890625,4.30501123046875,-0.7438197606156679,2.77906640625,4.2759619140625,2.7759289180131175,-0.8884631958007813,3.86271923828125,0.6993130124782637,0.7494318237304688,-2.701392822265625,-2.5088407586051797,-2.8516923828125,0.556765869140625,0.7059687846745898,2.02599560546875,2.206177490234375,0.8532515798100594,1.068314697265625,-2.116241943359375,2.7235495993773298,-2.756362548828125,-0.15894337463378908,-1.1884372343445142
2025-09-24T12:07:58.346+02:00,-0.6048851928710938,0.4323181457519531,1.6712279930853653,1.1818035888671874,0.4389554748535156,1.202671164580715,2.760334716796875,4.3085859375,-0.746308750970456,2.7863681640625,4.2795791015625,2.7782189702344766,-0.8884493408203125,3.862694091796875,0.69946234923639,0.7494354858398438,-2.701371337890625,-2.509462340403604,-2.85171728515625,0.5567626342773437,0.7058432166291925,2.0259998779296877,2.206187744140625,0.8532241492508316,1.068310546875,-2.116221923828125,2.723584220471501,-2.756379150390625,-0.15895639038085937,-1.188416328529957
2025-09-24T12:07:58.366+02:00,-0.6061011352539063,0.4376524963378906,1.6705860381046016,1.18396435546875,0.44396673583984375,1.2011072232305662,2.7681669921875,4.3121748046875,-0.7467960428709133,2.794227783203125,4.28319384765625,2.77854014746194,-0.8884765014648438,3.862679931640625,0.6995244008897887,0.7494041748046875,-2.70137451171875,-2.509411740342893,-2.8516982421875,0.5567628784179688,0.7058884237886967,2.0260045166015623,2.206197265625,0.8531811391992268,1.0682451171875,-2.11633935546875,2.72408915581418,-2.756358642578125,-0.15897879028320314,-1.1885375023595557
2025-09-24T12:07:58.386+02:00,-0.6071676635742187,0.44406512451171876,1.6693267623831578,1.186179443359375,0.450212890625,1.2005997578848515,2.775107421875,4.316248046875,-0.7455165271251847,2.8011044921875,4.287197265625,2.775251942464019,-0.8884393920898438,3.862728759765625,0.700290725493459,0.7494673461914062,-2.70139599609375,-2.508885233395384,-2.851793701171875,0.5567980346679687,0.7043761477636951,2.02600048828125,2.20618896484375,0.8531607660168877,1.06830029296875,-2.11621630859375,2.7234300234443856,-2.7564296875,-0.15898750305175782,-1.1883670600497904
2025-09-24T12:07:58.406+02:00,-0.6082835693359375,0.45071810913085936,1.6688516544446876,1.188325927734375,0.4562704772949219,1.1994126538289487,2.78255029296875,4.3195634765625,-0.7453547400889624,2.8085498046875,4.29046923828125,2.7750876254247614,-0.8884436645507813,3.8627021484375,0.7002390601683115,0.7496239624023437,-2.701099853515625,-2.495839738795631,-2.851715087890625,0.5567741088867187,0.7052673080434628,2.0260062255859377,2.20618505859375,0.8531746144545561,1.068263671875,-2.1163037109375,2.723920577717178,-2.756382080078125,-0.158915283203125,-1.1883289768462024
2025-09-24T12:07:58.426+02:00,-0.6087739868164063,0.4555346984863281,1.66970999126402,1.190151123046875,0.46096292114257814,1.1978549709073614,2.791056640625,4.3234091796875,-0.7478382043844886,2.817085693359375,4.29439111328125,2.780858162874745,-0.888487060546875,3.862705322265625,0.6998771365761698,0.749546142578125,-2.70128955078125,-2.4974980892064234,-2.8517724609375,0.5567537841796875,0.7055823600004193,2.0260013427734376,2.20618798828125,0.8531999144849118,1.0683134765625,-2.116222412109375,2.7236012647024777,-2.756322021484375,-0.15891419982910157,-1.1884608033201614
2025-09-24T12:07:58.446+02:00,-0.6092302856445313,0.4610849304199219,1.670612270241339,1.191641845703125,0.46588247680664063,1.196754952219104,2.798740234375,4.32703466796875,-0.7498545502248147,2.824771728515625,4.29810205078125,2.7804581560790154,-0.8884534301757813,3.86275390625,0.7014252321178328,0.749572509765625,-2.701264892578125,-2.496013110582595,-2.8517294921875,0.556763916015625,0.7059509414952863,2.0259993896484376,2.206193115234375,0.8532746161534887,1.0682327880859375,-2.11618359375,2.723425762386641,-2.756326416015625,-0.15891441345214843,-1.1884753175481022
2025-09-24T12:07:58.466+02:00,-0.6102208251953125,0.46760958862304686,1.672310967542646,1.194036376953125,0.47225021362304687,1.1949052536839895,2.806458740234375,4.33042626953125,-0.7495159958712384,2.832467041015625,4.3014716796875,2.781364429797969,-0.8884468994140625,3.862763427734375,0.7012239637184501,0.7495615234375,-2.701224609375,-2.497030438119005,-2.851726318359375,0.5567709350585938,0.7051181710224185,2.02600146484375,2.206201416015625,0.8531711523451391,1.0681492919921876,-2.1161923828125,2.7233402749156497,-2.756376708984375,-0.1589409942626953,-1.1883363005392
2025-09-24T12:07:58.486+02:00,-0.61112451171875,0.4741847229003906,1.6713643469331774,1.196135498046875,0.4784186706542969,1.192550619806196,2.813853759765625,4.33404443359375,-0.7488137202917845,2.839870849609375,4.30508447265625,2.7805692098964716,-0.888462646484375,3.86277783203125,0.7024007480251289,0.7495884399414062,-2.70115087890625,-2.4963262983267884,-2.851748779296875,0.5567763061523437,0.7053288936436709,2.025994384765625,2.206184326171875,0.8531351330913957,1.068114990234375,-2.1162060546875,2.7233972665629773,-2.756322265625,-0.15892547607421875,-1.188536570253174
2025-09-24T12:07:58.506+02:00,-0.612635986328125,0.47943447875976564,1.67080122152068,1.1978382568359376,0.4837541809082031,1.1913897478870303,2.8219755859375,4.3371484375,-0.7509633573446692,2.848041015625,4.30827783203125,2.7837325126392676,-0.8884610595703125,3.862723876953125,0.700382671130094,0.7496532592773437,-2.70097509765625,-2.4969279064170373,-2.851781982421875,0.5567686157226562,0.7040503765833511,2.0259896240234374,2.206178955078125,0.8532032434362745,1.068142333984375,-2.116220458984375,2.7234225665933334,-2.756355712890625,-0.15892478942871094,-1.1884026132503431
2025-09-24T12:07:58.526+02:00,-0.61327001953125,0.48513427734375,1.6694447404194481,1.1997236328125,0.488080322265625,1.1890979646109627,2.82933251953125,4.341583984375,-0.7478406678084968,2.85533447265625,4.3126162109375,2.781971896842616,-0.8884867553710938,3.862723876953125,0.6998563639196671,0.749641845703125,-2.7010380859375,-2.497094353985167,-2.8517431640625,0.5567921142578125,0.7045279479458296,2.02600341796875,2.206184814453125,0.8532016455396204,1.068187255859375,-2.116203125,2.7233951360341053,-2.75629736328125,-0.15892634582519533,-1.1885924966360657
2025-09-24T12:07:58.546+02:00,-0.6146469116210938,0.4914194030761719,1.6688021196484122,1.2017056884765625,0.4940346374511719,1.1879524058680653,2.836583251953125,4.3442763671875,-0.7478537838768655,2.862556884765625,4.31528662109375,2.7800040871131566,-0.88846435546875,3.8627275390625,0.7003842024477208,0.7496233520507812,-2.701013427734375,-2.4968962148000653,-2.8516953125,0.5567852172851563,0.705349000509901,2.0260106201171877,2.2061845703125,0.8532400616383449,1.06820751953125,-2.116189697265625,2.7234079192073377,-2.756289794921875,-0.15890267944335937,-1.1885649329187833
2025-09-24T12:07:58.566+02:00,-0.6153995361328125,0.49728128051757814,1.6688933329157474,1.2038519287109375,0.4996192016601563,1.1864310750953575,2.843591796875,4.3474404296875,-0.7474038428106966,2.869544921875,4.3184599609375,2.7799295186026343,-0.8884816284179687,3.86272802734375,0.700979818425517,0.7495260009765625,-2.70116162109375,-2.50328380667462,-2.851757080078125,0.5567852172851563,0.7046943955139596,2.0260111083984373,2.2061767578125,0.8532447221702525,1.0681739501953125,-2.11620556640625,2.7233924728730154,-2.756282958984375,-0.1589226837158203,-1.1886040813868075
2025-09-24T12:07:58.586+02:00,-0.6158878173828125,0.503037109375,1.6693713703314166,1.2056385498046875,0.5046765747070312,1.1848161342103334,2.85215966796875,4.351171875,-0.7460930349221596,2.878086181640625,4.32215966796875,2.7798253890040123,-0.8884746704101563,3.862720458984375,0.7006345395901883,0.749422607421875,-2.70155859375,-2.5096546206343078,-2.85167626953125,0.55679931640625,0.7062281765647634,2.0259981689453124,2.206177001953125,0.8532507142827052,1.068156982421875,-2.116218505859375,2.723381553912546,-2.75635595703125,-0.15893376159667968,-1.188380375855241
2025-09-24T12:07:58.606+02:00,-0.6167825317382812,0.5089459838867187,1.6700641916890007,1.207729248046875,0.51047314453125,1.1835472711089652,2.85876806640625,4.354693359375,-0.7497853080364727,2.88480224609375,4.325814453125,2.782296536179497,-0.88846533203125,3.862776123046875,0.70248164154324,0.7494702758789062,-2.70149658203125,-2.507578420248482,-2.851717041015625,0.5567726440429688,0.7061849667760769,2.0260076904296875,2.206189208984375,0.8532043752797378,1.06819677734375,-2.116216064453125,2.7234369476632194,-2.75638134765625,-0.15892666625976562,-1.1882907604845598
2025-09-24T12:07:58.626+02:00,-0.6172477416992187,0.5145930786132813,1.670096016464027,1.209529296875,0.5161148071289062,1.1829278198394126,2.86499853515625,4.3578486328125,-0.7514471871357093,2.89109912109375,4.32900439453125,2.781724489177348,-0.8884879760742187,3.862739501953125,0.7012280250391124,0.7495220336914062,-2.70142431640625,-2.5068780088817912,-2.851698486328125,0.5567870483398437,0.7053290268017255,2.0259947509765626,2.206190185546875,0.8531897944727695,1.0682354736328126,-2.116212158203125,2.723450529784779,-2.75640869140625,-0.15889834594726562,-1.1881693203388521
2025-09-24T12:07:58.646+02:00,-0.6188074951171875,0.5208558959960937,1.6700470142999697,1.21183544921875,0.52143798828125,1.1821617615518514,2.873609375,4.36208154296875,-0.7484990012299644,2.899607421875,4.333109375,2.782589750215515,-0.8884711303710937,3.862730224609375,0.701252725858223,0.7495225219726562,-2.70142578125,-2.5088221164775493,-2.85166845703125,0.5567750854492187,0.7060552708309901,2.02600244140625,2.206189208984375,0.8532587703450026,1.0682742919921875,-2.116215087890625,2.723457454003613,-2.75635205078125,-0.15889118957519532,-1.1883546763507216
2025-09-24T12:07:58.666+02:00,-0.6193418579101563,0.5268370361328125,1.668867633411228,1.21379638671875,0.5270653076171875,1.1807035476969785,2.8810869140625,4.365517578125,-0.751457640042988,2.907223388671875,4.3367080078125,2.7845045630392815,-0.8884334716796874,3.862693115234375,0.700692330185843,0.7496262817382813,-2.701206298828125,-2.501628918373245,-2.851715576171875,0.5567958984375,0.7055329583621983,2.026009521484375,2.206182861328125,0.8531652268117136,1.0683092041015625,-2.1162060546875,2.7234984666844007,-2.756323486328125,-0.15896728515625,-1.1885406981528637
2025-09-24T12:07:58.686+02:00,-0.6209659423828126,0.5325714721679687,1.6696506027717113,1.216041015625,0.5328887939453125,1.1794915430848834,2.888391845703125,4.36820556640625,-0.7544833905154815,2.914573486328125,4.33943798828125,2.787072649278445,-0.8884642944335938,3.8626904296875,0.7007045807268574,0.749602783203125,-2.701160400390625,-2.4995519190390922,-2.8516552734375,0.5567646484375,0.7063679925219927,2.0260052490234375,2.20618603515625,0.8532654948267551,1.0683153076171874,-2.116197509765625,2.7234209686966793,-2.7563544921875,-0.15890155029296876,-1.188334968958655
2025-09-24T12:07:58.706+02:00,-0.6215455932617188,0.5388304443359375,1.6699146551937927,1.218205322265625,0.5376363525390625,1.1786334725816598,2.89554833984375,4.3716396484375,-0.7513079703897255,2.921633056640625,4.34279248046875,2.785426549408667,-0.8884498291015624,3.862716552734375,0.7010996606745706,0.7496911010742188,-2.701023193359375,-2.495344923465094,-2.851733642578125,0.5567916259765625,0.7049015228677405,2.0260086669921873,2.20618896484375,0.8532050410700103,1.0682843017578125,-2.11621533203125,2.7235597193894723,-2.756309814453125,-0.158931396484375,-1.1885356381467924
2025-09-24T12:07:58.726+02:00,-0.6224791259765625,0.5454420776367187,1.6707575456788029,1.220002685546875,0.5427742919921875,1.1794731672733618,2.9034208984375,4.37528662109375,-0.7503210694687694,2.929458251953125,4.34639404296875,2.7831213171690945,-0.888478515625,3.862695556640625,0.6999177497827934,0.7495093994140625,-2.7012919921875,-2.504491017596753,-2.85167529296875,0.5567775268554688,0.7051131110163473,2.026007080078125,2.206179931640625,0.8531895281566606,1.0683304443359376,-2.116232177734375,2.723626298416724,-2.756361328125,-0.1589322967529297,-1.1883509479251955
2025-09-24T12:07:58.746+02:00,-0.6235968627929688,0.5508114013671875,1.6713140131885749,1.2224884033203125,0.5486971435546875,1.1785031108463004,2.910797119140625,4.3784345703125,-0.7509774720984467,2.936869384765625,4.3495859375,2.78296152750369,-0.8884573974609375,3.862689208984375,0.6996185436343231,0.7497119750976563,-2.70096630859375,-2.4936498214312586,-2.85175634765625,0.5567882080078125,0.7036638187511262,2.0260048828125,2.206176513671875,0.8531975842189581,1.068302734375,-2.116219970703125,2.723544805687368,-2.7564072265625,-0.15897032165527344,-1.1882986168097756
2025-09-24T12:07:58.767+02:00,-0.62463720703125,0.555791748046875,1.6715630187504973,1.2244783935546875,0.554571044921875,1.1773315862827747,2.917711181640625,4.3820986328125,-0.7501220647563132,2.943772705078125,4.353193359375,2.7816374038097025,-0.8884244384765625,3.8627177734375,0.7010770238053049,0.7492611083984375,-2.701973876953125,-2.5188017800304032,-2.8516669921875,0.556804931640625,0.7056439456006274,2.0260003662109374,2.206180908203125,0.8532728185197528,1.0683360595703124,-2.116177734375,2.7234547908425233,-2.756317138671875,-0.15891603088378906,-1.1884782470253012
2025-09-24T12:07:58.786+02:00,-0.6254675903320313,0.5620932006835937,1.6718399875038654,1.2265771484375,0.5594860229492188,1.1756637816501125,2.925461669921875,4.38574609375,-0.7563340877360047,2.95167529296875,4.35701806640625,2.790399736428281,-0.8884280395507812,3.862708740234375,0.7007178965323078,0.7495369873046875,-2.701557861328125,-2.5056742600690756,-2.851683837890625,0.5567832641601562,0.7052752309477058,2.0260052490234375,2.206177001953125,0.8531942552675955,1.0683148193359375,-2.1162177734375,2.723651065814862,-2.75627685546875,-0.15891876220703124,-1.1885746534567623
2025-09-24T12:07:58.806+02:00,-0.62659423828125,0.56937841796875,1.6719843308349478,1.22788134765625,0.5644673461914063,1.1743761432630593,2.932611572265625,4.3894677734375,-0.7562676418668073,2.958809814453125,4.3607314453125,2.786669180373298,-0.8884655151367188,3.862751220703125,0.7024505491375134,0.74945751953125,-2.7016044921875,-2.513228316501085,-2.85164794921875,0.556785888671875,0.7057011369850368,2.0260032958984375,2.206187255859375,0.8531905268420693,1.0682974853515625,-2.11622021484375,2.723548267796785,-2.75634326171875,-0.15894017028808594,-1.1884593385815618
2025-09-24T12:07:58.826+02:00,-0.6273095092773437,0.5746981811523437,1.6722114984759315,1.23059228515625,0.5704901123046875,1.1732000913256801,2.9399912109375,4.39333251953125,-0.7554643659030121,2.96618212890625,4.3645732421875,2.787209269442366,-0.8884902954101562,3.86272705078125,0.7015090551131431,0.7494646606445312,-2.701631103515625,-2.5121004677794367,-2.851673828125,0.5567689819335937,0.7049806187521158,2.0259962158203124,2.20618310546875,0.853262032717338,1.0682950439453125,-2.116222900390625,2.7235370825202065,-2.7562998046875,-0.158904296875,-1.1885091396939462
2025-09-24T12:07:58.846+02:00,-0.62810986328125,0.5795050659179688,1.6723666276094287,1.232445068359375,0.5755614624023437,1.1727442913051132,2.94724658203125,4.397134765625,-0.7591820056267082,2.973537353515625,4.36842041015625,2.788666817506966,-0.8884691772460938,3.86273388671875,0.7009017878055778,0.7494273071289063,-2.701564453125,-2.508984302987935,-2.851637451171875,0.5567928466796875,0.7063899636009858,2.02599560546875,2.20619091796875,0.8531741484013654,1.0683187255859374,-2.116224365234375,2.7235741004593588,-2.756341552734375,-0.15887570190429687,-1.1883281778978754
2025-09-24T12:07:58.867+02:00,-0.6288995361328125,0.5858278198242187,1.6719327986678547,1.234507568359375,0.58081591796875,1.172169581141874,2.955050048828125,4.400427734375,-0.756743681911659,2.981258056640625,4.37164111328125,2.788526468917519,-0.888459228515625,3.86271923828125,0.701046663768878,0.7494221801757812,-2.70152099609375,-2.5090966883859362,-2.85171630859375,0.5567891845703125,0.7052206361453592,2.02600732421875,2.2061826171875,0.8531666249712859,1.0683363037109375,-2.11621337890625,2.7235687741371786,-2.756332763671875,-0.15893243408203125,-1.1884632001651423
2025-09-24T12:07:58.887+02:00,-0.6299490966796875,0.592686279296875,1.67091001165121,1.23708935546875,0.5868822021484374,1.17036808582249,2.961941162109375,4.404400390625,-0.7538548844982228,2.98810302734375,4.3755654296875,2.7852105670442615,-0.8884886474609375,3.8627001953125,0.7002402585908021,0.74943701171875,-2.70145166015625,-2.50902318513985,-2.85172412109375,0.5568074340820313,0.7051033904783685,2.0260084228515627,2.2061787109375,0.8532999827628716,1.068328857421875,-2.116211181640625,2.723405256046248,-2.756338623046875,-0.158963623046875,-1.1884970223109863
2025-09-24T12:07:58.906+02:00,-0.6306658935546875,0.5975288696289063,1.6706048133902867,1.2388724365234376,0.591864990234375,1.1690986900889038,2.969385986328125,4.40713720703125,-0.7511268088565729,2.995474853515625,4.37825,2.781989473705811,-0.8884970092773438,3.86270703125,0.7003955208823537,0.7494419555664062,-2.701410400390625,-2.5096439679899474,-2.8517109375,0.556800048828125,0.7047465934713252,2.0260023193359373,2.206182861328125,0.8532531111276862,1.068311279296875,-2.116210205078125,2.7234686392801915,-2.7564091796875,-0.15893185424804687,-1.1882096672293667
2025-09-24T12:07:58.926+02:00,-0.631746337890625,0.6028904418945312,1.6706891024387878,1.2410028076171875,0.5970106811523438,1.1679675124158926,2.977296142578125,4.41111474609375,-0.7485254331037835,3.003300537109375,4.38215576171875,2.780949775616244,-0.888490478515625,3.862697509765625,0.6999515719286374,0.7494495849609375,-2.701443115234375,-2.5085038687272845,-2.85175390625,0.556761474609375,0.7038351265882455,2.0260159912109375,2.20618212890625,0.853208902653591,1.0682928466796875,-2.116206787109375,2.723379956015892,-2.75643505859375,-0.15893463134765626,-1.1881606650653094
2025-09-24T12:07:58.946+02:00,-0.6327037963867187,0.6095487670898437,1.670827054183254,1.243572265625,0.6031109619140625,1.1663801352481509,2.984613525390625,4.41376953125,-0.7441967976469959,3.010506591796875,4.38471875,2.7756511503114223,-0.8884827880859375,3.86270166015625,0.700264027303531,0.7494282836914062,-2.701455810546875,-2.5081608535788824,-2.851755126953125,0.5567642822265625,0.7039014392993885,2.026003173828125,2.206196044921875,0.8531827370958809,1.068178466796875,-2.11619140625,2.7233277580585264,-2.756427490234375,-0.15897334289550782,-1.1882532099131897
2025-09-24T12:07:58.966+02:00,-0.633761474609375,0.6161432495117187,1.6704631332202946,1.2458607177734375,0.6087439575195313,1.1651173974172897,2.9925888671875,4.41713134765625,-0.7411557339982344,3.01835986328125,4.387970703125,2.7731437841451125,-0.8884798583984375,3.862707275390625,0.7008159008604227,0.7494369506835937,-2.701464111328125,-2.508843954398488,-2.851756103515625,0.556782958984375,0.7045395326965714,2.025996826171875,2.206182373046875,0.8532834711641131,1.0681348876953125,-2.11622412109375,2.7234452034625987,-2.7562998046875,-0.15892376708984374,-1.1886251203594191
2025-09-24T12:07:58.987+02:00,-0.6344275512695312,0.6214402465820312,1.670326379898319,1.247935791015625,0.6141043701171875,1.1634060501008048,3.0002216796875,4.41996826171875,-0.7362222280788626,3.025837646484375,4.39063037109375,2.767275774999232,-0.8884639282226563,3.862716552734375,0.7009735599969553,0.7494082641601563,-2.70152294921875,-2.5104474436908246,-2.851706787109375,0.5567841186523438,0.7057573962630647,2.025996337890625,2.206189697265625,0.8532644295623191,1.0681968994140625,-2.116211181640625,2.723408185523447,-2.756346435546875,-0.15891975402832031,-1.1884153964235755
2025-09-24T12:07:59.006+02:00,-0.6355723266601563,0.627011962890625,1.6704626005880765,1.2501290283203126,0.6199241333007812,1.1619662120574534,3.00780126953125,4.42298828125,-0.7328318908531373,3.033350341796875,4.39364404296875,2.7622980606057648,-0.888477783203125,3.86270166015625,0.6998088930732365,0.749425048828125,-2.70143505859375,-2.509590438452037,-2.8517294921875,0.5567623291015625,0.7047897366809844,2.02599609375,2.2061826171875,0.8532436569058164,1.068194091796875,-2.116266845703125,2.723757059626247,-2.756357177734375,-0.1589165802001953,-1.1883721200558617
2025-09-24T12:07:59.026+02:00,-0.6366281127929687,0.6340067749023437,1.6703190562053212,1.2524005126953126,0.625068603515625,1.159878426920886,3.015340576171875,4.4262919921875,-0.7282253545366,3.04075732421875,4.39681396484375,2.75856537402191,-0.8884514770507812,3.8626904296875,0.699398966002446,0.7494678955078125,-2.70143359375,-2.5096061511024685,-2.851795166015625,0.5567820434570312,0.7034783961602294,2.02600048828125,2.206180419921875,0.8532027773830837,1.0681904296875,-2.116308837890625,2.7239317629937565,-2.756425537109375,-0.15896023559570313,-1.1882928910134318
2025-09-24T12:07:59.046+02:00,-0.6374602661132812,0.6406587524414062,1.669053122581152,1.2539130859375,0.6295601806640625,1.1582353896863615,3.0232783203125,4.42967529296875,-0.7267258616848309,3.04863037109375,4.4001875,2.7587608500459218,-0.8884616088867188,3.862706298828125,0.6999201466277746,0.7495075073242188,-2.701392578125,-2.508439686545014,-2.851740966796875,0.556782470703125,0.7043862677758375,2.02600439453125,2.2061826171875,0.8531764786673192,1.068295166015625,-2.1162158203125,2.7235983352252786,-2.756380126953125,-0.158980224609375,-1.1884215216940825
2025-09-24T12:07:59.066+02:00,-0.6384738159179687,0.6455470581054688,1.6687553811712812,1.2563388671875,0.6350123291015625,1.1565428176555617,3.0311708984375,4.432935546875,-0.7268068883609965,3.056575927734375,4.4034736328125,2.7569863858116017,-0.8884588012695313,3.862693115234375,0.7001220142384026,0.7494931030273437,-2.701467529296875,-2.5073224904677254,-2.8517666015625,0.5568063354492188,0.7046123701523851,2.0260059814453126,2.206177001953125,0.8532240826718044,1.0682791748046876,-2.116233642578125,2.723687551121796,-2.756390380859375,-0.15898974609375,-1.188413931684976
2025-09-24T12:07:59.086+02:00,-0.6387601318359375,0.6507080688476562,1.6682722837495407,1.25916162109375,0.64128515625,1.1552410645147309,3.038796630859375,4.43644775390625,-0.7277543744978194,3.064236328125,4.40697607421875,2.7596876301052693,-0.8885030517578125,3.862682861328125,0.6995799943775441,0.7492166137695313,-2.702095703125,-2.5216785266399064,-2.8517021484375,0.5567645263671875,0.7052893457014833,2.02599560546875,2.20619140625,0.8532363332128187,1.068309326171875,-2.116211181640625,2.7234939393105475,-2.756416015625,-0.15897535705566407,-1.1883396294905626
2025-09-24T12:07:59.106+02:00,-0.6401365966796875,0.6567483520507813,1.6685079735060129,1.261322509765625,0.646583251953125,1.154337453956867,3.04611181640625,4.43930126953125,-0.7271059613514124,3.0714716796875,4.40981396484375,2.7573464451909806,-0.8884846801757813,3.862725341796875,0.6992284571136537,0.7492730712890625,-2.7019921875,-2.5191583773003647,-2.85181640625,0.5567899169921875,0.7029474284178948,2.026003173828125,2.206186279296875,0.8532622324544198,1.0683131103515624,-2.116207763671875,2.7235695730855056,-2.75641259765625,-0.15897918701171876,-1.188364530046755
2025-09-24T12:07:59.126+02:00,-0.6411194458007813,0.663113037109375,1.6676304619268318,1.263518798828125,0.6514346923828125,1.1521748339936682,3.05336083984375,4.44250146484375,-0.7251290968742465,3.078676513671875,4.4129501953125,2.755885435016963,-0.8884691772460938,3.862721435546875,0.6997772680352918,0.7495013427734375,-2.701466552734375,-2.505933651959249,-2.851748291015625,0.5567448120117188,0.7041025745407167,2.0260101318359376,2.2061875,0.8532350016322737,1.0683079833984375,-2.11622412109375,2.723621238410653,-2.756305419921875,-0.15891386413574218,-1.1885100718003279
2025-09-24T12:07:59.146+02:00,-0.6419047241210938,0.6690106811523437,1.6672670735960904,1.26569189453125,0.6567013549804688,1.1505978431541777,3.06129541015625,4.44536083984375,-0.7257172560009906,3.086632080078125,4.41583837890625,2.7568130140246376,-0.8884653930664063,3.8626806640625,0.7005421279003625,0.7495257568359375,-2.70131787109375,-2.5047653231890314,-2.8516552734375,0.5567532348632812,0.7055676460353966,2.026001953125,2.20619482421875,0.8532672258814636,1.0683126220703125,-2.116215087890625,2.7236313584227956,-2.756388916015625,-0.15888978576660157,-1.1883219194693138
2025-09-24T12:07:59.166+02:00,-0.643321044921875,0.6750126953125,1.6673397778938497,1.268224609375,0.6627913208007813,1.1490850344969583,3.06840771484375,4.44921044921875,-0.7232945117783183,3.09370703125,4.41962158203125,2.754561577639085,-0.8884439697265625,3.862683349609375,0.7002707517852834,0.7494533081054687,-2.701487060546875,-2.509890576706889,-2.851760986328125,0.5567761840820312,0.7042487820845621,2.0260087890625,2.2061875,0.8532209534575235,1.068322265625,-2.116177001953125,2.723343737025067,-2.7563330078125,-0.15895704650878906,-1.1885268497151953
2025-09-24T12:07:59.186+02:00,-0.643812255859375,0.681708984375,1.6671405734443117,1.2703153076171876,0.6685399169921875,1.1478041871706846,3.07539990234375,4.45156884765625,-0.7227162063476076,3.100658935546875,4.42197265625,2.752352219198755,-0.8884876708984375,3.862700439453125,0.6994042257455989,0.7495736083984375,-2.70124853515625,-2.5031445233496092,-2.85168017578125,0.5567864990234375,0.7053507981436369,2.0260003662109374,2.20618212890625,0.853264695878428,1.068306396484375,-2.11624609375,2.7237394827630528,-2.756381591796875,-0.15895140075683595,-1.18836319846621
2025-09-24T12:07:59.206+02:00,-0.644498779296875,0.6876547241210937,1.6679873255129023,1.2725804443359374,0.6734388427734375,1.145951026526153,3.083022705078125,4.45500341796875,-0.7213797655335785,3.1082275390625,4.42537353515625,2.751548477181769,-0.8884581909179687,3.862792236328125,0.7024705228456889,0.749420166015625,-2.701320556640625,-2.5083339590497378,-2.85174365234375,0.5567780151367188,0.7042435223414092,2.0259969482421876,2.20618701171875,0.8533272801640449,1.0683203125,-2.11619482421875,2.7235384141007515,-2.75639208984375,-0.15897605895996095,-1.1883321726395104
2025-09-24T12:07:59.227+02:00,-0.6448402709960938,0.6934894409179687,1.6695737705742626,1.274728515625,0.6782855834960938,1.1439424704320151,3.090428955078125,4.45803173828125,-0.7228993652515777,3.115700439453125,4.4284853515625,2.7539844706308645,-0.8884584350585938,3.862736083984375,0.7009212288815353,0.7496298828125,-2.7010703125,-2.495711907063307,-2.851738525390625,0.5568016967773437,0.7045601056159924,2.0260040283203127,2.20618212890625,0.8532415263769444,1.068334716796875,-2.11621435546875,2.7235871499487,-2.75632373046875,-0.15890599060058594,-1.1884305764417888
2025-09-24T12:07:59.246+02:00,-0.6460270385742187,0.7002338256835937,1.6688868081710766,1.2770792236328126,0.684665283203125,1.1433054422992683,3.097867919921875,4.46082470703125,-0.7263221264635749,3.12320654296875,4.43133642578125,2.7573720115374454,-0.8884468994140625,3.862732177734375,0.7001745450909044,0.7495603637695313,-2.7011640625,-2.5013069421974543,-2.851777099609375,0.5567489013671875,0.7034451066466034,2.0260045166015623,2.20618310546875,0.8532087694955364,1.0682847900390624,-2.1162353515625,2.723524299346974,-2.756315185546875,-0.15894873046875,-1.1885739876664896
2025-09-24T12:07:59.267+02:00,-0.6474214477539062,0.7053848266601562,1.668481608211221,1.2795860595703126,0.689834716796875,1.1410549380200967,3.105008544921875,4.46420703125,-0.7278328711709495,3.130396728515625,4.43472216796875,2.757557633865424,-0.8884909057617187,3.86274658203125,0.7012105147549452,0.749396240234375,-2.701395263671875,-2.50861518886085,-2.851747802734375,0.5567901611328125,0.7041889275390626,2.0259974365234377,2.2061826171875,0.8531968518496583,1.068247314453125,-2.11619140625,2.723320833839692,-2.75633544921875,-0.15891893005371094,-1.1884552106818722
2025-09-24T12:07:59.287+02:00,-0.6481222534179687,0.7116053466796874,1.6669601442804587,1.2813779296875,0.695364013671875,1.139177942083809,3.112895263671875,4.46825830078125,-0.7274829983827403,3.138218505859375,4.4387607421875,2.7574489768929484,-0.8884588012695313,3.862700927734375,0.7005291449900484,0.749437255859375,-2.701339599609375,-2.508890826033673,-2.85174072265625,0.556783203125,0.7043133637409965,2.0259918212890624,2.20619287109375,0.8531863323633525,1.0681959228515625,-2.116189208984375,2.723239873742554,-2.75633984375,-0.15891738891601562,-1.1884305764417888
2025-09-24T12:07:59.307+02:00,-0.6492745361328125,0.7179679565429687,1.6675363191822974,1.2837137451171876,0.7009946899414062,1.1363649781824128,3.1202197265625,4.4719033203125,-0.7317657608897513,3.14564404296875,4.44246240234375,2.761835735840527,-0.8884789428710937,3.862683349609375,0.7000366599254655,0.7494192504882813,-2.701351806640625,-2.50925141804527,-2.851788330078125,0.5567730712890625,0.7035101543562285,2.02599658203125,2.206187255859375,0.8532577050805666,1.0682384033203125,-2.116208251953125,2.7233908749763613,-2.756326171875,-0.15890867614746093,-1.188416328529957
2025-09-24T12:07:59.326+02:00,-0.6497067260742188,0.7235005493164063,1.6685360698555132,1.28652783203125,0.7070958251953126,1.1353049069105068,3.127080322265625,4.47519091796875,-0.7378743866401205,3.1527392578125,4.44594970703125,2.765835537481717,-0.888466064453125,3.862706787109375,0.7007323441812214,0.7494329833984374,-2.701393798828125,-2.5111981888021178,-2.8517041015625,0.5567880859375,0.7054225703350145,2.0260054931640625,2.206187744140625,0.8531966521125766,1.068266845703125,-2.116232177734375,2.7235466699001307,-2.756308837890625,-0.15891104125976563,-1.1884597380557254
2025-09-24T12:07:59.346+02:00,-0.6503789672851562,0.7293280639648437,1.6690043867332036,1.28840087890625,0.7121917724609375,1.134845511622468,3.134755126953125,4.47860400390625,-0.7383686693384393,3.160472900390625,4.4494267578125,2.7705277610063277,-0.8884402465820312,3.862752197265625,0.7004401288306125,0.7494907836914062,-2.70128271484375,-2.509080975735505,-2.85174560546875,0.55677294921875,0.7036264013378105,2.0260064697265623,2.20618505859375,0.8532202210882237,1.0682957763671874,-2.1162333984375,2.723593275219207,-2.756365478515625,-0.1589176330566406,-1.1883482847641054
2025-09-24T12:07:59.366+02:00,-0.6512337036132813,0.7351151123046875,1.6695655147748834,1.290327880859375,0.7167454833984375,1.1329072629811083,3.141788330078125,4.48236669921875,-0.7407766995960889,3.167543212890625,4.45317333984375,2.771181034421724,-0.8884507446289063,3.862723876953125,0.699969415107941,0.7496416625976563,-2.7010791015625,-2.4985234062261035,-2.851680908203125,0.556761962890625,0.7050547212094473,2.0260025634765624,2.2061748046875,0.8532192889818422,1.0682913818359374,-2.11623828125,2.7235914110064443,-2.756343505859375,-0.15894369506835937,-1.1884071406241963
2025-09-24T12:07:59.386+02:00,-0.6519739379882813,0.7408496704101563,1.6690416709884648,1.292454833984375,0.7219519653320312,1.131552246618476,3.149333984375,4.48519775390625,-0.7466380508392443,3.1752236328125,4.4561767578125,2.7763291911249564,-0.8884718017578125,3.86267431640625,0.6988506211339988,0.7495997314453124,-2.70123974609375,-2.5032553108509563,-2.851684326171875,0.556776123046875,0.7053900797697156,2.025998291015625,2.2061884765625,0.8532031102782199,1.068318603515625,-2.116201171875,2.723452127681433,-2.75632568359375,-0.158965087890625,-1.1885569434355132
2025-09-24T12:07:59.406+02:00,-0.6532689208984375,0.7471490478515626,1.6688479260191615,1.2947027587890625,0.72828662109375,1.1298925646271387,3.15662353515625,4.48976025390625,-0.7475643648454011,3.182593505859375,4.46077685546875,2.778565980124514,-0.8884281616210937,3.862759033203125,0.7008788180411758,0.7494126586914063,-2.701795654296875,-2.514101034390304,-2.851689697265625,0.5567954711914063,0.7052987999233531,2.0259981689453124,2.20619482421875,0.853227677939276,1.0683170166015625,-2.116210205078125,2.7234246971222054,-2.756389892578125,-0.1589739074707031,-1.1883436242321979
2025-09-24T12:07:59.426+02:00,-0.6540531005859375,0.7535476684570312,1.6690117104262014,1.2978487548828126,0.7346930541992187,1.130001754231832,3.164087890625,4.49268701171875,-0.7499118081882514,3.190134765625,4.4637529296875,2.7828885568898216,-0.8884788818359375,3.862775146484375,0.7010141066245519,0.7496284790039063,-2.701594970703125,-2.516148738952466,-2.8516640625,0.5567700805664062,0.704938141332729,2.0259998779296877,2.206188232421875,0.8532597690304115,1.068290771484375,-2.116233642578125,2.7237400153952707,-2.756427978515625,-0.15896881103515625,-1.188198615110843
2025-09-24T12:07:59.446+02:00,-0.65484033203125,0.7594607543945312,1.6695462068569802,1.2997220458984375,0.7384609985351562,1.1302777908788186,3.17169091796875,4.49603759765625,-0.7524396141159274,3.1978310546875,4.46723828125,2.7849064340477745,-0.8884873657226563,3.862715087890625,0.7002196856713812,0.7494732666015625,-2.701591064453125,-2.5106101628334283,-2.851695556640625,0.5567786254882813,0.7044915292179228,2.0260052490234375,2.20618994140625,0.8532141623967439,1.068311767578125,-2.116231201171875,2.7236215047267622,-2.756428466796875,-0.15897109985351562,-1.1882360325241585
2025-09-24T12:07:59.466+02:00,-0.6556882934570313,0.7654466552734375,1.66966032330969,1.3016956787109375,0.74363525390625,1.1308522347259486,3.17824853515625,4.499783203125,-0.7556728248373381,3.20441455078125,4.4709892578125,2.787108601953161,-0.8884883422851563,3.862709228515625,0.7011260925483896,0.7496343383789063,-2.701147216796875,-2.4971095340033806,-2.851795654296875,0.5567931518554687,0.7027277842069906,2.0259940185546874,2.206197021484375,0.853170087080703,1.0683450927734375,-2.1162294921875,2.723617509985127,-2.756397216796875,-0.15899070739746093,-1.1883385642261266
2025-09-24T12:07:59.486+02:00,-0.6565807495117187,0.7717315673828125,1.6697016023065863,1.304314208984375,0.7495941772460938,1.1303411741127625,3.186374267578125,4.503390625,-0.7597408699814614,3.21267724609375,4.4747099609375,2.7918820518910192,-0.8884788208007812,3.862760009765625,0.7019778380440242,0.7496522827148437,-2.701000732421875,-2.495244255975889,-2.851670166015625,0.5567876586914062,0.7051942708505674,2.0260130615234373,2.206178466796875,0.8531901273679059,1.068218994140625,-2.1161953125,2.7233445359733937,-2.75638525390625,-0.15900808715820314,-1.188397286928163
2025-09-24T12:07:59.506+02:00,-0.6578045043945312,0.7778577880859375,1.6688782860555884,1.3070328369140625,0.7550964965820313,1.1274425895823204,3.193349853515625,4.5068466796875,-0.7616766551988128,3.2197431640625,4.47820654296875,2.793867438483673,-0.88848486328125,3.862744873046875,0.7005306763076752,0.7496378173828125,-2.70096630859375,-2.4966027344479387,-2.851631103515625,0.5567780151367188,0.7062165252349943,2.0260067138671873,2.206184326171875,0.8532844698495219,1.068184814453125,-2.116196533203125,2.7233277580585264,-2.75639892578125,-0.15898411560058595,-1.1883845037549305
2025-09-24T12:07:59.526+02:00,-0.6589641723632812,0.783499267578125,1.6685022477096692,1.3090665283203125,0.7603264770507813,1.1257215217278567,3.200353515625,4.50993896484375,-0.7647920876210147,3.226810791015625,4.4814248046875,2.7982451426835455,-0.888486328125,3.862720703125,0.6997268011326347,0.7496382446289063,-2.7010224609375,-2.496824842082851,-2.851701904296875,0.5567989501953124,0.7057444799317778,2.026014404296875,2.206185302734375,0.8532007800122662,1.06821728515625,-2.116200927734375,2.7233732981131666,-2.756391357421875,-0.1590161437988281,-1.1883361673811457
2025-09-24T12:07:59.546+02:00,-0.6595787353515625,0.7892099609375,1.6677558968141746,1.3109324951171875,0.7640155029296875,1.1237107019467922,3.20719287109375,4.5138671875,-0.7627152214449164,3.233623291015625,4.48532666015625,2.794772114305973,-0.8884642333984375,3.86268603515625,0.699541911173956,0.7495780639648437,-2.70121337890625,-2.506264150250528,-2.8517353515625,0.5567905883789063,0.7043494495737671,2.026010498046875,2.20618798828125,0.8531993818526938,1.0682491455078125,-2.116224609375,2.723483020350078,-2.75638818359375,-0.15902890014648438,-1.1884312422320613
2025-09-24T12:07:59.566+02:00,-0.6607136840820312,0.7956434936523438,1.6679979781572627,1.3129366455078124,0.7692949829101563,1.1225005615474604,3.214510498046875,4.51771630859375,-0.7681550608665395,3.241036376953125,4.4892294921875,2.799969805805481,-0.8884371948242188,3.862690673828125,0.6996978392557802,0.7498264770507812,-2.700925048828125,-2.493370988465127,-2.851701416015625,0.5567708129882812,0.7040729468735896,2.0260172119140627,2.20617529296875,0.8531637620731141,1.068267578125,-2.1162099609375,2.7235069887998886,-2.7563271484375,-0.15891799926757813,-1.1883930258704187
2025-09-24T12:07:59.586+02:00,-0.660976806640625,0.80082958984375,1.6672268598636302,1.316170654296875,0.7751884765625,1.12102823293881,3.2221982421875,4.52114208984375,-0.7696127420891944,3.248802978515625,4.49275439453125,2.801829224878574,-0.8884638671875,3.862718994140625,0.6998865242190123,0.7496578369140625,-2.701152099609375,-2.495703651263928,-2.85171044921875,0.5567864379882812,0.7045110368729076,2.0260098876953125,2.2061865234375,0.8532483174377241,1.0682713623046876,-2.116189453125,2.7234798245567697,-2.75634521484375,-0.158928466796875,-1.1883714542655892
2025-09-24T12:07:59.606+02:00,-0.6621680908203125,0.8064930419921875,1.6674993012431454,1.3184425048828126,0.7808837890625,1.1206901446384243,3.22916650390625,4.52462255859375,-0.771071421997258,3.25579736328125,4.49627734375,2.8028454871505484,-0.888429443359375,3.862731201171875,0.7000091627872105,0.7495166015625,-2.701310791015625,-2.5003250347035424,-2.85174951171875,0.556775146484375,0.7042478499781806,2.02600634765625,2.20618115234375,0.8532490498070239,1.06831201171875,-2.116197998046875,2.723573567827141,-2.75631103515625,-0.15890092468261718,-1.1884814428186095
2025-09-24T12:07:59.626+02:00,-0.6627913208007813,0.8133137817382813,1.6666112701776583,1.3207459716796874,0.7857479248046875,1.1192147533945205,3.23657470703125,4.52818212890625,-0.7701901154135236,3.26313427734375,4.49980908203125,2.80186517755329,-0.888488037109375,3.862771484375,0.7018735087083204,0.7494292602539062,-2.70146240234375,-2.5106852639761685,-2.851794189453125,0.5567923583984375,0.7030043534861953,2.0260146484375,2.20618115234375,0.8531870647326523,1.068318603515625,-2.11620458984375,2.723448665572016,-2.756257568359375,-0.1589390106201172,-1.1886786498973299
2025-09-24T12:07:59.646+02:00,-0.6641272583007812,0.819491455078125,1.6668018193536536,1.3234542236328124,0.7912515869140625,1.1176107314699657,3.243423095703125,4.5313251953125,-0.769245092700709,3.26996240234375,4.50290771484375,2.798880839235747,-0.8884217529296875,3.862671142578125,0.698634572190566,0.749426513671875,-2.701528564453125,-2.5094050824401672,-2.8517099609375,0.556791015625,0.7042681565814924,2.0260052490234375,2.2061796875,0.8531788755123002,1.068315673828125,-2.116243408203125,2.723585019419828,-2.756309326171875,-0.15891423034667967,-1.1885096723261643
2025-09-24T12:07:59.666+02:00,-0.6646414794921875,0.82330810546875,1.666392624652163,1.32580029296875,0.796747802734375,1.1172406852364993,3.25022119140625,4.53465478515625,-0.7657205321560435,3.276677001953125,4.50614208984375,2.7958664071978867,-0.8884330444335937,3.8626962890625,0.6998226083528504,0.7495049438476562,-2.701450439453125,-2.506192244901096,-2.851736572265625,0.5567846069335938,0.7039252745911447,2.026008056640625,2.20616455078125,0.8532301413632842,1.06830322265625,-2.116230224609375,2.72358981310979,-2.75630419921875,-0.15889830017089843,-1.18842085590381
2025-09-24T12:07:59.687+02:00,-0.665263916015625,0.82886181640625,1.6660069989263195,1.3281007080078124,0.801329833984375,1.11595730790719,3.25758837890625,4.5388408203125,-0.7656619426120618,3.284031494140625,4.5102734375,2.7959830536536323,-0.8884830932617187,3.862684326171875,0.7002526422898709,0.7495530395507812,-2.701205810546875,-2.5010653934865843,-2.851712646484375,0.5567594604492188,0.7047041826309656,2.0260008544921875,2.206174560546875,0.8531728168208204,1.06833642578125,-2.11621044921875,2.723514445650941,-2.756311767578125,-0.1589210205078125,-1.1884560096301993
2025-09-24T12:07:59.706+02:00,-0.6664506225585938,0.8354832153320313,1.6664570731505428,1.330423828125,0.80699169921875,1.1145136748592854,3.265156494140625,4.54160595703125,-0.7610551399794155,3.291531005859375,4.51300927734375,2.793361970508776,-0.8884879760742187,3.86273974609375,0.7011271578128256,0.74945751953125,-2.70134228515625,-2.5081382167096167,-2.851707275390625,0.5567962646484375,0.7048949315440426,2.025996337890625,2.206181884765625,0.8533158951503849,1.0682847900390624,-2.116246826171875,2.7236473373893357,-2.756300537109375,-0.15896470642089844,-1.18859675769381
2025-09-24T12:07:59.726+02:00,-0.6673397827148437,0.8423081665039063,1.6663821051658572,1.3335767822265625,0.8130911865234375,1.11291185004263,3.27277197265625,4.5449052734375,-0.7620777272589787,3.299124755859375,4.51633984375,2.7925659516589514,-0.8885052490234375,3.8627763671875,0.7027697289941593,0.7496504516601562,-2.700995361328125,-2.496383289974116,-2.85166162109375,0.5567761840820312,0.7052041245466008,2.026008056640625,2.206192626953125,0.8532149613450708,1.068302978515625,-2.11620556640625,2.723440409772637,-2.7563017578125,-0.15898599243164063,-1.18861686456004
2025-09-24T12:07:59.746+02:00,-0.66815283203125,0.8484295043945312,1.6653084517723917,1.33559228515625,0.81785791015625,1.1113745403033817,3.28020263671875,4.5488408203125,-0.7578458977078155,3.306437255859375,4.52011181640625,2.7909496791933823,-0.888460693359375,3.862760986328125,0.7013980012956867,0.749720458984375,-2.700901611328125,-2.495589667969272,-2.8517119140625,0.55676123046875,0.7063689912074014,2.0260037841796876,2.206177978515625,0.8532162263465887,1.0683162841796876,-2.116205078125,2.723455856106959,-2.756279541015625,-0.158920654296875,-1.1885970240099188
2025-09-24T12:07:59.766+02:00,-0.6688079833984375,0.8534315185546875,1.664987540861037,1.3378582763671876,0.8234814453125,1.1098874977297086,3.287621337890625,4.5514814453125,-0.760776240434257,3.3139345703125,4.52286279296875,2.7916623411010875,-0.8884684448242187,3.862704833984375,0.7012638445557741,0.7494911499023438,-2.701291259765625,-2.5000760291416197,-2.851663330078125,0.5567859497070312,0.705596275017115,2.0260091552734374,2.2061806640625,0.8532384637416908,1.068310546875,-2.1162119140625,2.7234340181860204,-2.756281494140625,-0.15894194030761719,-1.1886118045539689
2025-09-24T12:07:59.786+02:00,-0.6698335571289062,0.8598182373046875,1.6642172215157316,1.3407830810546875,0.8290650634765625,1.1080555092158433,3.294770263671875,4.55531005859375,-0.7590019093579917,3.32100146484375,4.52661962890625,2.789969369596124,-0.88844384765625,3.862535400390625,0.6984129306088442,0.7494889526367188,-2.70144970703125,-2.4990901269060726,-2.85165478515625,0.5567877807617188,0.7055715741980044,2.0260155029296874,2.206173095703125,0.8532983848662176,1.068302978515625,-2.116189697265625,2.7234438718820537,-2.756302978515625,-0.15896437072753905,-1.188635107213507
2025-09-24T12:07:59.806+02:00,-0.6707678833007813,0.8667928466796875,1.664143052479373,1.3431455078125,0.8345406494140625,1.1077445851585765,3.301494140625,4.558994140625,-0.7532071371420882,3.327607177734375,4.53015185546875,2.7857586455965997,-0.8885197143554687,3.86268896484375,0.7017873554470563,0.7495131225585937,-2.701493896484375,-2.500918120678303,-2.851753173828125,0.556760009765625,0.7040927874237107,2.0260052490234375,2.206174560546875,0.8532224847751503,1.0682862548828125,-2.11620166015625,2.723525630927519,-2.756333984375,-0.15898277282714843,-1.1884863696666261
2025-09-24T12:07:59.826+02:00,-0.671465087890625,0.8729497680664062,1.6638997727137943,1.345640625,0.839425048828125,1.1066110106405842,3.30866943359375,4.56202978515625,-0.7577717952504841,3.334931640625,4.53331787109375,2.7888148892635747,-0.88847998046875,3.86267919921875,0.7008755556688404,0.7496204223632813,-2.701265625,-2.4973745185318434,-2.85173486328125,0.556748779296875,0.7050223638022028,2.0260009765625,2.20617529296875,0.8532774124726332,1.06829638671875,-2.11619970703125,2.7234374802954378,-2.756396728515625,-0.15897854614257811,-1.1883566737215392
2025-09-24T12:07:59.846+02:00,-0.6719779052734375,0.8770797119140625,1.6641853967407052,1.3478760986328124,0.844390869140625,1.1040782778648917,3.316511962890625,4.56587939453125,-0.7552523782802418,3.342701904296875,4.5370703125,2.7869847649624724,-0.8884102172851562,3.86267578125,0.7002095656592389,0.7497001342773437,-2.701063232421875,-2.495264229684065,-2.851702880859375,0.5567788696289062,0.705033482499754,2.0260096435546875,2.20617529296875,0.8532576385015394,1.068316162109375,-2.1161748046875,2.7234760961312436,-2.756309814453125,-0.1589348602294922,-1.188528847086013
2025-09-24T12:07:59.867+02:00,-0.6730360107421876,0.8828034057617188,1.6635365175411074,1.35092333984375,0.8504801635742187,1.1028224642528648,3.323778076171875,4.56881982421875,-0.7557113075150897,3.349960693359375,4.54003564453125,2.78687264588058,-0.8884630126953125,3.862673828125,0.700694194398606,0.7496510009765625,-2.701056884765625,-2.496011246369832,-2.851681396484375,0.556776611328125,0.704549186655523,2.0260128173828127,2.20618310546875,0.8531745478755288,1.0683310546875,-2.1162265625,2.7236718384713647,-2.75627294921875,-0.15892306518554689,-1.1885124686453088
2025-09-24T12:07:59.886+02:00,-0.6742904663085938,0.8895443725585938,1.6627663313538565,1.353076416015625,0.8549130859375,1.1005569796925616,3.331249755859375,4.57285791015625,-0.755266426454992,3.357431884765625,4.54404296875,2.787246553697627,-0.888467529296875,3.862771240234375,0.7023380305814575,0.7495625610351563,-2.70117041015625,-2.5008693848303545,-2.85164013671875,0.5567933959960938,0.7053916110873423,2.0260140380859375,2.206179443359375,0.8530744795975691,1.0682232666015625,-2.116299560546875,2.723882760829699,-2.756267822265625,-0.15894667053222655,-1.1886786498973299
2025-09-24T12:07:59.906+02:00,-0.675180908203125,0.89574951171875,1.6630997591223344,1.355023681640625,0.8604505615234375,1.0993040955577338,3.339041015625,4.576517578125,-0.7561175727393813,3.365219970703125,4.547716796875,2.7870713176979,-0.8884598999023438,3.8627900390625,0.700833943776808,0.749614990234375,-2.701031005859375,-2.49655666176108,-2.85171630859375,0.5568014526367188,0.7047739574515257,2.026014404296875,2.20617236328125,0.8532250813572131,1.068282470703125,-2.116247802734375,2.7236531963437343,-2.75633837890625,-0.15890975952148437,-1.1884460227761113
2025-09-24T12:07:59.926+02:00,-0.67599267578125,0.9018931274414063,1.6628109393021153,1.3578494873046876,0.8665438232421875,1.0971531935033314,3.34654736328125,4.58064306640625,-0.7546068946110339,3.372691650390625,4.55180859375,2.785932017383564,-0.8884791870117188,3.862770263671875,0.7012856824767126,0.749755615234375,-2.700913818359375,-2.4918860098412994,-2.851802001953125,0.5567442016601563,0.7024356354354089,2.0260008544921875,2.20618310546875,0.8532395290061268,1.0682861328125,-2.116259765625,2.723641744751047,-2.75636865234375,-0.1589223175048828,-1.1883533447701766
2025-09-24T12:07:59.946+02:00,-0.6765550537109375,0.9076102294921875,1.6634683406172015,1.36024365234375,0.8710964965820313,1.096138995181202,3.353904541015625,4.58318896484375,-0.7582591537299685,3.380094482421875,4.5544853515625,2.7910199866461602,-0.88846728515625,3.862771484375,0.6994662773989978,0.749611572265625,-2.701118896484375,-2.498907966687511,-2.851739013671875,0.5567664184570312,0.7039415864528215,2.025997802734375,2.20618212890625,0.853269156673254,1.0682529296875,-2.1163134765625,2.724007663084824,-2.756338623046875,-0.15890097045898438,-1.1884167280041205
2025-09-24T12:07:59.966+02:00,-0.6772470092773437,0.9130836181640625,1.6644589033846564,1.362270751953125,0.8761923828125,1.0955714089738788,3.360575927734375,4.58676318359375,-0.7535731220548924,3.38695947265625,4.55834375,2.7855498537671375,-0.8885044555664062,3.86277294921875,0.7021519422002882,0.749923583984375,-2.70087109375,-2.4968022052135854,-2.851642822265625,0.5567828979492188,0.7061237806500323,2.0259957275390623,2.20617578125,0.8532623656124743,1.0682618408203124,-2.116310791015625,2.724020712574165,-2.75631591796875,-0.15892112731933594,-1.1884857038763534
2025-09-24T12:07:59.986+02:00,-0.6778671875,0.91964453125,1.66466596415941,1.3655848388671874,0.8815986328125,1.09381678528968,3.367982177734375,4.5905,-0.753836708423783,3.3943662109375,4.56193017578125,2.78367285783085,-0.8884508666992188,3.86272900390625,0.7013096509265234,0.7499783325195313,-2.70082177734375,-2.4975883703673767,-2.851624267578125,0.5567845458984375,0.7069931030088614,2.02600341796875,2.206180419921875,0.8531282088725615,1.0682978515625,-2.116239501953125,2.7236366847449758,-2.756352783203125,-0.158926025390625,-1.1883762479555513
2025-09-24T12:08:00.006+02:00,-0.6793051147460938,0.9259589233398438,1.6640956482119695,1.368569580078125,0.887751953125,1.0942200544577454,3.375231201171875,4.59330859375,-0.7537921670545514,3.4016455078125,4.56464501953125,2.7790541375523254,-0.8884385375976562,3.86265185546875,0.6997155492770292,0.7500570678710937,-2.700784912109375,-2.5015160003430257,-2.85171533203125,0.5568062744140625,0.7057058640959717,2.0260074462890625,2.206183837890625,0.8532029105411382,1.068285400390625,-2.116236083984375,2.723561050970017,-2.756318603515625,-0.15889639282226561,-1.188456808578526
2025-09-24T12:08:00.027+02:00,-0.6803732299804688,0.9313696899414062,1.6633090835840147,1.3704813232421875,0.8922294311523438,1.0945275829846222,3.382623046875,4.597345703125,-0.7528174500955824,3.40930126953125,4.5691396484375,2.795985716814722,-0.8884696655273437,3.8626806640625,0.6998025014866203,0.7496505737304687,-2.701059326171875,-2.4979753276737653,-2.851735107421875,0.5567424926757812,0.705471572499072,2.0260126953125,2.206196044921875,0.8532019784347566,1.068302734375,-2.1161982421875,2.72338847813138,-2.75631982421875,-0.15888346862792968,-1.1883866342838025
2025-09-24T12:08:00.046+02:00,-0.6811199340820312,0.9364745483398438,1.6630744590919786,1.3730474853515624,0.897146728515625,1.0937446136241389,3.390637451171875,4.60098193359375,-0.7570082669659584,3.41724169921875,4.5725810546875,2.796453101586031,-0.8884708862304688,3.862729736328125,0.7011301538690521,0.7495313720703125,-2.7011591796875,-2.501828655455001,-2.851713623046875,0.5567716674804688,0.7053332878594696,2.026005859375,2.20619140625,0.8532887974862933,1.0683155517578125,-2.11622802734375,2.723551996222311,-2.7563203125,-0.15891456604003906,-1.1884927612532423
2025-09-24T12:08:00.066+02:00,-0.6822514038085937,0.943052978515625,1.662929716286733,1.375736083984375,0.9030408935546875,1.0930959341616229,3.39746142578125,4.6044013671875,-0.7611924259336091,3.42409033203125,4.57638134765625,2.801423891760664,-0.8884540405273438,3.862785400390625,0.7024952902438266,0.7495179443359375,-2.70112353515625,-2.5028177534838565,-2.8517568359375,0.5567776489257813,0.7044194241314089,2.025994873046875,2.206185546875,0.8532777453677695,1.068224853515625,-2.116211669921875,2.7233690370554227,-2.75634814453125,-0.1589216766357422,-1.1884393648733862
2025-09-24T12:08:00.086+02:00,-0.6825728149414062,0.9495413818359375,1.662764866615257,1.3788338623046874,0.90903564453125,1.0917069624950921,3.4047138671875,4.6082294921875,-0.7655825138325502,3.431185546875,4.58016064453125,2.7954560140739053,-0.8884523315429688,3.86278271484375,0.7008842109423832,0.7496741333007813,-2.700975341796875,-2.496679167171224,-2.851774169921875,0.5567719116210937,0.7034598871906533,2.026011962890625,2.206181396484375,0.853280009054696,1.06825732421875,-2.11620068359375,2.7234294908121672,-2.7562939453125,-0.1589296417236328,-1.188649621441448
2025-09-24T12:08:00.106+02:00,-0.6833800659179687,0.9547098999023438,1.663258483523303,1.3810687255859375,0.9137415161132812,1.0900779068562905,3.41175390625,4.61151123046875,-0.7651281785505827,3.4380634765625,4.5832783203125,2.7872883653267415,-0.8884666137695313,3.86273828125,0.6999248737387094,0.7495975341796876,-2.701110595703125,-2.5022491685911246,-2.851763671875,0.556775390625,0.7039884580880068,2.0260130615234373,2.206185302734375,0.8531638286521414,1.068226806640625,-2.11619970703125,2.723317371730275,-2.7562802734375,-0.1589270782470703,-1.1886284493107817
2025-09-24T12:08:00.126+02:00,-0.6840302734375,0.9605001831054687,1.66387274162873,1.383028564453125,0.9177618408203125,1.0896377529071277,3.419461181640625,4.614720703125,-0.7732742556929171,3.445603271484375,4.5865185546875,2.788559492115036,-0.8884692993164063,3.8627041015625,0.6998857252706853,0.7494362182617188,-2.70134130859375,-2.509748896536897,-2.85177734375,0.556760009765625,0.7043593032698003,2.0260001220703123,2.20618310546875,0.853152909691672,1.068281494140625,-2.1161943359375,2.7235048582710166,-2.756286865234375,-0.15892941284179687,-1.188565598709056
2025-09-24T12:08:00.146+02:00,-0.684870849609375,0.9670629272460938,1.6635410449149606,1.3856368408203126,0.922818359375,1.088113559236248,3.427290771484375,4.61877490234375,-0.769808417850288,3.453377197265625,4.59052197265625,2.7829202485067936,-0.888437744140625,3.862665283203125,0.699280854808101,0.7493967895507813,-2.701494384765625,-2.509027978829812,-2.851703125,0.5567387084960937,0.7062865663716634,2.02600830078125,2.20618017578125,0.8531811391992268,1.068305419921875,-2.116211669921875,2.7234611824291393,-2.756329345703125,-0.15890179443359376,-1.188419258007156
2025-09-24T12:08:00.166+02:00,-0.685924072265625,0.9726543579101562,1.662829847745855,1.388264404296875,0.9288784790039063,1.08623729566926,3.434952392578125,4.622279296875,-0.767524224583327,3.460909423828125,4.5939931640625,2.7755278459529515,-0.8884403076171875,3.86256103515625,0.6992591500452169,0.7496278686523438,-2.701124755859375,-2.4969963496570524,-2.851734130859375,0.5567673950195312,0.7046920652480058,2.0260167236328126,2.20618115234375,0.8532423253252714,1.068336669921875,-2.116223876953125,2.7233650423137874,-2.756384521484375,-0.1589276123046875,-1.1883316400072925
2025-09-24T12:08:00.186+02:00,-0.68665380859375,0.9777737426757812,1.6615410109363111,1.391406005859375,0.9345626831054688,1.0842324680006483,3.44149609375,4.62509375,-0.7632120341462707,3.46760400390625,4.59681201171875,2.776756628479914,-0.8884475708007813,3.862556396484375,0.6987441612694227,0.749698974609375,-2.70101025390625,-2.494996049362294,-2.851762451171875,0.556778564453125,0.704059298173003,2.026000732421875,2.20618603515625,0.8532008465912934,1.0683126220703125,-2.11622705078125,2.7235091193287606,-2.7563505859375,-0.15895967102050781,-1.188451215940237
2025-09-24T12:08:00.206+02:00,-0.687688232421875,0.983975341796875,1.6614391450246155,1.3936485595703125,0.9393428344726562,1.0832458999748285,3.448866455078125,4.6283876953125,-0.7598306850892244,3.47497265625,4.5999619140625,2.7810978473728523,-0.8885045776367188,3.86280517578125,0.7002002445954236,0.7497547607421875,-2.70100927734375,-2.4926221075665973,-2.851698486328125,0.5567669677734375,0.705618246096108,2.0259993896484376,2.20618310546875,0.8532412600608353,1.0683070068359375,-2.116245849609375,2.7236060583924395,-2.7563798828125,-0.15899781799316406,-1.1884646649037418
2025-09-24T12:08:00.226+02:00,-0.688659423828125,0.9902404174804688,1.6610402034933216,1.396251220703125,0.9442850341796875,1.0826934272066917,3.456744140625,4.6319140625,-0.7583718054440789,3.48284765625,4.6033974609375,2.784953039366851,-0.8884790649414063,3.862749755859375,0.7002628954600677,0.7497713623046875,-2.70099169921875,-2.4917515202062503,-2.851799560546875,0.5567715454101563,0.7042146270435818,2.0260015869140626,2.206182861328125,0.8532288097827393,1.06828564453125,-2.11623583984375,2.7234931403622205,-2.75644091796875,-0.1589636993408203,-1.1882779773113274
2025-09-24T12:08:00.246+02:00,-0.6891582641601562,0.9964906005859375,1.6605521792235647,1.3988955078125,0.9499865112304687,1.0819257710224763,3.464100830078125,4.6355185546875,-0.7589228134736163,3.49033251953125,4.6068798828125,2.7897648388244063,-0.8884574584960937,3.862733154296875,0.7006483880278567,0.749564453125,-2.70118798828125,-2.499362301969479,-2.85173779296875,0.5567830200195313,0.704892934173225,2.02599853515625,2.20618505859375,0.8532114992356538,1.068318115234375,-2.1162451171875,2.723516842495922,-2.75636865234375,-0.1590103302001953,-1.1884959570465503
2025-09-24T12:08:00.266+02:00,-0.690608642578125,1.0020523071289062,1.6604579033209759,1.401383544921875,0.9542924194335938,1.080395318923035,3.47204345703125,4.63858935546875,-0.7583682767556346,3.49833642578125,4.61001171875,2.7932770156700024,-0.8884546508789063,3.86271728515625,0.7006821435946734,0.74942578125,-2.701403076171875,-2.50673606239569,-2.85172265625,0.5567861938476563,0.705426165602486,2.0260047607421874,2.206185302734375,0.8531982500092306,1.0682928466796875,-2.116220703125,2.723457454003613,-2.756399169921875,-0.15899951171875,-1.18834841792216
2025-09-24T12:08:00.287+02:00,-0.691304931640625,1.0075242919921874,1.6603098315643674,1.404109619140625,0.9593430786132813,1.0803746128455596,3.479816162109375,4.6425009765625,-0.7546612230972716,3.506025634765625,4.61382666015625,2.788926742029358,-0.8884698486328125,3.862711669921875,0.7005715558304079,0.7494489135742187,-2.70147900390625,-2.5085360929764744,-2.851744384765625,0.5567650146484375,0.7052854175388754,2.0260081787109376,2.20618017578125,0.8532497155972963,1.0682330322265625,-2.1163291015625,2.7240630568354973,-2.7563837890625,-0.15888833618164064,-1.1882898283781782
2025-09-24T12:08:00.306+02:00,-0.6918193359375,1.01423583984375,1.6605444560564033,1.4067017822265624,0.964983154296875,1.079494571263343,3.486740478515625,4.64572412109375,-0.7546162156748492,3.51281640625,4.61705810546875,2.786198333492572,-0.8884896240234375,3.86270458984375,0.7001312021441634,0.7495263061523437,-2.701359619140625,-2.5054060797473046,-2.851752685546875,0.5567757568359375,0.7053679089536407,2.0260072021484374,2.20617919921875,0.8531684226050217,1.068275634765625,-2.116238037109375,2.723612449979056,-2.756336669921875,-0.15889068603515624,-1.188472920703121
2025-09-24T12:08:00.326+02:00,-0.692868408203125,1.0202379760742188,1.6621313005919272,1.4092744140625,0.9696754760742188,1.077804063182388,3.494325927734375,4.64928564453125,-0.7482092493033637,3.520300048828125,4.62040869140625,2.7828214452303515,-0.88849072265625,3.862629638671875,0.7013679741543961,0.749627197265625,-2.701040771484375,-2.4956948628323303,-2.851806640625,0.5567518920898438,0.7047898698390389,2.0260133056640623,2.20618603515625,0.8532629648237195,1.0682994384765625,-2.116206298828125,2.7234393445082006,-2.756335205078125,-0.15890809631347655,-1.1883955558734542
2025-09-24T12:08:00.346+02:00,-0.6935057373046875,1.0253948974609375,1.6627266502536144,1.411474365234375,0.9747677001953124,1.0767037781780215,3.502239013671875,4.652720703125,-0.7440729606563072,3.528118896484375,4.62374169921875,2.7773403933908596,-0.8884625854492187,3.862711669921875,0.7012609150785749,0.74963916015625,-2.70100146484375,-2.4962677087828067,-2.8517421875,0.5567622680664063,0.7055217730856199,2.02600732421875,2.20618212890625,0.8532399284802903,1.068310546875,-2.116217529296875,2.7235384141007515,-2.75634375,-0.15892626953125,-1.1884064748339236
2025-09-24T12:08:00.367+02:00,-0.694307861328125,1.0311175537109376,1.6621612611541905,1.41436474609375,0.9803115234375,1.0745572703394177,3.5101240234375,4.6558701171875,-0.7403479306605861,3.535924560546875,4.62680029296875,2.772721939428444,-0.8884839477539063,3.862749267578125,0.7010656387916449,0.7496226806640625,-2.701126953125,-2.495567031100007,-2.851716552734375,0.5568103637695313,0.7057627891642722,2.0260030517578125,2.206179931640625,0.853197317902849,1.0682977294921876,-2.116228515625,2.7235309572496993,-2.756324462890625,-0.158942138671875,-1.1885377686756646
2025-09-24T12:08:00.386+02:00,-0.6955211181640625,1.0375599365234376,1.6610382061225042,1.4171055908203125,0.9859221801757813,1.073806658386179,3.5178154296875,4.65948095703125,-0.7376052742119681,3.543547119140625,4.63027978515625,2.771281169278711,-0.8884697875976563,3.862741455078125,0.7018840947736534,0.7496151733398437,-2.7010791015625,-2.4954551783342236,-2.85174951171875,0.556799560546875,0.7042173567836991,2.02601025390625,2.20618896484375,0.8532056402812556,1.0682940673828125,-2.116199951171875,2.7233975328790865,-2.756359375,-0.15898451232910157,-1.1884761164964293
2025-09-24T12:08:00.406+02:00,-0.6962877807617187,1.04377197265625,1.6596176759970558,1.4194720458984376,0.9910253295898438,1.0727534447540799,3.52542919921875,4.66285400390625,-0.7354873953550826,3.55108251953125,4.63366552734375,2.7656664267524973,-0.8884652709960937,3.86266943359375,0.7000810015576153,0.7495210571289063,-2.701176513671875,-2.500592682393095,-2.851786865234375,0.5567957763671875,0.7036519676842753,2.02600732421875,2.2061884765625,0.8532326713663199,1.0683004150390625,-2.1162080078125,2.723523500398647,-2.75635009765625,-0.15901754760742187,-1.1885538808002596
2025-09-24T12:08:00.426+02:00,-0.6974500732421876,1.049451171875,1.659485583206988,1.4224923095703126,0.996072998046875,1.071884721606496,3.5330888671875,4.6663349609375,-0.7317584371967536,3.55864990234375,4.63706103515625,2.7633952829748774,-0.8885006713867187,3.86270166015625,0.7002651591469943,0.7494215087890626,-2.7014560546875,-2.50807829558509,-2.851738037109375,0.5567900390625,0.7049338802749849,2.0260115966796874,2.2061826171875,0.8531820713056083,1.068313232421875,-2.116201416015625,2.7235099182770877,-2.75635400390625,-0.1590225372314453,-1.188529912350449
2025-09-24T12:08:00.446+02:00,-0.6979857177734375,1.0550076904296875,1.6588236545180488,1.42596435546875,1.001703125,1.0715375119793769,3.54112060546875,4.6701708984375,-0.7319003171038275,3.56664697265625,4.64087451171875,2.7664898761615495,-0.8884491577148438,3.86267724609375,0.7001264750332284,0.7494420166015625,-2.70148779296875,-2.5091153305135667,-2.8517353515625,0.5567810668945312,0.7048497909635657,2.026014404296875,2.206185302734375,0.8532877988008845,1.068273193359375,-2.1162802734375,2.7238500039482907,-2.756388671875,-0.1590168914794922,-1.188472920703121
2025-09-24T12:08:00.466+02:00,-0.6987772827148437,1.0608511962890625,1.6589056798796231,1.428382568359375,1.0071991577148438,1.071058742194408,3.548775390625,4.6736845703125,-0.7385402434916676,3.574492919921875,4.64456103515625,2.769836670703452,-0.8884453125,3.86273095703125,0.700137460572725,0.7495892333984375,-2.70111083984375,-2.4967010050921625,-2.85175341796875,0.5567811279296875,0.7046959934106136,2.026011962890625,2.206193603515625,0.8532481177006424,1.0683228759765624,-2.116232421875,2.723626298416724,-2.756398193359375,-0.15900039672851562,-1.1883790442746958
2025-09-24T12:08:00.486+02:00,-0.699383544921875,1.067344482421875,1.6590159347487525,1.430765625,1.0114031982421876,1.0687889965763606,3.556573974609375,4.6774638671875,-0.7359925970138705,3.582197509765625,4.6482470703125,2.7708236382034355,-0.8884111938476562,3.862615234375,0.6995524972392891,0.7494070434570312,-2.70142431640625,-2.5070135637812765,-2.85174951171875,0.5567947387695312,0.7040333989314019,2.0260198974609374,2.206184326171875,0.853287931958939,1.0683079833984375,-2.116228759765625,2.723651332130971,-2.756378173828125,-0.15898298645019532,-1.1883922269220917
2025-09-24T12:08:00.506+02:00,-0.7003798217773437,1.0728140869140625,1.6593758609700766,1.43294140625,1.016000244140625,1.0664591300967048,3.56411767578125,4.680033203125,-0.7414594009415307,3.589942138671875,4.650958984375,2.771993564870307,-0.888486083984375,3.862720947265625,0.7022155251713138,0.749531005859375,-2.70125634765625,-2.5015045487503382,-2.85175,0.5568075561523438,0.7045299453166471,2.0260177001953124,2.2061806640625,0.8532821395835681,1.068321533203125,-2.116235595703125,2.723646804757118,-2.75639794921875,-0.15897862243652344,-1.188352146347686
2025-09-24T12:08:00.526+02:00,-0.7012361450195312,1.078673583984375,1.6595100842890167,1.4359053955078125,1.0220699462890626,1.065024485217479,3.572349609375,4.68418017578125,-0.7408627862783257,3.598102783203125,4.65510302734375,2.775815999982898,-0.8884961547851562,3.862733154296875,0.7007539157860511,0.7496619262695312,-2.701045166015625,-2.4958959314946316,-2.851757080078125,0.5567825317382813,0.7042643615769391,2.0260084228515627,2.20617041015625,0.8532585706079209,1.0682919921875,-2.116215576171875,2.72358981310979,-2.75631787109375,-0.15893495178222655,-1.1885163302288895
2025-09-24T12:08:00.546+02:00,-0.7019317016601563,1.0840823974609375,1.6595044916507276,1.43908251953125,1.0280736083984374,1.0631570766611156,3.579485107421875,4.6868857421875,-0.7386865841935675,3.605237548828125,4.6578291015625,2.769865432843225,-0.8884728393554687,3.86261474609375,0.699012141854112,0.7495986938476562,-2.701018310546875,-2.4966352250132373,-2.851768310546875,0.556797607421875,0.7045487206023322,2.0260013427734376,2.206183349609375,0.8532385968997452,1.0682894287109375,-2.11619921875,2.72344760030758,-2.756330810546875,-0.15894087219238281,-1.1884565422624171
2025-09-24T12:08:00.566+02:00,-0.7031209716796875,1.090170654296875,1.6595694727813255,1.441234619140625,1.032354736328125,1.0624911532305412,3.5870283203125,4.69058984375,-0.7407765664380344,3.612778564453125,4.66151318359375,2.773325145415347,-0.8884593505859375,3.86270849609375,0.699819612296624,0.7495279541015625,-2.7011865234375,-2.5031639644255668,-2.8517578125,0.556782958984375,0.7044520478547623,2.0260048828125,2.2061796875,0.8532242824088861,1.0683094482421875,-2.116197998046875,2.723448399255907,-2.756355712890625,-0.15895687866210936,-1.1884417617183671
2025-09-24T12:08:00.586+02:00,-0.7034009399414063,1.0966107177734374,1.6590300495025299,1.44395458984375,1.0367703857421875,1.0604981100497533,3.594710693359375,4.6943701171875,-0.7380152678617857,3.620440673828125,4.66524560546875,2.770090203639228,-0.8884237670898437,3.862687255859375,0.7005310092028114,0.7496290283203125,-2.70101953125,-2.497461071267271,-2.8517109375,0.5567636108398437,0.7045331411099552,2.026005859375,2.206185791015625,0.8532579048176484,1.0682408447265626,-2.116289794921875,2.7238084586352858,-2.756354736328125,-0.15898432922363281,-1.188502481791221
2025-09-24T12:08:00.606+02:00,-0.7046324462890625,1.10123486328125,1.6593249945932562,1.447090576171875,1.0429881591796875,1.0603560969846246,3.601799072265625,4.6971884765625,-0.7357561748880987,3.627444091796875,4.66794189453125,2.7649036974162984,-0.8884154663085938,3.8627294921875,0.7003368647593446,0.74966650390625,-2.700955078125,-2.4967582630555993,-2.851692626953125,0.5567457885742187,0.7051260273476342,2.02600048828125,2.206185302734375,0.8532180905593517,1.0683148193359375,-2.11621875,2.7234409424048547,-2.75632373046875,-0.1589293518066406,-1.1885256512927047
2025-09-24T12:08:00.626+02:00,-0.70519091796875,1.1073316650390626,1.658806077654854,1.4502642822265626,1.0484239501953125,1.0587823019384424,3.60993408203125,4.7008251953125,-0.7331434807006766,3.635494384765625,4.67160205078125,2.7665503299182945,-0.8884757080078125,3.86270654296875,0.6996590902619195,0.74946533203125,-2.7014189453125,-2.509027446197594,-2.851717529296875,0.5567655029296875,0.7052888796482926,2.02599365234375,2.206186767578125,0.8532286100456575,1.068288818359375,-2.11628564453125,2.7238002028359065,-2.756359619140625,-0.15890611267089844,-1.1883630653081554
2025-09-24T12:08:00.646+02:00,-0.7060895385742187,1.114071533203125,1.659606623878532,1.45262841796875,1.0536976318359375,1.0574133039800873,3.617459228515625,4.70422314453125,-0.7331139196125767,3.642968505859375,4.67500244140625,2.767050205254902,-0.8884813232421875,3.862710205078125,0.7006160971996395,0.7495498046875,-2.7012333984375,-2.5013410306594075,-2.85179931640625,0.5567907104492188,0.7035344557011756,2.0260054931640625,2.20618603515625,0.8532862009042305,1.0683162841796876,-2.11622802734375,2.723572768878814,-2.75633447265625,-0.1589494171142578,-1.1885389670981552
2025-09-24T12:08:00.667+02:00,-0.7072079467773438,1.1203782958984374,1.659706758735519,1.4556451416015626,1.0587989501953126,1.0551855031492086,3.62499755859375,4.70715283203125,-0.7321584439924835,3.6505224609375,4.67787890625,2.7658866701746465,-0.888477783203125,3.862716064453125,0.700735140500366,0.7495286254882813,-2.701228271484375,-2.5009625954685073,-2.851802978515625,0.5567825927734374,0.703541446499037,2.026013916015625,2.20618115234375,0.8532256139894312,1.06829833984375,-2.116212158203125,2.7236071236568757,-2.75636376953125,-0.15896563720703125,-1.1884612027943249
2025-09-24T12:08:00.686+02:00,-0.7077119750976563,1.1256876220703125,1.6589259199039077,1.4584248046875,1.063824951171875,1.0534073104893626,3.632097412109375,4.7106455078125,-0.7323352778888648,3.657674560546875,4.6813642578125,2.764660284492665,-0.8884600830078125,3.862687255859375,0.7003577039948745,0.7495194702148438,-2.70125,-2.5007016056816793,-2.851726806640625,0.5567655639648438,0.70452382004614,2.026004150390625,2.206188232421875,0.8532186231915697,1.0682940673828125,-2.116214111328125,2.723561583602235,-2.756359375,-0.15898240661621094,-1.188502481791221
2025-09-24T12:08:00.706+02:00,-0.70883056640625,1.1318792724609374,1.6588016834390555,1.4610716552734375,1.06937548828125,1.0521616834685055,3.639985595703125,4.71355322265625,-0.7297212521208974,3.66537841796875,4.68419482421875,2.7630693120574517,-0.8885169067382812,3.862683837890625,0.6987996215991237,0.7495924072265625,-2.7011005859375,-2.4970623960520864,-2.851669189453125,0.5567937622070313,0.7055314270445715,2.0259996337890627,2.206191650390625,0.8532356674225462,1.0682882080078124,-2.11623876953125,2.723687284805687,-2.75638525390625,-0.15898484802246093,-1.188401814302016
2025-09-24T12:08:00.726+02:00,-0.7094312744140625,1.1389185791015626,1.65914949227742,1.4635848388671875,1.07393896484375,1.0505927486913125,3.646972900390625,4.71726318359375,-0.7346849849186416,3.672596435546875,4.68801171875,2.767046476829376,-0.8884664916992188,3.86268408203125,0.7001566353325736,0.7496566772460938,-2.7010537109375,-2.4954644993980386,-2.851684326171875,0.556772216796875,0.7054521980021417,2.02600830078125,2.20618310546875,0.8532948561777732,1.0683172607421876,-2.116225830078125,2.7234755634990258,-2.75642724609375,-0.15896434020996095,-1.1882730504633108
2025-09-24T12:08:00.746+02:00,-0.710241943359375,1.1441448974609374,1.6594476331614543,1.4663909912109374,1.0789293212890625,1.0491256132467879,3.654265625,4.7203681640625,-0.7373916221135164,3.6798662109375,4.6912783203125,2.76916608674097,-0.888507568359375,3.8627548828125,0.7019994096488539,0.7496217041015625,-2.701071533203125,-2.495535339483035,-2.8517138671875,0.5567582397460937,0.7051546563293525,2.026009033203125,2.2061748046875,0.8532917935425196,1.0683270263671876,-2.116226318359375,2.7235711709821597,-2.7563125,-0.15893003845214843,-1.1885853061011225
2025-09-24T12:08:00.766+02:00,-0.7106212768554687,1.1491805419921874,1.6598196767657383,1.469560546875,1.0850938720703125,1.0491294748303686,3.6619462890625,4.7239404296875,-0.7356448547545335,3.687562255859375,4.694755859375,2.768427592170691,-0.8884487915039062,3.862737060546875,0.701068834584953,0.7496473388671875,-2.700998779296875,-2.4959406726009448,-2.85171826171875,0.5567686767578125,0.7050727641258326,2.0260048828125,2.206177978515625,0.8532879985379662,1.068326171875,-2.1162158203125,2.7235370825202065,-2.756294921875,-0.158910400390625,-1.1885633350221294
2025-09-24T12:08:00.786+02:00,-0.7118902587890625,1.1550374755859374,1.6599698790512187,1.471981689453125,1.089209716796875,1.0479799213458358,3.66953857421875,4.7267734375,-0.7382305178568914,3.6952099609375,4.6976298828125,2.7670872231940544,-0.8884818115234375,3.8627138671875,0.7018898871490243,0.749645751953125,-2.70102294921875,-2.4965113880225487,-2.851693359375,0.5567675170898437,0.7057822302402297,2.025998291015625,2.206185546875,0.8532509805988141,1.0683006591796875,-2.116210205078125,2.7235253646114104,-2.756366455078125,-0.15894091796875,-1.1884497512016374
2025-09-24T12:08:00.806+02:00,-0.7128215942382813,1.161913818359375,1.6592283218456862,1.47469775390625,1.09399267578125,1.0469404229933506,3.676765625,4.73058984375,-0.7391549676502851,3.70245703125,4.7014482421875,2.771204736555426,-0.8884718017578125,3.862751220703125,0.7007473910413804,0.7495520629882813,-2.701073486328125,-2.5009796396994837,-2.851700927734375,0.556760009765625,0.7051025249510142,2.0259989013671875,2.20618359375,0.8532500484924326,1.068301025390625,-2.116186279296875,2.723415642374499,-2.756364990234375,-0.15897708129882812,-1.1885450923686622
2025-09-24T12:08:00.826+02:00,-0.7138351440429688,1.168142578125,1.65891326988873,1.477695556640625,1.09993359375,1.044788455674512,3.68396435546875,4.734494140625,-0.7405254303472399,3.709657958984375,4.70543896484375,2.770199925876139,-0.888520263671875,3.86278564453125,0.7017812967555764,0.7495072021484375,-2.70126220703125,-2.5072777493614122,-2.851780029296875,0.5567569580078126,0.7037042322206681,2.026001220703125,2.206190185546875,0.8532281439924667,1.0683221435546875,-2.11620068359375,2.7235370825202065,-2.75638037109375,-0.158976806640625,-1.188469991225922
2025-09-24T12:08:00.846+02:00,-0.714333984375,1.173490234375,1.658795425010494,1.480645751953125,1.10545166015625,1.0432562725203622,3.69169189453125,4.73785546875,-0.7465202059610083,3.7176279296875,4.708951171875,2.7784333547022277,-0.8884501953125,3.86275146484375,0.7014103849947556,0.7494723510742187,-2.701468505859375,-2.507717703573493,-2.851744384765625,0.5567649536132813,0.7039368593418865,2.0260009765625,2.20618212890625,0.8531806731460361,1.0682801513671876,-2.116232421875,2.72356025202169,-2.756330322265625,-0.15889144897460938,-1.188467061748723
2025-09-24T12:08:00.866+02:00,-0.7147986450195313,1.179604736328125,1.6586967548921063,1.48363232421875,1.1100501708984376,1.0414641648438205,3.698870361328125,4.74166845703125,-0.7492257113124198,3.724910400390625,4.71283447265625,2.7797220583537174,-0.888487060546875,3.8626953125,0.7014469368807169,0.7494703369140625,-2.701390625,-2.506332327174434,-2.851700439453125,0.5567730102539062,0.705311183622422,2.026001708984375,2.20618994140625,0.8532288097827393,1.0683006591796875,-2.11622265625,2.7235120488059597,-2.756377685546875,-0.15887165832519531,-1.1882825046851806
2025-09-24T12:08:00.886+02:00,-0.715779052734375,1.1860738525390624,1.6593771925506218,1.4852742919921875,1.1148270263671876,1.0406944447097606,3.70657421875,4.745314453125,-0.7515660972783814,3.73258447265625,4.71654931640625,2.785598855931195,-0.888484130859375,3.862709228515625,0.7006573761965357,0.7494368896484375,-2.70135107421875,-2.5072300787778996,-2.851738037109375,0.556791259765625,0.7051073186409764,2.025989990234375,2.206182373046875,0.8533166275196846,1.0682872314453125,-2.11622021484375,2.723487281407822,-2.75632666015625,-0.15890272521972656,-1.1884548112077087
2025-09-24T12:08:00.906+02:00,-0.7167460327148437,1.191637939453125,1.6589960941986313,1.48851416015625,1.1201282958984375,1.0375432593499243,3.713906982421875,4.7493681640625,-0.7524583894016125,3.7400712890625,4.72053662109375,2.7817103744235703,-0.8884683837890625,3.862704345703125,0.7009378736383484,0.7495393676757812,-2.701205078125,-2.5006976109400445,-2.8516904296875,0.55678125,0.7058783703555815,2.0260048828125,2.206185302734375,0.8532873327476937,1.068289306640625,-2.116236328125,2.723551729906202,-2.756353271484375,-0.15890577697753908,-1.188379310590805
2025-09-24T12:08:00.926+02:00,-0.7174462890625,1.197087890625,1.658150007920313,1.4915067138671876,1.126459228515625,1.0372353313488838,3.721432373046875,4.7525341796875,-0.7533970871068382,3.747514404296875,4.723763671875,2.7826739061059613,-0.8884251098632813,3.86269287109375,0.700819962181085,0.7496001586914063,-2.701150634765625,-2.497624855674311,-2.851687255859375,0.556782958984375,0.7054855540947949,2.026008544921875,2.206180908203125,0.8532616998222017,1.068297607421875,-2.116236572265625,2.723486216143386,-2.75637841796875,-0.15892071533203125,-1.1883576058279208
2025-09-24T12:08:00.946+02:00,-0.7186839599609375,1.2030875244140624,1.6577971390758777,1.494450439453125,1.1312003173828125,1.0377231558815592,3.72878369140625,4.75659765625,-0.7548417854191789,3.75493505859375,4.727859375,2.788480396230661,-0.8884764404296875,3.862678466796875,0.7001092976441974,0.7495427856445313,-2.701226806640625,-2.49847333879761,-2.851693115234375,0.5567725830078125,0.7052294245769565,2.02599462890625,2.206174560546875,0.8532240826718044,1.0682962646484375,-2.116208740234375,2.7234326866054754,-2.756315673828125,-0.15891835021972656,-1.1884988865237494
2025-09-24T12:08:00.966+02:00,-0.7193323364257812,1.209317626953125,1.6577180431915024,1.4973616943359376,1.135891357421875,1.0376334073528235,3.736156005859375,4.76019873046875,-0.7553407286494053,3.76233740234375,4.73152099609375,2.788054823088466,-0.8884447021484375,3.862729248046875,0.7009834136929887,0.74963037109375,-2.701125732421875,-2.4961342844121934,-2.851677734375,0.5567955322265625,0.7055593902360173,2.025998291015625,2.20617626953125,0.8531985163253396,1.0682899169921876,-2.116234375,2.72357916046543,-2.756341064453125,-0.15889584350585936,-1.18845574331409
2025-09-24T12:08:00.986+02:00,-0.7201529541015625,1.2145244140625,1.6580575962304873,1.5001353759765625,1.14099169921875,1.0372798061390882,3.74357275390625,4.7638291015625,-0.7561900773000587,3.769781005859375,4.7351650390625,2.786966122834842,-0.8884730834960938,3.862764404296875,0.7005124336542081,0.7496446533203125,-2.70103076171875,-2.495649056461581,-2.85175341796875,0.5567894287109375,0.704160764610535,2.0260140380859375,2.206182861328125,0.853195720006195,1.0682808837890625,-2.116301025390625,2.723929632464884,-2.7562978515625,-0.15890977478027343,-1.188570392399018
2025-09-24T12:08:01.006+02:00,-0.720980712890625,1.2199339599609376,1.658697686998488,1.5032733154296876,1.14550146484375,1.0367596907781957,3.75125927734375,4.76748583984375,-0.7568012061912047,3.77744287109375,4.7387880859375,2.7887317986375644,-0.8884428100585937,3.862700927734375,0.7007860734562138,0.7496500244140625,-2.701016845703125,-2.4953593045349804,-2.851708251953125,0.556771728515625,0.7046272838544896,2.025997802734375,2.206186767578125,0.8531937892144047,1.06830029296875,-2.11625439453125,2.7236790290063078,-2.7563427734375,-0.15889659118652344,-1.1883998169311984
2025-09-24T12:08:01.026+02:00,-0.722118896484375,1.2261475830078126,1.6583125939048624,1.5062435302734376,1.1511419677734376,1.037912573214091,3.7590595703125,4.77041748046875,-0.7586523028858915,3.78539501953125,4.741798828125,2.7900750970914,-0.888413818359375,3.8627314453125,0.70081596743945,0.7496344604492188,-2.701103271484375,-2.4950714168211428,-2.8517197265625,0.5567740478515625,0.7053258975874446,2.025990234375,2.206186767578125,0.853273151414889,1.0682891845703124,-2.11624658203125,2.723549066745112,-2.756373779296875,-0.15892303466796875,-1.188349483186596
2025-09-24T12:08:01.046+02:00,-0.7230439453125,1.232171875,1.6573314853592773,1.50922314453125,1.156666259765625,1.0367815952781616,3.766461669921875,4.77393017578125,-0.7610529428715161,3.79286474609375,4.74537158203125,2.791879655046038,-0.8884217529296875,3.86268359375,0.6996469062999324,0.7496219482421875,-2.701112060546875,-2.496046932728439,-2.8517734375,0.556764892578125,0.7043017124112274,2.0259964599609375,2.206177978515625,0.8532160266095069,1.0683115234375,-2.1162265625,2.723553594118965,-2.75635595703125,-0.15895381164550781,-1.1884954244143324
2025-09-24T12:08:01.066+02:00,-0.7234749755859375,1.2380357666015624,1.657840814917755,1.51201318359375,1.1618653564453125,1.0349087272415634,3.773955322265625,4.77773388671875,-0.7615952956275108,3.80035595703125,4.7492080078125,2.791703353781875,-0.8884647827148437,3.862667724609375,0.6991746612596341,0.749584228515625,-2.7011796875,-2.5008339647878564,-2.85176611328125,0.556791015625,0.7049907387642581,2.0260040283203127,2.206190673828125,0.8531994484317211,1.0683038330078125,-2.116219482421875,2.7236164447206908,-2.756397216796875,-0.15897756958007814,-1.188370122685044
2025-09-24T12:08:01.086+02:00,-0.7245234985351563,1.244427978515625,1.658638564822288,1.51371044921875,1.1656142578125,1.0341921371712504,3.7822431640625,4.78173583984375,-0.7618495609325862,3.808612060546875,4.75320751953125,2.7965721448867575,-0.8884358520507812,3.86268115234375,0.6990134068556298,0.7496362915039062,-2.701086669921875,-2.4963028625091956,-2.851788818359375,0.55676806640625,0.7036585590079732,2.0260115966796874,2.20618408203125,0.8532202210882237,1.068322509765625,-2.116198486328125,2.723472900337936,-2.7564013671875,-0.15897970581054688,-1.1883783784844233
2025-09-24T12:08:01.106+02:00,-0.72507666015625,1.2502828369140624,1.658441357743568,1.517166015625,1.1707762451171875,1.03349558738814,3.79021533203125,4.78519873046875,-0.7587210124420155,3.8165029296875,4.75669189453125,2.795847232438038,-0.8884183959960937,3.8626728515625,0.6999960467188417,0.7496298828125,-2.70101806640625,-2.495106037915314,-2.851718505859375,0.5567691650390625,0.7051924732168317,2.0260023193359373,2.206175048828125,0.8532893966975386,1.0683243408203125,-2.116212158203125,2.7234460024109257,-2.756373779296875,-0.1590211944580078,-1.188481842292773
2025-09-24T12:08:01.126+02:00,-0.7259863891601562,1.256046142578125,1.6585035425550212,1.5204404296875,1.176585693359375,1.0329271356534626,3.797372802734375,4.78893603515625,-0.7607989438825499,3.823786376953125,4.76039697265625,2.7911893636914895,-0.8884619140625,3.86275146484375,0.7017902183452281,0.7494856567382813,-2.701295166015625,-2.5007024046300064,-2.8517705078125,0.5567874755859376,0.7041253445680369,2.026006103515625,2.206180908203125,0.8532099013389997,1.0683145751953125,-2.116215087890625,2.723420436064461,-2.756278076171875,-0.15893896484375,-1.1886572114505547
2025-09-24T12:08:01.146+02:00,-0.7272315063476562,1.262175048828125,1.6585733173755812,1.5232266845703124,1.1816395263671875,1.0310785023827842,3.804587158203125,4.79155419921875,-0.7538933005969471,3.8307001953125,4.7628359375,2.7880742641644236,-0.88846728515625,3.8627041015625,0.7003431231879064,0.7496673583984375,-2.701107421875,-2.4961313549349944,-2.8517568359375,0.556778564453125,0.7042296739037408,2.02600927734375,2.2061787109375,0.8532176910851882,1.0683118896484376,-2.11620751953125,2.7234039244657025,-2.75633056640625,-0.15890463256835938,-1.1884396311894951
2025-09-24T12:08:01.166+02:00,-0.7280142211914062,1.26816015625,1.6576448062615252,1.525610107421875,1.185610595703125,1.0289384527098238,3.811755859375,4.794712890625,-0.7519386735148835,3.837778564453125,4.76594482421875,2.783504279733848,-0.8884409790039063,3.862708984375,0.7005934603303738,0.7496420288085938,-2.701128173828125,-2.4983641491929167,-2.8518330078125,0.556772705078125,0.7022954200040162,2.0260081787109376,2.206176025390625,0.8532999161838444,1.0682901611328126,-2.116199951171875,2.7234723677057175,-2.756351806640625,-0.15888800048828125,-1.1884196574813195
2025-09-24T12:08:01.186+02:00,-0.7289293212890625,1.2737576904296875,1.6575472014075738,1.5281156005859375,1.19068603515625,1.0281697978401996,3.819803466796875,4.7984619140625,-0.7494637979138729,3.845840087890625,4.76964892578125,2.780446704486328,-0.8884674072265625,3.862724609375,0.7012816211560503,0.7495216674804688,-2.701320068359375,-2.5074604422121918,-2.851788818359375,0.55676708984375,0.7032564882623985,2.0260123291015626,2.20619140625,0.8532599687674932,1.0682916259765625,-2.116190673828125,2.723423631857769,-2.756334716796875,-0.15887403869628905,-1.1883964879798359
2025-09-24T12:08:01.206+02:00,-0.7294251098632812,1.2800657958984376,1.6571665025297468,1.5322083740234376,1.196517333984375,1.0276096684839287,3.827236083984375,4.8016474609375,-0.7482689706908088,3.853245361328125,4.77288427734375,2.778170767018746,-0.8884578247070313,3.862718994140625,0.6996536307816849,0.749435546875,-2.7013720703125,-2.509086834689903,-2.85176171875,0.5568073120117187,0.7039282706473711,2.0259979248046873,2.206197509765625,0.8532155605563161,1.0683076171875,-2.11625244140625,2.72366225109144,-2.75632568359375,-0.15892494201660157,-1.1884747849158843
2025-09-24T12:08:01.226+02:00,-0.729963134765625,1.2834251708984374,1.6580079282761575,1.533681884765625,1.1991605224609374,1.0259858060092528,3.831273193359375,4.80314111328125,-0.7435784116418795,3.857136474609375,4.77409228515625,2.777484470405833,-0.8884495849609375,3.86273095703125,0.700364694792736,0.7494523315429688,-2.7014306640625,-2.5075890728928423,-2.85177099609375,0.5567774047851562,0.7042291412715227,2.0260079345703126,2.20616943359375,0.853236932424064,1.0683026123046875,-2.11622216796875,2.723557322544491,-2.756353759765625,-0.15894517517089843,-1.188383039016331
2025-09-24T12:08:01.246+02:00,-0.73115185546875,1.2920328369140626,1.6573579838121235,1.538114990234375,1.20665087890625,1.0273378263156587,3.843157470703125,4.80793017578125,-0.7423070185374757,3.869001953125,4.778951171875,2.774937423139281,-0.8884905395507813,3.8627744140625,0.701615781293828,0.7494527587890625,-2.70140625,-2.509018657765997,-2.85175927734375,0.5567861938476563,0.7043277448108829,2.0260089111328123,2.206179443359375,0.8532388632158543,1.068326904296875,-2.11622412109375,2.723479291924552,-2.7563544921875,-0.15897828674316405,-1.1885211239188516
2025-09-24T12:08:01.266+02:00,-0.7320299072265625,1.2972030029296875,1.6572200320676576,1.5410626220703125,1.212138671875,1.0251764713539777,3.850392822265625,4.81155322265625,-0.7375906934049998,3.876082763671875,4.7824794921875,2.770334415511188,-0.888504638671875,3.8627373046875,0.7000022385683762,0.7494517211914062,-2.7013759765625,-2.5092937623066023,-2.851769775390625,0.5567982177734375,0.7042726839553455,2.026016357421875,2.206198974609375,0.8532524453374137,1.06831103515625,-2.116204345703125,2.7234372139793286,-2.7563955078125,-0.15898095703125,-1.1883497495027049
2025-09-24T12:08:01.286+02:00,-0.7332639770507813,1.3037115478515624,1.6566276118831693,1.5439527587890625,1.2178111572265624,1.0228382824959155,3.85746240234375,4.81483447265625,-0.7366984678607961,3.883180908203125,4.78564404296875,2.76547494547012,-0.8884754638671875,3.862718994140625,0.7003523776726944,0.7494857788085938,-2.701283203125,-2.5090040103800013,-2.85172607421875,0.5567952880859375,0.704749190053388,2.0260164794921875,2.2061826171875,0.8532590366611117,1.06832763671875,-2.1161982421875,2.7234643782224475,-2.756404052734375,-0.1589797668457031,-1.1883654621531365
2025-09-24T12:08:01.306+02:00,-0.7339310913085938,1.3106629638671874,1.6552331807364038,1.546634521484375,1.2221837158203126,1.0203419018691025,3.86457861328125,4.81797900390625,-0.735863766596138,3.890121826171875,4.788765625,2.766938618805228,-0.8884265747070312,3.86268359375,0.6992303213264167,0.7494379272460937,-2.70138330078125,-2.5107172219092493,-2.851750732421875,0.55680126953125,0.7044035117438957,2.02600830078125,2.20618896484375,0.8532262132006764,1.0683341064453125,-2.11620849609375,2.723512315122069,-2.756322509765625,-0.15891520690917968,-1.1885203249705245
2025-09-24T12:08:01.326+02:00,-0.7350179443359375,1.3158729248046874,1.6552443660129823,1.5488826904296875,1.2270018310546875,1.0191255030412087,3.872921875,4.82118408203125,-0.7367989356129193,3.898482666015625,4.7920771484375,2.769766363250674,-0.8884686889648438,3.862693603515625,0.7001042376381262,0.74944287109375,-2.7015224609375,-2.5108210851917625,-2.851765869140625,0.5567939453125,0.7045032471267192,2.0260076904296875,2.206179931640625,0.8532324716292381,1.06830078125,-2.116188232421875,2.723491009833348,-2.756342529296875,-0.1589064178466797,-1.1883777126941508
2025-09-24T12:08:01.346+02:00,-0.7356600341796875,1.32097607421875,1.6542166521483206,1.5528505859375,1.23272216796875,1.017506900309686,3.8801728515625,4.82440283203125,-0.733874718156985,3.90571435546875,4.79520166015625,2.7664994635414737,-0.8884854125976562,3.862715576171875,0.7007320778651125,0.7494306640625,-2.701478271484375,-2.5102144170954426,-2.851651611328125,0.5567844848632812,0.7066839765853306,2.0260146484375,2.20618310546875,0.8532684908829814,1.068286376953125,-2.1162431640625,2.723688083754014,-2.756319091796875,-0.1589417419433594,-1.1885176618094344
2025-09-24T12:08:01.366+02:00,-0.73686767578125,1.3277899169921874,1.6531973272410927,1.5555272216796876,1.2374344482421875,1.0168374481906672,3.887279052734375,4.82785009765625,-0.7352097608114417,3.912934326171875,4.798658203125,2.7675247805611543,-0.8884464721679688,3.862661865234375,0.6991574172915759,0.7494312744140625,-2.70147509765625,-2.5093827118870107,-2.85176220703125,0.5567860107421875,0.7048946652279335,2.026010986328125,2.206172119140625,0.8533063077704606,1.0683150634765626,-2.1162138671875,2.7234923414138934,-2.7563515625,-0.1588914794921875,-1.1883570731957027
2025-09-24T12:08:01.386+02:00,-0.7380424194335937,1.3345771484375,1.652948987469443,1.5583011474609374,1.242302001953125,1.0156167217260021,3.89491748046875,4.83150634765625,-0.7321515197736492,3.920370849609375,4.802189453125,2.7635902263666714,-0.8884425048828125,3.862686767578125,0.6995114845585019,0.749443359375,-2.701414306640625,-2.509486841485633,-2.851781005859375,0.556771728515625,0.7044054425356859,2.0260174560546873,2.20617529296875,0.8532968535485908,1.06830419921875,-2.116197998046875,2.72345825295194,-2.756304443359375,-0.1589081573486328,-1.1884967559948774
2025-09-24T12:08:01.406+02:00,-0.7385828247070313,1.3405123291015626,1.65322089621674,1.5619189453125,1.2472625732421876,1.0132001027738369,3.902675048828125,4.8349375,-0.7335660577866449,3.928250244140625,4.805734375,2.765115685039069,-0.8885090942382813,3.86274609375,0.7012098489646726,0.7493819580078125,-2.701515380859375,-2.5109939243465087,-2.85178759765625,0.5567913818359375,0.7047374721445916,2.0260123291015626,2.206169677734375,0.8533117672506952,1.06830908203125,-2.1162255859375,2.7235722362465955,-2.756322998046875,-0.15890673828125,-1.1884293780192983
2025-09-24T12:08:01.426+02:00,-0.7395185546875,1.3455755615234375,1.654391888148048,1.5642100830078125,1.2520128173828124,1.0116779064737749,3.91004150390625,4.83897265625,-0.7346015613974949,3.935663330078125,4.80971875,2.7597582038741564,-0.8884458618164063,3.862697021484375,0.6996311936495009,0.7495095825195313,-2.701239501953125,-2.50411604451527,-2.85177197265625,0.5567817993164063,0.703917418265929,2.0260098876953125,2.20617724609375,0.8533107685652864,1.0683204345703126,-2.116208251953125,2.7235274951402824,-2.75633056640625,-0.1589335174560547,-1.1885249855024322
2025-09-24T12:08:01.446+02:00,-0.7401759033203125,1.352272216796875,1.6535388776508955,1.5672232666015624,1.2571572265625,1.0107139753172207,3.918068603515625,4.8422392578125,-0.7364778915435103,3.943648193359375,4.81305126953125,2.764963085908607,-0.8884595336914063,3.862729248046875,0.6999877243404353,0.7494213256835938,-2.7013076171875,-2.508648212058367,-2.85179248046875,0.5568042602539063,0.7039304011762431,2.0260177001953124,2.206169921875,0.8532170252949156,1.0683172607421876,-2.116213134765625,2.7235706383499414,-2.756354248046875,-0.15893609619140625,-1.1884690591195406
2025-09-24T12:08:01.466+02:00,-0.7409618530273437,1.3589522705078125,1.6533573832226065,1.570306396484375,1.2622427978515625,1.0096409877140278,3.92515576171875,4.846068359375,-0.7375870981375282,3.95082080078125,4.81692333984375,2.770031081463028,-0.8884724731445313,3.862689208984375,0.7002197522504084,0.7495184326171875,-2.701241455078125,-2.5008416879550177,-2.851692138671875,0.556776611328125,0.7053367499688867,2.0260064697265623,2.206185546875,0.8532953222309639,1.0683140869140626,-2.11619775390625,2.7234894119366944,-2.75639404296875,-0.1589318389892578,-1.188349483186596
2025-09-24T12:08:01.486+02:00,-0.7415498657226562,1.3643524169921875,1.6548238528768586,1.5731768798828125,1.2675565185546875,1.008986848771277,3.933279541015625,4.84878076171875,-0.7393739460709169,3.95898828125,4.8196884765625,2.770601530568523,-0.8884735107421875,3.86268408203125,0.7002324688446135,0.7495291137695312,-2.70123828125,-2.500042739627994,-2.85171630859375,0.5567914428710937,0.7050585827930279,2.0260054931640625,2.2061845703125,0.853179341565491,1.0683109130859374,-2.11623095703125,2.723690214282886,-2.756398681640625,-0.1589755096435547,-1.1883956890315088
2025-09-24T12:08:01.506+02:00,-0.7424557495117188,1.3703740234375,1.655082046344542,1.57624267578125,1.2725245361328126,1.0074874890775625,3.940956298828125,4.85248681640625,-0.7380307807751355,3.9665712890625,4.8233076171875,2.7698025822414993,-0.8885126953125,3.862794921875,0.701874440814702,0.7495437622070312,-2.701158447265625,-2.4995998559387136,-2.851732177734375,0.556779052734375,0.704482341312162,2.0260067138671873,2.206177001953125,0.8532848027446581,1.0682869873046874,-2.116210205078125,2.723416441322826,-2.756427734375,-0.1589825439453125,-1.188333903694219
2025-09-24T12:08:01.526+02:00,-0.7435984497070313,1.377450927734375,1.6542238426832638,1.5792474365234375,1.2779822998046875,1.0065989919588847,3.948513671875,4.8559072265625,-0.7362651715514402,3.9741787109375,4.826732421875,2.7651726766863964,-0.8884830932617187,3.862760498046875,0.7013001301256263,0.7494161987304687,-2.701430419921875,-2.507307310449512,-2.851718505859375,0.5567861938476563,0.7052172406149694,2.0260064697265623,2.206173583984375,0.8532823393206498,1.06832666015625,-2.116251953125,2.7236782300579807,-2.756397705078125,-0.15900457763671874,-1.1884044774631062
2025-09-24T12:08:01.547+02:00,-0.7439622192382812,1.3831590576171875,1.654013053482984,1.582648193359375,1.282778564453125,1.0050469016755865,3.955712158203125,4.8587060546875,-0.7386323222863571,3.98136962890625,4.82954052734375,2.7680688643718576,-0.8884592895507812,3.862719970703125,0.7008151684911229,0.7492401123046875,-2.70182958984375,-2.5156169056827773,-2.851692138671875,0.5567889404296875,0.7055063267512975,2.0260142822265625,2.20618408203125,0.8531730165579021,1.068241455078125,-2.116313232421875,2.7240412189145586,-2.756397705078125,-0.1589883575439453,-1.1884502838338555
2025-09-24T12:08:01.566+02:00,-0.7449431762695312,1.3887332763671876,1.6546065389319082,1.585101806640625,1.287570068359375,1.004912811514701,3.96378271484375,4.86173583984375,-0.7367345536935667,3.98947314453125,4.83260302734375,2.768312277295491,-0.8885335083007813,3.862763916015625,0.7022918247365446,0.7495285034179687,-2.70132666015625,-2.4986970443291767,-2.85172119140625,0.55678759765625,0.705273699630079,2.0260147705078126,2.20617724609375,0.8531593678573154,1.068319580078125,-2.11621435546875,2.7235402783135148,-2.756372802734375,-0.15901068115234376,-1.1885153981225078
2025-09-24T12:08:01.587+02:00,-0.74549609375,1.3950045166015625,1.6548819097886225,1.58839501953125,1.2926180419921875,1.0034723742601046,3.97104833984375,4.86526123046875,-0.7293734432825332,3.99645654296875,4.83588623046875,2.7582519199616073,-0.8884729614257812,3.86262060546875,0.6982394922428528,0.7495844116210938,-2.70121044921875,-2.495346521361748,-2.85171337890625,0.5567613525390624,0.7051461342138643,2.0260079345703126,2.206179931640625,0.853247784805506,1.068332275390625,-2.116216552734375,2.723650533182644,-2.756381103515625,-0.15899388122558594,-1.1884458896180567
2025-09-24T12:08:01.606+02:00,-0.7463497314453125,1.4013681640625,1.6546744495397052,1.591625244140625,1.29775830078125,1.002617765866298,3.9786875,4.86832421875,-0.7219600017560796,4.003799560546875,4.83873193359375,2.751853142810474,-0.8884909057617187,3.8627373046875,0.7017129866736159,0.7496331787109375,-2.701131591796875,-2.494777137520689,-2.8516962890625,0.556780517578125,0.7056666490489203,2.0260028076171874,2.206171630859375,0.8532180239803244,1.0682935791015624,-2.116196044921875,2.7235187067086852,-2.7564345703125,-0.15897421264648437,-1.1883070057672092
2025-09-24T12:08:01.627+02:00,-0.74702978515625,1.4073326416015626,1.654629442117283,1.5943929443359375,1.3031824951171875,1.0015479740564133,3.98608837890625,4.87125439453125,-0.7201741525080997,4.011232177734375,4.84164892578125,2.7482384342629094,-0.88844921875,3.862740966796875,0.7009182994043363,0.7495301513671875,-2.70124169921875,-2.5013727222763795,-2.851720703125,0.5567798461914063,0.704985412442078,2.0260037841796876,2.206178955078125,0.8531828036749082,1.068308837890625,-2.116224365234375,2.72366225109144,-2.756430419921875,-0.15899259948730468,-1.1883216531532046
2025-09-24T12:08:01.646+02:00,-0.7475697021484375,1.4126268310546874,1.654849286065269,1.5974625244140626,1.307594482421875,0.9995672479956668,3.9939150390625,4.8745771484375,-0.7181742516875047,4.0189521484375,4.8448828125,2.746744134575266,-0.8884688110351563,3.862669189453125,0.6994598192333543,0.7496409301757813,-2.70103564453125,-2.4967055324660157,-2.851815185546875,0.5568101806640625,0.7037440464789648,2.02600390625,2.206180419921875,0.8532288097827393,1.0682908935546875,-2.116228271484375,2.7235826225748467,-2.7563955078125,-0.15900042724609376,-1.1884433596150212
2025-09-24T12:08:01.666+02:00,-0.749040771484375,1.4191051025390624,1.654730642238706,1.600041015625,1.3121016845703124,0.9982391295600443,4.001349853515625,4.87742578125,-0.7150995656299809,4.0263173828125,4.84771728515625,2.743010649043084,-0.888499755859375,3.862710205078125,0.6993770615024801,0.7496455688476562,-2.701019287109375,-2.4966389534387634,-2.85173583984375,0.5567645874023438,0.7041527751272647,2.0260194091796877,2.206186767578125,0.853179341565491,1.068323974609375,-2.116213134765625,2.7234984666844007,-2.756413818359375,-0.15898970031738283,-1.1882895620620693
2025-09-24T12:08:01.686+02:00,-0.7495723876953125,1.4261871337890626,1.6535003949731437,1.6032230224609374,1.317243896484375,0.9973421769049056,4.008299560546875,4.88014892578125,-0.7136995418449262,4.033235595703125,4.85036181640625,2.7436729772061867,-0.8884606323242188,3.862710205078125,0.6995043606025859,0.7497947387695313,-2.700979736328125,-2.49168440854678,-2.85171826171875,0.5567616577148438,0.7046043140900876,2.0260096435546875,2.20618359375,0.8531814055153358,1.0682548828125,-2.116333984375,2.7241168526895168,-2.75642578125,-0.15899407958984374,-1.1882907604845598
2025-09-24T12:08:01.706+02:00,-0.7502858276367188,1.4316356201171876,1.6536653778026742,1.606884033203125,1.3229927978515625,0.997087046072476,4.0159716796875,4.883130859375,-0.7082911277241661,4.040792724609375,4.85334814453125,2.7384814109771862,-0.8884603881835937,3.862714599609375,0.6999539021945913,0.7497744140625,-2.700994384765625,-2.4912710859455998,-2.8517109375,0.5567855834960938,0.7051495297442542,2.0259989013671875,2.20617822265625,0.8532423919042986,1.0682979736328124,-2.1162255859375,2.7236281626294874,-2.756408447265625,-0.15897364807128905,-1.1883372326455817
2025-09-24T12:08:01.726+02:00,-0.7513804321289063,1.4371143798828125,1.6549317109010069,1.609610595703125,1.32802978515625,0.996908947174577,4.0236962890625,4.8859375,-0.7096434809257083,4.048494384765625,4.856072265625,2.736430776937825,-0.888459228515625,3.862684326171875,0.7003028428764189,0.7497371826171875,-2.700967041015625,-2.4928436825692915,-2.85179296875,0.5567953491210937,0.7040138912764171,2.026003173828125,2.206184814453125,0.8532499153343781,1.06828125,-2.116220947265625,2.7235424088423867,-2.756401611328125,-0.15900726318359376,-1.1884437590891848
2025-09-24T12:08:01.746+02:00,-0.7518081665039062,1.443400634765625,1.6547053422083502,1.612613525390625,1.3323509521484376,0.9951039897457757,4.031084228515625,4.88871240234375,-0.709894417279421,4.0558779296875,4.8588408203125,2.7390230979429084,-0.8884854125976562,3.862742919921875,0.7007156328453812,0.7496915893554688,-2.700971923828125,-2.49426421269474,-2.851779541015625,0.5567886352539062,0.7043948564703529,2.026009765625,2.20618505859375,0.8531974510609036,1.068281005859375,-2.116254150390625,2.723762918580645,-2.75645361328125,-0.15897769165039063,-1.1882325704147414
2025-09-24T12:08:01.767+02:00,-0.7531838989257813,1.44972265625,1.6544407571540507,1.615544189453125,1.3376871337890626,0.9940584992808379,4.038981689453125,4.892041015625,-0.7095406829076313,4.06383251953125,4.862140625,2.738707513353734,-0.8884215087890625,3.8626650390625,0.6992386437048232,0.7494152221679687,-2.701387939453125,-2.5096421037771846,-2.851745361328125,0.5567791137695313,0.704920164995371,2.0260111083984373,2.206181884765625,0.8532445224331707,1.0683330078125,-2.11619189453125,2.7234686392801915,-2.756296630859375,-0.15894584655761718,-1.1886718588365501
2025-09-24T12:08:01.786+02:00,-0.7541503295898437,1.45525,1.6542005400237256,1.6190340576171875,1.3435072021484376,0.9928480925653969,4.046376220703125,4.89502099609375,-0.7130546573869636,4.071252685546875,4.86524951171875,2.7386955291288286,-0.8884407958984375,3.862671630859375,0.6998184138741335,0.7494149780273438,-2.701494384765625,-2.509965677849629,-2.85180029296875,0.556794677734375,0.7039780051807283,2.0260107421875,2.206182373046875,0.8532709543069897,1.06830029296875,-2.1162001953125,2.7235304246174814,-2.75633984375,-0.15890000915527344,-1.188415795897739
2025-09-24T12:08:01.806+02:00,-0.75467529296875,1.4609154052734374,1.654341154929282,1.622334716796875,1.3481019287109375,0.9917275675367461,4.0535771484375,4.8980302734375,-0.7115250042358493,4.078494140625,4.8681884765625,2.7362467525065006,-0.8884423217773437,3.86268115234375,0.699918948205284,0.7496350708007813,-2.701091552734375,-2.496726837754736,-2.851776611328125,0.5567825927734374,0.7035809278621975,2.0260106201171877,2.206178955078125,0.8532413932188899,1.0683450927734375,-2.116225341796875,2.723516842495922,-2.756349609375,-0.1589121551513672,-1.1884044774631062
2025-09-24T12:08:01.826+02:00,-0.7557418212890625,1.4675347900390625,1.6545310383150045,1.6250404052734375,1.3526505126953126,0.9916522666569241,4.060608154296875,4.90150341796875,-0.7117647553129837,4.085555908203125,4.87169482421875,2.7383929940289957,-0.8884473876953125,3.862724853515625,0.7005935934884283,0.749601318359375,-2.701139404296875,-2.4973092710851366,-2.85172265625,0.5567876586914062,0.7054399474611273,2.0260174560546873,2.206178466796875,0.8531969850077128,1.0682978515625,-2.116195068359375,2.72345292662976,-2.7563330078125,-0.15890792846679688,-1.1884956907304414
2025-09-24T12:08:01.846+02:00,-0.7560034790039063,1.4732432861328124,1.6545669909897205,1.6276715087890625,1.3570618896484374,0.99060038460537,4.06817626953125,4.90497607421875,-0.7100631285344776,4.092958251953125,4.8751357421875,2.7417903886316095,-0.8884618530273437,3.862680419921875,0.7005362689459643,0.7496394653320313,-2.70103759765625,-2.4962418761202327,-2.851677490234375,0.556763427734375,0.7060743790118114,2.026015869140625,2.206183349609375,0.8532302745213388,1.0683114013671875,-2.11622509765625,2.723512581438178,-2.75635009765625,-0.1589161376953125,-1.1884244511712818
2025-09-24T12:08:01.866+02:00,-0.7568712158203125,1.47814453125,1.6554185367482734,1.6308524169921874,1.3622847900390624,0.9893229993885135,4.075815673828125,4.907607421875,-0.7131993336131821,4.1007509765625,4.87778564453125,2.7386204279860884,-0.888439208984375,3.862670166015625,0.7008875398937459,0.74953759765625,-2.701186279296875,-2.4983641491929167,-2.85172802734375,0.5567959594726563,0.7052064548125546,2.0259947509765626,2.206185302734375,0.8532106337082994,1.068316650390625,-2.11621142578125,2.7234627803257934,-2.75632373046875,-0.15891546630859374,-1.1884862365085715
2025-09-24T12:08:01.886+02:00,-0.7575416870117188,1.484548828125,1.6548925624329827,1.63452490234375,1.3684139404296876,0.9882691865451692,4.083314208984375,4.91111474609375,-0.7123003170081986,4.108158203125,4.8813369140625,2.739510456422393,-0.8884674682617187,3.862715576171875,0.7004103680054309,0.749636474609375,-2.701108642578125,-2.4960985980535866,-2.851741455078125,0.5567855834960938,0.704356839845792,2.0260028076171874,2.206189697265625,0.8532211531946052,1.0683297119140625,-2.11621044921875,2.723516576179813,-2.756344970703125,-0.15889584350585936,-1.1884193911652106
2025-09-24T12:08:01.906+02:00,-0.7584181518554688,1.4914625244140625,1.6544025407924081,1.6374718017578125,1.372746337890625,0.9866681606768408,4.09064013671875,4.91461767578125,-0.7140230493383436,4.115578125,4.8848251953125,2.7401373645429974,-0.88846484375,3.86272412109375,0.6984756480525156,0.7496282958984375,-2.7010732421875,-2.4963665120592484,-2.851759033203125,0.5567841796875,0.7044268809824611,2.0260025634765624,2.206189697265625,0.8532563735000216,1.0682921142578126,-2.116203125,2.723455856106959,-2.756403564453125,-0.15893206787109376,-1.188351347399359
2025-09-24T12:08:01.927+02:00,-0.7595479125976563,1.4971427001953126,1.6538190421975718,1.639823486328125,1.3767884521484375,0.9855831222697152,4.0983720703125,4.918109375,-0.7127862773281108,4.1233349609375,4.88835498046875,2.7446732605116204,-0.8884276123046875,3.862667236328125,0.6986661306494835,0.7496345825195313,-2.70101318359375,-2.4956003206136326,-2.851766845703125,0.5567835693359375,0.704279408437098,2.0260050048828124,2.206180419921875,0.8532570392902941,1.068322509765625,-2.116209228515625,2.7234585192680494,-2.75638232421875,-0.15896319580078125,-1.1884195243232651
2025-09-24T12:08:01.947+02:00,-0.7604281616210937,1.50306591796875,1.6524906574458402,1.64344580078125,1.3816397705078125,0.9850984935303481,4.10482763671875,4.92104150390625,-0.7119248778735248,4.12977197265625,4.891197265625,2.7395943459967302,-0.8884708862304688,3.86274853515625,0.7004046422090872,0.7495491943359375,-2.701093994140625,-2.5018060185857354,-2.851667236328125,0.5567867431640625,0.7064104033623522,2.0260087890625,2.20618994140625,0.8531646276004683,1.0682974853515625,-2.116211669921875,2.7235107172254147,-2.756389404296875,-0.15898004150390624,-1.188435103815642
2025-09-24T12:08:01.966+02:00,-0.7608934326171874,1.5090050048828125,1.6512877075814514,1.6472607421875,1.3874005126953124,0.9840880236337447,4.1126240234375,4.92375732421875,-0.712791337334182,4.13753173828125,4.89394091796875,2.7427991940525316,-0.8884427490234375,3.862678955078125,0.6986182603288893,0.7495245361328124,-2.70124609375,-2.500996950246569,-2.851832275390625,0.556785400390625,0.703020665347872,2.026011962890625,2.206176025390625,0.8532455211185795,1.0682637939453126,-2.1162333984375,2.723619906830108,-2.756425537109375,-0.15897966003417968,-1.1883039431319555
2025-09-24T12:08:01.986+02:00,-0.7618900756835938,1.5149796142578125,1.6525286074913739,1.649900634765625,1.3926883544921875,0.9838064609274961,4.1200458984375,4.9269140625,-0.7130120468095223,4.14499169921875,4.89713525390625,2.737983133537232,-0.8884797973632812,3.862786376953125,0.7016540642344978,0.7494380493164062,-2.701480712890625,-2.508544082459745,-2.851785400390625,0.5567987060546875,0.7046621046857424,2.026001708984375,2.206187744140625,0.8531972513238218,1.06830908203125,-2.11620166015625,2.723524831979192,-2.75642333984375,-0.15899220275878906,-1.1883552089829397
2025-09-24T12:08:02.007+02:00,-0.7623815307617188,1.5215045166015626,1.6525488475156584,1.652924072265625,1.396831787109375,0.9815769290419091,4.12816943359375,4.9301826171875,-0.7147070156853033,4.1530458984375,4.9003984375,2.7427986614203137,-0.8884432373046875,3.8627431640625,0.7007465255140262,0.7496312255859375,-2.70106689453125,-2.4966575955663943,-2.851737060546875,0.5567920532226562,0.7047517866354508,2.026000244140625,2.20618408203125,0.8531875973648703,1.068313720703125,-2.11621923828125,2.7235621162344534,-2.756291259765625,-0.1589346923828125,-1.1886542819733557
2025-09-24T12:08:02.027+02:00,-0.7634567260742188,1.5274927978515624,1.6519744036685284,1.6553631591796876,1.40163818359375,0.9805865660115358,4.135255859375,4.9333369140625,-0.7143847731934037,4.1602578125,4.90358837890625,2.743803205783492,-0.8884771118164062,3.86273486328125,0.7002268096272971,0.7495746459960938,-2.70111669921875,-2.5015381045800735,-2.85177490234375,0.556802001953125,0.7041912578050163,2.0260052490234375,2.206175537109375,0.8531294738740793,1.0682777099609375,-2.116219970703125,2.7234601171647035,-2.75637841796875,-0.15890354919433594,-1.1882534762292987
2025-09-24T12:08:02.046+02:00,-0.7644631958007813,1.532553466796875,1.6512123401226022,1.6591524658203125,1.407174072265625,0.9787927272802857,4.14289111328125,4.9362197265625,-0.7154413157768653,4.16777880859375,4.906501953125,2.7462594392568715,-0.8884533081054687,3.8627021484375,0.6999371242797238,0.749549072265625,-2.701177734375,-2.50212959265818,-2.85173388671875,0.5567933959960938,0.7047685645503183,2.0260072021484374,2.206176513671875,0.8532451882234432,1.0683028564453125,-2.1162236328125,2.723488879304476,-2.756395263671875,-0.158932861328125,-1.1883488173963235
2025-09-24T12:08:02.066+02:00,-0.7649249267578125,1.5381956787109374,1.6515789242466516,1.662848388671875,1.4125191650390625,0.9788094386161259,4.1501044921875,4.939763671875,-0.7145152015077902,4.17502490234375,4.91004248046875,2.743511589644128,-0.888464111328125,3.862768798828125,0.7026921644274108,0.749507080078125,-2.70119775390625,-2.501886446050656,-2.85170263671875,0.5567583618164063,0.7061620635907022,2.0260089111328123,2.206182373046875,0.8532041089636287,1.068321044921875,-2.116213134765625,2.723551729906202,-2.756378173828125,-0.15895266723632812,-1.1883895637610016
2025-09-24T12:08:02.086+02:00,-0.7661900024414062,1.5450772705078124,1.652228469236522,1.6657247314453125,1.4173270263671875,0.9794800225786079,4.157484375,4.9423017578125,-0.7166941999116931,4.18247119140625,4.91262060546875,2.7433294294255663,-0.8884345703125,3.862693115234375,0.7018799668739638,0.7495498657226562,-2.7010888671875,-2.4998541878228164,-2.851750732421875,0.5567694702148438,0.7047601090138573,2.026010498046875,2.20618408203125,0.8532003805381027,1.0683128662109376,-2.116212890625,2.7234681066479736,-2.75641552734375,-0.15893923950195313,-1.1882806404724173
2025-09-24T12:08:02.106+02:00,-0.7665800170898438,1.551322265625,1.6517003643923593,1.6689014892578125,1.422001708984375,0.9779078920081069,4.164486328125,4.945615234375,-0.7108924368979282,4.18929248046875,4.91585205078125,2.7407392389493554,-0.8884684448242187,3.862696044921875,0.6997006355749248,0.7496181030273438,-2.70112451171875,-2.4958634409293325,-2.851760498046875,0.556764892578125,0.7043578385312008,2.02600537109375,2.206180908203125,0.8531850007828075,1.06830810546875,-2.116205810546875,2.723475829815135,-2.756421630859375,-0.15898814392089844,-1.1883187236760056
2025-09-24T12:08:02.126+02:00,-0.7674829711914063,1.5569466552734375,1.6520361890058182,1.671786865234375,1.42712158203125,0.9759217064671257,4.17154248046875,4.94819921875,-0.7099465486577593,4.19641455078125,4.91838232421875,2.738940539949116,-0.8884796752929688,3.862701416015625,0.6988757214272727,0.7495235595703125,-2.701190185546875,-2.499370291452749,-2.85169873046875,0.5567809448242188,0.7048549175486641,2.02600634765625,2.206179443359375,0.8531873976277885,1.068310546875,-2.116217529296875,2.7235445393712587,-2.756318359375,-0.15893144226074218,-1.1885060770586926
2025-09-24T12:08:02.146+02:00,-0.7682764892578124,1.5622471923828125,1.6531002550193594,1.675090576171875,1.4326361083984376,0.9738804600706072,4.1780107421875,4.95122900390625,-0.7101029427927743,4.20283203125,4.9214033203125,2.7372156105110714,-0.8884728393554687,3.862713623046875,0.6995966391343571,0.7495540161132812,-2.701250244140625,-2.503174617069927,-2.8517578125,0.556743896484375,0.7048551172857459,2.025997802734375,2.20618115234375,0.8532695561474175,1.0683106689453126,-2.116207275390625,2.723491808781675,-2.756301025390625,-0.15892767333984376,-1.1885512176391695
2025-09-24T12:08:02.166+02:00,-0.7689651489257813,1.568171630859375,1.6529449927278077,1.6782093505859375,1.4375458984375,0.972113252950258,4.18619921875,4.9545888671875,-0.7074173445705111,4.21092236328125,4.92466943359375,2.7349010572076837,-0.88848779296875,3.862751953125,0.7011730307626023,0.7494348754882812,-2.701436279296875,-2.509800295545935,-2.851744384765625,0.556740966796875,0.7044806768364807,2.0260093994140624,2.20618603515625,0.8532207537204417,1.0683375244140625,-2.116213623046875,2.7234942056266562,-2.756334716796875,-0.15891281127929688,-1.1884903644082612
2025-09-24T12:08:02.186+02:00,-0.7703129272460938,1.574799072265625,1.6516260621979462,1.6812047119140625,1.442458984375,0.9706874630816568,4.1935615234375,4.957392578125,-0.7118990452109509,4.21837890625,4.9275478515625,2.734404910296602,-0.8884682006835938,3.862571044921875,0.6991138746077531,0.7495518188476562,-2.70122509765625,-2.5028196176966193,-2.851685791015625,0.5567695922851562,0.7053772965964832,2.026015625,2.206178466796875,0.8532281439924667,1.068300048828125,-2.116211181640625,2.7234673076996465,-2.75633837890625,-0.15890994262695313,-1.1884628006909788
2025-09-24T12:08:02.206+02:00,-0.7710277099609375,1.5806988525390624,1.6497490662616583,1.684739013671875,1.4472442626953126,0.9700066925280053,4.19969482421875,4.9604267578125,-0.7078414529741062,4.2244921875,4.930529296875,2.731422702507931,-0.8884625244140625,3.86264453125,0.7000044356762756,0.7494933471679688,-2.701181884765625,-2.502164213752351,-2.85173046875,0.5567691040039062,0.7047991909028541,2.026001708984375,2.20618408203125,0.8532592363981933,1.0683250732421874,-2.11620654296875,2.723514445650941,-2.75636767578125,-0.15894580078125,-1.188412067472213
2025-09-24T12:08:02.226+02:00,-0.7716996459960938,1.585998291015625,1.6499441428115065,1.6881063232421876,1.4524979248046874,0.9699732032772975,4.2077001953125,4.96339892578125,-0.7091068539660573,4.2324990234375,4.93352978515625,2.7365993550348273,-0.8884987182617188,3.862747314453125,0.7022242470238839,0.7494544067382812,-2.7012841796875,-2.5094804498990166,-2.851747802734375,0.5567962646484375,0.7042641618398573,2.0259974365234377,2.2061767578125,0.8532210200365508,1.0683253173828124,-2.116213623046875,2.723585019419828,-2.75636279296875,-0.15896621704101563,-1.188431908022334
2025-09-24T12:08:02.246+02:00,-0.7724205932617187,1.59161962890625,1.6499537301914309,1.6910220947265624,1.456987548828125,0.9685722473858613,4.21475830078125,4.96655517578125,-0.7116042998573064,4.23958984375,4.93667431640625,2.738305376029132,-0.8884374389648437,3.86263623046875,0.6991913725954744,0.7494284057617188,-2.701484375,-2.5089302408178065,-2.851706787109375,0.5567810668945312,0.704778018772188,2.0260067138671873,2.206189208984375,0.8532314063648021,1.06830029296875,-2.11621142578125,2.7234923414138934,-2.756305419921875,-0.15892535400390626,-1.188505677584529
2025-09-24T12:08:02.266+02:00,-0.77340185546875,1.5983004150390625,1.6494523901162235,1.694013427734375,1.461680908203125,0.9667836018187369,4.2220576171875,4.9691025390625,-0.7131163761452262,4.246880859375,4.93923681640625,2.73945479635561,-0.8884683227539063,3.862634521484375,0.7002531749220889,0.7495365600585937,-2.701245361328125,-2.501963677722268,-2.851690673828125,0.5567896118164063,0.7060547381987721,2.0260018310546877,2.206180908203125,0.8531904602630421,1.06830029296875,-2.1162177734375,2.7235368162040974,-2.75630322265625,-0.15891783142089844,-1.1885694602926364
2025-09-24T12:08:02.286+02:00,-0.7742482299804687,1.6049178466796874,1.6495830181676918,1.69667529296875,1.4663104248046874,0.965198022284731,4.228849609375,4.97198681640625,-0.7155471764301959,4.25377197265625,4.9423076171875,2.744116393527685,-0.8884426879882813,3.862692626953125,0.6995121503487743,0.7496993408203125,-2.70107421875,-2.4974754523371576,-2.851747802734375,0.556774169921875,0.7045453916509696,2.02598974609375,2.206186767578125,0.8532760808920882,1.0682801513671876,-2.116214111328125,2.7235306909335906,-2.756388427734375,-0.15891343688964843,-1.1883087368219178
2025-09-24T12:08:02.306+02:00,-0.775098388671875,1.6102806396484375,1.6499233701550038,1.7001474609375,1.47147705078125,0.9640794280478704,4.23585009765625,4.97531591796875,-0.7149943707669227,4.2608173828125,4.9456171875,2.7464945963811256,-0.8885045166015625,3.862743408203125,0.7016598566098688,0.7497506713867188,-2.700968017578125,-2.492248466065659,-2.851761474609375,0.556777099609375,0.7041401251120868,2.0260074462890625,2.20619189453125,0.8532058400183373,1.0683067626953124,-2.1162109375,2.723446535043144,-2.756386474609375,-0.15895777893066407,-1.1883879658643477
2025-09-24T12:08:02.327+02:00,-0.7757809448242188,1.6161148681640625,1.650611664138735,1.703666748046875,1.4774920654296875,0.9639822226680825,4.24304833984375,4.978603515625,-0.7192827924912502,4.26803369140625,4.94895166015625,2.7487939696663,-0.8884833374023438,3.86272607421875,0.7006610380430346,0.7495841674804687,-2.70115771484375,-2.5009237133165922,-2.8517373046875,0.5567833251953125,0.7045554450840847,2.026005615234375,2.20617626953125,0.8531573704864979,1.0683145751953125,-2.11619384765625,2.7233701023198584,-2.75632861328125,-0.15890093994140625,-1.1884584064751802
2025-09-24T12:08:02.346+02:00,-0.7766849975585938,1.6229813232421875,1.6504614618532545,1.7065523681640624,1.4819361572265626,0.9629682240830348,4.24952734375,4.98125439453125,-0.7220906963865752,4.27462451171875,4.95171435546875,2.751882437582465,-0.8884851684570313,3.862638916015625,0.6995803272726804,0.7495341796875,-2.701158447265625,-2.5027860618668845,-2.851679443359375,0.5567809448242188,0.7060000768173982,2.0260203857421875,2.206189208984375,0.8531381957266493,1.0683082275390625,-2.11620068359375,2.723424164489987,-2.756289794921875,-0.15890431213378906,-1.1885438939461717
2025-09-24T12:08:02.366+02:00,-0.7774165649414062,1.628150146484375,1.6506943552905817,1.710034423828125,1.486129150390625,0.9612121356602367,4.25644580078125,4.98523095703125,-0.7256168548278946,4.28171630859375,4.9557548828125,2.7536169544004334,-0.8884856567382813,3.862743896484375,0.7029436334133415,0.749408447265625,-2.701328369140625,-2.505357610215465,-2.851693359375,0.5567752075195312,0.7060669221607592,2.02602001953125,2.206178955078125,0.8532168255578338,1.0683233642578125,-2.116173583984375,2.723309648563114,-2.7563349609375,-0.15894552612304688,-1.1885096723261643
2025-09-24T12:08:02.386+02:00,-0.7779573364257812,1.633444091796875,1.6508714555030721,1.713016357421875,1.4917891845703124,0.9606104609909605,4.26443408203125,4.98850048828125,-0.724639075233672,4.2896435546875,4.95900341796875,2.751547678233442,-0.88847509765625,3.862724853515625,0.7007305465474857,0.7496318969726562,-2.70107177734375,-2.496526301724653,-2.851780517578125,0.556759521484375,0.7052004627001018,2.0260076904296875,2.20617822265625,0.8532239495137498,1.0683302001953126,-2.116197265625,2.723488346672258,-2.756291015625,-0.15892796325683595,-1.1886410993259597
2025-09-24T12:08:02.406+02:00,-0.7787950439453125,1.639894287109375,1.6514388419733135,1.7166031494140626,1.4971038818359375,0.9597185017628657,4.2718447265625,4.9915654296875,-0.727520415796056,4.297173828125,4.96220263671875,2.7577483161994736,-0.88853857421875,3.86276611328125,0.7014386145023105,0.7494468994140625,-2.70140576171875,-2.507988014424136,-2.85176123046875,0.5567906494140625,0.7046700275899853,2.0260010986328125,2.206186767578125,0.8532942569665279,1.068295654296875,-2.116229736328125,2.7235599857055814,-2.756278564453125,-0.15894737243652343,-1.1887434978698732
2025-09-24T12:08:02.426+02:00,-0.7799476928710938,1.6461617431640625,1.6510418978128372,1.719607666015625,1.50159912109375,0.9584176141493892,4.2790751953125,4.99535205078125,-0.7286976661559255,4.30439990234375,4.96601318359375,2.759010388240062,-0.8884813842773438,3.862737060546875,0.7008567138041282,0.74955517578125,-2.70121630859375,-2.500323170490779,-2.851725341796875,0.5567886962890625,0.7048047835411434,2.0259927978515626,2.206187744140625,0.8532521124422774,1.068318603515625,-2.116221435546875,2.723516309863704,-2.75631982421875,-0.1589097137451172,-1.188568261870146
2025-09-24T12:08:02.446+02:00,-0.7806183471679687,1.6521998291015625,1.6503010063975772,1.72281982421875,1.5067369384765625,0.9579773936211992,4.28576318359375,4.998658203125,-0.7288598526663114,4.31103173828125,4.9693017578125,2.7589235691885254,-0.8884749755859375,3.862677978515625,0.6986207903319249,0.749617431640625,-2.701103759765625,-2.4945784657033694,-2.8517236328125,0.5567994384765625,0.7054572580082128,2.0259945068359375,2.206185302734375,0.8532752153647338,1.0682198486328125,-2.116341796875,2.7240579968294263,-2.756341552734375,-0.15892784118652345,-1.1884939596757327
2025-09-24T12:08:02.466+02:00,-0.781422607421875,1.65793310546875,1.650587429372815,1.7264395751953125,1.51170654296875,0.957479848550545,4.29334423828125,5.001623046875,-0.7320472570169727,4.318779296875,4.97229248046875,2.7668235702461366,-0.8884803466796874,3.862681640625,0.6993277264432864,0.7496168823242187,-2.70109423828125,-2.496014974795358,-2.851755126953125,0.5568025512695313,0.7047672329697733,2.02600341796875,2.206181640625,0.8532511803358959,1.0682230224609375,-2.116328125,2.724010592562023,-2.75640185546875,-0.15893528747558594,-1.1882655936122586
2025-09-24T12:08:02.486+02:00,-0.7822181396484374,1.663707763671875,1.650328703272914,1.7294342041015625,1.51665380859375,0.9569157910316662,4.30062109375,5.0054306640625,-0.7277575702911275,4.32592529296875,4.9759072265625,2.7608389146445105,-0.8884976196289063,3.8627001953125,0.6995906470219044,0.74942138671875,-2.701435791015625,-2.5092466243553075,-2.85173876953125,0.5567783813476562,0.7048098435472145,2.0260126953125,2.20617578125,0.8532591032401389,1.068306884765625,-2.116234375,2.7236934100761943,-2.756413330078125,-0.1589617614746094,-1.1883044757641736
2025-09-24T12:08:02.506+02:00,-0.783042724609375,1.670208740234375,1.6495774255294027,1.7324969482421875,1.5213875732421875,0.9556764224393707,4.30739453125,5.00799853515625,-0.7283330128236664,4.33273291015625,4.97852392578125,2.7589089218025302,-0.8884916381835938,3.86270263671875,0.7013138454052402,0.7496277465820312,-2.701088134765625,-2.4980794572723877,-2.851709228515625,0.5567732543945313,0.7049537874041333,2.026004150390625,2.2061748046875,0.8532556411307218,1.0682432861328126,-2.116328125,2.7240052662398426,-2.7564443359375,-0.15897471618652342,-1.1882787762596543
2025-09-24T12:08:02.526+02:00,-0.7843485107421875,1.675777099609375,1.6494011242652393,1.73509423828125,1.525680908203125,0.9540040238538281,4.31523095703125,5.01133154296875,-0.7267927070281919,4.34049560546875,4.9819111328125,2.761599779767946,-0.8884686279296875,3.862638916015625,0.6985246502165731,0.7495106201171875,-2.701166259765625,-2.5013412969755167,-2.85177685546875,0.5567910766601563,0.7046314117541792,2.025997314453125,2.206187255859375,0.8532447221702525,1.06829541015625,-2.116269775390625,2.723685154276815,-2.756427490234375,-0.15900172424316406,-1.1883420263355438
2025-09-24T12:08:02.547+02:00,-0.7850137329101563,1.6814058837890624,1.6488832725912734,1.73867919921875,1.53103564453125,0.9538831163403385,4.3233896484375,5.01440087890625,-0.7270791300034298,4.34861181640625,4.98489306640625,2.7560936942142074,-0.8884769287109375,3.862760009765625,0.7017815630716854,0.7494213256835938,-2.701403564453125,-2.509796833436518,-2.851825927734375,0.5567938232421875,0.703684657986656,2.026005126953125,2.2061787109375,0.853213430027444,1.068300048828125,-2.1162265625,2.7234894119366944,-2.7563564453125,-0.15891377258300782,-1.1884259159098813
2025-09-24T12:08:02.566+02:00,-0.7859810791015625,1.6878304443359375,1.6495089822893876,1.7422171630859375,1.5359090576171874,0.9534755195355019,4.33056201171875,5.0172275390625,-0.7237883284234462,4.35573486328125,4.9876806640625,2.752854225064235,-0.8884799194335937,3.862757568359375,0.7020859623842814,0.7494116821289063,-2.701433349609375,-2.5106330660188028,-2.851810791015625,0.5567816162109375,0.7034264645189728,2.0260040283203127,2.206173828125,0.8532283437295485,1.0682794189453124,-2.116249755859375,2.723663848988094,-2.756367431640625,-0.15887115478515626,-1.1882817057368535
2025-09-24T12:08:02.586+02:00,-0.78678173828125,1.6947379150390625,1.649403121636057,1.7451231689453126,1.5407000732421876,0.9530023423888221,4.33802197265625,5.02030322265625,-0.7245785548978999,4.3632275390625,4.990826171875,2.7572383208507234,-0.888446044921875,3.862687744140625,0.6994081539082068,0.7496393432617188,-2.70104150390625,-2.4976834452182928,-2.851762939453125,0.556770751953125,0.7053860850280804,2.0260098876953125,2.206179931640625,0.8532334703146469,1.068298095703125,-2.1162216796875,2.7235325551463534,-2.756367919921875,-0.15894308471679688,-1.1884241848551726
2025-09-24T12:08:02.606+02:00,-0.7869158935546875,1.70010986328125,1.6493654379066323,1.7485841064453125,1.5453319091796875,0.951537204315115,4.34476513671875,5.0233740234375,-0.7273742748312378,4.36996728515625,4.99399609375,2.757569884406438,-0.8884717407226562,3.862687255859375,0.6995282624733694,0.74945947265625,-2.70140576171875,-2.507243927215568,-2.85170263671875,0.556784912109375,0.7059637246685186,2.0260054931640625,2.20618701171875,0.8531867984165432,1.0683414306640624,-2.1162138671875,2.7235037930065804,-2.756414794921875,-0.15893719482421875,-1.1882454867460284
2025-09-24T12:08:02.626+02:00,-0.7877076416015625,1.7041058349609375,1.650225638938728,1.7515509033203125,1.5502041015625,0.9505562289275843,4.35224072265625,5.02679541015625,-0.7262062123771291,4.3775693359375,4.99735400390625,2.7566183369489528,-0.888456298828125,3.862694580078125,0.7000500423099432,0.74943505859375,-2.7014912109375,-2.5093297149813183,-2.851693603515625,0.5567860107421875,0.7055491370658206,2.02600927734375,2.206183349609375,0.8532071715988824,1.0683026123046875,-2.11622314453125,2.7235330877785713,-2.75640673828125,-0.15897805786132813,-1.188387300074075
2025-09-24T12:08:02.646+02:00,-0.7883630981445312,1.710320556640625,1.649303253095179,1.7550467529296876,1.5554283447265624,0.9494147980843763,4.35960107421875,5.029732421875,-0.7246685031637173,4.38474365234375,5.000267578125,2.7553599933338906,-0.8884228515625,3.8626494140625,0.7001809366775206,0.7494786987304688,-2.701346435546875,-2.50637893249351,-2.85181494140625,0.5567713623046875,0.7050946020467712,2.026009033203125,2.206174560546875,0.8532832048480041,1.068239501953125,-2.116322265625,2.7239956788599184,-2.75641259765625,-0.15898399353027343,-1.1884207227457555
2025-09-24T12:08:02.666+02:00,-0.789598388671875,1.7174803466796875,1.6480137504953625,1.758347412109375,1.560164306640625,0.948076692794666,4.36674072265625,5.03285205078125,-0.7249666440477518,4.39191259765625,5.0033037109375,2.7552587932124672,-0.8884592895507812,3.862734130859375,0.7003709532212977,0.74950244140625,-2.701449462890625,-2.5062534976061674,-2.851679931640625,0.556799072265625,0.7062031428505168,2.025998779296875,2.206177734375,0.8532502482295143,1.0682891845703124,-2.1162626953125,2.723721905899858,-2.75633447265625,-0.15892501831054687,-1.1884468217244384
2025-09-24T12:08:02.686+02:00,-0.790754150390625,1.7240616455078126,1.6470912314937591,1.7613402099609374,1.5646585693359376,0.9464750011360651,4.3738427734375,5.0360673828125,-0.722507081623009,4.399037109375,5.00651806640625,2.7511593893465083,-0.8884617309570313,3.8627138671875,0.7004649628077775,0.7496632080078125,-2.70114208984375,-2.4978022222029104,-2.8517626953125,0.5567900390625,0.7044996518592476,2.026003173828125,2.206182861328125,0.8532755482598702,1.0682740478515624,-2.116220703125,2.7235567899122732,-2.75635302734375,-0.15892124938964844,-1.1884248506454451
2025-09-24T12:08:02.706+02:00,-0.7913385009765626,1.729479248046875,1.6458865505746618,1.765254150390625,1.56992724609375,0.9452174564693298,4.38139794921875,5.039591796875,-0.7183915656324551,4.40644580078125,5.00992236328125,2.75086910478769,-0.8884599609375,3.8626728515625,0.7003172905253326,0.7495933227539062,-2.701145751953125,-2.498875742438321,-2.851758544921875,0.55679052734375,0.7045694266798076,2.0259991455078126,2.20617724609375,0.8531728833998475,1.0682825927734374,-2.11623046875,2.7236758332129996,-2.7563857421875,-0.1589239044189453,-1.1883675926820085
2025-09-24T12:08:02.726+02:00,-0.7923544921875,1.7345010986328124,1.644981608436253,1.7690369873046874,1.5753663330078125,0.9454723875646776,4.38857177734375,5.04225341796875,-0.7192708082663448,4.4136494140625,5.0126416015625,2.7487449675022426,-0.8884636840820312,3.862697509765625,0.6996313933865826,0.7494327392578125,-2.701388427734375,-2.5085262392804415,-2.851673583984375,0.5567694702148438,0.7058190484423,2.025993896484375,2.206184814453125,0.8531761457721829,1.06830810546875,-2.116216064453125,2.7236055257602216,-2.756332275390625,-0.15890336608886718,-1.1885106044325457
2025-09-24T12:08:02.746+02:00,-0.7926278076171875,1.7408070068359376,1.6441365874223708,1.77177978515625,1.57919677734375,0.9443943399554134,4.39594677734375,5.04565869140625,-0.7185881734999302,4.42097802734375,5.01600634765625,2.7475681166165367,-0.8884143676757813,3.862673095703125,0.700013557003009,0.749462158203125,-2.701345947265625,-2.5089139955351567,-2.851776123046875,0.5567593383789062,0.7041881285907355,2.02600537109375,2.2061708984375,0.8532570392902941,1.068322509765625,-2.116212646484375,2.723482221401751,-2.75631201171875,-0.15892340087890625,-1.188535504988738
2025-09-24T12:08:02.766+02:00,-0.7934302368164062,1.7480614013671876,1.6438204702009782,1.7741773681640625,1.5832276611328124,0.9430805360106501,4.40374267578125,5.049015625,-0.7161600363760505,4.42866943359375,5.0192919921875,2.751212386252201,-0.8884375,3.86270068359375,0.7003337355450638,0.7496888427734375,-2.700952392578125,-2.497458940738399,-2.851752685546875,0.5567810668945312,0.7048609096611168,2.0260052490234375,2.2061796875,0.8532105671292722,1.068322998046875,-2.116202392578125,2.723484085614514,-2.75635400390625,-0.1589451904296875,-1.188497954417368
2025-09-24T12:08:02.786+02:00,-0.7943302612304688,1.7544200439453126,1.6445521737104776,1.7780025634765626,1.588672119140625,0.942083847972688,4.41098876953125,5.05130810546875,-0.7189732000145285,4.43609423828125,5.02171728515625,2.7501175607280697,-0.8884728393554687,3.86272900390625,0.699644176559815,0.7496728515625,-2.70102978515625,-2.4949521072043073,-2.851707763671875,0.5567747192382813,0.705538417842433,2.02601171875,2.206180908203125,0.8533055088221335,1.0683118896484376,-2.116232177734375,2.723581024678193,-2.756378662109375,-0.15896127319335937,-1.1883891642868383
2025-09-24T12:08:02.806+02:00,-0.7944486694335937,1.7587164306640626,1.644446313057147,1.782210205078125,1.59465478515625,0.9422094825971125,4.41823779296875,5.05451806640625,-0.7151253317135274,4.44313427734375,5.02476904296875,2.7450104167056244,-0.888466796875,3.86271484375,0.7001367947824525,0.7494199829101562,-2.701447998046875,-2.508521978222697,-2.851725341796875,0.5567994995117187,0.7052634464598823,2.0259993896484376,2.206184814453125,0.8532120318678718,1.068272216796875,-2.11622509765625,2.7235927425869892,-2.75640087890625,-0.15897503662109375,-1.1883596031987382
2025-09-24T12:08:02.826+02:00,-0.7958588256835938,1.7646837158203126,1.6439208713740743,1.785556396484375,1.5994595947265624,0.9416464903426697,4.42626708984375,5.057927734375,-0.7151710715052495,4.4512509765625,5.0282802734375,2.7450788599456395,-0.8884713134765625,3.8626748046875,0.7004182909096739,0.7494219970703125,-2.70149462890625,-2.5087619290369134,-2.851748291015625,0.5567905883789063,0.703810692085244,2.0260076904296875,2.206175048828125,0.8532760808920882,1.0682581787109375,-2.1163154296875,2.72398183042225,-2.756417236328125,-0.15897988891601564,-1.1883433579160887
2025-09-24T12:08:02.846+02:00,-0.79674560546875,1.7717105712890624,1.6439887819818713,1.788253662109375,1.6033751220703125,0.9403489316805559,4.43300830078125,5.06062353515625,-0.7133977391143931,4.45785498046875,5.03084912109375,2.7410178055993777,-0.888484375,3.862749755859375,0.7006084406115055,0.7494506225585937,-2.701419189453125,-2.508306794806619,-2.85170654296875,0.5567628173828125,0.7057055312008355,2.02599462890625,2.206185791015625,0.8532383971626635,1.0683231201171874,-2.116202880859375,2.723548534112894,-2.756454833984375,-0.15895230102539062,-1.1881734482385418
2025-09-24T12:08:02.866+02:00,-0.7974006958007812,1.777998779296875,1.6443866582487292,1.7909085693359375,1.6080814208984375,0.9387777332164363,4.4406904296875,5.0641884765625,-0.7144869720002355,4.465654296875,5.0344140625,2.74690685371787,-0.8884572143554688,3.862716796875,0.7006999201949498,0.7495261840820312,-2.701185302734375,-2.500487487530037,-2.85173388671875,0.55679443359375,0.7058231097629624,2.0259991455078126,2.2061845703125,0.8531931900031594,1.0683045654296874,-2.1162099609375,2.723548267796785,-2.7564375,-0.15896588134765624,-1.1883110005088444
2025-09-24T12:08:02.886+02:00,-0.7981770629882813,1.78320166015625,1.6447288744488044,1.7951866455078125,1.61354296875,0.938452627826365,4.44785205078125,5.06792236328125,-0.71754128487542,4.4728486328125,5.0382568359375,2.7517532742695963,-0.8884298706054687,3.8627138671875,0.7009645052492491,0.7496746826171875,-2.700968505859375,-2.4951505127055182,-2.851731689453125,0.5567753295898438,0.7052637793550185,2.0260115966796874,2.206179443359375,0.8532404611125083,1.0682841796875,-2.1162431640625,2.7236260321006154,-2.756452880859375,-0.15896112060546874,-1.188229507779488
2025-09-24T12:08:02.906+02:00,-0.7990693359375,1.788828857421875,1.6457673741158807,1.7985911865234374,1.619232421875,0.9381533550988673,4.4550126953125,5.07108642578125,-0.7203219579485991,4.480109375,5.04150390625,2.7554920861239585,-0.8884678344726562,3.862727294921875,0.700272216523883,0.7496300048828125,-2.70101025390625,-2.496545476484502,-2.851772705078125,0.5568088989257812,0.7043648959080895,2.025997314453125,2.206183349609375,0.8532001808010209,1.068288818359375,-2.11625390625,2.723757858574574,-2.756447265625,-0.15897616577148438,-1.188225779353962
2025-09-24T12:08:02.926+02:00,-0.799480712890625,1.7955401611328126,1.646183093562042,1.801766845703125,1.6240172119140626,0.9369783684259243,4.46300146484375,5.0748125,-0.7224005551794059,4.488095703125,5.0452763671875,2.7550137823921803,-0.888466064453125,3.862727783203125,0.7003614324204006,0.7496039428710938,-2.701008056640625,-2.496946814860777,-2.851709716796875,0.5567911376953125,0.7053573228883075,2.0260740966796873,2.2061611328125,0.8528721459337504,1.0682933349609376,-2.116223388671875,2.723555724647837,-2.75633740234375,-0.1589180450439453,-1.1884725212289577
2025-09-24T12:08:02.946+02:00,-0.8005324096679688,1.80173779296875,1.6460190428388932,1.804664794921875,1.6270413818359375,0.9345166754723095,4.47023828125,5.0781689453125,-0.7246404733932443,4.4953955078125,5.04864404296875,2.7528640787602683,-0.8884769897460938,3.862748046875,0.7000306012339855,0.7496246948242188,-2.700987548828125,-2.4974091396260145,-2.851710205078125,0.5567686767578125,0.7050608464799545,2.02608935546875,2.20616259765625,0.8527494407865249,1.0683016357421875,-2.1162177734375,2.7235767636204486,-2.756337646484375,-0.15894113159179687,-1.1884524143627275
2025-09-24T12:08:02.967+02:00,-0.8010369873046875,1.8072708740234376,1.6443906529903642,1.807583740234375,1.6320850830078124,0.9334514110362779,4.47780810546875,5.08187841796875,-0.7230301264611007,4.502841796875,5.05230126953125,2.756019924652012,-0.8884763793945313,3.862724609375,0.7012847503703311,0.74965673828125,-2.700942626953125,-2.495749990266895,-2.85172265625,0.5567791137695313,0.7047696963937816,2.0260732421875,2.206177001953125,0.8527562984263319,1.0683189697265625,-2.116193359375,2.7234452034625987,-2.756322509765625,-0.1589080810546875,-1.1884817091347184
2025-09-24T12:08:02.986+02:00,-0.8017830810546875,1.81231884765625,1.6448883977981001,1.8122305908203125,1.637972412109375,0.9312890573891881,4.48432763671875,5.08497216796875,-0.7265833825665116,4.509619140625,5.0554990234375,2.7577613656888147,-0.8884971313476563,3.862665283203125,0.7000596962688946,0.7495092163085938,-2.701130126953125,-2.5027264070584665,-2.851745361328125,0.5567603149414062,0.7040063012673103,2.026081298828125,2.206171142578125,0.8527613584324031,1.0683179931640625,-2.116216796875,2.723472101389609,-2.75635400390625,-0.15889039611816405,-1.1883414937033256
2025-09-24T12:08:03.006+02:00,-0.8024314575195313,1.8183275146484374,1.6441444437475865,1.8156768798828125,1.6425025634765624,0.9289462079992181,4.49226416015625,5.08853076171875,-0.7226207986015555,4.51738037109375,5.0589404296875,2.755651076841036,-0.888448486328125,3.86271630859375,0.7016970077070754,0.7494381103515625,-2.701328369140625,-2.5103177477457375,-2.851798583984375,0.5567719116210937,0.7039505080424732,2.026050537109375,2.20618798828125,0.8527897876770397,1.06832421875,-2.116207763671875,2.723457187687504,-2.75631884765625,-0.15889845275878905,-1.188499019681804
2025-09-24T12:08:03.026+02:00,-0.80346630859375,1.825194580078125,1.6439389808694869,1.8186343994140626,1.6473087158203126,0.9276453869647688,4.4995537109375,5.091865234375,-0.7237961181696346,4.52475634765625,5.06230615234375,2.752738111240707,-0.8884819946289062,3.86264111328125,0.6992199349981655,0.7496248779296875,-2.701062744140625,-2.4979710666160213,-2.8516982421875,0.5567914428710937,0.7058899551063234,2.0260484619140624,2.206193115234375,0.8527324631345757,1.0683052978515626,-2.116230224609375,2.7235871499487,-2.75636474609375,-0.15892918395996095,-1.1884466885663838
2025-09-24T12:08:03.046+02:00,-0.80421142578125,1.8308597412109375,1.6447365976159656,1.821724853515625,1.6518370361328125,0.9248778299599586,4.5071923828125,5.0949072265625,-0.7242575774075182,4.5322646484375,5.0652763671875,2.755138950963414,-0.8884627685546875,3.862700927734375,0.6995119506116927,0.7496636352539062,-2.7009912109375,-2.496106321220748,-2.851807861328125,0.5567799072265625,0.7040210818113602,2.0260262451171873,2.206200927734375,0.8527969782119829,1.0683258056640625,-2.1162138671875,2.723518440392576,-2.75639306640625,-0.15894873046875,-1.188354010560449
2025-09-24T12:08:03.066+02:00,-0.8047593383789062,1.836480224609375,1.6459358190548283,1.824947998046875,1.65667431640625,0.9226362472704388,4.5145361328125,5.09831787109375,-0.7246600476272563,4.53969091796875,5.0687177734375,2.7558255138924364,-0.8884315185546875,3.862695556640625,0.7002573694008059,0.74963330078125,-2.700984375,-2.49632576569457,-2.851751953125,0.5568021240234375,0.7048998583920592,2.0260093994140624,2.206198486328125,0.8527863255676226,1.0682940673828125,-2.11622802734375,2.723549066745112,-2.756402587890625,-0.15896540832519532,-1.18836852478839
2025-09-24T12:08:03.086+02:00,-0.805686279296875,1.8426363525390625,1.6467181226250391,1.828630615234375,1.6619783935546875,0.9198348015407573,4.52204052734375,5.1012607421875,-0.7265143401152513,4.54726953125,5.07177099609375,2.755277435340098,-0.8884348754882813,3.862715576171875,0.7005154962894617,0.7496455688476562,-2.701027099609375,-2.4946911174174797,-2.851763916015625,0.556776611328125,0.7047547826916771,2.0260184326171875,2.20618701171875,0.8528140224429595,1.0683128662109376,-2.116228271484375,2.7235474688484578,-2.756417236328125,-0.15897555541992187,-1.1882916925909413
2025-09-24T12:08:03.106+02:00,-0.8063846435546875,1.848992431640625,1.6455178359217404,1.8314552001953126,1.6654984130859376,0.9143347746784983,4.5296328125,5.1046201171875,-0.7315949856848499,4.55495068359375,5.07529541015625,2.761299907829203,-0.8884305419921875,3.86269580078125,0.7002475822837998,0.7496371459960938,-2.701023681640625,-2.496182753944033,-2.851754150390625,0.5567977905273438,0.705044334881196,2.02599072265625,2.2062021484375,0.8528950491191251,1.0682950439453125,-2.1162216796875,2.7234894119366944,-2.7563974609375,-0.15900791931152344,-1.1885076749553467
2025-09-24T12:08:03.126+02:00,-0.8072649536132812,1.8548326416015626,1.645102649107797,1.8330615234375,1.6690394287109376,0.906929322635315,4.53704541015625,5.10800830078125,-0.7406922773895334,4.5620263671875,5.078736328125,2.73786036181098,-0.8884539794921875,3.86266064453125,0.6991953673371095,0.7493990478515625,-2.70138671875,-2.5088428891340517,-2.85170263671875,0.5567833251953125,0.7060308363279886,2.025993408203125,2.206198486328125,0.8528426514246777,1.068277587890625,-2.116224853515625,2.723619107881781,-2.75635791015625,-0.15888790893554688,-1.1883755821652788
2025-09-24T12:08:03.146+02:00,-0.8076429443359375,1.8599927978515625,1.6454497921558888,1.8359847412109376,1.673592041015625,0.8976232391011694,4.54440673828125,5.1118681640625,-0.7390967775804669,4.569431640625,5.0826220703125,2.746628020751739,-0.888469482421875,3.86277783203125,0.7018212441719276,0.7492611694335938,-2.7017763671875,-2.516047805147152,-2.8517255859375,0.5567868041992188,0.7061892278338211,2.0259986572265625,2.20619921875,0.8528102274384061,1.068244873046875,-2.116288330078125,2.723881162933045,-2.756361572265625,-0.15889834594726562,-1.1883368331714181
2025-09-24T12:08:03.166+02:00,-0.8085338134765625,1.8665133056640626,1.645982557531959,1.839382568359375,1.6778974609375,0.8880043007179667,4.551689453125,5.1145869140625,-0.7375665252181074,4.57676708984375,5.08521630859375,2.752228382208066,-0.8884774169921875,3.862711181640625,0.7002655586211578,0.7493348999023437,-2.701654052734375,-2.5106818018667516,-2.851691650390625,0.5567845458984375,0.705614251354473,2.02602880859375,2.20619189453125,0.8526834609705183,1.06828125,-2.116227783203125,2.7235634478149984,-2.75637060546875,-0.15894316101074218,-1.188448819095256
2025-09-24T12:08:03.186+02:00,-0.8095965576171875,1.8738917236328125,1.6449970547705752,1.8404075927734376,1.680224609375,0.8777423420895644,4.55916845703125,5.11812890625,-0.7390131543222385,4.5840908203125,5.0888916015625,2.73879726188247,-0.888449951171875,3.862710205078125,0.6997903175246332,0.7495489501953125,-2.701270263671875,-2.497089560295205,-2.851766357421875,0.5568045043945312,0.7041617632959437,2.0260703125,2.20620361328125,0.8525893182259839,1.0682779541015626,-2.116247314453125,2.723688882702341,-2.756404052734375,-0.15893157958984375,-1.1883104678766263
2025-09-24T12:08:03.206+02:00,-0.8101854858398437,1.878233642578125,1.6438557570854218,1.8417264404296876,1.6824346923828124,0.8644572961497585,4.56661083984375,5.12146533203125,-0.7406591210339619,4.591517578125,5.09229833984375,2.735520508477236,-0.88847998046875,3.862683837890625,0.7007409994547642,0.7494157104492187,-2.701503173828125,-2.509156609510463,-2.851779052734375,0.556790771484375,0.7045390666433807,2.0262196044921876,2.206134765625,0.8526047645603064,1.0682938232421875,-2.116212890625,2.7235575888606003,-2.756404052734375,-0.15896266174316406,-1.1883516137154682
2025-09-24T12:08:03.226+02:00,-0.8113118286132812,1.883152099609375,1.6427930226524257,1.844213623046875,1.68574365234375,0.8497190297821238,4.57417822265625,5.12412646484375,-0.7345357147395427,4.5990869140625,5.09483203125,2.7421584374942585,-0.8884666137695313,3.86268603515625,0.7006545132983639,0.7494254150390625,-2.70145556640625,-2.5093116054859057,-2.8517607421875,0.5567544555664062,0.7055477389062482,2.0262239990234376,2.206132080078125,0.8524684772915216,1.0682127685546876,-2.1162001953125,2.7233410738639767,-2.756347900390625,-0.15891024780273438,-1.1884635996393058
2025-09-24T12:08:03.246+02:00,-0.8119180908203125,1.889606689453125,1.6417249618972494,1.847202880859375,1.68960986328125,0.8341657029628703,4.5809619140625,5.12748486328125,-0.7315872625176887,4.60589990234375,5.09802294921875,2.7407482936970617,-0.8884839477539063,3.86272607421875,0.6996128844170066,0.7494366455078125,-2.7014326171875,-2.5091723221608944,-2.851716064453125,0.5567985229492187,0.7058882906306421,2.026217529296875,2.206131591796875,0.8525511018643414,1.06822900390625,-2.11622412109375,2.7234974014199644,-2.7563564453125,-0.1589488220214844,-1.1885107375906003
2025-09-24T12:08:03.267+02:00,-0.8129962158203125,1.8964039306640625,1.64217849823089,1.8493067626953126,1.6925665283203124,0.8168879127587633,4.5875,5.13037451171875,-0.7337090695371821,4.612216796875,5.1010478515625,2.7306772837188182,-0.88846337890625,3.86271533203125,0.7002668236226756,0.7492752075195312,-2.701553955078125,-2.508544615091963,-2.85175537109375,0.5567832641601562,0.7047615071734296,2.0262047119140627,2.20615185546875,0.8525290642063209,1.068236328125,-2.1162080078125,2.7235322888302442,-2.756349365234375,-0.15894110107421874,-1.1884795786058464
2025-09-24T12:08:03.287+02:00,-0.813924072265625,1.90291259765625,1.6423482747503826,1.8498555908203125,1.694247314453125,0.7976085572583799,4.59538330078125,5.1331083984375,-0.7328309587467557,4.62016455078125,5.10375341796875,2.7340592319871098,-0.8885062255859375,3.862697509765625,0.6998672828801364,0.7495489501953125,-2.70109814453125,-2.500489085426691,-2.851768798828125,0.5567943115234375,0.7045372690096449,2.026201904296875,2.206149658203125,0.8524269985575437,1.068259521484375,-2.1162158203125,2.723512315122069,-2.756384033203125,-0.15895669555664063,-1.1883544100346126
2025-09-24T12:08:03.306+02:00,-0.8142445678710938,1.9078785400390625,1.6427173888774675,1.8509205322265625,1.69680126953125,0.7763249733006301,4.60287451171875,5.13662744140625,-0.7309322580475838,4.627623046875,5.10712890625,2.73242165423282,-0.888464599609375,3.862654541015625,0.6990139394878478,0.7494252319335938,-2.701331787109375,-2.5085315656026212,-2.851722412109375,0.5567987670898438,0.7054135155873082,2.02624267578125,2.206141357421875,0.8523982364177708,1.0683001708984374,-2.116210205078125,2.723514179334832,-2.756320556640625,-0.15892095947265625,-1.188516729703053
2025-09-24T12:08:03.326+02:00,-0.815021484375,1.914154296875,1.643491436648299,1.853087890625,1.69974951171875,0.7547670171715749,4.6101611328125,5.13971875,-0.7327531278638981,4.63505615234375,5.110216796875,2.7377690153855903,-0.8884505004882812,3.8627529296875,0.700045248619981,0.7494112548828125,-2.701488037109375,-2.508822649109767,-2.851772705078125,0.5567786865234375,0.7048579801839177,2.0262362060546875,2.206127197265625,0.8525016336470931,1.06830859375,-2.11622998046875,2.7236031289152405,-2.75634130859375,-0.15889027404785155,-1.188319389466278
2025-09-24T12:08:03.346+02:00,-0.8156415405273437,1.92123681640625,1.64273816153397,1.85476708984375,1.70190478515625,0.7343666040103227,4.6175390625,5.142689453125,-0.7361386048206342,4.64230908203125,5.11346630859375,2.73275721253017,-0.8884515991210937,3.86275146484375,0.7006370030141966,0.7495034790039062,-2.701346435546875,-2.5045035344538764,-2.851760009765625,0.5567723999023437,0.7043564403716285,2.026217529296875,2.2061357421875,0.8525192105102877,1.06829248046875,-2.11623193359375,2.7235709046660506,-2.75634033203125,-0.1589339141845703,-1.188432440654552
2025-09-24T12:08:03.366+02:00,-0.81665234375,1.927094970703125,1.642832703752668,1.8561236572265625,1.703875,0.7135635208922505,4.62456396484375,5.14658740234375,-0.7345824532166736,4.64929248046875,5.117318359375,2.727784291826665,-0.88847265625,3.86270654296875,0.6999687493176685,0.7495825805664063,-2.701120361328125,-2.501080573504798,-2.851745849609375,0.5567732543945313,0.7048850778480092,2.0262174072265626,2.20613671875,0.8524890502109425,1.0682734375,-2.116220947265625,2.7235759646721216,-2.75639599609375,-0.15893998718261718,-1.1883088699799722
2025-09-24T12:08:03.387+02:00,-0.8172057495117188,1.932896484375,1.6421263002735245,1.8578797607421875,1.7059130859375,0.6887935261724507,4.63151171875,5.1488544921875,-0.738823071199434,4.6564892578125,5.1198095703125,2.7326456260804957,-0.8884779052734375,3.862640625,0.6991020901199294,0.7495286865234375,-2.70117578125,-2.5017357111329575,-2.85172314453125,0.55678759765625,0.7050426704055147,2.0262220458984377,2.206146484375,0.8524588899115974,1.06830712890625,-2.11626611328125,2.7237200416870953,-2.756379150390625,-0.1589733123779297,-1.1883394963325082
2025-09-24T12:08:03.406+02:00,-0.8178416748046875,1.9378043212890625,1.641052913196168,1.8587882080078124,1.7080281982421874,0.664251031988771,4.63931689453125,5.15304931640625,-0.7378710576887579,4.66421728515625,5.1237978515625,2.741301432255471,-0.8884485473632813,3.862589599609375,0.6990832482552172,0.7494723510742187,-2.701340576171875,-2.5095464962940506,-2.85167822265625,0.5567754516601563,0.7050271574921649,2.02621630859375,2.206144287109375,0.852398036680689,1.06830029296875,-2.11619873046875,2.7234063213106836,-2.756378662109375,-0.1589766082763672,-1.1884325738126065
2025-09-24T12:08:03.426+02:00,-0.8188939208984375,1.94394775390625,1.6392266504786461,1.8594302978515624,1.709152099609375,0.6367315897595734,4.647048828125,5.15637255859375,-0.7397892660429147,4.67181591796875,5.12720166015625,2.735891486817084,-0.8884978637695312,3.86269091796875,0.7002520430786257,0.7493831787109375,-2.701338623046875,-2.508818654368132,-2.8517216796875,0.5567542114257813,0.7042846016012236,2.02622607421875,2.206147216796875,0.8523778632354316,1.06828759765625,-2.1162255859375,2.7235416098940597,-2.75640283203125,-0.15899369812011718,-1.1883964879798359
2025-09-24T12:08:03.446+02:00,-0.8200867309570312,1.950526123046875,1.6374810815421537,1.8596162109375,1.71054736328125,0.6075904821635995,4.6539375,5.1598017578125,-0.7375923578806811,4.6786787109375,5.1304443359375,2.7298612911608178,-0.8884598388671875,3.862685302734375,0.700479876509882,0.749256103515625,-2.70154443359375,-2.5117617136887787,-2.851689208984375,0.55680615234375,0.7061670570177462,2.0262354736328123,2.206136962890625,0.8524102872217034,1.06824365234375,-2.116306396484375,2.7239970104404634,-2.75639013671875,-0.1589757080078125,-1.1883907621834922
2025-09-24T12:08:03.466+02:00,-0.8203739624023437,1.9560340576171875,1.6375850779827212,1.860609375,1.7122086181640626,0.5783799326422016,4.6603662109375,5.16265673828125,-0.7356094347120354,4.68535107421875,5.1334921875,2.7354384831156615,-0.8884652099609375,3.8627099609375,0.7004034437865967,0.749349853515625,-2.7015556640625,-2.5118962033238277,-2.851714599609375,0.5567993774414063,0.705332089436979,2.026266357421875,2.20613427734375,0.8524325911958328,1.0682884521484375,-2.11622021484375,2.7235021951099267,-2.75639208984375,-0.1589965362548828,-1.1884044774631062
2025-09-24T12:08:03.486+02:00,-0.8211787719726562,1.96154052734375,1.638269643540926,1.8607149658203126,1.7128887939453126,0.5477889335697611,4.6680556640625,5.16609619140625,-0.7390264701276889,4.692970703125,5.136900390625,2.7422005154394817,-0.8884481201171875,3.862697509765625,0.7002677557290571,0.7493927612304687,-2.701462646484375,-2.5113238900055697,-2.85170068359375,0.5567999267578125,0.7047487905792245,2.0262783203125,2.206125,0.8524578246471614,1.068298095703125,-2.1162587890625,2.7236974048178295,-2.756400390625,-0.15899005126953125,-1.188315661040752
2025-09-24T12:08:03.506+02:00,-0.82153955078125,1.9675303955078125,1.638884966910789,1.85978662109375,1.713674072265625,0.517358389952998,4.67575439453125,5.16956591796875,-0.7345026915420257,4.700560546875,5.14018994140625,2.7384198919560054,-0.8884103393554688,3.8627490234375,0.7011460662565653,0.7496065673828125,-2.701074951171875,-2.497186765674993,-2.851662109375,0.5567919921875,0.705933963843337,2.0262943115234373,2.20611474609375,0.8525256020969039,1.0682841796875,-2.116244140625,2.7236076562890936,-2.756352294921875,-0.15899371337890625,-1.1884693254356495
2025-09-24T12:08:03.527+02:00,-0.8224379272460938,1.9740155029296875,1.6396713983806894,1.8603719482421874,1.7144549560546876,0.48432680347858165,4.683533203125,5.17268408203125,-0.7319555111174194,4.7082841796875,5.1432529296875,2.7246867691627936,-0.8884713745117188,3.8627158203125,0.7002713509965287,0.749645263671875,-2.701005126953125,-2.4961673076097104,-2.85170263671875,0.5567791748046875,0.7052294911559838,2.026283935546875,2.20611962890625,0.8524960410088039,1.06826904296875,-2.11631787109375,2.7240470778689567,-2.756378173828125,-0.15903440856933593,-1.1885091396939462
2025-09-24T12:08:03.547+02:00,-0.8232529296875,1.9799993896484376,1.6403771360695603,1.8600404052734374,1.7150885009765624,0.45007522290880003,4.69105810546875,5.17614697265625,-0.7297722516557725,4.71571484375,5.14676904296875,2.7303236159260553,-0.8884784545898438,3.8627421875,0.6993403764584643,0.7496348266601562,-2.700970703125,-2.4966251050010952,-2.85165087890625,0.5567731323242188,0.7071555558353563,2.0262838134765624,2.206111572265625,0.8525450431728614,1.068291748046875,-2.11621826171875,2.7235416098940597,-2.756407958984375,-0.1590033721923828,-1.1883990179828714
2025-09-24T12:08:03.566+02:00,-0.8240521850585938,1.9861710205078125,1.6406826006465924,1.8590047607421876,1.71588818359375,0.4151791906447329,4.6992216796875,5.17938623046875,-0.7384236636149494,4.72388623046875,5.15015869140625,2.7300013734341557,-0.88844873046875,3.862714111328125,0.7002333343719679,0.749645263671875,-2.701008544921875,-2.496641882915963,-2.851692626953125,0.55679150390625,0.7057846270852107,2.02629443359375,2.20611181640625,0.8525107549738267,1.0683359375,-2.116216552734375,2.7235075214321065,-2.7563125,-0.15891949462890625,-1.1884805107122278
2025-09-24T12:08:03.586+02:00,-0.82503369140625,1.9924320068359376,1.6403837939722856,1.8590478515625,1.71662646484375,0.3772984871679867,4.7065361328125,5.18239404296875,-0.7400814813935237,4.73130517578125,5.15330126953125,2.731107650550975,-0.8884683227539063,3.86273388671875,0.7014101186786467,0.7496517333984375,-2.7010419921875,-2.494863956572226,-2.851680908203125,0.556758056640625,0.7047665006004735,2.026283447265625,2.2061142578125,0.8525029652276381,1.06832373046875,-2.11621826171875,2.7235274951402824,-2.75632763671875,-0.1588695831298828,-1.1882946220681403
2025-09-24T12:08:03.607+02:00,-0.8253316650390625,1.99785498046875,1.640331329698811,1.8582425537109375,1.717413330078125,0.3383549826792171,4.71340966796875,5.1858955078125,-0.740728629538413,4.73834765625,5.156724609375,2.731781163990656,-0.8884644775390625,3.862685546875,0.7011266917596349,0.7495197143554687,-2.70123046875,-2.501489102416016,-2.851748046875,0.55680810546875,0.7040142241715533,2.0262965087890623,2.206109619140625,0.8525089573400908,1.068305908203125,-2.1162197265625,2.723486216143386,-2.7563134765625,-0.1589046936035156,-1.1884437590891848
2025-09-24T12:08:03.626+02:00,-0.8261005249023438,2.0033922119140626,1.6405748757804988,1.857242919921875,1.718514892578125,0.2988476869876778,4.720876953125,5.18941162109375,-0.7431410540118613,4.7457236328125,5.16025146484375,2.734128474175452,-0.8884474487304688,3.862683837890625,0.7002249454145341,0.74944482421875,-2.70138330078125,-2.508354465390131,-2.85171826171875,0.5567791137695313,0.7041804054235743,2.0262957763671876,2.2061015625,0.8525760689995608,1.0683028564453125,-2.116201171875,2.7234670413835373,-2.75631982421875,-0.15892916870117188,-1.1884742522836662
2025-09-24T12:08:03.646+02:00,-0.8266949462890625,2.0099295654296876,1.640251834340272,1.85743505859375,1.7193995361328125,0.25861914069391767,4.72833740234375,5.19200732421875,-0.7432539054630534,4.7532666015625,5.1629013671875,2.73797567668618,-0.8884623413085937,3.862702880859375,0.7011739628689838,0.7495680541992188,-2.701224365234375,-2.5037051187590706,-2.851730712890625,0.5567818603515625,0.7043838709308563,2.0262926025390624,2.206109375,0.852598040078554,1.0682493896484375,-2.11630224609375,2.724019114677511,-2.756354736328125,-0.15890817260742188,-1.1883351021167095
2025-09-24T12:08:03.666+02:00,-0.8275956420898437,2.016510498046875,1.639808684334883,1.857722412109375,1.720677001953125,0.21950153204888417,4.73531298828125,5.1958095703125,-0.7514157618348465,4.7603896484375,5.16688330078125,2.742878822569125,-0.8884724731445313,3.862693603515625,0.6999801343313286,0.749424072265625,-2.70137939453125,-2.5071081059999742,-2.8517705078125,0.5567819213867188,0.7037983083861752,2.0262884521484374,2.2061162109375,0.8525664150406093,1.068322021484375,-2.11621142578125,2.723488879304476,-2.7563427734375,-0.15894218444824218,-1.1884215216940825
2025-09-24T12:08:03.687+02:00,-0.8285374145507812,2.022443115234375,1.6404551666894998,1.8578187255859375,1.72123828125,0.18188832645887962,4.74281103515625,5.199287109375,-0.7455453558439847,4.76775927734375,5.1703564453125,2.7432956072797223,-0.8884756469726562,3.862717041015625,0.7005467884322701,0.7495639038085937,-2.701190185546875,-2.500250732509129,-2.85166015625,0.5567955322265625,0.7061002782534124,2.0262890625,2.20611328125,0.852615483783694,1.0682998046875,-2.1162294921875,2.723650533182644,-2.756324951171875,-0.1589263916015625,-1.1885102049583822
2025-09-24T12:08:03.706+02:00,-0.8290846557617187,2.028117431640625,1.6406803369596659,1.857675537109375,1.721892578125,0.14829963997393236,4.7501533203125,5.20239892578125,-0.7505981048011648,4.77517919921875,5.1735634765625,2.7462109697250323,-0.8884641723632812,3.862682861328125,0.7004746833457562,0.7495463256835937,-2.701186279296875,-2.4998238277863893,-2.851684326171875,0.5567933349609375,0.7054022637317027,2.0262860107421874,2.20611279296875,0.8525732726804163,1.0683095703125,-2.1162353515625,2.7236063247085487,-2.756436279296875,-0.15891416931152344,-1.1881705187613427
2025-09-24T12:08:03.726+02:00,-0.8298614501953125,2.034022216796875,1.6413270856303916,1.8584771728515626,1.7231435546875,0.11758190772311777,4.7575478515625,5.2057197265625,-0.7501924387881186,4.78261376953125,5.17671630859375,2.7456879248869406,-0.8884518432617188,3.86270068359375,0.6999130892508858,0.7494077758789063,-2.701472900390625,-2.5107110966387425,-2.851768798828125,0.556777099609375,0.70364264662046,2.0262923583984374,2.20611376953125,0.8525005018036298,1.0683497314453125,-2.116218505859375,2.723591677322553,-2.756349609375,-0.15892756652832032,-1.1884068743080871
2025-09-24T12:08:03.746+02:00,-0.8300687866210937,2.040195068359375,1.6413951293962432,1.85995263671875,1.7240726318359374,0.08729215378185734,4.765259765625,5.209140625,-0.7500727962761468,4.7905849609375,5.1803681640625,2.750607316052535,-0.8884634399414062,3.86274755859375,0.7002982489235385,0.7495281372070313,-2.70132763671875,-2.5067198171130407,-2.8518037109375,0.5567950439453125,0.7032068868870959,2.0262889404296875,2.20611474609375,0.8525837921667221,1.068311767578125,-2.11623095703125,2.723572768878814,-2.75636083984375,-0.15895545959472657,-1.188414198001085
2025-09-24T12:08:03.766+02:00,-0.83098779296875,2.045888427734375,1.6421490703008446,1.862326904296875,1.7252568359375,0.05841681717910559,4.77223583984375,5.212556640625,-0.7510614948308386,4.79739990234375,5.18377392578125,2.744529183496647,-0.888438720703125,3.86273193359375,0.7008900698967814,0.749447021484375,-2.7013310546875,-2.5085289024415314,-2.851755615234375,0.5567805786132812,0.70400170731443,2.0262886962890625,2.20611181640625,0.8525758026834518,1.0683271484375,-2.1161875,2.7235474688484578,-2.75635693359375,-0.15898959350585937,-1.18845574331409
2025-09-24T12:08:03.786+02:00,-0.8318349609375,2.0513056640625,1.641974233775281,1.8647965087890626,1.725961669921875,0.030361767481611866,4.778751953125,5.2160361328125,-0.7466881182677378,4.80400634765625,5.18704345703125,2.743883100616194,-0.8884971313476563,3.862725341796875,0.6995253995751975,0.7494154052734375,-2.7012587890625,-2.508170973591025,-2.851723876953125,0.5567801513671875,0.704606511197987,2.0262861328125,2.20611279296875,0.852581129005632,1.068326171875,-2.1161962890625,2.723519239340903,-2.756365966796875,-0.15900575256347657,-1.1885303118246124
2025-09-24T12:08:03.807+02:00,-0.8327083129882813,2.05757470703125,1.6419549258573778,1.8662032470703125,1.726588623046875,0.0033251675412416686,4.7858232421875,5.2184609375,-0.7497330435000799,4.81109033203125,5.18952685546875,2.7413499017873106,-0.888488037109375,3.8627236328125,0.7003648945298178,0.7494324340820312,-2.70131787109375,-2.509278049656171,-2.851706787109375,0.5567850341796875,0.7045503850780136,2.02629248046875,2.206120849609375,0.8525732726804163,1.0683155517578125,-2.11623779296875,2.723681692167398,-2.756397216796875,-0.15898919677734374,-1.1884129995785944
2025-09-24T12:08:03.826+02:00,-0.8336869506835938,2.06391796875,1.642299006270216,1.8685716552734375,1.7272684326171874,-0.02340364743896698,4.793396484375,5.2212744140625,-0.7501772587699052,4.8185791015625,5.192486328125,2.7425874727458703,-0.8884439697265625,3.86273779296875,0.699701501102279,0.749422607421875,-2.70137744140625,-2.5097963008043003,-2.85168017578125,0.5567789306640625,0.7052444714371154,2.02629931640625,2.20611279296875,0.8524953752185315,1.0683209228515624,-2.116248291015625,2.7236569247692604,-2.75640576171875,-0.15899977111816407,-1.1883406947549988
2025-09-24T12:08:03.846+02:00,-0.8340139770507813,2.0696572265625,1.6405964473853283,1.87071240234375,1.72785400390625,-0.0482084546676411,4.80103076171875,5.22507177734375,-0.7497047474134978,4.8260546875,5.19609423828125,2.7415523020301564,-0.888467041015625,3.862676025390625,0.7010834819709484,0.7494229125976563,-2.701370849609375,-2.5100820579892655,-2.851669189453125,0.5567798461914063,0.7050575841076191,2.026291015625,2.20612060546875,0.8524547620119077,1.06825732421875,-2.116307373046875,2.7239994072854445,-2.756443115234375,-0.15899072265625,-1.1882538757034622
2025-09-24T12:08:03.866+02:00,-0.8350557250976562,2.074868408203125,1.640080326766071,1.8727265625,1.7281610107421874,-0.07228804568078381,4.80826904296875,5.22793603515625,-0.7446472713453828,4.83323291015625,5.198890625,2.7405714598006803,-0.8884229125976563,3.862674560546875,0.6998892539591296,0.7495408325195313,-2.70123583984375,-2.5019897767009507,-2.85169287109375,0.5567633056640625,0.7047988580077179,2.026282470703125,2.2061181640625,0.8524746691410561,1.0682750244140624,-2.116216064453125,2.723516309863704,-2.75641015625,-0.15899423217773437,-1.1882927578553772
2025-09-24T12:08:03.886+02:00,-0.8356396484375,2.08052783203125,1.6392665978949974,1.8756153564453124,1.728611572265625,-0.0957367712823896,4.814888671875,5.230595703125,-0.7510076323977918,4.8399521484375,5.2021826171875,2.746206708667288,-0.8884627075195313,3.862778076171875,0.7025098710507949,0.7495944213867187,-2.701228759765625,-2.4979747950415474,-2.851671142578125,0.5567858276367188,0.7058221776565808,2.02629345703125,2.20611083984375,0.8525540979205677,1.0682681884765626,-2.1162548828125,2.7235871499487,-2.75641259765625,-0.15898233032226564,-1.1883421594935983
2025-09-24T12:08:03.906+02:00,-0.83625927734375,2.086624267578125,1.638869121102303,1.877997314453125,1.72918017578125,-0.11948144898250883,4.82242578125,5.23383544921875,-0.7420548837612725,4.84746142578125,5.205326171875,2.747421376440473,-0.8884454345703126,3.862714599609375,0.7013834870677458,0.7496477661132812,-2.701195068359375,-2.4966442797609436,-2.85179150390625,0.556808837890625,0.70338898052663,2.026290771484375,2.206118408203125,0.8525622871409196,1.0682938232421875,-2.11622119140625,2.7235288267208273,-2.7564208984375,-0.15897149658203125,-1.1883115331410623
2025-09-24T12:08:03.926+02:00,-0.8370663452148438,2.093011962890625,1.638734365151145,1.8806097412109375,1.72946142578125,-0.1430501832807363,4.82979931640625,5.23700830078125,-0.743700850472996,4.85494091796875,5.20839501953125,2.748444030299064,-0.88849462890625,3.862722900390625,0.7007668321173379,0.7497974243164063,-2.7009892578125,-2.4920324837012537,-2.851732177734375,0.556776611328125,0.7042002459736953,2.0262891845703126,2.206114501953125,0.8526325280146705,1.068289306640625,-2.116208740234375,2.7235575888606003,-2.756379150390625,-0.159004638671875,-1.1884335059189879
