time,type,id,x,y,yaw
1758790025.5826914,herder,1,3.5236904296875,2.711238525390625,-0.9340661351948955
1758790025.5826914,herder,2,0.43754376220703123,2.720755615234375,-0.5612235160047748
1758790025.5826914,target,1,2.0442611083984374,2.544479248046875,-0.6855796899479704
1758790025.5826914,target,2,2.235981201171875,1.89917529296875,1.8143683743032712
1758790025.5826914,target,3,0.9990878295898438,1.8747886962890625,-1.5463905859331923
1758790025.5826914,target,4,1.3518194580078124,2.41447802734375,-1.5016241795895056
1758790025.5826914,target,5,1.7884053955078125,1.4805120849609374,0.3838253623675529
1758790025.6026497,herder,1,3.52371728515625,2.711233642578125,-0.9340743909942747
1758790025.6026497,herder,2,0.43754489135742186,2.720750732421875,-0.5611788414774888
1758790025.6026497,target,1,2.0442403564453127,2.544458251953125,-0.6828633322151167
1758790025.6026497,target,2,2.235974853515625,1.899176513671875,1.81417675986284
1758790025.6026497,target,3,0.9990830688476563,1.874799560546875,-1.5456664724328
1758790025.6026497,target,4,1.3518218994140625,2.414460693359375,-1.5017116644313147
1758790025.6026497,target,5,1.7883856201171875,1.480519287109375,0.38382529578852564
1758790025.6226978,herder,1,3.5237060546875,2.711205322265625,-0.9339762535081052
1758790025.6226978,herder,2,0.43756503295898436,2.720757568359375,-0.5613217866489988
1758790025.6226978,target,1,2.044205322265625,2.54442822265625,-0.6836895779433139
1758790025.6226978,target,2,2.23599169921875,1.899161865234375,1.8143165758200692
1758790025.6226978,target,3,0.99909521484375,1.87483154296875,-1.546327602173412
1758790025.6226978,target,4,1.3518616943359374,2.414492919921875,-1.5020247190174534
1758790025.6226978,target,5,1.7883985595703125,1.4805257568359376,0.38352792056330465
1758790025.6426542,herder,1,3.52368408203125,2.711205078125,-0.9340827133726812
1758790025.6426542,herder,2,0.43755355834960935,2.720739990234375,-0.5612018112418907
1758790025.6426542,target,1,2.044187744140625,2.54440625,-0.6837389795815348
1758790025.6426542,target,2,2.235972412109375,1.899174072265625,1.8143537269172758
1758790025.6426542,target,3,0.9990699462890625,1.874823486328125,-1.5470952583576274
1758790025.6426542,target,4,1.3518502197265625,2.4145146484375,-1.5019674610540168
1758790025.6426542,target,5,1.7883936767578126,1.4805081787109375,0.3840103189052589
1758790025.6626835,herder,1,3.523681884765625,2.711228515625,-0.9339990901144527
1758790025.6626835,herder,2,0.437547607421875,2.7207265625,-0.5612076036172616
1758790025.6626835,target,1,2.044214599609375,2.54441455078125,-0.6862067312266296
1758790025.6626835,target,2,2.23596630859375,1.8991927490234375,1.8143052573854364
1758790025.6626835,target,3,0.9990213012695313,1.8748114013671875,-1.5473762218526308
1758790025.6626835,target,4,1.3518355712890624,2.41447509765625,-1.5014852957386577
1758790025.6626835,target,5,1.7884033203125,1.4805064697265624,0.3835776883861755
1758790025.6825767,herder,1,3.523684814453125,2.71126220703125,-0.9341483602935516
1758790025.6825767,herder,2,0.43754473876953126,2.720743408203125,-0.5611680556750739
1758790025.6825767,target,1,2.0442354736328125,2.544472412109375,-0.6825998124252535
1758790025.6825767,target,2,2.235992919921875,1.8991962890625,1.8143790269476314
1758790025.6825767,target,3,0.9990767211914062,1.8748214111328125,-1.5462904510762054
1758790025.6825767,target,4,1.351819580078125,2.414472900390625,-1.501656270680641
1758790025.6825767,target,5,1.7884638671875,1.4804766845703126,0.38397952610515484
1758790025.7026844,herder,1,3.5236845703125,2.711255126953125,-0.9342606125334985
1758790025.7026844,herder,2,0.43753829956054685,2.720739501953125,-0.5612426241855961
1758790025.7026844,target,1,2.04425390625,2.544458251953125,-0.6836182052260997
1758790025.7026844,target,2,2.235991943359375,1.899179931640625,1.8141791567078212
1758790025.7026844,target,3,0.9990987548828125,1.8748006591796875,-1.546564090878211
1758790025.7026844,target,4,1.3517969970703125,2.414463134765625,-1.5010822263076744
1758790025.7026844,target,5,1.7884747314453124,1.4804947509765625,0.38425439761916463
1758790025.7226834,herder,1,3.523708251953125,2.71124951171875,-0.934143699761644
1758790025.7226834,herder,2,0.43753302001953126,2.720760986328125,-0.5612548747266105
1758790025.7226834,target,1,2.044229736328125,2.54444189453125,-0.6846355993415373
1758790025.7226834,target,2,2.235996337890625,1.899171142578125,1.8144318906952697
1758790025.7226834,target,3,0.9990943603515625,1.8748243408203125,-1.5471671637070596
1758790025.7226834,target,4,1.3518436279296875,2.414506591796875,-1.50160420588133
1758790025.7226834,target,5,1.7884974365234374,1.480510986328125,0.38423182732892625
1758790025.7426705,herder,1,3.523720458984375,2.711235107421875,-0.9340993581294942
1758790025.7426705,herder,2,0.437546630859375,2.72074462890625,-0.5611884954364403
1758790025.7426705,target,1,2.0442503662109375,2.54443505859375,-0.6862975450198012
1758790025.7426705,target,2,2.23598388671875,1.8991893310546875,1.8144245670022718
1758790025.7426705,target,3,0.999093994140625,1.87483447265625,-1.5476396084844397
1758790025.7426705,target,4,1.3518302001953124,2.41447900390625,-1.5015264415774996
1758790025.7426705,target,5,1.78848681640625,1.4804998779296874,0.3834268203104225
1758790025.7627137,herder,1,3.523701416015625,2.711231689453125,-0.9341005565519847
1758790025.7627137,herder,2,0.4375635986328125,2.720745361328125,-0.5612279767996007
1758790025.7627137,target,1,2.0442730712890627,2.544508056640625,-0.6839275979657397
1758790025.7627137,target,2,2.235988037109375,1.8991766357421875,1.8143639800874725
1758790025.7627137,target,3,0.999087158203125,1.8748306884765624,-1.5474908709375588
1758790025.7627137,target,4,1.3518280029296874,2.41448681640625,-1.5020556116860984
1758790025.7627137,target,5,1.7885367431640624,1.4805140380859374,0.38349786013250037
1758790025.7826247,herder,1,3.523688232421875,2.711237548828125,-0.9340336446295965
1758790025.7826247,herder,2,0.4375525207519531,2.720715087890625,-0.5611629956690027
1758790025.7826247,target,1,2.0442977294921874,2.544509033203125,-0.6845959182412951
1758790025.7826247,target,2,2.236000244140625,1.8991712646484376,1.8141546556257924
1758790025.7826247,target,3,0.9991107788085938,1.874788330078125,-1.5465366603189832
1758790025.7826247,target,4,1.351818359375,2.4144912109375,-1.5013630566446232
1758790025.7826247,target,5,1.7885184326171875,1.4804990234375,0.3836076489484389
1758790025.8027487,herder,1,3.523681396484375,2.711245361328125,-0.9340410349016214
1758790025.8027487,herder,2,0.4375386962890625,2.72075390625,-0.5611817709546878
1758790025.8027487,target,1,2.0443350830078124,2.544509521484375,-0.6839465729885065
1758790025.8027487,target,2,2.235999267578125,1.89917236328125,1.8143999327621887
1758790025.8027487,target,3,0.9990673217773437,1.87480517578125,-1.5465065665986655
1758790025.8027487,target,4,1.3517999267578125,2.414453125,-1.501004994636062
1758790025.8027487,target,5,1.7884276123046876,1.4804864501953126,0.3832020828039335
1758790025.822674,herder,1,3.523688720703125,2.711251953125,-0.9340609420307697
1758790025.822674,herder,2,0.43754006958007813,2.720746337890625,-0.5612373644424432
1758790025.822674,target,1,2.0442135009765625,2.54446923828125,-0.68288190776372
1758790025.822674,target,2,2.23597900390625,1.8991773681640625,1.814092737130448
1758790025.822674,target,3,0.9991124267578125,1.874805419921875,-1.5452287819076453
1758790025.822674,target,4,1.35182421875,2.414482666015625,-1.5016056706199294
1758790025.822674,target,5,1.788452392578125,1.4805069580078125,0.38273126921272105
1758790025.8425813,herder,1,3.523699462890625,2.7112490234375,-0.9341151373589529
1758790025.8425813,herder,2,0.4375392761230469,2.7207421875,-0.5612323710153994
1758790025.8425813,target,1,2.0442159423828126,2.544435546875,-0.6839489698334876
1758790025.8425813,target,2,2.23598828125,1.89918408203125,1.8141800888142026
1758790025.8425813,target,3,0.9991168823242188,1.8748170166015625,-1.546104296116009
1758790025.8425813,target,4,1.35179296875,2.41446435546875,-1.501272642325615
1758790025.8425813,target,5,1.7884237060546875,1.4804898681640626,0.3826147559150301
1758790025.862682,herder,1,3.5237041015625,2.7112470703125,-0.9340709288848575
1758790025.862682,herder,2,0.43755169677734373,2.7207607421875,-0.5612272444303009
1758790025.862682,target,1,2.0442423095703126,2.54450341796875,-0.6841812640595697
1758790025.862682,target,2,2.235995849609375,1.899179443359375,1.814004187024203
1758790025.862682,target,3,0.9991099243164062,1.8747957763671874,-1.5448424903915294
1758790025.862682,target,4,1.3517979736328125,2.4144765625,-1.5008932750283333
1758790025.862682,target,5,1.7884111328125,1.480536865234375,0.38336307089182875
1758790025.882557,herder,1,3.52369384765625,2.71122900390625,-0.934036973580959
1758790025.882557,herder,2,0.43755157470703127,2.720759521484375,-0.5611114635019098
1758790025.882557,target,1,2.0442254638671873,2.544446044921875,-0.6843531711079344
1758790025.882557,target,2,2.23599853515625,1.8991629638671874,1.814310716865671
1758790025.882557,target,3,0.999095703125,1.874838623046875,-1.5452543482541101
1758790025.882557,target,4,1.3517974853515624,2.414472900390625,-1.501256263884911
1758790025.882557,target,5,1.7884134521484376,1.480517333984375,0.38341530213870795
1758790025.9026837,herder,1,3.523693603515625,2.711230224609375,-0.9341953650867916
1758790025.9026837,herder,2,0.4375561218261719,2.720734130859375,-0.561280907126266
1758790025.9026837,target,1,2.044213134765625,2.54446435546875,-0.683113336462448
1758790025.9026837,target,2,2.235985107421875,1.8991666259765625,1.8139712969847404
1758790025.9026837,target,3,0.9990968017578125,1.8748233642578125,-1.5461206745567129
1758790025.9026837,target,4,1.351793701171875,2.41446630859375,-1.501475042568461
1758790025.9026837,target,5,1.788405517578125,1.480521484375,0.3829655608096208
1758790025.9226844,herder,1,3.523688232421875,2.711222900390625,-0.9340769209973102
1758790025.9226844,herder,2,0.43753909301757815,2.72073095703125,-0.5611020758590672
1758790025.9226844,target,1,2.044303955078125,2.54453466796875,-0.6842308654348724
1758790025.9226844,target,2,2.236001708984375,1.8991824951171874,1.8144952739292135
1758790025.9226844,target,3,0.9991103515625,1.874837890625,-1.5467541074219882
1758790025.9226844,target,4,1.3517840576171876,2.414469482421875,-1.5016797064982337
1758790025.9226844,target,5,1.7884384765625,1.480484619140625,0.38305714026160587
1758790025.9427123,herder,1,3.52367724609375,2.711234130859375,-0.9339907677360462
1758790025.9427123,herder,2,0.4375315246582031,2.72075048828125,-0.5611722501537908
1758790025.9427123,target,1,2.044217529296875,2.5444423828125,-0.6828308416498178
1758790025.9427123,target,2,2.235994873046875,1.8991773681640625,1.8145209734337326
1758790025.9427123,target,3,0.9990862426757813,1.8748692626953125,-1.5468722186163333
1758790025.9427123,target,4,1.35178466796875,2.41451123046875,-1.5019325736437366
1758790025.9427123,target,5,1.7883948974609376,1.4805418701171875,0.3824468436083006
1758790025.9625986,herder,1,3.523692138671875,2.71125390625,-0.9341820492813411
1758790025.9625986,herder,2,0.4375367736816406,2.720751708984375,-0.5610714495065313
1758790025.9625986,target,1,2.0442269287109376,2.544447021484375,-0.6843267392341154
1758790025.9625986,target,2,2.2359765625,1.8991715087890626,1.8140870113341043
1758790025.9625986,target,3,0.9990866088867187,1.8748515625,-1.5470441256646978
1758790025.9625986,target,4,1.3517760009765625,2.414447021484375,-1.5011924811768036
1758790025.9625986,target,5,1.788426025390625,1.4805035400390625,0.3828718508287636
1758790025.9826143,herder,1,3.523699951171875,2.71126025390625,-0.9339450279443241
1758790025.9826143,herder,2,0.43754339599609376,2.72075439453125,-0.5611617972465123
1758790025.9826143,target,1,2.0442703857421876,2.5444990234375,-0.6855079177565927
1758790025.9826143,target,2,2.23599072265625,1.8991790771484376,1.81419686672907
1758790025.9826143,target,3,0.999083984375,1.8748428955078125,-1.547580219992131
1758790025.9826143,target,4,1.3517802734375,2.4144365234375,-1.5007808896303318
1758790025.9826143,target,5,1.788422119140625,1.4805064697265624,0.3830032112495318
1758790026.272022,herder,1,3.5237060546875,2.7112509765625,-0.9341648053132828
1758790026.272022,herder,2,0.4375495910644531,2.720764404296875,-0.5613425593055014
1758790026.272022,target,1,2.0441923828125,2.544429931640625,-0.6842210117388392
1758790026.272022,target,2,2.235995361328125,1.89917724609375,1.8144382822818859
1758790026.272022,target,3,0.999112060546875,1.8748480224609374,-1.5469013802302696
1758790026.272022,target,4,1.3517794189453125,2.414441650390625,-1.5011541316571064
1758790026.272022,target,5,1.788414306640625,1.4804925537109375,0.3839262961728669
1758790026.2958574,herder,1,3.523701416015625,2.71119873046875,-0.9339721256084156
1758790026.2958574,herder,2,0.43755584716796875,2.7207275390625,-0.5613130647964287
1758790026.2958574,target,1,2.0442464599609376,2.544412109375,-0.68543215082358
1758790026.2958574,target,2,2.235992431640625,1.899167236328125,1.8141216324282754
1758790026.2958574,target,3,0.9991082763671875,1.8748270263671876,-1.546791258519195
1758790026.2958574,target,4,1.351797607421875,2.41446484375,-1.5013464118878102
1758790026.2958574,target,5,1.7884390869140625,1.480509521484375,0.3826972806193089
1758790026.3026452,herder,1,3.523701416015625,2.71119873046875,-0.9339721256084156
1758790026.3026452,herder,2,0.43755584716796875,2.7207275390625,-0.5613130647964287
1758790026.3026452,target,1,2.0442464599609376,2.544412109375,-0.68543215082358
1758790026.3026452,target,2,2.235992431640625,1.899167236328125,1.8141216324282754
1758790026.3026452,target,3,0.9991082763671875,1.8748270263671876,-1.546791258519195
1758790026.3026452,target,4,1.351797607421875,2.41446484375,-1.5013464118878102
1758790026.3026452,target,5,1.7884390869140625,1.480509521484375,0.3826972806193089
1758790026.3225865,herder,1,3.52369189453125,2.711222412109375,-0.9339739232421514
1758790026.3225865,herder,2,0.43755551147460936,2.7207294921875,-0.5612481502448581
1758790026.3225865,target,1,2.0441861572265627,2.544355224609375,-0.6857256977547339
1758790026.3225865,target,2,2.236009521484375,1.89915966796875,1.8142470673156181
1758790026.3225865,target,3,0.9991365966796875,1.87480078125,-1.5454354432082356
1758790026.3225865,target,4,1.3518052978515624,2.414471435546875,-1.5018219193004438
1758790026.3225865,target,5,1.788436767578125,1.4804949951171875,0.38299711926853824
1758790026.3425958,herder,1,3.523672119140625,2.711249755859375,-0.9339327108242824
1758790026.3425958,herder,2,0.4375408630371094,2.720727783203125,-0.5613070726839761
1758790026.3425958,target,1,2.0442301025390623,2.544458984375,-0.6824410880242847
1758790026.3425958,target,2,2.235986083984375,1.89915576171875,1.8141593161576999
1758790026.3425958,target,3,0.9991276245117188,1.8747879638671876,-1.5450226532392732
1758790026.3425958,target,4,1.3518104248046876,2.41445458984375,-1.5019675942120712
1758790026.3425958,target,5,1.7884478759765625,1.48050341796875,0.3835149043634769
1758790026.3626122,herder,1,3.52368408203125,2.711262939453125,-0.9340723936234571
1758790026.3626122,herder,2,0.43754541015625,2.720741943359375,-0.5612942229317164
1758790026.3626122,target,1,2.0442686767578127,2.544511962890625,-0.6854330829299615
1758790026.3626122,target,2,2.235999267578125,1.8991612548828125,1.814130021385709
1758790026.3626122,target,3,0.999116943359375,1.8747923583984376,-1.5436744279374206
1758790026.3626122,target,4,1.351815185546875,2.414474853515625,-1.5019256494249025
1758790026.3626122,target,5,1.7884608154296875,1.4805042724609374,0.38243316161820035
1758790026.3826947,herder,1,3.52368408203125,2.711262939453125,-0.9340723936234571
1758790026.3826947,herder,2,0.43754541015625,2.720741943359375,-0.5612942229317164
1758790026.3826947,target,1,2.0442686767578127,2.544511962890625,-0.6854330829299615
1758790026.3826947,target,2,2.235999267578125,1.8991612548828125,1.814130021385709
1758790026.3826947,target,3,0.999116943359375,1.8747923583984376,-1.5436744279374206
1758790026.3826947,target,4,1.351815185546875,2.414474853515625,-1.5019256494249025
1758790026.3826947,target,5,1.7884608154296875,1.4805042724609374,0.38243316161820035
1758790026.402656,herder,1,3.523686767578125,2.711252685546875,-0.9342644075380518
1758790026.402656,herder,2,0.4375467224121094,2.720766845703125,-0.5613091366338209
1758790026.402656,target,1,2.0442471923828127,2.544470458984375,-0.6846134285254624
1758790026.402656,target,2,2.23598681640625,1.8991693115234376,1.8142461352092365
1758790026.402656,target,3,0.9991532592773438,1.874799072265625,-1.545297358305715
1758790026.402656,target,4,1.35179150390625,2.414480712890625,-1.5014820999453498
1758790026.402656,target,5,1.7884869384765625,1.480489990234375,0.38244268241909735
1758790026.4225724,herder,1,3.523686767578125,2.711252685546875,-0.9342644075380518
1758790026.4225724,herder,2,0.4375467224121094,2.720766845703125,-0.5613091366338209
1758790026.4225724,target,1,2.0442471923828127,2.544470458984375,-0.6846134285254624
1758790026.4225724,target,2,2.23598681640625,1.8991693115234376,1.8142461352092365
1758790026.4225724,target,3,0.9991532592773438,1.874799072265625,-1.545297358305715
1758790026.4225724,target,4,1.35179150390625,2.414480712890625,-1.5014820999453498
1758790026.4225724,target,5,1.7884869384765625,1.480489990234375,0.38244268241909735
1758790026.4425764,herder,1,3.52369384765625,2.711254638671875,-0.9340124724989304
1758790026.4425764,herder,2,0.4375421447753906,2.720756591796875,-0.5612767792265764
1758790026.4425764,target,1,2.044216552734375,2.54442578125,-0.684703177054198
1758790026.4425764,target,2,2.2359814453125,1.899151611328125,1.8141404077139605
1758790026.4425764,target,3,0.9991049194335937,1.8748216552734376,-1.5456662061166908
1758790026.4425764,target,4,1.35180126953125,2.414458740234375,-1.5012793002283402
1758790026.4425764,target,5,1.7884749755859375,1.480496826171875,0.38299049465532664
1758790026.4628332,herder,1,3.523703857421875,2.71122900390625,-0.9341124076188355
1758790026.4628332,herder,2,0.4375491638183594,2.720748046875,-0.5613052750502403
1758790026.4628332,target,1,2.04418798828125,2.54436767578125,-0.6842332622798536
1758790026.4628332,target,2,2.235974853515625,1.899192626953125,1.8144558591450803
1758790026.4628332,target,3,0.999097900390625,1.8747874755859375,-1.5452580766796362
1758790026.4628332,target,4,1.351798583984375,2.414458251953125,-1.501638028027174
1758790026.4628332,target,5,1.7884478759765625,1.4805130615234374,0.3824226088423809
1758790026.4826386,herder,1,3.523703857421875,2.71122900390625,-0.9341124076188355
1758790026.4826386,herder,2,0.4375491638183594,2.720748046875,-0.5613052750502403
1758790026.4826386,target,1,2.04418798828125,2.54436767578125,-0.6842332622798536
1758790026.4826386,target,2,2.235974853515625,1.899192626953125,1.8144558591450803
1758790026.4826386,target,3,0.999097900390625,1.8747874755859375,-1.5452580766796362
1758790026.4826386,target,4,1.351798583984375,2.414458251953125,-1.501638028027174
1758790026.4826386,target,5,1.7884478759765625,1.4805130615234374,0.3824226088423809
1758790026.5025835,herder,1,3.523703857421875,2.71122900390625,-0.9341124076188355
1758790026.5025835,herder,2,0.4375491638183594,2.720748046875,-0.5613052750502403
1758790026.5025835,target,1,2.04418798828125,2.54436767578125,-0.6842332622798536
1758790026.5025835,target,2,2.235974853515625,1.899192626953125,1.8144558591450803
1758790026.5025835,target,3,0.999097900390625,1.8747874755859375,-1.5452580766796362
1758790026.5025835,target,4,1.351798583984375,2.414458251953125,-1.501638028027174
1758790026.5025835,target,5,1.7884478759765625,1.4805130615234374,0.3824226088423809
1758790026.522558,herder,1,3.523703857421875,2.71122900390625,-0.9341124076188355
1758790026.522558,herder,2,0.4375491638183594,2.720748046875,-0.5613052750502403
1758790026.522558,target,1,2.04418798828125,2.54436767578125,-0.6842332622798536
1758790026.522558,target,2,2.235974853515625,1.899192626953125,1.8144558591450803
1758790026.522558,target,3,0.999097900390625,1.8747874755859375,-1.5452580766796362
1758790026.522558,target,4,1.351798583984375,2.414458251953125,-1.501638028027174
1758790026.522558,target,5,1.7884478759765625,1.4805130615234374,0.3824226088423809
1758790026.5425663,herder,1,3.523703857421875,2.71122900390625,-0.9341124076188355
1758790026.5425663,herder,2,0.4375491638183594,2.720748046875,-0.5613052750502403
1758790026.5425663,target,1,2.04418798828125,2.54436767578125,-0.6842332622798536
1758790026.5425663,target,2,2.235974853515625,1.899192626953125,1.8144558591450803
1758790026.5425663,target,3,0.999097900390625,1.8747874755859375,-1.5452580766796362
1758790026.5425663,target,4,1.351798583984375,2.414458251953125,-1.501638028027174
1758790026.5425663,target,5,1.7884478759765625,1.4805130615234374,0.3824226088423809
1758790026.562568,herder,1,3.523696533203125,2.71122509765625,-0.93420315483298
1758790026.562568,herder,2,0.43755126953125,2.720744140625,-0.5612574047296461
1758790026.562568,target,1,2.0441904296875,2.5443828125,-0.6860066612497373
1758790026.562568,target,2,2.236005615234375,1.8991768798828126,1.8143890138017194
1758790026.562568,target,3,0.9990784912109375,1.8748311767578125,-1.5476417390133117
1758790026.562568,target,4,1.3517894287109375,2.414457275390625,-1.5014324319910197
1758790026.562568,target,5,1.788433837890625,1.48051123046875,0.383200251880684
1758790026.5826335,herder,1,3.523680419921875,2.71122509765625,-0.9340033511721968
1758790026.5826335,herder,2,0.4375522766113281,2.720734130859375,-0.5611928896522389
1758790026.5826335,target,1,2.0442327880859374,2.54438037109375,-0.6868801780872833
1758790026.5826335,target,2,2.23600537109375,1.899164794921875,1.8145280308106215
1758790026.5826335,target,3,0.9991146850585938,1.8748338623046874,-1.5480654479427434
1758790026.5826335,target,4,1.3518150634765624,2.414482177734375,-1.5019671947379076
1758790026.5826335,target,5,1.7884742431640626,1.48047998046875,0.3834329455809297
1758790026.6026192,herder,1,3.523680419921875,2.71122509765625,-0.9340033511721968
1758790026.6026192,herder,2,0.4375522766113281,2.720734130859375,-0.5611928896522389
1758790026.6026192,target,1,2.0442327880859374,2.54438037109375,-0.6868801780872833
1758790026.6026192,target,2,2.23600537109375,1.899164794921875,1.8145280308106215
1758790026.6026192,target,3,0.9991146850585938,1.8748338623046874,-1.5480654479427434
1758790026.6026192,target,4,1.3518150634765624,2.414482177734375,-1.5019671947379076
1758790026.6026192,target,5,1.7884742431640626,1.48047998046875,0.3834329455809297
1758790026.6225352,herder,1,3.523684814453125,2.7112509765625,-0.9341538197737863
1758790026.6225352,herder,2,0.4375438537597656,2.72075,-0.5610833005733822
1758790026.6225352,target,1,2.0442098388671877,2.544369873046875,-0.6858505334308315
1758790026.6225352,target,2,2.235974365234375,1.89918701171875,1.8139635738175792
1758790026.6225352,target,3,0.99906396484375,1.874793701171875,-1.5461196092922769
1758790026.6225352,target,4,1.3518040771484374,2.414467529296875,-1.501504337340452
1758790026.6225352,target,5,1.7883948974609376,1.4805096435546874,0.3840354191985329
1758790026.6426306,herder,1,3.523684814453125,2.7112509765625,-0.9341538197737863
1758790026.6426306,herder,2,0.4375438537597656,2.72075,-0.5610833005733822
1758790026.6426306,target,1,2.0442098388671877,2.544369873046875,-0.6858505334308315
1758790026.6426306,target,2,2.235974365234375,1.89918701171875,1.8139635738175792
1758790026.6426306,target,3,0.99906396484375,1.874793701171875,-1.5461196092922769
1758790026.6426306,target,4,1.3518040771484374,2.414467529296875,-1.501504337340452
1758790026.6426306,target,5,1.7883948974609376,1.4805096435546874,0.3840354191985329
1758790026.6625872,herder,1,3.523684814453125,2.7112509765625,-0.9341538197737863
1758790026.6625872,herder,2,0.4375438537597656,2.72075,-0.5610833005733822
1758790026.6625872,target,1,2.0442098388671877,2.544369873046875,-0.6858505334308315
1758790026.6625872,target,2,2.235974365234375,1.89918701171875,1.8139635738175792
1758790026.6625872,target,3,0.99906396484375,1.874793701171875,-1.5461196092922769
1758790026.6625872,target,4,1.3518040771484374,2.414467529296875,-1.501504337340452
1758790026.6625872,target,5,1.7883948974609376,1.4805096435546874,0.3840354191985329
1758790026.6827722,herder,1,3.523684814453125,2.7112509765625,-0.9341538197737863
1758790026.6827722,herder,2,0.4375438537597656,2.72075,-0.5610833005733822
1758790026.6827722,target,1,2.0442098388671877,2.544369873046875,-0.6858505334308315
1758790026.6827722,target,2,2.235974365234375,1.89918701171875,1.8139635738175792
1758790026.6827722,target,3,0.99906396484375,1.874793701171875,-1.5461196092922769
1758790026.6827722,target,4,1.3518040771484374,2.414467529296875,-1.501504337340452
1758790026.6827722,target,5,1.7883948974609376,1.4805096435546874,0.3840354191985329
1758790026.7027712,herder,1,3.523684814453125,2.7112509765625,-0.9341538197737863
1758790026.7027712,herder,2,0.4375438537597656,2.72075,-0.5610833005733822
1758790026.7027712,target,1,2.0442098388671877,2.544369873046875,-0.6858505334308315
1758790026.7027712,target,2,2.235974365234375,1.89918701171875,1.8139635738175792
1758790026.7027712,target,3,0.99906396484375,1.874793701171875,-1.5461196092922769
1758790026.7027712,target,4,1.3518040771484374,2.414467529296875,-1.501504337340452
1758790026.7027712,target,5,1.7883948974609376,1.4805096435546874,0.3840354191985329
1758790026.7225652,herder,1,3.5237060546875,2.711239501953125,-0.9342203322220111
1758790026.7225652,herder,2,0.43755145263671874,2.72074560546875,-0.5612892960836998
1758790026.7225652,target,1,2.0442091064453125,2.544382080078125,-0.6866545417639264
1758790026.7225652,target,2,2.235993408203125,1.8991732177734375,1.8141015255620452
1758790026.7225652,target,3,0.9990830078125,1.874841552734375,-1.5483884893829698
1758790026.7225652,target,4,1.3518240966796875,2.414491943359375,-1.5025743954664457
1758790026.7225652,target,5,1.7884896240234376,1.4805166015625,0.38309895189072013
1758790026.7435536,herder,1,3.5237060546875,2.711239501953125,-0.9342203322220111
1758790026.7435536,herder,2,0.43755145263671874,2.72074560546875,-0.5612892960836998
1758790026.7435536,target,1,2.0442091064453125,2.544382080078125,-0.6866545417639264
1758790026.7435536,target,2,2.235993408203125,1.8991732177734375,1.8141015255620452
1758790026.7435536,target,3,0.9990830078125,1.874841552734375,-1.5483884893829698
1758790026.7435536,target,4,1.3518240966796875,2.414491943359375,-1.5025743954664457
1758790026.7435536,target,5,1.7884896240234376,1.4805166015625,0.38309895189072013
1758790026.762552,herder,1,3.52369873046875,2.711234130859375,-0.934171729532117
1758790026.762552,herder,2,0.43756451416015624,2.7207333984375,-0.5612461528740404
1758790026.762552,target,1,2.0441807861328125,2.5443564453125,-0.6858932105872999
1758790026.762552,target,2,2.235975830078125,1.89917236328125,1.813988341215717
1758790026.762552,target,3,0.9991051635742187,1.874822998046875,-1.5468786102029495
1758790026.762552,target,4,1.3518096923828125,2.41446875,-1.502022987962745
1758790026.762552,target,5,1.7885035400390625,1.4804771728515624,0.3830159944227642
1758790026.7830496,herder,1,3.52369873046875,2.711234130859375,-0.934171729532117
1758790026.7830496,herder,2,0.43756451416015624,2.7207333984375,-0.5612461528740404
1758790026.7830496,target,1,2.0441807861328125,2.5443564453125,-0.6858932105872999
1758790026.7830496,target,2,2.235975830078125,1.89917236328125,1.813988341215717
1758790026.7830496,target,3,0.9991051635742187,1.874822998046875,-1.5468786102029495
1758790026.7830496,target,4,1.3518096923828125,2.41446875,-1.502022987962745
1758790026.7830496,target,5,1.7885035400390625,1.4804771728515624,0.3830159944227642
1758790026.802759,herder,1,3.523691650390625,2.711229736328125,-0.9339809806190401
1758790026.802759,herder,2,0.437556884765625,2.72072119140625,-0.5612778444910125
1758790026.802759,target,1,2.0442398681640626,2.54437841796875,-0.6862408196885825
1758790026.802759,target,2,2.235986083984375,1.8991715087890626,1.8140936692368295
1758790026.802759,target,3,0.9990850830078125,1.8748118896484376,-1.5460860534625418
1758790026.802759,target,4,1.35180224609375,2.4144638671875,-1.5017506797412843
1758790026.802759,target,5,1.788427001953125,1.480494873046875,0.3833234896601274
1758790026.8225682,herder,1,3.523684814453125,2.711230224609375,-0.9339761203500507
1758790026.8225682,herder,2,0.4375439147949219,2.72073193359375,-0.5613204550684537
1758790026.8225682,target,1,2.04419140625,2.54436279296875,-0.6859467401252105
1758790026.8225682,target,2,2.235976318359375,1.8991815185546874,1.8138173662737338
1758790026.8225682,target,3,0.9990947265625,1.8748330078125,-1.5480081899793066
1758790026.8225682,target,4,1.351807861328125,2.414488037109375,-1.5014822331034043
1758790026.8225682,target,5,1.788422119140625,1.4805137939453126,0.38354103663167327
1758790026.8426778,herder,1,3.523684814453125,2.711230224609375,-0.9339761203500507
1758790026.8426778,herder,2,0.4375439147949219,2.72073193359375,-0.5613204550684537
1758790026.8426778,target,1,2.04419140625,2.54436279296875,-0.6859467401252105
1758790026.8426778,target,2,2.235976318359375,1.8991815185546874,1.8138173662737338
1758790026.8426778,target,3,0.9990947265625,1.8748330078125,-1.5480081899793066
1758790026.8426778,target,4,1.351807861328125,2.414488037109375,-1.5014822331034043
1758790026.8426778,target,5,1.788422119140625,1.4805137939453126,0.38354103663167327
1758790026.8627102,herder,1,3.523684814453125,2.711230224609375,-0.9339761203500507
1758790026.8627102,herder,2,0.4375439147949219,2.72073193359375,-0.5613204550684537
1758790026.8627102,target,1,2.04419140625,2.54436279296875,-0.6859467401252105
1758790026.8627102,target,2,2.235976318359375,1.8991815185546874,1.8138173662737338
1758790026.8627102,target,3,0.9990947265625,1.8748330078125,-1.5480081899793066
1758790026.8627102,target,4,1.351807861328125,2.414488037109375,-1.5014822331034043
1758790026.8627102,target,5,1.788422119140625,1.4805137939453126,0.38354103663167327
1758790026.8829198,herder,1,3.523677001953125,2.7112470703125,-0.9337689264172426
1758790026.8829198,herder,2,0.4375534362792969,2.720744140625,-0.5611565375033594
1758790026.8829198,target,1,2.044174072265625,2.544336669921875,-0.6853700325911538
1758790026.8829198,target,2,2.236002685546875,1.8991820068359375,1.8141336166531807
1758790026.8829198,target,3,0.999080078125,1.874818115234375,-1.5465993777626545
1758790026.8829198,target,4,1.3518514404296875,2.414515869140625,-1.5020899664641603
1758790026.8829198,target,5,1.78843017578125,1.4804967041015624,0.38273539711241067
1758790026.9028141,herder,1,3.523677001953125,2.7112470703125,-0.9337689264172426
1758790026.9028141,herder,2,0.4375534362792969,2.720744140625,-0.5611565375033594
1758790026.9028141,target,1,2.044174072265625,2.544336669921875,-0.6853700325911538
1758790026.9028141,target,2,2.236002685546875,1.8991820068359375,1.8141336166531807
1758790026.9028141,target,3,0.999080078125,1.874818115234375,-1.5465993777626545
1758790026.9028141,target,4,1.3518514404296875,2.414515869140625,-1.5020899664641603
1758790026.9028141,target,5,1.78843017578125,1.4804967041015624,0.38273539711241067
1758790026.922603,herder,1,3.52367626953125,2.711249267578125,-0.9340950304927228
1758790026.922603,herder,2,0.43752145385742186,2.720752197265625,-0.561198482290528
1758790026.922603,target,1,2.044186279296875,2.544365966796875,-0.686197077267678
1758790026.922603,target,2,2.235980224609375,1.89917578125,1.8140557191912958
1758790026.922603,target,3,0.9990452880859375,1.8748095703125,-1.5464844623616176
1758790026.922603,target,4,1.3518302001953124,2.414509521484375,-1.50184309143111
1758790026.922603,target,5,1.7884144287109376,1.480533935546875,0.38334139941845824
1758790026.9425693,herder,1,3.52367626953125,2.711249267578125,-0.9340950304927228
1758790026.9425693,herder,2,0.43752145385742186,2.720752197265625,-0.561198482290528
1758790026.9425693,target,1,2.044186279296875,2.544365966796875,-0.686197077267678
1758790026.9425693,target,2,2.235980224609375,1.89917578125,1.8140557191912958
1758790026.9425693,target,3,0.9990452880859375,1.8748095703125,-1.5464844623616176
1758790026.9425693,target,4,1.3518302001953124,2.414509521484375,-1.50184309143111
1758790026.9425693,target,5,1.7884144287109376,1.480533935546875,0.38334139941845824
1758790026.962581,herder,1,3.52369970703125,2.7112333984375,-0.934077387050501
1758790026.962581,herder,2,0.4375584716796875,2.720737548828125,-0.5612428905017052
1758790026.962581,target,1,2.0441939697265625,2.5443642578125,-0.6859647164625685
1758790026.962581,target,2,2.235986083984375,1.8991785888671875,1.814323366880849
1758790026.962581,target,3,0.999072021484375,1.8748016357421875,-1.5462598247236696
1758790026.962581,target,4,1.3518206787109375,2.41447705078125,-1.5016212501123063
1758790026.962581,target,5,1.7884378662109375,1.4805009765625,0.38318121027888996
1758790027.0325873,herder,1,3.52369775390625,2.71123486328125,-0.9341692661081088
1758790027.0325873,herder,2,0.4375549621582031,2.720761474609375,-0.5614018812187829
1758790027.0325873,target,1,2.0389866943359376,2.537091552734375,-0.5518334097382372
1758790027.0325873,target,2,2.232922119140625,1.8971719970703125,1.7517657128748876
1758790027.0325873,target,3,0.9869197998046875,1.872659912109375,-1.3277019172280278
1758790027.0325873,target,4,1.3415369873046874,2.411362548828125,-1.3228031655608814
1758790027.0325873,target,5,1.7838983154296875,1.508827392578125,-0.1125919261438795
1758790027.0426018,herder,1,3.52369775390625,2.71123486328125,-0.9341692661081088
1758790027.0426018,herder,2,0.4375549621582031,2.720761474609375,-0.5614018812187829
1758790027.0426018,target,1,2.0389866943359376,2.537091552734375,-0.5518334097382372
1758790027.0426018,target,2,2.232922119140625,1.8971719970703125,1.7517657128748876
1758790027.0426018,target,3,0.9869197998046875,1.872659912109375,-1.3277019172280278
1758790027.0426018,target,4,1.3415369873046874,2.411362548828125,-1.3228031655608814
1758790027.0426018,target,5,1.7838983154296875,1.508827392578125,-0.1125919261438795
1758790027.0626917,herder,1,3.52369775390625,2.71123486328125,-0.9341692661081088
1758790027.0626917,herder,2,0.4375549621582031,2.720761474609375,-0.5614018812187829
1758790027.0626917,target,1,2.0389866943359376,2.537091552734375,-0.5518334097382372
1758790027.0626917,target,2,2.232922119140625,1.8971719970703125,1.7517657128748876
1758790027.0626917,target,3,0.9869197998046875,1.872659912109375,-1.3277019172280278
1758790027.0626917,target,4,1.3415369873046874,2.411362548828125,-1.3228031655608814
1758790027.0626917,target,5,1.7838983154296875,1.508827392578125,-0.1125919261438795
1758790027.082878,herder,1,3.5237080078125,2.711233154296875,-0.9341396384409816
1758790027.082878,herder,2,0.4375606994628906,2.7207568359375,-0.5612172575762131
1758790027.082878,target,1,2.0394810791015625,2.53787744140625,-0.5689378281553801
1758790027.082878,target,2,2.232400390625,1.8970579833984376,1.7398229001244818
1758790027.082878,target,3,0.9858258056640625,1.8723753662109375,-1.3045848800178128
1758790027.082878,target,4,1.340719970703125,2.411194091796875,-1.3110403825001649
1758790027.082878,target,5,1.783814208984375,1.510750244140625,-0.1437319525197966
1758790027.1028035,herder,1,3.5237080078125,2.711233154296875,-0.9341396384409816
1758790027.1028035,herder,2,0.4375606994628906,2.7207568359375,-0.5612172575762131
1758790027.1028035,target,1,2.0394810791015625,2.53787744140625,-0.5689378281553801
1758790027.1028035,target,2,2.232400390625,1.8970579833984376,1.7398229001244818
1758790027.1028035,target,3,0.9858258056640625,1.8723753662109375,-1.3045848800178128
1758790027.1028035,target,4,1.340719970703125,2.411194091796875,-1.3110403825001649
1758790027.1028035,target,5,1.783814208984375,1.510750244140625,-0.1437319525197966
1758790027.1226053,herder,1,3.52370556640625,2.71123486328125,-0.9339689298151075
1758790027.1226053,herder,2,0.43757052612304687,2.720757080078125,-0.5613103350563114
1758790027.1226053,target,1,2.04025390625,2.538904296875,-0.5853554839064189
1758790027.1226053,target,2,2.231781982421875,1.896861083984375,1.7286283024823337
1758790027.1226053,target,3,0.9847659912109376,1.8717354736328125,-1.2838618914695248
1758790027.1226053,target,4,1.3398447265625,2.411295166015625,-1.2979454862621909
1758790027.1226053,target,5,1.7839906005859374,1.5127401123046875,-0.1808558189042559
1758790027.1425805,herder,1,3.523700439453125,2.711216796875,-0.9340769875763375
1758790027.1425805,herder,2,0.4375695495605469,2.72072802734375,-0.5612342352281624
1758790027.1425805,target,1,2.0409837646484377,2.539753173828125,-0.6028892038912825
1758790027.1425805,target,2,2.231161865234375,1.8968184814453124,1.7184943087443096
1758790027.1425805,target,3,0.9835860595703125,1.871239501953125,-1.2584702483722734
1758790027.1425805,target,4,1.33889599609375,2.41124755859375,-1.2845508512435284
1758790027.1425805,target,5,1.7844427490234376,1.5149722900390625,-0.21745797203116868
1758790027.1626015,herder,1,3.523688232421875,2.711225341796875,-0.9340593441341157
1758790027.1626015,herder,2,0.43755035400390624,2.72074853515625,-0.5611670569896652
1758790027.1626015,target,1,2.043571044921875,2.542459228515625,-0.6689178889039986
1758790027.1626015,target,2,2.228812744140625,1.8967972412109375,1.6728892729733567
1758790027.1626015,target,3,0.9793534545898438,1.8695418701171875,-1.1836110538170725
1758790027.1626015,target,4,1.336998291015625,2.41074853515625,-1.253584413036414
1758790027.1626015,target,5,1.784838134765625,1.5190228271484374,-0.2799908087047218
1758790027.1828263,herder,1,3.523688232421875,2.711225341796875,-0.9340593441341157
1758790027.1828263,herder,2,0.43755035400390624,2.72074853515625,-0.5611670569896652
1758790027.1828263,target,1,2.043571044921875,2.542459228515625,-0.6689178889039986
1758790027.1828263,target,2,2.228812744140625,1.8967972412109375,1.6728892729733567
1758790027.1828263,target,3,0.9793534545898438,1.8695418701171875,-1.1836110538170725
1758790027.1828263,target,4,1.336998291015625,2.41074853515625,-1.253584413036414
1758790027.1828263,target,5,1.784838134765625,1.5190228271484374,-0.2799908087047218
1758790027.2027194,herder,1,3.523688232421875,2.711225341796875,-0.9340593441341157
1758790027.2027194,herder,2,0.43755035400390624,2.72074853515625,-0.5611670569896652
1758790027.2027194,target,1,2.043571044921875,2.542459228515625,-0.6689178889039986
1758790027.2027194,target,2,2.228812744140625,1.8967972412109375,1.6728892729733567
1758790027.2027194,target,3,0.9793534545898438,1.8695418701171875,-1.1836110538170725
1758790027.2027194,target,4,1.336998291015625,2.41074853515625,-1.253584413036414
1758790027.2027194,target,5,1.784838134765625,1.5190228271484374,-0.2799908087047218
1758790027.222665,herder,1,3.523678466796875,2.7112197265625,-0.9341901053436387
1758790027.222665,herder,2,0.4375502624511719,2.720739013671875,-0.5611952199181928
1758790027.222665,target,1,2.0446700439453127,2.54318115234375,-0.6822189803893721
1758790027.222665,target,2,2.22784521484375,1.89684130859375,1.6594758626690091
1758790027.222665,target,3,0.97832861328125,1.868902587890625,-1.167960455039004
1758790027.222665,target,4,1.337093017578125,2.41066015625,-1.254659797484588
1758790027.222665,target,5,1.7846112060546875,1.5198238525390626,-0.2826986110325735
1758790027.2426856,herder,1,3.523678466796875,2.7112197265625,-0.9341901053436387
1758790027.2426856,herder,2,0.4375502624511719,2.720739013671875,-0.5611952199181928
1758790027.2426856,target,1,2.0446700439453127,2.54318115234375,-0.6822189803893721
1758790027.2426856,target,2,2.22784521484375,1.89684130859375,1.6594758626690091
1758790027.2426856,target,3,0.97832861328125,1.868902587890625,-1.167960455039004
1758790027.2426856,target,4,1.337093017578125,2.41066015625,-1.254659797484588
1758790027.2426856,target,5,1.7846112060546875,1.5198238525390626,-0.2826986110325735
1758790027.2626648,herder,1,3.523671142578125,2.711248291015625,-0.9339306468744376
1758790027.2626648,herder,2,0.4375482177734375,2.720735595703125,-0.5611663911993926
1758790027.2626648,target,1,2.045748291015625,2.543531005859375,-0.6978235730596096
1758790027.2626648,target,2,2.227022216796875,1.896874267578125,1.6483061655830533
1758790027.2626648,target,3,0.9775868530273437,1.8687528076171875,-1.155144391767161
1758790027.2626648,target,4,1.3372843017578124,2.410650146484375,-1.2570913967178847
1758790027.2626648,target,5,1.7843944091796875,1.5197891845703124,-0.28499761813309804
1758790027.2829182,herder,1,3.523702880859375,2.711239013671875,-0.9341326476431202
1758790027.2829182,herder,2,0.4375549011230469,2.720757080078125,-0.5612553407798013
1758790027.2829182,target,1,2.048871826171875,2.54380859375,-0.7378728553224938
1758790027.2829182,target,2,2.224921875,1.8996241455078124,1.6152837670143978
1758790027.2829182,target,3,0.977090087890625,1.8668109130859376,-1.125634170044102
1758790027.2829182,target,4,1.3378677978515625,2.410176513671875,-1.2580330904793369
1758790027.2829182,target,5,1.7834437255859374,1.5198653564453124,-0.26969063371467683
1758790027.3028126,herder,1,3.52369970703125,2.71123193359375,-0.934260479375444
1758790027.3028126,herder,2,0.4375566711425781,2.720745849609375,-0.5612058059835258
1758790027.3028126,target,1,2.04931396484375,2.544187255859375,-0.7481121105026032
1758790027.3028126,target,2,2.22481005859375,1.9003145751953125,1.6109583939299454
1758790027.3028126,target,3,0.977203369140625,1.8658458251953125,-1.1229321268021075
1758790027.3028126,target,4,1.33778125,2.4099765625,-1.2554582131793937
1758790027.3028126,target,5,1.783770263671875,1.520299560546875,-0.2758187171857605
1758790027.3225763,herder,1,3.523701171875,2.71122607421875,-0.9340207948773368
1758790027.3225763,herder,2,0.437558349609375,2.7207490234375,-0.5612894958207816
1758790027.3225763,target,1,2.04985888671875,2.54470556640625,-0.762138314173778
1758790027.3225763,target,2,2.2243544921875,1.90096875,1.6016228158867274
1758790027.3225763,target,3,0.977472900390625,1.8649534912109376,-1.1180173961684208
1758790027.3225763,target,4,1.3377147216796874,2.409940185546875,-1.2562612894061072
1758790027.3225763,target,5,1.7838134765625,1.5205859375,-0.29119459425263067
1758790027.3426235,herder,1,3.523689453125,2.7112216796875,-0.9340483585946191
1758790027.3426235,herder,2,0.43755877685546873,2.720738525390625,-0.5612005462403729
1758790027.3426235,target,1,2.050533447265625,2.545140625,-0.7766277747165721
1758790027.3426235,target,2,2.223513916015625,1.90141650390625,1.5905400710103625
1758790027.3426235,target,3,0.9778003540039063,1.86394091796875,-1.1158553754164673
1758790027.3426235,target,4,1.337733642578125,2.4097958984375,-1.2559104179324891
1758790027.3426235,target,5,1.7840738525390625,1.521021240234375,-0.30453067301682507
1758790027.3625803,herder,1,3.52368359375,2.71122509765625,-0.934061008609797
1758790027.3625803,herder,2,0.4375511779785156,2.72073828125,-0.5612438226080867
1758790027.3625803,target,1,2.05445361328125,2.5481494140625,-0.8586433491740066
1758790027.3625803,target,2,2.221213134765625,1.902668701171875,1.554072474097526
1758790027.3625803,target,3,0.9798699951171875,1.8594278564453126,-1.1086620441541088
1758790027.3625803,target,4,1.3377991943359375,2.409729736328125,-1.2556032223007485
1758790027.3625803,target,5,1.7860867919921875,1.5252158203125,-0.38134739084177505
1758790027.382851,herder,1,3.52368359375,2.71122509765625,-0.934061008609797
1758790027.382851,herder,2,0.4375511779785156,2.72073828125,-0.5612438226080867
1758790027.382851,target,1,2.05445361328125,2.5481494140625,-0.8586433491740066
1758790027.382851,target,2,2.221213134765625,1.902668701171875,1.554072474097526
1758790027.382851,target,3,0.9798699951171875,1.8594278564453126,-1.1086620441541088
1758790027.382851,target,4,1.3377991943359375,2.409729736328125,-1.2556032223007485
1758790027.382851,target,5,1.7860867919921875,1.5252158203125,-0.38134739084177505
1758790027.4027028,herder,1,3.52367578125,2.7112431640625,-0.9340700633575033
1758790027.4027028,herder,2,0.4375452880859375,2.720740234375,-0.5613586048510691
1758790027.4027028,target,1,2.05556884765625,2.54893310546875,-0.8842202151250731
1758790027.4027028,target,2,2.2207060546875,1.9030439453125,1.5426400561700337
1758790027.4027028,target,3,0.9804799194335938,1.8582115478515624,-1.1076895243030391
1758790027.4027028,target,4,1.337788330078125,2.409655029296875,-1.2555273222096812
1758790027.4027028,target,5,1.7868236083984375,1.526451171875,-0.4020145195861987
1758790027.4225786,herder,1,3.523675048828125,2.711242431640625,-0.9341386397555729
1758790027.4225786,herder,2,0.43753485107421874,2.72074267578125,-0.5611246461493057
1758790027.4225786,target,1,2.056583740234375,2.54964404296875,-0.9099385615090501
1758790027.4225786,target,2,2.219945068359375,1.9033612060546874,1.5278445984179896
1758790027.4225786,target,3,0.9809459838867187,1.8569339599609376,-1.1051103193663245
1758790027.4225786,target,4,1.337878173828125,2.409596435546875,-1.256965429198324
1758790027.4225786,target,5,1.78732373046875,1.527575927734375,-0.42843873681710115
1758790027.4426885,herder,1,3.523687744140625,2.711245361328125,-0.9341544189850316
1758790027.4426885,herder,2,0.43754010009765626,2.720756591796875,-0.5612819058116748
1758790027.4426885,target,1,2.06155615234375,2.55183154296875,-0.9939468462521364
1758790027.4426885,target,2,2.217239990234375,1.90414306640625,1.4780934203039469
1758790027.4426885,target,3,0.9823982543945312,1.8518056640625,-1.0967418016939414
1758790027.4426885,target,4,1.338543701171875,2.409130126953125,-1.2646039078368894
1758790027.4426885,target,5,1.7892254638671874,1.5316239013671875,-0.5102964856904348
1758790027.4626076,herder,1,3.523699951171875,2.71121142578125,-0.9341894395533661
1758790027.4626076,herder,2,0.4375639953613281,2.720758544921875,-0.5612390289181245
1758790027.4626076,target,1,2.06660009765625,2.55473486328125,-1.0953384489575242
1758790027.4626076,target,2,2.21396240234375,1.905080810546875,1.4215362677080976
1758790027.4626076,target,3,0.9847395629882812,1.846926025390625,-1.0871652075720708
1758790027.4626076,target,4,1.339371826171875,2.4088505859375,-1.2743868969432408
1758790027.4626076,target,5,1.792164306640625,1.5362152099609374,-0.5984635627917888
1758790027.4827416,herder,1,3.52369873046875,2.711227294921875,-0.9339241887087942
1758790027.4827416,herder,2,0.4375726318359375,2.72073193359375,-0.561160132770831
1758790027.4827416,target,1,2.068590576171875,2.555311279296875,-1.1255841026156086
1758790027.4827416,target,2,2.21271435546875,1.9052332763671875,1.4023813484096481
1758790027.4827416,target,3,0.9853272094726563,1.8453265380859376,-1.084192254268188
1758790027.4827416,target,4,1.3395635986328125,2.408633544921875,-1.2766435264929195
1758790027.4827416,target,5,1.7933216552734375,1.537730712890625,-0.6300752849310294
1758790027.5027876,herder,1,3.523697998046875,2.71121044921875,-0.9341249910549861
1758790027.5027876,herder,2,0.43755593872070314,2.72074560546875,-0.5611954862343017
1758790027.5027876,target,1,2.07049951171875,2.556032958984375,-1.1594034521404701
1758790027.5027876,target,2,2.21154736328125,1.9054827880859375,1.3835180452505624
1758790027.5027876,target,3,0.9859144897460937,1.8435350341796874,-1.0838961773339986
1758790027.5027876,target,4,1.3396959228515626,2.4083623046875,-1.2792357143399482
1758790027.5027876,target,5,1.7947139892578126,1.5391214599609375,-0.6635424314017282
1758790027.5226698,herder,1,3.5236708984375,2.7112421875,-0.9340994912875487
1758790027.5226698,herder,2,0.4375448303222656,2.720748046875,-0.561254475252447
1758790027.5226698,target,1,2.078737548828125,2.55838916015625,-1.3049068561936035
1758790027.5226698,target,2,2.207494873046875,1.9070677490234376,1.3027461004431677
1758790027.5226698,target,3,0.9889143676757812,1.8357125244140624,-1.0721927827655908
1758790027.5226698,target,4,1.3402861328125,2.407556640625,-1.2807455935199685
1758790027.5226698,target,5,1.799794677734375,1.5457728271484374,-0.8054120853055028
1758790027.5426803,herder,1,3.52368701171875,2.71125048828125,-0.9340690646720945
1758790027.5426803,herder,2,0.4375381774902344,2.720733642578125,-0.5612413591840784
1758790027.5426803,target,1,2.08070068359375,2.55896533203125,-1.3443015334605461
1758790027.5426803,target,2,2.20595556640625,1.9069669189453125,1.282076108800572
1758790027.5426803,target,3,0.9898296508789063,1.833818359375,-1.0673251900831986
1758790027.5426803,target,4,1.3402545166015625,2.407463623046875,-1.2800478453143678
1758790027.5426803,target,5,1.801337890625,1.5467193603515625,-0.8404543584029289
1758790027.5626822,herder,1,3.523694091796875,2.71125390625,-0.9339676648135897
1758790027.5626822,herder,2,0.437536865234375,2.72074560546875,-0.5613540108981887
1758790027.5626822,target,1,2.084998291015625,2.559851806640625,-1.419164190125164
1758790027.5626822,target,2,2.20431005859375,1.9072752685546874,1.2519355168474915
1758790027.5626822,target,3,0.991527587890625,1.829498046875,-1.0621094556673056
1758790027.5626822,target,4,1.3399940185546875,2.40754443359375,-1.2778082599956657
1758790027.5626822,target,5,1.804647216796875,1.549415283203125,-0.9150867182122823
1758790027.5828505,herder,1,3.523705078125,2.711246826171875,-0.9340666678271135
1758790027.5828505,herder,2,0.4375527648925781,2.720773193359375,-0.5611767775276439
1758790027.5828505,target,1,2.089423095703125,2.560678466796875,-1.4983243898408427
1758790027.5828505,target,2,2.20204833984375,1.907984375,1.2061632345600815
1758790027.5828505,target,3,0.9933025512695313,1.8254866943359376,-1.0576924698413548
1758790027.5828505,target,4,1.33999609375,2.40727490234375,-1.272471817803365
1758790027.5828505,target,5,1.80795458984375,1.552463623046875,-0.992775721162774
1758790027.602775,herder,1,3.52369873046875,2.711233642578125,-0.9340372398970681
1758790027.602775,herder,2,0.437553466796875,2.720755615234375,-0.5611738480504449
1758790027.602775,target,1,2.09420703125,2.561218505859375,-1.5732644113351275
1758790027.602775,target,2,2.20014501953125,1.908977294921875,1.169626395458903
1758790027.602775,target,3,0.9953762817382813,1.82147314453125,-1.052690587260995
1758790027.602775,target,4,1.3397930908203124,2.40677685546875,-1.2698492699199093
1758790027.602775,target,5,1.8117777099609376,1.5552601318359376,-1.0741138540179196
1758790027.622678,herder,1,3.5236953125,2.71121337890625,-0.9341435666035894
1758790027.622678,herder,2,0.43755810546875,2.72074072265625,-0.5611549396067053
1758790027.622678,target,1,2.095919677734375,2.561480224609375,-1.614368305389683
1758790027.622678,target,2,2.1991337890625,1.90955615234375,1.1486492081845667
1758790027.622678,target,3,0.9965596313476562,1.819369384765625,-1.0498177688140995
1758790027.622678,target,4,1.3396417236328124,2.40655078125,-1.2683003754299194
1758790027.622678,target,5,1.8140362548828124,1.5563697509765626,-1.1158715541200894
1758790027.6425643,herder,1,3.523690185546875,2.71121484375,-0.9340349096311142
1758790027.6425643,herder,2,0.43756005859375,2.72073193359375,-0.5611368301112928
1758790027.6425643,target,1,2.10061181640625,2.5614609375,-1.6965273576508455
1758790027.6425643,target,2,2.1970107421875,1.9105909423828125,1.104197254586591
1758790027.6425643,target,3,0.9986937866210938,1.8147529296875,-1.047338698734372
1758790027.6425643,target,4,1.33953955078125,2.40648291015625,-1.2663689178493394
1758790027.6425643,target,5,1.817943115234375,1.5584779052734374,-1.1958394905943894
1758790027.6627235,herder,1,3.523673828125,2.711224853515625,-0.9343056199559208
1758790027.6627235,herder,2,0.43755062866210936,2.72075146484375,-0.561170985152273
1758790027.6627235,target,1,2.102823486328125,2.561322021484375,-1.737636578027581
1758790027.6627235,target,2,2.19590234375,1.9111214599609374,1.0799367225833234
1758790027.6627235,target,3,1.0001032104492187,1.81237939453125,-1.045380343226782
1758790027.6627235,target,4,1.33958447265625,2.4065126953125,-1.2647923264840124
1758790027.6627235,target,5,1.8202874755859375,1.5597752685546875,-1.242257722604198
1758790027.6827085,herder,1,3.523673828125,2.711224853515625,-0.9343056199559208
1758790027.6827085,herder,2,0.43755062866210936,2.72075146484375,-0.561170985152273
1758790027.6827085,target,1,2.102823486328125,2.561322021484375,-1.737636578027581
1758790027.6827085,target,2,2.19590234375,1.9111214599609374,1.0799367225833234
1758790027.6827085,target,3,1.0001032104492187,1.81237939453125,-1.045380343226782
1758790027.6827085,target,4,1.33958447265625,2.4065126953125,-1.2647923264840124
1758790027.6827085,target,5,1.8202874755859375,1.5597752685546875,-1.242257722604198
1758790027.7025898,herder,1,3.523673828125,2.711224853515625,-0.9343056199559208
1758790027.7025898,herder,2,0.43755062866210936,2.72075146484375,-0.561170985152273
1758790027.7025898,target,1,2.102823486328125,2.561322021484375,-1.737636578027581
1758790027.7025898,target,2,2.19590234375,1.9111214599609374,1.0799367225833234
1758790027.7025898,target,3,1.0001032104492187,1.81237939453125,-1.045380343226782
1758790027.7025898,target,4,1.33958447265625,2.4065126953125,-1.2647923264840124
1758790027.7025898,target,5,1.8202874755859375,1.5597752685546875,-1.242257722604198
1758790027.722677,herder,1,3.523673828125,2.711224853515625,-0.9343056199559208
1758790027.722677,herder,2,0.43755062866210936,2.72075146484375,-0.561170985152273
1758790027.722677,target,1,2.102823486328125,2.561322021484375,-1.737636578027581
1758790027.722677,target,2,2.19590234375,1.9111214599609374,1.0799367225833234
1758790027.722677,target,3,1.0001032104492187,1.81237939453125,-1.045380343226782
1758790027.722677,target,4,1.33958447265625,2.4065126953125,-1.2647923264840124
1758790027.722677,target,5,1.8202874755859375,1.5597752685546875,-1.242257722604198
1758790027.7425768,herder,1,3.523673828125,2.711224853515625,-0.9343056199559208
1758790027.7425768,herder,2,0.43755062866210936,2.72075146484375,-0.561170985152273
1758790027.7425768,target,1,2.102823486328125,2.561322021484375,-1.737636578027581
1758790027.7425768,target,2,2.19590234375,1.9111214599609374,1.0799367225833234
1758790027.7425768,target,3,1.0001032104492187,1.81237939453125,-1.045380343226782
1758790027.7425768,target,4,1.33958447265625,2.4065126953125,-1.2647923264840124
1758790027.7425768,target,5,1.8202874755859375,1.5597752685546875,-1.242257722604198
1758790027.7627351,herder,1,3.523673828125,2.711224853515625,-0.9343056199559208
1758790027.7627351,herder,2,0.43755062866210936,2.72075146484375,-0.561170985152273
1758790027.7627351,target,1,2.102823486328125,2.561322021484375,-1.737636578027581
1758790027.7627351,target,2,2.19590234375,1.9111214599609374,1.0799367225833234
1758790027.7627351,target,3,1.0001032104492187,1.81237939453125,-1.045380343226782
1758790027.7627351,target,4,1.33958447265625,2.4065126953125,-1.2647923264840124
1758790027.7627351,target,5,1.8202874755859375,1.5597752685546875,-1.242257722604198
1758790027.7826114,herder,1,3.523673828125,2.711224853515625,-0.9343056199559208
1758790027.7826114,herder,2,0.43755062866210936,2.72075146484375,-0.561170985152273
1758790027.7826114,target,1,2.102823486328125,2.561322021484375,-1.737636578027581
1758790027.7826114,target,2,2.19590234375,1.9111214599609374,1.0799367225833234
1758790027.7826114,target,3,1.0001032104492187,1.81237939453125,-1.045380343226782
1758790027.7826114,target,4,1.33958447265625,2.4065126953125,-1.2647923264840124
1758790027.7826114,target,5,1.8202874755859375,1.5597752685546875,-1.242257722604198
1758790027.802765,herder,1,3.523673828125,2.711224853515625,-0.9343056199559208
1758790027.802765,herder,2,0.43755062866210936,2.72075146484375,-0.561170985152273
1758790027.802765,target,1,2.102823486328125,2.561322021484375,-1.737636578027581
1758790027.802765,target,2,2.19590234375,1.9111214599609374,1.0799367225833234
1758790027.802765,target,3,1.0001032104492187,1.81237939453125,-1.045380343226782
1758790027.802765,target,4,1.33958447265625,2.4065126953125,-1.2647923264840124
1758790027.802765,target,5,1.8202874755859375,1.5597752685546875,-1.242257722604198
1758790027.8225703,herder,1,3.523673828125,2.711224853515625,-0.9343056199559208
1758790027.8225703,herder,2,0.43755062866210936,2.72075146484375,-0.561170985152273
1758790027.8225703,target,1,2.102823486328125,2.561322021484375,-1.737636578027581
1758790027.8225703,target,2,2.19590234375,1.9111214599609374,1.0799367225833234
1758790027.8225703,target,3,1.0001032104492187,1.81237939453125,-1.045380343226782
1758790027.8225703,target,4,1.33958447265625,2.4065126953125,-1.2647923264840124
1758790027.8225703,target,5,1.8202874755859375,1.5597752685546875,-1.242257722604198
1758790027.84274,herder,1,3.523673828125,2.711224853515625,-0.9343056199559208
1758790027.84274,herder,2,0.43755062866210936,2.72075146484375,-0.561170985152273
1758790027.84274,target,1,2.102823486328125,2.561322021484375,-1.737636578027581
1758790027.84274,target,2,2.19590234375,1.9111214599609374,1.0799367225833234
1758790027.84274,target,3,1.0001032104492187,1.81237939453125,-1.045380343226782
1758790027.84274,target,4,1.33958447265625,2.4065126953125,-1.2647923264840124
1758790027.84274,target,5,1.8202874755859375,1.5597752685546875,-1.242257722604198
1758790027.8625932,herder,1,3.523673828125,2.711224853515625,-0.9343056199559208
1758790027.8625932,herder,2,0.43755062866210936,2.72075146484375,-0.561170985152273
1758790027.8625932,target,1,2.102823486328125,2.561322021484375,-1.737636578027581
1758790027.8625932,target,2,2.19590234375,1.9111214599609374,1.0799367225833234
1758790027.8625932,target,3,1.0001032104492187,1.81237939453125,-1.045380343226782
1758790027.8625932,target,4,1.33958447265625,2.4065126953125,-1.2647923264840124
1758790027.8625932,target,5,1.8202874755859375,1.5597752685546875,-1.242257722604198
1758790027.8827002,herder,1,3.523673828125,2.711224853515625,-0.9343056199559208
1758790027.8827002,herder,2,0.43755062866210936,2.72075146484375,-0.561170985152273
1758790027.8827002,target,1,2.102823486328125,2.561322021484375,-1.737636578027581
1758790027.8827002,target,2,2.19590234375,1.9111214599609374,1.0799367225833234
1758790027.8827002,target,3,1.0001032104492187,1.81237939453125,-1.045380343226782
1758790027.8827002,target,4,1.33958447265625,2.4065126953125,-1.2647923264840124
1758790027.8827002,target,5,1.8202874755859375,1.5597752685546875,-1.242257722604198
1758790027.9026656,herder,1,3.523673828125,2.711224853515625,-0.9343056199559208
1758790027.9026656,herder,2,0.43755062866210936,2.72075146484375,-0.561170985152273
1758790027.9026656,target,1,2.102823486328125,2.561322021484375,-1.737636578027581
1758790027.9026656,target,2,2.19590234375,1.9111214599609374,1.0799367225833234
1758790027.9026656,target,3,1.0001032104492187,1.81237939453125,-1.045380343226782
1758790027.9026656,target,4,1.33958447265625,2.4065126953125,-1.2647923264840124
1758790027.9026656,target,5,1.8202874755859375,1.5597752685546875,-1.242257722604198
1758790027.9232297,herder,1,3.52368212890625,2.71122021484375,-0.9341195981537788
1758790027.9232297,herder,2,0.4375364074707031,2.72073828125,-0.5611556053969778
1758790027.9232297,target,1,2.164803955078125,2.489370361328125,2.737930935579867
1758790027.9232297,target,2,2.16317138671875,1.958283447265625,0.04459776582884689
1758790027.9232297,target,3,1.063315673828125,1.7071297607421876,-0.9968543523722303
1758790027.9232297,target,4,1.3371729736328124,2.40021240234375,-1.1930289235379743
1758790027.9232297,target,5,1.905845703125,1.513872802734375,3.0995695694849967
1758790027.9426606,herder,1,3.52368212890625,2.71122021484375,-0.9341195981537788
1758790027.9426606,herder,2,0.4375364074707031,2.72073828125,-0.5611556053969778
1758790027.9426606,target,1,2.164803955078125,2.489370361328125,2.737930935579867
1758790027.9426606,target,2,2.16317138671875,1.958283447265625,0.04459776582884689
1758790027.9426606,target,3,1.063315673828125,1.7071297607421876,-0.9968543523722303
1758790027.9426606,target,4,1.3371729736328124,2.40021240234375,-1.1930289235379743
1758790027.9426606,target,5,1.905845703125,1.513872802734375,3.0995695694849967
1758790027.9625995,herder,1,3.52368212890625,2.71122021484375,-0.9341195981537788
1758790027.9625995,herder,2,0.4375364074707031,2.72073828125,-0.5611556053969778
1758790027.9625995,target,1,2.164803955078125,2.489370361328125,2.737930935579867
1758790027.9625995,target,2,2.16317138671875,1.958283447265625,0.04459776582884689
1758790027.9625995,target,3,1.063315673828125,1.7071297607421876,-0.9968543523722303
1758790027.9625995,target,4,1.3371729736328124,2.40021240234375,-1.1930289235379743
1758790027.9625995,target,5,1.905845703125,1.513872802734375,3.0995695694849967
1758790027.9829183,herder,1,3.52368212890625,2.711248046875,-0.9340377059502588
1758790027.9829183,herder,2,0.4375344848632812,2.720743896484375,-0.5612353670716257
1758790027.9829183,target,1,2.164280029296875,2.486763427734375,2.699157706953294
1758790027.9829183,target,2,2.163016845703125,1.9593330078125,0.01826991965929707
1758790027.9829183,target,3,1.0648387451171875,1.70458837890625,-0.9953266300129064
1758790027.9829183,target,4,1.3371337890625,2.400184326171875,-1.1937378570201533
1758790027.9829183,target,5,1.906403076171875,1.5111951904296874,3.0486707020991846
1758790028.002672,herder,1,3.52368212890625,2.711248046875,-0.9340377059502588
1758790028.002672,herder,2,0.4375344848632812,2.720743896484375,-0.5612353670716257
1758790028.002672,target,1,2.164280029296875,2.486763427734375,2.699157706953294
1758790028.002672,target,2,2.163016845703125,1.9593330078125,0.01826991965929707
1758790028.002672,target,3,1.0648387451171875,1.70458837890625,-0.9953266300129064
1758790028.002672,target,4,1.3371337890625,2.400184326171875,-1.1937378570201533
1758790028.002672,target,5,1.906403076171875,1.5111951904296874,3.0486707020991846
1758790028.022601,herder,1,3.523676025390625,2.71123583984375,-0.9340387712146949
1758790028.022601,herder,2,0.43754833984375,2.72075048828125,-0.5613333048207133
1758790028.022601,target,1,2.15340185546875,2.4637490234375,2.2680896644814714
1758790028.022601,target,2,2.16330810546875,1.9766005859375,-0.26930943549414565
1758790028.022601,target,3,1.081289306640625,1.676928466796875,-0.9733922360637686
1758790028.022601,target,4,1.33708837890625,2.400204345703125,-1.1925179960828425
1758790028.022601,target,5,1.9032353515625,1.483866943359375,2.5630848226362404
1758790028.0427082,herder,1,3.52368212890625,2.711250732421875,-0.9341511566126962
1758790028.0427082,herder,2,0.43754183959960935,2.72074609375,-0.5612841029195741
1758790028.0427082,target,1,2.149881103515625,2.459373779296875,2.1774030372518207
1758790028.0427082,target,2,2.1641455078125,1.98009423828125,-0.3295952133531876
1758790028.0427082,target,3,1.0843671875,1.6724810791015625,-0.9716275589464548
1758790028.0427082,target,4,1.337085205078125,2.400242919921875,-1.192203210441995
1758790028.0427082,target,5,1.9008155517578125,1.4782099609375,2.4669212714667874
1758790028.0626063,herder,1,3.52368798828125,2.711255615234375,-0.9343386431534378
1758790028.0626063,herder,2,0.43755023193359377,2.720746826171875,-0.5612231165306113
1758790028.0626063,target,1,2.146459228515625,2.45589892578125,2.092778829927626
1758790028.0626063,target,2,2.165380859375,1.9826524658203124,-0.37884595020889084
1758790028.0626063,target,3,1.0878460693359375,1.6675379638671874,-0.9661029644231399
1758790028.0626063,target,4,1.3371510009765626,2.40022802734375,-1.1933848550176633
1758790028.0626063,target,5,1.8977008056640625,1.473337646484375,2.3781173659697683
1758790028.0826726,herder,1,3.523746337890625,2.71125,-0.9359843435490522
1758790028.0826726,herder,2,0.43755087280273436,2.720748046875,-0.5612326373315083
1758790028.0826726,target,1,2.142494873046875,2.45252392578125,2.0058103750538896
1758790028.0826726,target,2,2.166821044921875,1.984905517578125,-0.4222355688480341
1758790028.0826726,target,3,1.0908197021484376,1.66202099609375,-0.9634459286035678
1758790028.0826726,target,4,1.33712109375,2.400223876953125,-1.1928780554622211
1758790028.0826726,target,5,1.8949197998046876,1.4690738525390625,2.279356966421379
1758790028.10277,herder,1,3.5236044921875,2.711793701171875,-0.9411130591763268
1758790028.10277,herder,2,0.43756658935546877,2.720727783203125,-0.5613217200699715
1758790028.10277,target,1,2.13821875,2.44938818359375,1.9175757202398749
1758790028.10277,target,2,2.1676494140625,1.9881795654296874,-0.477211003493458
1758790028.10277,target,3,1.0942635498046875,1.6563721923828125,-0.9580967698170619
1758790028.10277,target,4,1.3370960693359375,2.400208984375,-1.1927411689821912
1758790028.10277,target,5,1.8915572509765626,1.464775146484375,2.1876614006127513
1758790028.1226864,herder,1,3.522996826171875,2.7129189453125,-0.9482725682928413
1758790028.1226864,herder,2,0.4375396728515625,2.720763427734375,-0.5619143399915414
1758790028.1226864,target,1,2.13377294921875,2.44701806640625,1.8263747034456754
1758790028.1226864,target,2,2.168781494140625,1.9909193115234376,-0.5349032286354127
1758790028.1226864,target,3,1.0977864990234374,1.6510826416015625,-0.9561394129948809
1758790028.1226864,target,4,1.33711669921875,2.400212890625,-1.192889373896854
1758790028.1226864,target,5,1.8873397216796874,1.4600367431640624,2.0925857507485954
1758790028.142663,herder,1,3.522421142578125,2.71384423828125,-0.9578518255758018
1758790028.142663,herder,2,0.437560546875,2.72087744140625,-0.5632281439363047
1758790028.142663,target,1,2.1287587890625,2.444954833984375,1.7400785635891294
1758790028.142663,target,2,2.17070849609375,1.9936015625,-0.5888020138311448
1758790028.142663,target,3,1.1012843017578124,1.6454625244140626,-0.9538875105561372
1758790028.142663,target,4,1.3370904541015625,2.400242431640625,-1.192534507681601
1758790028.142663,target,5,1.8833143310546876,1.456797607421875,1.9996085386653677
1758790028.1625738,herder,1,3.52190234375,2.71468798828125,-0.969080777996012
1758790028.1625738,herder,2,0.4380611267089844,2.720513427734375,-0.5642017956308377
1758790028.1625738,target,1,2.123435791015625,2.4428330078125,1.6437674732952858
1758790028.1625738,target,2,2.172370849609375,1.99612255859375,-0.6504188396030084
1758790028.1625738,target,3,1.1046021728515625,1.640137451171875,-0.9461872465802821
1758790028.1625738,target,4,1.33712255859375,2.40026513671875,-1.193322137573992
1758790028.1625738,target,5,1.8780458984375,1.4538565673828125,1.9035752160732193
1758790028.1825938,herder,1,3.521055419921875,2.716187744140625,-0.9820278022144594
1758790028.1825938,herder,2,0.43922369384765625,2.719809814453125,-0.5650680553544132
1758790028.1825938,target,1,2.118338623046875,2.4417353515625,1.5575131450678539
1758790028.1825938,target,2,2.174349853515625,1.9993038330078126,-0.7099798381713853
1758790028.1825938,target,3,1.1083314208984374,1.635067626953125,-0.9469879259620144
1758790028.1825938,target,4,1.3371517333984375,2.400243896484375,-1.1939210825031508
1758790028.1825938,target,5,1.873344970703125,1.451760009765625,1.8086929117042034
1758790028.2027333,herder,1,3.52040283203125,2.717842529296875,-0.9978869265058813
1758790028.2027333,herder,2,0.4409848327636719,2.71879736328125,-0.5656568136924025
1758790028.2027333,target,1,2.1128525390625,2.44057080078125,1.4679152180918276
1758790028.2027333,target,2,2.176542724609375,2.0018687744140626,-0.7664088927188017
1758790028.2027333,target,3,1.112031982421875,1.6300423583984376,-0.9427130863592464
1758790028.2027333,target,4,1.3371231689453125,2.400219970703125,-1.1930861815014109
1758790028.2027333,target,5,1.8685592041015624,1.449921630859375,1.7127535986985347
1758790028.2225833,herder,1,3.520280517578125,2.718949462890625,-1.0162511532766862
1758790028.2225833,herder,2,0.44337518310546875,2.717349365234375,-0.5667194149673441
1758790028.2225833,target,1,2.10745556640625,2.4407109375,1.376747757127363
1758790028.2225833,target,2,2.178629638671875,2.004407470703125,-0.8260354050499946
1758790028.2225833,target,3,1.11564892578125,1.624816650390625,-0.9412184537764667
1758790028.2225833,target,4,1.3371143798828125,2.400223876953125,-1.1927118742102003
1758790028.2225833,target,5,1.8631309814453125,1.448331787109375,1.6184048586539161
1758790028.2426858,herder,1,3.519576416015625,2.72079931640625,-1.0353872307104233
1758790028.2426858,herder,2,0.44642483520507814,2.715410400390625,-0.5675624386104087
1758790028.2426858,target,1,2.10242333984375,2.440603759765625,1.2874787305459614
1758790028.2426858,target,2,2.18076123046875,2.0066417236328125,-0.8690164947779198
1758790028.2426858,target,3,1.1195899658203126,1.6196624755859375,-0.9379861085824103
1758790028.2426858,target,4,1.3370975341796876,2.40022021484375,-1.1924186601741826
1758790028.2426858,target,5,1.85778173828125,1.4470655517578126,1.5205225033169258
1758790028.2626553,herder,1,3.51894482421875,2.722917236328125,-1.0565166176410574
1758790028.2626553,herder,2,0.4501276245117187,2.71306640625,-0.5688129924792826
1758790028.2626553,target,1,2.096881591796875,2.440658935546875,1.202127879718339
1758790028.2626553,target,2,2.182708984375,2.008389892578125,-0.9240317436816404
1758790028.2626553,target,3,1.12335107421875,1.6149412841796875,-0.9396579745357349
1758790028.2626553,target,4,1.337099609375,2.4002392578125,-1.193121068911691
1758790028.2626553,target,5,1.8521102294921874,1.4463076171875,1.4220216288167646
1758790028.282645,herder,1,3.51889990234375,2.724472412109375,-1.0804423902953022
1758790028.282645,herder,2,0.454445556640625,2.71031005859375,-0.5695067459432482
1758790028.282645,target,1,2.092675537109375,2.44211767578125,1.1177300410868014
1758790028.282645,target,2,2.18498388671875,2.010431640625,-0.9763161872035938
1758790028.282645,target,3,1.126998779296875,1.6094228515625,-0.9386293285646917
1758790028.282645,target,4,1.3371116943359376,2.40022900390625,-1.1940182878829386
1758790028.282645,target,5,1.8462508544921874,1.446456787109375,1.3251231783445039
1758790028.3026905,herder,1,3.518635986328125,2.726175537109375,-1.1064170659341992
1758790028.3026905,herder,2,0.4586839599609375,2.707449951171875,-0.5704452439113922
1758790028.3026905,target,1,2.08770361328125,2.443099853515625,1.0353744475371909
1758790028.3026905,target,2,2.1872001953125,2.0125406494140625,-1.029478608357919
1758790028.3026905,target,3,1.1307545166015625,1.603680419921875,-0.9352546374103705
1758790028.3026905,target,4,1.337109375,2.4002216796875,-1.1934018992486397
1758790028.3026905,target,5,1.840798583984375,1.4471356201171874,1.2349141890563589
1758790028.3226852,herder,1,3.518086669921875,2.72890966796875,-1.1311206813638288
1758790028.3226852,herder,2,0.4618424072265625,2.705545166015625,-0.5726566663015668
1758790028.3226852,target,1,2.08268994140625,2.44397900390625,0.9489788386139304
1758790028.3226852,target,2,2.190152099609375,2.0140029296875,-1.086212994324313
1758790028.3226852,target,3,1.134492431640625,1.598405517578125,-0.9312985116110578
1758790028.3226852,target,4,1.337091064453125,2.40023974609375,-1.193273801200207
1758790028.3226852,target,5,1.8352535400390626,1.4479901123046874,1.1309527690570993
1758790028.3426688,herder,1,3.51763671875,2.7306884765625,-1.1569450881382182
1758790028.3426688,herder,2,0.4656390686035156,2.703683349609375,-0.576009186639813
1758790028.3426688,target,1,2.078156982421875,2.446482177734375,0.8635150697560885
1758790028.3426688,target,2,2.1929912109375,2.0155531005859375,-1.1429204823636974
1758790028.3426688,target,3,1.1381124267578124,1.593091796875,-0.9292041351507923
1758790028.3426688,target,4,1.337062255859375,2.400199951171875,-1.1927133389487998
1758790028.3426688,target,5,1.82988232421875,1.4500859375,1.0310899539754714
1758790028.362698,herder,1,3.517751953125,2.7318837890625,-1.1823939891989064
1758790028.362698,herder,2,0.47005783081054686,2.7010595703125,-0.5781385170893859
1758790028.362698,target,1,2.073440673828125,2.44890771484375,0.7778565572435346
1758790028.362698,target,2,2.1956533203125,2.0179993896484376,-1.2033657169930079
1758790028.362698,target,3,1.1419852294921875,1.5879931640625,-0.9270933802498227
1758790028.362698,target,4,1.3370570068359375,2.400195556640625,-1.1924570096938798
1758790028.362698,target,5,1.82456005859375,1.45234033203125,0.9362179027766522
1758790028.3828368,herder,1,3.517937744140625,2.73333154296875,-1.207724379591086
1758790028.3828368,herder,2,0.4748179931640625,2.698003662109375,-0.5792083088992707
1758790028.3828368,target,1,2.06901416015625,2.451670654296875,0.6903095306229783
1758790028.3828368,target,2,2.1986728515625,2.019697265625,-1.2596083502641187
1758790028.3828368,target,3,1.145930419921875,1.5826146240234376,-0.9247670424586113
1758790028.3828368,target,4,1.33707080078125,2.40019140625,-1.1927801842921608
1758790028.3828368,target,5,1.8192689208984374,1.4549481201171874,0.837508835658274
1758790028.4027677,herder,1,3.517641357421875,2.735039794921875,-1.2317689958089753
1758790028.4027677,herder,2,0.47993429565429685,2.694869140625,-0.5802029995664153
1758790028.4027677,target,1,2.065458740234375,2.45469580078125,0.6025504498006244
1758790028.4027677,target,2,2.201241943359375,2.0208359375,-1.314213938413158
1758790028.4027677,target,3,1.149785400390625,1.5781868896484375,-0.9220893005615638
1758790028.4027677,target,4,1.33716650390625,2.400286376953125,-1.1947659703589784
1758790028.4027677,target,5,1.8145692138671874,1.458189453125,0.7363862788020116
1758790028.4226727,herder,1,3.518035400390625,2.73637744140625,-1.2539597855920606
1758790028.4226727,herder,2,0.4848650512695313,2.691661865234375,-0.5828443893145832
1758790028.4226727,target,1,2.06156005859375,2.458704833984375,0.5243292806853076
1758790028.4226727,target,2,2.204001953125,2.0218370361328124,-1.3595602480842095
1758790028.4226727,target,3,1.15362255859375,1.5725767822265626,-0.9215698509909439
1758790028.4226727,target,4,1.337137451171875,2.400287841796875,-1.1941248143265417
1758790028.4226727,target,5,1.8101085205078125,1.462015625,0.6391842279654819
1758790028.4425318,herder,1,3.5183916015625,2.736947998046875,-1.2765134310736692
1758790028.4425318,herder,2,0.49074609375,2.6881416015625,-0.5844787046965375
1758790028.4425318,target,1,2.0577626953125,2.4622841796875,0.43388623282685823
1758790028.4425318,target,2,2.20658251953125,2.022482666015625,-1.4107324889559187
1758790028.4425318,target,3,1.1572757568359375,1.5671060791015625,-0.9181092063124404
1758790028.4425318,target,4,1.33712548828125,2.400248046875,-1.1937226770019398
1758790028.4425318,target,5,1.8056243896484374,1.4661680908203125,0.5387540264136128
1758790028.4625485,herder,1,3.518992431640625,2.73731640625,-1.2971365510810793
1758790028.4625485,herder,2,0.4969921875,2.68389306640625,-0.5862933826633175
1758790028.4625485,target,1,2.054369140625,2.466302490234375,0.34943236794388804
1758790028.4625485,target,2,2.209470703125,2.0233216552734374,-1.4625420242764837
1758790028.4625485,target,3,1.16139404296875,1.5621270751953125,-0.9165569828710878
1758790028.4625485,target,4,1.337119873046875,2.400228271484375,-1.1941063053569658
1758790028.4625485,target,5,1.8017576904296875,1.470197265625,0.43466757100117387
1758790028.4825873,herder,1,3.519473388671875,2.737822265625,-1.316551794376084
1758790028.4825873,herder,2,0.5030009460449218,2.680521240234375,-0.588478373179673
1758790028.4825873,target,1,2.05168994140625,2.47047265625,0.2675589064201229
1758790028.4825873,target,2,2.212304931640625,2.024130859375,-1.5158473240232917
1758790028.4825873,target,3,1.16494677734375,1.5566773681640624,-0.91416320052527
1758790028.4825873,target,4,1.3370902099609374,2.40021240234375,-1.1928239932920925
1758790028.4825873,target,5,1.79843310546875,1.4752200927734376,0.33777198342708514
1758790028.5026462,herder,1,3.520020751953125,2.7384501953125,-1.3355523834893632
1758790028.5026462,herder,2,0.5092133483886718,2.676331787109375,-0.5910103070070386
1758790028.5026462,target,1,2.048908203125,2.475065185546875,0.18013113948213172
1758790028.5026462,target,2,2.215583984375,2.0245543212890627,-1.572334701798581
1758790028.5026462,target,3,1.169451904296875,1.5513563232421874,-0.9148479658205566
1758790028.5026462,target,4,1.3370694580078124,2.400251708984375,-1.1929235955168616
1758790028.5026462,target,5,1.7959742431640624,1.4800274658203125,0.24142046301894277
1758790028.5226786,herder,1,3.520361328125,2.73855419921875,-1.3544596288064352
1758790028.5226786,herder,2,0.5159921264648437,2.672025146484375,-0.593436779655237
1758790028.5226786,target,1,2.046527587890625,2.479802490234375,0.09714584149277211
1758790028.5226786,target,2,2.218778564453125,2.024736083984375,-1.6253316074911577
1758790028.5226786,target,3,1.173455322265625,1.54580615234375,-0.9121101030619007
1758790028.5226786,target,4,1.3370731201171875,2.400222900390625,-1.192655015720927
1758790028.5226786,target,5,1.7936370849609375,1.4850755615234374,0.14382474703902903
1758790028.542692,herder,1,3.520927978515625,2.73796728515625,-1.3744248148665414
1758790028.542692,herder,2,0.5226021728515625,2.667930908203125,-0.5961793695248279
1758790028.542692,target,1,2.0452550048828124,2.48390283203125,0.01530722056590847
1758790028.542692,target,2,2.2222587890625,2.02495556640625,-1.6807246923745334
1758790028.542692,target,3,1.177369873046875,1.5402266845703125,-0.9090922089146228
1758790028.542692,target,4,1.3370592041015625,2.400201171875,-1.1924136001681114
1758790028.542692,target,5,1.791298583984375,1.4899127197265625,0.045134983677364716
1758790028.5626063,herder,1,3.52132763671875,2.737634765625,-1.3949244973574264
1758790028.5626063,herder,2,0.5294800415039063,2.663434326171875,-0.5994079862933582
1758790028.5626063,target,1,2.044508056640625,2.4887587890625,-0.06581111723522422
1758790028.5626063,target,2,2.225246826171875,2.025566162109375,-1.732720648971404
1758790028.5626063,target,3,1.182046142578125,1.5350123291015625,-0.905170903946563
1758790028.5626063,target,4,1.337140869140625,2.4002236328125,-1.1948768910183802
1758790028.5626063,target,5,1.7899439697265624,1.4957537841796875,-0.052185581988862605
1758790028.582578,herder,1,3.521995361328125,2.737904541015625,-1.4140328113367993
1758790028.582578,herder,2,0.5371525268554688,2.65860888671875,-0.6014883145788736
1758790028.582578,target,1,2.0437698974609373,2.49413916015625,-0.1496290567005863
1758790028.582578,target,2,2.228028564453125,2.025412841796875,-1.7742876667395242
1758790028.582578,target,3,1.1865419921875,1.5295185546875,-0.9064784494627646
1758790028.582578,target,4,1.33710546875,2.400215087890625,-1.1938160207981472
1758790028.582578,target,5,1.789530517578125,1.5015821533203124,-0.1487721679750965
1758790028.6026988,herder,1,3.522669677734375,2.738017822265625,-1.432691317408058
1758790028.6026988,herder,2,0.5452034301757812,2.653177490234375,-0.6038247058032001
1758790028.6026988,target,1,2.0435023193359374,2.498881591796875,-0.23246634951236472
1758790028.6026988,target,2,2.230440185546875,2.0253470458984375,-1.8179166369816382
1758790028.6026988,target,3,1.1907288818359374,1.5240164794921875,-0.9053974057972742
1758790028.6026988,target,4,1.3370863037109375,2.400207763671875,-1.1931459694678832
1758790028.6026988,target,5,1.7897891845703124,1.5079984130859374,-0.2457951878073455
1758790028.6227262,herder,1,3.523562744140625,2.737105224609375,-1.4523956468393908
1758790028.6227262,herder,2,0.552189453125,2.648888427734375,-0.6063017119330828
1758790028.6227262,target,1,2.0437286376953123,2.50362451171875,-0.3157659837341377
1758790028.6227262,target,2,2.233328369140625,2.02507275390625,-1.8724994551033574
1758790028.6227262,target,3,1.1947216796875,1.5188167724609376,-0.9054883527485004
1758790028.6227262,target,4,1.337122802734375,2.40023193359375,-1.1940254784178819
1758790028.6227262,target,5,1.790625732421875,1.5132589111328125,-0.3460666316687323
1758790028.6426845,herder,1,3.524128662109375,2.736371826171875,-1.4713395106214515
1758790028.6426845,herder,2,0.5591044921875,2.64407373046875,-0.6093564908614582
1758790028.6426845,target,1,2.0439691162109375,2.50877880859375,-0.3962382230503577
1758790028.6426845,target,2,2.236147705078125,2.02467333984375,-1.9164623857461673
1758790028.6426845,target,3,1.19872998046875,1.513268310546875,-0.9019866288101824
1758790028.6426845,target,4,1.33712060546875,2.400208251953125,-1.1937844623392297
1758790028.6426845,target,5,1.792135009765625,1.51899609375,-0.4453616608059552
1758790028.6627128,herder,1,3.524443603515625,2.73662548828125,-1.488968838089449
1758790028.6627128,herder,2,0.5670505981445313,2.639063232421875,-0.6110818863526933
1758790028.6627128,target,1,2.044687744140625,2.513328857421875,-0.4781256994593594
1758790028.6627128,target,2,2.239087158203125,2.023734130859375,-1.9698069671190541
1758790028.6627128,target,3,1.2026009521484375,1.507921875,-0.8991644104239982
1758790028.6627128,target,4,1.3370965576171876,2.40020556640625,-1.19317366634322
1758790028.6627128,target,5,1.7932774658203126,1.5245264892578125,-0.5407833551642531
1758790028.6828597,herder,1,3.52469873046875,2.736044921875,-1.5069688775811856
1758790028.6828597,herder,2,0.5738035278320313,2.63428125,-0.6120540733086267
1758790028.6828597,target,1,2.0461146240234376,2.518029052734375,-0.5618355104232751
1758790028.6828597,target,2,2.24165380859375,2.0230614013671877,-2.025820302220309
1758790028.6828597,target,3,1.2066754150390624,1.5024842529296876,-0.8960788719850324
1758790028.6828597,target,4,1.3370975341796876,2.4002373046875,-1.1937125569897975
1758790028.6828597,target,5,1.7957662353515624,1.52946337890625,-0.6365227979301112
1758790028.7025745,herder,1,3.52532421875,2.734924560546875,-1.5248721111672976
1758790028.7025745,herder,2,0.5796246948242187,2.630365234375,-0.6128504250535877
1758790028.7025745,target,1,2.0477706298828124,2.522258544921875,-0.6433281732006725
1758790028.7025745,target,2,2.244274658203125,2.022130126953125,-2.0724625060777933
1758790028.7025745,target,3,1.211060302734375,1.49676708984375,-0.8936072587563572
1758790028.7025745,target,4,1.33710791015625,2.400214111328125,-1.1942099023233699
1758790028.7025745,target,5,1.798712158203125,1.534328125,-0.7325625121088758
1758790028.7226021,herder,1,3.52617333984375,2.733893310546875,-1.5421963735324267
1758790028.7226021,herder,2,0.58511572265625,2.626450439453125,-0.6134553620951991
1758790028.7226021,target,1,2.05035009765625,2.5265908203125,-0.7241170956600165
1758790028.7226021,target,2,2.24729052734375,2.020933349609375,-2.1252827110320434
1758790028.7226021,target,3,1.21467333984375,1.491453125,-0.88977310573497
1758790028.7226021,target,4,1.33709033203125,2.40018505859375,-1.1932189400817514
1758790028.7226021,target,5,1.801476318359375,1.5385255126953126,-0.8265995291479007
1758790028.7425723,herder,1,3.52683544921875,2.731688232421875,-1.5594687042562991
1758790028.7425723,herder,2,0.5906983032226563,2.622529052734375,-0.6130767271672172
1758790028.7425723,target,1,2.0525625,2.5311396484375,-0.8093303276383091
1758790028.7425723,target,2,2.249694580078125,2.020061279296875,-2.175868790147826
1758790028.7425723,target,3,1.21883349609375,1.486061279296875,-0.8850866745857304
1758790028.7425723,target,4,1.33708056640625,2.40018017578125,-1.1926156009367939
1758790028.7425723,target,5,1.8046507568359376,1.5431165771484374,-0.9227478337201132
1758790028.7625592,herder,1,3.527268310546875,2.730201904296875,-1.5766295816885516
1758790028.7625592,herder,2,0.5962667236328125,2.619281494140625,-0.6117442810948233
1758790028.7625592,target,1,2.055315185546875,2.535040771484375,-0.8879240064111008
1758790028.7625592,target,2,2.251959228515625,2.018449462890625,-2.2157721311829737
1758790028.7625592,target,3,1.2230941162109374,1.48087451171875,-0.8844347993299062
1758790028.7625592,target,4,1.337103759765625,2.40022119140625,-1.193323735470646
1758790028.7625592,target,5,1.8085072021484374,1.5469195556640625,-1.0131109534563465
1758790028.782647,herder,1,3.527577392578125,2.72938427734375,-1.5926618114508286
1758790028.782647,herder,2,0.6014913940429687,2.61568115234375,-0.610793798901774
1758790028.782647,target,1,2.058810546875,2.539129638671875,-0.9719418119550841
1758790028.782647,target,2,2.25406201171875,2.01719091796875,-2.265824912290468
1758790028.782647,target,3,1.2274608154296875,1.4754237060546875,-0.8843262755154855
1758790028.782647,target,4,1.3370927734375,2.4002138671875,-1.1930385109178985
1758790028.782647,target,5,1.8120889892578125,1.5510657958984375,-1.1121208911988765
1758790028.8027318,herder,1,3.528000732421875,2.7277119140625,-1.6079447608404118
1758790028.8027318,herder,2,0.6070547485351563,2.612349365234375,-0.609476932321757
1758790028.8027318,target,1,2.061811279296875,2.542275146484375,-1.0496780860149248
1758790028.8027318,target,2,2.256592041015625,2.0155106201171873,-2.3153543822437617
1758790028.8027318,target,3,1.231687255859375,1.470031982421875,-0.8808811437503318
1758790028.8027318,target,4,1.337105224609375,2.4002568359375,-1.193995384697564
1758790028.8027318,target,5,1.816385498046875,1.5549539794921876,-1.2072372874277104
1758790028.822715,herder,1,3.528436767578125,2.725958984375,-1.6238358430649147
1758790028.822715,herder,2,0.6124642944335937,2.60862890625,-0.6087816475401646
1758790028.822715,target,1,2.065746337890625,2.545619384765625,-1.1308165483673416
1758790028.822715,target,2,2.258690185546875,2.01373095703125,-2.372776662719723
1758790028.822715,target,3,1.2358048095703125,1.4648585205078124,-0.8735092475368834
1758790028.822715,target,4,1.337092529296875,2.400247314453125,-1.1934784651299797
1758790028.822715,target,5,1.8209346923828125,1.5579580078125,-1.30157777167295
1758790028.8427038,herder,1,3.529056640625,2.724497314453125,-1.6402550301335803
1758790028.8427038,herder,2,0.617988525390625,2.6044423828125,-0.6067741567104629
1758790028.8427038,target,1,2.06971630859375,2.548732421875,-1.2156784428188256
1758790028.8427038,target,2,2.261019287109375,2.0116331787109374,-2.425167166632089
1758790028.8427038,target,3,1.2402025146484374,1.4592513427734375,-0.8697676393633765
1758790028.8427038,target,4,1.3370780029296876,2.4002275390625,-1.192892037057944
1758790028.8427038,target,5,1.8267152099609374,1.5606297607421875,-1.3978351992708284
1758790028.8626924,herder,1,3.529306884765625,2.722819091796875,-1.6583196512817513
1758790028.8626924,herder,2,0.6242102661132812,2.6003212890625,-0.6042639942250086
1758790028.8626924,target,1,2.0735966796875,2.551113525390625,-1.3027343825343713
1758790028.8626924,target,2,2.26328466796875,2.0091622314453126,-2.481425113079468
1758790028.8626924,target,3,1.244434814453125,1.4538436279296876,-0.8685445826327577
1758790028.8626924,target,4,1.337061767578125,2.40021240234375,-1.1928438338422136
1758790028.8626924,target,5,1.8322196044921875,1.5627752685546874,-1.4975351620517978
1758790028.8827288,herder,1,3.530003173828125,2.7210595703125,-1.6784869712685944
1758790028.8827288,herder,2,0.6299918212890625,2.596334716796875,-0.604070915045978
1758790028.8827288,target,1,2.078493408203125,2.553572021484375,-1.3866202284463411
1758790028.8827288,target,2,2.265310546875,2.005991455078125,-2.537627665776173
1758790028.8827288,target,3,1.2491566162109375,1.4487677001953125,-0.864874879808683
1758790028.8827288,target,4,1.3370447998046875,2.400189208984375,-1.1931732668690564
1758790028.8827288,target,5,1.8377432861328125,1.5637041015625,-1.594920172055216
1758790028.902706,herder,1,3.530479736328125,2.719950439453125,-1.700085740341355
1758790028.902706,herder,2,0.63589208984375,2.5926884765625,-0.6034978693584201
1758790028.902706,target,1,2.083188232421875,2.554870849609375,-1.4703056714862826
1758790028.902706,target,2,2.267132568359375,2.0035174560546873,-2.589409371063347
1758790028.902706,target,3,1.253136474609375,1.4438817138671876,-0.8624388863595875
1758790028.902706,target,4,1.337054443359375,2.400144775390625,-1.1926263867392088
1758790028.902706,target,5,1.8433848876953125,1.565152587890625,-1.6954561011023612
1758790028.9227219,herder,1,3.5309599609375,2.71766552734375,-1.719987276851408
1758790028.9227219,herder,2,0.6411536865234375,2.58934765625,-0.6025234187155601
1758790028.9227219,target,1,2.088311279296875,2.5562314453125,-1.5585915921512814
1758790028.9227219,target,2,2.268701416015625,2.0016614990234376,-2.6362503798962056
1758790028.9227219,target,3,1.257524169921875,1.4385269775390626,-0.8595207941741605
1758790028.9227219,target,4,1.337058837890625,2.400161865234375,-1.192466330757695
1758790028.9227219,target,5,1.8493214111328125,1.5651995849609375,-1.7956306391895827
1758790028.9425702,herder,1,3.530691162109375,2.715072265625,-1.7380219374373156
1758790028.9425702,herder,2,0.6470814208984375,2.585083984375,-0.6014012957902553
1758790028.9425702,target,1,2.093079833984375,2.55741064453125,-1.6455157053928682
1758790028.9425702,target,2,2.269681884765625,1.9994947509765626,-2.6866107561096038
1758790028.9425702,target,3,1.2618546142578124,1.4327041015625,-0.861205110405581
1758790028.9425702,target,4,1.3370596923828124,2.400179931640625,-1.1920010765152582
1758790028.9425702,target,5,1.8550020751953125,1.5647320556640625,-1.8904343803064414
1758790028.9626324,herder,1,3.530982177734375,2.71330322265625,-1.7527850377821155
1758790028.9626324,herder,2,0.6534202880859376,2.581091064453125,-0.5997015998035394
1758790028.9626324,target,1,2.098438720703125,2.557838134765625,-1.7367199179803758
1758790028.9626324,target,2,2.271199951171875,1.9967344970703125,-2.7407019546940945
1758790028.9626324,target,3,1.266712646484375,1.42728076171875,-0.8589541400732188
1758790028.9626324,target,4,1.337045654296875,2.400165283203125,-1.192332107438755
1758790028.9626324,target,5,1.8605863037109376,1.563885986328125,-1.98622202628803
1758790028.982722,herder,1,3.530911865234375,2.711518310546875,-1.767100993379891
1758790028.982722,herder,2,0.6586669921875,2.57727197265625,-0.6001479456022367
1758790028.982722,target,1,2.103968017578125,2.558040283203125,-1.831837113157537
1758790028.982722,target,2,2.272810546875,1.9939251708984376,-2.7925963116953785
1758790028.982722,target,3,1.2711817626953126,1.422158203125,-0.8550420230109197
1758790028.982722,target,4,1.3370313720703124,2.400172607421875,-1.1922548757671427
1758790028.982722,target,5,1.866498779296875,1.563016845703125,-2.090785453851702
1758790029.0027187,herder,1,3.531237060546875,2.709561767578125,-1.7806077474804458
1758790029.0027187,herder,2,0.6647060546875,2.573742431640625,-0.5988294145465385
1758790029.0027187,target,1,2.10858837890625,2.5566123046875,-1.9168469462075748
1758790029.0027187,target,2,2.273972900390625,1.9912618408203124,-2.8475991103210028
1758790029.0027187,target,3,1.275851318359375,1.416603759765625,-0.8528802019960479
1758790029.0027187,target,4,1.3370408935546876,2.400177978515625,-1.1919737791140848
1758790029.0027187,target,5,1.871872314453125,1.5615133056640624,-2.190231351064678
1758790029.0225596,herder,1,3.531514892578125,2.707864990234375,-1.7955693864845108
1758790029.0225596,herder,2,0.670402587890625,2.5700107421875,-0.5979092923899161
1758790029.0225596,target,1,2.11428662109375,2.55617431640625,-2.0022221649591714
1758790029.0225596,target,2,2.274715087890625,1.988824951171875,-2.8994133061734755
1758790029.0225596,target,3,1.2803353271484375,1.41139208984375,-0.8499767571966163
1758790029.0225596,target,4,1.3370721435546875,2.400225830078125,-1.1931298573432882
1758790029.0225596,target,5,1.87727978515625,1.558916748046875,-2.2880279526145677
1758790029.0426953,herder,1,3.53166015625,2.705374267578125,-1.8117829775170222
1758790029.0426953,herder,2,0.6758650512695312,2.56621142578125,-0.596310996261705
1758790029.0426953,target,1,2.119083984375,2.555602294921875,-2.0862891058252666
1758790029.0426953,target,2,2.276180908203125,1.985180908203125,-2.9520344398362424
1758790029.0426953,target,3,1.2846322021484375,1.4061904296875,-0.8489749425735557
1758790029.0426953,target,4,1.3370960693359375,2.400224609375,-1.1938636913816596
1758790029.0426953,target,5,1.88220556640625,1.555541748046875,-2.3883100824098284
1758790029.0626094,herder,1,3.531494384765625,2.7026103515625,-1.8294772861156177
1758790029.0626094,herder,2,0.6812906494140625,2.56267333984375,-0.5946344697764729
1758790029.0626094,target,1,2.123865478515625,2.553856201171875,-2.1722941621746674
1758790029.0626094,target,2,2.277199951171875,1.9828255615234376,-3.0005183527455705
1758790029.0626094,target,3,1.2890953369140625,1.40071142578125,-0.847598953817339
1758790029.0626094,target,4,1.337089599609375,2.40018359375,-1.1931599510636062
1758790029.0626094,target,5,1.886259765625,1.5521417236328126,-2.4880033872880727
1758790029.08271,herder,1,3.5316650390625,2.7001044921875,-1.8491904039785478
1758790029.08271,herder,2,0.686953369140625,2.55836328125,-0.5932513570643403
1758790029.08271,target,1,2.129383544921875,2.551405029296875,-2.2568998605292854
1758790029.08271,target,2,2.277821533203125,1.9796888427734376,-3.047750047310344
1758790029.08271,target,3,1.293654296875,1.3955479736328125,-0.8427328924525734
1758790029.08271,target,4,1.3370897216796875,2.400193359375,-1.1936541006038703
1758790029.08271,target,5,1.8911607666015624,1.5478612060546875,-2.592713821343917
1758790029.1027954,herder,1,3.531860107421875,2.698455810546875,-1.869381825573256
1758790029.1027954,herder,2,0.6929616088867188,2.5548310546875,-0.590686466618485
1758790029.1027954,target,1,2.133018310546875,2.549203369140625,-2.3426139665295946
1758790029.1027954,target,2,2.278271240234375,1.977160888671875,-3.090000032740015
1758790029.1027954,target,3,1.2985618896484374,1.39009765625,-0.8414253469363718
1758790029.1027954,target,4,1.3371241455078124,2.400236328125,-1.193356226035945
1758790029.1027954,target,5,1.894792236328125,1.5440179443359374,-2.6909240118110964
1758790029.1226103,herder,1,3.531572998046875,2.6957236328125,-1.8907817896706423
1758790029.1226103,herder,2,0.698134033203125,2.551411865234375,-0.5891974932530216
1758790029.1226103,target,1,2.137520263671875,2.5462392578125,-2.4259160475306194
1758790029.1226103,target,2,2.278707275390625,1.97471240234375,-3.140453086959348
1758790029.1226103,target,3,1.30315576171875,1.3852728271484376,-0.8363045542133402
1758790029.1226103,target,4,1.3371258544921876,2.4002421875,-1.1939592988647934
1758790029.1226103,target,5,1.89904150390625,1.538872314453125,-2.794234155765777
1758790029.142566,herder,1,3.5311064453125,2.6919404296875,-1.912758727618194
1758790029.142566,herder,2,0.7040145263671875,2.54784423828125,-0.5875962010685842
1758790029.142566,target,1,2.14109814453125,2.54367822265625,-2.509491102543377
1758790029.142566,target,2,2.279013671875,1.971624755859375,3.095920772475479
1758790029.142566,target,3,1.3075682373046875,1.3796624755859375,-0.8358626026304415
1758790029.142566,target,4,1.3370982666015625,2.400230224609375,-1.1936188137194268
1758790029.142566,target,5,1.902033447265625,1.53348876953125,-2.8956084479240793
1758790029.162605,herder,1,3.530622802734375,2.688518798828125,-1.933474791947648
1758790029.162605,herder,2,0.7100971069335937,2.544333740234375,-0.5868106351260381
1758790029.162605,target,1,2.144411865234375,2.539576904296875,-2.5898935337495232
1758790029.162605,target,2,2.279158203125,1.9686484375,3.0505189358956994
1758790029.162605,target,3,1.311633544921875,1.373956787109375,-0.8302756901376188
1758790029.162605,target,4,1.33707958984375,2.400176025390625,-1.1925432961131983
1758790029.162605,target,5,1.904212158203125,1.5281851806640625,-2.9914289839451302
1758790029.182729,herder,1,3.53048779296875,2.68607373046875,-1.9523605988179449
1758790029.182729,herder,2,0.7155264282226562,2.5406044921875,-0.5856516274196356
1758790029.182729,target,1,2.147955078125,2.535754150390625,-2.676363178551088
1758790029.182729,target,2,2.27912255859375,1.9659669189453124,3.001033674416501
1758790029.182729,target,3,1.3166490478515624,1.368765625,-0.8223769540815256
1758790029.182729,target,4,1.337084228515625,2.400208251953125,-1.193667016935157
1758790029.182729,target,5,1.9062274169921876,1.52240576171875,-3.090363554228811
1758790029.20271,herder,1,3.53024853515625,2.683917724609375,-1.9667741592696717
1758790029.20271,herder,2,0.7209759521484375,2.537564453125,-0.5839183756031848
1758790029.20271,target,1,2.15033837890625,2.531461181640625,-2.7572359240057422
1758790029.20271,target,2,2.27867626953125,1.962835205078125,2.9457991807760395
1758790029.20271,target,3,1.3215302734375,1.3634544677734375,-0.8160005474835488
1758790029.20271,target,4,1.3370748291015624,2.40022314453125,-1.193795381299699
1758790029.20271,target,5,1.90670458984375,1.516734130859375,3.0979349212079064
1758790029.2226818,herder,1,3.529428955078125,2.680955322265625,-1.97939820862692
1758790029.2226818,herder,2,0.7261416625976562,2.533720703125,-0.5834270223820652
1758790029.2226818,target,1,2.15259033203125,2.527704345703125,-2.838629583769616
1758790029.2226818,target,2,2.27815380859375,1.9593699951171875,2.895943207273102
1758790029.2226818,target,3,1.3258299560546876,1.3588143310546874,-0.810026810842392
1758790029.2226818,target,4,1.3370626220703126,2.40020947265625,-1.1927993590520094
1758790029.2226818,target,5,1.9071134033203125,1.511388671875,2.9980823592964754
1758790029.242677,herder,1,3.528867919921875,2.678537841796875,-1.9908806939829056
1758790029.242677,herder,2,0.7324144287109375,2.529773681640625,-0.5821196766029453
1758790029.242677,target,1,2.1552861328125,2.523486572265625,-2.9215004989901567
1758790029.242677,target,2,2.2772373046875,1.956492431640625,2.8379038723725696
1758790029.242677,target,3,1.3301068115234376,1.353368896484375,-0.8057448472837082
1758790029.242677,target,4,1.337054443359375,2.400177490234375,-1.1924804455114724
1758790029.242677,target,5,1.9070059814453124,1.505355712890625,2.8963432140688323
1758790029.26257,herder,1,3.528505126953125,2.676696533203125,-2.0018015186649936
1758790029.26257,herder,2,0.7374249877929687,2.526787109375,-0.5800552607049432
1758790029.26257,target,1,2.157796142578125,2.519084228515625,-3.0048467884652763
1758790029.26257,target,2,2.27653125,1.9536004638671876,2.7922716723584977
1758790029.26257,target,3,1.334552001953125,1.3481944580078125,-0.7994886824089485
1758790029.26257,target,4,1.337126708984375,2.4002119140625,-1.193224399561986
1758790029.26257,target,5,1.9069393310546876,1.4999588623046876,2.7995812506024382
1758790029.2828233,herder,1,3.52792333984375,2.674347412109375,-2.013574022263689
1758790029.2828233,herder,2,0.742438720703125,2.52308154296875,-0.5782490382746241
1758790029.2828233,target,1,2.158852294921875,2.514419677734375,-3.086331262022322
1758790029.2828233,target,2,2.27610791015625,1.9512127685546874,2.747151864538157
1758790029.2828233,target,3,1.338850341796875,1.3431656494140625,-0.7924831040034406
1758790029.2828233,target,4,1.3370997314453126,2.400182861328125,-1.1928827159941289
1758790029.2828233,target,5,1.9068389892578126,1.4942685546875,2.695079075743838
1758790029.3026025,herder,1,3.527104248046875,2.67095458984375,-2.02690593983868
1758790029.3026025,herder,2,0.7484110107421875,2.5198095703125,-0.5764878898457547
1758790029.3026025,target,1,2.1600693359375,2.5093525390625,3.115335483138266
1758790029.3026025,target,2,2.27513427734375,1.949111328125,2.695278546509485
1758790029.3026025,target,3,1.34405224609375,1.3371275634765625,-0.7865369976585934
1758790029.3026025,target,4,1.3371171875,2.400224609375,-1.1935778010386395
1758790029.3026025,target,5,1.90530322265625,1.4885728759765624,2.599393561990054
1758790029.3226655,herder,1,3.5262001953125,2.667710693359375,-2.040671420039136
1758790029.3226655,herder,2,0.7543335571289063,2.515827392578125,-0.5741442415074578
1758790029.3226655,target,1,2.161157958984375,2.504734130859375,3.031417146660997
1758790029.3226655,target,2,2.274027099609375,1.9462952880859374,2.641521042009581
1758790029.3226655,target,3,1.3481856689453124,1.3318748779296874,-0.7818871183953151
1758790029.3226655,target,4,1.3370946044921874,2.4002265625,-1.193646377436709
1758790029.3226655,target,5,1.9026795654296875,1.4828070068359376,2.494666350019342
1758790029.3425713,herder,1,3.525648193359375,2.665106689453125,-2.0544153286347626
1758790029.3425713,herder,2,0.7591937866210937,2.5125224609375,-0.5715767544795396
1758790029.3425713,target,1,2.161318603515625,2.499783447265625,2.9535154237184353
1758790029.3425713,target,2,2.272908203125,1.943951416015625,2.589821095767873
1758790029.3425713,target,3,1.352814208984375,1.3265869140625,-0.7729488174077094
1758790029.3425713,target,4,1.3370946044921874,2.400203857421875,-1.193223600613659
1758790029.3425713,target,5,1.900028564453125,1.4779208984375,2.395023112569591
1758790029.362581,herder,1,3.52471435546875,2.66221044921875,-2.0688785570408195
1758790029.362581,herder,2,0.7648220825195312,2.509291748046875,-0.5689342994669357
1758790029.362581,target,1,2.16159228515625,2.495198974609375,2.87156649486728
1758790029.362581,target,2,2.271455810546875,1.9411103515625,2.536652149868877
1758790029.362581,target,3,1.3575081787109375,1.3219344482421875,-0.7686064666713079
1758790029.362581,target,4,1.3370760498046874,2.40022802734375,-1.1933326570602978
1758790029.362581,target,5,1.8960152587890624,1.4725614013671875,2.295434469922187
1758790029.3827107,herder,1,3.5238857421875,2.65910498046875,-2.083180397884817
1758790029.3827107,herder,2,0.7704702758789063,2.50552783203125,-0.5673235530606285
1758790029.3827107,target,1,2.16097607421875,2.490384521484375,2.799276052341515
1758790029.3827107,target,2,2.2701474609375,1.93886279296875,2.485598552823731
1758790029.3827107,target,3,1.3627379150390626,1.316707763671875,-0.7622066242557385
1758790029.3827107,target,4,1.3370692138671876,2.40020849609375,-1.1926213267331376
1758790029.3827107,target,5,1.8927763671875,1.4681552734375,2.194278690131326
1758790029.4027133,herder,1,3.522986083984375,2.6565263671875,-2.096210712466357
1758790029.4027133,herder,2,0.7759197387695312,2.50245751953125,-0.5659269248059637
1758790029.4027133,target,1,2.16080517578125,2.486246826171875,2.718400643725771
1758790029.4027133,target,2,2.2682431640625,1.936281982421875,2.4330770213857336
1758790029.4027133,target,3,1.3680496826171875,1.3117645263671875,-0.7578535542959495
1758790029.4027133,target,4,1.337123046875,2.40022705078125,-1.194221353916057
1758790029.4027133,target,5,1.8890235595703124,1.463878173828125,2.0881382717281634
1758790029.4226005,herder,1,3.521994140625,2.654335205078125,-2.10834354176054
1758790029.4226005,herder,2,0.7812044067382813,2.499148193359375,-0.5645332926075253
1758790029.4226005,target,1,2.15913720703125,2.48160205078125,2.642441696798422
1758790029.4226005,target,2,2.266429443359375,1.93444482421875,2.387327642283698
1758790029.4226005,target,3,1.3733779296875,1.3065010986328125,-0.7535209906765541
1758790029.4226005,target,4,1.3371170654296876,2.400211669921875,-1.1939655572933552
1758790029.4226005,target,5,1.8844986572265625,1.4596336669921874,1.989907974394754
1758790029.4426777,herder,1,3.521110107421875,2.651548583984375,-2.1199490651588873
1758790029.4426777,herder,2,0.7864710693359375,2.4959619140625,-0.563152643319401
1758790029.4426777,target,1,2.15825830078125,2.476663330078125,2.5617282083769544
1758790029.4426777,target,2,2.2651416015625,1.9317386474609375,2.340683707371505
1758790029.4426777,target,3,1.3780072021484375,1.301578369140625,-0.7488294995212432
1758790029.4426777,target,4,1.3371055908203124,2.400225830078125,-1.1942196228613486
1758790029.4426777,target,5,1.879720947265625,1.4564921875,1.8919578416080212
1758790029.462683,herder,1,3.5194892578125,2.6484150390625,-2.1327464863030996
1758790029.462683,herder,2,0.7924868774414062,2.49217431640625,-0.5590876608105313
1758790029.462683,target,1,2.156830322265625,2.47249365234375,2.486928801788226
1758790029.462683,target,2,2.26380712890625,1.9302840576171876,2.2966576598108603
1758790029.462683,target,3,1.3828231201171874,1.29638720703125,-0.7446793624365182
1758790029.462683,target,4,1.3371014404296875,2.40020458984375,-1.1928141395960594
1758790029.462683,target,5,1.8744639892578125,1.4537496337890625,1.7965218660483777
1758790029.4826758,herder,1,3.5177060546875,2.64502294921875,-2.1447007506461926
1758790029.4826758,herder,2,0.7973705444335938,2.48907470703125,-0.5565684102878572
1758790029.4826758,target,1,2.1548037109375,2.468298095703125,2.406422773615675
1758790029.4826758,target,2,2.261555419921875,1.928564697265625,2.2444668929802507
1758790029.4826758,target,3,1.3874892578125,1.2917772216796874,-0.7405091184855632
1758790029.4826758,target,4,1.3370916748046875,2.40018212890625,-1.1930085503556351
1758790029.4826758,target,5,1.8690230712890625,1.4508555908203125,1.689164915659267
1758790029.502678,herder,1,3.516545654296875,2.642570068359375,-2.1567263877065
1758790029.502678,herder,2,0.8025926513671875,2.485957275390625,-0.5539187980298237
1758790029.502678,target,1,2.15252587890625,2.464137939453125,2.323890878801902
1758790029.502678,target,2,2.259640625,1.926323486328125,2.2010403229809827
1758790029.502678,target,3,1.3922281494140625,1.2868291015625,-0.7296827694431458
1758790029.502678,target,4,1.3370615234375,2.40019189453125,-1.1925739224657341
1758790029.502678,target,5,1.8637821044921874,1.4488294677734375,1.5905134393994618
1758790029.5227497,herder,1,3.51533154296875,2.639082275390625,-2.170487606849212
1758790029.5227497,herder,2,0.808444091796875,2.482439208984375,-0.553113890879861
1758790029.5227497,target,1,2.149803466796875,2.46022705078125,2.2390561485935367
1758790029.5227497,target,2,2.257383544921875,1.924666015625,2.1503743490324974
1758790029.5227497,target,3,1.3969927978515626,1.2818682861328126,-0.7232945783573455
1758790029.5227497,target,4,1.3370308837890625,2.40017578125,-1.1914452747957587
1758790029.5227497,target,5,1.857880126953125,1.4481846923828126,1.4925447976431527
1758790029.5426168,herder,1,3.5135517578125,2.635147705078125,-2.1843092797486685
1758790029.5426168,herder,2,0.8148201904296875,2.47909521484375,-0.5510790360699587
1758790029.5426168,target,1,2.1465087890625,2.456380126953125,2.1560511432121103
1758790029.5426168,target,2,2.254806396484375,1.92306103515625,2.0977396332481715
1758790029.5426168,target,3,1.4027635498046875,1.2763955078125,-0.7212521335383365
1758790029.5426168,target,4,1.3370826416015624,2.400157958984375,-1.1926199951525926
1758790029.5426168,target,5,1.85211767578125,1.4480234375,1.3932598885180723
1758790029.562725,herder,1,3.512715576171875,2.63277587890625,-2.196616146620088
1758790029.562725,herder,2,0.8189490966796875,2.476220703125,-0.550000955171181
1758790029.562725,target,1,2.142620849609375,2.45320751953125,2.075483462860325
1758790029.562725,target,2,2.252469970703125,1.9212412109375,2.043775201131569
1758790029.562725,target,3,1.407699951171875,1.2716912841796875,-0.7188305877381547
1758790029.562725,target,4,1.3371246337890625,2.40020654296875,-1.1942108344297513
1758790029.562725,target,5,1.8461461181640626,1.4475472412109376,1.2946329133402958
1758790029.5826864,herder,1,3.511660888671875,2.630302490234375,-2.2084556287201993
1758790029.5826864,herder,2,0.8240639038085937,2.472896728515625,-0.5475490160450586
1758790029.5826864,target,1,2.138435546875,2.449563720703125,1.9855105628028153
1758790029.5826864,target,2,2.249634765625,1.91937841796875,1.995739631391755
1758790029.5826864,target,3,1.4132928466796875,1.267524169921875,-0.7153259343226377
1758790029.5826864,target,4,1.33711962890625,2.400210205078125,-1.1937225438438854
1758790029.5826864,target,5,1.840677734375,1.4480615234375,1.1968384423192782
1758790029.602777,herder,1,3.509529541015625,2.626673583984375,-2.2204514383762977
1758790029.602777,herder,2,0.8301346435546875,2.4689990234375,-0.5446892470875042
1758790029.602777,target,1,2.13437744140625,2.44690234375,1.8996771471856704
1758790029.602777,target,2,2.2474384765625,1.9180482177734375,1.9501524388001057
1758790029.602777,target,3,1.418151611328125,1.2630714111328125,-0.7102859019596627
1758790029.602777,target,4,1.337083251953125,2.400205322265625,-1.1934301287561946
1758790029.602777,target,5,1.8347740478515624,1.4490474853515625,1.0985401012200173
1758790029.622676,herder,1,3.50738330078125,2.62337890625,-2.2325921239956963
1758790029.622676,herder,2,0.8347896728515625,2.466353759765625,-0.5413932856329086
1758790029.622676,target,1,2.129810302734375,2.44405078125,1.8122570201910564
1758790029.622676,target,2,2.24539013671875,1.9172269287109376,1.9095625348359355
1758790029.622676,target,3,1.4232557373046875,1.258328857421875,-0.7098340301017035
1758790029.622676,target,4,1.3370670166015626,2.40018359375,-1.1929952345501846
1758790029.622676,target,5,1.8291578369140624,1.450688720703125,1.0021346018655304
1758790029.6426997,herder,1,3.50547119140625,2.62035595703125,-2.2443672907554815
1758790029.6426997,herder,2,0.8401403198242188,2.46303955078125,-0.5388745677424525
1758790029.6426997,target,1,2.12490673828125,2.441861083984375,1.7274919316451969
1758790029.6426997,target,2,2.2430859375,1.916158203125,1.8606389340306349
1758790029.6426997,target,3,1.4280596923828126,1.2537860107421874,-0.7048774212598753
1758790029.6426997,target,4,1.3371187744140625,2.4002392578125,-1.1941332032839755
1758790029.6426997,target,5,1.8234765625,1.452990966796875,0.9050218335045458
1758790029.6626954,herder,1,3.503859375,2.617880615234375,-2.256146452256902
1758790029.6626954,herder,2,0.8459077758789062,2.459881103515625,-0.5364954327826302
1758790029.6626954,target,1,2.120083740234375,2.440222412109375,1.6381211723101543
1758790029.6626954,target,2,2.2404443359375,1.9150228271484375,1.8127702113331146
1758790029.6626954,target,3,1.4335518798828124,1.2489677734375,-0.7004873999399615
1758790029.6626954,target,4,1.3371326904296874,2.400234619140625,-1.1938883256217427
1758790029.6626954,target,5,1.81842333984375,1.4550633544921876,0.8069091147332635
1758790029.6827729,herder,1,3.502671875,2.61571533203125,-2.267400971023577
1758790029.6827729,herder,2,0.8513563842773437,2.456595947265625,-0.5345626436215052
1758790029.6827729,target,1,2.114220703125,2.43842138671875,1.5486169886044987
1758790029.6827729,target,2,2.23784521484375,1.9139114990234376,1.7666742218152056
1758790029.6827729,target,3,1.4390869140625,1.244175048828125,-0.6957678124351503
1758790029.6827729,target,4,1.33709765625,2.400208984375,-1.1937519717739307
1758790029.6827729,target,5,1.8136925048828125,1.4582808837890624,0.7128520574070358
1758790029.7026815,herder,1,3.500457275390625,2.61209814453125,-2.2794043706887823
1758790029.7026815,herder,2,0.8564473876953125,2.453267578125,-0.5323455287245006
1758790029.7026815,target,1,2.109260009765625,2.437764404296875,1.4596158760287592
1758790029.7026815,target,2,2.235535400390625,1.913523681640625,1.7204810269175088
1758790029.7026815,target,3,1.4442762451171876,1.2394097900390626,-0.6913481634481092
1758790029.7026815,target,4,1.3370850830078125,2.400197021484375,-1.1932690075102448
1758790029.7026815,target,5,1.8091845703125,1.4615740966796875,0.6149772255001249
1758790029.72269,herder,1,3.4980654296875,2.608295654296875,-2.290931597151081
1758790029.72269,herder,2,0.8614479370117187,2.450677001953125,-0.5297929553986869
1758790029.72269,target,1,2.104150146484375,2.437276123046875,1.3721097289309354
1758790029.72269,target,2,2.232592041015625,1.91261669921875,1.6656092558175162
1758790029.72269,target,3,1.4497913818359376,1.235117919921875,-0.684896855444474
1758790029.72269,target,4,1.3370653076171874,2.400166748046875,-1.192329976909883
1758790029.72269,target,5,1.8056097412109375,1.4657286376953125,0.5225739246318091
1758790029.742687,herder,1,3.495373779296875,2.604482421875,-2.3026106237955144
1758790029.742687,herder,2,0.867101806640625,2.44738134765625,-0.5282617043509186
1758790029.742687,target,1,2.098722900390625,2.43765478515625,1.2835132836828334
1758790029.742687,target,2,2.229981201171875,1.9118626708984374,1.6111192488597863
1758790029.742687,target,3,1.4550738525390625,1.2299439697265624,-0.6809322741087003
1758790029.742687,target,4,1.3371063232421876,2.400191650390625,-1.1936198789838628
1758790029.742687,target,5,1.8024722900390624,1.470147705078125,0.42432724885769596
1758790029.7626772,herder,1,3.493777587890625,2.6018193359375,-2.314355696834982
1758790029.7626772,herder,2,0.8731639404296875,2.444197998046875,-0.5263314784823429
1758790029.7626772,target,1,2.093808837890625,2.438147705078125,1.1929341150031674
1758790029.7626772,target,2,2.227442138671875,1.911610107421875,1.5743881321570865
1758790029.7626772,target,3,1.459935302734375,1.2252930908203126,-0.6731700916375009
1758790029.7626772,target,4,1.337105712890625,2.400214111328125,-1.1942218865482752
1758790029.7626772,target,5,1.7990543212890624,1.47483984375,0.3326297189677648
1758790029.7828221,herder,1,3.4918115234375,2.598725341796875,-2.3267074379707697
1758790029.7828221,herder,2,0.8778262939453125,2.441730712890625,-0.5245706962381232
1758790029.7828221,target,1,2.088277099609375,2.439052001953125,1.1103777191073652
1758790029.7828221,target,2,2.225264892578125,1.911443359375,1.5387993784039762
1758790029.7828221,target,3,1.4659771728515625,1.2205728759765626,-0.6662397475327877
1758790029.7828221,target,4,1.3371240234375,2.4002177734375,-1.1939297377766935
1758790029.7828221,target,5,1.7968995361328124,1.4793004150390625,0.23756904938474063
1758790029.8026788,herder,1,3.489276123046875,2.594930908203125,-2.338598718554082
1758790029.8026788,herder,2,0.8826128540039062,2.438956298828125,-0.5224159658896538
1758790029.8026788,target,1,2.083428466796875,2.440543701171875,1.0191816957402093
1758790029.8026788,target,2,2.2228232421875,1.91131103515625,1.4895727098666245
1758790029.8026788,target,3,1.47080419921875,1.2164808349609375,-0.6595365710690583
1758790029.8026788,target,4,1.337106689453125,2.40022314453125,-1.1929869787508054
1758790029.8026788,target,5,1.79506298828125,1.4847518310546874,0.13913405483204522
1758790029.8226643,herder,1,3.487316162109375,2.5919697265625,-2.349011944732401
1758790029.8226643,herder,2,0.8882543334960937,2.435590087890625,-0.5203217558769564
1758790029.8226643,target,1,2.078660400390625,2.44225634765625,0.9285694372839991
1758790029.8226643,target,2,2.219735107421875,1.9115372314453125,1.4406673517147908
1758790029.8226643,target,3,1.4760479736328125,1.2115845947265624,-0.6560666053267394
1758790029.8226643,target,4,1.337105712890625,2.4002578125,-1.1930841841305933
1758790029.8226643,target,5,1.79257861328125,1.4898270263671876,0.041657024290586535
1758790029.842596,herder,1,3.48505029296875,2.5893095703125,-2.35966139329941
1758790029.842596,herder,2,0.8939421997070313,2.432225830078125,-0.5172859186818342
1758790029.842596,target,1,2.073572998046875,2.444935546875,0.8420463295235511
1758790029.842596,target,2,2.217123291015625,1.911828369140625,1.392407144337029
1758790029.842596,target,3,1.48180419921875,1.20735498046875,-0.6486524314309862
1758790029.842596,target,4,1.3371104736328125,2.4002275390625,-1.1935847252574738
1758790029.842596,target,5,1.791598388671875,1.49558544921875,-0.05348596609844547
1758790029.8625925,herder,1,3.482748779296875,2.58613623046875,-2.3689046928108572
1758790029.8625925,herder,2,0.89895263671875,2.428906982421875,-0.5146449616973434
1758790029.8625925,target,1,2.069301513671875,2.447544921875,0.7539154714130221
1758790029.8625925,target,2,2.21462109375,1.911778076171875,1.3439129782575034
1758790029.8625925,target,3,1.4870816650390626,1.202685791015625,-0.6431879577692798
1758790029.8625925,target,4,1.33714208984375,2.40022802734375,-1.1942497165816666
1758790029.8625925,target,5,1.7910018310546876,1.5013826904296874,-0.15155106005929647
1758790029.882754,herder,1,3.4801806640625,2.5831650390625,-2.3786191055191392
1758790029.882754,herder,2,0.9043533325195312,2.42647216796875,-0.51177051206428
1758790029.882754,target,1,2.065151611328125,2.4507421875,0.6629145911747419
1758790029.882754,target,2,2.211453369140625,1.9120435791015624,1.2918810689859168
1758790029.882754,target,3,1.492054443359375,1.1982236328125,-0.637103766521912
1758790029.882754,target,4,1.3371270751953126,2.40022509765625,-1.1941775449161254
1758790029.882754,target,5,1.7910364990234375,1.507246826171875,-0.252653410180788
1758790029.902653,herder,1,3.477099853515625,2.579496337890625,-2.388164141182092
1758790029.902653,herder,2,0.9097638549804687,2.423631591796875,-0.509982632155969
1758790029.902653,target,1,2.0609443359375,2.45415185546875,0.5748401255002955
1758790029.902653,target,2,2.208328125,1.912633544921875,1.242681298375575
1758790029.902653,target,3,1.4971500244140625,1.1932974853515625,-0.6340802797363451
1758790029.902653,target,4,1.33708984375,2.40020263671875,-1.193429729282031
1758790029.902653,target,5,1.7916998291015624,1.5126622314453124,-0.34637106427084197
1758790029.9227285,herder,1,3.47428759765625,2.576348876953125,-2.398255657500729
1758790029.9227285,herder,2,0.9147860107421875,2.42121630859375,-0.5082164570105421
1758790029.9227285,target,1,2.058070068359375,2.458619873046875,0.4845245099000064
1758790029.9227285,target,2,2.205728515625,1.9132469482421874,1.1840298358984875
1758790029.9227285,target,3,1.503035400390625,1.188916259765625,-0.6268843518919237
1758790029.9227285,target,4,1.337109130859375,2.4001904296875,-1.193642382695074
1758790029.9227285,target,5,1.79267236328125,1.5177867431640626,-0.43769192331409507
1758790029.9426885,herder,1,3.472379150390625,2.573823486328125,-2.407083770198233
1758790029.9426885,herder,2,0.9203528442382812,2.418343994140625,-0.50576075616938
1758790029.9426885,target,1,2.054196533203125,2.462482177734375,0.3955550223622115
1758790029.9426885,target,2,2.2031982421875,1.914184326171875,1.141869332681443
1758790029.9426885,target,3,1.508595703125,1.1847406005859376,-0.6244154018243385
1758790029.9426885,target,4,1.3370894775390625,2.400184814453125,-1.1924014827851515
1758790029.9426885,target,5,1.794161376953125,1.5222550048828125,-0.5062647261161639
1758790029.9626293,herder,1,3.469294921875,2.5702734375,-2.416497778335554
1758790029.9626293,herder,2,0.9253814697265625,2.41513916015625,-0.5037920809125662
1758790029.9626293,target,1,2.051355224609375,2.46690625,0.3135152464283709
1758790029.9626293,target,2,2.20106787109375,1.9148765869140625,1.102349087369103
1758790029.9626293,target,3,1.5138240966796874,1.1806015625,-0.6172337884707764
1758790029.9626293,target,4,1.337077880859375,2.400179931640625,-1.1925721914110257
1758790029.9626293,target,5,1.79542138671875,1.5256748046875,-0.5625632191911392
1758790029.9827876,herder,1,3.46610302734375,2.566889404296875,-2.4272913039175363
1758790029.9827876,herder,2,0.9300380249023438,2.412591796875,-0.5006976874629758
1758790029.9827876,target,1,2.0491103515625,2.47139306640625,0.22448560473945384
1758790029.9827876,target,2,2.198313232421875,1.915965576171875,1.049710110527033
1758790029.9827876,target,3,1.5198624267578125,1.17656591796875,-0.6100776083056244
1758790029.9827876,target,4,1.3370618896484374,2.40018505859375,-1.1923998848884976
1758790029.9827876,target,5,1.7952818603515626,1.5283990478515626,-0.6122167924512305
1758790030.0026953,herder,1,3.46375048828125,2.563628662109375,-2.4381775075054533
1758790030.0026953,herder,2,0.9355480346679688,2.409499755859375,-0.49727542559368315
1758790030.0026953,target,1,2.0468212890625,2.476156005859375,0.1380624903555598
1758790030.0026953,target,2,2.1959814453125,1.917157470703125,1.0100630987468053
1758790030.0026953,target,3,1.5247957763671875,1.172431884765625,-0.6059240756905095
1758790030.0026953,target,4,1.3370709228515625,2.400209716796875,-1.193555430485483
1758790030.0026953,target,5,1.795679931640625,1.531590576171875,-0.6520751926429832
1758790030.0225718,herder,1,3.460970703125,2.560578125,-2.4497489424418473
1758790030.0225718,herder,2,0.940800048828125,2.406515625,-0.49445806747648835
1758790030.0225718,target,1,2.0452657470703124,2.480265869140625,0.05247996115785724
1758790030.0225718,target,2,2.194986328125,1.917436767578125,0.9833980651743325
1758790030.0225718,target,3,1.530196533203125,1.1682518310546874,-0.6001514077116539
1758790030.0225718,target,4,1.3370308837890625,2.400168701171875,-1.1918388900048722
1758790030.0225718,target,5,1.7958089599609375,1.5337916259765625,-0.6833763236200933
1758790030.042703,herder,1,3.457851806640625,2.55738037109375,-2.459989595781529
1758790030.042703,herder,2,0.9458764038085937,2.40424658203125,-0.4915440699012372
1758790030.042703,target,1,2.043830078125,2.485778564453125,-0.032400610791365476
1758790030.042703,target,2,2.194183349609375,1.917498046875,0.9738332555402857
1758790030.042703,target,3,1.5353875732421876,1.1643311767578124,-0.5917202391746265
1758790030.042703,target,4,1.3370330810546875,2.400163818359375,-1.1921317045667266
1758790030.042703,target,5,1.795912353515625,1.5352208251953126,-0.7056410827024555
1758790030.062693,herder,1,3.45485986328125,2.55453076171875,-2.469664860021787
1758790030.062693,herder,2,0.9495948486328125,2.402283447265625,-0.4883454136949703
1758790030.062693,target,1,2.042064208984375,2.49028759765625,-0.11118576876593925
1758790030.062693,target,2,2.19421533203125,1.91720654296875,0.9785832030815237
1758790030.062693,target,3,1.539606689453125,1.1602335205078125,-0.5839001329497178
1758790030.062693,target,4,1.337080078125,2.400174560546875,-1.1926416999154767
1758790030.062693,target,5,1.7956519775390625,1.536704833984375,-0.7165322797174163
1758790030.0826795,herder,1,3.4526611328125,2.552152587890625,-2.4785142780080114
1758790030.0826795,herder,2,0.9545366821289063,2.399615478515625,-0.4842560632621264
1758790030.0826795,target,1,2.041873046875,2.49540869140625,-0.19646618730510754
1758790030.0826795,target,2,2.19461572265625,1.91696484375,0.9820333282737214
1758790030.0826795,target,3,1.54355029296875,1.157196533203125,-0.5795808851357728
1758790030.0826795,target,4,1.3370615234375,2.4001650390625,-1.1919277064272265
1758790030.0826795,target,5,1.79542333984375,1.537446533203125,-0.7212254353484084
1758790030.1026464,herder,1,3.44941748046875,2.54897509765625,-2.4880973968745526
1758790030.1026464,herder,2,0.9611915283203125,2.3965,-0.478497876221698
1758790030.1026464,target,1,2.0413792724609374,2.500005859375,-0.27838984941542066
1758790030.1026464,target,2,2.1944658203125,1.917050537109375,0.9820160843056631
1758790030.1026464,target,3,1.5458695068359376,1.1551519775390624,-0.5717148393820602
1758790030.1026464,target,4,1.33710595703125,2.4001923828125,-1.194209636007261
1758790030.1026464,target,5,1.7952113037109374,1.5376915283203125,-0.724728890341435
1758790030.1226702,herder,1,3.4463515625,2.5455859375,-2.499314365069857
1758790030.1226702,herder,2,0.9660380859375,2.3935029296875,-0.4733054777548568
1758790030.1226702,target,1,2.042059326171875,2.504510498046875,-0.36014536619240894
1758790030.1226702,target,2,2.194339111328125,1.917068603515625,0.9802451487597876
1758790030.1226702,target,3,1.549152587890625,1.1529267578125,-0.5676523868762261
1758790030.1226702,target,4,1.3371046142578125,2.400216552734375,-1.194118822214089
1758790030.1226702,target,5,1.79533154296875,1.53752294921875,-0.7236545711576969
1758790030.1425385,herder,1,3.44359912109375,2.54267822265625,-2.510811231495729
1758790030.1425385,herder,2,0.9698905029296875,2.391736572265625,-0.46830655794120996
1758790030.1425385,target,1,2.0419365234375,2.50989599609375,-0.4428723708455445
1758790030.1425385,target,2,2.194572021484375,1.9170318603515626,0.980516857770003
1758790030.1425385,target,3,1.5519232177734374,1.15027490234375,-0.5575907312513114
1758790030.1425385,target,4,1.33708837890625,2.40019482421875,-1.1939690194027721
1758790030.1425385,target,5,1.7952901611328125,1.5375482177734374,-0.7234134219209903
1758790030.1626089,herder,1,3.440932373046875,2.540069091796875,-2.5209126015103998
1758790030.1626089,herder,2,0.9743139038085937,2.3896689453125,-0.46427915929322405
1758790030.1626089,target,1,2.0426153564453124,2.514705078125,-0.5174694437704542
1758790030.1626089,target,2,2.19446533203125,1.917090087890625,0.9800221090184935
1758790030.1626089,target,3,1.5536531982421875,1.148499755859375,-0.5492336651716154
1758790030.1626089,target,4,1.3370662841796874,2.400182861328125,-1.1932614175011382
1758790030.1626089,target,5,1.7952880859375,1.5375447998046874,-0.7238701540479389
1758790030.1829228,herder,1,3.43771240234375,2.53740625,-2.529257883102272
1758790030.1829228,herder,2,0.979826904296875,2.38690869140625,-0.4609557007003733
1758790030.1829228,target,1,2.0432437744140626,2.518582763671875,-0.5754676328321454
1758790030.1829228,target,2,2.194462158203125,1.9170550537109374,0.980925586418303
1758790030.1829228,target,3,1.55574072265625,1.1469228515625,-0.5415768440110422
1758790030.1829228,target,4,1.3370633544921875,2.4001806640625,-1.1925415650584896
1758790030.1829228,target,5,1.7953634033203125,1.537518798828125,-0.7238958535524581
1758790030.2025936,herder,1,3.43360498046875,2.5343720703125,-2.538231937027512
1758790030.2025936,herder,2,0.9865083618164062,2.383844970703125,-0.45717128221234343
1758790030.2025936,target,1,2.0435408935546877,2.52139892578125,-0.618591534573526
1758790030.2025936,target,2,2.194468994140625,1.9170360107421875,0.981148892475706
1758790030.2025936,target,3,1.5568277587890624,1.146020751953125,-0.5363372410138795
1758790030.2025936,target,4,1.337046630859375,2.400156982421875,-1.191997614405841
1758790030.2025936,target,5,1.7952835693359375,1.5375731201171876,-0.7236518414175797
1758790030.2226436,herder,1,3.43021142578125,2.531487060546875,-2.5478174527390345
1758790030.2226436,herder,2,0.991250732421875,2.381132080078125,-0.4524366478473733
1758790030.2226436,target,1,2.0439852294921876,2.5234814453125,-0.6528156845840798
1758790030.2226436,target,2,2.19438818359375,1.9170147705078124,0.9818312609260116
1758790030.2226436,target,3,1.557710693359375,1.1453665771484376,-0.5333160179152391
1758790030.2226436,target,4,1.337050048828125,2.40017578125,-1.192130239828127
1758790030.2226436,target,5,1.7953560791015626,1.5375123291015624,-0.7233598923830797
1758790030.2427099,herder,1,3.4274169921875,2.529156494140625,-2.5566721970474386
1758790030.2427099,herder,2,0.9949236450195312,2.37927099609375,-0.4477298102262809
1758790030.2427099,target,1,2.0439971923828124,2.525657958984375,-0.6755148718192612
1758790030.2427099,target,2,2.194549072265625,1.917109619140625,0.9792579815227226
1758790030.2427099,target,3,1.5582501220703124,1.1449725341796875,-0.5332492058613918
1758790030.2427099,target,4,1.33705859375,2.40018017578125,-1.1919700506885587
1758790030.2427099,target,5,1.7953094482421874,1.5375611572265624,-0.7241286138317311
1758790030.2626586,herder,1,3.424254638671875,2.526116943359375,-2.5656784752218686
1758790030.2626586,herder,2,0.9996620483398437,2.3772392578125,-0.4435461506013345
1758790030.2626586,target,1,2.04424462890625,2.526843505859375,-0.6948121370779753
1758790030.2626586,target,2,2.1945302734375,1.91711669921875,0.9789417311432757
1758790030.2626586,target,3,1.5584912109375,1.144753662109375,-0.5321524495454699
1758790030.2626586,target,4,1.337042724609375,2.400156494140625,-1.191695611938226
1758790030.2626586,target,5,1.7954639892578126,1.53744384765625,-0.7253054647174371
1758790030.2826478,herder,1,3.42019873046875,2.522552978515625,-2.5753356299667143
1758790030.2826478,herder,2,1.005433837890625,2.374537109375,-0.4400727227495987
1758790030.2826478,target,1,2.044382568359375,2.52799365234375,-0.7111541590540558
1758790030.2826478,target,2,2.194494140625,1.9170928955078126,0.9798239032543644
1758790030.2826478,target,3,1.5583819580078124,1.144762939453125,-0.532955459193156
1758790030.2826478,target,4,1.337072021484375,2.40020458984375,-1.1930977662521527
1758790030.2826478,target,5,1.795618408203125,1.5366556396484374,-0.71580849911216
1758790030.302685,herder,1,3.4160576171875,2.51983056640625,-2.5849938499759952
1758790030.302685,herder,2,1.0111624755859374,2.372299072265625,-0.4363124724484613
1758790030.302685,target,1,2.04396728515625,2.528808349609375,-0.7168453343035551
1758790030.302685,target,2,2.19447802734375,1.9170811767578124,0.980047608785931
1758790030.302685,target,3,1.5583326416015626,1.144823486328125,-0.532403885241887
1758790030.302685,target,4,1.3371051025390626,2.400203857421875,-1.1940077683966328
1758790030.302685,target,5,1.7951290283203125,1.535970703125,-0.7004091030039131
1758790030.322672,herder,1,3.41344287109375,2.51731103515625,-2.5931172902490642
1758790030.322672,herder,2,1.0163005981445312,2.369951416015625,-0.43223347505435505
1758790030.322672,target,1,2.0437496337890626,2.529062255859375,-0.7182637339001313
1758790030.322672,target,2,2.194478759765625,1.9170638427734374,0.9796670430661587
1758790030.322672,target,3,1.55841943359375,1.1447398681640626,-0.5326893095317162
1758790030.322672,target,4,1.337091796875,2.400212646484375,-1.1936612911388136
1758790030.322672,target,5,1.7942349853515625,1.5350985107421875,-0.6928979234654536
1758790030.3425744,herder,1,3.41001611328125,2.5152138671875,-2.60246285514637
1758790030.3425744,herder,2,1.020021484375,2.367694091796875,-0.4283871713604945
1758790030.3425744,target,1,2.0437933349609376,2.5288798828125,-0.715479532138508
1758790030.3425744,target,2,2.194467041015625,1.917054931640625,0.9805378301635874
1758790030.3425744,target,3,1.558316650390625,1.1448604736328125,-0.5324112089348847
1758790030.3425744,target,4,1.3370894775390625,2.40017822265625,-1.1935527673243929
1758790030.3425744,target,5,1.7944530029296875,1.5357799072265625,-0.6938625869913075
1758790030.3625574,herder,1,3.406024658203125,2.51238232421875,-2.611261140439665
1758790030.3625574,herder,2,1.0245850830078125,2.365837890625,-0.42401865506638303
1758790030.3625574,target,1,2.043828125,2.528837646484375,-0.7179256455997458
1758790030.3625574,target,2,2.1944521484375,1.9170303955078125,0.9811110090091997
1758790030.3625574,target,3,1.5583697509765626,1.1448043212890624,-0.5313333277731888
1758790030.3625574,target,4,1.3370810546875,2.400177734375,-1.1930084171975806
1758790030.3625574,target,5,1.7954005126953125,1.5364046630859376,-0.7113448413881055
1758790030.38267,herder,1,3.40237646484375,2.509358642578125,-2.6206961875495978
1758790030.38267,herder,2,1.030642822265625,2.363002197265625,-0.42008423402995443
1758790030.38267,target,1,2.0437373046875,2.52892236328125,-0.7167129751973782
1758790030.38267,target,2,2.19440771484375,1.9170164794921876,0.981560284285096
1758790030.38267,target,3,1.558367919921875,1.14478955078125,-0.5309239666241299
1758790030.38267,target,4,1.3371064453125,2.400188720703125,-1.194529614812234
1758790030.38267,target,5,1.7964146728515624,1.5373974609375,-0.7433301384492569
1758790030.402719,herder,1,3.399025634765625,2.506619873046875,-2.6303634623065855
1758790030.402719,herder,2,1.0352520751953125,2.36087548828125,-0.41538615155094566
1758790030.402719,target,1,2.043817138671875,2.52886767578125,-0.7170046579157691
1758790030.402719,target,2,2.1944609375,1.91706787109375,0.9796585875296977
1758790030.402719,target,3,1.558315185546875,1.144880615234375,-0.5322389357018702
1758790030.402719,target,4,1.3370975341796876,2.400210205078125,-1.193757031780002
1758790030.402719,target,5,1.797875,1.539172119140625,-0.7818285288513334
1758790030.4225733,herder,1,3.395572998046875,2.503883056640625,-2.6390653411684193
1758790030.4225733,herder,2,1.039294677734375,2.358998046875,-0.4108638044143685
1758790030.4225733,target,1,2.043755615234375,2.528903076171875,-0.7169298896681652
1758790030.4225733,target,2,2.194448486328125,1.9170657958984374,0.980601413134613
1758790030.4225733,target,3,1.5583564453125,1.144843505859375,-0.5321165301602674
1758790030.4225733,target,4,1.3370908203125,2.4001962890625,-1.1938551692661712
1758790030.4225733,target,5,1.79905615234375,1.5400799560546874,-0.8120899617388765
1758790030.442627,herder,1,3.391613525390625,2.501281005859375,-2.6477792042551584
1758790030.442627,herder,2,1.04453662109375,2.356870361328125,-0.4062958506441237
1758790030.442627,target,1,2.0437818603515625,2.528876953125,-0.7175886225637962
1758790030.442627,target,2,2.194502685546875,1.917093994140625,0.980600347870177
1758790030.442627,target,3,1.5583328857421874,1.1447613525390625,-0.5323402689813477
1758790030.442627,target,4,1.337072265625,2.400166259765625,-1.1926245225264456
1758790030.442627,target,5,1.7994083251953126,1.5408221435546876,-0.8205879090402376
1758790030.4626882,herder,1,3.387562744140625,2.49843603515625,-2.656270959706985
1758790030.4626882,herder,2,1.0501151123046875,2.3547578125,-0.40088460691470534
1758790030.4626882,target,1,2.0438203125,2.528876708984375,-0.7182295122801238
1758790030.4626882,target,2,2.19450341796875,1.9170987548828125,0.9794419393750198
1758790030.4626882,target,3,1.55837451171875,1.144816650390625,-0.5319021124030024
1758790030.4626882,target,4,1.3370794677734374,2.400160888671875,-1.192688837866771
1758790030.4626882,target,5,1.7992242431640626,1.54048095703125,-0.8190121166232377
1758790030.4826164,herder,1,3.38369775390625,2.496254150390625,-2.6651914840943145
1758790030.4826164,herder,2,1.055036376953125,2.352511962890625,-0.39608802076487726
1758790030.4826164,target,1,2.0437930908203126,2.52889990234375,-0.7178986145146814
1758790030.4826164,target,2,2.1944990234375,1.917099853515625,0.979656257263744
1758790030.4826164,target,3,1.5583853759765625,1.144841064453125,-0.531251768464805
1758790030.4826164,target,4,1.3371322021484375,2.400229736328125,-1.1952626499022783
1758790030.4826164,target,5,1.799478271484375,1.540346435546875,-0.820240566255064
1758790030.5026376,herder,1,3.379539306640625,2.493689453125,-2.673401210786702
1758790030.5026376,herder,2,1.0592503662109376,2.350450927734375,-0.3917326205391344
1758790030.5026376,target,1,2.0438084716796876,2.52887841796875,-0.7176603281761467
1758790030.5026376,target,2,2.194477294921875,1.9170693359375,0.9800742403968318
1758790030.5026376,target,3,1.5583680419921875,1.14481298828125,-0.5317944208264224
1758790030.5026376,target,4,1.3371156005859375,2.40021044921875,-1.1945312127088878
1758790030.5026376,target,5,1.7995576171875,1.5406484375,-0.8268150454591153
1758790030.5226943,herder,1,3.375580810546875,2.491052001953125,-2.6823222678062493
1758790030.5226943,herder,2,1.064127197265625,2.348868896484375,-0.38726909597313436
1758790030.5226943,target,1,2.0437786865234373,2.52891748046875,-0.7181133318775691
1758790030.5226943,target,2,2.194468017578125,1.917060546875,0.9807098037909793
1758790030.5226943,target,3,1.5584090576171874,1.14484033203125,-0.5317130612551204
1758790030.5226943,target,4,1.3371085205078126,2.400201416015625,-1.1941221511654518
1758790030.5226943,target,5,1.799202392578125,1.540370849609375,-0.8161077397174246
1758790030.5426884,herder,1,3.37212109375,2.4886826171875,-2.6912611680051004
1758790030.5426884,herder,2,1.069707763671875,2.346443359375,-0.3826789713868146
1758790030.5426884,target,1,2.0437900390625,2.5288466796875,-0.7169025256879645
1758790030.5426884,target,2,2.194474853515625,1.9170845947265625,0.9814237307002023
1758790030.5426884,target,3,1.558382568359375,1.14486767578125,-0.5311217063350683
1758790030.5426884,target,4,1.337032958984375,2.400115966796875,-1.1931570215864071
1758790030.5426884,target,5,1.798205322265625,1.540213623046875,-0.7906640983998893
1758790030.5625944,herder,1,3.36806298828125,2.4858916015625,-2.699864243590492
1758790030.5625944,herder,2,1.0740570068359374,2.344576171875,-0.3757987945791358
1758790030.5625944,target,1,2.0437684326171874,2.528846923828125,-0.7168085161014848
1758790030.5625944,target,2,2.194437744140625,1.9170391845703125,0.9816302588427379
1758790030.5625944,target,3,1.5584403076171875,1.1448201904296875,-0.5304494246073914
1758790030.5625944,target,4,1.3377623291015626,2.3999482421875,-1.1844580722017721
1758790030.5625944,target,5,1.7962984619140625,1.5387099609375,-0.7506098227099612
1758790030.5826573,herder,1,3.3635,2.48324072265625,-2.70810060189378
1758790030.5826573,herder,2,1.077601806640625,2.34252490234375,-0.36943826707915867
1758790030.5826573,target,1,2.04375537109375,2.528806396484375,-0.7152503671267066
1758790030.5826573,target,2,2.19451318359375,1.91711328125,0.978946325096156
1758790030.5826573,target,3,1.5584151611328125,1.1447918701171875,-0.5311131509300664
1758790030.5826573,target,4,1.342116943359375,2.400021484375,-1.169390173070213
1758790030.5826573,target,5,1.793664306640625,1.537335205078125,-0.7133169787543364
1758790030.6027062,herder,1,3.35957373046875,2.4810244140625,-2.716521250944502
1758790030.6027062,herder,2,1.080833740234375,2.340847900390625,-0.36689458205348313
1758790030.6027062,target,1,2.0438040771484376,2.528796630859375,-0.7153710749031145
1758790030.6027062,target,2,2.19451171875,1.9171173095703125,0.9798029974398073
1758790030.6027062,target,3,1.5584063720703125,1.1447987060546876,-0.530917641616541
1758790030.6027062,target,4,1.34768115234375,2.401046142578125,-1.1711795510066372
1758790030.6027062,target,5,1.7920947265625,1.53505517578125,-0.6641415094889415
1758790030.622668,herder,1,3.355861572265625,2.478904541015625,-2.7255219364806424
1758790030.622668,herder,2,1.08190771484375,2.3411796875,-0.365700653647287
1758790030.622668,target,1,2.043831298828125,2.5287958984375,-0.7152140815568543
1758790030.622668,target,2,2.194514892578125,1.917120361328125,0.9806855024460323
1758790030.622668,target,3,1.5583387451171875,1.1448817138671874,-0.5314575309485273
1758790030.622668,target,4,1.351430419921875,2.40119482421875,-1.1636073850792148
1758790030.622668,target,5,1.790888916015625,1.5329630126953124,-0.6247538895988876
1758790030.6426861,herder,1,3.35157275390625,2.476239013671875,-2.734127675227125
1758790030.6426861,herder,2,1.0815279541015625,2.341716552734375,-0.3662998648925548
1758790030.6426861,target,1,2.04378662109375,2.528877685546875,-0.7180621326056124
1758790030.6426861,target,2,2.19449560546875,1.917113525390625,0.9809293148438291
1758790030.6426861,target,3,1.5584163818359376,1.144844970703125,-0.5325880095417523
1758790030.6426861,target,4,1.3535750732421874,2.4010576171875,-1.1636649093587605
1758790030.6426861,target,5,1.7903740234375,1.5312509765625,-0.5934524923056685
1758790030.6626318,herder,1,3.346825927734375,2.473724853515625,-2.741907035087355
1758790030.6626318,herder,2,1.080283935546875,2.341978271484375,-0.3672386291768077
1758790030.6626318,target,1,2.043771240234375,2.528833740234375,-0.7157100953098816
1758790030.6626318,target,2,2.19445556640625,1.9170574951171875,0.9817865198196982
1758790030.6626318,target,3,1.5584217529296875,1.1447916259765625,-0.5334057664439747
1758790030.6626318,target,4,1.3538387451171876,2.401371826171875,-1.1665656244180749
1758790030.6626318,target,5,1.789601806640625,1.5290753173828124,-0.5471049672228016
1758790030.6826625,herder,1,3.343003662109375,2.471400146484375,-2.748886115040017
1758790030.6826625,herder,2,1.0802100830078125,2.342003173828125,-0.36728779778843335
1758790030.6826625,target,1,2.043794921875,2.528793212890625,-0.7151809252012828
1758790030.6826625,target,2,2.194443359375,1.917028564453125,0.9819278670945543
1758790030.6826625,target,3,1.558485107421875,1.1447244873046876,-0.5332935807830552
1758790030.6826625,target,4,1.352776611328125,2.401341796875,-1.1651142016239817
1758790030.6826625,target,5,1.788564453125,1.526601318359375,-0.49868753347218403
1758790030.7026281,herder,1,3.339158447265625,2.469388427734375,-2.7563648040131774
1758790030.7026281,herder,2,1.0808314208984375,2.34148876953125,-0.36730357701789207
1758790030.7026281,target,1,2.043815185546875,2.528879150390625,-0.7176793697779407
1758790030.7026281,target,2,2.1944453125,1.9170322265625,0.9824494471940463
1758790030.7026281,target,3,1.5584486083984375,1.1447379150390624,-0.5349344541991939
1758790030.7026281,target,4,1.3522017822265624,2.40131787109375,-1.16277381565802
1758790030.7026281,target,5,1.786709716796875,1.5237926025390625,-0.44927727326718503
1758790030.722712,herder,1,3.334557373046875,2.46677392578125,-2.7640677311501225
1758790030.722712,herder,2,1.0806922607421876,2.34123681640625,-0.3666126864520982
1758790030.722712,target,1,2.04377880859375,2.528809326171875,-0.7152534963409874
1758790030.722712,target,2,2.1944404296875,1.9170728759765625,0.9817857874503985
1758790030.722712,target,3,1.5584805908203125,1.1446492919921876,-0.5336432871236962
1758790030.722712,target,4,1.35242041015625,2.40177685546875,-1.1604922855521491
1758790030.722712,target,5,1.7857578125,1.5218836669921876,-0.40531517486221563
1758790030.7426686,herder,1,3.32984619140625,2.464625244140625,-2.7710899543124436
1758790030.7426686,herder,2,1.080636962890625,2.341400634765625,-0.36439880063791535
1758790030.7426686,target,1,2.04380029296875,2.528863037109375,-0.7171588549428847
1758790030.7426686,target,2,2.194464599609375,1.9170706787109375,0.9819244049851371
1758790030.7426686,target,3,1.5584661865234375,1.1448477783203126,-0.5308087516174704
1758790030.7426686,target,4,1.3524498291015625,2.40174560546875,-1.1624118920658784
1758790030.7426686,target,5,1.7847578125,1.5204425048828125,-0.3838826203309896
1758790030.7626996,herder,1,3.3256474609375,2.462609130859375,-2.7775915294816538
1758790030.7626996,herder,2,1.0813870849609375,2.341295654296875,-0.3628947804122931
1758790030.7626996,target,1,2.043770263671875,2.528846435546875,-0.7163710918924393
1758790030.7626996,target,2,2.19447119140625,1.91708203125,0.9821247412781383
1758790030.7626996,target,3,1.558479736328125,1.14489697265625,-0.5312418814792581
1758790030.7626996,target,4,1.352220947265625,2.4013876953125,-1.1582355228444159
1758790030.7626996,target,5,1.7845887451171876,1.520444091796875,-0.37733317484118495
1758790030.7826216,herder,1,3.323728515625,2.461419189453125,-2.78092394295367
1758790030.7826216,herder,2,1.082099609375,2.341143798828125,-0.36107424349111494
1758790030.7826216,target,1,2.043771728515625,2.52880419921875,-0.7153689443742425
1758790030.7826216,target,2,2.194540771484375,1.9171580810546875,0.97946737256343
1758790030.7826216,target,3,1.5584813232421875,1.14481787109375,-0.5321099721260831
1758790030.7826216,target,4,1.3523836669921876,2.401367431640625,-1.1572400332289443
1758790030.7826216,target,5,1.7844248046875,1.5205814208984374,-0.3785884558209938
1758790030.8027432,herder,1,3.317539794921875,2.45837451171875,-2.791239164803874
1758790030.8027432,herder,2,1.0854722900390625,2.33979052734375,-0.3595794444607671
1758790030.8027432,target,1,2.0437371826171873,2.52879541015625,-0.7162868694229655
1758790030.8027432,target,2,2.194539306640625,1.917114990234375,0.9795832866498757
1758790030.8027432,target,3,1.5585419921875,1.1447314453125,-0.5305723294916986
1758790030.8027432,target,4,1.35313525390625,2.4018271484375,-1.157310740155886
1758790030.8027432,target,5,1.7842244873046875,1.520647705078125,-0.377676023542019
1758790030.82261,herder,1,3.31267138671875,2.4558955078125,-2.7982797637777166
1758790030.82261,herder,2,1.0890521240234374,2.3384296875,-0.35967545141806445
1758790030.82261,target,1,2.0437205810546875,2.528864013671875,-0.7180753818320355
1758790030.82261,target,2,2.1945283203125,1.917103759765625,0.9793912061562537
1758790030.82261,target,3,1.55835546875,1.1449102783203124,-0.531978345389206
1758790030.82261,target,4,1.3535518798828126,2.402031982421875,-1.1540749994314397
1758790030.82261,target,5,1.7842313232421876,1.520509521484375,-0.37438964946734765
1758790030.8427002,herder,1,3.30829150390625,2.453921875,-2.8057070537418385
1758790030.8427002,herder,2,1.0909107666015625,2.337718017578125,-0.36019892901983314
1758790030.8427002,target,1,2.0437381591796875,2.528819091796875,-0.7161987187908839
1758790030.8427002,target,2,2.19451953125,1.917100341796875,0.979155582978809
1758790030.8427002,target,3,1.5584510498046875,1.1448536376953125,-0.5311274987104393
1758790030.8427002,target,4,1.353990234375,2.40213427734375,-1.1511240837855774
1758790030.8427002,target,5,1.7848370361328125,1.5206209716796875,-0.3825248409387263
