time,type,id,x,y,yaw
1758560015.1131077,herder,1,-0.65033251953125,-1.9016033935546874,-0.7874574527103521
1758560015.1131077,herder,2,1.0991629638671876,3.36038671875,0.0734256565523032
1758560015.1131077,target,1,2.6478720703125,1.6192203369140625,-0.8818665799326884
1758560015.1131077,target,2,3.400679931640625,-1.1219342041015625,3.1368242636580064
1758560015.1131077,target,3,3.932323486328125,3.9138017578125,0.4635954259728598
1758560015.1131077,target,4,-2.949942626953125,-2.332322998046875,-1.7578774012605105
1758560015.1131077,target,5,1.580438232421875,-4.74924365234375,-1.0811984617287755
1758560015.133079,herder,1,-0.6503352661132813,-1.90158740234375,-0.7877601875472668
1758560015.133079,herder,2,1.0991573486328126,3.36038037109375,0.07385940227009304
1758560015.133079,target,1,2.64788232421875,1.6192261962890624,-0.8823060680915786
1758560015.133079,target,2,3.400747314453125,-1.1220208740234374,3.1351949417030958
1758560015.133079,target,3,3.932283935546875,3.913769775390625,0.46239314189874353
1758560015.133079,target,4,-2.949943115234375,-2.332314453125,-1.7574458360058631
1758560015.133079,target,5,1.580416259765625,-4.74917236328125,-1.0799822626379636
1758560015.1532886,herder,1,-0.6503106689453125,-1.9015941162109375,-0.787508452245227
1758560015.1532886,herder,2,1.0991363525390625,3.360376220703125,0.07404472499244893
1758560015.1532886,target,1,2.64790966796875,1.6192481689453124,-0.8808800784858957
1758560015.1532886,target,2,3.4013251953125,-1.1226666259765625,-3.1289889774148842
1758560015.1532886,target,3,3.932414306640625,3.91384130859375,0.4648046675553239
1758560015.1532886,target,4,-2.949900390625,-2.332333251953125,-1.7576379830785123
1758560015.1532886,target,5,1.58039501953125,-4.74916455078125,-1.0815786279743844
1758560015.1732557,herder,1,-0.6503033447265625,-1.9016185302734374,-0.7874642437711318
1758560015.1732557,herder,2,1.0991326904296874,3.36038037109375,0.07377659460494838
1758560015.1732557,target,1,2.647876953125,1.61926708984375,-0.8817609855954667
1758560015.1732557,target,2,3.40117041015625,-1.1224183349609376,-3.1266464609200506
1758560015.1732557,target,3,3.932361083984375,3.9138076171875,0.46442816315621394
1758560015.1732557,target,4,-2.94993505859375,-2.33231494140625,-1.7578229396162184
1758560015.1732557,target,5,1.580460205078125,-4.7492666015625,-1.0811152379447106
1758560015.1931884,herder,1,-0.6503130493164062,-1.9016148681640626,-0.7876008639350528
1758560015.1931884,herder,2,1.0990987548828124,3.360391357421875,0.07386022618555528
1758560015.1931884,target,1,2.647896240234375,1.6192337646484376,-0.8823736458042394
1758560015.1931884,target,2,3.400927978515625,-1.1209781494140625,-3.123810993307443
1758560015.1931884,target,3,3.932318359375,3.913808837890625,0.4630496776864753
1758560015.1931884,target,4,-2.9499345703125,-2.33230712890625,-1.7578327933122515
1758560015.1931884,target,5,1.5804361572265626,-4.74923095703125,-1.080702314817694
1758560015.2131488,herder,1,-0.650330078125,-1.9016085205078126,-0.7875850181265669
1758560015.2131488,herder,2,1.0991329345703125,3.360404052734375,0.07356968363300605
1758560015.2131488,target,1,2.647896728515625,1.6192559814453125,-0.8809405322426405
1758560015.2131488,target,2,3.40175390625,-1.1204901123046875,-3.1206881706132164
1758560015.2131488,target,3,3.932306396484375,3.91379052734375,0.46299108814249357
1758560015.2131488,target,4,-2.94993017578125,-2.332322021484375,-1.7575266629449469
1758560015.2131488,target,5,1.5804891357421875,-4.7493134765625,-1.081549998992666
1758560015.2333612,herder,1,-0.6503388061523437,-1.9015972900390625,-0.7875719686372255
1758560015.2333612,herder,2,1.099139892578125,3.360390869140625,0.07341507048697013
1758560015.2333612,target,1,2.647635009765625,1.619380126953125,-0.8893553223389639
1758560015.2333612,target,2,3.401353515625,-1.1225733642578124,-3.1283008165892077
1758560015.2333612,target,3,3.932308837890625,3.913796630859375,0.46240046559174125
1758560015.2333612,target,4,-2.949910888671875,-2.33233154296875,-1.7576108188353934
1758560015.2333612,target,5,1.5804410400390625,-4.7492978515625,-1.0810543181347751
1758560015.2531564,herder,1,-0.6503359375,-1.9015810546875,-0.7874874132726155
1758560015.2531564,herder,2,1.0991368408203126,3.36038232421875,0.0738141368539401
1758560015.2531564,target,1,2.647723388671875,1.6193262939453126,-0.8866486851440891
1758560015.2531564,target,2,3.401311767578125,-1.1226463623046874,-3.129862760568539
1758560015.2531564,target,3,3.932331787109375,3.91381640625,0.46432573132278676
1758560015.2531564,target,4,-2.9499306640625,-2.332324951171875,-1.7578121538138034
1758560015.2531564,target,5,1.580468505859375,-4.749267578125,-1.0810357425861719
1758560015.2732,herder,1,-0.6503297729492188,-1.9015775146484375,-0.7875262954245306
1758560015.2732,herder,2,1.099140380859375,3.3603671875,0.07356494819969275
1758560015.2732,target,1,2.647793212890625,1.619333740234375,-0.8854427392234739
1758560015.2732,target,2,3.400892822265625,-1.1221177978515624,-3.1279894930577776
1758560015.2732,target,3,3.93234765625,3.913783935546875,0.4632813727013122
1758560015.2732,target,4,-2.9499345703125,-2.33231689453125,-1.7576640820571952
1758560015.2732,target,5,1.580473388671875,-4.7492626953125,-1.081009110975271
1758560015.2932253,herder,1,-0.6503124389648437,-1.901602294921875,-0.7874182376633007
1758560015.2932253,herder,2,1.0991492919921875,3.360365966796875,0.07353810020695338
1758560015.2932253,target,1,2.647811279296875,1.6192056884765624,-0.8835317214042604
1758560015.2932253,target,2,3.401537841796875,-1.12283544921875,-3.1279559372280423
1758560015.2932253,target,3,3.93227783203125,3.913794921875,0.46272054426525516
1758560015.2932253,target,4,-2.9499306640625,-2.33230908203125,-1.7574220007141068
1758560015.2932253,target,5,1.580462158203125,-4.7492763671875,-1.0799555644480356
1758560015.313213,herder,1,-0.6503079833984375,-1.9016142578125,-0.7876379484532322
1758560015.313213,herder,2,1.0991383056640625,3.3603935546875,0.07374258104440103
1758560015.313213,target,1,2.64785400390625,1.6192000732421874,-0.882496417530492
1758560015.313213,target,2,3.4012958984375,-1.1225614013671874,-3.1341714888961785
1758560015.313213,target,3,3.932295654296875,3.913791748046875,0.4633116994482255
1758560015.313213,target,4,-2.9499345703125,-2.332324951171875,-1.7577715406071797
1758560015.313213,target,5,1.5804329833984374,-4.74924169921875,-1.0827119361762676
1758560015.3332036,herder,1,-0.6503114013671875,-1.9016116943359376,-0.7875781604867599
1758560015.3332036,herder,2,1.0991243896484375,3.360400146484375,0.07367419606103484
1758560015.3332036,target,1,2.64783154296875,1.619209716796875,-0.8828113363293939
1758560015.3332036,target,2,3.401394287109375,-1.122805419921875,-3.126428348026773
1758560015.3332036,target,3,3.93232568359375,3.91378466796875,0.46269923897653453
1758560015.3332036,target,4,-2.949937255859375,-2.332322998046875,-1.7577375853032813
1758560015.3332036,target,5,1.580435791015625,-4.74925537109375,-1.0808813458219744
1758560015.3532999,herder,1,-0.650338623046875,-1.901605224609375,-0.7874840843212528
1758560015.3532999,herder,2,1.099138427734375,3.36038330078125,0.07370725254806546
1758560015.3532999,target,1,2.6478916015625,1.61921728515625,-0.8829924978625465
1758560015.3532999,target,2,3.40091943359375,-1.1221273193359376,-3.1355004062801277
1758560015.3532999,target,3,3.932287109375,3.91378271484375,0.4630241446295242
1758560015.3532999,target,4,-2.94992724609375,-2.3323095703125,-1.7574658097140388
1758560015.3532999,target,5,1.58040087890625,-4.74925146484375,-1.0810012546500554
1758560015.3731618,herder,1,-0.6503424072265624,-1.9015950927734375,-0.7875389454397085
1758560015.3731618,herder,2,1.0991322021484375,3.3603837890625,0.07373311017777444
1758560015.3731618,target,1,2.647882080078125,1.6192261962890624,-0.8831311153972852
1758560015.3731618,target,2,3.400707275390625,-1.1218751220703125,3.140678656703678
1758560015.3731618,target,3,3.9322861328125,3.91378759765625,0.4630400237275238
1758560015.3731618,target,4,-2.949928955078125,-2.332304443359375,-1.7575126813492241
1758560015.3731618,target,5,1.5804677734375,-4.7492548828125,-1.0809698293491923
1758560015.3930926,herder,1,-0.6503311157226562,-1.901580810546875,-0.7877148472297082
1758560015.3930926,herder,2,1.0991356201171876,3.360401123046875,0.07385136285255237
1758560015.3930926,target,1,2.6478291015625,1.619168701171875,-0.8815848840683852
1758560015.3930926,target,2,3.401306884765625,-1.122793701171875,-3.1235393508762552
1758560015.3930926,target,3,3.9322919921875,3.913777099609375,0.4631593333443593
1758560015.3930926,target,4,-2.949912841796875,-2.332311279296875,-1.7581213468163617
1758560015.3930926,target,5,1.5804835205078125,-4.74930419921875,-1.0814023267102213
1758560015.4132295,herder,1,-0.650310546875,-1.9015928955078125,-0.7875536594047312
1758560015.4132295,herder,2,1.0991405029296875,3.360380126953125,0.07382654552014419
1758560015.4132295,target,1,2.6478896484375,1.61920166015625,-0.8804648916719524
1758560015.4132295,target,2,3.40159423828125,-1.1229130859375,-3.122252777753638
1758560015.4132295,target,3,3.932268310546875,3.913798095703125,0.4624178094283404
1758560015.4132295,target,4,-2.94990966796875,-2.332311279296875,-1.7584129629557252
1758560015.4132295,target,5,1.5804510498046875,-4.749294921875,-1.0797927121473774
1758560015.4331963,herder,1,-0.6503005981445312,-1.9016143798828125,-0.7877429435792086
1758560015.4331963,herder,2,1.0991126708984376,3.36039013671875,0.0738128468852871
1758560015.4331963,target,1,2.6479130859375,1.6192598876953126,-0.8806264789710929
1758560015.4331963,target,2,3.40152490234375,-1.122956298828125,-3.1350135804328616
1758560015.4331963,target,3,3.932314453125,3.913787353515625,0.46299325196087926
1758560015.4331963,target,4,-2.949919189453125,-2.33231982421875,-1.7574712691942733
1758560015.4331963,target,5,1.5804501953125,-4.74926416015625,-1.0800742748536258
1758560015.4532633,herder,1,-0.6503005981445312,-1.9016143798828125,-0.7877429435792086
1758560015.4532633,herder,2,1.0991126708984376,3.36039013671875,0.0738128468852871
1758560015.4532633,target,1,2.6479130859375,1.6192598876953126,-0.8806264789710929
1758560015.4532633,target,2,3.40152490234375,-1.122956298828125,-3.1350135804328616
1758560015.4532633,target,3,3.932314453125,3.913787353515625,0.46299325196087926
1758560015.4532633,target,4,-2.949919189453125,-2.33231982421875,-1.7574712691942733
1758560015.4532633,target,5,1.5804501953125,-4.74926416015625,-1.0800742748536258
1758560015.4730713,herder,1,-0.6503215942382813,-1.9016123046875,-0.7874395429520212
1758560015.4730713,herder,2,1.0991141357421874,3.36039013671875,0.07374544394257287
1758560015.4730713,target,1,2.647859619140625,1.61918505859375,-0.881478623940891
1758560015.4730713,target,2,3.401660888671875,-1.12311279296875,-3.1243239181333924
1758560015.4730713,target,3,3.932283935546875,3.91378662109375,0.46320587208440844
1758560015.4730713,target,4,-2.94994140625,-2.332318603515625,-1.7575406445406698
1758560015.4730713,target,5,1.5804537353515624,-4.74920751953125,-1.0813318195203614
1758560015.4930668,herder,1,-0.6503406982421875,-1.9015960693359375,-0.7875450707102156
1758560015.4930668,herder,2,1.09913916015625,3.360383056640625,0.07371169669813452
1758560015.4930668,target,1,2.6478740234375,1.6192342529296875,-0.8820758378153413
1758560015.4930668,target,2,3.40130615234375,-1.122840576171875,-3.118529678549707
1758560015.4930668,target,3,3.932305419921875,3.91380029296875,0.4629353947861973
1758560015.4930668,target,4,-2.94993408203125,-2.33230419921875,-1.75708830662952
1758560015.4930668,target,5,1.580463134765625,-4.74926513671875,-1.0815559245260915
1758560015.513104,herder,1,-0.650336669921875,-1.901595703125,-0.7875430067603708
1758560015.513104,herder,2,1.099150390625,3.360369873046875,0.07354100471701726
1758560015.513104,target,1,2.6479111328125,1.619251708984375,-0.8818304940999178
1758560015.513104,target,2,3.401249267578125,-1.12286376953125,-3.1141216143134076
1758560015.513104,target,3,3.93227490234375,3.913796142578125,0.4625916139789817
1758560015.513104,target,4,-2.9499169921875,-2.33230224609375,-1.7572357125958558
1758560015.513104,target,5,1.5804464111328125,-4.7492646484375,-1.0798186113889783
1758560015.533102,herder,1,-0.6503292236328125,-1.9015950927734375,-0.787515842517252
1758560015.533102,herder,2,1.099136962890625,3.3603798828125,0.07372167522984391
1758560015.533102,target,1,2.647958251953125,1.6192886962890625,-0.8831375735629287
1758560015.533102,target,2,3.401481201171875,-1.12289990234375,-3.11819332130403
1758560015.533102,target,3,3.9322626953125,3.913782958984375,0.4619124413219842
1758560015.533102,target,4,-2.949928955078125,-2.3322978515625,-1.757360748009035
1758560015.533102,target,5,1.580443603515625,-4.74924951171875,-1.0805917936324556
1758560015.5530877,herder,1,-0.6503094482421875,-1.9015986328125,-0.7875790925931414
1758560015.5530877,herder,2,1.0991143798828125,3.36037255859375,0.07359683955374645
1758560015.5530877,target,1,2.64787841796875,1.6192646484375,-0.8811202956162208
1758560015.5530877,target,2,3.401216064453125,-1.1226297607421876,-3.12807471421266
1758560015.5530877,target,3,3.932254150390625,3.91379345703125,0.4621289896081213
1758560015.5530877,target,4,-2.949941650390625,-2.332312255859375,-1.7580365251356427
1758560015.5530877,target,5,1.5804210205078124,-4.7492451171875,-1.0818278998524158
1758560015.5731134,herder,1,-0.650310546875,-1.9016246337890625,-0.7875650444183913
1758560015.5731134,herder,2,1.0991072998046876,3.360389892578125,0.07359905330640258
1758560015.5731134,target,1,2.647881591796875,1.6192366943359375,-0.8835048234772506
1758560015.5731134,target,2,3.40121630859375,-1.122727783203125,-3.119340877417745
1758560015.5731134,target,3,3.93228125,3.913804443359375,0.4624612189541087
1758560015.5731134,target,4,-2.949927490234375,-2.332310546875,-1.7575307908446365
1758560015.5731134,target,5,1.5803974609375,-4.7492451171875,-1.0812446009946612
1758560015.5930893,herder,1,-0.6503206176757812,-1.901620849609375,-0.787565244155473
1758560015.5930893,herder,2,1.0991348876953124,3.360390380859375,0.0735272228583761
1758560015.5930893,target,1,2.647880126953125,1.6192481689453124,-0.8812690331631018
1758560015.5930893,target,2,3.40228173828125,-1.1231561279296876,-3.1406775914392417
1758560015.5930893,target,3,3.932340087890625,3.913774658203125,0.463558208296626
1758560015.5930893,target,4,-2.94992529296875,-2.3323271484375,-1.757056881328657
1758560015.5930893,target,5,1.5804349365234376,-4.7492138671875,-1.0821486776057159
1758560015.6133206,herder,1,-0.6503391723632812,-1.9016005859375,-0.7875185056783421
1758560015.6133206,herder,2,1.0991282958984374,3.360396728515625,0.07364420220925783
1758560015.6133206,target,1,2.64784423828125,1.619121826171875,-0.8824088661096557
1758560015.6133206,target,2,3.401889404296875,-1.12321533203125,-3.134692136889289
1758560015.6133206,target,3,3.932306884765625,3.913791748046875,0.4631220490890982
1758560015.6133206,target,4,-2.949939208984375,-2.33232958984375,-1.7577307942425016
1758560015.6133206,target,5,1.5804300537109375,-4.74930908203125,-1.0798575601199207
1758560015.6331575,herder,1,-0.6503633422851562,-1.9015816650390625,-0.7874570532361885
1758560015.6331575,herder,2,1.0991578369140624,3.360393798828125,0.07382121919796403
1758560015.6331575,target,1,2.6478544921875,1.6191949462890625,-0.881118764298594
1758560015.6331575,target,2,3.4014296875,-1.1225682373046875,3.1385553183665578
1758560015.6331575,target,3,3.9323046875,3.91378955078125,0.4624764655513494
1758560015.6331575,target,4,-2.949954833984375,-2.3323212890625,-1.7577050947379822
1758560015.6331575,target,5,1.580438232421875,-4.749255859375,-1.0802494442743258
1758560015.6531587,herder,1,-0.6503440551757812,-1.9015904541015625,-0.7876021955155978
1758560015.6531587,herder,2,1.099139892578125,3.360376953125,0.07385842022944107
1758560015.6531587,target,1,2.64782958984375,1.6191644287109375,-0.8825177228192127
1758560015.6531587,target,2,3.401112548828125,-1.1223798828125,-3.134731551673422
1758560015.6531587,target,3,3.932301025390625,3.913775634765625,0.46186836600594344
1758560015.6531587,target,4,-2.94993701171875,-2.332314453125,-1.7575574224555375
1758560015.6531587,target,5,1.5804837646484375,-4.74930810546875,-1.0804712855931295
1758560015.673084,herder,1,-0.6503151245117188,-1.9015999755859374,-0.7875106493531264
1758560015.673084,herder,2,1.09910595703125,3.360375244140625,0.07398509515116637
1758560015.673084,target,1,2.647840576171875,1.61920166015625,-0.8838444430952629
1758560015.673084,target,2,3.401169189453125,-1.1224888916015625,-3.1336401882587075
1758560015.673084,target,3,3.932267578125,3.913771240234375,0.46223957737238686
1758560015.673084,target,4,-2.949912841796875,-2.33232763671875,-1.7572124099363176
1758560015.673084,target,5,1.5804515380859374,-4.74926708984375,-1.080535068301237
1758560015.693093,herder,1,-0.6503086547851562,-1.9016124267578125,-0.7875520615080771
1758560015.693093,herder,2,1.09910693359375,3.360384521484375,0.07361139539357942
1758560015.693093,target,1,2.647828125,1.6191685791015624,-0.884058494667878
1758560015.693093,target,2,3.401087890625,-1.1222490234375,-3.1283958914401238
1758560015.693093,target,3,3.93229345703125,3.913789306640625,0.4624272969397238
1758560015.693093,target,4,-2.949919921875,-2.33232568359375,-1.757983794546059
1758560015.693093,target,5,1.580453369140625,-4.74927685546875,-1.0805797428285229
1758560015.7130737,herder,1,-0.6503086547851562,-1.9016124267578125,-0.7875520615080771
1758560015.7130737,herder,2,1.09910693359375,3.360384521484375,0.07361139539357942
1758560015.7130737,target,1,2.647828125,1.6191685791015624,-0.884058494667878
1758560015.7130737,target,2,3.401087890625,-1.1222490234375,-3.1283958914401238
1758560015.7130737,target,3,3.93229345703125,3.913789306640625,0.4624272969397238
1758560015.7130737,target,4,-2.949919921875,-2.33232568359375,-1.757983794546059
1758560015.7130737,target,5,1.580453369140625,-4.74927685546875,-1.0805797428285229
1758560015.7331343,herder,1,-0.6503502197265625,-1.9016162109375,-0.7876448726720664
1758560015.7331343,herder,2,1.099153564453125,3.360389404296875,0.0737559883960139
1758560015.7331343,target,1,2.647843994140625,1.619190673828125,-0.880051302754663
1758560015.7331343,target,2,3.4015869140625,-1.12292822265625,-3.1295061632985774
1758560015.7331343,target,3,3.932295166015625,3.9137822265625,0.46281981359488783
1758560015.7331343,target,4,-2.949924560546875,-2.332324951171875,-1.75770975526989
1758560015.7331343,target,5,1.5804295654296876,-4.7492998046875,-1.080664031877024
1758560015.7534235,herder,1,-0.6503502197265625,-1.9016162109375,-0.7876448726720664
1758560015.7534235,herder,2,1.099153564453125,3.360389404296875,0.0737559883960139
1758560015.7534235,target,1,2.647843994140625,1.619190673828125,-0.880051302754663
1758560015.7534235,target,2,3.4015869140625,-1.12292822265625,-3.1295061632985774
1758560015.7534235,target,3,3.932295166015625,3.9137822265625,0.46281981359488783
1758560015.7534235,target,4,-2.949924560546875,-2.332324951171875,-1.75770975526989
1758560015.7534235,target,5,1.5804295654296876,-4.7492998046875,-1.080664031877024
1758560015.7732124,herder,1,-0.6503402709960937,-1.9015855712890626,-0.7875976015627175
1758560015.7732124,herder,2,1.099154052734375,3.360369384765625,0.073560920168544
1758560015.7732124,target,1,2.64780810546875,1.619202880859375,-0.8833339151142947
1758560015.7732124,target,2,3.401548095703125,-1.12289208984375,-3.124322852868956
1758560015.7732124,target,3,3.9322685546875,3.9137626953125,0.46287953498233286
1758560015.7732124,target,4,-2.949903076171875,-2.332330322265625,-1.7576951078838945
1758560015.7732124,target,5,1.580448974609375,-4.7492548828125,-1.0801122248991595
1758560015.7931387,herder,1,-0.6503272094726562,-1.90159130859375,-0.7877118511734819
1758560015.7931387,herder,2,1.09915283203125,3.36037890625,0.07357819742611589
1758560015.7931387,target,1,2.647872314453125,1.6192486572265625,-0.8826225847871345
1758560015.7931387,target,2,3.401791748046875,-1.123425048828125,-3.1319221830394977
1758560015.7931387,target,3,3.9322978515625,3.913753662109375,0.46321639157071426
1758560015.7931387,target,4,-2.949908447265625,-2.332341796875,-1.7566491513657658
1758560015.7931387,target,5,1.5804833984375,-4.749263671875,-1.0795405107921467
1758560015.8130808,herder,1,-0.650306884765625,-1.9016126708984376,-0.7876150452678575
1758560015.8130808,herder,2,1.0991195068359374,3.3603857421875,0.07376645794804927
1758560015.8130808,target,1,2.647884521484375,1.619230224609375,-0.8818838904797738
1758560015.8130808,target,2,3.401750244140625,-1.1231790771484376,-3.122638936111699
1758560015.8130808,target,3,3.932278076171875,3.9137919921875,0.46288832341393016
1758560015.8130808,target,4,-2.9499404296875,-2.332329345703125,-1.7575611508810636
1758560015.8130808,target,5,1.580486572265625,-4.74928125,-1.0812842820949033
1758560015.833279,herder,1,-0.6503114013671875,-1.901615966796875,-0.7875637794168735
1758560015.833279,herder,2,1.09911083984375,3.36038232421875,0.07379827440069732
1758560015.833279,target,1,2.64790087890625,1.619231201171875,-0.8811484585447484
1758560015.833279,target,2,3.40172265625,-1.1230997314453126,-3.1227414678136673
1758560015.833279,target,3,3.93226904296875,3.913790283203125,0.4622550902857366
1758560015.833279,target,4,-2.949959716796875,-2.332321533203125,-1.7574069538539479
1758560015.833279,target,5,1.5804439697265624,-4.74925048828125,-1.0821044691316206
1758560015.8531427,herder,1,-0.6503235473632812,-1.901618896484375,-0.7875143111996252
1758560015.8531427,herder,2,1.0991160888671876,3.360387451171875,0.07371467610960404
1758560015.8531427,target,1,2.64791064453125,1.619264892578125,-0.880571284957501
1758560015.8531427,target,2,3.401563720703125,-1.12299267578125,-3.1306728941721413
1758560015.8531427,target,3,3.93227001953125,3.913778076171875,0.4621094153741092
1758560015.8531427,target,4,-2.949936767578125,-2.332328857421875,-1.7572451668177256
1758560015.8531427,target,5,1.5804488525390625,-4.74926318359375,-1.0806786792630194
1758560015.8732724,herder,1,-0.6503235473632812,-1.901618896484375,-0.7875143111996252
1758560015.8732724,herder,2,1.0991160888671876,3.360387451171875,0.07371467610960404
1758560015.8732724,target,1,2.64791064453125,1.619264892578125,-0.880571284957501
1758560015.8732724,target,2,3.401563720703125,-1.12299267578125,-3.1306728941721413
1758560015.8732724,target,3,3.93227001953125,3.913778076171875,0.4621094153741092
1758560015.8732724,target,4,-2.949936767578125,-2.332328857421875,-1.7572451668177256
1758560015.8732724,target,5,1.5804488525390625,-4.74926318359375,-1.0806786792630194
1758560015.8932207,herder,1,-0.6503235473632812,-1.901618896484375,-0.7875143111996252
1758560015.8932207,herder,2,1.0991160888671876,3.360387451171875,0.07371467610960404
1758560015.8932207,target,1,2.64791064453125,1.619264892578125,-0.880571284957501
1758560015.8932207,target,2,3.401563720703125,-1.12299267578125,-3.1306728941721413
1758560015.8932207,target,3,3.93227001953125,3.913778076171875,0.4621094153741092
1758560015.8932207,target,4,-2.949936767578125,-2.332328857421875,-1.7572451668177256
1758560015.8932207,target,5,1.5804488525390625,-4.74926318359375,-1.0806786792630194
1758560015.9132552,herder,1,-0.6503340454101563,-1.901591064453125,-0.7875012617102839
1758560015.9132552,herder,2,1.0991566162109374,3.3603662109375,0.07373619778016324
1758560015.9132552,target,1,2.64787451171875,1.619191650390625,-0.8810720258214632
1758560015.9132552,target,2,3.4017431640625,-1.1231304931640624,-3.123544943514544
1758560015.9132552,target,3,3.932270263671875,3.913779541015625,0.46306682178599273
1758560015.9132552,target,4,-2.949939453125,-2.332324462890625,-1.757886056534053
1758560015.9132552,target,5,1.5804566650390626,-4.7492314453125,-1.0821474791832253
1758560015.9331014,herder,1,-0.6503065795898437,-1.9015958251953125,-0.7876940079941783
1758560015.9331014,herder,2,1.09912890625,3.36038818359375,0.07361018864871047
1758560015.9331014,target,1,2.64787646484375,1.6191871337890624,-0.8792614757543729
1758560015.9331014,target,2,3.40174609375,-1.1231942138671875,-3.124671194339539
1758560015.9331014,target,3,3.932277587890625,3.913787109375,0.46242456719960645
1758560015.9331014,target,4,-2.949938232421875,-2.332312744140625,-1.757656891522252
1758560015.9331014,target,5,1.5804423828125,-4.7492734375,-1.0814312885870758
1758560015.953098,herder,1,-0.65030078125,-1.9016092529296875,-0.7875171740977971
1758560015.953098,herder,2,1.0991153564453124,3.360374267578125,0.07387427436030546
1758560015.953098,target,1,2.64787451171875,1.619124755859375,-0.880526077797997
1758560015.953098,target,2,3.40153955078125,-1.123065185546875,-3.1243055423218706
1758560015.953098,target,3,3.932295654296875,3.913805419921875,0.46324332278723773
1758560015.953098,target,4,-2.949927001953125,-2.332321044921875,-1.7572215978420784
1758560015.953098,target,5,1.58042919921875,-4.7492275390625,-1.080896259524079
1758560015.973108,herder,1,-0.65030078125,-1.9016092529296875,-0.7875171740977971
1758560015.973108,herder,2,1.0991153564453124,3.360374267578125,0.07387427436030546
1758560015.973108,target,1,2.64787451171875,1.619124755859375,-0.880526077797997
1758560015.973108,target,2,3.40153955078125,-1.123065185546875,-3.1243055423218706
1758560015.973108,target,3,3.932295654296875,3.913805419921875,0.46324332278723773
1758560015.973108,target,4,-2.949927001953125,-2.332321044921875,-1.7572215978420784
1758560015.973108,target,5,1.58042919921875,-4.7492275390625,-1.080896259524079
1758560015.993079,herder,1,-0.6503078002929688,-1.9016229248046874,-0.7876423426690308
1758560015.993079,herder,2,1.0991075439453124,3.360366455078125,0.07374564367965462
1758560015.993079,target,1,2.647894287109375,1.6191480712890625,-0.8816547254679725
1758560015.993079,target,2,3.401072265625,-1.12246435546875,-3.1367398414514507
1758560015.993079,target,3,3.9322900390625,3.913768310546875,0.4621132103786626
1758560015.993079,target,4,-2.94991943359375,-2.33232275390625,-1.7578702107255673
1758560015.993079,target,5,1.5804935302734375,-4.74926123046875,-1.0804179557923006
1758560016.0130918,herder,1,-0.6503220825195313,-1.901624267578125,-0.7875388788606812
1758560016.0130918,herder,2,1.0991177978515625,3.360392578125,0.0735440174180004
1758560016.0130918,target,1,2.647538818359375,1.6193319091796874,-0.8919241409474271
1758560016.0130918,target,2,3.400732177734375,-1.12212744140625,-3.1375286697663323
1758560016.0130918,target,3,3.93228076171875,3.9137763671875,0.4621108801127088
1758560016.0130918,target,4,-2.94992529296875,-2.332313232421875,-1.7570024196843648
1758560016.0130918,target,5,1.5804320068359374,-4.74923046875,-1.082524183319417
1758560016.0333474,herder,1,-0.6503220825195313,-1.901624267578125,-0.7875388788606812
1758560016.0333474,herder,2,1.0991177978515625,3.360392578125,0.0735440174180004
1758560016.0333474,target,1,2.647538818359375,1.6193319091796874,-0.8919241409474271
1758560016.0333474,target,2,3.400732177734375,-1.12212744140625,-3.1375286697663323
1758560016.0333474,target,3,3.93228076171875,3.9137763671875,0.4621108801127088
1758560016.0333474,target,4,-2.94992529296875,-2.332313232421875,-1.7570024196843648
1758560016.0333474,target,5,1.5804320068359374,-4.74923046875,-1.082524183319417
1758560016.0532274,herder,1,-0.6503220825195313,-1.901624267578125,-0.7875388788606812
1758560016.0532274,herder,2,1.0991177978515625,3.360392578125,0.0735440174180004
1758560016.0532274,target,1,2.647538818359375,1.6193319091796874,-0.8919241409474271
1758560016.0532274,target,2,3.400732177734375,-1.12212744140625,-3.1375286697663323
1758560016.0532274,target,3,3.93228076171875,3.9137763671875,0.4621108801127088
1758560016.0532274,target,4,-2.94992529296875,-2.332313232421875,-1.7570024196843648
1758560016.0532274,target,5,1.5804320068359374,-4.74923046875,-1.082524183319417
1758560016.0731065,herder,1,-0.6503220825195313,-1.901624267578125,-0.7875388788606812
1758560016.0731065,herder,2,1.0991177978515625,3.360392578125,0.0735440174180004
1758560016.0731065,target,1,2.647538818359375,1.6193319091796874,-0.8919241409474271
1758560016.0731065,target,2,3.400732177734375,-1.12212744140625,-3.1375286697663323
1758560016.0731065,target,3,3.93228076171875,3.9137763671875,0.4621108801127088
1758560016.0731065,target,4,-2.94992529296875,-2.332313232421875,-1.7570024196843648
1758560016.0731065,target,5,1.5804320068359374,-4.74923046875,-1.082524183319417
1758560016.093078,herder,1,-0.65033154296875,-1.901622802734375,-0.7874684382498487
1758560016.093078,herder,2,1.0991353759765625,3.360392333984375,0.0737822538222648
1758560016.093078,target,1,2.647615966796875,1.6192520751953126,-0.8888234890692751
1758560016.093078,target,2,3.40125732421875,-1.1227349853515625,-3.121794181413926
1758560016.093078,target,3,3.93244091796875,3.913861083984375,0.4653601696692008
1758560016.093078,target,4,-2.949935791015625,-2.3323173828125,-1.7580821983483375
1758560016.093078,target,5,1.580486572265625,-4.7492705078125,-1.0794108814260872
1758560016.1130903,herder,1,-0.6454225463867187,-1.906421142578125,-0.786766229249422
1758560016.1130903,herder,2,1.0991268310546876,3.360384033203125,0.07356465691644852
1758560016.1130903,target,1,2.64786474609375,1.6191845703125,-0.8819236381590433
1758560016.1130903,target,2,3.40172412109375,-1.1230269775390624,-3.119108383454581
1758560016.1130903,target,3,3.932244384765625,3.913806640625,0.4625026311090594
1758560016.1130903,target,4,-2.94993701171875,-2.3323232421875,-1.757563947200208
1758560016.1130903,target,5,1.5804453125,-4.74923779296875,-1.0808316112886172
1758560016.1332357,herder,1,-0.644191162109375,-1.9075411376953124,-0.7866197553894676
1758560016.1332357,herder,2,1.099129638671875,3.36039794921875,0.07395931242286305
1758560016.1332357,target,1,2.647912841796875,1.61918359375,-0.8810852750478864
1758560016.1332357,target,2,3.401604736328125,-1.1230054931640625,-3.122162230276575
1758560016.1332357,target,3,3.9322861328125,3.9137724609375,0.4628307658448708
1758560016.1332357,target,4,-2.949921875,-2.332317138671875,-1.7574002959512227
1758560016.1332357,target,5,1.580456787109375,-4.749251953125,-1.0812853473593396
1758560016.1531346,herder,1,-0.644191162109375,-1.9075411376953124,-0.7866197553894676
1758560016.1531346,herder,2,1.099129638671875,3.36039794921875,0.07395931242286305
1758560016.1531346,target,1,2.647912841796875,1.61918359375,-0.8810852750478864
1758560016.1531346,target,2,3.401604736328125,-1.1230054931640625,-3.122162230276575
1758560016.1531346,target,3,3.9322861328125,3.9137724609375,0.4628307658448708
1758560016.1531346,target,4,-2.949921875,-2.332317138671875,-1.7574002959512227
1758560016.1531346,target,5,1.580456787109375,-4.749251953125,-1.0812853473593396
1758560016.173225,herder,1,-0.6364789428710937,-1.914989990234375,-0.7867227531446265
1758560016.173225,herder,2,1.0991505126953125,3.360389892578125,0.07351401524384499
1758560016.173225,target,1,2.647453857421875,1.619041748046875,-0.8770087077882748
1758560016.173225,target,2,3.401815673828125,-1.1215146484375,-3.0973743257984445
1758560016.173225,target,3,3.93177099609375,3.9142568359375,0.44685599378311225
1758560016.173225,target,4,-2.9499091796875,-2.33234130859375,-1.757926137108459
1758560016.173225,target,5,1.58045361328125,-4.749251953125,-1.0812562523244302
1758560016.1930776,herder,1,-0.6343250122070313,-1.9170498046875,-0.7865181557938811
1758560016.1930776,herder,2,1.099097900390625,3.36038671875,0.07443719171334254
1758560016.1930776,target,1,2.647255126953125,1.618472412109375,-0.8650482515956471
1758560016.1930776,target,2,3.4012861328125,-1.1209635009765626,-3.071469757875244
1758560016.1930776,target,3,3.931681396484375,3.915050048828125,0.43390763798411974
1758560016.1930776,target,4,-2.94995654296875,-2.33231591796875,-1.7575691403643336
1758560016.1930776,target,5,1.5804833984375,-4.74924609375,-1.0810782865845858
1758560016.2130477,herder,1,-0.629304931640625,-1.9211461181640626,-0.7868808783343499
1758560016.2130477,herder,2,1.099689453125,3.36036083984375,0.074442892542551
1758560016.2130477,target,1,2.6460361328125,1.61842529296875,-0.8490804037527228
1758560016.2130477,target,2,3.401447265625,-1.116857177734375,-3.028723625534491
1758560016.2130477,target,3,3.9308232421875,3.9163046875,0.4088154007724204
1758560016.2130477,target,4,-2.94993701171875,-2.332317626953125,-1.757631591491896
1758560016.2130477,target,5,1.5804384765625,-4.74919091796875,-1.0815656450640703
1758560016.233278,herder,1,-0.625439453125,-1.924427734375,-0.7866012464198916
1758560016.233278,herder,2,1.101166015625,3.360492919921875,0.0744016634799252
1758560016.233278,target,1,2.64505908203125,1.617971923828125,-0.8328583571837505
1758560016.233278,target,2,3.40179052734375,-1.1145548095703126,-2.9764468386006717
1758560016.233278,target,3,3.930789794921875,3.9172470703125,0.393801630390017
1758560016.233278,target,4,-2.949968017578125,-2.332330810546875,-1.7581096289075653
1758560016.233278,target,5,1.580440185546875,-4.74922216796875,-1.081672570981837
1758560016.2533166,herder,1,-0.6212783813476562,-1.9280946044921874,-0.7864724825811863
1758560016.2533166,herder,2,1.1032779541015625,3.360499267578125,0.07478666502738819
1758560016.2533166,target,1,2.64412158203125,1.6174169921875,-0.8173808638765369
1758560016.2533166,target,2,3.401331298828125,-1.1115531005859376,-2.9356810328465017
1758560016.2533166,target,3,3.93075927734375,3.918417236328125,0.37814457344630487
1758560016.2533166,target,4,-2.949948486328125,-2.332313720703125,-1.7583202849497905
1758560016.2533166,target,5,1.5800367431640625,-4.74923046875,-1.0760704118917734
1758560016.2733977,herder,1,-0.6168731689453125,-1.9320889892578126,-0.786545320037
1758560016.2733977,herder,2,1.1061444091796875,3.3609130859375,0.075461177152478
1758560016.2733977,target,1,2.643199462890625,1.61687451171875,-0.7962776425036128
1758560016.2733977,target,2,3.401046875,-1.1089188232421876,-2.886377132637538
1758560016.2733977,target,3,3.930585205078125,3.919435791015625,0.3609234419943892
1758560016.2733977,target,4,-2.94991943359375,-2.332322998046875,-1.7575251982063473
1758560016.2733977,target,5,1.579917236328125,-4.7494130859375,-1.0662621227550662
1758560016.2931182,herder,1,-0.6123253173828125,-1.9361640625,-0.7858748692325724
1758560016.2931182,herder,2,1.1098082275390626,3.36116796875,0.075911509370432
1758560016.2931182,target,1,2.6418564453125,1.61599365234375,-0.7737947039489458
1758560016.2931182,target,2,3.40050390625,-1.106510986328125,-2.840235203590825
1758560016.2931182,target,3,3.93081982421875,3.920687744140625,0.34212049272350736
1758560016.2931182,target,4,-2.949916259765625,-2.33234033203125,-1.7573032237294892
1758560016.2931182,target,5,1.5792138671875,-4.74970068359375,-1.0526557664297425
1758560016.3130662,herder,1,-0.6080480346679688,-1.9401556396484374,-0.7857358522236704
1758560016.3130662,herder,2,1.1142293701171875,3.361691162109375,0.0766459259752918
1758560016.3130662,target,1,2.640049560546875,1.615336669921875,-0.7479092442065663
1758560016.3130662,target,2,3.399788818359375,-1.103893310546875,-2.795843504012512
1758560016.3130662,target,3,3.9307783203125,3.92180078125,0.32311104859960355
1758560016.3130662,target,4,-2.94998291015625,-2.332289794921875,-1.7571021550671884
1758560016.3130662,target,5,1.578175048828125,-4.75002587890625,-1.0393283096495771
1758560016.3331234,herder,1,-0.6080480346679688,-1.9401556396484374,-0.7857358522236704
1758560016.3331234,herder,2,1.1142293701171875,3.361691162109375,0.0766459259752918
1758560016.3331234,target,1,2.640049560546875,1.615336669921875,-0.7479092442065663
1758560016.3331234,target,2,3.399788818359375,-1.103893310546875,-2.795843504012512
1758560016.3331234,target,3,3.9307783203125,3.92180078125,0.32311104859960355
1758560016.3331234,target,4,-2.94998291015625,-2.332289794921875,-1.7571021550671884
1758560016.3331234,target,5,1.578175048828125,-4.75002587890625,-1.0393283096495771
1758560016.3533003,herder,1,-0.6014700927734375,-1.946299560546875,-0.7856901124319482
1758560016.3533003,herder,2,1.121114013671875,3.362183349609375,0.07573902807795733
1758560016.3533003,target,1,2.6378388671875,1.6136763916015624,-0.7056125868787917
1758560016.3533003,target,2,3.399218994140625,-1.0989461669921874,-2.715628026714889
1758560016.3533003,target,3,3.930447998046875,3.92386669921875,0.284984801670352
1758560016.3533003,target,4,-2.949968017578125,-2.332322021484375,-1.7572716652705718
1758560016.3533003,target,5,1.5768056640625,-4.750650390625,-1.0128600171026338
1758560016.3732207,herder,1,-0.6014700927734375,-1.946299560546875,-0.7856901124319482
1758560016.3732207,herder,2,1.121114013671875,3.362183349609375,0.07573902807795733
1758560016.3732207,target,1,2.6378388671875,1.6136763916015624,-0.7056125868787917
1758560016.3732207,target,2,3.399218994140625,-1.0989461669921874,-2.715628026714889
1758560016.3732207,target,3,3.930447998046875,3.92386669921875,0.284984801670352
1758560016.3732207,target,4,-2.949968017578125,-2.332322021484375,-1.7572716652705718
1758560016.3732207,target,5,1.5768056640625,-4.750650390625,-1.0128600171026338
1758560016.393106,herder,1,-0.5947467651367188,-1.952096435546875,-0.7852940337988262
1758560016.393106,herder,2,1.12720947265625,3.363007080078125,0.07673467581861869
1758560016.393106,target,1,2.635505615234375,1.6120947265625,-0.6598778551627519
1758560016.393106,target,2,3.3971640625,-1.094739013671875,-2.6388762567310238
1758560016.393106,target,3,3.930423828125,3.92644482421875,0.24220636185662517
1758560016.393106,target,4,-2.949935791015625,-2.33231103515625,-1.7573317195531533
1758560016.393106,target,5,1.5748868408203125,-4.75172216796875,-0.9711151001736963
1758560016.4132738,herder,1,-0.5900347900390625,-1.9567393798828125,-0.785188039987441
1758560016.4132738,herder,2,1.13212890625,3.36335205078125,0.07616436819355663
1758560016.4132738,target,1,2.633624755859375,1.610788330078125,-0.6277831021807982
1758560016.4132738,target,2,3.39565283203125,-1.091341796875,-2.5779327446617595
1758560016.4132738,target,3,3.930607177734375,3.928224365234375,0.21601671918348825
1758560016.4132738,target,4,-2.949919921875,-2.332322509765625,-1.7574323870423583
1758560016.4132738,target,5,1.57357763671875,-4.75265234375,-0.9467941809927112
1758560016.4337332,herder,1,-0.5856928100585937,-1.96051513671875,-0.7846378309062306
1758560016.4337332,herder,2,1.1365054931640626,3.363889892578125,0.07626494413659915
1758560016.4337332,target,1,2.632385009765625,1.6094461669921876,-0.594359431814895
1758560016.4337332,target,2,3.39460791015625,-1.0885498046875,-2.520391154568962
1758560016.4337332,target,3,3.930146484375,3.929665283203125,0.18970080938516795
1758560016.4337332,target,4,-2.949928466796875,-2.332281982421875,-1.7578126864460215
1758560016.4337332,target,5,1.5723375244140625,-4.75349365234375,-0.9221084753214124
1758560016.4532723,herder,1,-0.5772232666015625,-1.968088623046875,-0.7840601246867652
1758560016.4532723,herder,2,1.1440535888671874,3.36449755859375,0.07793101771455271
1758560016.4532723,target,1,2.6289560546875,1.605989990234375,-0.5198426199073375
1758560016.4532723,target,2,3.390355224609375,-1.0825311279296874,-2.3985640515549607
1758560016.4532723,target,3,3.9304873046875,3.932915283203125,0.1394210520513933
1758560016.4532723,target,4,-2.9499287109375,-2.332346923828125,-1.7575458377047954
1758560016.4532723,target,5,1.5712061767578125,-4.75532373046875,-0.887965818040215
1758560016.4731302,herder,1,-0.573221435546875,-1.9716280517578124,-0.7839131847736202
1758560016.4731302,herder,2,1.1492147216796875,3.365306640625,0.0784229701469176
1758560016.4731302,target,1,2.6278408203125,1.6041964111328124,-0.48069029029959204
1758560016.4731302,target,2,3.3874560546875,-1.079631103515625,-2.331318168766024
1758560016.4731302,target,3,3.93040283203125,3.93475732421875,0.11088702867065961
1758560016.4731302,target,4,-2.949955078125,-2.332347900390625,-1.7571721962038573
1758560016.4731302,target,5,1.5716959228515626,-4.75655419921875,-0.8802480437801926
1758560016.4930828,herder,1,-0.5694747924804687,-1.97517529296875,-0.7840264356989758
1758560016.4930828,herder,2,1.1539156494140625,3.365677978515625,0.07861111415555329
1758560016.4930828,target,1,2.62646533203125,1.6026029052734374,-0.4407680075311911
1758560016.4930828,target,2,3.386159423828125,-1.07728955078125,-2.27344288458864
1758560016.4930828,target,3,3.930480712890625,3.93631396484375,0.0837645555690736
1758560016.4930828,target,4,-2.949957275390625,-2.332332763671875,-1.757731726348883
1758560016.4930828,target,5,1.572569091796875,-4.75774609375,-0.87737103085458
1758560016.5130837,herder,1,-0.5652975463867187,-1.9787222900390624,-0.783774700396936
1758560016.5130837,herder,2,1.1567080078125,3.365697265625,0.07946771992017729
1758560016.5130837,target,1,2.62504833984375,1.6004185791015626,-0.4016370497911936
1758560016.5130837,target,2,3.3840087890625,-1.0757557373046875,-2.217349122022464
1758560016.5130837,target,3,3.931126708984375,3.93800146484375,0.055058138280838526
1758560016.5130837,target,4,-2.94993603515625,-2.332312744140625,-1.7577073584249088
1758560016.5130837,target,5,1.5740045166015626,-4.75809765625,-0.8913857163540403
1758560016.533132,herder,1,-0.5613646850585937,-1.9828524169921875,-0.783740079302765
1758560016.533132,herder,2,1.1602596435546875,3.36641650390625,0.08100703535262149
1758560016.533132,target,1,2.623794921875,1.5984608154296875,-0.359232501149757
1758560016.533132,target,2,3.380800048828125,-1.072340087890625,-2.1461071660178637
1758560016.533132,target,3,3.93146435546875,3.940046142578125,0.025866771841667642
1758560016.533132,target,4,-2.949923828125,-2.33233642578125,-1.7572809863343872
1758560016.533132,target,5,1.5752669677734374,-4.75801611328125,-0.9084216915311681
1758560016.553453,herder,1,-0.5570564575195313,-1.986256103515625,-0.7834732971405662
1758560016.553453,herder,2,1.164936279296875,3.366379150390625,0.08096932665606164
1758560016.553453,target,1,2.62300927734375,1.595905029296875,-0.31517502828824917
1758560016.553453,target,2,3.377355712890625,-1.0699365234375,-2.0850366211646025
1758560016.553453,target,3,3.931978515625,3.941751953125,-0.0033778903285954813
1758560016.553453,target,4,-2.94991259765625,-2.332341796875,-1.7574700707717827
1758560016.553453,target,5,1.57645849609375,-4.75787646484375,-0.9264241278678857
1758560016.5733747,herder,1,-0.5528969116210938,-1.9900198974609375,-0.7844737801830818
1758560016.5733747,herder,2,1.1687559814453126,3.36705419921875,0.08206125599250776
1758560016.5733747,target,1,2.621990478515625,1.5933226318359375,-0.2732450050187943
1758560016.5733747,target,2,3.374294921875,-1.067923828125,-2.0150049387173885
1758560016.5733747,target,3,3.93250048828125,3.943232666015625,-0.03373974181421439
1758560016.5733747,target,4,-2.949913818359375,-2.332335693359375,-1.7575840540664383
1758560016.5733747,target,5,1.577717041015625,-4.7579931640625,-0.9447850922663553
1758560016.5930824,herder,1,-0.5488145141601563,-1.993694091796875,-0.7855972346889317
1758560016.5930824,herder,2,1.1727652587890625,3.367729736328125,0.08272123724489984
1758560016.5930824,target,1,2.620709228515625,1.590703857421875,-0.2317127747924132
1758560016.5930824,target,2,3.370470458984375,-1.065746826171875,-1.94624145358127
1758560016.5930824,target,3,3.93298291015625,3.94524951171875,-0.06863844556175003
1758560016.5930824,target,4,-2.949933837890625,-2.332320556640625,-1.757576064583168
1758560016.5930824,target,5,1.5790335693359374,-4.7579638671875,-0.9626396565835463
1758560016.613114,herder,1,-0.5445338745117188,-1.997364990234375,-0.7858807281869706
1758560016.613114,herder,2,1.1774190673828124,3.36816748046875,0.0823293947023867
1758560016.613114,target,1,2.62010205078125,1.58841259765625,-0.18820710890876974
1758560016.613114,target,2,3.36689453125,-1.0641876220703126,-1.8753686117037542
1758560016.613114,target,3,3.933659912109375,3.947365478515625,-0.10215139424200895
1758560016.613114,target,4,-2.949921142578125,-2.33233056640625,-1.7579711445308812
1758560016.613114,target,5,1.5804495849609375,-4.757779296875,-0.9845923597651786
1758560016.6332672,herder,1,-0.5411828002929687,-2.0009228515625,-0.7860434473295745
1758560016.6332672,herder,2,1.1816060791015626,3.36896337890625,0.08234389228557083
1758560016.6332672,target,1,2.6191767578125,1.5859420166015625,-0.1462830278174971
1758560016.6332672,target,2,3.363484375,-1.06192724609375,-1.8153806418336103
1758560016.6332672,target,3,3.934025390625,3.94936572265625,-0.13682489442986476
1758560016.6332672,target,4,-2.94991943359375,-2.332343505859375,-1.757127455097544
1758560016.6332672,target,5,1.5817816162109375,-4.7572158203125,-1.0091626839822496
1758560016.6533904,herder,1,-0.53719384765625,-2.00453173828125,-0.7855767949275654
1758560016.6533904,herder,2,1.1840550537109376,3.3691650390625,0.0819379599564155
1758560016.6533904,target,1,2.6184267578125,1.583713134765625,-0.10478941342692216
1758560016.6533904,target,2,3.35969140625,-1.060487548828125,-1.7389910617579956
1758560016.6533904,target,3,3.9342470703125,3.951188720703125,-0.16934482107984958
1758560016.6533904,target,4,-2.949916748046875,-2.332351806640625,-1.7575474356014495
1758560016.6533904,target,5,1.583056396484375,-4.75628369140625,-1.0403301242726377
1758560016.673422,herder,1,-0.5327012329101563,-2.0085972900390625,-0.7856692731964183
1758560016.673422,herder,2,1.1877974853515625,3.3691953125,0.0831203036118698
1758560016.673422,target,1,2.617702880859375,1.5812452392578125,-0.07110321363418597
1758560016.673422,target,2,3.355693359375,-1.059168701171875,-1.6653028591341026
1758560016.673422,target,3,3.934845458984375,3.95280322265625,-0.20628038533048348
1758560016.673422,target,4,-2.94993017578125,-2.332331298828125,-1.758032929868171
1758560016.673422,target,5,1.5848155517578124,-4.75567626953125,-1.0732126403050368
1758560016.6931977,herder,1,-0.5282423706054687,-2.0122681884765625,-0.7858045617797944
1758560016.6931977,herder,2,1.192872314453125,3.3698037109375,0.08498934335440103
1758560016.6931977,target,1,2.61744873046875,1.578825439453125,-0.027432036449983307
1758560016.6931977,target,2,3.351351806640625,-1.05816845703125,-1.6003736601774257
1758560016.6931977,target,3,3.9350986328125,3.955137939453125,-0.23942685391642307
1758560016.6931977,target,4,-2.949916259765625,-2.332322998046875,-1.757723736865613
1758560016.6931977,target,5,1.5867550048828125,-4.75523486328125,-1.1034119549601538
1758560016.7130945,herder,1,-0.5243975830078125,-2.0154967041015626,-0.7857153458832767
1758560016.7130945,herder,2,1.1975888671875,3.370421630859375,0.08523818246875532
1758560016.7130945,target,1,2.6174677734375,1.576579833984375,0.015639191918165252
1758560016.7130945,target,2,3.3467783203125,-1.0576612548828126,-1.5284663133744687
1758560016.7130945,target,3,3.93547265625,3.957030517578125,-0.2713383481258657
1758560016.7130945,target,4,-2.949933349609375,-2.33232568359375,-1.7574373138903747
1758560016.7130945,target,5,1.5887747802734375,-4.75428076171875,-1.1375821759586335
1758560016.733913,herder,1,-0.51996044921875,-2.01968359375,-0.785956894594147
1758560016.733913,herder,2,1.201178466796875,3.370749755859375,0.08585855752231086
1758560016.733913,target,1,2.616361328125,1.5739891357421876,0.06145146427411566
1758560016.733913,target,2,3.343012939453125,-1.057316650390625,-1.4518253308919502
1758560016.733913,target,3,3.935989013671875,3.958768310546875,-0.304965833538944
1758560016.733913,target,4,-2.949909912109375,-2.33234375,-1.7575473024433952
1758560016.733913,target,5,1.5905552978515625,-4.75350146484375,-1.1737513656713265
1758560016.7533672,herder,1,-0.5153200073242188,-2.0238145751953125,-0.7857853204409185
1758560016.7533672,herder,2,1.2036812744140626,3.371009033203125,0.08621123495204301
1758560016.7533672,target,1,2.6158232421875,1.5716844482421874,0.09902874631772857
1758560016.7533672,target,2,3.338776611328125,-1.0568282470703125,-1.383721111283681
1758560016.7533672,target,3,3.9367890625,3.960612548828125,-0.3356719810390168
1758560016.7533672,target,4,-2.9499658203125,-2.3323037109375,-1.7573833848783007
1758560016.7533672,target,5,1.5924378662109375,-4.75322265625,-1.2088578209510237
1758560016.7732563,herder,1,-0.5117661437988281,-2.0273458251953125,-0.7855104156373951
1758560016.7732563,herder,2,1.2075911865234374,3.37117529296875,0.08722278675783918
1758560016.7732563,target,1,2.61619970703125,1.5692613525390624,0.14019787117423418
1758560016.7732563,target,2,3.334060546875,-1.056671630859375,-1.3044582467079797
1758560016.7732563,target,3,3.937611083984375,3.962516357421875,-0.3691841016426243
1758560016.7732563,target,4,-2.949960205078125,-2.332299560546875,-1.756957811736106
1758560016.7732563,target,5,1.5945286865234376,-4.75270654296875,-1.2438846477141274
1758560016.7932534,herder,1,-0.5072376098632813,-2.0309207763671875,-0.7847886324029564
1758560016.7932534,herder,2,1.213007568359375,3.37166357421875,0.08903761452743049
1758560016.7932534,target,1,2.61636279296875,1.5667327880859374,0.18393947648570183
1758560016.7932534,target,2,3.329606689453125,-1.0573614501953126,-1.232834526561116
1758560016.7932534,target,3,3.938353759765625,3.964368408203125,-0.40457072146899764
1758560016.7932534,target,4,-2.949936767578125,-2.33231689453125,-1.7571792535807462
1758560016.7932534,target,5,1.5964815673828125,-4.75210595703125,-1.2869064172277034
1758560016.8134327,herder,1,-0.5024543762207031,-2.0355018310546873,-0.7850859077596365
1758560016.8134327,herder,2,1.217403076171875,3.372545654296875,0.09122190596399986
1758560016.8134327,target,1,2.616542724609375,1.5643099365234374,0.2267923350071396
1758560016.8134327,target,2,3.3256669921875,-1.0579385986328125,-1.1524848259445535
1758560016.8134327,target,3,3.9395830078125,3.965950439453125,-0.44340463687891046
1758560016.8134327,target,4,-2.94993798828125,-2.332326171875,-1.757373664340322
1758560016.8134327,target,5,1.598572509765625,-4.75139794921875,-1.321841231775145
1758560016.8332167,herder,1,-0.4995746154785156,-2.0380142822265626,-0.784992497384402
1758560016.8332167,herder,2,1.220308837890625,3.372908447265625,0.09154011210237228
1758560016.8332167,target,1,2.6170224609375,1.5620479736328126,0.2624088522146141
1758560016.8332167,target,2,3.321250244140625,-1.0586131591796875,-1.087794312800575
1758560016.8332167,target,3,3.940656982421875,3.96784423828125,-0.4816068171887428
1758560016.8332167,target,4,-2.94994970703125,-2.332322021484375,-1.7570512886903678
1758560016.8332167,target,5,1.6006834716796876,-4.751076171875,-1.3574339802698903
1758560016.8534133,herder,1,-0.495701904296875,-2.041313232421875,-0.7845013439003641
1758560016.8534133,herder,2,1.22397607421875,3.37330517578125,0.09198453543165767
1758560016.8534133,target,1,2.617692626953125,1.559579345703125,0.3084479832432499
1758560016.8534133,target,2,3.31739306640625,-1.0601077880859375,-1.0122534821643683
1758560016.8534133,target,3,3.941753662109375,3.969779052734375,-0.5197426514979187
1758560016.8534133,target,4,-2.949927490234375,-2.33230908203125,-1.7575060234464988
1758560016.8534133,target,5,1.6026494140625,-4.7508544921875,-1.3983334767107822
1758560016.873384,herder,1,-0.49167108154296874,-2.0456964111328126,-0.7838403473178065
1758560016.873384,herder,2,1.2287230224609376,3.374064453125,0.09329135690093796
1758560016.873384,target,1,2.61768603515625,1.557164794921875,0.34714770862373634
1758560016.873384,target,2,3.31304638671875,-1.0620194091796875,-0.9375198556545646
1758560016.873384,target,3,3.942931396484375,3.97150830078125,-0.5577256203605239
1758560016.873384,target,4,-2.949924560546875,-2.332311767578125,-1.757953700825741
1758560016.873384,target,5,1.604996826171875,-4.75030859375,-1.4372762155407384
1758560016.8932528,herder,1,-0.48640597534179686,-2.04955419921875,-0.7837069229471935
1758560016.8932528,herder,2,1.233616943359375,3.37419091796875,0.09561579718987274
1758560016.8932528,target,1,2.617828125,1.5544486083984375,0.3855273886202225
1758560016.8932528,target,2,3.309005126953125,-1.063376220703125,-0.8650753492597387
1758560016.8932528,target,3,3.944376953125,3.9732509765625,-0.592879246881029
1758560016.8932528,target,4,-2.949914306640625,-2.332332275390625,-1.7576508994097992
1758560016.8932528,target,5,1.6071795654296874,-4.75043310546875,-1.4724571061729033
1758560016.9131587,herder,1,-0.4814757080078125,-2.053669921875,-0.7850610072034443
1758560016.9131587,herder,2,1.237340576171875,3.374396240234375,0.09793749941631179
1758560016.9131587,target,1,2.61864111328125,1.5520989990234375,0.4308605822229056
1758560016.9131587,target,2,3.3045341796875,-1.065322021484375,-0.7910680999372542
1758560016.9131587,target,3,3.945732666015625,3.97506298828125,-0.6326395095866122
1758560016.9131587,target,4,-2.949917724609375,-2.33235302734375,-1.7574204028174527
1758560016.9131587,target,5,1.609353271484375,-4.75048046875,-1.519085994224937
1758560016.9333572,herder,1,-0.4777832946777344,-2.057533203125,-0.7862635575936695
1758560016.9333572,herder,2,1.240648193359375,3.374587646484375,0.0992517777366443
1758560016.9333572,target,1,2.619683349609375,1.5494488525390624,0.4749400927424339
1758560016.9333572,target,2,3.30073876953125,-1.067429931640625,-0.7203172308376642
1758560016.9333572,target,3,3.946961669921875,3.976857666015625,-0.6702629849915703
1758560016.9333572,target,4,-2.949956298828125,-2.33235498046875,-1.757628395698588
1758560016.9333572,target,5,1.6119805908203124,-4.7504111328125,-1.5580519025563768
1758560016.9533317,herder,1,-0.47307806396484375,-2.06132421875,-0.7862819334051911
1758560016.9533317,herder,2,1.2452449951171876,3.374958984375,0.10085463452822212
1758560016.9533317,target,1,2.620837646484375,1.546934326171875,0.5187193651385693
1758560016.9533317,target,2,3.296845947265625,-1.070288330078125,-0.6391251057892822
1758560016.9533317,target,3,3.94851123046875,3.97820654296875,-0.7094753688818971
1758560016.9533317,target,4,-2.949923828125,-2.3323359375,-1.757930664482312
1758560016.9533317,target,5,1.61443603515625,-4.75052001953125,-1.6002623400438603
1758560016.9733932,herder,1,-0.4693294982910156,-2.06541748046875,-0.7857811925412289
1758560016.9733932,herder,2,1.2493662109375,3.3758896484375,0.10290501889623094
1758560016.9733932,target,1,2.621920654296875,1.544438720703125,0.5668006413805915
1758560016.9733932,target,2,3.293518310546875,-1.07335546875,-0.5622202706217643
1758560016.9733932,target,3,3.950179443359375,3.97982177734375,-0.7471163545710225
1758560016.9733932,target,4,-2.949905517578125,-2.332340576171875,-1.7577042957896551
1758560016.9733932,target,5,1.61660693359375,-4.75050927734375,-1.6412507860651608
1758560016.9931092,herder,1,-0.46516726684570314,-2.06923828125,-0.7843119265678322
1758560016.9931092,herder,2,1.25295703125,3.376194091796875,0.10316614184111321
1758560016.9931092,target,1,2.623044921875,1.542498291015625,0.6077185802120322
1758560016.9931092,target,2,3.29064599609375,-1.0765450439453126,-0.4873643051493851
1758560016.9931092,target,3,3.951128173828125,3.98139453125,-0.7782798666988028
1758560016.9931092,target,4,-2.94993408203125,-2.33235498046875,-1.757953700825741
1758560016.9931092,target,5,1.6193477783203125,-4.75085986328125,-1.6846653718395237
1758560017.013231,herder,1,-0.4613097839355469,-2.07294482421875,-0.7826923917299278
1758560017.013231,herder,2,1.2573509521484374,3.376908447265625,0.10413147947961808
1758560017.013231,target,1,2.623951171875,1.5402216796875,0.6553398952442842
1758560017.013231,target,2,3.287666748046875,-1.079487060546875,-0.4123789766270554
1758560017.013231,target,3,3.952936767578125,3.98289990234375,-0.8161393647553692
1758560017.013231,target,4,-2.94994921875,-2.33233251953125,-1.7577716737652342
1758560017.013231,target,5,1.6218609619140625,-4.7514052734375,-1.7284790323032346
1758560017.0334544,herder,1,-0.45713543701171877,-2.077063232421875,-0.7826724846007794
1758560017.0334544,herder,2,1.2617666015625,3.377533203125,0.10558957682119328
1758560017.0334544,target,1,2.625318115234375,1.5374483642578125,0.701172697867466
1758560017.0334544,target,2,3.2844169921875,-1.083453369140625,-0.33621103813316244
1758560017.0334544,target,3,3.954626708984375,3.984583740234375,-0.8566398530859399
1758560017.0334544,target,4,-2.949939697265625,-2.3323095703125,-1.7580660862237425
1758560017.0334544,target,5,1.624258056640625,-4.75166845703125,-1.7774776010932212
1758560017.0533204,herder,1,-0.45240765380859377,-2.080470947265625,-0.783254984510207
1758560017.0533204,herder,2,1.2658133544921875,3.37785546875,0.10786851034500133
1758560017.0533204,target,1,2.626726806640625,1.5346304931640624,0.7473768783046595
1758560017.0533204,target,2,3.282095458984375,-1.08698583984375,-0.2618733570984264
1758560017.0533204,target,3,3.956263916015625,3.98603466796875,-0.8934695067489727
1758560017.0533204,target,4,-2.949930419921875,-2.332325439453125,-1.7573254611245914
1758560017.0533204,target,5,1.6269295654296876,-4.7524228515625,-1.8235924990548698
1758560017.073105,herder,1,-0.44907904052734376,-2.083760498046875,-0.7845358984155079
1758560017.073105,herder,2,1.2697542724609374,3.378311279296875,0.11035689316616572
1758560017.073105,target,1,2.628428466796875,1.5327451171875,0.7936062921931815
1758560017.073105,target,2,3.28014208984375,-1.0907552490234376,-0.18895577342546147
1758560017.073105,target,3,3.95815869140625,3.987215576171875,-0.9319732234732294
1758560017.073105,target,4,-2.949930908203125,-2.332330078125,-1.7573996301609502
1758560017.073105,target,5,1.6293612060546876,-4.75316796875,-1.8732327565095106
1758560017.09311,herder,1,-0.44480935668945315,-2.0869775390625,-0.7840235728008039
1758560017.09311,herder,2,1.2736636962890624,3.378577392578125,0.1122163871406647
1758560017.09311,target,1,2.63031201171875,1.5306553955078126,0.8385046581688819
1758560017.09311,target,2,3.277902587890625,-1.0947108154296874,-0.1127939019454268
1758560017.09311,target,3,3.9599638671875,3.98821728515625,-0.9692447621401337
1758560017.09311,target,4,-2.949932861328125,-2.332310546875,-1.757223861529005
1758560017.09311,target,5,1.63216162109375,-4.75394091796875,-1.9191479173894033
1758560017.113348,herder,1,-0.44034988403320313,-2.09183349609375,-0.7838711068283969
1758560017.113348,herder,2,1.277768310546875,3.3790234375,0.11456361410167648
1758560017.113348,target,1,2.632122802734375,1.52902294921875,0.8820039324659091
1758560017.113348,target,2,3.276395751953125,-1.09916162109375,-0.03236811814547191
1758560017.113348,target,3,3.9618271484375,3.989714599609375,-1.0097280065026462
1758560017.113348,target,4,-2.949978515625,-2.332274658203125,-1.7576014977715781
1758560017.113348,target,5,1.6344097900390624,-4.75539501953125,-1.9614430433995511
1758560017.1331785,herder,1,-0.4358054504394531,-2.095879150390625,-0.7834278236649532
1758560017.1331785,herder,2,1.282124267578125,3.379453369140625,0.11650430952228766
1758560017.1331785,target,1,2.6340927734375,1.5270030517578126,0.9304972995971075
1758560017.1331785,target,2,3.275175537109375,-1.1037110595703126,0.05062570612056515
1758560017.1331785,target,3,3.96374169921875,3.99078173828125,-1.0466669163493993
1758560017.1331785,target,4,-2.949965576171875,-2.332287109375,-1.7573587506382176
1758560017.1331785,target,5,1.636795654296875,-4.7568515625,-2.007968334485181
1758560017.153111,herder,1,-0.4322374877929688,-2.099184814453125,-0.7829367367599426
1758560017.153111,herder,2,1.285655029296875,3.37982861328125,0.11812292057618896
1758560017.153111,target,1,2.636524658203125,1.52505322265625,0.9798822930612644
1758560017.153111,target,2,3.27445751953125,-1.1082781982421874,0.13078270622631458
1758560017.153111,target,3,3.965656494140625,3.991365234375,-1.0833769940794877
1758560017.153111,target,4,-2.94994873046875,-2.332308837890625,-1.7572901742401479
1758560017.153111,target,5,1.639728515625,-4.75779833984375,-2.0553945729675847
1758560017.1731415,herder,1,-0.42846640014648435,-2.1024677734375,-0.7832300173749875
1758560017.1731415,herder,2,1.2886591796875,3.3805390625,0.11945004864878112
1758560017.1731415,target,1,2.638702880859375,1.523116455078125,1.0292678857366666
1758560017.1731415,target,2,3.273625732421875,-1.112805908203125,0.21284719130164406
1758560017.1731415,target,3,3.96777001953125,3.9928427734375,-1.1223442339914727
1758560017.1731415,target,4,-2.949921875,-2.33233251953125,-1.7576809931301172
1758560017.1731415,target,5,1.6419161376953124,-4.759134765625,-2.100126491375155
1758560017.1932375,herder,1,-0.42322113037109377,-2.106526123046875,-0.7836572549928635
1758560017.1932375,herder,2,1.292971923828125,3.381157958984375,0.12036880593534482
1758560017.1932375,target,1,2.641183349609375,1.5211656494140624,1.07970809020374
1758560017.1932375,target,2,3.273584716796875,-1.11766162109375,0.27428293876413906
1758560017.1932375,target,3,3.969719482421875,3.993813720703125,-1.1563907511573182
1758560017.1932375,target,4,-2.94994482421875,-2.332328857421875,-1.757527461893274
1758560017.1932375,target,5,1.643652587890625,-4.7608701171875,-2.1506216235397115
1758560017.2132344,herder,1,-0.418593017578125,-2.110954833984375,-0.7840020677750015
1758560017.2132344,herder,2,1.2979248046875,3.381771484375,0.1221701348071608
1758560017.2132344,target,1,2.6437431640625,1.519769287109375,1.1277007830500034
1758560017.2132344,target,2,3.274055419921875,-1.1220848388671876,0.3512312333916957
1758560017.2132344,target,3,3.9718046875,3.994564208984375,-1.1993543306010759
1758560017.2132344,target,4,-2.949901123046875,-2.332337158203125,-1.7580746083392307
1758560017.2132344,target,5,1.6457392578125,-4.7626005859375,-2.200457623334473
1758560017.2332551,herder,1,-0.415308837890625,-2.11384423828125,-0.783641276026323
1758560017.2332551,herder,2,1.3017301025390624,3.38247216796875,0.12419528572384111
1758560017.2332551,target,1,2.646526123046875,1.51831787109375,1.1764629962932454
1758560017.2332551,target,2,3.275160888671875,-1.1268050537109375,0.43003736584044844
1758560017.2332551,target,3,3.973671875,3.99553125,-1.23926140006175
1758560017.2332551,target,4,-2.949888916015625,-2.332357421875,-1.7577905822089739
1758560017.2332551,target,5,1.6478406982421876,-4.76424658203125,-2.2436897825741653
1758560017.2533586,herder,1,-0.4113173522949219,-2.117853515625,-0.7836870158180451
1758560017.2533586,herder,2,1.3058236083984376,3.3830244140625,0.12502791471627597
1758560017.2533586,target,1,2.648257568359375,1.5163824462890625,1.2314171922289758
1758560017.2533586,target,2,3.27572802734375,-1.13151611328125,0.505107615912038
1758560017.2533586,target,3,3.97576513671875,3.99646533203125,-1.2752119442489473
1758560017.2533586,target,4,-2.94992431640625,-2.332361083984375,-1.757172329361912
1758560017.2533586,target,5,1.6498828125,-4.76590673828125,-2.290791514877743
1758560017.2731225,herder,1,-0.406962158203125,-2.12226611328125,-0.7838340888892448
1758560017.2731225,herder,2,1.309689208984375,3.383773681640625,0.12546004589265497
1758560017.2731225,target,1,2.651605712890625,1.51516259765625,1.2795425104975253
1758560017.2731225,target,2,3.277233154296875,-1.1360743408203124,0.587917444875075
1758560017.2731225,target,3,3.977943115234375,3.996914306640625,-1.3143968975800464
1758560017.2731225,target,4,-2.94995654296875,-2.33233642578125,-1.757397233315969
1758560017.2731225,target,5,1.651440673828125,-4.7677880859375,-2.3368263848486346
1758560017.2931805,herder,1,-0.4024647216796875,-2.125744873046875,-0.7838293617783099
1758560017.2931805,herder,2,1.3144678955078124,3.384356201171875,0.1270932793654165
1758560017.2931805,target,1,2.654376220703125,1.5144144287109376,1.326788586132185
1758560017.2931805,target,2,3.279098876953125,-1.14024853515625,0.6628173192159268
1758560017.2931805,target,3,3.979987060546875,3.9977099609375,-1.3564040027183022
1758560017.2931805,target,4,-2.949931884765625,-2.33232080078125,-1.757011474432071
1758560017.2931805,target,5,1.6532265625,-4.77001513671875,-2.3794446854570634
1758560017.3132384,herder,1,-0.398709716796875,-2.1293857421875,-0.784725914959285
1758560017.3132384,herder,2,1.31869189453125,3.384497314453125,0.1293637074184931
1758560017.3132384,target,1,2.65679296875,1.5134163818359374,1.376985577412707
1758560017.3132384,target,2,3.2814443359375,-1.1440399169921875,0.7270864536964275
1758560017.3132384,target,3,3.98235400390625,3.998614990234375,-1.3975811337028348
1758560017.3132384,target,4,-2.94991015625,-2.3323291015625,-1.7576166777897917
1758560017.3132384,target,5,1.6549219970703124,-4.7725400390625,-2.4283477799219706
1758560017.3332741,herder,1,-0.39459231567382813,-2.132035888671875,-0.7846457538104736
1758560017.3332741,herder,2,1.322067626953125,3.3849091796875,0.13195028598247577
1758560017.3332741,target,1,2.65993505859375,1.51224853515625,1.4251163551614912
1758560017.3332741,target,2,3.28377099609375,-1.1482581787109376,0.8076315637579748
1758560017.3332741,target,3,3.98469091796875,3.999298095703125,-1.435243424680681
1758560017.3332741,target,4,-2.94995361328125,-2.332339599609375,-1.7580776709744843
1758560017.3332741,target,5,1.6562784423828125,-4.77395654296875,-2.470100819492233
1758560017.353371,herder,1,-0.39015045166015627,-2.13622509765625,-0.7859676803965617
1758560017.353371,herder,2,1.3269437255859375,3.38537451171875,0.13286076250252501
1758560017.353371,target,1,2.662857177734375,1.5114002685546875,1.4804396652243066
1758560017.353371,target,2,3.285958984375,-1.152090087890625,0.8896020642139597
1758560017.353371,target,3,3.987050048828125,3.9995322265625,-1.4761338663738666
1758560017.353371,target,4,-2.9499326171875,-2.332326171875,-1.7580708799137046
1758560017.353371,target,5,1.6575869140625,-4.775623046875,-2.5090407620030444
1758560017.373077,herder,1,-0.3858450317382813,-2.140270263671875,-0.7853499601817179
1758560017.373077,herder,2,1.3316361083984376,3.386384033203125,0.13411983848688722
1758560017.373077,target,1,2.666166015625,1.5109415283203125,1.5263510976786732
1758560017.373077,target,2,3.28896923828125,-1.156109375,0.9657451687306877
1758560017.373077,target,3,3.989555419921875,3.99975732421875,-1.5144041570285778
1758560017.373077,target,4,-2.94992822265625,-2.33230810546875,-1.7577715406071797
1758560017.373077,target,5,1.65876220703125,-4.77782373046875,-2.5512422779008763
1758560017.3932202,herder,1,-0.3824765625,-2.14381396484375,-0.7845811721540392
1758560017.3932202,herder,2,1.3352012939453124,3.3873720703125,0.13448953518046064
1758560017.3932202,target,1,2.668844970703125,1.5106903076171876,1.582920500815537
1758560017.3932202,target,2,3.2921533203125,-1.1597615966796875,1.048137513903341
1758560017.3932202,target,3,3.99163134765625,4.000031005859375,-1.55651019860133
1758560017.3932202,target,4,-2.949906494140625,-2.332319580078125,-1.7569413001373475
1758560017.3932202,target,5,1.6600970458984374,-4.7802509765625,-2.5952163938202646
1758560017.413134,herder,1,-0.3784897155761719,-2.14731494140625,-0.7835430719611264
1758560017.413134,herder,2,1.3389771728515625,3.3878115234375,0.13404212411732733
1758560017.413134,target,1,2.67225048828125,1.510199951171875,1.6306304991120883
1758560017.413134,target,2,3.295716796875,-1.1629420166015625,1.1214809703241233
1758560017.413134,target,3,3.993686279296875,4.000296630859375,-1.5973977108173165
1758560017.413134,target,4,-2.949906494140625,-2.332325927734375,-1.7571309172069611
1758560017.413134,target,5,1.6611934814453124,-4.78231298828125,-2.6329621748982848
1758560017.4332762,herder,1,-0.3741830139160156,-2.15129541015625,-0.7825587676222331
1758560017.4332762,herder,2,1.3440684814453125,3.38849462890625,0.1347731784813109
1758560017.4332762,target,1,2.675211669921875,1.509419677734375,1.6857848316037385
1758560017.4332762,target,2,3.299958740234375,-1.1660572509765625,1.2057982483326861
1758560017.4332762,target,3,3.9962197265625,4.00047509765625,-1.63503390281648
1758560017.4332762,target,4,-2.94993798828125,-2.332325927734375,-1.757867813880586
1758560017.4332762,target,5,1.6615811767578126,-4.78433642578125,-2.674371666687927
1758560017.4532425,herder,1,-0.3694836730957031,-2.15545654296875,-0.782161357408566
1758560017.4532425,herder,2,1.3476357421875,3.38896484375,0.13594332153002128
1758560017.4532425,target,1,2.678744384765625,1.5095277099609374,1.7342514339659814
1758560017.4532425,target,2,3.30372265625,-1.16818701171875,1.2853027947773121
1758560017.4532425,target,3,3.9985927734375,4.000422607421875,-1.6741773108345734
1758560017.4532425,target,4,-2.94994775390625,-2.3323125,-1.7581619600229854
1758560017.4532425,target,5,1.662544189453125,-4.7867822265625,-2.7174837173624566
1758560017.4731243,herder,1,-0.36544711303710936,-2.15905810546875,-0.7831408014784699
1758560017.4731243,herder,2,1.3507777099609375,3.389428955078125,0.13751565183760406
1758560017.4731243,target,1,2.682007568359375,1.50971435546875,1.7861812110097635
1758560017.4731243,target,2,3.3081787109375,-1.1702635498046876,1.3665415917237977
1758560017.4731243,target,3,4.0006767578125,4.00013232421875,-1.713416326335801
1758560017.4731243,target,4,-2.949939208984375,-2.33230908203125,-1.7576687425891027
1758560017.4731243,target,5,1.6638409423828124,-4.789224609375,-2.7651106250329978
1758560017.4932249,herder,1,-0.36110873413085937,-2.162576904296875,-0.7834392086786133
1758560017.4932249,herder,2,1.3550338134765625,3.39016650390625,0.13903300451343353
1758560017.4932249,target,1,2.68500390625,1.5100025634765626,1.834264318175035
1758560017.4932249,target,2,3.312630126953125,-1.1718551025390624,1.449678956211401
1758560017.4932249,target,3,4.00319140625,4.00036083984375,-1.7550696305232398
1758560017.4932249,target,4,-2.9499248046875,-2.332322265625,-1.7573606148509806
1758560017.4932249,target,5,1.6641192626953125,-4.79141455078125,-2.8052830784962977
1758560017.5133448,herder,1,-0.35691265869140626,-2.166466552734375,-0.7844253772302696
1758560017.5133448,herder,2,1.3592178955078125,3.390852294921875,0.1402371028660424
1758560017.5133448,target,1,2.68795703125,1.5100902099609375,1.8861082082736622
1758560017.5133448,target,2,3.31705908203125,-1.1734964599609374,1.531303112567621
1758560017.5133448,target,3,4.005238037109375,4.000117431640625,-1.79032695387869
1758560017.5133448,target,4,-2.94995654296875,-2.332333251953125,-1.7574411754739554
1758560017.5133448,target,5,1.6645643310546876,-4.7938056640625,-2.8490262983491763
1758560017.5337954,herder,1,-0.3522907104492187,-2.170263427734375,-0.7847679929045083
1758560017.5337954,herder,2,1.3635814208984376,3.391462646484375,0.14079573419420016
1758560017.5337954,target,1,2.690877197265625,1.510716552734375,1.9358340863573493
1758560017.5337954,target,2,3.322079833984375,-1.1745228271484376,1.6131437839204645
1758560017.5337954,target,3,4.00705126953125,3.9997373046875,-1.8308259108916338
1758560017.5337954,target,4,-2.949947998046875,-2.3323408203125,-1.7573439700941675
1758560017.5337954,target,5,1.665001708984375,-4.79657470703125,-2.8931996187181026
1758560017.5532138,herder,1,-0.34831182861328125,-2.173962890625,-0.785139170981438
1758560017.5532138,herder,2,1.367096923828125,3.392253173828125,0.14156756821237557
1758560017.5532138,target,1,2.693828857421875,1.5108560791015626,1.9886056886217054
1758560017.5532138,target,2,3.326240234375,-1.1754915771484375,1.6914457799748652
1758560017.5532138,target,3,4.008855224609375,3.999361083984375,-1.8647672331944212
1758560017.5532138,target,4,-2.94993310546875,-2.332318603515625,-1.7575836545922747
1758560017.5532138,target,5,1.664990234375,-4.799619140625,-2.93973223349673
1758560017.5730932,herder,1,-0.34413327026367185,-2.177564453125,-0.784615992985292
1758560017.5730932,herder,2,1.371172607421875,3.3928173828125,0.14219246231740584
1758560017.5730932,target,1,2.69702392578125,1.5118336181640626,2.038448213161138
1758560017.5730932,target,2,3.331367431640625,-1.1766199951171874,1.7742686251377302
1758560017.5730932,target,3,4.01122021484375,3.99885302734375,-1.9019781183674989
1758560017.5730932,target,4,-2.94990673828125,-2.332319580078125,-1.7575066892367714
1758560017.5730932,target,5,1.6652998046875,-4.80227197265625,-2.988329863384605
1758560017.593207,herder,1,-0.3400943908691406,-2.181356201171875,-0.7864527086100924
1758560017.593207,herder,2,1.376230712890625,3.393401611328125,0.14371001473031705
1758560017.593207,target,1,2.699446533203125,1.5123919677734374,2.091854713029369
1758560017.593207,target,2,3.336390380859375,-1.1767457275390625,1.8582475485297982
1758560017.593207,target,3,4.0134765625,3.99824462890625,-1.9357162414791131
1758560017.593207,target,4,-2.94991357421875,-2.332358642578125,-1.7578088248624408
1758560017.593207,target,5,1.664998291015625,-4.8047431640625,-3.03507526473433
1758560017.6130764,herder,1,-0.33575433349609374,-2.185054443359375,-0.7859032984772091
1758560017.6130764,herder,2,1.3804903564453126,3.394050048828125,0.14563882579456375
1758560017.6130764,target,1,2.702109130859375,1.51287109375,2.1398940111947087
1758560017.6130764,target,2,3.34099658203125,-1.17599072265625,1.940914731926948
1758560017.6130764,target,3,4.01536328125,3.997481689453125,-1.967557661262373
1758560017.6130764,target,4,-2.949925537109375,-2.332343505859375,-1.7576634162669225
1758560017.6130764,target,5,1.664999267578125,-4.8076806640625,-3.0819453020230703
1758560017.6334388,herder,1,-0.3318729248046875,-2.18883740234375,-0.7855380459337047
1758560017.6334388,herder,2,1.384060791015625,3.394411865234375,0.14639734400728877
1758560017.6334388,target,1,2.705618896484375,1.5140445556640625,2.185484665895775
1758560017.6334388,target,2,3.34604150390625,-1.1756358642578124,2.0223058616877863
1758560017.6334388,target,3,4.01734228515625,3.997067138671875,-2.009018951535217
1758560017.6334388,target,4,-2.9499580078125,-2.3323154296875,-1.7578618217681334
1758560017.6334388,target,5,1.6646387939453124,-4.8105908203125,-3.126404113260853
1758560017.6532173,herder,1,-0.32741134643554687,-2.19279052734375,-0.7857634159409527
1758560017.6532173,herder,2,1.3877908935546874,3.39528173828125,0.14767381376252056
1758560017.6532173,target,1,2.7079931640625,1.51524462890625,2.2341394205890324
1758560017.6532173,target,2,3.350780029296875,-1.1749991455078126,2.0921973287036075
1758560017.6532173,target,3,4.019403564453125,3.9962939453125,-2.04611438867504
1758560017.6532173,target,4,-2.9499453125,-2.3323203125,-1.7576908468261503
1758560017.6532173,target,5,1.664268310546875,-4.81326611328125,3.102834338665325
1758560017.6733932,herder,1,-0.32393460083007813,-2.196195068359375,-0.7861549672002216
1758560017.6733932,herder,2,1.3920006103515625,3.396030029296875,0.1494640905158127
1758560017.6733932,target,1,2.710576904296875,1.516478271484375,2.279403039108237
1758560017.6733932,target,2,3.35464599609375,-1.1733233642578125,2.1895566392025065
1758560017.6733932,target,3,4.02118310546875,3.995345947265625,-2.0756828004679173
1758560017.6733932,target,4,-2.94992578125,-2.332339599609375,-1.75698897072086
1758560017.6733932,target,5,1.663916015625,-4.8156982421875,3.0590181481985783
1758560017.6930768,herder,1,-0.31965750122070313,-2.199511962890625,-0.7853298533154878
1758560017.6930768,herder,2,1.3965703125,3.396438720703125,0.1500199921038531
1758560017.6930768,target,1,2.7132861328125,1.5178878173828125,2.331329087726493
1758560017.6930768,target,2,3.35957275390625,-1.17195458984375,2.264138865004339
1758560017.6930768,target,3,4.022916259765625,3.994430908203125,-2.110008949548221
1758560017.6930768,target,4,-2.9499228515625,-2.332341552734375,-1.7572029557144477
1758560017.6930768,target,5,1.66352685546875,-4.81840283203125,3.011792312588203
1758560017.7132454,herder,1,-0.3148582763671875,-2.2035859375,-0.7860630215635865
1758560017.7132454,herder,2,1.40083642578125,3.397230224609375,0.15071401188392777
1758560017.7132454,target,1,2.71552685546875,1.519118896484375,2.3744390078721507
1758560017.7132454,target,2,3.364136474609375,-1.169632568359375,2.338423216238246
1758560017.7132454,target,3,4.024338134765625,3.9932802734375,-2.1443325686254893
1758560017.7132454,target,4,-2.94994482421875,-2.332344970703125,-1.75784397858883
1758560017.7132454,target,5,1.6632135009765625,-4.8214609375,2.9605887795736856
1758560017.7331846,herder,1,-0.31030557250976565,-2.207738525390625,-0.7861144205726251
1758560017.7331846,herder,2,1.404209228515625,3.3975615234375,0.15114817372063793
1758560017.7331846,target,1,2.718188232421875,1.5210167236328125,2.4158498312423378
1758560017.7331846,target,2,3.367602783203125,-1.1670517578125,2.4316040269868107
1758560017.7331846,target,3,4.026347412109375,3.992127197265625,-2.1824338817090347
1758560017.7331846,target,4,-2.94995068359375,-2.332330078125,-1.7579760713788979
1758560017.7331846,target,5,1.6626402587890625,-4.82418701171875,2.9124864976485654
1758560017.7532096,herder,1,-0.3071018371582031,-2.210926025390625,-0.7854297218563657
1758560017.7532096,herder,2,1.40808740234375,3.3981591796875,0.15171769071975139
1758560017.7532096,target,1,2.720248046875,1.522833251953125,2.4622530163919873
1758560017.7532096,target,2,3.372485107421875,-1.164359130859375,2.4970520097238347
1758560017.7532096,target,3,4.02822900390625,3.990985595703125,-2.217719301413985
1758560017.7532096,target,4,-2.949931396484375,-2.332322509765625,-1.7575212034647123
1758560017.7532096,target,5,1.66127197265625,-4.826484375,2.8648356215282136
1758560017.7731507,herder,1,-0.30285595703125,-2.2150126953125,-0.7847833060807763
1758560017.7731507,herder,2,1.41259619140625,3.399351806640625,0.15111902875145838
1758560017.7731507,target,1,2.722558349609375,1.52423779296875,2.5054697292973573
1758560017.7731507,target,2,3.376046875,-1.161400146484375,2.5792115946172154
1758560017.7731507,target,3,4.02983447265625,3.989919921875,-2.251730664853442
1758560017.7731507,target,4,-2.9499248046875,-2.332336669921875,-1.757742512151298
1758560017.7731507,target,5,1.660718505859375,-4.8294072265625,2.808953713426754
1758560017.79319,herder,1,-0.29821597290039065,-2.21955615234375,-0.784689962284569
1758560017.79319,herder,2,1.41726611328125,3.400307373046875,0.15033203135982634
1758560017.79319,target,1,2.7249189453125,1.52622119140625,2.552484908865507
1758560017.79319,target,2,3.37946923828125,-1.1582137451171874,2.6558871981939047
1758560017.79319,target,3,4.031383544921875,3.988651123046875,-2.292890085816725
1758560017.79319,target,4,-2.949934326171875,-2.33233154296875,-1.757661152579996
1758560017.79319,target,5,1.6594903564453125,-4.83214013671875,2.7609683442734885
1758560017.8132398,herder,1,-0.294247314453125,-2.222778564453125,-0.7850501548220022
1758560017.8132398,herder,2,1.4206414794921876,3.40098291015625,0.14984121077092472
1758560017.8132398,target,1,2.726908447265625,1.5277628173828126,2.5981629152503283
1758560017.8132398,target,2,3.382655517578125,-1.1546993408203126,2.7378907218474064
1758560017.8132398,target,3,4.032953125,3.987221435546875,-2.327387609313176
1758560017.8132398,target,4,-2.9499453125,-2.332321533203125,-1.7578246706709268
1758560017.8132398,target,5,1.6576971435546874,-4.834564453125,2.715744140538417
1758560017.8332002,herder,1,-0.29046029663085937,-2.2257451171875,-0.7863816687880145
1758560017.8332002,herder,2,1.423841552734375,3.401578857421875,0.14964360421804085
1758560017.8332002,target,1,2.7285537109375,1.529713623046875,2.6405212913363654
1758560017.8332002,target,2,3.38607421875,-1.15225732421875,2.8307900364687497
1758560017.8332002,target,3,4.03446142578125,3.9859716796875,-2.363926445785172
1758560017.8332002,target,4,-2.949947998046875,-2.33233935546875,-1.7582161553511684
1758560017.8332002,target,5,1.656821533203125,-4.83751806640625,2.6560842721145708
1758560017.8532197,herder,1,-0.28587225341796874,-2.229722412109375,-0.7874807553698903
1758560017.8532197,herder,2,1.4285970458984374,3.40196630859375,0.15020606384026558
1758560017.8532197,target,1,2.73043896484375,1.5313282470703125,2.683199246753212
1758560017.8532197,target,2,3.389154052734375,-1.1485989990234375,2.888871449314506
1758560017.8532197,target,3,4.03636328125,3.984665283203125,-2.4050565719764645
1758560017.8532197,target,4,-2.949953125,-2.332341552734375,-1.7577387837257719
1758560017.8532197,target,5,1.6554288330078124,-4.84013037109375,2.607667737180821
1758560017.8732085,herder,1,-0.28095407104492187,-2.23387890625,-0.7868302782736384
1758560017.8732085,herder,2,1.4334791259765625,3.402773193359375,0.15066890459296453
1758560017.8732085,target,1,2.7326572265625,1.5334864501953125,2.7221857945831003
1758560017.8732085,target,2,3.391589599609375,-1.143919921875,2.9720134743340165
1758560017.8732085,target,3,4.03816064453125,3.9833330078125,-2.44078234536766
1758560017.8732085,target,4,-2.94993310546875,-2.3323330078125,-1.757343037987786
1758560017.8732085,target,5,1.6537252197265624,-4.84219140625,2.558354782224151
1758560017.893214,herder,1,-0.27680938720703124,-2.237983154296875,-0.7870756885680892
1758560017.893214,herder,2,1.4368489990234374,3.403233154296875,0.15062656033163227
1758560017.893214,target,1,2.733874267578125,1.535317138671875,2.768017731678928
1758560017.893214,target,2,3.393282958984375,-1.13956982421875,3.0571544680677407
1758560017.893214,target,3,4.0390205078125,3.98185400390625,-2.4743839814734074
1758560017.893214,target,4,-2.94992333984375,-2.332319580078125,-1.7577008336802382
1758560017.893214,target,5,1.652111083984375,-4.84490673828125,2.5021125484272035
1758560017.9132276,herder,1,-0.27323822021484373,-2.2411748046875,-0.7861503732473412
1758560017.9132276,herder,2,1.4400919189453125,3.404013427734375,0.1495786230874429
1758560017.9132276,target,1,2.735103515625,1.537669677734375,2.8058679086716793
1758560017.9132276,target,2,3.394791015625,-1.1354609375,3.123067172414984
1758560017.9132276,target,3,4.04087451171875,3.980276611328125,-2.5152296820602795
1758560017.9132276,target,4,-2.949949462890625,-2.332310546875,-1.7582908570197453
1758560017.9132276,target,5,1.6504073486328126,-4.84759423828125,2.4495103232081763
1758560017.9331856,herder,1,-0.2691494140625,-2.245028076171875,-0.7859386519406799
1758560017.9331856,herder,2,1.444183349609375,3.4052333984375,0.14882265152251029
1758560017.9331856,target,1,2.736642333984375,1.539847412109375,2.8477943200289055
1758560017.9331856,target,2,3.395618408203125,-1.1301636962890624,-3.0785473747882386
1758560017.9331856,target,3,4.042154296875,3.978567138671875,-2.550463303282028
1758560017.9331856,target,4,-2.94992578125,-2.332343994140625,-1.7578278664642348
1758560017.9331856,target,5,1.6486490478515625,-4.850078125,2.4007502404938066
1758560017.9532027,herder,1,-0.2645942077636719,-2.249594482421875,-0.786117549786906
1758560017.9532027,herder,2,1.4486934814453125,3.40595556640625,0.14901378326499393
1758560017.9532027,target,1,2.7380732421875,1.542255859375,2.892900812043796
1758560017.9532027,target,2,3.39722998046875,-1.1264874267578124,-2.989972501144966
1758560017.9532027,target,3,4.042576171875,3.9767802734375,-2.58073518907685
1758560017.9532027,target,4,-2.9499423828125,-2.332342529296875,-1.7572194673132062
1758560017.9532027,target,5,1.6463748779296874,-4.8516162109375,2.348600486343984
1758560017.9731357,herder,1,-0.26055197143554687,-2.25261474609375,-0.7856564900231859
1758560017.9731357,herder,2,1.4519091796875,3.406330810546875,0.14968741321797266
1758560017.9731357,target,1,2.739422119140625,1.54485400390625,2.9363934284380977
1758560017.9731357,target,2,3.3976484375,-1.1215189208984375,-2.922319687341465
1758560017.9731357,target,3,4.044108154296875,3.97477685546875,-2.619179250992689
1758560017.9731357,target,4,-2.949953857421875,-2.332314208984375,-1.7575109502945154
1758560017.9731357,target,5,1.644139404296875,-4.8537275390625,2.3027195470840987
1758560017.9932308,herder,1,-0.2566911010742188,-2.256373291015625,-0.7859127526990789
1758560017.9932308,herder,2,1.456065673828125,3.406876220703125,0.1500238203979201
1758560017.9932308,target,1,2.74065673828125,1.5471107177734376,2.9871050755992776
1758560017.9932308,target,2,3.397905517578125,-1.1174359130859375,-2.840315098423527
1758560017.9932308,target,3,4.04583642578125,3.9730654296875,-2.659622015306632
1758560017.9932308,target,4,-2.94994140625,-2.3323203125,-1.7579353250142196
1758560017.9932308,target,5,1.641936767578125,-4.8560224609375,2.250437700144208
1758560018.0133092,herder,1,-0.25218690490722656,-2.260388916015625,-0.7852277210876832
1758560018.0133092,herder,2,1.4606103515625,3.407528076171875,0.15004639068815853
1758560018.0133092,target,1,2.742139892578125,1.54972900390625,3.027416812387589
1758560018.0133092,target,2,3.39837939453125,-1.1124359130859376,-2.768117600219806
1758560018.0133092,target,3,4.046146484375,3.971477783203125,-2.692225232319709
1758560018.0133092,target,4,-2.949928955078125,-2.3323388671875,-1.757795109582827
1758560018.0133092,target,5,1.639456298828125,-4.857373046875,2.1977073768767483
1758560018.0334697,herder,1,-0.24774613952636718,-2.26404931640625,-0.7850576116730544
1758560018.0334697,herder,2,1.46416015625,3.408106689453125,0.14924120057732987
1758560018.0334697,target,1,2.74290087890625,1.5525074462890625,3.0744192087825066
1758560018.0334697,target,2,3.398343994140625,-1.1080958251953126,-2.6861332513261527
1758560018.0334697,target,3,4.047119873046875,3.969475830078125,-2.731992618981208
1758560018.0334697,target,4,-2.949933837890625,-2.332346923828125,-1.7578494380690646
1758560018.0334697,target,5,1.6370196533203125,-4.85875146484375,2.1473419406572787
1758560018.053287,herder,1,-0.24365235900878907,-2.26758447265625,-0.7853474967577095
1758560018.053287,herder,2,1.4681436767578124,3.40919775390625,0.14877424856969812
1758560018.053287,target,1,2.743333251953125,1.55514794921875,3.12337423488867
1758560018.053287,target,2,3.39680078125,-1.10308642578125,-2.6071106038807765
1758560018.053287,target,3,4.048506591796875,3.96734423828125,-2.767084027400746
1758560018.053287,target,4,-2.9499267578125,-2.33231982421875,-1.7581339968315395
1758560018.053287,target,5,1.6347208251953125,-4.8605009765625,2.1004623159886138
1758560018.0734966,herder,1,-0.23938095092773437,-2.271565185546875,-0.7852957648535347
1758560018.0734966,herder,2,1.4723165283203126,3.409880126953125,0.1475265908885096
1758560018.0734966,target,1,2.744177001953125,1.5579620361328126,-3.115330689448304
1758560018.0734966,target,2,3.39582275390625,-1.0989305419921875,-2.535944015335025
1758560018.0734966,target,3,4.049087890625,3.965052490234375,-2.8088687585879804
1758560018.0734966,target,4,-2.949951904296875,-2.332313232421875,-1.7581281378771414
1758560018.0734966,target,5,1.6329324951171875,-4.86178515625,2.0547054800355267
1758560018.093232,herder,1,-0.23552313232421876,-2.275477294921875,-0.7851358420300755
1758560018.093232,herder,2,1.476581787109375,3.41064697265625,0.14672710992926782
1758560018.093232,target,1,2.74451025390625,1.561340087890625,-3.0700465645887056
1758560018.093232,target,2,3.394526123046875,-1.0942545166015625,-2.4574574622170817
1758560018.093232,target,3,4.04971728515625,3.96360302734375,-2.834351215478404
1758560018.093232,target,4,-2.949927734375,-2.33232666015625,-1.7574628802368395
1758560018.093232,target,5,1.6305875244140624,-4.8632861328125,2.00181856289597
1758560018.1132276,herder,1,-0.23089080810546875,-2.279631591796875,-0.7857389148589239
1758560018.1132276,herder,2,1.48007861328125,3.41126171875,0.14638897169461182
1758560018.1132276,target,1,2.74467138671875,1.5636990966796875,-3.02606099707663
1758560018.1132276,target,2,3.39424609375,-1.090118896484375,-2.3955517500459718
1758560018.1132276,target,3,4.050389892578125,3.9615595703125,-2.8653930211443672
1758560018.1132276,target,4,-2.949918212890625,-2.33232568359375,-1.756977652286227
1758560018.1132276,target,5,1.627676025390625,-4.86447705078125,1.9517962749829572
1758560018.1331813,herder,1,-0.22651255798339845,-2.283134765625,-0.7863423871619359
1758560018.1331813,herder,2,1.4836109619140625,3.41138427734375,0.1461595570114583
1758560018.1331813,target,1,2.744609375,1.5665594482421874,-2.98217849389874
1758560018.1331813,target,2,3.39158056640625,-1.0854678955078125,-2.303700921945793
1758560018.1331813,target,3,4.051013916015625,3.95953564453125,-2.9064318009102705
1758560018.1331813,target,4,-2.949955322265625,-2.3323203125,-1.757042100784607
1758560018.1331813,target,5,1.6253489990234375,-4.865453125,1.9046165120594405
1758560018.1531947,herder,1,-0.2231700439453125,-2.286119873046875,-0.7871876079128998
1758560018.1531947,herder,2,1.4883092041015624,3.412443603515625,0.14588322075884896
1758560018.1531947,target,1,2.744568359375,1.5698792724609374,-2.938116493663379
1758560018.1531947,target,2,3.38925341796875,-1.0815228271484374,-2.2304895583150786
1758560018.1531947,target,3,4.051809814453125,3.957402587890625,-2.9462718918695288
1758560018.1531947,target,4,-2.949936767578125,-2.332314453125,-1.7574068206958935
1758560018.1531947,target,5,1.623056884765625,-4.86680908203125,1.8555668105765244
1758560018.173472,herder,1,-0.21848692321777344,-2.29005419921875,-0.7875304233242202
1758560018.173472,herder,2,1.4928529052734374,3.41354296875,0.1442192111307402
1758560018.173472,target,1,2.74455419921875,1.572201171875,-2.890495444947236
1758560018.173472,target,2,3.38681787109375,-1.0774619140625,-2.1596944807413934
1758560018.173472,target,3,4.052427978515625,3.95525048828125,-2.9793052093986536
1758560018.173472,target,4,-2.949933837890625,-2.332299560546875,-1.7575361171668167
1758560018.173472,target,5,1.619927734375,-4.8679638671875,1.806290207768734
1758560018.1931996,herder,1,-0.21327891540527344,-2.294990234375,-0.787717443811771
1758560018.1931996,herder,2,1.49591845703125,3.41427099609375,0.14225697739481302
1758560018.1931996,target,1,2.74442236328125,1.574962890625,-2.8470451728142665
1758560018.1931996,target,2,3.383287109375,-1.073602294921875,-2.077050333687673
1758560018.1931996,target,3,4.05261572265625,3.953222900390625,-3.018097879101184
1758560018.1931996,target,4,-2.949937255859375,-2.332314208984375,-1.7578347906830691
1758560018.1931996,target,5,1.617575439453125,-4.8686591796875,1.7636211739415388
1758560018.2132514,herder,1,-0.20896414184570314,-2.2990380859375,-0.7869131691625671
1758560018.2132514,herder,2,1.498995849609375,3.4149697265625,0.1406245595151353
1758560018.2132514,target,1,2.74374609375,1.5774146728515626,-2.804905175937616
1758560018.2132514,target,2,3.37996337890625,-1.069641357421875,-1.997468955045598
1758560018.2132514,target,3,4.05287890625,3.951154541015625,-3.053731773434771
1758560018.2132514,target,4,-2.949962158203125,-2.332320068359375,-1.758311895992357
1758560018.2132514,target,5,1.6147855224609375,-4.868794921875,1.714675602057245
1758560018.2332408,herder,1,-0.2054923553466797,-2.30202685546875,-0.7857635490990071
1758560018.2332408,herder,2,1.5034642333984376,3.41550244140625,0.1396842972027692
1758560018.2332408,target,1,2.743260986328125,1.579844970703125,-2.757792790989678
1758560018.2332408,target,2,3.376361572265625,-1.0666666259765625,-1.916734427651519
1758560018.2332408,target,3,4.0533642578125,3.948972900390625,-3.0861485691715425
1758560018.2332408,target,4,-2.9499873046875,-2.33229345703125,-1.7580875246705177
1758560018.2332408,target,5,1.611676025390625,-4.8700927734375,1.6589601415239152
1758560018.253207,herder,1,-0.20140975952148438,-2.30614453125,-0.7852692664006885
1758560018.253207,herder,2,1.50836669921875,3.41572265625,0.1395823231001544
1758560018.253207,target,1,2.74296337890625,1.5823623046875,-2.7117315557239943
1758560018.253207,target,2,3.37260791015625,-1.0640762939453126,-1.838845088408026
1758560018.253207,target,3,4.0539775390625,3.947015625,-3.1255716091040946
1758560018.253207,target,4,-2.949972412109375,-2.332277099609375,-1.7575036266015178
1758560018.253207,target,5,1.6087410888671876,-4.8704404296875,1.6162851155842675
1758560018.2731884,herder,1,-0.1963417510986328,-2.31002734375,-0.7847763818619421
1758560018.2731884,herder,2,1.511158447265625,3.41616650390625,0.13919891944934545
1758560018.2731884,target,1,2.742093994140625,1.5851337890625,-2.670716744407902
1758560018.2731884,target,2,3.368508544921875,-1.0614217529296874,-1.7611741283739195
1758560018.2731884,target,3,4.05387841796875,3.945107177734375,3.120390162887236
1758560018.2731884,target,4,-2.9499423828125,-2.332280029296875,-1.7574181391305261
1758560018.2731884,target,5,1.6057099609375,-4.87009912109375,1.5730697342594426
1758560018.293181,herder,1,-0.19190318298339842,-2.314198974609375,-0.7855887125734434
1758560018.293181,herder,2,1.5147032470703126,3.416917724609375,0.13880630292564053
1758560018.293181,target,1,2.7412080078125,1.5876861572265626,-2.632527280692275
1758560018.293181,target,2,3.36398193359375,-1.0587774658203124,-1.6780302391416457
1758560018.293181,target,3,4.054263916015625,3.9427978515625,3.0836292187803274
1758560018.293181,target,4,-2.949913818359375,-2.332315673828125,-1.7573112132127595
1758560018.293181,target,5,1.6030650634765624,-4.87022802734375,1.5144986992472755
1758560018.313084,herder,1,-0.18852452087402344,-2.317371826171875,-0.786004232282523
1758560018.313084,herder,2,1.519527587890625,3.417729736328125,0.13680693473726355
1758560018.313084,target,1,2.740587646484375,1.589425048828125,-2.5892141613554442
1758560018.313084,target,2,3.359861572265625,-1.056736328125,-1.6020758195881497
1758560018.313084,target,3,4.054515869140625,3.940647216796875,3.045860800833042
1758560018.313084,target,4,-2.94991064453125,-2.332326416015625,-1.757731460032774
1758560018.313084,target,5,1.6002554931640625,-4.8707119140625,1.4558580225726028
1758560018.3334389,herder,1,-0.18443893432617187,-2.32060546875,-0.7861676837944267
1758560018.3334389,herder,2,1.5235650634765625,3.418815185546875,0.13486902731341854
1758560018.3334389,target,1,2.73972900390625,1.591796630859375,-2.5480893614863316
1758560018.3334389,target,2,3.355330078125,-1.0552855224609374,-1.5274323410812454
1758560018.3334389,target,3,4.054551513671875,3.938424560546875,3.007043896364592
1758560018.3334389,target,4,-2.949916748046875,-2.332314697265625,-1.7582486459164675
1758560018.3334389,target,5,1.5971573486328126,-4.870841796875,1.4026137092147575
1758560018.353202,herder,1,-0.18000691223144533,-2.3252373046875,-0.7867121005002662
1758560018.353202,herder,2,1.5268267822265624,3.419356689453125,0.1328069500037486
1758560018.353202,target,1,2.73846435546875,1.5940941162109374,-2.5067248771191117
1758560018.353202,target,2,3.350814453125,-1.0543726806640625,-1.4517429060562124
1758560018.353202,target,3,4.054652099609375,3.93606884765625,2.973180471523689
1758560018.353202,target,4,-2.94990966796875,-2.332311767578125,-1.7579809982269146
1758560018.353202,target,5,1.593952392578125,-4.87043310546875,1.3556085165006955
1758560018.373292,herder,1,-0.1751463623046875,-2.329187744140625,-0.7869406663008222
1758560018.373292,herder,2,1.5305045166015625,3.419989013671875,0.13078060066457772
1758560018.373292,target,1,2.73721044921875,1.5957655029296876,-2.466704756470164
1758560018.373292,target,2,3.345894287109375,-1.05335693359375,-1.3668116362583318
1758560018.373292,target,3,4.054491943359375,3.9340498046875,2.9375284676946896
1758560018.373292,target,4,-2.949929931640625,-2.332315185546875,-1.7573096153161054
1758560018.373292,target,5,1.5913193359375,-4.86926806640625,1.313140950809965
1758560018.3930771,herder,1,-0.1715483703613281,-2.33226318359375,-0.7879280998539964
1758560018.3930771,herder,2,1.53463623046875,3.420805908203125,0.12872565563320215
1758560018.3930771,target,1,2.735950439453125,1.59842041015625,-2.4281035680500103
1758560018.3930771,target,2,3.3410537109375,-1.0530211181640625,-1.2899213818977822
1758560018.3930771,target,3,4.054262451171875,3.93192529296875,2.898956574046527
1758560018.3930771,target,4,-2.949917236328125,-2.332343505859375,-1.7573631448540161
1758560018.3930771,target,5,1.5880889892578125,-4.8689765625,1.2444989058195541
1758560018.4133265,herder,1,-0.16750912475585938,-2.335647216796875,-0.7883687198563499
1758560018.4133265,herder,2,1.53852099609375,3.421163818359375,0.1267493737225248
1758560018.4133265,target,1,2.734762451171875,1.600907958984375,-2.385678080304503
1758560018.4133265,target,2,3.336325439453125,-1.05284521484375,-1.2141190288425296
1758560018.4133265,target,3,4.053876953125,3.929468017578125,2.861727712536091
1758560018.4133265,target,4,-2.949957763671875,-2.332326171875,-1.7575933751302535
1758560018.4133265,target,5,1.585083740234375,-4.8679638671875,1.188616331927822
1758560018.4333453,herder,1,-0.16257246398925781,-2.340073974609375,-0.7886883657661867
1758560018.4333453,herder,2,1.5420645751953126,3.42166455078125,0.12548848345966995
1758560018.4333453,target,1,2.73328173828125,1.6028204345703125,-2.344162328387367
1758560018.4333453,target,2,3.33226171875,-1.053392578125,-1.1384144137992833
1758560018.4333453,target,3,4.053376708984375,3.927393798828125,2.8252248287388113
1758560018.4333453,target,4,-2.94995947265625,-2.332311767578125,-1.7575033602854089
1758560018.4333453,target,5,1.582178955078125,-4.86670166015625,1.143669230104173
1758560018.4532003,herder,1,-0.15823429870605468,-2.344325927734375,-0.7885504806007478
1758560018.4532003,herder,2,1.546178955078125,3.421989990234375,0.12440984496153902
1758560018.4532003,target,1,2.731327880859375,1.6049979248046875,-2.298295770197368
1758560018.4532003,target,2,3.32780029296875,-1.054251220703125,-1.0658824225626482
1758560018.4532003,target,3,4.053167724609375,3.92568505859375,2.78566197284903
1758560018.4532003,target,4,-2.949961181640625,-2.332317626953125,-1.7574209354496708
1758560018.4532003,target,5,1.5794261474609375,-4.8661025390625,1.0866462240546417
1758560018.4732306,herder,1,-0.15468496704101561,-2.347400390625,-0.7883966830477958
1758560018.4732306,herder,2,1.5502430419921875,3.422468017578125,0.12238265506214911
1758560018.4732306,target,1,2.729772705078125,1.607057861328125,-2.252210300165765
1758560018.4732306,target,2,3.323172607421875,-1.0554482421875,-0.9912887451681283
1758560018.4732306,target,3,4.05275537109375,3.923142822265625,2.753694718704264
1758560018.4732306,target,4,-2.94993896484375,-2.332348388671875,-1.7581234773452337
1758560018.4732306,target,5,1.576822998046875,-4.864765625,1.0359936324906345
1758560018.4932432,herder,1,-0.1504128875732422,-2.351000732421875,-0.7884787749883975
1758560018.4932432,herder,2,1.55373388671875,3.42330615234375,0.11942014634316657
1758560018.4932432,target,1,2.72784228515625,1.6088673095703125,-2.211773661122329
1758560018.4932432,target,2,3.31982958984375,-1.0561798095703125,-0.9298910975539783
1758560018.4932432,target,3,4.05198193359375,3.92084765625,2.7149641006551324
1758560018.4932432,target,4,-2.949921630859375,-2.3323330078125,-1.7576306593855147
1758560018.4932432,target,5,1.5741837158203125,-4.86364501953125,0.998826423159434
1758560018.5131266,herder,1,-0.14578099060058594,-2.355012939453125,-0.7883238455919821
1758560018.5131266,herder,2,1.557924072265625,3.424206787109375,0.1165552258333786
1758560018.5131266,target,1,2.725424072265625,1.6109405517578126,-2.16559844256199
1758560018.5131266,target,2,3.31658203125,-1.0564395751953124,-0.8909212610599305
1758560018.5131266,target,3,4.0509326171875,3.91902783203125,2.676292072149983
1758560018.5131266,target,4,-2.949932861328125,-2.332307373046875,-1.757085377152321
1758560018.5131266,target,5,1.5721834716796874,-4.8619296875,0.9520385443903224
1758560018.5332532,herder,1,-0.14122541809082031,-2.359205322265625,-0.7879113885181561
1758560018.5332532,herder,2,1.5618486328125,3.4249833984375,0.1140924260034358
1758560018.5332532,target,1,2.723730224609375,1.6131195068359374,-2.1166241085379234
1758560018.5332532,target,2,3.314130859375,-1.0569573974609374,-0.8656069827923458
1758560018.5332532,target,3,4.0503310546875,3.91693994140625,2.64154287993052
1758560018.5332532,target,4,-2.949944091796875,-2.33230712890625,-1.757616810947846
1758560018.5332532,target,5,1.5691751708984376,-4.8600244140625,0.8772416012256022
1758560018.5532646,herder,1,-0.13795199584960938,-2.363184814453125,-0.7870548493325593
1758560018.5532646,herder,2,1.56588427734375,3.425490478515625,0.11197197553162268
1758560018.5532646,target,1,2.721689453125,1.6147396240234375,-2.0716876593586346
1758560018.5532646,target,2,3.3132841796875,-1.0570509033203126,-0.8425449398586411
1758560018.5532646,target,3,4.0496796875,3.914925048828125,2.607085836482639
1758560018.5532646,target,4,-2.949946533203125,-2.332335205078125,-1.75823719432378
1758560018.5532646,target,5,1.5666669921875,-4.85852587890625,0.8310438789540522
1758560018.5732841,herder,1,-0.1341024627685547,-2.366615478515625,-0.7859545643281931
1758560018.5732841,herder,2,1.570431640625,3.425889404296875,0.11101390332946667
1758560018.5732841,target,1,2.719403076171875,1.616755126953125,-2.027928726855325
1758560018.5732841,target,2,3.31180615234375,-1.0571561279296875,-0.8219734185973513
1758560018.5732841,target,3,4.0488486328125,3.91283935546875,2.5693629585899935
1758560018.5732841,target,4,-2.9499267578125,-2.332329345703125,-1.7576877841908967
1758560018.5732841,target,5,1.564595458984375,-4.856759765625,0.7852614100754727
1758560018.5932388,herder,1,-0.12970622253417968,-2.37081494140625,-0.7860696794663118
1758560018.5932388,herder,2,1.5734083251953126,3.426207763671875,0.10926480570452989
1758560018.5932388,target,1,2.716990234375,1.618525390625,-1.981000499496766
1758560018.5932388,target,2,3.311018310546875,-1.0569580078125,-0.8148846829868056
1758560018.5932388,target,3,4.048191162109375,3.911108154296875,2.535307786150605
1758560018.5932388,target,4,-2.94992724609375,-2.332313720703125,-1.757860357029534
1758560018.5932388,target,5,1.5625609130859375,-4.85484619140625,0.7380308473541627
1758560018.6132054,herder,1,-0.12432685852050782,-2.37489013671875,-0.7875051232938645
1758560018.6132054,herder,2,1.577291259765625,3.426763427734375,0.10744974490834319
1758560018.6132054,target,1,2.7152431640625,1.61982861328125,-1.9345921211829908
1758560018.6132054,target,2,3.310744873046875,-1.056498779296875,-0.8160313735731665
1758560018.6132054,target,3,4.04734375,3.909013427734375,2.4950509104807495
1758560018.6132054,target,4,-2.949904541015625,-2.332324951171875,-1.7577819269354311
1758560018.6132054,target,5,1.56022265625,-4.853234375,0.6869659318743838
1758560018.6332154,herder,1,-0.12025603485107422,-2.37812890625,-0.7885090018667699
1758560018.6332154,herder,2,1.5823287353515625,3.427491943359375,0.10509751619790911
1758560018.6332154,target,1,2.71227783203125,1.6210916748046875,-1.8949811952355338
1758560018.6332154,target,2,3.3107802734375,-1.056521728515625,-0.8141598371171133
1758560018.6332154,target,3,4.046232421875,3.9070859375,2.4621635341793606
1758560018.6332154,target,4,-2.949904052734375,-2.332340576171875,-1.75778219325154
1758560018.6332154,target,5,1.5583642578125,-4.85122216796875,0.6372330629928353
1758560018.6531973,herder,1,-0.11733180236816407,-2.38097021484375,-0.7895749986721013
1758560018.6531973,herder,2,1.5854371337890625,3.42854931640625,0.10212362246526646
1758560018.6531973,target,1,2.709728759765625,1.6227283935546875,-1.848189055408678
1758560018.6531973,target,2,3.310807861328125,-1.05657763671875,-0.8170099521157161
1758560018.6531973,target,3,4.04477685546875,3.905074951171875,2.4241453117218255
1758560018.6531973,target,4,-2.94995849609375,-2.332329833984375,-1.7574028259542582
1758560018.6531973,target,5,1.5565797119140625,-4.84922802734375,0.5928576086971721
1758560018.6731524,herder,1,-0.1128141098022461,-2.384841796875,-0.789833325297839
1758560018.6731524,herder,2,1.5884049072265625,3.428896240234375,0.09955859886135665
1758560018.6731524,target,1,2.70723974609375,1.623904296875,-1.8036560751345365
1758560018.6731524,target,2,3.31067724609375,-1.0563939208984374,-0.819785032550606
1758560018.6731524,target,3,4.04365478515625,3.903472900390625,2.3844532925191757
1758560018.6731524,target,4,-2.9499794921875,-2.332304931640625,-1.7575305245285275
1758560018.6731524,target,5,1.5545889892578124,-4.8465146484375,0.5378173593687183
1758560018.6932306,herder,1,-0.10787916564941406,-2.38967333984375,-0.7893884442377412
1758560018.6932306,herder,2,1.5927191162109375,3.429225341796875,0.09637906748066787
1758560018.6932306,target,1,2.704688232421875,1.6247388916015626,-1.760385832691256
1758560018.6932306,target,2,3.3107060546875,-1.0565196533203125,-0.8174242068232779
1758560018.6932306,target,3,4.042746826171875,3.90162451171875,2.349405559941515
1758560018.6932306,target,4,-2.949989501953125,-2.332276611328125,-1.7573468995713666
1758560018.6932306,target,5,1.5535482177734374,-4.84380712890625,0.5024811398659746
1758560018.7133644,herder,1,-0.10382551574707032,-2.393422607421875,-0.7889343086928555
1758560018.7133644,herder,2,1.5973001708984376,3.42981396484375,0.09471688877580853
1758560018.7133644,target,1,2.7021669921875,1.62593310546875,-1.7108875217227162
1758560018.7133644,target,2,3.31063525390625,-1.0564410400390625,-0.8161896319209444
1758560018.7133644,target,3,4.041760986328125,3.900314453125,2.330562896280877
1758560018.7133644,target,4,-2.94997119140625,-2.332304931640625,-1.757683656291207
1758560018.7133644,target,5,1.5520640869140625,-4.84188525390625,0.4536973883074168
1758560018.7332098,herder,1,-0.10048206329345703,-2.396314453125,-0.788650149404544
1758560018.7332098,herder,2,1.601269775390625,3.429905029296875,0.09279621699764339
1758560018.7332098,target,1,2.69957861328125,1.6270830078125,-1.6619102582214504
1758560018.7332098,target,2,3.310779296875,-1.0565479736328125,-0.8164885717533058
1758560018.7332098,target,3,4.041621337890625,3.899593505859375,2.3213555494441462
1758560018.7332098,target,4,-2.9499697265625,-2.332319580078125,-1.757647437300382
1758560018.7332098,target,5,1.551129638671875,-4.839703125,0.40619721381524987
1758560018.753139,herder,1,-0.09625157928466797,-2.400451904296875,-0.7886233180565615
1758560018.753139,herder,2,1.6041243896484374,3.430347412109375,0.0904035165610185
1758560018.753139,target,1,2.69705615234375,1.62786328125,-1.6219270223536004
1758560018.753139,target,2,3.310729736328125,-1.056531982421875,-0.8175985107166236
1758560018.753139,target,3,4.04236083984375,3.8993916015625,2.325136172927623
1758560018.753139,target,4,-2.949958251953125,-2.3323251953125,-1.7578792654732736
1758560018.753139,target,5,1.550114990234375,-4.8374140625,0.3631109292242667
1758560018.7732236,herder,1,-0.09125697326660157,-2.4049755859375,-0.788300809248553
1758560018.7732236,herder,2,1.6083533935546874,3.430998046875,0.08831157855762604
1758560018.7732236,target,1,2.69399365234375,1.6284722900390625,-1.5731092822016304
1758560018.7732236,target,2,3.310743896484375,-1.0564749755859375,-0.8174159510238986
1758560018.7732236,target,3,4.04251318359375,3.899597900390625,2.33112056221314
1758560018.7732236,target,4,-2.9499462890625,-2.332298095703125,-1.7580491751508205
1758560018.7732236,target,5,1.549062255859375,-4.83508251953125,0.3219875940937536
1758560018.793317,herder,1,-0.08759099578857422,-2.408125732421875,-0.7880077949496169
1758560018.793317,herder,2,1.6127869873046874,3.4314208984375,0.0865567717811024
1758560018.793317,target,1,2.69125634765625,1.6291470947265625,-1.5246575935414919
1758560018.793317,target,2,3.310644287109375,-1.0564698486328126,-0.8170616840198909
1758560018.793317,target,3,4.042400390625,3.899683837890625,2.3301061641539285
1758560018.793317,target,4,-2.949921630859375,-2.332318359375,-1.7574961697504656
1758560018.793317,target,5,1.5474083251953126,-4.8328095703125,0.2708944324616631
1758560018.8134463,herder,1,-0.08417456817626953,-2.410940185546875,-0.7874849498486072
1758560018.8134463,herder,2,1.616061767578125,3.432018310546875,0.08511101652670404
1758560018.8134463,target,1,2.68840576171875,1.629248046875,-1.478361334309609
1758560018.8134463,target,2,3.3108203125,-1.056540771484375,-0.8176308015448408
1758560018.8134463,target,3,4.0423984375,3.89970751953125,2.3295407750545047
1758560018.8134463,target,4,-2.949907958984375,-2.3323408203125,-1.7576290614888606
1758560018.8134463,target,5,1.546838623046875,-4.8300888671875,0.22757636963205893
1758560018.8331943,herder,1,-0.07964795684814453,-2.415206298828125,-0.7868352717006823
1758560018.8331943,herder,2,1.6204334716796875,3.43262841796875,0.0828914132385559
1758560018.8331943,target,1,2.68515966796875,1.6293780517578125,-1.4314022142824052
1758560018.8331943,target,2,3.3108056640625,-1.0565213623046874,-0.8191292957112012
1758560018.8331943,target,3,4.042422607421875,3.89971044921875,2.3293298526961705
1758560018.8331943,target,4,-2.94997509765625,-2.332307373046875,-1.7572856468662947
1758560018.8331943,target,5,1.546074951171875,-4.827373046875,0.17724637009984426
1758560018.853229,herder,1,-0.07480441284179687,-2.41952392578125,-0.7866908617905728
1758560018.853229,herder,2,1.6251357421875,3.432908203125,0.08046869398301879
1758560018.853229,target,1,2.6829404296875,1.62934765625,-1.3938324681524392
1758560018.853229,target,2,3.31070751953125,-1.056454833984375,-0.8169448378270636
1758560018.853229,target,3,4.042403564453125,3.899732421875,2.3294196012249064
1758560018.853229,target,4,-2.949976806640625,-2.332282470703125,-1.756969662802957
1758560018.853229,target,5,1.5453154296875,-4.82467138671875,0.12648392314087115
1758560018.8731954,herder,1,-0.07095896911621094,-2.4230849609375,-0.7869503202597737
1758560018.8731954,herder,2,1.6284775390625,3.4334453125,0.07738852347812517
1758560018.8731954,target,1,2.6810791015625,1.6301234130859374,-1.3699766700558365
1758560018.8731954,target,2,3.3107236328125,-1.0564771728515625,-0.8171728044163744
1758560018.8731954,target,3,4.042394287109375,3.89968798828125,2.3292579473467385
1758560018.8731954,target,4,-2.949964599609375,-2.332291748046875,-1.7574646112915482
1758560018.8731954,target,5,1.5450828857421874,-4.8221552734375,0.07822776043901479
1758560018.8932192,herder,1,-0.06787177276611328,-2.42624072265625,-0.7870734248811626
1758560018.8932192,herder,2,1.631926513671875,3.434092529296875,0.07473968520128352
1758560018.8932192,target,1,2.6807421875,1.6302779541015624,-1.3615451020446456
1758560018.8932192,target,2,3.310805419921875,-1.0565057373046876,-0.8170304584561097
1758560018.8932192,target,3,4.04244189453125,3.89971484375,2.3290544818394565
1758560018.8932192,target,4,-2.94994970703125,-2.33231591796875,-1.757512148717006
1758560018.8932192,target,5,1.5446668701171875,-4.81952978515625,0.031878745650413036
1758560018.9138346,herder,1,-0.06355594635009766,-2.430098388671875,-0.787293601724285
1758560018.9138346,herder,2,1.636192138671875,3.434287109375,0.0718238400580262
1758560018.9138346,target,1,2.680481689453125,1.6300977783203126,-1.3553456625011047
1758560018.9138346,target,2,3.3107294921875,-1.056449951171875,-0.8202687291835916
1758560018.9138346,target,3,4.04239501953125,3.89971337890625,2.3291154682284194
1758560018.9138346,target,4,-2.94993017578125,-2.3323193359375,-1.7580518383119106
1758560018.9138346,target,5,1.5439287109375,-4.8166103515625,-0.022014317910164675
1758560018.9336305,herder,1,-0.058476783752441405,-2.43447509765625,-0.7884040733198208
1758560018.9336305,herder,2,1.6397357177734375,3.43480810546875,0.0702418807586271
1758560018.9336305,target,1,2.680587646484375,1.6300194091796876,-1.3543349928674195
1758560018.9336305,target,2,3.31058984375,-1.0564224853515625,-0.8197996133575741
1758560018.9336305,target,3,4.042398193359375,3.899731689453125,2.329949836597941
1758560018.9336305,target,4,-2.949922119140625,-2.33231689453125,-1.7582282727341283
1758560018.9336305,target,5,1.5439931640625,-4.81377880859375,-0.06309361517533975
1758560018.953192,herder,1,-0.05411891555786133,-2.438014892578125,-0.7892523567060382
1758560018.953192,herder,2,1.6430589599609375,3.4351669921875,0.06833781212538291
1758560018.953192,target,1,2.680634765625,1.6300726318359375,-1.3537642774458156
1758560018.953192,target,2,3.310781982421875,-1.0564971923828126,-0.8181681608737915
1758560018.953192,target,3,4.042420654296875,3.89973291015625,2.3297021626165635
1758560018.953192,target,4,-2.949933349609375,-2.332305908203125,-1.7576659462699582
1758560018.953192,target,5,1.544328857421875,-4.811111328125,-0.11487200815590765
1758560018.9734123,herder,1,-0.051150360107421876,-2.44110693359375,-0.7909309471411151
1758560018.9734123,herder,2,1.647605224609375,3.43557470703125,0.06615879291553406
1758560018.9734123,target,1,2.680644287109375,1.6299581298828125,-1.3512965923797482
1758560018.9734123,target,2,3.31076171875,-1.0565399169921874,-0.8165986268853533
1758560018.9734123,target,3,4.0424130859375,3.899705810546875,2.3295884456380174
1758560018.9734123,target,4,-2.94993701171875,-2.332337890625,-1.757777133245469
1758560018.9734123,target,5,1.5440867919921875,-4.8081005859375,-0.17107133176979114
1758560018.9931388,herder,1,-0.04661229705810547,-2.444620849609375,-0.7915425420854518
1758560018.9931388,herder,2,1.6520093994140626,3.43610107421875,0.06514057072344509
1758560018.9931388,target,1,2.6807197265625,1.6299908447265625,-1.3502735390469942
1758560018.9931388,target,2,3.310628173828125,-1.0564534912109376,-0.8175374577486335
1758560018.9931388,target,3,4.042396240234375,3.899744384765625,2.3303258749438602
1758560018.9931388,target,4,-2.94991650390625,-2.332334228515625,-1.7576859199781336
1758560018.9931388,target,5,1.544296875,-4.80522021484375,-0.21712128189035543
1758560019.0131955,herder,1,-0.04241938781738281,-2.449143798828125,-0.7918173137309208
1758560019.0131955,herder,2,1.6554122314453126,3.436221435546875,0.06315044037509931
1758560019.0131955,target,1,2.68071630859375,1.630012939453125,-1.3495672687259053
1758560019.0131955,target,2,3.31073828125,-1.056501708984375,-0.8174062970649472
1758560019.0131955,target,3,4.04241357421875,3.89970751953125,2.3297897806164274
1758560019.0131955,target,4,-2.949933837890625,-2.33232470703125,-1.757480190783925
1758560019.0131955,target,5,1.54465625,-4.8021708984375,-0.2729420038657705
1758560019.0332034,herder,1,-0.03848798751831055,-2.452875244140625,-0.7905497822100975
1758560019.0332034,herder,2,1.6591893310546875,3.436718994140625,0.06211212380034786
1758560019.0332034,target,1,2.680591064453125,1.630142578125,-1.3563198468278557
1758560019.0332034,target,2,3.310752197265625,-1.0564930419921874,-0.8185639066117774
1758560019.0332034,target,3,4.042411376953125,3.899724853515625,2.329977533473278
1758560019.0332034,target,4,-2.94996142578125,-2.3323017578125,-1.7572622110487022
1758560019.0332034,target,5,1.5453802490234374,-4.7990166015625,-0.3186918656657533
1758560019.0532262,herder,1,-0.034397254943847655,-2.45675537109375,-0.7903537069748405
1758560019.0532262,herder,2,1.6634871826171875,3.4371435546875,0.060810029442002464
1758560019.0532262,target,1,2.68061962890625,1.6300894775390624,-1.355439805245639
1758560019.0532262,target,2,3.31079052734375,-1.0565233154296876,-0.815755403505207
1758560019.0532262,target,3,4.0424267578125,3.89971826171875,2.3299599566100833
1758560019.0532262,target,4,-2.94992724609375,-2.3322890625,-1.757540111908452
1758560019.0532262,target,5,1.5461685791015625,-4.7965947265625,-0.36981363963480535
1758560019.0731971,herder,1,-0.029850343704223632,-2.461052734375,-0.7906457225883676
1758560019.0731971,herder,2,1.6672291259765626,3.437667724609375,0.057810444527218965
1758560019.0731971,target,1,2.680673095703125,1.6300208740234374,-1.353572796163439
1758560019.0731971,target,2,3.3109189453125,-1.05663427734375,-0.813787726933802
1758560019.0731971,target,3,4.042408935546875,3.899722412109375,2.3301668842267826
1758560019.0731971,target,4,-2.94990869140625,-2.332333984375,-1.7576809931301172
1758560019.0731971,target,5,1.5465177001953125,-4.7935830078125,-0.42210960132847336
1758560019.093274,herder,1,-0.025886409759521483,-2.46443798828125,-0.7906205557160664
1758560019.093274,herder,2,1.6717362060546874,3.43816259765625,0.055532838422766746
1758560019.093274,target,1,2.68059375,1.6302144775390626,-1.359306182516216
1758560019.093274,target,2,3.310729248046875,-1.05642431640625,-0.8198355660322901
1758560019.093274,target,3,4.04239208984375,3.899729736328125,2.3297234679052843
1758560019.093274,target,4,-2.949908203125,-2.332332275390625,-1.7577742037682698
1758560019.093274,target,5,1.5474708251953124,-4.7915068359375,-0.4699632105868074
1758560019.1132112,herder,1,-0.021996776580810548,-2.4680166015625,-0.7908251530668118
1758560019.1132112,herder,2,1.6758472900390624,3.43823095703125,0.05351894352288122
1758560019.1132112,target,1,2.6806494140625,1.6301357421875,-1.3566028076936767
1758560019.1132112,target,2,3.310814697265625,-1.0565390625,-0.816298089156338
1758560019.1132112,target,3,4.04242333984375,3.899729736328125,2.3297735353337776
1758560019.1132112,target,4,-2.94994287109375,-2.33231103515625,-1.7579743403241892
1758560019.1132112,target,5,1.5491878662109375,-4.78921044921875,-0.5136971759548978
1758560019.1337004,herder,1,-0.0175845947265625,-2.471763427734375,-0.791485750175206
1758560019.1337004,herder,2,1.67905419921875,3.43847607421875,0.052489469475186665
1758560019.1337004,target,1,2.680567138671875,1.6301129150390625,-1.357680722144886
1758560019.1337004,target,2,3.310816162109375,-1.0565123291015626,-0.8158107972558807
1758560019.1337004,target,3,4.042364501953125,3.899726806640625,2.3294430370424988
1758560019.1337004,target,4,-2.94992724609375,-2.33231396484375,-1.757778731142123
1758560019.1337004,target,5,1.550148681640625,-4.78597412109375,-0.5631469175230573
1758560019.1531966,herder,1,-0.013618705749511718,-2.475673095703125,-0.7919491402048797
1758560019.1531966,herder,2,1.6832181396484376,3.4388857421875,0.05018205261128237
1758560019.1531966,target,1,2.680623291015625,1.6300863037109374,-1.3546640264200989
1758560019.1531966,target,2,3.310706787109375,-1.0564622802734376,-0.8171918460181685
1758560019.1531966,target,3,4.0424091796875,3.89970751953125,2.3300691462147767
1758560019.1531966,target,4,-2.949933349609375,-2.332333251953125,-1.7574695381395649
1758560019.1531966,target,5,1.5511689453125,-4.783708984375,-0.6094599546698077
1758560019.1732469,herder,1,-0.009651397705078125,-2.479130126953125,-0.7913671063486429
1758560019.1732469,herder,2,1.68736572265625,3.439380615234375,0.04729449939341794
1758560019.1732469,target,1,2.680705078125,1.6300914306640626,-1.3539878498193278
1758560019.1732469,target,2,3.3107607421875,-1.056501220703125,-0.8192780332580821
1758560019.1732469,target,3,4.0424443359375,3.89971435546875,2.3288896321679804
1758560019.1732469,target,4,-2.949960205078125,-2.3323134765625,-1.7565833712868408
1758560019.1732469,target,5,1.5529466552734374,-4.78149853515625,-0.6579281549287048
1758560019.1932075,herder,1,-0.005550161838531494,-2.482688720703125,-0.7908300799148285
1758560019.1932075,herder,2,1.6912855224609376,3.439978515625,0.04519663169541085
1758560019.1932075,target,1,2.680745361328125,1.6300865478515625,-1.3513743566835785
1758560019.1932075,target,2,3.310830078125,-1.056534423828125,-0.816474590157583
1758560019.1932075,target,3,4.042405517578125,3.89968212890625,2.329712282628706
1758560019.1932075,target,4,-2.949979248046875,-2.33229443359375,-1.7574381128387018
1758560019.1932075,target,5,1.5545107421875,-4.77946826171875,-0.7079810026152263
1758560019.2132337,herder,1,-0.0011099997758865355,-2.4868076171875,-0.7912480630479164
1758560019.2132337,herder,2,1.694631591796875,3.43996484375,0.04378420756653051
1758560019.2132337,target,1,2.6807470703125,1.6300400390625,-1.3495357102669878
1758560019.2132337,target,2,3.310802978515625,-1.05652099609375,-0.814687143012949
1758560019.2132337,target,3,4.042409423828125,3.8997412109375,2.3294627444345655
1758560019.2132337,target,4,-2.949960693359375,-2.332301513671875,-1.757999640354545
1758560019.2132337,target,5,1.5561556396484375,-4.777123046875,-0.7563467377511827
1758560019.23324,herder,1,0.003598327875137329,-2.490803466796875,-0.7913740305674771
1758560019.23324,herder,2,1.69861572265625,3.440502685546875,0.042245940753765525
1758560019.23324,target,1,2.680738037109375,1.6299962158203125,-1.3505759409887728
1758560019.23324,target,2,3.31086181640625,-1.0566246337890626,-0.8131281950898439
1758560019.23324,target,3,4.0423671875,3.899712890625,2.329707222622635
1758560019.23324,target,4,-2.94997607421875,-2.332299072265625,-1.7579109570902454
1758560019.23324,target,5,1.5582252197265625,-4.774876953125,-0.8056501719069559
1758560019.2531846,herder,1,0.007042987823486328,-2.494299560546875,-0.7918880206578623
1758560019.2531846,herder,2,1.7032850341796875,3.440863525390625,0.040587020260052335
1758560019.2531846,target,1,2.68072900390625,1.62998046875,-1.350277933262793
1758560019.2531846,target,2,3.3108134765625,-1.056607421875,-0.81539288070182
1758560019.2531846,target,3,4.04240185546875,3.899720703125,2.3301991084759726
1758560019.2531846,target,4,-2.9499697265625,-2.332308837890625,-1.7575803256409122
1758560019.2531846,target,5,1.5603543701171876,-4.772970703125,-0.8516225241712579
1758560019.273253,herder,1,0.011050104141235351,-2.498013671875,-0.7913422723714779
1758560019.273253,herder,2,1.707054443359375,3.440814208984375,0.03915853394084746
1758560019.273253,target,1,2.680741455078125,1.6299671630859376,-1.3503443791319905
1758560019.273253,target,2,3.31077099609375,-1.0565831298828126,-0.8162936949405393
1758560019.273253,target,3,4.042388671875,3.899736083984375,2.3296441057048
1758560019.273253,target,4,-2.9499580078125,-2.3323134765625,-1.7572519578785053
1758560019.273253,target,5,1.562607177734375,-4.7713642578125,-0.8985839078853882
1758560019.2931104,herder,1,0.015341266632080078,-2.502355224609375,-0.7911457976620573
1758560019.2931104,herder,2,1.7093529052734375,3.44099462890625,0.038235157734268145
1758560019.2931104,target,1,2.680725341796875,1.6299908447265625,-1.3510385320701195
1758560019.2931104,target,2,3.310802490234375,-1.056565185546875,-0.8147985963045689
1758560019.2931104,target,3,4.042390869140625,3.899700927734375,2.329448629680788
1758560019.2931104,target,4,-2.94995068359375,-2.332306396484375,-1.757760488488656
1758560019.2931104,target,5,1.5644447021484376,-4.76918310546875,-0.9476163654002459
1758560019.3132408,herder,1,0.01989352798461914,-2.506035400390625,-0.7916687759211216
1758560019.3132408,herder,2,1.7134136962890625,3.44096142578125,0.0377166236252729
1758560019.3132408,target,1,2.6807802734375,1.6300191650390625,-1.3515019220997933
1758560019.3132408,target,2,3.310802734375,-1.0565145263671876,-0.8160208540868606
1758560019.3132408,target,3,4.0424033203125,3.89972705078125,2.3292251904653303
1758560019.3132408,target,4,-2.949920166015625,-2.332308349609375,-1.7574948381699205
1758560019.3132408,target,5,1.5662579345703125,-4.7682607421875,-0.9955212405095639
1758560019.3332782,herder,1,0.023564231872558593,-2.509245849609375,-0.7921833652227522
1758560019.3332782,herder,2,1.718500732421875,3.441267578125,0.03682369900128296
1758560019.3332782,target,1,2.6807841796875,1.6299515380859375,-1.3495835140085548
1758560019.3332782,target,2,3.3108779296875,-1.056534912109375,-0.8174364573642923
1758560019.3332782,target,3,4.042386474609375,3.8997451171875,2.3300513030354733
1758560019.3332782,target,4,-2.949935546875,-2.3323251953125,-1.7576204062153178
1758560019.3332782,target,5,1.5684783935546875,-4.7671953125,-1.0303113122517595
1758560019.3531978,herder,1,0.02801785659790039,-2.513083251953125,-0.7921099285556933
1758560019.3531978,herder,2,1.722416259765625,3.4418359375,0.034660808560785905
1758560019.3531978,target,1,2.680781005859375,1.6299730224609374,-1.3483865562566186
1758560019.3531978,target,2,3.310783935546875,-1.0565526123046876,-0.81674649890488
1758560019.3531978,target,3,4.042407958984375,3.899727783203125,2.329250756811795
1758560019.3531978,target,4,-2.949954833984375,-2.33234912109375,-1.7573660743312152
1758560019.3531978,target,5,1.570828125,-4.765740234375,-1.0757778636460282
1758560019.373111,herder,1,0.03228778076171875,-2.51748046875,-0.7915619165823822
1758560019.373111,herder,2,1.725781494140625,3.442326904296875,0.03312509047640791
1758560019.373111,target,1,2.680765869140625,1.629946533203125,-1.3498849838439517
1758560019.373111,target,2,3.310809326171875,-1.056484375,-0.8188035245308573
1758560019.373111,target,3,4.042399169921875,3.899752685546875,2.3302688832965326
1758560019.373111,target,4,-2.949973876953125,-2.33230029296875,-1.7573823196138647
1758560019.373111,target,5,1.572794189453125,-4.76476953125,-1.1159672947612778
1758560019.393248,herder,1,0.035440017700195316,-2.520638427734375,-0.7905431243073724
1758560019.393248,herder,2,1.7292359619140625,3.442444091796875,0.030720665889202872
1758560019.393248,target,1,2.680486572265625,1.6298870849609375,-1.3442657139438845
1758560019.393248,target,2,3.31072216796875,-1.056488525390625,-0.8194287015967533
1758560019.393248,target,3,4.04239013671875,3.89971044921875,2.3301210778560333
1758560019.393248,target,4,-2.949958740234375,-2.332272216796875,-1.7570511555323134
1758560019.393248,target,5,1.5742967529296874,-4.7643212890625,-1.143296387551562
1758560019.4132626,herder,1,0.03964071655273437,-2.524316650390625,-0.7901410535617976
1758560019.4132626,herder,2,1.7338175048828126,3.442860107421875,0.028325210745325444
1758560019.4132626,target,1,2.68057470703125,1.6299091796875,-1.3441669106674425
1758560019.4132626,target,2,3.310809326171875,-1.056557861328125,-0.8153142508706354
1758560019.4132626,target,3,4.042383056640625,3.89970458984375,2.3297298594919003
1758560019.4132626,target,4,-2.94994482421875,-2.332315185546875,-1.7576064246195948
1758560019.4132626,target,5,1.5759183349609376,-4.7646962890625,-1.1607347663694008
1758560019.433153,herder,1,0.04405234527587891,-2.528693115234375,-0.7902771410935007
1758560019.433153,herder,2,1.739285888671875,3.443137939453125,0.02773586776025312
1758560019.433153,target,1,2.680640869140625,1.62991845703125,-1.3462267326125643
1758560019.433153,target,2,3.31078564453125,-1.0565198974609376,-0.8161503502948658
1758560019.433153,target,3,4.042383056640625,3.899747802734375,2.329809221692385
1758560019.433153,target,4,-2.94993017578125,-2.33233203125,-1.7581599626521678
1758560019.433153,target,5,1.5770887451171876,-4.7661435546875,-1.171343335413677
1758560019.4532158,herder,1,0.04815604782104492,-2.53232763671875,-0.7902643579202683
1758560019.4532158,herder,2,1.7421798095703125,3.442754638671875,0.02694002159978037
1758560019.4532158,target,1,2.680692626953125,1.629976318359375,-1.3489606006295851
1758560019.4532158,target,2,3.31069287109375,-1.056509765625,-0.8181090386975918
1758560019.4532158,target,3,4.04239404296875,3.899735107421875,2.3297279952791374
1758560019.4532158,target,4,-2.949946533203125,-2.3323388671875,-1.7580060319411612
1758560019.4532158,target,5,1.5770255126953125,-4.767048828125,-1.1648790444997277
1758560019.473208,herder,1,0.052347602844238283,-2.535983154296875,-0.7913991308607511
1758560019.473208,herder,2,1.7448193359375,3.44298583984375,0.027056593154120182
1758560019.473208,target,1,2.680722412109375,1.6299796142578125,-1.3496000256073133
1758560019.473208,target,2,3.310828125,-1.056581787109375,-0.8170304584561097
1758560019.473208,target,3,4.042407958984375,3.8997099609375,2.329179384094581
1758560019.473208,target,4,-2.949941650390625,-2.332326416015625,-1.7575021618629183
1758560019.473208,target,5,1.57618603515625,-4.7678798828125,-1.1475248215723353
1758560019.4930785,herder,1,0.05661933135986328,-2.539749267578125,-0.7928426307506012
1758560019.4930785,herder,2,1.748717529296875,3.44313671875,0.025732315496132266
1758560019.4930785,target,1,2.680775146484375,1.6299764404296875,-1.3499334533757912
1758560019.4930785,target,2,3.310824462890625,-1.0565552978515624,-0.8173485064692925
1758560019.4930785,target,3,4.042388427734375,3.89972265625,2.3296582204585774
1758560019.4930785,target,4,-2.949912353515625,-2.33233154296875,-1.7576379830785123
1758560019.4930785,target,5,1.5757735595703124,-4.7689423828125,-1.1315037770866365
1758560019.5132246,herder,1,0.061057640075683595,-2.543382568359375,-0.7933973006266376
1758560019.5132246,herder,2,1.7534852294921874,3.443425537109375,0.023434796020747897
1758560019.5132246,target,1,2.68074755859375,1.6299775390625,-1.350802176523375
1758560019.5132246,target,2,3.310799560546875,-1.056500244140625,-0.8176149557363549
1758560019.5132246,target,3,4.0424013671875,3.899718505859375,2.329782057449266
1758560019.5132246,target,4,-2.949919921875,-2.33233349609375,-1.7576144141028651
1758560019.5132246,target,5,1.5754945068359374,-4.77000537109375,-1.1227765981944469
1758560019.5336907,herder,1,0.06537778472900391,-2.547618896484375,-0.7944675584897132
1758560019.5336907,herder,2,1.758457763671875,3.443852294921875,0.022421500676675577
1758560019.5336907,target,1,2.680801025390625,1.6300179443359375,-1.3511328079727083
1758560019.5336907,target,2,3.31076171875,-1.0565084228515624,-0.816578453440096
1758560019.5336907,target,3,4.042379638671875,3.89969384765625,2.3294635433828925
1758560019.5336907,target,4,-2.94993115234375,-2.33233642578125,-1.7582658233054984
1758560019.5336907,target,5,1.5752928466796876,-4.77095361328125,-1.1083581774737308
1758560019.5532203,herder,1,0.06935248565673828,-2.550996337890625,-0.7943333351707732
1758560019.5532203,herder,2,1.7620753173828125,3.443835693359375,0.021134958762977323
1758560019.5532203,target,1,2.680763916015625,1.6299129638671874,-1.3500907130381603
1758560019.5532203,target,2,3.310729736328125,-1.0565335693359375,-0.8169149438438276
1758560019.5532203,target,3,4.042379150390625,3.8997119140625,2.3295671403492966
1758560019.5532203,target,4,-2.9499189453125,-2.332318603515625,-1.7578639522970054
1758560019.5532203,target,5,1.5749404296875,-4.77218896484375,-1.095077658907778
1758560019.5731184,herder,1,0.07332431030273437,-2.554968505859375,-0.7940774053900166
1758560019.5731184,herder,2,1.764904296875,3.444284423828125,0.02026775236885806
1758560019.5731184,target,1,2.680734375,1.6299117431640624,-1.350450772417539
1758560019.5731184,target,2,3.310593017578125,-1.0564293212890625,-0.8192558624420072
1758560019.5731184,target,3,4.042382080078125,3.8997138671875,2.329517339236912
1758560019.5731184,target,4,-2.949947998046875,-2.3323251953125,-1.7577539637439852
1758560019.5731184,target,5,1.5745601806640626,-4.77348388671875,-1.0796941751870444
1758560019.5931075,herder,1,0.07733381652832032,-2.558861328125,-0.7940486432502437
1758560019.5931075,herder,2,1.7686292724609376,3.444364990234375,0.018308429384778536
1758560019.5931075,target,1,2.680771240234375,1.629934326171875,-1.3495844461149362
1758560019.5931075,target,2,3.310587890625,-1.05644091796875,-0.8177458501039323
1758560019.5931075,target,3,4.04240380859375,3.899740478515625,2.3296619488841035
1758560019.5931075,target,4,-2.949936767578125,-2.332315185546875,-1.7568986895599064
1758560019.5931075,target,5,1.5740498046875,-4.774513671875,-1.065755855831842
1758560019.6132312,herder,1,0.08106295776367188,-2.562243408203125,-0.7940216787442066
1758560019.6132312,herder,2,1.773706298828125,3.44459716796875,0.016523716141451136
1758560019.6132312,target,1,2.680761474609375,1.6299744873046875,-1.3502070931777967
1758560019.6132312,target,2,3.31073486328125,-1.056506591796875,-0.8157145905615015
1758560019.6132312,target,3,4.042380615234375,3.899722412109375,2.329946108172415
1758560019.6132312,target,4,-2.949930419921875,-2.33231591796875,-1.757239707337491
1758560019.6132312,target,5,1.5738359375,-4.77551806640625,-1.0544577278023173
1758560019.6331277,herder,1,0.08529574584960938,-2.566052490234375,-0.7934833873088744
1758560019.6331277,herder,2,1.77904296875,3.444616943359375,0.015387330740152114
1758560019.6331277,target,1,2.680772216796875,1.629951416015625,-1.3513132371365613
1758560019.6331277,target,2,3.310807373046875,-1.0565501708984375,-0.8152711076609761
1758560019.6331277,target,3,4.04235546875,3.89972265625,2.330582869989053
1758560019.6331277,target,4,-2.949938232421875,-2.332329345703125,-1.7572165378360072
1758560019.6331277,target,5,1.574373046875,-4.77694677734375,-1.0507106601485758
1758560019.6532152,herder,1,0.08969327545166016,-2.5702939453125,-0.7931452990084888
1758560019.6532152,herder,2,1.7816414794921875,3.444591064453125,0.014382084176296179
1758560019.6532152,target,1,2.68076025390625,1.629974365234375,-1.3503671491593106
1758560019.6532152,target,2,3.310729736328125,-1.0565245361328126,-0.8176814681845795
1758560019.6532152,target,3,4.042406494140625,3.8997294921875,2.3300747388530656
1758560019.6532152,target,4,-2.94995654296875,-2.332318115234375,-1.756853948453593
1758560019.6532152,target,5,1.5751329345703124,-4.7788955078125,-1.0482849864487043
1758560019.6731977,herder,1,0.09374934387207032,-2.573770751953125,-0.7927875033160366
1758560019.6731977,herder,2,1.784598876953125,3.444803955078125,0.013323312235718851
1758560019.6731977,target,1,2.68075830078125,1.6299935302734374,-1.3506232120981216
1758560019.6731977,target,2,3.310720703125,-1.0565010986328125,-0.8160847033739953
1758560019.6731977,target,3,4.04238623046875,3.899739013671875,2.329837184883831
1758560019.6731977,target,4,-2.94994287109375,-2.332314697265625,-1.7576020304037963
1758560019.6731977,target,5,1.57581787109375,-4.78057275390625,-1.045547789480321
1758560019.6931317,herder,1,0.09665689849853516,-2.5767197265625,-0.7930765228733375
1758560019.6931317,herder,2,1.788992431640625,3.4447353515625,0.012058948420176612
1758560019.6931317,target,1,2.680748046875,1.6299576416015624,-1.3507562369945711
1758560019.6931317,target,2,3.310810791015625,-1.05651220703125,-0.8160978860213912
1758560019.6931317,target,3,4.042406494140625,3.899708740234375,2.3291359745688127
1758560019.6931317,target,4,-2.9499228515625,-2.3323291015625,-1.757673802595174
1758560019.6931317,target,5,1.57668994140625,-4.782732421875,-1.0488547031848996
1758560019.7132437,herder,1,0.10102617645263672,-2.58026513671875,-0.7931809187880686
1758560019.7132437,herder,2,1.7938533935546874,3.445209228515625,0.010109334530805569
1758560019.7132437,target,1,2.680761474609375,1.629969970703125,-1.3491635335046492
1758560019.7132437,target,2,3.310877197265625,-1.0566656494140625,-0.8134673486546654
1758560019.7132437,target,3,4.042389892578125,3.89972119140625,2.3289948270310386
1758560019.7132437,target,4,-2.949947021484375,-2.332341064453125,-1.757598834610488
1758560019.7132437,target,5,1.5779609375,-4.7850751953125,-1.0401254603428651
1758560019.7336957,herder,1,0.1055318603515625,-2.58496630859375,-0.7937014336231246
1758560019.7336957,herder,2,1.7979835205078125,3.44540478515625,0.007880989104290059
1758560019.7336957,target,1,2.680769775390625,1.6299676513671875,-1.3502335916306432
1758560019.7336957,target,2,3.310812744140625,-1.05665771484375,-0.8137448500402517
1758560019.7336957,target,3,4.04239111328125,3.89971728515625,2.329774866914323
1758560019.7336957,target,4,-2.94994091796875,-2.332308837890625,-1.7576848547136976
1758560019.7336957,target,5,1.579619384765625,-4.7871494140625,-1.0404359849259683
1758560019.753206,herder,1,0.10944216918945313,-2.587936767578125,-0.7932557536146998
1758560019.753206,herder,2,1.8005794677734375,3.445583251953125,0.004592884495058752
1758560019.753206,target,1,2.680731689453125,1.6299388427734376,-1.3495736603125215
1758560019.753206,target,2,3.310742431640625,-1.05651318359375,-0.8181146979149082
1758560019.753206,target,3,4.0423916015625,3.899719482421875,2.3297935090419535
1758560019.753206,target,4,-2.949942626953125,-2.332292724609375,-1.7578381196344317
1758560019.753206,target,5,1.5811588134765624,-4.78941943359375,-1.0434104695474777
1758560019.7732298,herder,1,0.1132400894165039,-2.59150390625,-0.7940383235010197
1758560019.7732298,herder,2,1.8044210205078124,3.446032470703125,0.0019034759238570462
1758560019.7732298,target,1,2.680769775390625,1.6299390869140624,-1.35000495925106
1758560019.7732298,target,2,3.31079931640625,-1.0566171875,-0.8124291818827253
1758560019.7732298,target,3,4.042372802734375,3.899721435546875,2.329643306756473
1758560019.7732298,target,4,-2.949913330078125,-2.33232177734375,-1.7569767201798456
1758560019.7732298,target,5,1.58253955078125,-4.79185888671875,-1.0476775859830845
1758560019.7932105,herder,1,0.11784468841552734,-2.59553369140625,-0.7941547702196833
1758560019.7932105,herder,2,1.809558349609375,3.445994873046875,0.0006472920960282547
1758560019.7932105,target,1,2.68079345703125,1.629939208984375,-1.3496723304309088
1758560019.7932105,target,2,3.310890625,-1.0566353759765625,-0.81474792966483
1758560019.7932105,target,3,4.042402587890625,3.899759521484375,2.3296568888780325
1758560019.7932105,target,4,-2.949891357421875,-2.332332763671875,-1.7570583460672566
1758560019.7932105,target,5,1.5842352294921875,-4.79456591796875,-1.0438353768994
1758560019.813159,herder,1,0.12154636383056641,-2.599378173828125,-0.7938638864496195
1758560019.813159,herder,2,1.8137802734375,3.445834716796875,0.0010601723107813823
1758560019.813159,target,1,2.680782470703125,1.62994775390625,-1.3508495807907783
1758560019.813159,target,2,3.310629150390625,-1.0564539794921874,-0.8179232832115588
1758560019.813159,target,3,4.042383544921875,3.89971533203125,2.329906160756064
1758560019.813159,target,4,-2.949923095703125,-2.332335205078125,-1.757227589954531
1758560019.813159,target,5,1.58585498046875,-4.79746728515625,-1.0382208341102677
1758560019.8332367,herder,1,0.12558749389648438,-2.603007568359375,-0.7939909858126435
1758560019.8332367,herder,2,1.8172542724609375,3.44584765625,0.0005378846465783578
1758560019.8332367,target,1,2.6807216796875,1.629932861328125,-1.350732135386706
1758560019.8332367,target,2,3.3107353515625,-1.0565582275390626,-0.8165559497288849
1758560019.8332367,target,3,4.042371826171875,3.899699462890625,2.328585232855384
1758560019.8332367,target,4,-2.94995703125,-2.33231494140625,-1.7575112166106246
1758560019.8332367,target,5,1.587359375,-4.80000732421875,-1.0433921603149836
1758560019.8532345,herder,1,0.1300912628173828,-2.60694775390625,-0.7940373248156108
1758560019.8532345,herder,2,1.8209193115234374,3.446082763671875,-0.0003650804393196644
1758560019.8532345,target,1,2.6807783203125,1.6299383544921875,-1.3494646038658826
1758560019.8532345,target,2,3.3106201171875,-1.0564608154296875,-0.819905806906041
1758560019.8532345,target,3,4.04194775390625,3.899469482421875,2.3196564526686756
1758560019.8532345,target,4,-2.949966552734375,-2.33232275390625,-1.7576359857076946
1758560019.8532345,target,5,1.5888319091796874,-4.80296337890625,-1.0440329168732565
1758560019.873132,herder,1,0.1344141845703125,-2.61096875,-0.7941199493884306
1758560019.873132,herder,2,1.825343994140625,3.446080322265625,-0.0019104492967387155
1758560019.873132,target,1,2.680716552734375,1.6298797607421875,-1.349890043850023
1758560019.873132,target,2,3.310691650390625,-1.05650732421875,-0.8193571957214847
1758560019.873132,target,3,4.041367431640625,3.899381103515625,2.2979825824531748
1758560019.873132,target,4,-2.949963134765625,-2.332328125,-1.7573235969118284
1758560019.873132,target,5,1.590746826171875,-4.80604638671875,-1.0466970766487447
1758560019.8931935,herder,1,0.13828851318359375,-2.614889404296875,-0.7939891881789076
1758560019.8931935,herder,2,1.8297469482421875,3.446378662109375,-0.0028889076849500876
1758560019.8931935,target,1,2.680572265625,1.6300791015625,-1.3581204100408582
1758560019.8931935,target,2,3.310705810546875,-1.0565179443359376,-0.8168243297877376
1758560019.8931935,target,3,4.04041845703125,3.89821484375,2.2748098851761775
1758560019.8931935,target,4,-2.949940673828125,-2.332317626953125,-1.7571808514774
1758560019.8931935,target,5,1.592809326171875,-4.8095849609375,-1.0497952651028883
1758560019.913211,herder,1,0.14253466796875,-2.618478515625,-0.7939966450299599
1758560019.913211,herder,2,1.833130615234375,3.446723388671875,-0.004141028501633394
1758560019.913211,target,1,2.68060888671875,1.6300430908203125,-1.3566862977938505
1758560019.913211,target,2,3.310884033203125,-1.0566181640625,-0.8146808180053601
1758560019.913211,target,3,4.039315673828125,3.896640869140625,2.2500787060292655
1758560019.913211,target,4,-2.94994873046875,-2.332321533203125,-1.757829464360889
1758560019.913211,target,5,1.5943465576171876,-4.81227392578125,-1.0499050539188268
1758560019.9331658,herder,1,0.14674853515625,-2.62234375,-0.7944313394988881
1758560019.9331658,herder,2,1.836887451171875,3.446563232421875,-0.0057199529937317
1758560019.9331658,target,1,2.68064892578125,1.6300230712890624,-1.3546712169550421
1758560019.9331658,target,2,3.310746826171875,-1.0564931640625,-0.8174794008368699
1758560019.9331658,target,3,4.037955322265625,3.895667236328125,2.2199552914652156
1758560019.9331658,target,4,-2.94991796875,-2.332365478515625,-1.757759689540329
1758560019.9331658,target,5,1.59625439453125,-4.81547802734375,-1.046126427806168
1758560019.9531305,herder,1,0.15082868957519532,-2.625859130859375,-0.79484219867606
1758560019.9531305,herder,2,1.841511474609375,3.446980224609375,-0.006634892909350081
1758560019.9531305,target,1,2.68070947265625,1.629987548828125,-1.3529277785474219
1758560019.9531305,target,2,3.310697265625,-1.056498046875,-0.8179298079562295
1758560019.9531305,target,3,4.036455322265625,3.89461767578125,2.186573232991345
1758560019.9531305,target,4,-2.949949951171875,-2.332316162109375,-1.7582731469984962
1758560019.9531305,target,5,1.5982864990234376,-4.81912109375,-1.039516661717673
1758560019.9732711,herder,1,0.15469287109375,-2.629768310546875,-0.7954621159988032
1758560019.9732711,herder,2,1.8455411376953126,3.446866455078125,-0.008034419952443599
1758560019.9732711,target,1,2.680758544921875,1.6299893798828125,-1.352080760162722
1758560019.9732711,target,2,3.31078662109375,-1.05650537109375,-0.8194706463839221
1758560019.9732711,target,3,4.034396728515625,3.892980712890625,2.1478652518114796
1758560019.9732711,target,4,-2.949953369140625,-2.332304931640625,-1.758018681956339
1758560019.9732711,target,5,1.600690185546875,-4.82226123046875,-1.0449776066909349
1758560019.993064,herder,1,0.15892572021484375,-2.633201171875,-0.7953171068774484
1758560019.993064,herder,2,1.8483699951171875,3.446683837890625,-0.009309686083698351
1758560019.993064,target,1,2.680538818359375,1.6299296875,-1.345486773303686
1758560019.993064,target,2,3.310755615234375,-1.0565185546875,-0.8201632680044244
1758560019.993064,target,3,4.03248779296875,3.891757568359375,2.1104928459182886
1758560019.993064,target,4,-2.9499521484375,-2.33232080078125,-1.7570888392617379
1758560019.993064,target,5,1.6023731689453125,-4.82618212890625,-1.0458135063780836
1758560020.0132363,herder,1,0.16322966003417969,-2.637119873046875,-0.7957388850150897
1758560020.0132363,herder,2,1.852519775390625,3.446993896484375,-0.01000958562411719
1758560020.0132363,target,1,2.68058837890625,1.629892822265625,-1.3464247386396118
1758560020.0132363,target,2,3.31058251953125,-1.0564735107421874,-0.817946319554988
1758560020.0132363,target,3,4.030973876953125,3.890620849609375,2.069159920009986
1758560020.0132363,target,4,-2.949927001953125,-2.332325439453125,-1.7570648708119272
1758560020.0132363,target,5,1.6041319580078126,-4.8295302734375,-1.0450851318199468
1758560020.0332668,herder,1,0.16762617492675783,-2.6409482421875,-0.7957600571457558
1758560020.0332668,herder,2,1.85768310546875,3.446805419921875,-0.011600962734980543
1758560020.0332668,target,1,2.6806533203125,1.629906005859375,-1.3478419398136974
1758560020.0332668,target,2,3.310691650390625,-1.0564991455078125,-0.817189582331242
1758560020.0332668,target,3,4.02895263671875,3.888976806640625,2.0255080465824973
1758560020.0332668,target,4,-2.9499453125,-2.332332763671875,-1.7574861828963777
1758560020.0332668,target,5,1.6062564697265624,-4.833064453125,-1.0438185324055052
1758560020.053091,herder,1,0.17124514770507812,-2.6441708984375,-0.7957736392673153
1758560020.053091,herder,2,1.861820068359375,3.446715576171875,-0.011585360356062962
1758560020.053091,target,1,2.680691650390625,1.629929931640625,-1.3484631221379584
1758560020.053091,target,2,3.310496826171875,-1.0568563232421875,-0.8079784404899576
1758560020.053091,target,3,4.026671142578125,3.88756689453125,1.9811206080619286
1758560020.053091,target,4,-2.949933837890625,-2.332323486328125,-1.7577515668990042
1758560020.053091,target,5,1.6083062744140626,-4.83628515625,-1.0468965474143914
1758560020.073275,herder,1,0.17529473876953125,-2.648150390625,-0.7959873579447941
1758560020.073275,herder,2,1.8652430419921875,3.446755126953125,-0.01131927831394772
1758560020.073275,target,1,2.680743896484375,1.62993701171875,-1.3487060024293736
1758560020.073275,target,2,3.309886474609375,-1.0573310546875,-0.788614729362046
1758560020.073275,target,3,4.024507080078125,3.886766357421875,1.937510279947445
1758560020.073275,target,4,-2.949919921875,-2.332316162109375,-1.7582756770015318
1758560020.073275,target,5,1.6110316162109375,-4.8402841796875,-1.0463709725732644
1758560020.0931933,herder,1,0.17986366271972656,-2.652581787109375,-0.7952716999808626
1758560020.0931933,herder,2,1.8699837646484374,3.446926513671875,-0.011856504484843955
1758560020.0931933,target,1,2.680760498046875,1.62995556640625,-1.3494777865132785
1758560020.0931933,target,2,3.30896142578125,-1.05862646484375,-0.7641610516007205
1758560020.0931933,target,3,4.021892822265625,3.88544580078125,1.8926137781845078
1758560020.0931933,target,4,-2.9499345703125,-2.332342041015625,-1.7577419795190798
1758560020.0931933,target,5,1.6126490478515625,-4.8439169921875,-1.0533216898603166
1758560020.1132286,herder,1,0.18391041564941407,-2.655892822265625,-0.7954957384075655
1758560020.1132286,herder,2,1.87348388671875,3.44694287109375,-0.012883244631231973
1758560020.1132286,target,1,2.680778564453125,1.62994970703125,-1.349222921996958
1758560020.1132286,target,2,3.3075205078125,-1.0598133544921875,-0.7420294505728622
1758560020.1132286,target,3,4.01902099609375,3.884318603515625,1.8478922461051885
1758560020.1132286,target,4,-2.949956298828125,-2.3323076171875,-1.7578249369870358
1758560020.1132286,target,5,1.6150677490234375,-4.8471796875,-1.0532378668650064
1758560020.1332064,herder,1,0.18728280639648437,-2.658565185546875,-0.795538681880143
1758560020.1332064,herder,2,1.8771285400390625,3.447364990234375,-0.014171693409882618
1758560020.1332064,target,1,2.680763916015625,1.6299444580078124,-1.3505048345876676
1758560020.1332064,target,2,3.3066083984375,-1.0608714599609375,-0.7125248880671196
1758560020.1332064,target,3,4.016662353515625,3.883438232421875,1.7966584862122987
1758560020.1332064,target,4,-2.949967041015625,-2.332325439453125,-1.757352758525765
1758560020.1332064,target,5,1.6174722900390626,-4.85059814453125,-1.054450004635156
1758560020.153277,herder,1,0.19175721740722657,-2.662786865234375,-0.7960936180722883
1758560020.153277,herder,2,1.8817867431640625,3.44714306640625,-0.01560784463959988
1758560020.153277,target,1,2.6807607421875,1.62992578125,-1.349339701610758
1758560020.153277,target,2,3.305505126953125,-1.0622723388671875,-0.6807266780725462
1758560020.153277,target,3,4.01424365234375,3.88263427734375,1.7557185097228376
1758560020.153277,target,4,-2.949967529296875,-2.332320556640625,-1.7573642101184521
1758560020.153277,target,5,1.619938232421875,-4.8545556640625,-1.048153026816691
1758560020.173229,herder,1,0.196447509765625,-2.667188720703125,-0.795321767409356
1758560020.173229,herder,2,1.8863055419921875,3.447046142578125,-0.016066088318526548
1758560020.173229,target,1,2.680778076171875,1.629967041015625,-1.350162751545647
1758560020.173229,target,2,3.30443994140625,-1.0637822265625,-0.648251026475684
1758560020.173229,target,3,4.011392333984375,3.88207958984375,1.7102852478421948
1758560020.173229,target,4,-2.949938232421875,-2.33232373046875,-1.75782653488369
1758560020.173229,target,5,1.62135791015625,-4.858478515625,-1.055700292187921
1758560020.1932054,herder,1,0.19958937072753907,-2.670694580078125,-0.7947166306306628
1758560020.1932054,herder,2,1.8896151123046876,3.447316162109375,-0.016827374762369018
1758560020.1932054,target,1,2.680792236328125,1.6299959716796875,-1.3513655682519812
1758560020.1932054,target,2,3.302813232421875,-1.065227294921875,-0.6163453579311259
1758560020.1932054,target,3,4.00883740234375,3.88188134765625,1.6703093356673424
1758560020.1932054,target,4,-2.94992578125,-2.33234326171875,-1.7571520893376273
1758560020.1932054,target,5,1.6241046142578126,-4.86230615234375,-1.0440341818747743
1758560020.2132487,herder,1,0.20319754028320314,-2.673909423828125,-0.7932898420766529
1758560020.2132487,herder,2,1.8930072021484374,3.446868408203125,-0.01717774065149876
1758560020.2132487,target,1,2.68078271484375,1.62996337890625,-1.3499345186402272
1758560020.2132487,target,2,3.301374755859375,-1.0667298583984375,-0.5749356664044021
1758560020.2132487,target,3,4.00672314453125,3.8815869140625,1.6255493209102716
1758560020.2132487,target,4,-2.949907958984375,-2.33235546875,-1.7574659428720931
1758560020.2132487,target,5,1.626423828125,-4.86611376953125,-1.049102643482386
1758560020.2332447,herder,1,0.20798300170898437,-2.67832177734375,-0.7937435781473751
1758560020.2332447,herder,2,1.897333251953125,3.44717919921875,-0.017993279639875886
1758560020.2332447,target,1,2.68075048828125,1.629934814453125,-1.3501873857857303
1758560020.2332447,target,2,3.29987060546875,-1.0683209228515624,-0.5368546932136818
1758560020.2332447,target,3,4.004170654296875,3.881447998046875,1.582268159506522
1758560020.2332447,target,4,-2.94994189453125,-2.33232275390625,-1.7575522292914116
1758560020.2332447,target,5,1.6286146240234376,-4.86982275390625,-1.0531980526067097
1758560020.2531953,herder,1,0.2120631103515625,-2.6820087890625,-0.794432138447215
1758560020.2531953,herder,2,1.9023685302734374,3.447223876953125,-0.01994595512420322
1758560020.2531953,target,1,2.680770263671875,1.6299500732421874,-1.3501715399772443
1758560020.2531953,target,2,3.298725341796875,-1.070427001953125,-0.49997017843219344
1758560020.2531953,target,3,4.001380126953125,3.88143359375,1.537491766308747
1758560020.2531953,target,4,-2.949907958984375,-2.332309814453125,-1.7571992272889216
1758560020.2531953,target,5,1.6308096923828126,-4.87395654296875,-1.0548036058488912
1758560020.2736034,herder,1,0.2158773193359375,-2.6851123046875,-0.7940903883003306
1758560020.2736034,herder,2,1.906073486328125,3.447030517578125,-0.02187074231849038
1758560020.2736034,target,1,2.68077734375,1.629900146484375,-1.3510181588877805
1758560020.2736034,target,2,3.296996337890625,-1.072435546875,-0.455719792839223
1758560020.2736034,target,3,3.99866552734375,3.881801025390625,1.4948497635666165
1758560020.2736034,target,4,-2.94992529296875,-2.33230615234375,-1.7572001593953033
1758560020.2736034,target,5,1.6330303955078125,-4.87762548828125,-1.0552082065975015
1758560020.293194,herder,1,0.2201232147216797,-2.6894208984375,-0.7939608920923256
1758560020.293194,herder,2,1.910234375,3.447275634765625,-0.023116300679725837
1758560020.293194,target,1,2.680766357421875,1.6299407958984375,-1.3497105467925514
1758560020.293194,target,2,3.2956044921875,-1.074596435546875,-0.40450337678293224
1758560020.293194,target,3,3.9964990234375,3.882164306640625,1.4450426590696819
1758560020.293194,target,4,-2.94993701171875,-2.332341064453125,-1.7576588888930693
1758560020.293194,target,5,1.63533056640625,-4.881578125,-1.0515415664086805
1758560020.3133402,herder,1,0.22460421752929688,-2.693318115234375,-0.7939809989585557
1758560020.3133402,herder,2,1.9144781494140626,3.447183349609375,-0.02413196998223861
1758560020.3133402,target,1,2.680772705078125,1.6299638671875,-1.3504688819129516
1758560020.3133402,target,2,3.294145751953125,-1.0768914794921876,-0.3638880396303518
1758560020.3133402,target,3,3.993715087890625,3.882466796875,1.3965970956800506
1758560020.3133402,target,4,-2.949928955078125,-2.33233349609375,-1.7575434408598145
1758560020.3133402,target,5,1.6371827392578124,-4.88597021484375,-1.0523564271232175
1758560020.3332374,herder,1,0.22897561645507813,-2.69698876953125,-0.7943160246236877
1758560020.3332374,herder,2,1.918346923828125,3.44722021484375,-0.02557625217565902
1758560020.3332374,target,1,2.6807431640625,1.62990869140625,-1.3513193624070683
1758560020.3332374,target,2,3.293336181640625,-1.0795391845703124,-0.317600402382498
1758560020.3332374,target,3,3.99078271484375,3.882893310546875,1.350633598426373
1758560020.3332374,target,4,-2.949946044921875,-2.33232177734375,-1.7583200186336816
1758560020.3332374,target,5,1.6401407470703124,-4.890041015625,-1.0478140729889511
1758560020.353185,herder,1,0.23267669677734376,-2.700819580078125,-0.7946461900198302
1758560020.353185,herder,2,1.922944091796875,3.447447998046875,-0.025472257815686027
1758560020.353185,target,1,2.68079296875,1.629953125,-1.3517730318987633
1758560020.353185,target,2,3.29191552734375,-1.08214794921875,-0.2685480710280056
1758560020.353185,target,3,3.98841845703125,3.8834609375,1.302185238717597
1758560020.353185,target,4,-2.949935791015625,-2.332332275390625,-1.7577442432060064
1758560020.353185,target,5,1.6423548583984375,-4.8940888671875,-1.048789256001111
1758560020.3732762,herder,1,0.23664680480957032,-2.70449462890625,-0.794312429356216
1758560020.3732762,herder,2,1.9269356689453125,3.44729052734375,-0.025651956690833727
1758560020.3732762,target,1,2.68078662109375,1.6299588623046875,-1.3509547756538365
1758560020.3732762,target,2,3.29081591796875,-1.0847298583984375,-0.21803875753064453
1758560020.3732762,target,3,3.985773193359375,3.884254638671875,1.2570407966571733
1758560020.3732762,target,4,-2.949945068359375,-2.33233056640625,-1.7573393095622598
1758560020.3732762,target,5,1.6445146484375,-4.89829248046875,-1.0498318169888496
1758560020.393268,herder,1,0.24077113342285156,-2.708438232421875,-0.794799654677646
1758560020.393268,herder,2,1.930629638671875,3.447450439453125,-0.026259111646290557
1758560020.393268,target,1,2.680777587890625,1.629903076171875,-1.3505563667547607
1758560020.393268,target,2,3.29029248046875,-1.087267822265625,-0.17741504806538713
1758560020.393268,target,3,3.983615966796875,3.884520263671875,1.2124585479028653
1758560020.393268,target,4,-2.94993896484375,-2.332311279296875,-1.757611218309557
1758560020.393268,target,5,1.6466845703125,-4.9024814453125,-1.0508031384174288
1758560020.413191,herder,1,0.2447698516845703,-2.712060791015625,-0.7949447969570553
1758560020.413191,herder,2,1.9350618896484375,3.4473369140625,-0.02664804135636141
1758560020.413191,target,1,2.680794189453125,1.6299305419921875,-1.3498500964336717
1758560020.413191,target,2,3.28949951171875,-1.090307373046875,-0.11799575463413768
1758560020.413191,target,3,3.98112890625,3.885193359375,1.1637389452370648
1758560020.413191,target,4,-2.949956787109375,-2.33229052734375,-1.75798352822995
1758560020.413191,target,5,1.6494566650390625,-4.906765625,-1.0528000431817974
1758560020.4332168,herder,1,0.24919183349609375,-2.716028564453125,-0.7952483973213244
1758560020.4332168,herder,2,1.93913671875,3.44711865234375,-0.027681300005636317
1758560020.4332168,target,1,2.68079296875,1.629958251953125,-1.350048901409046
1758560020.4332168,target,2,3.2891650390625,-1.09305908203125,-0.06251084478861396
1758560020.4332168,target,3,3.97824560546875,3.885970458984375,1.1186534921947864
1758560020.4332168,target,4,-2.94993408203125,-2.332323974609375,-1.757355688002964
1758560020.4332168,target,5,1.651014404296875,-4.911017578125,-1.0501892132071382
1758560020.4530854,herder,1,0.2538192596435547,-2.72003369140625,-0.7956782981002904
1758560020.4530854,herder,2,1.9433319091796875,3.447206298828125,-0.028286580345357085
1758560020.4530854,target,1,2.68077783203125,1.6299398193359376,-1.3504839287731105
1758560020.4530854,target,2,3.289255859375,-1.095781494140625,-0.017183432118031503
1758560020.4530854,target,3,3.9760361328125,3.88683984375,1.0747650634834711
1758560020.4530854,target,4,-2.949914794921875,-2.3323330078125,-1.7574932402732664
1758560020.4530854,target,5,1.6535328369140625,-4.9150634765625,-1.0516227262429005
1758560020.473226,herder,1,0.25725833129882814,-2.72340869140625,-0.7962781751358308
1758560020.473226,herder,2,1.9471044921875,3.447187255859375,-0.029420233925944173
1758560020.473226,target,1,2.680767333984375,1.62990576171875,-1.3491322413618407
1758560020.473226,target,2,3.28904638671875,-1.099051025390625,0.029865726680854788
1758560020.473226,target,3,3.97337060546875,3.887861083984375,1.0261272864421633
1758560020.473226,target,4,-2.94993994140625,-2.33233984375,-1.7575257308385654
1758560020.473226,target,5,1.655938720703125,-4.9193603515625,-1.0485331930622996
1758560020.493143,herder,1,0.26044390869140627,-2.726517333984375,-0.7969490254144217
1758560020.493143,herder,2,1.9509482421875,3.44738330078125,-0.029872663383256604
1758560020.493143,target,1,2.680754150390625,1.6299134521484375,-1.350123603077623
1758560020.493143,target,2,3.289002197265625,-1.1010394287109375,0.06657320990947481
1758560020.493143,target,3,3.970766845703125,3.8890673828125,0.9783809359967321
1758560020.493143,target,4,-2.94994873046875,-2.33232421875,-1.7577807285129405
1758560020.493143,target,5,1.658724365234375,-4.92365869140625,-1.0503131833558814
1758560020.5132587,herder,1,0.2643852233886719,-2.730080322265625,-0.7971292548411928
1758560020.5132587,herder,2,1.95554296875,3.447249267578125,-0.029837865438544435
1758560020.5132587,target,1,2.680781494140625,1.62990869140625,-1.3499037591296368
1758560020.5132587,target,2,3.290697998046875,-1.1033377685546875,0.11577176545256933
1758560020.5132587,target,3,3.96813037109375,3.89008544921875,0.9272023701174342
1758560020.5132587,target,4,-2.94997900390625,-2.332284423828125,-1.7572192009970973
1758560020.5132587,target,5,1.6612772216796876,-4.927091796875,-1.0677771285201851
1758560020.5332146,herder,1,0.2691607666015625,-2.73455126953125,-0.7974324557312984
1758560020.5332146,herder,2,1.959676513671875,3.44705859375,-0.03002642348550585
1758560020.5332146,target,1,2.680772216796875,1.62990576171875,-1.3503417159709004
1758560020.5332146,target,2,3.2914599609375,-1.1034696044921875,0.10054159658684012
1758560020.5332146,target,3,3.965590087890625,3.891667724609375,0.8822391561691904
1758560020.5332146,target,4,-2.949971435546875,-2.3322744140625,-1.7569662006935398
1758560020.5332146,target,5,1.6639041748046874,-4.93141796875,-1.0473406295261622
1758560020.5533185,herder,1,0.2734515380859375,-2.73827197265625,-0.7974403786355413
1758560020.5533185,herder,2,1.9634532470703125,3.446979736328125,-0.030770302634613826
1758560020.5533185,target,1,2.680774658203125,1.6299039306640626,-1.3512491881123447
1758560020.5533185,target,2,3.29191357421875,-1.1027640380859376,0.0924118562733177
1758560020.5533185,target,3,3.963616455078125,3.893575439453125,0.8404598178831636
1758560020.5533185,target,4,-2.949966064453125,-2.332314697265625,-1.756884841122238
1758560020.5533185,target,5,1.66673583984375,-4.93575341796875,-1.0581804275320845
1758560020.5732749,herder,1,0.2772856750488281,-2.741709716796875,-0.7976120859468242
1758560020.5732749,herder,2,1.9674849853515626,3.4469091796875,-0.03129525537795508
1758560020.5732749,target,1,2.68081201171875,1.62994921875,-1.3501731378738984
1758560020.5732749,target,2,3.292106689453125,-1.1021212158203124,0.08062932420864259
1758560020.5732749,target,3,3.961354248046875,3.894898193359375,0.7957806300651767
1758560020.5732749,target,4,-2.94995703125,-2.332303955078125,-1.757581124589239
1758560020.5732749,target,5,1.6694442138671874,-4.94064208984375,-1.054738824455375
1758560020.593087,herder,1,0.28092303466796875,-2.74503125,-0.7977999719617292
1758560020.593087,herder,2,1.971461181640625,3.44707763671875,-0.031470955350278454
1758560020.593087,target,1,2.680775146484375,1.629913330078125,-1.348881238429101
1758560020.593087,target,2,3.29249267578125,-1.1012799072265624,0.06386257381177571
1758560020.593087,target,3,3.95880615234375,3.895884033203125,0.7517119053480633
1758560020.593087,target,4,-2.949960693359375,-2.3323017578125,-1.7578185454004196
1758560020.593087,target,5,1.6715172119140624,-4.94399658203125,-1.065784085339397
1758560020.6133509,herder,1,0.28535614013671873,-2.74922021484375,-0.797876804159178
1758560020.6133509,herder,2,1.9758529052734375,3.446868408203125,-0.03304252624083164
1758560020.6133509,target,1,2.68077001953125,1.629905029296875,-1.3486893576725607
1758560020.6133509,target,2,3.29301708984375,-1.1005062255859375,0.054577695697809826
1758560020.6133509,target,3,3.957041259765625,3.89743896484375,0.7101247807137129
1758560020.6133509,target,4,-2.949962646484375,-2.332333984375,-1.758635336906747
1758560020.6133509,target,5,1.673973876953125,-4.9482587890625,-1.064551441228854
1758560020.6332405,herder,1,0.2888260498046875,-2.75302978515625,-0.7973744653985619
1758560020.6332405,herder,2,1.980265869140625,3.44681982421875,-0.032313881205396765
1758560020.6332405,target,1,2.680806640625,1.6299259033203124,-1.3496712651664728
1758560020.6332405,target,2,3.293171875,-1.099298828125,0.03258012033240443
1758560020.6332405,target,3,3.955275634765625,3.89935009765625,0.6651788773125547
1758560020.6332405,target,4,-2.949999755859375,-2.332312744140625,-1.7573217326990653
1758560020.6332405,target,5,1.676607421875,-4.9527900390625,-1.0683863266195406
1758560020.6532567,herder,1,0.29246206665039065,-2.75585009765625,-0.79668910089203
1758560020.6532567,herder,2,1.9842017822265625,3.446647705078125,-0.03284103313723193
1758560020.6532567,target,1,2.680761474609375,1.629873291015625,-1.3495145381363216
1758560020.6532567,target,2,3.29336083984375,-1.0979970703125,0.014890622068527915
1758560020.6532567,target,3,3.9533037109375,3.901199462890625,0.6209387116002673
1758560020.6532567,target,4,-2.949988525390625,-2.332316650390625,-1.75693397644435
1758560020.6532567,target,5,1.6792738037109376,-4.9571474609375,-1.0639880495002476
1758560020.6734607,herder,1,0.29695681762695314,-2.760354248046875,-0.7977327271442048
1758560020.6734607,herder,2,1.9875318603515626,3.4465087890625,-0.033512160134904906
1758560020.6734607,target,1,2.68076708984375,1.6298834228515624,-1.3498855164761698
1758560020.6734607,target,2,3.293980224609375,-1.09650927734375,-0.01100905749765632
1758560020.6734607,target,3,3.9516025390625,3.902925537109375,0.5715056480784345
1758560020.6734607,target,4,-2.949976806640625,-2.3323037109375,-1.7577056273702003
1758560020.6734607,target,5,1.6814498291015625,-4.96155615234375,-1.0604650868522363
1758560020.6932423,herder,1,0.301927734375,-2.7645068359375,-0.797765816920749
1758560020.6932423,herder,2,1.9922459716796874,3.446609619140625,-0.034677307675976786
1758560020.6932423,target,1,2.680767578125,1.62992041015625,-1.3504746077092953
1758560020.6932423,target,2,3.29400537109375,-1.0949119873046875,-0.04334199382871206
1758560020.6932423,target,3,3.95064111328125,3.9051572265625,0.5284336113992832
1758560020.6932423,target,4,-2.949939208984375,-2.332300537109375,-1.7572470310304886
1758560020.6932423,target,5,1.6839122314453125,-4.964890625,-1.0774266932559236
1758560020.7134178,herder,1,0.30538531494140625,-2.76793798828125,-0.7974174754501666
1758560020.7134178,herder,2,1.9969090576171875,3.44682568359375,-0.03469677996085339
1758560020.7134178,target,1,2.680780517578125,1.6299412841796874,-1.350161153648993
1758560020.7134178,target,2,3.294721923828125,-1.093964111328125,-0.053558083668526976
1758560020.7134178,target,3,3.949007080078125,3.907000732421875,0.4836659733435921
1758560020.7134178,target,4,-2.94994677734375,-2.3323271484375,-1.7575785945862035
1758560020.7134178,target,5,1.68575537109375,-4.96986474609375,-1.0682796004388557
1758560020.7332332,herder,1,0.30908966064453125,-2.771236328125,-0.7968039497140397
1758560020.7332332,herder,2,2.0001441650390626,3.446733642578125,-0.03491467855288691
1758560020.7332332,target,1,2.680770263671875,1.62989794921875,-1.3497519589475022
1758560020.7332332,target,2,3.296107421875,-1.093295166015625,-0.06352024942078124
1758560020.7332332,target,3,3.9473857421875,3.909115966796875,0.4413633904823919
1758560020.7332332,target,4,-2.949931884765625,-2.3323447265625,-1.758080467293629
1758560020.7332332,target,5,1.68857275390625,-4.9740888671875,-1.0629448893012634
1758560020.7532272,herder,1,0.31361798095703125,-2.77553857421875,-0.797249762880519
1758560020.7532272,herder,2,2.0038199462890627,3.446729736328125,-0.03493866780864364
1758560020.7532272,target,1,2.680797607421875,1.62993896484375,-1.3496650067379112
1758560020.7532272,target,2,3.29825732421875,-1.093228271484375,-0.06966109525915125
1758560020.7532272,target,3,3.946543212890625,3.911133056640625,0.40292395580894713
1758560020.7532272,target,4,-2.9499453125,-2.33233056640625,-1.7574884465833043
1758560020.7532272,target,5,1.6910008544921875,-4.97794873046875,-1.07166148212812
1758560020.7731898,herder,1,0.3185093688964844,-2.77996630859375,-0.7980047024705291
1758560020.7731898,herder,2,2.00849560546875,3.446808837890625,-0.03437010164126314
1758560020.7731898,target,1,2.680802978515625,1.629971435546875,-1.3504638219068805
1758560020.7731898,target,2,3.300013671875,-1.0927802734375,-0.08937557799213995
1758560020.7731898,target,3,3.945168212890625,3.91343994140625,0.35784332974614447
1758560020.7731898,target,4,-2.949947021484375,-2.332312744140625,-1.7581973800654833
1758560020.7731898,target,5,1.6927513427734375,-4.9823359375,-1.0701041986806963
1758560020.7930834,herder,1,0.3221113586425781,-2.7835625,-0.7982216169413161
1758560020.7930834,herder,2,2.0126571044921877,3.446449462890625,-0.03379253690223061
1758560020.7930834,target,1,2.680771728515625,1.6299505615234375,-1.3493239889603266
1758560020.7930834,target,2,3.302068115234375,-1.092940185546875,-0.08692162485044325
1758560020.7930834,target,3,3.9436328125,3.915577880859375,0.31762730030950775
1758560020.7930834,target,4,-2.949947021484375,-2.332337890625,-1.7580747414972853
1758560020.7930834,target,5,1.6961982421875,-4.98687353515625,-1.067162004887404
1758560020.8131254,herder,1,0.32623092651367186,-2.786855712890625,-0.7981558368623911
1758560020.8131254,herder,2,2.015888671875,3.44630224609375,-0.032718236443844056
1758560020.8131254,target,1,2.680787841796875,1.6299246826171876,-1.3492902999725371
1758560020.8131254,target,2,3.303616943359375,-1.0935552978515626,-0.070959286422024
1758560020.8131254,target,3,3.9430341796875,3.91788916015625,0.2776911857481952
1758560020.8131254,target,4,-2.949959716796875,-2.3323447265625,-1.758164223709912
1758560020.8131254,target,5,1.697761474609375,-4.9912373046875,-1.065439538873368
1758560020.8332314,herder,1,0.330385498046875,-2.790856689453125,-0.7985103701825079
1758560020.8332314,herder,2,2.0202015380859377,3.44622900390625,-0.032116753189271256
1758560020.8332314,target,1,2.68077392578125,1.629935546875,-1.350076864600492
1758560020.8332314,target,2,3.304092041015625,-1.0951795654296874,-0.04251214451066496
1758560020.8332314,target,3,3.9425576171875,3.91996484375,0.24076602447056944
1758560020.8332314,target,4,-2.949965087890625,-2.3323173828125,-1.7576082888323579
1758560020.8332314,target,5,1.7006080322265624,-4.99522607421875,-1.0648168252314802
1758560020.8531027,herder,1,0.3345634765625,-2.794517578125,-0.7980595635889848
1758560020.8531027,herder,2,2.0247042236328125,3.446325439453125,-0.032136402324689
1758560020.8531027,target,1,2.680792236328125,1.6299422607421874,-1.3498807227862075
1758560020.8531027,target,2,3.30466552734375,-1.0966334228515624,-0.02334330395373607
1758560020.8531027,target,3,3.942352294921875,3.921538818359375,0.21389822447060064
1758560020.8531027,target,4,-2.9499560546875,-2.33232666015625,-1.7576419778201473
1758560020.8531027,target,5,1.702965576171875,-4.9995361328125,-1.0666287068791156
1758560020.873143,herder,1,0.3387627258300781,-2.798875244140625,-0.7981083660159605
1758560020.873143,herder,2,2.028937255859375,3.44666796875,-0.03218878337437949
1758560020.873143,target,1,2.680774169921875,1.629956787109375,-1.3505723457213012
1758560020.873143,target,2,3.305374267578125,-1.097606201171875,-0.004740913599477824
1758560020.873143,target,3,3.9433974609375,3.922860107421875,0.19768058876218367
1758560020.873143,target,4,-2.949934814453125,-2.3323212890625,-1.7576205393733721
1758560020.873143,target,5,1.7057784423828124,-5.0039658203125,-1.066715725667734
1758560020.8932498,herder,1,0.3427139892578125,-2.802474365234375,-0.7981587663395903
1758560020.8932498,herder,2,2.0321185302734377,3.44649951171875,-0.03285369979716662
1758560020.8932498,target,1,2.68078466796875,1.6299432373046876,-1.3499467691812415
1758560020.8932498,target,2,3.306135009765625,-1.0990206298828125,0.022754585147044232
1758560020.8932498,target,3,3.944771484375,3.9239169921875,0.18418268967225332
1758560020.8932498,target,4,-2.9499443359375,-2.332353271484375,-1.757847174382138
1758560020.8932498,target,5,1.70842724609375,-5.00861279296875,-1.0659148465489199
1758560020.9131973,herder,1,0.34673126220703127,-2.80605517578125,-0.798403377685714
1758560020.9131973,herder,2,2.0362646484375,3.446489501953125,-0.03229142950905063
1758560020.9131973,target,1,2.680785400390625,1.6299498291015626,-1.3493950953614315
1758560020.9131973,target,2,3.307350830078125,-1.0998839111328125,0.026624239354118825
1758560020.9131973,target,3,3.946366455078125,3.925010009765625,0.1742473511067924
1758560020.9131973,target,4,-2.94994091796875,-2.33234521484375,-1.7573712674953408
1758560020.9131973,target,5,1.7101336669921876,-5.01304150390625,-1.067984788506184
1758560020.9330854,herder,1,0.35073834228515627,-2.80918310546875,-0.7995974725394783
1758560020.9330854,herder,2,2.0411016845703127,3.44622119140625,-0.0312922135486475
1758560020.9330854,target,1,2.6807841796875,1.6299691162109375,-1.3499407770687888
1758560020.9330854,target,2,3.30926953125,-1.1001759033203125,0.036571198040429825
1758560020.9330854,target,3,3.947789306640625,3.925981201171875,0.16209116921880076
1758560020.9330854,target,4,-2.949951904296875,-2.332309814453125,-1.757139039848286
1758560020.9330854,target,5,1.7135338134765625,-5.0167197265625,-1.068918825679502
1758560020.953469,herder,1,0.35459979248046875,-2.812172607421875,-0.7996139841382368
1758560020.953469,herder,2,2.0446937255859376,3.446112548828125,-0.03086483028914943
1758560020.953469,target,1,2.680777587890625,1.6299102783203125,-1.3497160062727862
1758560020.953469,target,2,3.311414794921875,-1.1000711669921874,0.038683729769189164
1758560020.953469,target,3,3.949800537109375,3.926607177734375,0.15773645142808726
1758560020.953469,target,4,-2.949943359375,-2.332325439453125,-1.7578571612362257
1758560020.953469,target,5,1.7159114990234374,-5.0209677734375,-1.0736160426311565
1758560020.9731703,herder,1,0.35868637084960936,-2.816555908203125,-0.7996616547217492
1758560020.9731703,herder,2,2.048562744140625,3.446122802734375,-0.029604210503592812
1758560020.9731703,target,1,2.680831298828125,1.6299542236328124,-1.3493913669359054
1758560020.9731703,target,2,3.31385693359375,-1.100043701171875,0.036082957388834234
1758560020.9731703,target,3,3.9520400390625,3.92697802734375,0.15549082406266201
1758560020.9731703,target,4,-2.949936767578125,-2.33232958984375,-1.7578214748776186
1758560020.9731703,target,5,1.717429931640625,-5.0248994140625,-1.0704813022910515
1758560020.9932382,herder,1,0.3635723876953125,-2.82087109375,-0.7983438560353507
1758560020.9932382,herder,2,2.0530771484375,3.4461220703125,-0.028880615071256072
1758560020.9932382,target,1,2.680771484375,1.6299249267578124,-1.3503784675939434
1758560020.9932382,target,2,3.315992919921875,-1.0999986572265625,0.032121388754043675
1758560020.9932382,target,3,3.95386962890625,3.926987060546875,0.1576674589110974
1758560020.9932382,target,4,-2.949923095703125,-2.332342529296875,-1.7569827122922983
1758560020.9932382,target,5,1.7201859130859376,-5.02963427734375,-1.0745452861145124
1758560021.0132234,herder,1,0.3667417907714844,-2.82471435546875,-0.7979440489767026
1758560021.0132234,herder,2,2.057591796875,3.446100830078125,-0.028275998441213222
1758560021.0132234,target,1,2.68076025390625,1.6298916015625,-1.3506422536999159
1758560021.0132234,target,2,3.3171240234375,-1.09899365234375,0.00657120850933761
1758560021.0132234,target,3,3.9555009765625,3.92653369140625,0.173228342449944
1758560021.0132234,target,4,-2.949980712890625,-2.33228759765625,-1.7574297238812682
1758560021.0132234,target,5,1.723384521484375,-5.03427978515625,-1.0791937006391912
1758560021.0331023,herder,1,0.37041641235351563,-2.828123291015625,-0.797663018902672
1758560021.0331023,herder,2,2.061177001953125,3.446054931640625,-0.027897207468636085
1758560021.0331023,target,1,2.680736083984375,1.629917236328125,-1.3506004420708015
1758560021.0331023,target,2,3.318364501953125,-1.0970118408203124,-0.01891935437765351
1758560021.0331023,target,3,3.9567861328125,3.925284912109375,0.19494983331468688
1758560021.0331023,target,4,-2.94996142578125,-2.33226513671875,-1.757831328573652
1758560021.0331023,target,5,1.7251488037109375,-5.03883544921875,-1.0785381635368683
1758560021.0535157,herder,1,0.3754904479980469,-2.832593505859375,-0.7987688299663002
1758560021.0535157,herder,2,2.064327392578125,3.44598095703125,-0.02779641306316039
1758560021.0535157,target,1,2.68078955078125,1.6299976806640626,-1.350362754943512
1758560021.0535157,target,2,3.31994384765625,-1.0958302001953124,-0.039823475330769804
1758560021.0535157,target,3,3.957732666015625,3.9242587890625,0.2166390333512125
1758560021.0535157,target,4,-2.949938720703125,-2.33230810546875,-1.7579794003302605
1758560021.0535157,target,5,1.7272950439453125,-5.042693359375,-1.0841148894385213
1758560021.0734804,herder,1,0.379680908203125,-2.836359619140625,-0.8001563368942314
1758560021.0734804,herder,2,2.068471435546875,3.445654052734375,-0.027128219703875706
1758560021.0734804,target,1,2.680798095703125,1.6299521484375,-1.3504269371257829
1758560021.0734804,target,2,3.321933349609375,-1.0952213134765625,-0.05978912744406661
1758560021.0734804,target,3,3.95881982421875,3.923160888671875,0.2395860776600962
1758560021.0734804,target,4,-2.949940673828125,-2.332324462890625,-1.7575666103612981
1758560021.0734804,target,5,1.729916015625,-5.0472353515625,-1.0700913489284367
1758560021.0932364,herder,1,0.38289785766601564,-2.839161865234375,-0.8007572791942078
1758560021.0932364,herder,2,2.072935302734375,3.445802734375,-0.026434035556827527
1758560021.0932364,target,1,2.68079638671875,1.62993505859375,-1.3503610238888033
1758560021.0932364,target,2,3.323994873046875,-1.094673095703125,-0.07341404683442614
1758560021.0932364,target,3,3.95967822265625,3.92184765625,0.2620289023508438
1758560021.0932364,target,4,-2.949956298828125,-2.33231884765625,-1.7575006971243188
1758560021.0932364,target,5,1.73283251953125,-5.05160546875,-1.0729549794695716
1758560021.113197,herder,1,0.386598388671875,-2.8425068359375,-0.8004024795579819
1758560021.113197,herder,2,2.0770009765625,3.445816162109375,-0.026437659952623555
1758560021.113197,target,1,2.6807724609375,1.6299202880859376,-1.349771666339569
1758560021.113197,target,2,3.325695068359375,-1.0950462646484376,-0.061184353377969916
1758560021.113197,target,3,3.960733642578125,3.92084765625,0.2834481244318627
1758560021.113197,target,4,-2.949947021484375,-2.332313720703125,-1.757897374968686
1758560021.113197,target,5,1.7353187255859375,-5.05572119140625,-1.0814693052116366
1758560021.1332016,herder,1,0.39116131591796877,-2.846780517578125,-0.8001882948273124
1758560021.1332016,herder,2,2.080345947265625,3.44625927734375,-0.02647379780025917
1758560021.1332016,target,1,2.6807900390625,1.6299222412109375,-1.3499142786159426
1758560021.1332016,target,2,3.326822509765625,-1.0960911865234375,-0.03708783048595918
1758560021.1332016,target,3,3.962214111328125,3.920517822265625,0.2919856196754115
1758560021.1332016,target,4,-2.9499140625,-2.332314208984375,-1.7576377167624033
1758560021.1332016,target,5,1.7371822509765624,-5.05996728515625,-1.0790426328263565
1758560021.153582,herder,1,0.39610311889648436,-2.851665283203125,-0.8000096632971953
1758560021.153582,herder,2,2.084858642578125,3.44606005859375,-0.026128238084659177
1758560021.153582,target,1,2.680738037109375,1.629862548828125,-1.3507747459641473
1758560021.153582,target,2,3.327490966796875,-1.09772705078125,-0.025632526017849155
1758560021.153582,target,3,3.964433837890625,3.92097607421875,0.2997982357597543
1758560021.153582,target,4,-2.94991357421875,-2.332333740234375,-1.7572765921185884
1758560021.153582,target,5,1.7396402587890625,-5.06392822265625,-1.0802028389552496
1758560021.1731832,herder,1,0.3992668762207031,-2.85477490234375,-0.7996836258007424
1758560021.1731832,herder,2,2.08872265625,3.4459521484375,-0.02451486180677555
1758560021.1731832,target,1,2.6807705078125,1.629890869140625,-1.3494857759965488
1758560021.1731832,target,2,3.328285400390625,-1.0985107421875,-0.016679606772572447
1758560021.1731832,target,3,3.966353515625,3.92130322265625,0.30583076168197454
1758560021.1731832,target,4,-2.949900146484375,-2.33234716796875,-1.7570490250034412
1758560021.1731832,target,5,1.742768310546875,-5.0692744140625,-1.0861478134566334
1758560021.1932576,herder,1,0.403031005859375,-2.858105224609375,-0.7992884792740018
1758560021.1932576,herder,2,2.091911865234375,3.44567138671875,-0.022952545401010386
1758560021.1932576,target,1,2.68077880859375,1.629935546875,-1.3496837820235963
1758560021.1932576,target,2,3.329457275390625,-1.0996275634765624,0.01845280808596906
1758560021.1932576,target,3,3.968653076171875,3.921724853515625,0.30896333820369387
1758560021.1932576,target,4,-2.9499296875,-2.33232568359375,-1.7578507696496095
1758560021.1932576,target,5,1.7450623779296874,-5.0734208984375,-1.0779001367187124
1758560021.2130854,herder,1,0.40750827026367187,-2.862443115234375,-0.7990785556010763
1758560021.2130854,herder,2,2.0955390625,3.445543212890625,-0.022968655445010765
1758560021.2130854,target,1,2.680598388671875,1.630099365234375,-1.3579785967128115
1758560021.2130854,target,2,3.331616455078125,-1.1007427978515625,0.0326183845477229
1758560021.2130854,target,3,3.971421630859375,3.922405029296875,0.3133562224217796
1758560021.2130854,target,4,-2.949906494140625,-2.33232373046875,-1.7574861828963777
1758560021.2130854,target,5,1.7476138916015624,-5.07750634765625,-1.0911618799989802
1758560021.2330828,herder,1,0.4122236328125,-2.8663388671875,-0.79959500911547
1758560021.2330828,herder,2,2.099801025390625,3.445491943359375,-0.022561722349852053
1758560021.2330828,target,1,2.680646484375,1.6300753173828124,-1.3561326266032232
1758560021.2330828,target,2,3.334099853515625,-1.1011904296875,0.04262227454411814
1758560021.2330828,target,3,3.973517578125,3.922932373046875,0.31604718025573647
1758560021.2330828,target,4,-2.9499072265625,-2.332333251953125,-1.7577852558867937
1758560021.2330828,target,5,1.749603515625,-5.081806640625,-1.0873370480414082
1758560021.2534914,herder,1,0.416007080078125,-2.870015869140625,-0.8008697311712364
1758560021.2534914,herder,2,2.1043046875,3.445537109375,-0.02197390027943352
1758560021.2534914,target,1,2.6806953125,1.629955810546875,-1.3524255063658328
1758560021.2534914,target,2,3.336818603515625,-1.1009183349609375,0.04414407137001667
1758560021.2534914,target,3,3.976142333984375,3.92379150390625,0.3146808121689577
1758560021.2534914,target,4,-2.949924560546875,-2.33231884765625,-1.7571359772130324
1758560021.2534914,target,5,1.7522200927734375,-5.08657080078125,-1.0922736165960336
1758560021.2731552,herder,1,0.41985455322265625,-2.87357275390625,-0.8006333090454646
1758560021.2731552,herder,2,2.108070068359375,3.445762451171875,-0.02059973412408785
1758560021.2731552,target,1,2.680795166015625,1.63000390625,-1.352849614769428
1758560021.2731552,target,2,3.339940673828125,-1.1004320068359374,0.02228233178436752
1758560021.2731552,target,3,3.9793125,3.92472607421875,0.31258187504532536
1758560021.2731552,target,4,-2.949965576171875,-2.33232666015625,-1.7574319875681947
1758560021.2731552,target,5,1.7549752197265625,-5.09146142578125,-1.0790664015390854
1758560021.2931023,herder,1,0.4240137634277344,-2.877740966796875,-0.8013648793969094
1758560021.2931023,herder,2,2.112527099609375,3.445592529296875,-0.020244102250021396
1758560021.2931023,target,1,2.680750244140625,1.629919677734375,-1.3523437473203674
1758560021.2931023,target,2,3.342298583984375,-1.0998720703125,0.03146552915955742
1758560021.2931023,target,3,3.98236572265625,3.92580908203125,0.30992350764520826
1758560021.2931023,target,4,-2.94994482421875,-2.3323125,-1.758002569831744
1758560021.2931023,target,5,1.75703662109375,-5.0952802734375,-1.0862392264610503
1758560021.313284,herder,1,0.4278226318359375,-2.8812841796875,-0.8014875179651075
1758560021.313284,herder,2,2.11685986328125,3.44578662109375,-0.019467803275830906
1758560021.313284,target,1,2.680800537109375,1.62989501953125,-1.3509822062130643
1758560021.313284,target,2,3.345552734375,-1.0999798583984375,0.03711064628636059
1758560021.313284,target,3,3.985029052734375,3.927315673828125,0.30672788078468133
1758560021.313284,target,4,-2.949923095703125,-2.33231005859375,-1.7577948432667179
1758560021.313284,target,5,1.7589677734375,-5.09998974609375,-1.082724453033391
1758560021.333088,herder,1,0.43189138793945314,-2.88490478515625,-0.8020371944140998
1758560021.333088,herder,2,2.1200205078125,3.445576904296875,-0.018390311185325463
1758560021.333088,target,1,2.68057275390625,1.6298687744140625,-1.3461187414303617
1758560021.333088,target,2,3.34860400390625,-1.0998660888671874,0.026912832389526343
1758560021.333088,target,3,3.9883984375,3.92830517578125,0.30500441608523654
1758560021.333088,target,4,-2.94992431640625,-2.3323515625,-1.7579751392725163
1758560021.333088,target,5,1.762439453125,-5.10490283203125,-1.084572420513797
1758560021.3530896,herder,1,0.43626275634765627,-2.88865087890625,-0.8017895204327224
1758560021.3530896,herder,2,2.123273193359375,3.4454208984375,-0.017848796908955283
1758560021.3530896,target,1,2.68044677734375,1.6300244140625,-1.3548351345201366
1758560021.3530896,target,2,3.35160498046875,-1.099485107421875,0.02888363609461763
1758560021.3530896,target,3,3.991922119140625,3.929294677734375,0.30318138245053644
1758560021.3530896,target,4,-2.9499296875,-2.3323486328125,-1.7576520978322896
1758560021.3530896,target,5,1.7640733642578126,-5.10924951171875,-1.0802391911041291
1758560021.3730853,herder,1,0.44004025268554686,-2.89208837890625,-0.801933930342832
1758560021.3730853,herder,2,2.12820654296875,3.445566162109375,-0.016992733139225016
1758560021.3730853,target,1,2.6805859375,1.630012451171875,-1.3540199409104632
1758560021.3730853,target,2,3.3553837890625,-1.099338623046875,0.026778382285774772
1758560021.3730853,target,3,3.9950029296875,3.930780517578125,0.30406964654261875
1758560021.3730853,target,4,-2.9499404296875,-2.332322265625,-1.7581584979135683
1758560021.3730853,target,5,1.767020263671875,-5.11380029296875,-1.0835870509104677
1758560021.3931715,herder,1,0.4438240966796875,-2.8957626953125,-0.8013291930383023
1758560021.3931715,herder,2,2.13270849609375,3.445144287109375,-0.017360985900144926
1758560021.3931715,target,1,2.68063232421875,1.6299837646484374,-1.3520573243451293
1758560021.3931715,target,2,3.358819580078125,-1.0993758544921874,0.0334256947844506
1758560021.3931715,target,3,3.9985380859375,3.93164013671875,0.3029243541158302
1758560021.3931715,target,4,-2.94992919921875,-2.3323330078125,-1.7581281378771414
1758560021.3931715,target,5,1.7693341064453125,-5.11814111328125,-1.0807555780394955
1758560021.4131768,herder,1,0.4481998291015625,-2.90013330078125,-0.8013054909046006
1758560021.4131768,herder,2,2.1358955078125,3.4451298828125,-0.016199165229841047
1758560021.4131768,target,1,2.680690673828125,1.629947265625,-1.3512033817415954
1758560021.4131768,target,2,3.362803466796875,-1.099209228515625,0.04156457931124716
1758560021.4131768,target,3,4.002118896484375,3.932804931640625,0.3022783045248906
1758560021.4131768,target,4,-2.94991015625,-2.332349365234375,-1.7574062880636754
1758560021.4131768,target,5,1.771769775390625,-5.1224501953125,-1.0825611346795418
1758560021.4332268,herder,1,0.45231430053710936,-2.90371435546875,-0.8015348556534837
1758560021.4332268,herder,2,2.139609619140625,3.4455595703125,-0.01605615347930379
1758560021.4332268,target,1,2.6807236328125,1.6299169921875,-1.3515048515769925
1758560021.4332268,target,2,3.366009765625,-1.0992421875,0.033953943189640824
1758560021.4332268,target,3,4.005910888671875,3.9341396484375,0.3016922093479914
1758560021.4332268,target,4,-2.9499052734375,-2.332356689453125,-1.757463279711003
1758560021.4332268,target,5,1.7739732666015624,-5.12685400390625,-1.082137359171083
1758560021.4531686,herder,1,0.4564219055175781,-2.9074755859375,-0.8018276702153379
1758560021.4531686,herder,2,2.1440029296875,3.445337158203125,-0.01665820681679744
1758560021.4531686,target,1,2.680789306640625,1.62992041015625,-1.3494126722246262
1758560021.4531686,target,2,3.370219970703125,-1.0994329833984375,0.03735803314568294
1758560021.4531686,target,3,4.00939892578125,3.935269287109375,0.3014146746728915
1758560021.4531686,target,4,-2.949946044921875,-2.332310791015625,-1.7573474322035847
1758560021.4531686,target,5,1.776469970703125,-5.13148828125,-1.088132600838042
1758560021.473189,herder,1,0.4600895690917969,-2.911101806640625,-0.8010861130098054
1758560021.473189,herder,2,2.14818505859375,3.4452890625,-0.01594110492021237
1758560021.473189,target,1,2.680796142578125,1.6299208984375,-1.349306145781023
1758560021.473189,target,2,3.374180908203125,-1.09925244140625,0.027795842980239547
1758560021.473189,target,3,4.013131103515625,3.936467529296875,0.3039667486560008
1758560021.473189,target,4,-2.949955078125,-2.33231298828125,-1.7578042974885877
1758560021.473189,target,5,1.77918505859375,-5.13638720703125,-1.0840227440648047
1758560021.493084,herder,1,0.463968994140625,-2.914770263671875,-0.8011285238501649
1758560021.493084,herder,2,2.151801513671875,3.44519775390625,-0.014817081371738898
1758560021.493084,target,1,2.6807744140625,1.629900146484375,-1.3501012325244661
1758560021.493084,target,2,3.3779794921875,-1.09902099609375,0.030554278658316367
1758560021.493084,target,3,4.016315185546875,3.93748681640625,0.30640756908457206
1758560021.493084,target,4,-2.949941650390625,-2.332338134765625,-1.7576313251757871
1758560021.493084,target,5,1.78167578125,-5.14081591796875,-1.093472238823651
1758560021.5132296,herder,1,0.4683150024414062,-2.91889501953125,-0.8006088745424631
1758560021.5132296,herder,2,2.154958251953125,3.445105224609375,-0.013829548990321192
1758560021.5132296,target,1,2.68075830078125,1.6299195556640624,-1.350198437904254
1758560021.5132296,target,2,3.382669677734375,-1.099036376953125,0.03393539052757814
1758560021.5132296,target,3,4.0200888671875,3.938904052734375,0.3071554180081799
1758560021.5132296,target,4,-2.9499404296875,-2.33233935546875,-1.7578429133243938
1758560021.5132296,target,5,1.783576904296875,-5.1453427734375,-1.088254573615968
1758560021.5334523,herder,1,0.4720105895996094,-2.922442138671875,-0.8009273220298093
1758560021.5334523,herder,2,2.159369140625,3.445495361328125,-0.013892216499722118
1758560021.5334523,target,1,2.680727294921875,1.629893310546875,-1.349793104786344
1758560021.5334523,target,2,3.387232177734375,-1.0991875,0.008128888830181704
1758560021.5334523,target,3,4.023979248046875,3.93990087890625,0.3077531312253346
1758560021.5334523,target,4,-2.949962890625,-2.332345703125,-1.7579297323759304
1758560021.5334523,target,5,1.7859456787109376,-5.1501279296875,-1.0883158263210397
1758560021.553498,herder,1,0.47622650146484374,-2.92598828125,-0.8011537573014933
1758560021.553498,herder,2,2.16467578125,3.44560400390625,-0.01385305034664384
1758560021.553498,target,1,2.68080615234375,1.6299278564453126,-1.349390434829524
1758560021.553498,target,2,3.390575927734375,-1.0985380859375,0.01858649253090723
1758560021.553498,target,3,4.02775732421875,3.94097119140625,0.3097913149865995
1758560021.553498,target,4,-2.949960205078125,-2.332312255859375,-1.757758624275893
1758560021.553498,target,5,1.7883626708984375,-5.15475927734375,-1.0795570223909052
1758560021.5731401,herder,1,0.48036199951171876,-2.9298828125,-0.8015897833509665
1758560021.5731401,herder,2,2.16787646484375,3.445376953125,-0.013718949782785343
1758560021.5731401,target,1,2.68080126953125,1.6298974609375,-1.3494150690696072
1758560021.5731401,target,2,3.39505029296875,-1.099060302734375,0.022567462710357936
1758560021.5731401,target,3,4.031508544921875,3.9419580078125,0.31172759954665524
1758560021.5731401,target,4,-2.94993798828125,-2.3323193359375,-1.7572057520335924
1758560021.5731401,target,5,1.7908934326171875,-5.159390625,-1.0715014927256337
1758560021.5931113,herder,1,0.48460009765625,-2.9334833984375,-0.8017526356516249
1758560021.5931113,herder,2,2.1716435546875,3.445228759765625,-0.012338947559582118
1758560021.5931113,target,1,2.6807470703125,1.62989013671875,-1.3490584717996457
1758560021.5931113,target,2,nan,nan,nan
1758560021.5931113,target,3,4.03519580078125,3.94276318359375,0.31843447114639717
1758560021.5931113,target,4,-2.949929443359375,-2.332330078125,-1.7571519561795728
1758560021.5931113,target,5,1.7928966064453125,-5.16422412109375,-1.0679663461156352
1758560021.613192,herder,1,0.4888193359375,-2.9373779296875,-0.802092455006719
1758560021.613192,herder,2,2.17548046875,3.445095703125,-0.011055839667273843
1758560021.613192,target,1,2.6807744140625,1.6298963623046876,-1.348718785602606
1758560021.613192,target,2,3.405607421875,-1.10153173828125,-0.009732356796423747
1758560021.613192,target,3,4.0396865234375,3.944103515625,0.3206341423382617
1758560021.613192,target,4,-2.94994091796875,-2.33232568359375,-1.7575765972153858
1758560021.613192,target,5,1.795724365234375,-5.1686630859375,-1.06836768449191
1758560021.6332498,herder,1,0.49295526123046873,-2.941293212890625,-0.8022896620854394
1758560021.6332498,herder,2,2.17810693359375,3.445023681640625,-0.010477352184535495
1758560021.6332498,target,1,2.680773193359375,1.629915283203125,-1.3511131005806418
1758560021.6332498,target,2,3.4071689453125,-1.0990587158203124,0.024241590270014397
1758560021.6332498,target,3,4.043110107421875,3.94519775390625,0.3229478966933226
1758560021.6332498,target,4,-2.94994677734375,-2.33233251953125,-1.7578847249535081
1758560021.6332498,target,5,1.797765380859375,-5.17343603515625,-1.0617647094641949
1758560021.6532366,herder,1,0.49709481811523437,-2.94541162109375,-0.8020969158015449
1758560021.6532366,herder,2,2.18230615234375,3.445309326171875,-0.009915733122529816
1758560021.6532366,target,1,2.6807451171875,1.62987451171875,-1.3488021425447254
1758560021.6532366,target,2,3.412457275390625,-1.0983148193359376,0.021511812701980347
1758560021.6532366,target,3,4.04707373046875,3.94636474609375,0.32488641165079124
1758560021.6532366,target,4,-2.94994482421875,-2.332315673828125,-1.7575785945862035
1758560021.6532366,target,5,1.8004774169921876,-5.17754150390625,-1.0610953239242036
1758560021.6734555,herder,1,0.5015828247070313,-2.9491904296875,-0.8014722047888395
1758560021.6734555,herder,2,2.187269775390625,3.445462158203125,-0.010158183771159807
1758560021.6734555,target,1,2.680776123046875,1.6299117431640624,-1.350330530694322
1758560021.6734555,target,2,3.41688720703125,-1.0981990966796875,0.021308942244754357
1758560021.6734555,target,3,4.05075048828125,3.947308349609375,0.329202563539969
1758560021.6734555,target,4,-2.949904541015625,-2.3323251953125,-1.7574844518416692
1758560021.6734555,target,5,1.80262451171875,-5.18254150390625,-1.063674528860918
1758560021.693151,herder,1,0.5050601806640626,-2.9525615234375,-0.8019620266923324
1758560021.693151,herder,2,2.192197509765625,3.445421142578125,-0.010449413960224883
1758560021.693151,target,1,2.6807607421875,1.62987060546875,-1.3509997830762588
1758560021.693151,target,2,3.42108544921875,-1.0994227294921874,0.030258449314884403
1758560021.693151,target,3,4.055125244140625,3.948266357421875,0.33400384351121837
1758560021.693151,target,4,-2.94991796875,-2.33232861328125,-1.7573855154071727
1758560021.693151,target,5,1.8055869140625,-5.1876181640625,-1.0634592788658124
1758560021.7130864,herder,1,0.5097200317382813,-2.956559814453125,-0.8022191548955795
1758560021.7130864,herder,2,2.1955869140625,3.44548193359375,-0.009396587318721698
1758560021.7130864,target,1,2.68080517578125,1.629936767578125,-1.3501034962113927
1758560021.7130864,target,2,3.42491748046875,-1.0981986083984374,0.034804698322245045
1758560021.7130864,target,3,4.05917822265625,3.94968701171875,0.3397448531626158
1758560021.7130864,target,4,-2.94993798828125,-2.33231787109375,-1.7571848462190354
1758560021.7130864,target,5,1.8079332275390625,-5.1915078125,-1.060180195194625
1758560021.7332225,herder,1,0.513396484375,-2.96032080078125,-0.8025642339938266
1758560021.7332225,herder,2,2.19819140625,3.44489794921875,-0.008083591684961089
1758560021.7332225,target,1,2.680781982421875,1.6299376220703126,-1.3502662153539966
1758560021.7332225,target,2,3.42900732421875,-1.098598876953125,0.046100475279870115
1758560021.7332225,target,3,4.0634716796875,3.951268310546875,0.3418603684640339
1758560021.7332225,target,4,-2.94994384765625,-2.33231298828125,-1.7576943089355674
1758560021.7332225,target,5,1.8100355224609375,-5.196630859375,-1.058483362106081
1758560021.7532377,herder,1,0.5175726318359375,-2.96375244140625,-0.8034221713389956
1758560021.7532377,herder,2,2.2023525390625,3.444778076171875,-0.006240046508380858
1758560021.7532377,target,1,2.680790283203125,1.629966796875,-1.3507265427484167
1758560021.7532377,target,2,3.4340126953125,-1.09908544921875,0.03354828341837831
1758560021.7532377,target,3,4.067688232421875,3.9528076171875,0.34305506252904344
1758560021.7532377,target,4,-2.949931396484375,-2.332340576171875,-1.7574108154375285
1758560021.7532377,target,5,1.8130069580078125,-5.201447265625,-1.0593221912704287
1758560021.7733986,herder,1,0.5215352783203125,-2.96763720703125,-0.8026771520240459
1758560021.7733986,herder,2,2.207880615234375,3.444835693359375,-0.005127264412539964
1758560021.7733986,target,1,2.680780029296875,1.6299366455078126,-1.35054451568791
1758560021.7733986,target,2,3.43712548828125,-1.0982362060546875,0.04362534168512888
1758560021.7733986,target,3,4.0715068359375,3.953807373046875,0.34075728714052306
1758560021.7733986,target,4,-2.949950927734375,-2.332351318359375,-1.757982729281623
1758560021.7733986,target,5,1.815659423828125,-5.20577978515625,-1.056934467616091
1758560021.793262,herder,1,0.5258330688476562,-2.971856689453125,-0.8019108274203756
1758560021.793262,herder,2,2.212134033203125,3.44495166015625,-0.006353875318887079
1758560021.793262,target,1,2.680831787109375,1.629918701171875,-1.3513149681912697
1758560021.793262,target,2,3.44173583984375,-1.097824951171875,0.05032269664516298
1758560021.793262,target,3,4.0755703125,3.9556142578125,0.3418145288037709
1758560021.793262,target,4,-2.949952880859375,-2.332345458984375,-1.7580526372602376
1758560021.793262,target,5,1.8181895751953125,-5.21030322265625,-1.0511531443636923
1758560021.8131034,herder,1,0.530196044921875,-2.97580615234375,-0.8007605415665431
1758560021.8131034,herder,2,2.214944091796875,3.4452939453125,-0.007593384351318314
1758560021.8131034,target,1,2.680781005859375,1.629917236328125,-1.3505383904174026
1758560021.8131034,target,2,3.446880126953125,-1.098447265625,0.03539480488553617
1758560021.8131034,target,3,4.0789716796875,3.95683544921875,0.3441369717218881
1758560021.8131034,target,4,-2.94993603515625,-2.3323115234375,-1.7576486357228727
1758560021.8131034,target,5,1.820908203125,-5.21514306640625,-1.045579015044102
1758560021.833247,herder,1,0.5331406860351563,-2.978830810546875,-0.8017881222731502
1758560021.833247,herder,2,2.21841064453125,3.445746826171875,-0.007971602120082704
1758560021.833247,target,1,2.680790771484375,1.6299366455078126,-1.3495974956042778
1758560021.833247,target,2,3.451098388671875,-1.097561279296875,0.04423226777517953
1758560021.833247,target,3,4.0828232421875,3.9584677734375,0.34340064096999484
1758560021.833247,target,4,-2.949902587890625,-2.332323974609375,-1.75730708531307
1758560021.833247,target,5,1.8235689697265625,-5.21956201171875,-1.0466588602871019
1758560021.853163,herder,1,0.537135986328125,-2.98202978515625,-0.8025168297264231
1758560021.853163,herder,2,2.223183837890625,3.44535107421875,-0.008401478452062176
1758560021.853163,target,1,2.680763916015625,1.6298873291015625,-1.3497648752787892
1758560021.853163,target,2,3.455515625,-1.0970269775390624,0.05254733913343625
1758560021.853163,target,3,4.087187255859375,3.959651611328125,0.3438586713879749
1758560021.853163,target,4,-2.949908935546875,-2.332344482421875,-1.7570679334471808
1758560021.853163,target,5,1.8255548095703125,-5.22364404296875,-1.0478966975617707
1758560021.8736203,herder,1,0.5417199096679688,-2.986189697265625,-0.8025579089862376
1758560021.8736203,herder,2,2.227089111328125,3.445447998046875,-0.007118144295090975
1758560021.8736203,target,1,2.68076611328125,1.62988232421875,-1.3503923160316118
1758560021.8736203,target,2,3.460288818359375,-1.097375732421875,0.06392681841188466
1758560021.8736203,target,3,4.0914150390625,3.961281005859375,0.3454994782250863
1758560021.8736203,target,4,-2.949917724609375,-2.33233984375,-1.7574137449147276
1758560021.8736203,target,5,1.8281715087890624,-5.227974609375,-1.049784612458528
1758560021.8932421,herder,1,0.5455607299804688,-2.990171630859375,-0.8025451923920325
1758560021.8932421,herder,2,2.230714599609375,3.44544287109375,-0.005240130427894283
1758560021.8932421,target,1,2.680783447265625,1.62989990234375,-1.3497314526071087
1758560021.8932421,target,2,3.46507470703125,-1.0971463623046875,0.05786756933260116
1758560021.8932421,target,3,4.095199462890625,3.9624130859375,0.3414606612739266
1758560021.8932421,target,4,-2.9499306640625,-2.332324951171875,-1.7576666120602307
1758560021.8932421,target,5,1.8313446044921875,-5.23237060546875,-1.0512773808285447
1758560021.9131017,herder,1,0.5501376342773437,-2.994032470703125,-0.8033952734119858
1758560021.9131017,herder,2,2.23425390625,3.44486572265625,-0.004586278087049944
1758560021.9131017,target,1,2.680785400390625,1.6299114990234376,-1.3494480922671241
1758560021.9131017,target,2,3.469638916015625,-1.096482421875,0.04425206671340859
1758560021.9131017,target,3,4.09920263671875,3.963972412109375,0.3447904115848527
1758560021.9131017,target,4,-2.949924560546875,-2.332317626953125,-1.757845842801593
1758560021.9131017,target,5,1.8340015869140625,-5.2373740234375,-1.0506683158872434
1758560021.933183,herder,1,0.553759521484375,-2.997923095703125,-0.8016170141731126
1758560021.933183,herder,2,2.238610107421875,3.445110595703125,-0.002441437064796304
1758560021.933183,target,1,2.68076953125,1.629878173828125,-1.3493207931670184
1758560021.933183,target,2,3.47429638671875,-1.0959798583984375,0.060861020654499075
1758560021.933183,target,3,4.10310693359375,3.96517236328125,0.34269926420740887
1758560021.933183,target,4,-2.9499306640625,-2.33234033203125,-1.758127472086869
1758560021.933183,target,5,1.8372197265625,-5.2420263671875,-1.047995301101131
1758560021.9530509,herder,1,0.5580510864257813,-3.001735107421875,-0.8016859234663184
1758560021.9530509,herder,2,2.24281884765625,3.4452587890625,-0.002925539933877913
1758560021.9530509,target,1,2.6807802734375,1.6298663330078125,-1.3495462297532936
1758560021.9530509,target,2,3.4773515625,-1.094538330078125,0.01162334889259672
1758560021.9530509,target,3,4.1075361328125,3.966828369140625,0.3422857085796332
1758560021.9530509,target,4,-2.949930419921875,-2.33234375,-1.7578636859808965
1758560021.9530509,target,5,1.83977392578125,-5.2465107421875,-1.0520405762179341
1758560021.9731712,herder,1,0.5625380249023437,-3.0059873046875,-0.8018542352472114
1758560021.9731712,herder,2,2.247532958984375,3.445291259765625,-0.0029238634947776542
1758560021.9731712,target,1,2.680764404296875,1.6299189453125,-1.3508774108241697
1758560021.9731712,target,2,3.479945068359375,-1.09277001953125,-0.024926771684221343
1758560021.9731712,target,3,4.1120712890625,3.968125732421875,0.34511997776975
1758560021.9731712,target,4,-2.949956298828125,-2.332312255859375,-1.7575208039905488
1758560021.9731712,target,5,1.8429234619140624,-5.2509677734375,-1.0484730722006912
1758560021.9932432,herder,1,0.5663584594726563,-3.0093310546875,-0.8020475807423512
1758560021.9932432,herder,2,2.25080029296875,3.4457744140625,-0.0017481891853188575
1758560021.9932432,target,1,2.680816650390625,1.6299464111328126,-1.3501634173359196
1758560021.9932432,target,2,3.48250634765625,-1.0908634033203124,-0.05557124203792353
1758560021.9932432,target,3,4.11593408203125,3.9695205078125,0.3481353086244786
1758560021.9932432,target,4,-2.949939208984375,-2.3323291015625,-1.7579422492330539
1758560021.9932432,target,5,1.8457987060546874,-5.25562744140625,-1.0528336655905597
1758560022.0137057,herder,1,0.5705360717773438,-3.013081298828125,-0.8025429952841332
1758560022.0137057,herder,2,2.254704345703125,3.4456767578125,-0.00234939754132992
1758560022.0137057,target,1,2.6807890625,1.629943115234375,-1.3512645012886129
1758560022.0137057,target,2,3.485435546875,-1.0896468505859376,-0.07243565138420147
1758560022.0137057,target,3,4.1197138671875,3.97095849609375,0.3488195079980336
1758560022.0137057,target,4,-2.94992724609375,-2.332332763671875,-1.7576198735830997
1758560022.0137057,target,5,1.848392333984375,-5.260357421875,-1.0545225757748606
1758560022.0330813,herder,1,0.575110595703125,-3.0173134765625,-0.8025764845348409
1758560022.0330813,herder,2,2.259737548828125,3.445758056640625,-0.0017073735108329784
1758560022.0330813,target,1,2.68076025390625,1.62986865234375,-1.3500706061719303
1758560022.0330813,target,2,3.487834228515625,-1.088895751953125,-0.09002187725443174
1758560022.0330813,target,3,4.12415234375,3.9728544921875,0.3536728860581076
1758560022.0330813,target,4,-2.949925537109375,-2.332349609375,-1.7580132224761045
1758560022.0330813,target,5,1.8506561279296876,-5.26499365234375,-1.050426700597346
1758560022.0531948,herder,1,0.5788677978515625,-3.020538330078125,-0.80244252753201
1758560022.0531948,herder,2,2.2634931640625,3.44557177734375,-0.0005420026959529135
1758560022.0531948,target,1,2.680786376953125,1.629940185546875,-1.3505000408977055
1758560022.0531948,target,2,3.49060791015625,-1.0883848876953126,-0.1606857358877819
1758560022.0531948,target,3,4.12872802734375,3.974170654296875,0.3509667482059372
1758560022.0531948,target,4,-2.94990966796875,-2.33233642578125,-1.7577531647956581
1758560022.0531948,target,5,1.8535052490234376,-5.26964208984375,-1.050048065669364
1758560022.073355,herder,1,0.5819522094726562,-3.0238046875,-0.8030894759398174
1758560022.073355,herder,2,2.26741015625,3.445408203125,0.0010152294518102746
1758560022.073355,target,1,2.680753662109375,1.6298857421875,-1.3493522184678814
1758560022.073355,target,2,3.491239501953125,-1.090119140625,-0.10855687923013797
1758560022.073355,target,3,4.13283740234375,3.97556640625,0.3517094372549331
1758560022.073355,target,4,-2.949932861328125,-2.332302001953125,-1.7574345175712303
1758560022.073355,target,5,1.8562293701171875,-5.274119140625,-1.0484377853162477
1758560022.0931344,herder,1,0.585989501953125,-3.027845947265625,-0.8024998520744738
1758560022.0931344,herder,2,2.270688232421875,3.445706298828125,0.0013004936008737733
1758560022.0931344,target,1,2.6807958984375,1.629943115234375,-1.3494980265375631
1758560022.0931344,target,2,3.49228759765625,-1.0916910400390625,-0.11356992211994066
1758560022.0931344,target,3,4.13688232421875,3.9770537109375,0.3525089515036885
1758560022.0931344,target,4,-2.94992138671875,-2.332312744140625,-1.757492308166885
1758560022.0931344,target,5,1.858978759765625,-5.2792216796875,-1.0536109091546992
1758560022.113268,herder,1,0.5906957397460938,-3.032354736328125,-0.8017085603355841
1758560022.113268,herder,2,2.274726318359375,3.445810302734375,0.001606058696632553
1758560022.113268,target,1,2.680766845703125,1.6299483642578125,-1.349353683206481
1758560022.113268,target,2,3.49202880859375,-1.0930841064453125,-0.046017172433210275
1758560022.113268,target,3,4.14099755859375,3.97869970703125,0.35234123893404073
1758560022.113268,target,4,-2.949937255859375,-2.332336669921875,-1.7575317229510181
1758560022.113268,target,5,1.8617305908203126,-5.2838212890625,-1.0488003081196346
1758560022.1332135,herder,1,0.59470849609375,-3.036226318359375,-0.8019783385540091
1758560022.1332135,herder,2,2.278958251953125,3.44596484375,0.002212299100724807
1758560022.1332135,target,1,2.6805390625,1.629859130859375,-1.34494202370271
1758560022.1332135,target,2,3.49314453125,-1.0949700927734376,-0.018687451303356452
1758560022.1332135,target,3,4.1457607421875,3.97990625,0.35694534511608333
1758560022.1332135,target,4,-2.949947509765625,-2.332344482421875,-1.7574833865772332
1758560022.1332135,target,5,1.8645869140625,-5.28830224609375,-1.0421583177819498
1758560022.1531472,herder,1,0.5983277587890625,-3.039378173828125,-0.8019455150935739
1758560022.1531472,herder,2,2.283041015625,3.445795654296875,0.0029696566017364317
1758560022.1531472,target,1,2.6806064453125,1.6298812255859374,-1.3465364582473407
1758560022.1531472,target,2,3.49465673828125,-1.096732177734375,-0.021370802483449854
1758560022.1531472,target,3,4.15024609375,3.981080078125,0.35857043930276333
1758560022.1531472,target,4,-2.94994873046875,-2.332308349609375,-1.757512415033115
1758560022.1531472,target,5,1.868107421875,-5.29269140625,-1.0448113588598866
1758560022.1735706,herder,1,0.6024192504882813,-3.042704833984375,-0.8017248721972609
1758560022.1735706,herder,2,2.28733935546875,3.4457724609375,0.0043040612938734304
1758560022.1735706,target,1,2.68066748046875,1.6299005126953126,-1.3471853374469385
1758560022.1735706,target,2,3.494291259765625,-1.0977486572265625,0.02328571725635231
1758560022.1735706,target,3,4.1543388671875,3.9826689453125,0.36047955961970024
1758560022.1735706,target,4,-2.9499365234375,-2.332292236328125,-1.757895244439814
1758560022.1735706,target,5,1.870650390625,-5.29763330078125,-1.0517945001332107
1758560022.1931274,herder,1,0.60693310546875,-3.047138671875,-0.8021430550674306
1758560022.1931274,herder,2,2.291447509765625,3.445780029296875,0.0048302501704823725
1758560022.1931274,target,1,2.680721435546875,1.6298905029296875,-1.3483355567217437
1758560022.1931274,target,2,3.49419970703125,-1.099647705078125,0.09446186613429822
1758560022.1931274,target,3,4.1583779296875,3.984043701171875,0.36821391205750836
1758560022.1931274,target,4,-2.949917236328125,-2.332327880859375,-1.7580901878316078
1758560022.1931274,target,5,1.87365771484375,-5.3021435546875,-1.0531957889197832
1758560022.213221,herder,1,0.6112175903320313,-3.0511162109375,-0.8019556351057162
1758560022.213221,herder,2,2.29509814453125,3.446017333984375,0.0042369379310588
1758560022.213221,target,1,2.680728271484375,1.629912353515625,-1.3497311862909998
1758560022.213221,target,2,3.49875439453125,-1.1033759765625,-0.022778732527990682
1758560022.213221,target,3,4.16244775390625,3.985615234375,0.36978188143880614
1758560022.213221,target,4,-2.949923828125,-2.33233544921875,-1.7579058970841743
1758560022.213221,target,5,1.8759423828125,-5.30627490234375,-1.079539778422847
1758560022.233227,herder,1,0.6151298828125,-3.055039306640625,-0.8015674793768371
1758560022.233227,herder,2,2.29869775390625,3.4465224609375,0.004193070414403826
1758560022.233227,target,1,2.680775390625,1.6299161376953124,-1.3504249397549652
1758560022.233227,target,2,3.49604638671875,-1.102691162109375,0.1112101783018055
1758560022.233227,target,3,4.16678515625,3.98685546875,0.37280590085659115
1758560022.233227,target,4,-2.94995166015625,-2.33230224609375,-1.7584289419222658
1758560022.233227,target,5,1.8792833251953125,-5.31114501953125,-1.0590598033240286
1758560022.253252,herder,1,0.619525146484375,-3.0591923828125,-0.8020636928669461
1758560022.253252,herder,2,2.302737060546875,3.446416748046875,0.0035786996967942363
1758560022.253252,target,1,2.68076513671875,1.6298980712890625,-1.3492700599482523
1758560022.253252,target,2,3.49722265625,-1.1034110107421875,0.12550360522123458
1758560022.253252,target,3,4.17106689453125,3.987898193359375,0.37899125893586827
1758560022.253252,target,4,-2.94994287109375,-2.332291748046875,-1.7585852694782536
1758560022.253252,target,5,1.8820562744140625,-5.31548388671875,-1.107253298516484
1758560022.273389,herder,1,0.6233109741210937,-3.06243603515625,-0.8029912718746207
1758560022.273389,herder,2,2.3076123046875,3.446549560546875,0.004565603218493602
1758560022.273389,target,1,2.680788818359375,1.6299237060546874,-1.3509121650763953
1758560022.273389,target,2,3.49722021484375,-1.1030123291015625,0.15213127963704068
1758560022.273389,target,3,4.175806640625,3.989577392578125,0.38522695075974794
1758560022.273389,target,4,-2.949933349609375,-2.33229736328125,-1.7573259937568095
1758560022.273389,target,5,1.886079345703125,-5.31992724609375,-1.0633238571243817
1758560022.2931345,herder,1,0.6265824584960937,-3.0658408203125,-0.8033240338528261
1758560022.2931345,herder,2,2.31226904296875,3.44646142578125,0.005876545825531058
1758560022.2931345,target,1,2.680807373046875,1.6299610595703125,-1.3504056318370623
1758560022.2931345,target,2,3.497340087890625,-1.102779541015625,0.1462411329645988
1758560022.2931345,target,3,4.1795673828125,3.9904814453125,0.3867716174815075
1758560022.2931345,target,4,-2.949961181640625,-2.33231494140625,-1.757141170377158
1758560022.2931345,target,5,1.8887994384765625,-5.31966552734375,-1.1232891235462328
1758560022.31331,herder,1,0.6308255615234375,-3.06957666015625,-0.8029818842317782
1758560022.31331,herder,2,2.315410400390625,3.446392333984375,0.007331395879081769
1758560022.31331,target,1,2.6807578125,1.6298997802734374,-1.3499915102875548
1758560022.31331,target,2,3.4971455078125,-1.1026246337890624,0.14345811298070918
1758560022.31331,target,3,4.1838193359375,3.99189892578125,0.39281795855188256
1758560022.31331,target,4,-2.949977783203125,-2.332306640625,-1.7577859216770662
1758560022.31331,target,5,1.8900821533203125,-5.32161572265625,-1.1273296715521008
1758560022.3330753,herder,1,0.6350701293945312,-3.074152099609375,-0.8024611030806132
1758560022.3330753,herder,2,2.3183984375,3.44658984375,0.008107931000759542
1758560022.3330753,target,1,2.680780029296875,1.629930419921875,-1.3496817846527787
1758560022.3330753,target,2,3.50065478515625,-1.1044339599609374,0.013289437034712505
1758560022.3330753,target,3,4.188009765625,3.993312255859375,0.40240180978772344
1758560022.3330753,target,4,-2.9499697265625,-2.33231201171875,-1.7576602204736145
1758560022.3330753,target,5,1.89010400390625,-5.32111328125,-1.1701770040142767
1758560022.3531566,herder,1,0.6396361083984375,-3.07793212890625,-0.801756896709369
1758560022.3531566,herder,2,2.32258837890625,3.446599853515625,0.009038421280430463
1758560022.3531566,target,1,2.6807646484375,1.6298948974609375,-1.350481665086184
1758560022.3531566,target,2,3.499044921875,-1.1017332763671874,0.10321077475650725
1758560022.3531566,target,3,4.1928017578125,3.99488916015625,0.4023073341480529
1758560022.3531566,target,4,-2.94993603515625,-2.332305908203125,-1.7572901742401479
1758560022.3531566,target,5,1.8923072509765626,-5.32099755859375,-1.1447625908897052
1758560022.373136,herder,1,0.6431578369140625,-3.081368896484375,-0.8013496993786959
1758560022.373136,herder,2,2.327193603515625,3.446845458984375,0.009598049213402387
1758560022.373136,target,1,2.68077099609375,1.629905517578125,-1.349291098920864
1758560022.373136,target,2,3.49971533203125,-1.1008634033203124,0.095410167864205
1758560022.373136,target,3,4.19679833984375,3.99611962890625,0.40657501650539124
1758560022.373136,target,4,-2.949933837890625,-2.33234619140625,-1.757626797801934
1758560022.373136,target,5,1.89193115234375,-5.3194501953125,-1.2008349150091056
1758560022.3930712,herder,1,0.6466866455078125,-3.084376953125,-0.8018132225664242
1758560022.3930712,herder,2,2.33128076171875,3.447146728515625,0.00971086633478357
1758560022.3930712,target,1,2.680812744140625,1.6299228515625,-1.3503150843599996
1758560022.3930712,target,2,3.50069970703125,-1.1000489501953126,0.08198207688434835
1758560022.3930712,target,3,4.2012578125,3.99853369140625,0.41300428685100604
1758560022.3930712,target,4,-2.9499580078125,-2.33234765625,-1.7578750044155294
1758560022.3930712,target,5,1.8938077392578125,-5.32173291015625,-1.1874912795253179
1758560022.4130974,herder,1,0.6508997192382813,-3.088224609375,-0.8020347975691188
1758560022.4130974,herder,2,2.335291259765625,3.447106689453125,0.010805517088968607
1758560022.4130974,target,1,2.680781982421875,1.6299176025390625,-1.3491334397843313
1758560022.4130974,target,2,3.50190625,-1.099280029296875,0.080336010304084
1758560022.4130974,target,3,4.20552783203125,4.000189453125,0.4159317001002484
1758560022.4130974,target,4,-2.94995556640625,-2.33230322265625,-1.757828399096453
1758560022.4130974,target,5,1.8935848388671874,-5.32129296875,-1.2013647509079768
1758560022.4332337,herder,1,0.65527001953125,-3.09244189453125,-0.8033306917555514
1758560022.4332337,herder,2,2.33903369140625,3.4471689453125,0.012333672211969699
1758560022.4332337,target,1,2.6807392578125,1.6298580322265626,-1.3502595574512715
1758560022.4332337,target,2,3.503359375,-1.098620361328125,0.05191155935745027
1758560022.4332337,target,3,4.20935693359375,4.00213818359375,0.42092526030220145
1758560022.4332337,target,4,-2.949929931640625,-2.3323291015625,-1.7581390568376107
1758560022.4332337,target,5,1.8954375,-5.32092236328125,-1.1938361276643772
1758560022.453149,herder,1,0.6596728515625,-3.09601904296875,-0.8031735652512366
1758560022.453149,herder,2,2.343065185546875,3.447172607421875,0.013642297556769597
1758560022.453149,target,1,2.68078271484375,1.6298822021484376,-1.3490217201766026
1758560022.453149,target,2,3.504447509765625,-1.0976357421875,0.03305866541315645
1758560022.453149,target,3,4.2135078125,4.0036904296875,0.4225451280352422
1758560022.453149,target,4,-2.94995849609375,-2.33235595703125,-1.7576765989143184
1758560022.453149,target,5,1.891595703125,-5.32406396484375,-1.147212432776469
1758560022.473449,herder,1,0.66335302734375,-3.099957763671875,-0.8038632573945399
1758560022.473449,herder,2,2.347525634765625,3.4472275390625,0.014399987692843156
1758560022.473449,target,1,2.680757568359375,1.629875,-1.3498656759260486
1758560022.473449,target,2,3.505133544921875,-1.0959407958984375,0.013937911558660294
1758560022.473449,target,3,4.217498046875,4.005968505859375,0.42193935875579003
1758560022.473449,target,4,-2.94994921875,-2.332356689453125,-1.757781394303213
1758560022.473449,target,5,1.894785888671875,-5.32221728515625,-1.1516568491616477
1758560022.49367,herder,1,0.6675216674804687,-3.103316650390625,-0.8037106582640784
1758560022.49367,herder,2,2.3509150390625,3.447504150390625,0.015019810348531977
1758560022.49367,target,1,2.68074365234375,1.629885498046875,-1.3501526315335046
1758560022.49367,target,2,3.506388671875,-1.094757568359375,-0.0078145661216332
1758560022.49367,target,3,4.22143994140625,4.007244873046875,0.4178490762165646
1758560022.49367,target,4,-2.9499189453125,-2.33232666015625,-1.7573243958601554
1758560022.49367,target,5,1.891714599609375,-5.3228359375,-1.1620278642366888
1758560022.5132184,herder,1,0.6714827270507813,-3.107453857421875,-0.8038882245297594
1758560022.5132184,herder,2,2.3544775390625,3.447591796875,0.015076584573723803
1758560022.5132184,target,1,2.68080419921875,1.62992919921875,-1.3499969697677896
1758560022.5132184,target,2,3.507747314453125,-1.093864501953125,-0.031077953916572223
1758560022.5132184,target,3,4.22572119140625,4.008961669921875,0.42144264592297664
1758560022.5132184,target,4,-2.949935302734375,-2.332312744140625,-1.7577112200084894
1758560022.5132184,target,5,1.890959228515625,-5.3220751953125,-1.1690315784294336
1758560022.5332355,herder,1,0.6759357299804688,-3.111336669921875,-0.8028772885799653
1758560022.5332355,herder,2,2.359141845703125,3.447834228515625,0.016550174022702695
1758560022.5332355,target,1,2.680761474609375,1.629909423828125,-1.3512280159816787
1758560022.5332355,target,2,3.51010009765625,-1.0936907958984374,-0.014529513029172682
1758560022.5332355,target,3,4.22980908203125,4.01059521484375,0.4241457211398934
1758560022.5332355,target,4,-2.949938720703125,-2.332336181640625,-1.7579634213637199
1758560022.5332355,target,5,1.892217529296875,-5.3224755859375,-1.1429688187374822
1758560022.553229,herder,1,0.679451904296875,-3.1148603515625,-0.802831748525325
1758560022.553229,herder,2,2.3634453125,3.4476884765625,0.018263802711168294
1758560022.553229,target,1,2.6808076171875,1.6299285888671875,-1.3505246751377888
1758560022.553229,target,2,3.511793701171875,-1.0942174072265625,-0.01980523202772775
1758560022.553229,target,3,4.2336728515625,4.012439208984375,0.4233978389267719
1758560022.553229,target,4,-2.949914306640625,-2.332340576171875,-1.7575010965984823
1758560022.553229,target,5,1.892162109375,-5.3224775390625,-1.1697157445134752
1758560022.5731623,herder,1,0.683490234375,-3.117990966796875,-0.8022630304745386
1758560022.5731623,herder,2,2.367243408203125,3.44797802734375,0.01973278572369919
1758560022.5731623,target,1,2.680798583984375,1.629922607421875,-1.3501381173055638
1758560022.5731623,target,2,3.51330908203125,-1.0953663330078125,-0.027896069383388997
1758560022.5731623,target,3,4.23811083984375,4.014163818359375,0.4293168808970412
1758560022.5731623,target,4,-2.94993603515625,-2.332335205078125,-1.7576989694674752
1758560022.5731623,target,5,1.89313037109375,-5.32319189453125,-1.1515527195630257
1758560022.5931256,herder,1,0.6878140869140625,-3.122510498046875,-0.8020367283609091
1758560022.5931256,herder,2,2.370313720703125,3.448212158203125,0.020359670957763223
1758560022.5931256,target,1,2.6807451171875,1.629845458984375,-1.3500659456400226
1758560022.5931256,target,2,3.5136865234375,-1.09644091796875,0.011776287159978326
1758560022.5931256,target,3,4.24222119140625,4.015980712890625,0.4366006930574351
1758560022.5931256,target,4,-2.950001220703125,-2.332308837890625,-1.7570570144867115
1758560022.5931256,target,5,1.8923759765625,-5.32275341796875,-1.1720153841147585
1758560022.6132233,herder,1,0.6922339477539062,-3.126924560546875,-0.8009371757258427
1758560022.6132233,herder,2,2.37456982421875,3.448154296875,0.020505035860794916
1758560022.6132233,target,1,2.680772705078125,1.6299080810546875,-1.3501009662083572
1758560022.6132233,target,2,3.514861572265625,-1.097220703125,0.027019516958319237
1758560022.6132233,target,3,4.246361328125,4.0175,0.43371342696162574
1758560022.6132233,target,4,-2.949997802734375,-2.33230419921875,-1.7570309155080288
1758560022.6132233,target,5,1.8930533447265625,-5.32318603515625,-1.147597659028149
1758560022.6332495,herder,1,0.6958920288085938,-3.130445556640625,-0.7998081951607308
1758560022.6332495,herder,2,2.37971826171875,3.4483623046875,0.02214910715083631
1758560022.6332495,target,1,2.680762451171875,1.6299093017578126,-1.3489886969790856
1758560022.6332495,target,2,3.5149580078125,-1.09748486328125,0.05653621765296773
1758560022.6332495,target,3,4.25029443359375,4.019498046875,0.4390037964670681
1758560022.6332495,target,4,-2.949961181640625,-2.332330078125,-1.757309482158051
1758560022.6332495,target,5,1.89288623046875,-5.32316357421875,-1.1469125608377262
1758560022.6530943,herder,1,0.6995640258789062,-3.13405029296875,-0.7994432755123627
1758560022.6530943,herder,2,2.383068603515625,3.44845263671875,0.023351998758576256
1758560022.6530943,target,1,2.68079443359375,1.629911376953125,-1.3499142786159426
1758560022.6530943,target,2,3.51622607421875,-1.097969482421875,0.08239589050585462
1758560022.6530943,target,3,4.2544541015625,4.02088232421875,0.4444706336842419
1758560022.6530943,target,4,-2.94995654296875,-2.332345458984375,-1.7572271904803676
1758560022.6530943,target,5,1.89301123046875,-5.32234716796875,-1.1678977375953326
1758560022.67347,herder,1,0.701951171875,-3.136129638671875,-0.8000452164977478
1758560022.67347,herder,2,2.385149169921875,3.448329345703125,0.02373001783055619
1758560022.67347,target,1,2.680767333984375,1.62988671875,-1.348517716940305
1758560022.67347,target,2,3.51702978515625,-1.0982509765625,0.08823770912688997
1758560022.67347,target,3,4.25648193359375,4.021811279296875,0.4414338643827382
1758560022.67347,target,4,-2.949908203125,-2.33232666015625,-1.7577999032727891
1758560022.67347,target,5,1.892602294921875,-5.3225791015625,-1.1712519889882873
1758560022.6931243,herder,1,0.701951171875,-3.136129638671875,-0.8000452164977478
1758560022.6931243,herder,2,2.385149169921875,3.448329345703125,0.02373001783055619
1758560022.6931243,target,1,2.680767333984375,1.62988671875,-1.348517716940305
1758560022.6931243,target,2,3.51702978515625,-1.0982509765625,0.08823770912688997
1758560022.6931243,target,3,4.25648193359375,4.021811279296875,0.4414338643827382
1758560022.6931243,target,4,-2.949908203125,-2.33232666015625,-1.7577999032727891
1758560022.6931243,target,5,1.892602294921875,-5.3225791015625,-1.1712519889882873
1758560022.7132084,herder,1,0.701951171875,-3.136129638671875,-0.8000452164977478
1758560022.7132084,herder,2,2.385149169921875,3.448329345703125,0.02373001783055619
1758560022.7132084,target,1,2.680767333984375,1.62988671875,-1.348517716940305
1758560022.7132084,target,2,3.51702978515625,-1.0982509765625,0.08823770912688997
1758560022.7132084,target,3,4.25648193359375,4.021811279296875,0.4414338643827382
1758560022.7132084,target,4,-2.949908203125,-2.33232666015625,-1.7577999032727891
1758560022.7132084,target,5,1.892602294921875,-5.3225791015625,-1.1712519889882873
1758560022.7332442,herder,1,0.7155695190429687,-3.148380126953125,-0.8014586892463074
1758560022.7332442,herder,2,2.3989423828125,3.448941650390625,0.02716286368458735
1758560022.7332442,target,1,2.68079736328125,1.6298980712890625,-1.349388570616761
1758560022.7332442,target,2,3.524229248046875,-1.0986004638671876,0.09940958667598832
1758560022.7332442,target,3,4.270986328125,4.028699951171875,0.4515928585454953
1758560022.7332442,target,4,-2.949937744140625,-2.332344970703125,-1.7570678002891262
1758560022.7332442,target,5,1.8919620361328124,-5.32379345703125,-1.1438519229549526
1758560022.7532814,herder,1,0.7200681762695312,-3.152932373046875,-0.8018804673839487
1758560022.7532814,herder,2,2.402226318359375,3.449248046875,0.027681915861638397
1758560022.7532814,target,1,2.6807685546875,1.6299290771484376,-1.3510787458025797
1758560022.7532814,target,2,3.52725048828125,-1.098673583984375,0.0810899095967934
1758560022.7532814,target,3,4.27549853515625,4.03143115234375,0.4488444097215063
1758560022.7532814,target,4,-2.949925537109375,-2.332314208984375,-1.7581377252570656
1758560022.7532814,target,5,1.8924068603515625,-5.32359814453125,-1.1414911638066518
1758560022.7732024,herder,1,0.7244844360351562,-3.1570263671875,-0.8019186837455914
1758560022.7732024,herder,2,2.40637109375,3.449364501953125,0.02760413283245667
1758560022.7732024,target,1,2.680791015625,1.629928955078125,-1.3496880430813403
1758560022.7732024,target,2,3.53045703125,-1.0987943115234375,0.08055252530070743
1758560022.7732024,target,3,4.2791787109375,4.033372314453125,0.4434787726257555
1758560022.7732024,target,4,-2.9499287109375,-2.3323125,-1.7584766125057782
1758560022.7732024,target,5,1.8930308837890626,-5.321861328125,-1.1723697176977936
1758560022.793315,herder,1,0.7277752075195313,-3.160171630859375,-0.8014905140213339
1758560022.793315,herder,2,2.410960693359375,3.44926953125,0.029055688784604357
1758560022.793315,target,1,2.680777099609375,1.6299263916015625,-1.3498578196008328
1758560022.793315,target,2,3.532888916015625,-1.0981522216796875,0.07448700947048384
1758560022.793315,target,3,4.2836201171875,4.03546484375,0.44276947295892655
1758560022.793315,target,4,-2.9499208984375,-2.332331787109375,-1.7580390551386782
1758560022.793315,target,5,1.8926119384765625,-5.32382763671875,-1.135565497223171
1758560022.8132286,herder,1,0.731554931640625,-3.163769287109375,-0.8013546928057398
1758560022.8132286,herder,2,2.415031982421875,3.449572509765625,0.030291316467806265
1758560022.8132286,target,1,2.68076611328125,1.629904296875,-1.349543966066367
1758560022.8132286,target,2,3.535131103515625,-1.097278076171875,0.06568641887837046
1758560022.8132286,target,3,4.28775,4.03745263671875,0.4462245582886545
1758560022.8132286,target,4,-2.949923828125,-2.332325927734375,-1.758184064260033
1758560022.8132286,target,5,1.89351806640625,-5.323421875,-1.13129751526021
1758560022.8332663,herder,1,0.7361680297851563,-3.168063720703125,-0.8018012383415188
1758560022.8332663,herder,2,2.417610595703125,3.44974072265625,0.0312539098020316
1758560022.8332663,target,1,2.680800048828125,1.6299471435546875,-1.3507212164262365
1758560022.8332663,target,2,3.537525634765625,-1.096805908203125,0.06608545611701601
1758560022.8332663,target,3,4.2922666015625,4.038896240234375,0.4478384671987561
1758560022.8332663,target,4,-2.949930419921875,-2.3323232421875,-1.7575682082579522
1758560022.8332663,target,5,1.8931104736328126,-5.323630859375,-1.132321101225182
1758560022.8533473,herder,1,0.7398959350585937,-3.17155859375,-0.802270287588509
1758560022.8533473,herder,2,2.421633056640625,3.449727294921875,0.03229690979523131
1758560022.8533473,target,1,2.6807802734375,1.6299111328125,-1.3503612902049125
1758560022.8533473,target,2,3.540541259765625,-1.0961673583984375,0.055311225969369326
1758560022.8533473,target,3,4.29634716796875,4.04079248046875,0.4517340393727831
1758560022.8533473,target,4,-2.94996533203125,-2.3323232421875,-1.757534918744326
1758560022.8533473,target,5,1.89283837890625,-5.32324853515625,-1.1452618004360404
1758560022.873127,herder,1,0.7440503540039063,-3.17541748046875,-0.8019701493336571
1758560022.873127,herder,2,2.426882568359375,3.449889404296875,0.03400902485112423
1758560022.873127,target,1,2.68079736328125,1.6299049072265626,-1.3496206651057614
1758560022.873127,target,2,3.54320849609375,-1.095569580078125,0.04643275872131714
1758560022.873127,target,3,4.30058203125,4.04271630859375,0.45081841130050027
1758560022.873127,target,4,-2.949913818359375,-2.332313232421875,-1.757609087780685
1758560022.873127,target,5,1.8921346435546875,-5.32263671875,-1.180773721991702
1758560022.8932118,herder,1,0.7482881469726562,-3.179181396484375,-0.8020808702559772
1758560022.8932118,herder,2,2.430727783203125,3.449816162109375,0.03386845155746008
1758560022.8932118,target,1,2.680795166015625,1.6299320068359375,-1.3502630195606884
1758560022.8932118,target,2,3.546541748046875,-1.0951192626953126,0.04056478702613938
1758560022.8932118,target,3,4.30395361328125,4.04423876953125,0.4555101354824065
1758560022.8932118,target,4,-2.949900146484375,-2.332333740234375,-1.7576434425587468
1758560022.8932118,target,5,1.892793212890625,-5.32409228515625,-1.13149885023862
1758560022.913305,herder,1,0.7520713500976562,-3.182833740234375,-0.8026180964268734
1758560022.913305,herder,2,2.433701171875,3.4499423828125,0.03416405619667507
1758560022.913305,target,1,2.6807958984375,1.6299560546875,-1.351083805808651
1758560022.913305,target,2,3.55041650390625,-1.095096923828125,0.05648782302253394
1758560022.913305,target,3,4.308564453125,4.046309814453125,0.45685892670599076
1758560022.913305,target,4,-2.949926513671875,-2.332353271484375,-1.7573704685470137
1758560022.913305,target,5,1.892178955078125,-5.32257177734375,-1.1712004568211942
1758560022.933231,herder,1,0.7561484985351562,-3.186607177734375,-0.8024637662417033
1758560022.933231,herder,2,2.438231201171875,3.450510498046875,0.03441615144158089
1758560022.933231,target,1,2.680799560546875,1.6299141845703125,-1.3499326544274641
1758560022.933231,target,2,3.553920654296875,-1.0952293701171876,0.05586026159522438
1758560022.933231,target,3,4.31272412109375,4.048295654296875,0.46404493427535154
1758560022.933231,target,4,-2.949943603515625,-2.332330810546875,-1.7575732682640233
1758560022.933231,target,5,1.8927314453125,-5.32315966796875,-1.1497178015719611
1758560022.9531193,herder,1,0.759971923828125,-3.190510009765625,-0.8022278101691223
1758560022.9531193,herder,2,2.443101806640625,3.450772216796875,0.03538066100343432
1758560022.9531193,target,1,2.680788330078125,1.629911865234375,-1.3505596957061232
1758560022.9531193,target,2,3.557580810546875,-1.0945394287109376,0.05468244115243401
1758560022.9531193,target,3,4.31728173828125,4.05014306640625,0.4671289413966906
1758560022.9531193,target,4,-2.9499560546875,-2.3322734375,-1.7573009600425626
1758560022.9531193,target,5,1.8921961669921874,-5.32202392578125,-1.1870643748025782
1758560022.9731808,herder,1,0.7640247192382813,-3.194450927734375,-0.8022812065489784
1758560022.9731808,herder,2,2.446972900390625,3.451058349609375,0.035285323997598685
1758560022.9731808,target,1,2.680579345703125,1.63004736328125,-1.3591023175347705
1758560022.9731808,target,2,3.560889404296875,-1.0940526123046874,0.06529523796494065
1758560022.9731808,target,3,4.3212724609375,4.0519716796875,0.4713867034789684
1758560022.9731808,target,4,-2.949965576171875,-2.332304931640625,-1.7574636791851665
1758560022.9731808,target,5,1.89275,-5.3251513671875,-1.0938101939659821
1758560022.9934657,herder,1,0.76790283203125,-3.1981826171875,-0.8019464471999554
1758560022.9934657,herder,2,2.450335205078125,3.451177001953125,0.03585449977919747
1758560022.9934657,target,1,2.680654296875,1.63002734375,-1.355960053764586
1758560022.9934657,target,2,3.564969482421875,-1.0934317626953125,0.04351810367817195
1758560022.9934657,target,3,4.3255810546875,4.0543212890625,0.4733603721628261
1758560022.9934657,target,4,-2.9499580078125,-2.33233154296875,-1.7571152045565297
1758560022.9934657,target,5,1.8922109375,-5.322345703125,-1.1759573951602937
1758560023.0131202,herder,1,0.7716895751953124,-3.20126708984375,-0.80160496336918
1758560023.0131202,herder,2,2.453918701171875,3.45098876953125,0.037073694926235745
1758560023.0131202,target,1,2.680705322265625,1.6300032958984374,-1.3549701567874035
1758560023.0131202,target,2,3.56892431640625,-1.092116455078125,0.03469993206167485
1758560023.0131202,target,3,4.33005908203125,4.055765380859375,0.4773392346999454
1758560023.0131202,target,4,-2.94993603515625,-2.332324951171875,-1.7580949815215698
1758560023.0131202,target,5,1.893639404296875,-5.3234677734375,-1.1341468313104857
1758560023.0332243,herder,1,0.775814208984375,-3.2052392578125,-0.8024514491216617
1758560023.0332243,herder,2,2.458619873046875,3.451210693359375,0.03848427564829904
1758560023.0332243,target,1,2.68074951171875,1.6299716796875,-1.3526216481801172
1758560023.0332243,target,2,3.5734228515625,-1.0923668212890625,0.06592966535443558
1758560023.0332243,target,3,4.33397265625,4.057317138671875,0.48288450201122196
1758560023.0332243,target,4,-2.949920654296875,-2.332318359375,-1.7581406547342648
1758560023.0332243,target,5,1.8923414306640625,-5.32255029296875,-1.1733721315320993
1758560023.0531015,herder,1,0.7800575561523437,-3.2091689453125,-0.8021238137285547
1758560023.0531015,herder,2,2.462586181640625,3.451331787109375,0.03948465466108447
1758560023.0531015,target,1,2.6807890625,1.6299443359375,-1.3509096350733598
1758560023.0531015,target,2,3.57713427734375,-1.091459228515625,0.028824927956743594
1758560023.0531015,target,3,4.33743408203125,4.05989599609375,0.47457760322856046
1758560023.0531015,target,4,-2.949917236328125,-2.332326904296875,-1.758214956928678
1758560023.0531015,target,5,1.8931431884765626,-5.323111328125,-1.1436854753868226
1758560023.0731394,herder,1,0.7843638916015625,-3.21337744140625,-0.8027498563218051
1758560023.0731394,herder,2,2.466038330078125,3.45141943359375,0.040075435337026524
1758560023.0731394,target,1,2.68078466796875,1.6299288330078125,-1.3500445071932474
1758560023.0731394,target,2,3.581444580078125,-1.0924019775390625,0.05028841260731741
1758560023.0731394,target,3,4.3403779296875,4.06131201171875,0.453322115620311
1758560023.0731394,target,4,-2.949935546875,-2.332342529296875,-1.7579090928774823
1758560023.0731394,target,5,1.89203076171875,-5.3231953125,-1.1668878669099745
1758560023.0930736,herder,1,0.7886107177734375,-3.217423828125,-0.8030603143258811
1758560023.0930736,herder,2,2.470455810546875,3.4518701171875,0.04174316506828299
1758560023.0930736,target,1,2.680785400390625,1.62994775390625,-1.3496547535677144
1758560023.0930736,target,2,3.585130126953125,-1.0914949951171875,0.04238089228081609
1758560023.0930736,target,3,4.34188330078125,4.06393408203125,0.4234626203202881
1758560023.0930736,target,4,-2.949919921875,-2.33235302734375,-1.7575165429328046
1758560023.0930736,target,5,1.892617919921875,-5.3235625,-1.1421400430062496
1758560023.1135085,herder,1,0.7920555419921875,-3.220594970703125,-0.8029589144673763
1758560023.1135085,herder,2,2.475003662109375,3.45202001953125,0.04324473435346452
1758560023.1135085,target,1,2.6807890625,1.6298748779296874,-1.3513542498173485
1758560023.1135085,target,2,3.589484619140625,-1.0918953857421876,0.04397960868913667
1758560023.1135085,target,3,4.34272265625,4.06628857421875,0.3917628141279932
1758560023.1135085,target,4,-2.949936279296875,-2.332314697265625,-1.758065154117361
1758560023.1135085,target,5,1.8917042236328125,-5.3235341796875,-1.1565987440384533
1758560023.1330998,herder,1,0.7957213134765625,-3.22410009765625,-0.8024217548755073
1758560023.1330998,herder,2,2.478605224609375,3.4525029296875,0.04395636844743653
1758560023.1330998,target,1,2.68079052734375,1.62991650390625,-1.349360607425315
1758560023.1330998,target,2,3.59419482421875,-1.091760009765625,0.04493825097421352
1758560023.1330998,target,3,4.3436005859375,4.06889892578125,0.36364272920444185
1758560023.1330998,target,4,-2.949943115234375,-2.332306884765625,-1.7576736694371193
1758560023.1330998,target,5,1.8927591552734375,-5.322748046875,-1.1631953940585795
1758560023.153085,herder,1,0.800186767578125,-3.228373291015625,-0.8005584076398061
1758560023.153085,herder,2,2.482459228515625,3.4526015625,0.04404858456136972
1758560023.153085,target,1,2.6804873046875,1.6298795166015625,-1.3432766159150291
1758560023.153085,target,2,3.5988046875,-1.09272265625,0.10169584389279408
1758560023.153085,target,3,4.3449599609375,4.070652587890625,0.342501657654525
1758560023.153085,target,4,-2.949893310546875,-2.332331787109375,-1.7572172036262796
1758560023.153085,target,5,1.892969482421875,-5.3233544921875,-1.1464824603216783
1758560023.173159,herder,1,0.8049393310546875,-3.23287109375,-0.8016616887003987
1758560023.173159,herder,2,2.486738037109375,3.452895263671875,0.04590870271424919
1758560023.173159,target,1,2.6798720703125,1.6298056640625,-1.331764968945107
1758560023.173159,target,2,3.602584716796875,-1.0908973388671874,0.04766219039379541
1758560023.173159,target,3,4.347328125,4.07221875,0.32935336503669477
1758560023.173159,target,4,-2.949908447265625,-2.332362548828125,-1.7577262668686484
1758560023.173159,target,5,1.89288720703125,-5.3235986328125,-1.1412408266641842
1758560023.193267,herder,1,0.8088070678710938,-3.236274169921875,-0.8033912786703507
1758560023.193267,herder,2,2.490348876953125,3.453364013671875,0.04787247192899239
1758560023.193267,target,1,2.678635009765625,1.629626708984375,-1.3184333176862248
1758560023.193267,target,2,3.60856640625,-1.0910721435546875,0.011498502813526249
1758560023.193267,target,3,4.34946728515625,4.0738515625,0.31655754178913653
1758560023.193267,target,4,-2.949930419921875,-2.332335205078125,-1.758486599359866
1758560023.193267,target,5,1.8927757568359376,-5.3227724609375,-1.1580517647292006
1758560023.213088,herder,1,0.8116693115234375,-3.239165283203125,-0.8043604029910305
1758560023.213088,herder,2,2.4948564453125,3.453451171875,0.048766619942608086
1758560023.213088,target,1,2.67821923828125,1.6287818603515625,-1.314807157545973
1758560023.213088,target,2,nan,nan,nan
1758560023.213088,target,3,4.35188232421875,4.074997314453125,0.31131341141812063
1758560023.213088,target,4,-2.949921630859375,-2.33231005859375,-1.7582164216672775
1758560023.213088,target,5,1.8928062744140626,-5.32314892578125,-1.1507464475430043
1758560023.233219,herder,1,0.8160598754882813,-3.242923583984375,-0.8049883763760711
1758560023.233219,herder,2,2.49844921875,3.4533681640625,0.05092990569607945
1758560023.233219,target,1,2.678832763671875,1.6275003662109375,-1.3129008668376942
1758560023.233219,target,2,3.612883056640625,-1.0859327392578124,-0.05771835741015107
1758560023.233219,target,3,4.3546279296875,4.076296630859375,0.30217097913296037
1758560023.233219,target,4,-2.949930908203125,-2.332313720703125,-1.757474598145636
1758560023.233219,target,5,1.893327880859375,-5.32373828125,-1.131514429730997
1758560023.2532852,herder,1,0.82076611328125,-3.24783544921875,-0.8048018885207384
1758560023.2532852,herder,2,2.50210302734375,3.453305908203125,0.053711373556396255
1758560023.2532852,target,1,2.67952490234375,1.62575048828125,-1.3100002849364345
1758560023.2532852,target,2,nan,nan,nan
1758560023.2532852,target,3,4.35722802734375,4.07774169921875,0.29812540441053464
1758560023.2532852,target,4,-2.949906982421875,-2.33235546875,-1.7571877756962344
1758560023.2532852,target,5,1.8933433837890625,-5.323052734375,-1.1524287664036073
1758560023.2732844,herder,1,0.8248942260742187,-3.251411376953125,-0.803606994718647
1758560023.2732844,herder,2,2.50699072265625,3.453631591796875,0.055772755947469256
1758560023.2732844,target,1,2.67991162109375,1.623864990234375,-1.3128264314852267
1758560023.2732844,target,2,nan,nan,nan
1758560023.2732844,target,3,4.35994775390625,4.0788359375,0.2950313438560806
1758560023.2732844,target,4,-2.9499384765625,-2.3323349609375,-1.7582265416794198
1758560023.2732844,target,5,1.89239306640625,-5.323748046875,-1.1437785528669209
1758560023.293344,herder,1,0.8284358520507813,-3.254721923828125,-0.8032693724714522
1758560023.293344,herder,2,2.510272216796875,3.45384765625,0.056598976708531125
1758560023.293344,target,1,2.6798935546875,1.621787841796875,-1.3063328457992864
1758560023.293344,target,2,nan,nan,nan
1758560023.293344,target,3,4.36325244140625,4.079855712890625,0.2923931166117072
1758560023.293344,target,4,-2.949951416015625,-2.332308837890625,-1.7580296009168084
1758560023.293344,target,5,1.8927510986328124,-5.32290869140625,-1.155595930729984
1758560023.313258,herder,1,0.832352294921875,-3.258029052734375,-0.8032157763545145
1758560023.313258,herder,2,2.51433251953125,3.454400390625,0.05810711235027539
1758560023.313258,target,1,2.680342529296875,1.61969287109375,-1.3013118550381055
1758560023.313258,target,2,nan,nan,nan
1758560023.313258,target,3,4.3665185546875,4.0813330078125,0.2900590556533345
1758560023.313258,target,4,-2.94992578125,-2.332321044921875,-1.757828399096453
1758560023.313258,target,5,1.8929449462890624,-5.32380712890625,-1.1487444161935372
1758560023.333137,herder,1,0.8367369995117188,-3.262204345703125,-0.8031217667680346
1758560023.333137,herder,2,2.51935791015625,3.454815673828125,0.05922544027102691
1758560023.333137,target,1,2.6805751953125,1.6173232421875,-1.2849097122004165
1758560023.333137,target,2,nan,nan,nan
1758560023.333137,target,3,4.3696875,4.08234619140625,0.28606404770210664
1758560023.333137,target,4,-2.949930908203125,-2.332329345703125,-1.7577064263185274
1758560023.333137,target,5,1.8922840576171875,-5.3243193359375,-1.1215925567737977
1758560023.353214,herder,1,0.8408967895507813,-3.266283447265625,-0.8039706493654973
1758560023.353214,herder,2,2.523575927734375,3.455129638671875,0.06033735996040543
1758560023.353214,target,1,2.6811669921875,1.614936767578125,-1.2816879530716931
1758560023.353214,target,2,3.6264345703125,-1.087323974609375,0.01276794119930185
1758560023.353214,target,3,4.373115234375,4.08351611328125,0.2844109570344672
1758560023.353214,target,4,-2.949931884765625,-2.332330078125,-1.7578370543699957
1758560023.353214,target,5,1.8925274658203124,-5.3218486328125,-1.1956538682664108
1758560023.3732717,herder,1,0.8444581298828125,-3.269334716796875,-0.8039850304353838
1758560023.3732717,herder,2,2.526738525390625,3.455404052734375,0.062230397281071805
1758560023.3732717,target,1,2.68131591796875,1.6122545166015625,-1.2776946761751737
1758560023.3732717,target,2,3.626012939453125,-1.087802734375,0.0033018942701022232
1758560023.3732717,target,3,4.37680224609375,4.084726806640625,0.2818472317215888
1758560023.3732717,target,4,-2.94993212890625,-2.3323369140625,-1.7581027046887312
1758560023.3732717,target,5,1.893067626953125,-5.323796875,-1.136103722079476
1758560023.3932867,herder,1,0.8483353271484375,-3.27259228515625,-0.8040190523183096
1758560023.3932867,herder,2,2.53007470703125,3.4555341796875,0.06209379376190755
1758560023.3932867,target,1,2.681514404296875,1.609227783203125,-1.2861231815511112
1758560023.3932867,target,2,3.626640625,-1.0881590576171876,-0.013850327888607614
1758560023.3932867,target,3,4.380205078125,4.0856259765625,0.2792892654945677
1758560023.3932867,target,4,-2.949906005859375,-2.3323369140625,-1.7576269309599883
1758560023.3932867,target,5,1.8930438232421876,-5.3225390625,-1.1572529495602313
1758560023.4131489,herder,1,0.8526942749023437,-3.27703955078125,-0.8042546754957544
1758560023.4131489,herder,2,2.5350751953125,3.4559013671875,0.06385832107640999
1758560023.4131489,target,1,2.682862060546875,1.607375,-1.2798868572264726
1758560023.4131489,target,2,3.6257216796875,-1.0879837646484376,-0.0006452280161462808
1758560023.4131489,target,3,4.38403173828125,4.08677490234375,0.27873704239778296
1758560023.4131489,target,4,-2.949905517578125,-2.33233251953125,-1.7573524922096557
1758560023.4131489,target,5,1.8934146728515624,-5.32213037109375,-1.1708028468704454
1758560023.4332695,herder,1,0.8579281005859375,-3.28169140625,-0.8038176507608723
1758560023.4332695,herder,2,2.539770263671875,3.45622412109375,0.06567522527941372
1758560023.4332695,target,1,2.6838486328125,1.6044434814453126,-1.2846142344774722
1758560023.4332695,target,2,3.6255,-1.0885396728515624,0.009533492524103186
1758560023.4332695,target,3,4.38775,4.08787255859375,0.28018595183359735
1758560023.4332695,target,4,-2.949937255859375,-2.332345458984375,-1.7573354479786794
1758560023.4332695,target,5,1.89269287109375,-5.3233486328125,-1.14507937390137
1758560023.453251,herder,1,0.8611079711914063,-3.285414306640625,-0.803254525348375
1758560023.453251,herder,2,2.54268212890625,3.45659326171875,0.06655990242640282
1758560023.453251,target,1,2.684626953125,1.601203125,-1.2868213292308754
1758560023.453251,target,2,3.62528662109375,-1.08918310546875,0.0339241948480268
1758560023.453251,target,3,4.39180029296875,4.089020263671875,0.2793452584564866
1758560023.453251,target,4,-2.949959228515625,-2.332322998046875,-1.757731193716665
1758560023.453251,target,5,1.892463134765625,-5.32292236328125,-1.1668465879130783
1758560023.4731622,herder,1,0.8645469970703125,-3.2885947265625,-0.8023328718741259
1758560023.4731622,herder,2,2.54581787109375,3.457021240234375,0.06715274705218968
1758560023.4731622,target,1,2.686012451171875,1.5978458251953125,-1.2888377416502288
1758560023.4731622,target,2,3.6252421875,-1.090420654296875,0.054209143331267286
1758560023.4731622,target,3,4.3944697265625,4.089759521484375,0.28011008503204377
1758560023.4731622,target,4,-2.94996484375,-2.332307373046875,-1.7578158822393295
1758560023.4731622,target,5,1.892326904296875,-5.32396337890625,-1.1434943935786095
1758560023.493474,herder,1,0.8688971557617188,-3.29305810546875,-0.8021863980141716
1758560023.493474,herder,2,2.550224609375,3.457196533203125,0.06788404276514703
1758560023.493474,target,1,2.687341796875,1.594374755859375,-1.2873406456434409
1758560023.493474,target,2,3.62528759765625,-1.09178857421875,0.0764603369368269
1758560023.493474,target,3,4.39867236328125,4.091427490234375,0.28401055076457377
1758560023.493474,target,4,-2.94993896484375,-2.332332275390625,-1.7581072320625843
1758560023.493474,target,5,1.8927774658203125,-5.32297021484375,-1.1605519403605669
1758560023.5130875,herder,1,0.8735740356445313,-3.29702490234375,-0.8026040482521233
1758560023.5130875,herder,2,2.554681396484375,3.45757861328125,0.07032512118744888
1758560023.5130875,target,1,2.688864013671875,1.5912615966796875,-1.2976823659464911
1758560023.5130875,target,2,3.625536865234375,-1.0929033203125,0.10414467877177079
1758560023.5130875,target,3,4.40229150390625,4.092644775390625,0.28718004535690433
1758560023.5130875,target,4,-2.949932373046875,-2.332343017578125,-1.7578893854854158
1758560023.5130875,target,5,1.8928277587890625,-5.3237451171875,-1.1370498100567266
1758560023.5332417,herder,1,0.8772592163085937,-3.30071826171875,-0.8035549964983633
1758560023.5332417,herder,2,2.558383056640625,3.457748779296875,0.07214719774863225
1758560023.5332417,target,1,2.691153564453125,1.5893363037109376,-1.326587783785993
1758560023.5332417,target,2,3.625805419921875,-1.0943846435546876,0.12258879205289966
1758560023.5332417,target,3,4.40622314453125,4.09344970703125,0.2846800361731061
1758560023.5332417,target,4,-2.949978271484375,-2.33231396484375,-1.7572164046779528
1758560023.5332417,target,5,1.892829345703125,-5.32303662109375,-1.1534723260767548
1758560023.5532074,herder,1,0.8810744018554687,-3.303986572265625,-0.8027081778507453
1758560023.5532074,herder,2,2.561971923828125,3.457985595703125,0.07292327617979497
1758560023.5532074,target,1,2.693835693359375,1.5887110595703124,-1.3629951932581938
1758560023.5532074,target,2,3.62696826171875,-1.0950460205078125,0.14180447303609492
1758560023.5532074,target,3,4.40931005859375,4.094792236328125,0.2859925085373244
1758560023.5532074,target,4,-2.949983642578125,-2.332280517578125,-1.7575347855862717
1758560023.5532074,target,5,1.8923692626953126,-5.324322265625,-1.1209524660057972
1758560023.573161,herder,1,0.8848204345703125,-3.3079736328125,-0.8026794822899997
1758560023.573161,herder,2,2.566162353515625,3.4585712890625,0.07377526302440335
1758560023.573161,target,1,2.696627685546875,1.587640869140625,-1.401533397918567
1758560023.573161,target,2,3.62826904296875,-1.0950635986328126,0.14456613779699345
1758560023.573161,target,3,4.41410986328125,4.0962021484375,0.28458020092174174
1758560023.573161,target,4,-2.949954833984375,-2.33230615234375,-1.7575431745437053
1758560023.573161,target,5,1.8926512451171875,-5.32342529296875,-1.1433963892504946
1758560023.5931258,herder,1,0.8897457275390624,-3.3119755859375,-0.8029511913002151
1758560023.5931258,herder,2,2.571236572265625,3.458920166015625,0.07518149530374925
1758560023.5931258,target,1,2.699056884765625,1.5868157958984375,-1.4425218439398675
1758560023.5931258,target,2,3.628919677734375,-1.0942877197265626,0.13364032801024003
1758560023.5931258,target,3,4.41804150390625,4.097376953125,0.28319375925824647
1758560023.5931258,target,4,-2.949947021484375,-2.332326171875,-1.7574181391305261
1758560023.5931258,target,5,1.892050537109375,-5.32388818359375,-1.14053468950115
1758560023.6130795,herder,1,0.8936344604492188,-3.31555322265625,-0.8047458955588195
1758560023.6130795,herder,2,2.574647216796875,3.459262939453125,0.07588600960299449
1758560023.6130795,target,1,2.7015498046875,1.586475341796875,-1.4871247321926235
1758560023.6130795,target,2,3.629126953125,-1.0936075439453126,0.11990375142998974
1758560023.6130795,target,3,4.4222265625,4.09898486328125,0.2803795636448461
1758560023.6130795,target,4,-2.949969970703125,-2.3323125,-1.757127455097544
1758560023.6130795,target,5,1.8921412353515625,-5.32436083984375,-1.1258546797823605
1758560023.6334095,herder,1,0.8970765991210937,-3.318681396484375,-0.805090308866794
1758560023.6334095,herder,2,2.57883984375,3.460146240234375,0.07663776172207502
1758560023.6334095,target,1,2.704107177734375,1.58597802734375,-1.5187955765080638
1758560023.6334095,target,2,3.62983837890625,-1.09265869140625,0.1029235361881854
1758560023.6334095,target,3,4.42614208984375,4.1000791015625,0.277421424174527
1758560023.6334095,target,4,-2.949941650390625,-2.33232275390625,-1.758031598287626
1758560023.6334095,target,5,1.8928775634765624,-5.323072265625,-1.1520921428418212
1758560023.6532025,herder,1,0.90075634765625,-3.322408203125,-0.8056989743339316
1758560023.6532025,herder,2,2.582647216796875,3.460456787109375,0.07695983776640647
1758560023.6532025,target,1,2.705322021484375,1.5846318359375,-1.5325864898969301
1758560023.6532025,target,2,3.631026611328125,-1.091626953125,0.08897362375986292
1758560023.6532025,target,3,4.430232421875,4.101443359375,0.2761282097939413
1758560023.6532025,target,4,-2.949916015625,-2.332337158203125,-1.7578169475037655
1758560023.6532025,target,5,1.89397265625,-5.32273876953125,-1.14951406974857
1758560023.6731718,herder,1,0.9050126342773438,-3.32669677734375,-0.8063180927083478
1758560023.6731718,herder,2,2.586611572265625,3.46044384765625,0.07806454195370656
1758560023.6731718,target,1,2.70598779296875,1.5820601806640624,-1.5480013989185268
1758560023.6731718,target,2,3.63157861328125,-1.09062841796875,0.07539741941150584
1758560023.6731718,target,3,4.4337216796875,4.10265478515625,0.2732302910537716
1758560023.6731718,target,4,-2.949938232421875,-2.332331787109375,-1.756937704869876
1758560023.6731718,target,5,1.8934349365234375,-5.3230107421875,-1.1470865984149627
1758560023.6931584,herder,1,0.9088245239257813,-3.3306884765625,-0.8061875978149339
1758560023.6931584,herder,2,2.5910693359375,3.460915771484375,0.08097493593910762
1758560023.6931584,target,1,2.707392333984375,1.5798802490234376,-1.5673942716603748
1758560023.6931584,target,2,3.632674560546875,-1.0897867431640624,0.06104371766646771
1758560023.6931584,target,3,4.43798974609375,4.1039150390625,0.2754093393919449
1758560023.6931584,target,4,-2.94993310546875,-2.332363525390625,-1.7574828539450151
1758560023.6931584,target,5,1.893004638671875,-5.32378564453125,-1.1287135832125605
1758560023.7132103,herder,1,0.9129154052734375,-3.334470703125,-0.8062782118710238
1758560023.7132103,herder,2,2.5946435546875,3.4607802734375,0.08294180523980724
1758560023.7132103,target,1,2.70871142578125,1.577616943359375,-1.5781126960996168
1758560023.7132103,target,2,3.634591064453125,-1.08894970703125,0.05460131876891667
1758560023.7132103,target,3,4.44235302734375,4.10487353515625,0.26880375113741
1758560023.7132103,target,4,-2.949948486328125,-2.332345458984375,-1.7573793901366657
1758560023.7132103,target,5,1.891883544921875,-5.32403515625,-1.1306816592581292
1758560023.7332551,herder,1,0.9173300170898437,-3.33838232421875,-0.8064621697233211
1758560023.7332551,herder,2,2.5989873046875,3.461550048828125,0.08417861886193208
1758560023.7332551,target,1,2.70914697265625,1.574777587890625,-1.5905362094267819
1758560023.7332551,target,2,3.636435302734375,-1.08923193359375,0.053365774309498834
1758560023.7332551,target,3,4.4465439453125,4.10627880859375,0.2684451232071172
1758560023.7332551,target,4,-2.949953125,-2.332310791015625,-1.7582465153875955
1758560023.7332551,target,5,1.8930675048828125,-5.3238447265625,-1.1359615092772657
1758560023.7531374,herder,1,0.920580810546875,-3.34152978515625,-0.8074005345334104
1758560023.7531374,herder,2,2.60290625,3.462025634765625,0.08529640582808717
1758560023.7531374,target,1,2.709199462890625,1.57228759765625,-1.5892799963405915
1758560023.7531374,target,2,3.638746337890625,-1.0886466064453124,0.052357239365875025
1758560023.7531374,target,3,4.45131689453125,4.10767529296875,0.27485675011051025
1758560023.7531374,target,4,-2.9499306640625,-2.3323232421875,-1.7576401136073843
1758560023.7531374,target,5,1.89215576171875,-5.3232548828125,-1.1636310872129165
1758560023.7731824,herder,1,0.92444482421875,-3.34484423828125,-0.807780367883883
1758560023.7731824,herder,2,2.6060498046875,3.46221337890625,0.08621545439789512
1758560023.7731824,target,1,2.708453857421875,1.5707176513671874,-1.5725616031234557
1758560023.7731824,target,2,3.64054931640625,-1.0886724853515626,0.05817816465592086
1758560023.7731824,target,3,4.45561181640625,4.10913818359375,0.27427318493664665
1758560023.7731824,target,4,-2.949951416015625,-2.33235205078125,-1.7575477019175585
1758560023.7731824,target,5,1.89316357421875,-5.32264697265625,-1.1579295256351658
1758560023.7930923,herder,1,0.9286987915039062,-3.349267578125,-0.8080297063409416
1758560023.7930923,herder,2,2.60971875,3.462802490234375,0.08697572863246389
1758560023.7930923,target,1,2.706996337890625,1.5694539794921876,-1.5584698856894648
1758560023.7930923,target,2,3.6417646484375,-1.0895670166015625,0.07721921301182338
1758560023.7930923,target,3,4.4595556640625,4.11011767578125,0.2772208215654168
1758560023.7930923,target,4,-2.9499521484375,-2.33235546875,-1.7571413035352126
1758560023.7930923,target,5,1.8920040283203126,-5.324607421875,-1.115941462098704
1758560023.8131256,herder,1,0.9330524291992187,-3.35318310546875,-0.806863508099596
1758560023.8131256,herder,2,2.614466552734375,3.463184326171875,0.08817250329207506
1758560023.8131256,target,1,2.705760986328125,1.568474853515625,-1.535202246719606
1758560023.8131256,target,2,3.6425234375,-1.090945556640625,0.10343125952763059
1758560023.8131256,target,3,4.4634765625,4.11121044921875,0.2818381103948553
1758560023.8131256,target,4,-2.94992626953125,-2.332324462890625,-1.7579648861023196
1758560023.8131256,target,5,1.893592529296875,-5.3221923828125,-1.1630474554600256
1758560023.8332367,herder,1,0.9369732055664063,-3.356988525390625,-0.8063394645760956
1758560023.8332367,herder,2,2.61887353515625,3.46358154296875,0.09036909520392923
1758560023.8332367,target,1,2.704311279296875,1.5676502685546876,-1.5088657140675945
1758560023.8332367,target,2,3.643385986328125,-1.09213427734375,0.12515479769746143
1758560023.8332367,target,3,4.46750634765625,4.11210302734375,0.2819009942860948
1758560023.8332367,target,4,-2.9499296875,-2.33232080078125,-1.757631591491896
1758560023.8332367,target,5,1.8923795166015625,-5.3244775390625,-1.1148741337128276
1758560023.8531694,herder,1,0.9405836791992187,-3.360082763671875,-0.8060569697634654
1758560023.8531694,herder,2,2.622178955078125,3.464091064453125,0.09302425016598141
1758560023.8531694,target,1,2.7029599609375,1.566820556640625,-1.4929989997670658
1758560023.8531694,target,2,3.64466015625,-1.0926568603515625,0.14055476804981842
1758560023.8531694,target,3,4.47209033203125,4.11358984375,0.28460746503340145
1758560023.8531694,target,4,-2.94997412109375,-2.332305419921875,-1.7570215944442134
1758560023.8531694,target,5,1.8927125244140626,-5.32290478515625,-1.155209905529977
1758560023.8732364,herder,1,0.9445625610351562,-3.363821533203125,-0.8064077746580561
1758560023.8732364,herder,2,2.625854736328125,3.464121337890625,0.09480953349222966
1758560023.8732364,target,1,2.70268896484375,1.5652508544921875,-1.4816912177785895
1758560023.8732364,target,2,3.64658642578125,-1.0926553955078124,0.14321493308367134
1758560023.8732364,target,3,4.47676953125,4.11416162109375,0.2857501941676408
1758560023.8732364,target,4,-2.9499599609375,-2.3322900390625,-1.75719030569927
1758560023.8732364,target,5,1.89251220703125,-5.32323583984375,-1.153447292362508
1758560023.8931334,herder,1,0.9483739013671875,-3.3675029296875,-0.8066762212959362
1758560023.8931334,herder,2,2.630420166015625,3.4646328125,0.09637130270161459
1758560023.8931334,target,1,2.70233447265625,1.5629619140625,-1.4703325694132925
1758560023.8931334,target,2,3.64885107421875,-1.092248779296875,0.14652800534827076
1758560023.8931334,target,3,4.48145849609375,4.11547802734375,0.29134389772124325
1758560023.8931334,target,4,-2.949976318359375,-2.332281005859375,-1.757628129382479
1758560023.8931334,target,5,1.8923651123046874,-5.3225859375,-1.1728091392776565
1758560023.913637,herder,1,0.952471435546875,-3.37154931640625,-0.8066254214981429
1758560023.913637,herder,2,2.63536279296875,3.46525732421875,0.09609325203905351
1758560023.913637,target,1,2.70235546875,1.5604735107421874,-1.4663655246535103
1758560023.913637,target,2,3.651368408203125,-1.0917860107421875,0.1376222531826129
1758560023.913637,target,3,4.48575732421875,4.11682177734375,0.2918073876194579
1758560023.913637,target,4,-2.94996826171875,-2.332290771484375,-1.7578000364308437
1758560023.913637,target,5,1.8935931396484376,-5.3225771484375,-1.1650092730770325
