time,type,id,x,y,yaw
1758645513.767479,herder,1,-0.571520751953125,-1.2669539794921876,-0.3465473322454916
1758645513.767479,herder,2,1.833302490234375,-0.7551050415039062,1.3435202951547713
1758645513.767479,target,1,-0.6693827514648437,-0.7508407592773437,0.16840978522112277
1758645513.767479,target,2,0.37149111938476564,-0.57086474609375,1.4890133128796532
1758645513.767479,target,3,0.04821514511108398,0.0645067138671875,0.434882421522116
1758645513.767479,target,4,-0.10475364685058594,-0.4184503173828125,-1.4249740092012264
1758645513.767479,target,5,2.931080322265625,-0.5183864135742188,1.4358743275429207
1758645513.7875335,herder,1,-0.5715266723632813,-1.26695556640625,-0.34656793845442607
1758645513.7875335,herder,2,1.8332879638671875,-0.7551046752929688,1.343156374191812
1758645513.7875335,target,1,-0.669326904296875,-0.7508589477539063,0.1691053030293106
1758645513.7875335,target,2,0.37146261596679686,-0.570861328125,1.4895475429943232
1758645513.7875335,target,3,0.048239891052246096,0.06448957824707031,0.4346777575923434
1758645513.7875335,target,4,-0.10473623657226562,-0.41846026611328124,-1.4258388707652296
1758645513.7875335,target,5,2.931018798828125,-0.5178184814453125,1.4345612559674572
1758645513.8075626,herder,1,-0.57152099609375,-1.2669356689453124,-0.34649413560271725
1758645513.8075626,herder,2,1.833328857421875,-0.7551217651367188,1.3434153666078221
1758645513.8075626,target,1,-0.6693427734375,-0.7508477783203125,0.16900325402529012
1758645513.8075626,target,2,0.37148190307617185,-0.5708540649414062,1.488047251194227
1758645513.8075626,target,3,0.04825959777832031,0.06449832916259765,0.43584109293551726
1758645513.8075626,target,4,-0.10476641845703125,-0.4185172424316406,-1.4254198223677057
1758645513.8075626,target,5,2.931048583984375,-0.5182081298828125,1.4384658495996767
1758645513.82744,herder,1,-0.571509765625,-1.26693310546875,-0.3464948346825034
1758645513.82744,herder,2,1.833353759765625,-0.7551454467773437,1.3434690293037874
1758645513.82744,target,1,-0.6693416137695313,-0.75084814453125,0.16850847198426702
1758645513.82744,target,2,0.3715270690917969,-0.5708367309570312,1.4875475090156736
1758645513.82744,target,3,0.04819595336914063,0.06446024322509766,0.43472046803832554
1758645513.82744,target,4,-0.10473289489746093,-0.41848406982421876,-1.4256267499844049
1758645513.82744,target,5,2.93121435546875,-0.5180892333984375,1.435369525358296
1758645513.84755,herder,1,-0.5714994506835938,-1.2669376220703126,-0.3464952008671533
1758645513.84755,herder,2,1.833354248046875,-0.7551226196289063,1.3435389372824018
1758645513.84755,target,1,-0.66934521484375,-0.75084130859375,0.17023511583226308
1758645513.84755,target,2,0.37150613403320315,-0.5708731689453125,1.4873905156694134
1758645513.84755,target,3,0.04822795486450195,0.06448110198974609,0.43601899209633455
1758645513.84755,target,4,-0.10477065277099609,-0.4184918212890625,-1.425549385154738
1758645513.84755,target,5,2.93130517578125,-0.517916259765625,1.4360824535821104
1758645513.8674784,herder,1,-0.5714994506835938,-1.2669376220703126,-0.3464952008671533
1758645513.8674784,herder,2,1.833354248046875,-0.7551226196289063,1.3435389372824018
1758645513.8674784,target,1,-0.66934521484375,-0.75084130859375,0.17023511583226308
1758645513.8674784,target,2,0.37150613403320315,-0.5708731689453125,1.4873905156694134
1758645513.8674784,target,3,0.04822795486450195,0.06448110198974609,0.43601899209633455
1758645513.8674784,target,4,-0.10477065277099609,-0.4184918212890625,-1.425549385154738
1758645513.8674784,target,5,2.93130517578125,-0.517916259765625,1.4360824535821104
1758645513.8874404,herder,1,-0.5715115356445313,-1.2669638671875,-0.3464151395868828
1758645513.8874404,herder,2,1.8333699951171876,-0.7551372680664062,1.3437766244096914
1758645513.8874404,target,1,-0.669337646484375,-0.7508093872070313,0.16806062815745657
1758645513.8874404,target,2,0.3715378723144531,-0.5708275146484375,1.487307957675621
1758645513.8874404,target,3,0.0482620735168457,0.06458049774169922,0.43657858882038747
1758645513.8874404,target,4,-0.10473332214355469,-0.4184883117675781,-1.425801187035805
1758645513.8874404,target,5,2.9308935546875,-0.5181845092773437,1.435408806984375
1758645513.907918,herder,1,-0.5715210571289062,-1.26696240234375,-0.3463194988142353
1758645513.907918,herder,2,1.8333902587890625,-0.7551439819335938,1.343474755100131
1758645513.907918,target,1,-0.6693555908203125,-0.75082763671875,0.16817294697643065
1758645513.907918,target,2,0.3715638122558594,-0.5708549194335938,1.486387436044835
1758645513.907918,target,3,0.048252609252929686,0.06452594757080078,0.4364695323737487
1758645513.907918,target,4,-0.10466899871826171,-0.41841387939453123,-1.4235010148023035
1758645513.907918,target,5,2.931189453125,-0.5181796264648437,1.4323951738948413
1758645513.9275126,herder,1,-0.571533935546875,-1.2669404296875,-0.34648324993176155
1758645513.9275126,herder,2,1.8333746337890624,-0.7551268310546875,1.343493530385816
1758645513.9275126,target,1,-0.6693607177734375,-0.7508070678710937,0.16959530802512834
1758645513.9275126,target,2,0.37148806762695313,-0.57084765625,1.489457661307533
1758645513.9275126,target,3,0.04823579406738281,0.06451244354248047,0.43564165545938394
1758645513.9275126,target,4,-0.1046936492919922,-0.4184581298828125,-1.4239721279991386
1758645513.9275126,target,5,2.931091796875,-0.5185008544921875,1.4348131910065787
1758645513.9475396,herder,1,-0.571525146484375,-1.26693115234375,-0.34654410316266987
1758645513.9475396,herder,2,1.8333695068359375,-0.7551036376953125,1.3434952614405247
1758645513.9475396,target,1,-0.6693706665039062,-0.7508416137695313,0.16904158690023044
1758645513.9475396,target,2,0.37147314453125,-0.5708526611328125,1.489456329726988
1758645513.9475396,target,3,0.04821053314208985,0.06447207641601563,0.43512393694347257
1758645513.9475396,target,4,-0.10470674896240234,-0.41845794677734377,-1.4246823930618626
1758645513.9475396,target,5,2.931090576171875,-0.5182346801757812,1.4356924336404684
1758645513.9675362,herder,1,-0.5715203857421876,-1.2669295654296875,-0.34648118598191674
1758645513.9675362,herder,2,1.833321044921875,-0.7551166381835938,1.3434617056107896
1758645513.9675362,target,1,-0.6693568115234375,-0.7508345336914063,0.16907680720564675
1758645513.9675362,target,2,0.3714786376953125,-0.570777099609375,1.4900684573035428
1758645513.9675362,target,3,0.04823306655883789,0.06452794647216797,0.4354891561974633
1758645513.9675362,target,4,-0.10472952270507813,-0.41846347045898435,-1.4249785365750796
1758645513.9675362,target,5,2.931037841796875,-0.5179473876953125,1.4396799847406438
1758645513.9874463,herder,1,-0.5715032958984375,-1.2669552001953126,-0.34649939534587015
1758645513.9874463,herder,2,1.833315185546875,-0.7551184692382813,1.3435208277869894
1758645513.9874463,target,1,-0.66932373046875,-0.7508427734375,0.16887302544798524
1758645513.9874463,target,2,0.37149203491210936,-0.5707718505859375,1.489504666100773
1758645513.9874463,target,3,0.04826343154907226,0.06445841217041015,0.43495186344753983
1758645513.9874463,target,4,-0.10470121765136718,-0.4185010986328125,-1.4264262309436466
1758645513.9874463,target,5,2.930941162109375,-0.5184564208984375,1.4278468942271494
1758645514.007797,herder,1,-0.5714984741210938,-1.2669644775390625,-0.34637625743496764
1758645514.007797,herder,2,1.8333282470703125,-0.75514013671875,1.3435306814830226
1758645514.007797,target,1,-0.6693389892578125,-0.7508340454101563,0.168680079427009
1758645514.007797,target,2,0.3714462890625,-0.5708143310546875,1.4896672520853222
1758645514.007797,target,3,0.048225360870361327,0.06448837280273438,0.4347584846628864
1758645514.007797,target,4,-0.10471644592285156,-0.4184800415039063,-1.4271438196993684
1758645514.007797,target,5,2.930929931640625,-0.5183565673828125,1.432972680377225
1758645514.0274785,herder,1,-0.5715255737304688,-1.2669537353515625,-0.34630561708705326
1758645514.0274785,herder,2,1.833333740234375,-0.7551382446289062,1.3434032492248624
1758645514.0274785,target,1,-0.6693304443359375,-0.7508352661132812,0.16917314705808037
1758645514.0274785,target,2,0.37148519897460935,-0.5708236694335938,1.489638090471386
1758645514.0274785,target,3,0.04823880767822265,0.06448613739013671,0.4347114465801329
1758645514.0274785,target,4,-0.10472599792480469,-0.41847714233398436,-1.425784542278992
1758645514.0274785,target,5,2.931073486328125,-0.5185053100585938,1.4306308296726638
1758645514.0474355,herder,1,-0.571521240234375,-1.2669437255859375,-0.34626676822465174
1758645514.0474355,herder,2,1.8333299560546874,-0.7551109008789062,1.3433144328025082
1758645514.0474355,target,1,-0.6693576049804687,-0.750820068359375,0.16943084118305915
1758645514.0474355,target,2,0.37153399658203123,-0.5707775268554688,1.4904435635430804
1758645514.0474355,target,3,0.048199356079101564,0.06443441772460938,0.4341529816995433
1758645514.0474355,target,4,-0.10470399475097657,-0.418450927734375,-1.4259295514003467
1758645514.0474355,target,5,2.93109912109375,-0.5184909057617187,1.4303121824482357
1758645514.0674446,herder,1,-0.5715206298828125,-1.266927978515625,-0.3462710292823959
1758645514.0674446,herder,2,1.8333148193359374,-0.7551239624023437,1.3434949951244155
1758645514.0674446,target,1,-0.66942041015625,-0.7508790893554688,0.16795773027083863
1758645514.0674446,target,2,0.37157421875,-0.5707781372070313,1.492196855646734
1758645514.0674446,target,3,0.0482186393737793,0.06445803833007813,0.4338126630017448
1758645514.0674446,target,4,-0.10467822265625,-0.4184564514160156,-1.4253741491550107
1758645514.0674446,target,5,2.93122314453125,-0.5182525634765625,1.4303414772202265
1758645514.0875683,herder,1,-0.5715245971679688,-1.2669295654296875,-0.3465245289286578
1758645514.0875683,herder,2,1.833343505859375,-0.7551326904296874,1.3436883406195554
1758645514.0875683,target,1,-0.6693463134765625,-0.75087158203125,0.16871819592011075
1758645514.0875683,target,2,0.3715391235351562,-0.5707633056640625,1.4920640970663936
1758645514.0875683,target,3,0.0482043685913086,0.06444029998779296,0.43382657801844043
1758645514.0875683,target,4,-0.10465310668945313,-0.4184352722167969,-1.4249973118607646
1758645514.0875683,target,5,2.93120458984375,-0.5180711059570312,1.4376911360385727
1758645514.107465,herder,1,-0.5715115356445313,-1.2669407958984376,-0.3464002924638056
1758645514.107465,herder,2,1.833359619140625,-0.75512890625,1.3437320164614326
1758645514.107465,target,1,-0.6693449096679688,-0.75084716796875,0.1683836695976832
1758645514.107465,target,2,0.3714868469238281,-0.57080126953125,1.4923907337740918
1758645514.107465,target,3,0.048224308013916015,0.0644805450439453,0.435057857258925
1758645514.107465,target,4,-0.10468076324462891,-0.4184532470703125,-1.42475829315293
1758645514.107465,target,5,2.931124267578125,-0.5181904296875,1.4335010515374966
1758645514.127656,herder,1,-0.5715003051757812,-1.2669378662109374,-0.34648131913997127
1758645514.127656,herder,2,1.8333424072265625,-0.7551378173828125,1.343594996823348
1758645514.127656,target,1,-0.6693259887695312,-0.75082568359375,0.16851223369930676
1758645514.127656,target,2,0.37145620727539064,-0.5708340454101563,1.48814578815456
1758645514.127656,target,3,0.048252490997314455,0.06453554534912109,0.4360688597877463
1758645514.127656,target,4,-0.10465328979492187,-0.4184277038574219,-1.424155619798245
1758645514.127656,target,5,2.9309931640625,-0.5180718383789062,1.4393564106681993
1758645514.1474195,herder,1,-0.571516845703125,-1.2669461669921875,-0.3463945000884347
1758645514.1474195,herder,2,1.83334423828125,-0.7551321411132812,1.343379680249215
1758645514.1474195,target,1,-0.6693425903320313,-0.7508177490234375,0.1691606468457138
1758645514.1474195,target,2,0.3714388122558594,-0.5708427124023437,1.4886659035154524
1758645514.1474195,target,3,0.0482545166015625,0.06451876068115234,0.4364356769383911
1758645514.1474195,target,4,-0.10467724609375,-0.4184554138183594,-1.4243303231657543
1758645514.1474195,target,5,2.930998046875,-0.5183477172851563,1.4389789075836805
1758645514.167431,herder,1,-0.5715101928710937,-1.2669527587890625,-0.34646820307160264
1758645514.167431,herder,2,1.8333309326171876,-0.7550980224609375,1.3436036520968908
1758645514.167431,target,1,-0.6693757934570312,-0.7508154296875,0.16806818487704966
1758645514.167431,target,2,0.3714700012207031,-0.57084619140625,1.4904346419534285
1758645514.167431,target,3,0.04825425338745117,0.0645000991821289,0.435395013452929
1758645514.167431,target,4,-0.10473841094970703,-0.4184942932128906,-1.4252571032251018
1758645514.167431,target,5,2.9310673828125,-0.51817626953125,1.4385571960250665
1758645514.1875477,herder,1,-0.5715225219726563,-1.266937744140625,-0.34640898102686196
1758645514.1875477,herder,2,1.8333077392578125,-0.7551050415039062,1.3435221593675344
1758645514.1875477,target,1,-0.6693316650390625,-0.7508499145507812,0.16993216461350977
1758645514.1875477,target,2,0.3714855041503906,-0.5708246459960937,1.4907777902598853
1758645514.1875477,target,3,0.04825349807739258,0.06447068786621094,0.43531505204119936
1758645514.1875477,target,4,-0.10477484130859376,-0.4185311584472656,-1.425864836585858
1758645514.1875477,target,5,2.930923583984375,-0.5184972534179687,1.4316084761088317
1758645514.207638,herder,1,-0.5715192260742188,-1.2669290771484376,-0.3464034882571137
1758645514.207638,herder,2,1.8333165283203126,-0.7551004028320313,1.3433683618145824
1758645514.207638,target,1,-0.6692968139648438,-0.7508126831054688,0.16976220500169226
1758645514.207638,target,2,0.37146868896484375,-0.5708157348632813,1.491793919373805
1758645514.207638,target,3,0.048210853576660155,0.06450720977783203,0.43573296859526006
1758645514.207638,target,4,-0.10477651214599609,-0.4185104675292969,-1.4255608367474253
1758645514.207638,target,5,2.93106884765625,-0.5183910522460937,1.4309694506052673
1758645514.2275102,herder,1,-0.5715090942382812,-1.2669373779296875,-0.34647469452675966
1758645514.2275102,herder,2,1.833302734375,-0.7551010131835938,1.3434431966412135
1758645514.2275102,target,1,-0.6693180541992187,-0.7508856201171875,0.1693398276528057
1758645514.2275102,target,2,0.3715086975097656,-0.570805908203125,1.4911660791468189
1758645514.2275102,target,3,0.04820285415649414,0.06450817108154297,0.43493681658738087
1758645514.2275102,target,4,-0.10480461120605469,-0.41852630615234376,-1.426090006856024
1758645514.2275102,target,5,2.93108935546875,-0.5183739013671875,1.4340424721871097
1758645514.2474234,herder,1,-0.5714962158203125,-1.2669500732421874,-0.3465741968829878
1758645514.2474234,herder,2,1.83333544921875,-0.7551229248046875,1.3434477240150666
1758645514.2474234,target,1,-0.669306396484375,-0.7508336181640625,0.16914646551290913
1758645514.2474234,target,2,0.37145138549804685,-0.5708680419921875,1.4871670764539557
1758645514.2474234,target,3,0.04822053909301758,0.06449755859375,0.4349861849360882
1758645514.2474234,target,4,-0.10476981353759765,-0.4184999389648438,-1.4266025322078097
1758645514.2474234,target,5,2.93102783203125,-0.5183218994140625,1.4339652405154975
1758645514.267429,herder,1,-0.571504638671875,-1.2669627685546876,-0.34651733839371457
1758645514.267429,herder,2,1.833347412109375,-0.7551182250976562,1.3434325439968533
1758645514.267429,target,1,-0.6693495483398437,-0.7508463134765625,0.16941714254820206
1758645514.267429,target,2,0.3714485778808594,-0.5708701782226563,1.4898571354710448
1758645514.267429,target,3,0.048220752716064456,0.06453114318847657,0.4362819459644663
1758645514.267429,target,4,-0.10475997924804688,-0.4184924621582031,-1.426959795268044
1758645514.267429,target,5,2.931132080078125,-0.518448486328125,1.432001159211564
1758645514.2875865,herder,1,-0.5715238037109375,-1.2669595947265626,-0.3465337834134458
1758645514.2875865,herder,2,1.8333505859375,-0.7551210327148438,1.3436414689843699
1758645514.2875865,target,1,-0.669316650390625,-0.7508471069335938,0.16947916091208728
1758645514.2875865,target,2,0.37143008422851564,-0.5708588256835937,1.4907253259864106
1758645514.2875865,target,3,0.04827304077148437,0.06458277893066407,0.4365083479466366
1758645514.2875865,target,4,-0.10467966461181641,-0.4184096374511719,-1.423191422325582
1758645514.2875865,target,5,2.931027587890625,-0.5184878540039063,1.4322062226155001
1758645514.3075926,herder,1,-0.5715322265625,-1.2669486083984376,-0.34635092411509827
1758645514.3075926,herder,2,1.8333533935546875,-0.755124267578125,1.343660510586164
1758645514.3075926,target,1,-0.669330322265625,-0.7508168334960937,0.16895563337604813
1758645514.3075926,target,2,0.37147198486328126,-0.5708281860351563,1.4900898957503177
1758645514.3075926,target,3,0.04827177810668945,0.06462397003173828,0.43665578720248616
1758645514.3075926,target,4,-0.1047168960571289,-0.4184224853515625,-1.4235147300819175
1758645514.3075926,target,5,2.93121630859375,-0.5181575927734375,1.4343279630559662
1758645514.3274424,herder,1,-0.5715257568359375,-1.2669300537109376,-0.3464145403756375
1758645514.3274424,herder,2,1.8333814697265625,-0.75513427734375,1.3435515872975798
1758645514.3274424,target,1,-0.6693456420898437,-0.7508231811523437,0.1682909749469916
1758645514.3274424,target,2,0.37149508666992187,-0.5708455810546875,1.490210403789644
1758645514.3274424,target,3,0.0482735595703125,0.06468402862548828,0.43673757953746517
1758645514.3274424,target,4,-0.10472372436523437,-0.41847711181640623,-1.4250154213561772
1758645514.3274424,target,5,2.93103857421875,-0.5182394409179687,1.4376380059748257
1758645514.3474433,herder,1,-0.5715188598632812,-1.26693310546875,-0.3466184386465967
1758645514.3474433,herder,2,1.833384521484375,-0.75510009765625,1.343456778762773
1758645514.3474433,target,1,-0.6693367309570313,-0.7508386840820312,0.1675014641970808
1758645514.3474433,target,2,0.37154736328125,-0.570850830078125,1.489243942630054
1758645514.3474433,target,3,0.04828738021850586,0.06463618469238282,0.4371803633582045
1758645514.3474433,target,4,-0.10474352264404296,-0.41850033569335937,-1.4237103392639838
1758645514.3474433,target,5,2.931092529296875,-0.5183360595703125,1.4365280004324807
1758645514.367417,herder,1,-0.5714960327148437,-1.2669326171875,-0.3465666734529083
1758645514.367417,herder,2,1.8333472900390626,-0.7551206665039063,1.3434384029512514
1758645514.367417,target,1,-0.6693643188476562,-0.7508343505859375,0.1686609878909445
1758645514.367417,target,2,0.3715523376464844,-0.57085009765625,1.4896681841917037
1758645514.367417,target,3,0.048285282135009766,0.06453121948242188,0.43749944334630964
1758645514.367417,target,4,-0.10476453399658203,-0.41850125122070314,-1.4251436525626644
1758645514.367417,target,5,2.931122802734375,-0.5183722534179688,1.438168640822024
1758645514.3875387,herder,1,-0.5714950561523438,-1.266947265625,-0.3463951991682208
1758645514.3875387,herder,2,1.8333594970703124,-0.7551365356445312,1.3433578423282766
1758645514.3875387,target,1,-0.6693161010742188,-0.7508499145507812,0.16969034958653056
1758645514.3875387,target,2,0.3715020751953125,-0.5708179321289063,1.4904190624610516
1758645514.3875387,target,3,0.04824962997436524,0.06453437805175781,0.4377863323747384
1758645514.3875387,target,4,-0.10475299072265624,-0.41848406982421876,-1.426756329760762
1758645514.3875387,target,5,2.93114453125,-0.518341552734375,1.4353511495467746
1758645514.407582,herder,1,-0.5715029907226562,-1.26694970703125,-0.3464274234174108
1758645514.407582,herder,2,1.8333427734375,-0.7551227416992188,1.3433095059544915
1758645514.407582,target,1,-0.66929296875,-0.7508299560546875,0.16881873025126126
1758645514.407582,target,2,0.3715257263183594,-0.5708150634765625,1.4914433142162962
1758645514.407582,target,3,0.048221038818359374,0.06452852630615234,0.43602009065028424
1758645514.407582,target,4,-0.10469276428222657,-0.41848287963867187,-1.4260105114974853
1758645514.407582,target,5,2.9310986328125,-0.51839892578125,1.4360117466551687
1758645514.4275486,herder,1,-0.5715026245117187,-1.266945068359375,-0.3462693980962282
1758645514.4275486,herder,2,1.8333314208984375,-0.7551290893554687,1.3435364072793663
1758645514.4275486,target,1,-0.6692763671875,-0.75081982421875,0.1698246394844978
1758645514.4275486,target,2,0.371526123046875,-0.5708289184570312,1.490429715105412
1758645514.4275486,target,3,0.04822965621948242,0.06448104095458984,0.4350650810833818
1758645514.4275486,target,4,-0.10470377349853516,-0.41848666381835936,-1.4267411497425484
1758645514.4275486,target,5,2.931076904296875,-0.5180693969726563,1.4252955859028535
1758645514.4474933,herder,1,-0.5715242309570312,-1.266939697265625,-0.3464394076423161
1758645514.4474933,herder,2,1.8333499755859375,-0.7551180419921875,1.343654917947875
1758645514.4474933,target,1,-0.6692510375976563,-0.7508253784179687,0.17111529057253427
1758645514.4474933,target,2,0.3715226135253906,-0.5707693481445313,1.4926610446247348
1758645514.4474933,target,3,0.04824668502807617,0.06451763153076172,0.4351054279738965
1758645514.4474933,target,4,-0.10467463684082032,-0.4184595947265625,-1.4273271783404204
1758645514.4474933,target,5,2.93094677734375,-0.5182979736328125,1.4354520833520887
1758645514.4674432,herder,1,-0.571522216796875,-1.2669306640625,-0.34659783243766223
1758645514.4674432,herder,2,1.8333807373046875,-0.7551565551757813,1.3438342818472917
1758645514.4674432,target,1,-0.66925439453125,-0.750825927734375,0.17076753166844036
1758645514.4674432,target,2,0.3715395202636719,-0.5707796630859375,1.4936799700577992
1758645514.4674432,target,3,0.048244663238525394,0.06456511688232422,0.4366240622960006
1758645514.4674432,target,4,-0.10473674774169922,-0.41848614501953124,-1.4249218112438609
1758645514.4674432,target,5,2.931046142578125,-0.5182948608398438,1.4351334361276606
1758645514.4874885,herder,1,-0.5715126953125,-1.2669295654296875,-0.34643291618715905
1758645514.4874885,herder,2,1.8333709716796875,-0.755132080078125,1.343459175607754
1758645514.4874885,target,1,-0.669296875,-0.7508214721679688,0.16989586239890062
1758645514.4874885,target,2,0.3714720458984375,-0.5708657836914063,1.488938211736913
1758645514.4874885,target,3,0.04825090408325195,0.06454437255859374,0.4374866268835636
1758645514.4874885,target,4,-0.1047455596923828,-0.4184618225097656,-1.4259994593789613
1758645514.4874885,target,5,2.9309755859375,-0.5180993041992188,1.4436447658134994
1758645514.5076547,herder,1,-0.5715057983398437,-1.26694189453125,-0.3464889757281052
1758645514.5076547,herder,2,1.8333441162109374,-0.755137939453125,1.343464235613825
1758645514.5076547,target,1,-0.669277587890625,-0.7508175659179688,0.17011595601823884
1758645514.5076547,target,2,0.3714866027832031,-0.57082470703125,1.4883555120904037
1758645514.5076547,target,3,0.04827504348754883,0.0645753173828125,0.43769212305117683
1758645514.5076547,target,4,-0.10472985076904297,-0.41845782470703125,-1.426757395025198
1758645514.5076547,target,5,2.93100390625,-0.5183429565429688,1.440424338265321
1758645514.5275807,herder,1,-0.5715034790039063,-1.266951904296875,-0.3464372771134441
1758645514.5275807,herder,2,1.8333582763671874,-0.7551536254882812,1.3438278902606755
1758645514.5275807,target,1,-0.6692726440429687,-0.750823486328125,0.17144595531138124
1758645514.5275807,target,2,0.3714259033203125,-0.5708256225585937,1.490549956828629
1758645514.5275807,target,3,0.048261470794677734,0.06451716613769531,0.4353853927834911
1758645514.5275807,target,4,-0.104721435546875,-0.41841543579101564,-1.4263786935181886
1758645514.5275807,target,5,2.931173095703125,-0.5181566162109374,1.4362470369374774
1758645514.5474195,herder,1,-0.5715178833007812,-1.2669564208984374,-0.34655895028574707
1758645514.5474195,herder,2,1.833348388671875,-0.7551110229492187,1.3433828760425233
1758645514.5474195,target,1,-0.6692828369140625,-0.7508221435546875,0.17149267714375532
1758645514.5474195,target,2,0.3714405517578125,-0.570885009765625,1.489210386800319
1758645514.5474195,target,3,0.04822776031494141,0.06454016876220703,0.435033822230087
1758645514.5474195,target,4,-0.10471503448486329,-0.41845199584960935,-1.4265356868644488
1758645514.5474195,target,5,2.931051513671875,-0.5183153076171875,1.438202729283977
1758645514.5674381,herder,1,-0.5715169677734375,-1.2669473876953126,-0.34647556005411395
1758645514.5674381,herder,2,1.833342041015625,-0.7551129760742188,1.3435040498721218
1758645514.5674381,target,1,-0.6692619018554687,-0.750788818359375,0.17001295826308002
1758645514.5674381,target,2,0.37149737548828127,-0.5708330688476563,1.4902361032941631
1758645514.5674381,target,3,0.04822805023193359,0.0644521713256836,0.4360030464193077
1758645514.5674381,target,4,-0.10471699523925782,-0.4184637451171875,-1.4258889381937232
1758645514.5674381,target,5,2.931037841796875,-0.51821337890625,1.440189980089394
1758645514.5875986,herder,1,-0.571529541015625,-1.2669425048828125,-0.34667416529240663
1758645514.5875986,herder,2,1.8332938232421876,-0.7550921630859375,1.343270224328413
1758645514.5875986,target,1,-0.6692923583984375,-0.750828369140625,0.17010520350533764
1758645514.5875986,target,2,0.3714631652832031,-0.5708316040039062,1.4903068102211048
1758645514.5875986,target,3,0.048242332458496094,0.06446443176269531,0.4359332050197204
1758645514.5875986,target,4,-0.10477846527099609,-0.4184952087402344,-1.4254204881579782
1758645514.5875986,target,5,2.93102001953125,-0.5181033325195312,1.4346968108669422
1758645514.6076236,herder,1,-0.5715111694335937,-1.266921875,-0.34649936205635656
1758645514.6076236,herder,2,1.8333165283203126,-0.7551060791015625,1.343142392596089
1758645514.6076236,target,1,-0.6692759399414062,-0.7508421630859375,0.16952664840327475
1758645514.6076236,target,2,0.37150485229492186,-0.5708269653320313,1.491354231477833
1758645514.6076236,target,3,0.04824515151977539,0.064537841796875,0.4357463509797377
1758645514.6076236,target,4,-0.10477186584472656,-0.41847695922851563,-1.4273226509665673
1758645514.6076236,target,5,2.9310693359375,-0.5182839965820313,1.4338025213728935
1758645514.627468,herder,1,-0.5715111694335937,-1.266921875,-0.34649936205635656
1758645514.627468,herder,2,1.8333165283203126,-0.7551060791015625,1.343142392596089
1758645514.627468,target,1,-0.6692759399414062,-0.7508421630859375,0.16952664840327475
1758645514.627468,target,2,0.37150485229492186,-0.5708269653320313,1.491354231477833
1758645514.627468,target,3,0.04824515151977539,0.064537841796875,0.4357463509797377
1758645514.627468,target,4,-0.10477186584472656,-0.41847695922851563,-1.4273226509665673
1758645514.627468,target,5,2.9310693359375,-0.5182839965820313,1.4338025213728935
1758645514.6474333,herder,1,-0.5715048828125,-1.2669422607421874,-0.3463396722594927
1758645514.6474333,herder,2,1.8333616943359374,-0.7551297607421875,1.3436558500542564
1758645514.6474333,target,1,-0.6692701416015625,-0.750825439453125,0.17057698249244518
1758645514.6474333,target,2,0.3714593811035156,-0.5708544311523438,1.4896117251765941
1758645514.6474333,target,3,0.048264656066894535,0.06457270812988282,0.43647648988209653
1758645514.6474333,target,4,-0.10476046752929688,-0.4184904174804687,-1.4253106327630123
1758645514.6474333,target,5,2.93120751953125,-0.518120849609375,1.4408995793618458
1758645514.6675255,herder,1,-0.5715021362304687,-1.266932373046875,-0.3464664387273804
1758645514.6675255,herder,2,1.833351806640625,-0.7551290283203125,1.3433200254407973
1758645514.6675255,target,1,-0.6692784423828125,-0.7508374633789062,0.1697113885591422
1758645514.6675255,target,2,0.37150054931640625,-0.5708579711914062,1.4903540813304537
1758645514.6675255,target,3,0.04823614883422851,0.06455324554443359,0.4353134208550317
1758645514.6675255,target,4,-0.10477096557617188,-0.4185179443359375,-1.426423434624502
1758645514.6675255,target,5,2.9310712890625,-0.5182451782226563,1.4367940502253795
1758645514.687521,herder,1,-0.5715064086914062,-1.26694384765625,-0.346535281441559
1758645514.687521,herder,2,1.833355712890625,-0.7551119995117187,1.3433093727964371
1758645514.687521,target,1,-0.6693219604492188,-0.7508187255859375,0.16946512938209393
1758645514.687521,target,2,0.37149407958984376,-0.5708766479492188,1.4884881375126897
1758645514.687521,target,3,0.048215984344482425,0.06451834869384766,0.43558852539563686
1758645514.687521,target,4,-0.10473214721679687,-0.4185033264160156,-1.4250006408121272
1758645514.687521,target,5,2.93113427734375,-0.51828955078125,1.4379859479712445
1758645514.7075536,herder,1,-0.5715216674804687,-1.2669580078125,-0.3464643081985084
1758645514.7075536,herder,2,1.8333458251953125,-0.7551068725585938,1.34344546032814
1758645514.7075536,target,1,-0.6692665405273438,-0.7508499755859375,0.16966443370017273
1758645514.7075536,target,2,0.37148974609375,-0.5708489379882813,1.491908834774842
1758645514.7075536,target,3,0.04827693176269531,0.06454679870605469,0.43586769125690444
1758645514.7075536,target,4,-0.10475856018066407,-0.41848663330078123,-1.426338080311565
1758645514.7075536,target,5,2.93106298828125,-0.5182155151367187,1.4390160586808871
1758645514.7274613,herder,1,-0.57151513671875,-1.266931396484375,-0.34653831078729896
1758645514.7274613,herder,2,1.833336181640625,-0.7551200561523438,1.3434064450181704
1758645514.7274613,target,1,-0.6692919921875,-0.7508336791992187,0.16996661926011267
1758645514.7274613,target,2,0.37148492431640623,-0.57086669921875,1.489053659770168
1758645514.7274613,target,3,0.04824889755249023,0.06456293487548828,0.4380544461174821
1758645514.7274613,target,4,-0.10480268859863281,-0.4185331726074219,-1.4263556571747595
1758645514.7274613,target,5,2.931096435546875,-0.5182966918945312,1.4382860862260964
1758645514.747519,herder,1,-0.5715048828125,-1.2669324951171874,-0.3465356809157225
1758645514.747519,herder,2,1.8333597412109375,-0.7551236572265625,1.3435161672550817
1758645514.747519,target,1,-0.669296630859375,-0.7508290405273438,0.17052836315779443
1758645514.747519,target,2,0.37147686767578125,-0.5708878784179687,1.4895957462100535
1758645514.747519,target,3,0.04821113204956055,0.06446720886230468,0.43619406164849367
1758645514.747519,target,4,-0.10471924591064453,-0.4184716796875,-1.4269158531100576
1758645514.747519,target,5,2.931083740234375,-0.518336669921875,1.439586507786382
1758645514.7674017,herder,1,-0.5714961547851563,-1.2669359130859374,-0.3463484939806036
1758645514.7674017,herder,2,1.8333287353515626,-0.7551194458007813,1.3434740893098585
1758645514.7674017,target,1,-0.6692806396484375,-0.7508125610351563,0.16966713015077642
1758645514.7674017,target,2,0.37146395874023436,-0.570887451171875,1.4894853581828698
1758645514.7674017,target,3,0.048250934600830075,0.06446729278564453,0.435365019601152
1758645514.7674017,target,4,-0.10473905181884766,-0.4184749755859375,-1.4261347479623374
1758645514.7674017,target,5,2.9310947265625,-0.5179732666015625,1.4378229625125316
1758645514.7876642,herder,1,-0.571505126953125,-1.2669598388671874,-0.34631130959388334
1758645514.7876642,herder,2,1.8333487548828125,-0.7551356201171875,1.343660244270055
1758645514.7876642,target,1,-0.6692694091796875,-0.750815673828125,0.1707929648568506
1758645514.7876642,target,2,0.3714915771484375,-0.5708780517578125,1.4881923934736363
1758645514.7876642,target,3,0.048284709930419924,0.06451407623291015,0.4353305982440627
1758645514.7876642,target,4,-0.10469886016845703,-0.41846551513671876,-1.4264495336031848
1758645514.7876642,target,5,2.931044921875,-0.518331787109375,1.4355809803488484
1758645514.807543,herder,1,-0.5715149536132812,-1.2669669189453125,-0.346641108805376
1758645514.807543,herder,2,1.8333316650390625,-0.7551343994140625,1.3437337475161413
1758645514.807543,target,1,-0.6692672119140625,-0.7508135986328125,0.17156365038680593
1758645514.807543,target,2,0.3714822082519531,-0.5708804321289063,1.4887094461992751
1758645514.807543,target,3,0.048229076385498046,0.0644509735107422,0.435533065065936
1758645514.807543,target,4,-0.1047146224975586,-0.41843011474609376,-1.4266595238551376
1758645514.807543,target,5,2.9312392578125,-0.5182398071289063,1.4333251497474968
1758645514.8274302,herder,1,-0.5714769897460937,-1.2669014892578125,-0.35087932994315535
1758645514.8274302,herder,2,1.833294677734375,-0.7551133422851563,1.3434418650606685
1758645514.8274302,target,1,-0.6692818603515625,-0.7508104858398438,0.17091110934070924
1758645514.8274302,target,2,0.37146200561523435,-0.570892578125,1.4880323374921225
1758645514.8274302,target,3,0.04823882293701172,0.06443418884277344,0.435194211106737
1758645514.8274302,target,4,-0.10474372863769531,-0.41846466064453125,-1.4252421895229974
1758645514.8274302,target,5,2.93103955078125,-0.5182688598632812,1.4395509545858296
1758645514.8474414,herder,1,-0.5714849243164063,-1.266250244140625,-0.3617515186458357
1758645514.8474414,herder,2,1.8333258056640624,-0.7551237182617188,1.343254112203818
1758645514.8474414,target,1,-0.66933642578125,-0.750822265625,0.16996626972021958
1758645514.8474414,target,2,0.37141680908203123,-0.5708588256835937,1.4910034931622695
1758645514.8474414,target,3,0.04825720977783203,0.06444770050048829,0.43510343060307893
1758645514.8474414,target,4,-0.10475517272949218,-0.41848504638671874,-1.42526029901841
1758645514.8474414,target,5,2.931062744140625,-0.5180604248046875,1.4394376370814468
1758645514.8674319,herder,1,-0.5715955200195313,-1.265800048828125,-0.3760775276767262
1758645514.8674319,herder,2,1.833322265625,-0.7550932006835938,1.3433498528450063
1758645514.8674319,target,1,-0.6692894897460937,-0.7507938842773437,0.17030718762926336
1758645514.8674319,target,2,0.3714510192871094,-0.5708536987304688,1.490536241549015
1758645514.8674319,target,3,0.04825192260742187,0.06449546051025391,0.4350794288637546
1758645514.8674319,target,4,-0.10472573852539062,-0.41848910522460936,-1.424927936514368
1758645514.8674319,target,5,2.9310478515625,-0.5183624877929688,1.4387928857815386
1758645514.8874626,herder,1,-0.5714157104492188,-1.2654825439453126,-0.39353201861916004
1758645514.8874626,herder,2,1.833352294921875,-0.7551092529296874,1.3433808786717056
1758645514.8874626,target,1,-0.6692855834960938,-0.7508226318359374,0.17036895632179638
1758645514.8874626,target,2,0.37147567749023436,-0.57087939453125,1.4886379403240066
1758645514.8874626,target,3,0.048244747161865234,0.06451277160644531,0.4356382932185077
1758645514.8874626,target,4,-0.10469662475585938,-0.41847247314453123,-1.4248740075022939
1758645514.8874626,target,5,2.930741943359375,-0.51788916015625,1.440487987815374
1758645514.9075623,herder,1,-0.5713799438476562,-1.2649322509765626,-0.41452481867538676
1758645514.9075623,herder,2,1.83333544921875,-0.7551403198242187,1.3433158975411077
1758645514.9075623,target,1,-0.6693068237304688,-0.7508362426757812,0.17028506674745889
1758645514.9075623,target,2,0.371461669921875,-0.57086083984375,1.4894924155597584
1758645514.9075623,target,3,0.04825776290893555,0.06447618103027344,0.43597608191327064
1758645514.9075623,target,4,-0.10472579956054688,-0.4185007019042969,-1.425848724461263
1758645514.9075623,target,5,2.930985595703125,-0.5182145385742187,1.4294700909115527
1758645514.9274368,herder,1,-0.5718591918945313,-1.2640140380859375,-0.4387270940298089
1758645514.9274368,herder,2,1.833324951171875,-0.7551380004882813,1.3433952597415921
1758645514.9274368,target,1,-0.6693208618164063,-0.7508070678710937,0.17068685453216778
1758645514.9274368,target,2,0.37148248291015623,-0.57087255859375,1.4909283920195293
1758645514.9274368,target,3,0.04821763610839844,0.06447517395019531,0.4368386465008337
1758645514.9274368,target,4,-0.10476315307617187,-0.4185420227050781,-1.4254116997263808
1758645514.9274368,target,5,2.93085205078125,-0.5183878784179687,1.4366640879641837
1758645514.947447,herder,1,-0.5715147094726563,-1.26319580078125,-0.4660023243870462
1758645514.947447,herder,2,1.8333101806640626,-0.755086669921875,1.343288200665771
1758645514.947447,target,1,-0.669332275390625,-0.7508587036132812,0.16983146383479114
1758645514.947447,target,2,0.3714655456542969,-0.5708427734375,1.4892825584658602
1758645514.947447,target,3,0.04821232604980469,0.0645315933227539,0.43668957605881653
1758645514.947447,target,4,-0.1047721176147461,-0.4185306396484375,-1.4263856177370229
1758645514.947447,target,5,2.9308544921875,-0.5182998046875,1.4375755548472633
1758645514.9675016,herder,1,-0.5709351196289062,-1.262749755859375,-0.4950592760925737
1758645514.9675016,herder,2,1.8332999267578125,-0.7550836791992187,1.3434309461001992
1758645514.9675016,target,1,-0.6693402099609375,-0.7508533935546875,0.16894103592432314
1758645514.9675016,target,2,0.3714706726074219,-0.5708492431640625,1.4896483436415826
1758645514.9675016,target,3,0.048215740203857424,0.064486572265625,0.43472010185367566
1758645514.9675016,target,4,-0.10474275970458985,-0.4185161437988281,-1.4253278101520435
1758645514.9675016,target,5,2.93095068359375,-0.5182404174804688,1.4360254619347828
1758645514.9875474,herder,1,-0.5704605102539062,-1.2618394775390624,-0.5269731005679701
1758645514.9875474,herder,2,1.8333309326171876,-0.7550873413085938,1.3436992595800246
1758645514.9875474,target,1,-0.6693473510742187,-0.75082421875,0.16977011126117844
1758645514.9875474,target,2,0.37151019287109377,-0.5707982177734375,1.492040394932692
1758645514.9875474,target,3,0.048251274108886716,0.06447315216064453,0.4356686865444483
1758645514.9875474,target,4,-0.10476118469238281,-0.4184973449707031,-1.4262820207706188
1758645514.9875474,target,5,2.930913330078125,-0.5182948608398438,1.4355723250753056
1758645515.0075285,herder,1,-0.5708269653320313,-1.260439208984375,-0.5611031411235032
1758645515.0075285,herder,2,1.83335498046875,-0.7550963134765625,1.3435675662641202
1758645515.0075285,target,1,-0.669361328125,-0.7508341674804687,0.17006786931580611
1758645515.0075285,target,2,0.37155593872070314,-0.5707814331054688,1.4935727778239234
1758645515.0075285,target,3,0.048226882934570316,0.0644625473022461,0.4356950185497264
1758645515.0075285,target,4,-0.104746337890625,-0.4184751586914062,-1.4263089186976285
1758645515.0075285,target,5,2.931059814453125,-0.5182551879882813,1.4311991482492865
1758645515.0274425,herder,1,-0.5702744140625,-1.259677978515625,-0.5959877550843967
1758645515.0274425,herder,2,1.8333712158203126,-0.7551153564453125,1.3436105763157251
1758645515.0274425,target,1,-0.6693350219726563,-0.750824462890625,0.16900109020690443
1758645515.0274425,target,2,0.37152642822265625,-0.5707980346679687,1.4912899161375075
1758645515.0274425,target,3,0.04821438598632812,0.06443830871582032,0.43545513431453753
1758645515.0274425,target,4,-0.10473610687255859,-0.41845947265625,-1.425816766528182
1758645515.0274425,target,5,2.9309765625,-0.5181641845703125,1.4347024035052314
1758645515.047549,herder,1,-0.5693599853515625,-1.2596441650390624,-0.6309057917169706
1758645515.047549,herder,2,1.833364013671875,-0.7551289672851562,1.3436410695102063
1758645515.047549,target,1,-0.6693114013671875,-0.7508145141601562,0.16972237409863877
1758645515.047549,target,2,0.37153436279296875,-0.5708093872070312,1.4931796952470278
1758645515.047549,target,3,0.048248401641845705,0.0644910888671875,0.4350919790103916
1758645515.047549,target,4,-0.10479310607910156,-0.4185218505859375,-1.4265223710589985
1758645515.047549,target,5,2.9310908203125,-0.5183773193359374,1.4378726304668616
1758645515.0677886,herder,1,-0.569712158203125,-1.2582225341796875,-0.6635076105704754
1758645515.0677886,herder,2,1.8333564453125,-0.7551096801757813,1.3433690276048549
1758645515.0677886,target,1,-0.6692984619140625,-0.7508043212890625,0.17090774709983303
1758645515.0677886,target,2,0.3715477294921875,-0.5708010864257812,1.493962664607511
1758645515.0677886,target,3,0.04825683212280273,0.06452323150634766,0.4354466121990493
1758645515.0677886,target,4,-0.1047656478881836,-0.41850518798828124,-1.4262977334210503
1758645515.0677886,target,5,2.931094482421875,-0.5183953247070312,1.4379711674271947
1758645515.087571,herder,1,-0.570412841796875,-1.2566358642578126,-0.6961907224162548
1758645515.087571,herder,2,1.833376220703125,-0.7551002807617188,1.3435194962064443
1758645515.087571,target,1,-0.6693200073242187,-0.7508333740234375,0.17047549941015636
1758645515.087571,target,2,0.3715228576660156,-0.5707752075195313,1.4942502860052396
1758645515.087571,target,3,0.04824882888793945,0.06457772064208984,0.43610298153921295
1758645515.087571,target,4,-0.10478318786621094,-0.4184779052734375,-1.4264452725454406
1758645515.087571,target,5,2.931119140625,-0.518256591796875,1.4369256103832295
1758645515.1077995,herder,1,-0.5694185180664062,-1.255941162109375,-0.7302042163845833
1758645515.1077995,herder,2,1.8333189697265626,-0.75511328125,1.3431905958118195
1758645515.1077995,target,1,-0.66929931640625,-0.7508096313476562,0.16949394145613722
1758645515.1077995,target,2,0.3715323486328125,-0.57079150390625,1.4931490688944917
1758645515.1077995,target,3,0.048295585632324216,0.064546142578125,0.43722859986344853
1758645515.1077995,target,4,-0.10476194763183594,-0.4184654846191406,-1.4264885489131545
1758645515.1077995,target,5,2.930931884765625,-0.5183264770507813,1.440404764031309
1758645515.1274328,herder,1,-0.5682535400390625,-1.255830322265625,-0.7657271900587688
1758645515.1274328,herder,2,1.8333275146484376,-0.75513134765625,1.3428988465144014
1758645515.1274328,target,1,-0.6693150634765626,-0.7508201293945312,0.17021943647134524
1758645515.1274328,target,2,0.37155267333984376,-0.57076318359375,1.492415900646393
1758645515.1274328,target,3,0.04825319290161133,0.06457905578613281,0.43635874487240145
1758645515.1274328,target,4,-0.10472119140625,-0.41848666381835936,-1.4271426212768779
1758645515.1274328,target,5,2.93103759765625,-0.5182752685546875,1.438113912861623
1758645515.147456,herder,1,-0.5677907104492188,-1.2551082763671875,-0.8024939931200757
1758645515.147456,herder,2,1.8332586669921875,-0.7551678466796875,1.339476551355595
1758645515.147456,target,1,-0.6692920532226563,-0.750828369140625,0.1698132378260809
1758645515.147456,target,2,0.3716368103027344,-0.5706874389648438,1.4944261877952394
1758645515.147456,target,3,0.04826466369628906,0.06456346130371093,0.43577561246221497
1758645515.147456,target,4,-0.10471642303466797,-0.41845791625976564,-1.4287700790190254
1758645515.147456,target,5,2.93087841796875,-0.5182803955078125,1.4413210246043509
1758645515.1679187,herder,1,-0.5671229248046875,-1.2538795166015626,-0.8409530353170462
1758645515.1679187,herder,2,1.8328309326171874,-0.7558950805664062,1.332046065598165
1758645515.1679187,target,1,-0.6692822265625,-0.7508175048828125,0.1700942679001115
1758645515.1679187,target,2,0.3716552734375,-0.5707047729492187,1.4935034024775269
1758645515.1679187,target,3,0.04822822952270508,0.0644149169921875,0.4351794638522007
1758645515.1679187,target,4,-0.10471553802490234,-0.41845217895507814,-1.4281993635974213
1758645515.1679187,target,5,2.931006591796875,-0.51820947265625,1.440456296198402
1758645515.1878257,herder,1,-0.5662725219726562,-1.2533699951171875,-0.8804129600306958
1758645515.1878257,herder,2,1.8322913818359374,-0.7570801391601563,1.3220769215316168
1758645515.1878257,target,1,-0.6693284912109375,-0.7508019409179687,0.1708198294943468
1758645515.1878257,target,2,0.37163381958007813,-0.5707518310546875,1.4913852573045323
1758645515.1878257,target,3,0.048210792541503907,0.06445116424560547,0.4342364717997173
1758645515.1878257,target,4,-0.10479293823242188,-0.418485107421875,-1.4270925538483845
1758645515.1878257,target,5,2.93090869140625,-0.51822216796875,1.439366397522287
1758645515.207551,herder,1,-0.5656453247070312,-1.252849853515625,-0.9192100905280519
1758645515.207551,herder,2,1.8315701904296875,-0.7582178344726562,1.3096470166178356
1758645515.207551,target,1,-0.6693591918945313,-0.7508388671875,0.1698518869514007
1758645515.207551,target,2,0.37155264282226563,-0.5707787475585937,1.4918667568296187
1758645515.207551,target,3,0.04822287368774414,0.06453072357177735,0.4350154797080791
1758645515.207551,target,4,-0.10476456451416015,-0.41846896362304686,-1.426424499888938
1758645515.207551,target,5,2.931044921875,-0.5181077880859375,1.4376585123152192
1758645515.2274468,herder,1,-0.5650985717773438,-1.2518702392578125,-0.9544984397102013
1758645515.2274468,herder,2,1.8308731689453126,-0.7587958374023438,1.2941458211769203
1758645515.2274468,target,1,-0.6693405151367188,-0.7508689575195312,0.16910040947080757
1758645515.2274468,target,2,0.3714915771484375,-0.5708048095703125,1.4923607732118285
1758645515.2274468,target,3,0.04822746658325195,0.06449236297607422,0.435139383277795
1758645515.2274468,target,4,-0.10474170684814453,-0.4184515380859375,-1.4263069213268111
1758645515.2274468,target,5,2.93111767578125,-0.518299072265625,1.4351345013920966
1758645515.2477002,herder,1,-0.5651884765625,-1.2507000732421876,-0.984238691972416
1758645515.2477002,herder,2,1.8301993408203125,-0.75971337890625,1.2775585886434708
1758645515.2477002,target,1,-0.6693502197265625,-0.7508485107421875,0.16877490460657263
1758645515.2477002,target,2,0.3715054931640625,-0.5707747802734375,1.495136852332127
1758645515.2477002,target,3,0.04822194671630859,0.06448912048339844,0.4353159508580673
1758645515.2477002,target,4,-0.10474219512939453,-0.41844729614257814,-1.426688419152965
1758645515.2477002,target,5,2.9312880859375,-0.5182928466796874,1.4311402923891958
1758645515.267667,herder,1,-0.564880126953125,-1.25023779296875,-1.008846300444748
1758645515.267667,herder,2,1.8292615966796875,-0.7613696899414063,1.258894489933923
1758645515.267667,target,1,-0.6693406982421874,-0.75085888671875,0.16814014016075224
1758645515.267667,target,2,0.37155499267578124,-0.5707808837890626,1.4938592007991613
1758645515.267667,target,3,0.048212833404541015,0.06445783233642578,0.4350423110560616
1758645515.267667,target,4,-0.10469470977783203,-0.4184439697265625,-1.4268303656390662
1758645515.267667,target,5,2.931154541015625,-0.5178369140625,1.4381465365849764
1758645515.2877123,herder,1,-0.5638165893554687,-1.250092529296875,-1.0285442382894647
1758645515.2877123,herder,2,1.8282235107421876,-0.7628174438476563,1.2374381999794815
1758645515.2877123,target,1,-0.6693300170898437,-0.7508342895507812,0.16860274788685584
1758645515.2877123,target,2,0.37146200561523435,-0.5709125366210938,1.4883543136679132
1758645515.2877123,target,3,0.04824922561645508,0.0644710693359375,0.4352180463984932
1758645515.2877123,target,4,-0.10474616241455079,-0.4184256591796875,-1.4261300874304297
1758645515.2877123,target,5,2.931283935546875,-0.51822412109375,1.428377395916293
1758645515.3076851,herder,1,-0.5634722900390625,-1.2494622802734374,-1.0448442488993492
1758645515.3076851,herder,2,1.8273797607421876,-0.7636659545898438,1.2146481989511284
1758645515.3076851,target,1,-0.6693176879882813,-0.7508204956054687,0.1688435309389126
1758645515.3076851,target,2,0.37154220581054687,-0.5708944702148437,1.488583079205551
1758645515.3076851,target,3,0.04825955200195312,0.06447611999511718,0.4358248476528678
1758645515.3076851,target,4,-0.10479642486572266,-0.41849139404296876,-1.42691119257815
1758645515.3076851,target,5,2.931191650390625,-0.51834130859375,1.434385753651621
1758645515.3276558,herder,1,-0.5635376586914063,-1.2488204345703124,-1.0571127662510718
1758645515.3276558,herder,2,1.8261544189453125,-0.7651009521484375,1.1891594836321435
1758645515.3276558,target,1,-0.6693655395507813,-0.7508057861328125,0.1690966144662542
1758645515.3276558,target,2,0.3714735107421875,-0.5708672485351562,1.48782234724017
1758645515.3276558,target,3,0.048268890380859374,0.06451213073730469,0.4367392773026601
1758645515.3276558,target,4,-0.10480086517333985,-0.41849392700195315,-1.4278636721420168
1758645515.3276558,target,5,2.9311884765625,-0.5180381469726563,1.4399182045001515
1758645515.3475602,herder,1,-0.5636525268554687,-1.2485093994140626,-1.0654764236544656
1758645515.3475602,herder,2,1.82479736328125,-0.766529541015625,1.1634348122405778
1758645515.3475602,target,1,-0.6693426513671875,-0.7508379516601562,0.16873177804167017
1758645515.3475602,target,2,0.3714639282226562,-0.5708294677734375,1.4863895665737072
1758645515.3475602,target,3,0.04823623275756836,0.0645452651977539,0.4370591895286059
1758645515.3475602,target,4,-0.10482087707519532,-0.4184589538574219,-1.4279800522816533
1758645515.3475602,target,5,2.931171142578125,-0.5183698120117187,1.435197485151877
1758645515.3678544,herder,1,-0.5638977661132812,-1.2483101806640624,-1.0712605432260087
1758645515.3678544,herder,2,1.8238504638671875,-0.7676181030273438,1.1377868398884061
1758645515.3678544,target,1,-0.6693519287109375,-0.7508377685546875,0.16861451572992261
1758645515.3678544,target,2,0.3714603881835937,-0.5708587646484375,1.4876616254683837
1758645515.3678544,target,3,0.048220672607421876,0.06450987243652344,0.4354228434863203
1758645515.3678544,target,4,-0.10481549835205078,-0.4184815673828125,-1.4257591090905817
1758645515.3678544,target,5,2.93106640625,-0.5183931884765625,1.436255425894911
1758645515.387605,herder,1,-0.5638265991210938,-1.248121337890625,-1.0741684488202663
1758645515.387605,herder,2,1.8225347900390625,-0.7691524047851562,1.112493067961215
1758645515.387605,target,1,-0.6693632202148437,-0.7508094482421875,0.16799875959638266
1758645515.387605,target,2,0.37151220703125,-0.57088671875,1.4889424727946572
1758645515.387605,target,3,0.04824028396606445,0.06452513122558594,0.4350663460848996
1758645515.387605,target,4,-0.10488544464111328,-0.4185263671875,-1.4262412744059405
1758645515.387605,target,5,2.9311201171875,-0.5182810668945312,1.4361458368160542
1758645515.4076543,herder,1,-0.5637775268554688,-1.2479462890625,-1.0750881049236978
1758645515.4076543,herder,2,1.8212945556640625,-0.7701331176757813,1.0881959174929587
1758645515.4076543,target,1,-0.6693522338867187,-0.7508079223632812,0.1681476469460749
1758645515.4076543,target,2,0.3715035400390625,-0.5708863525390625,1.4863309770297255
1758645515.4076543,target,3,0.04824302673339844,0.0645342025756836,0.4360451909435582
1758645515.4076543,target,4,-0.10488859558105469,-0.4185679931640625,-1.4256264836682957
1758645515.4076543,target,5,2.931078369140625,-0.5181310424804687,1.439045087136769
1758645515.4274426,herder,1,-0.563733154296875,-1.2477958984375,-1.0740007362506185
1758645515.4274426,herder,2,1.820408203125,-0.7702420043945313,1.0662275682399225
1758645515.4274426,target,1,-0.6693671875,-0.750810302734375,0.1672058200265684
1758645515.4274426,target,2,0.37142654418945314,-0.570889892578125,1.4892161125966628
1758645515.4274426,target,3,0.04820046234130859,0.06451609802246094,0.4348688394005566
1758645515.4274426,target,4,-0.10483523559570312,-0.41850628662109374,-1.4249985102832552
1758645515.4274426,target,5,2.93115283203125,-0.5184380493164062,1.4351154597903026
1758645515.4474356,herder,1,-0.5639946899414062,-1.247599609375,-1.070424310643724
1758645515.4474356,herder,2,1.8194783935546874,-0.7701423950195313,1.0451788750903177
1758645515.4474356,target,1,-0.6693446655273437,-0.7508231201171875,0.1677280159820625
1758645515.4474356,target,2,0.3714569091796875,-0.5708779296875,1.4889938718036957
1758645515.4474356,target,3,0.04823035049438477,0.06462302398681641,0.4354873585637275
1758645515.4474356,target,4,-0.10477555847167969,-0.41848178100585937,-1.4262589844271896
1758645515.4474356,target,5,2.931111572265625,-0.5184360961914063,1.4318837138074914
1758645515.4676247,herder,1,-0.5648117065429688,-1.247107421875,-1.063333377925279
1758645515.4676247,herder,2,1.818897216796875,-0.7699143676757813,1.0249042962905717
1758645515.4676247,target,1,-0.669355712890625,-0.7507890014648437,0.16789834177852986
1758645515.4676247,target,2,0.37146615600585936,-0.5708145751953125,1.4912648824232608
1758645515.4676247,target,3,0.04824254989624024,0.06457183074951171,0.43628487544166533
1758645515.4676247,target,4,-0.10479244995117187,-0.41849298095703125,-1.4262856160380903
1758645515.4676247,target,5,2.931144287109375,-0.5182374877929687,1.4328477781221
1758645515.4876378,herder,1,-0.565560546875,-1.2464298095703126,-1.0538075836012017
1758645515.4876378,herder,2,1.818566650390625,-0.7697314453125,1.0056427173904645
1758645515.4876378,target,1,-0.6693524169921875,-0.7508124389648437,0.16783877019389615
1758645515.4876378,target,2,0.37138641357421875,-0.5708628540039062,1.4901278457958513
1758645515.4876378,target,3,0.04825577926635742,0.06455277252197265,0.43578150470612675
1758645515.4876378,target,4,-0.10478687286376953,-0.4185029296875,-1.425363895984814
1758645515.4876378,target,5,2.931020751953125,-0.5181689453125,1.4322919764026005
1758645515.5075374,herder,1,-0.5660944213867187,-1.2461617431640626,-1.0400753929143716
1758645515.5075374,herder,2,1.8181754150390625,-0.7698389892578125,0.9859584282463346
1758645515.5075374,target,1,-0.6693504638671876,-0.750843505859375,0.16924179003517714
1758645515.5075374,target,2,0.3714645080566406,-0.5708850708007812,1.4880804075497984
1758645515.5075374,target,3,0.04831536102294922,0.06463442993164062,0.43717260690152965
1758645515.5075374,target,4,-0.10473731994628906,-0.41842193603515626,-1.4232734476871562
1758645515.5075374,target,5,2.931019775390625,-0.5183251342773437,1.4384033984721145
1758645515.52743,herder,1,-0.5664332885742187,-1.246449462890625,-1.0218744844974157
1758645515.52743,herder,2,1.817622314453125,-0.7696248779296875,0.9662601575064819
1758645515.52743,target,1,-0.6693630981445312,-0.750858642578125,0.1688167661699573
1758645515.52743,target,2,0.37143853759765627,-0.5708492431640625,1.4907462318009679
1758645515.52743,target,3,0.04829324722290039,0.06464205932617187,0.4371367208058408
1758645515.52743,target,4,-0.10481716156005859,-0.41845257568359373,-1.4234714537142037
1758645515.52743,target,5,2.93084130859375,-0.5181792602539063,1.4406857275263123
1758645515.547536,herder,1,-0.5669658813476562,-1.24676953125,-1.0003872352953023
1758645515.547536,herder,2,1.81753515625,-0.768972412109375,0.9470373276002354
1758645515.547536,target,1,-0.6693735961914062,-0.7508366088867188,0.16808669384662572
1758645515.547536,target,2,0.37145367431640625,-0.5708322143554687,1.4891834888733093
1758645515.547536,target,3,0.04828127670288086,0.06464248657226562,0.4360266153949549
1758645515.547536,target,4,-0.1048160400390625,-0.41846728515625,-1.424226193567132
1758645515.547536,target,5,2.930968505859375,-0.518219482421875,1.4336143690418794
1758645515.567661,herder,1,-0.5676576538085938,-1.2475443115234375,-0.976131563561024
1758645515.567661,herder,2,1.817678955078125,-0.768004638671875,0.9287200390436431
1758645515.567661,target,1,-0.6693509521484375,-0.7508309326171875,0.1695694753625546
1758645515.567661,target,2,0.37143386840820314,-0.5708262329101562,1.4888978648463984
1758645515.567661,target,3,0.048209339141845706,0.06450127410888672,0.43427179197367444
1758645515.567661,target,4,-0.104809814453125,-0.4184657897949219,-1.4260577826068341
1758645515.567661,target,5,2.93101904296875,-0.5184199829101562,1.4361616826245402
1758645515.5875545,herder,1,-0.5683411865234375,-1.24798828125,-0.9494484870721659
1758645515.5875545,herder,2,1.8178192138671876,-0.7672286987304687,0.9108943700242795
1758645515.5875545,target,1,-0.6693648071289062,-0.7508429565429687,0.16887434038377347
1758645515.5875545,target,2,0.3715040588378906,-0.5708220825195313,1.4912626187363343
1758645515.5875545,target,3,0.04821106719970703,0.06448749542236328,0.43410298085007704
1758645515.5875545,target,4,-0.10485175323486329,-0.4184874267578125,-1.425412764990817
1758645515.5875545,target,5,2.931000732421875,-0.5182472534179687,1.4433432959781025
1758645515.6076756,herder,1,-0.5696751098632813,-1.2475264892578124,-0.9210474053640976
1758645515.6076756,herder,2,1.8178121337890625,-0.7664514770507812,0.8921814023087287
1758645515.6076756,target,1,-0.6693666381835938,-0.7508544921875,0.1686591736124519
1758645515.6076756,target,2,0.3714540710449219,-0.5708302001953125,1.492079010768498
1758645515.6076756,target,3,0.0482241096496582,0.06452054595947265,0.43486441189524433
1758645515.6076756,target,4,-0.10481655120849609,-0.41854946899414064,-1.4277546156953782
1758645515.6076756,target,5,2.9310146484375,-0.5182791137695313,1.4430259803342196
1758645515.6274369,herder,1,-0.5709830322265625,-1.2475118408203125,-0.8887260839524054
1758645515.6274369,herder,2,1.817996337890625,-0.7656336059570312,0.8737343512280223
1758645515.6274369,target,1,-0.6693574829101563,-0.7508577880859375,0.16873024672404338
1758645515.6274369,target,2,0.37146035766601565,-0.5707742309570313,1.4943192618774725
1758645515.6274369,target,3,0.04826416778564453,0.0645094223022461,0.4355577325955328
1758645515.6274369,target,4,-0.10480010986328125,-0.4185197448730469,-1.4272434219241374
1758645515.6274369,target,5,2.931159423828125,-0.518185546875,1.4376586454732738
1758645515.647434,herder,1,-0.5716577758789062,-1.24834912109375,-0.8529535720840795
1758645515.647434,herder,2,1.818443359375,-0.7648309326171875,0.8553978879115816
1758645515.647434,target,1,-0.6693514404296875,-0.7508556518554688,0.16832569590970353
1758645515.647434,target,2,0.37145816040039065,-0.5707949829101563,1.4916334639181277
1758645515.647434,target,3,0.048262489318847655,0.06462258911132812,0.43627745188012673
1758645515.647434,target,4,-0.10475149536132812,-0.4184789428710938,-1.42733130624011
1758645515.647434,target,5,2.9310615234375,-0.5181809692382813,1.4396122072909014
1758645515.6675165,herder,1,-0.5723505249023437,-1.248864013671875,-0.8179646953665095
1758645515.6675165,herder,2,1.8191029052734375,-0.7635647583007813,0.8375941233921838
1758645515.6675165,target,1,-0.6693504028320313,-0.7508463134765625,0.16895636574534792
1758645515.6675165,target,2,0.3715252990722656,-0.5708311767578125,1.4919332026988161
1758645515.6675165,target,3,0.0482594108581543,0.06457030487060547,0.434167163032348
1758645515.6675165,target,4,-0.10476490783691406,-0.41847357177734373,-1.4262651096976968
1758645515.6675165,target,5,2.931057861328125,-0.5181809692382813,1.439663339983831
1758645515.6876323,herder,1,-0.5729649658203125,-1.2495380859375,-0.7834586497545708
1758645515.6876323,herder,2,1.819421875,-0.762363525390625,0.8195067322166927
1758645515.6876323,target,1,-0.6693672485351563,-0.7508670043945312,0.16852936115406733
1758645515.6876323,target,2,0.3714848327636719,-0.570848388671875,1.4899166571214082
1758645515.6876323,target,3,0.04823542022705078,0.06448440551757813,0.4351033640240517
1758645515.6876323,target,4,-0.10472476959228516,-0.41846853637695314,-1.4267067949644865
1758645515.6876323,target,5,2.93107275390625,-0.518433349609375,1.4355570118990377
1758645515.7074368,herder,1,-0.573410400390625,-1.2501585693359376,-0.7483687060736323
1758645515.7074368,herder,2,1.819927001953125,-0.76095361328125,0.8018053662412085
1758645515.7074368,target,1,-0.6693255004882812,-0.7508173217773437,0.16837366609883858
1758645515.7074368,target,2,0.3714577941894531,-0.5708302612304688,1.4910345189889689
1758645515.7074368,target,3,0.04824697875976563,0.06448093414306641,0.4357793741772547
1758645515.7074368,target,4,-0.10480172729492188,-0.41851321411132814,-1.426754465547999
1758645515.7074368,target,5,2.93113330078125,-0.518166748046875,1.4333453897717814
1758645515.7278006,herder,1,-0.5750235595703125,-1.24999072265625,-0.7141571394992291
1758645515.7278006,herder,2,1.8205328369140625,-0.759699462890625,0.7853664717804764
1758645515.7278006,target,1,-0.6693593139648437,-0.7508356323242188,0.16854127879994543
1758645515.7278006,target,2,0.3715369873046875,-0.5708109741210937,1.4915916522890136
1758645515.7278006,target,3,0.04823197555541992,0.06445050811767578,0.43489390640431697
1758645515.7278006,target,4,-0.10480925750732421,-0.41849578857421876,-1.4270478127420712
1758645515.7278006,target,5,2.931189208984375,-0.5180852661132812,1.4314335064252135
1758645515.7474349,herder,1,-0.5758621826171875,-1.2505565185546874,-0.6785604628418758
1758645515.7474349,herder,2,1.821595947265625,-0.7581217651367187,0.7697128103671541
1758645515.7474349,target,1,-0.6693441162109375,-0.7508338623046875,0.1694730522863369
1758645515.7474349,target,2,0.3714936828613281,-0.5708799438476563,1.4884411327194498
1758645515.7474349,target,3,0.04821969223022461,0.06444149017333985,0.43535443353581893
1758645515.7474349,target,4,-0.10480387115478515,-0.41850506591796877,-1.4261411395489536
1758645515.7474349,target,5,2.9312041015625,-0.518400390625,1.4322680079527899
1758645515.768378,herder,1,-0.5758421020507812,-1.25167236328125,-0.642715845887036
1758645515.768378,herder,2,1.8225426025390625,-0.7566243286132812,0.7532586693091813
1758645515.768378,target,1,-0.6693494873046875,-0.7508272705078125,0.1692351820667224
1758645515.768378,target,2,0.3714675598144531,-0.5708988647460937,1.4912912477180524
1758645515.768378,target,3,0.04821754837036133,0.06448905944824218,0.43593044199008946
1758645515.768378,target,4,-0.10479578399658203,-0.41850100708007815,-1.4264256983114285
1758645515.768378,target,5,2.931357177734375,-0.5182271728515625,1.4277591430692314
1758645515.7876177,herder,1,-0.5766900634765625,-1.252463623046875,-0.6065384669539908
1758645515.7876177,herder,2,1.8238944091796876,-0.7546399536132813,0.734697235459656
1758645515.7876177,target,1,-0.6693585815429688,-0.7508558959960937,0.16857859634472017
1758645515.7876177,target,2,0.37148846435546873,-0.5708840942382812,1.48933901748097
1758645515.7876177,target,3,0.048206832885742186,0.06448443603515625,0.4357409913680439
1758645515.7876177,target,4,-0.10476144409179687,-0.4184812316894531,-1.4262288907068716
1758645515.7876177,target,5,2.931148193359375,-0.5184085693359375,1.432047365056477
1758645515.8085825,herder,1,-0.5776068115234375,-1.2529918212890625,-0.5710995825912247
1758645515.8085825,herder,2,1.82516162109375,-0.7527523803710937,0.7154667489652756
1758645515.8085825,target,1,-0.6693525390625,-0.750878173828125,0.1685805604260241
1758645515.8085825,target,2,0.3714874572753906,-0.5708814086914062,1.487927808419337
1758645515.8085825,target,3,0.04818647384643555,0.06447929382324219,0.4351918475512696
1758645515.8085825,target,4,-0.10479688262939453,-0.41849423217773435,-1.4254673597931635
1758645515.8085825,target,5,2.93115185546875,-0.5182730712890625,1.4364813951134043
1758645515.8274546,herder,1,-0.5779290771484376,-1.2538092041015625,-0.5391099911828156
1758645515.8274546,herder,2,1.82648193359375,-0.7511141967773437,0.6963460512868337
1758645515.8274546,target,1,-0.6693648681640625,-0.7508468627929688,0.17030390861217118
1758645515.8274546,target,2,0.37147821044921875,-0.5708875122070313,1.490063264139417
1758645515.8274546,target,3,0.04826187515258789,0.0645141372680664,0.4367389111180102
1758645515.8274546,target,4,-0.10475513458251953,-0.4184277648925781,-1.4222744959622675
1758645515.8274546,target,5,2.9310390625,-0.5176233520507812,1.4347498077726348
1758645515.8474636,herder,1,-0.5782565307617188,-1.25454638671875,-0.5134565593504092
1758645515.8474636,herder,2,1.8282252197265625,-0.7492178344726562,0.6782529343149989
1758645515.8474636,target,1,-0.669361328125,-0.7508214111328125,0.1689285523567134
1758645515.8474636,target,2,0.3714778137207031,-0.5708363647460938,1.4901721874280012
1758645515.8474636,target,3,0.04829086685180664,0.06455487060546874,0.4367557889014186
1758645515.8474636,target,4,-0.10479786682128907,-0.41849188232421874,-1.42405228914795
1758645515.8474636,target,5,2.930951904296875,-0.518304931640625,1.4335971916528485
1758645515.867462,herder,1,-0.57810107421875,-1.2550059814453125,-0.4928035786492766
1758645515.867462,herder,2,1.8294468994140625,-0.7474013671875,0.6601519610179483
1758645515.867462,target,1,-0.66934423828125,-0.7508482666015625,0.16829643442722628
1758645515.867462,target,2,0.37152920532226563,-0.5707653198242187,1.491911231619823
1758645515.867462,target,3,0.04825382614135742,0.06458364868164063,0.43635228670675796
1758645515.867462,target,4,-0.10480783081054687,-0.418499267578125,-1.4254927929815737
1758645515.867462,target,5,2.930963623046875,-0.5183798217773438,1.4351704540668127
1758645515.887543,herder,1,-0.578563720703125,-1.255453857421875,-0.47606424632806993
1758645515.887543,herder,2,1.8304644775390626,-0.745912353515625,0.6407265977108013
1758645515.887543,target,1,-0.66933349609375,-0.750822021484375,0.16898654268944988
1758645515.887543,target,2,0.3715187072753906,-0.5708016967773437,1.493068508271517
1758645515.887543,target,3,0.04822880935668945,0.06453794860839844,0.43530376689608014
1758645515.887543,target,4,-0.10483002471923829,-0.41854010009765624,-1.4246752025269196
1758645515.887543,target,5,2.9308388671875,-0.5182537841796875,1.441211435525494
1758645515.9079847,herder,1,-0.5784635009765625,-1.255685791015625,-0.4628470111275203
1758645515.9079847,herder,2,1.8317955322265624,-0.74417919921875,0.6217971815776544
1758645515.9079847,target,1,-0.6693464965820313,-0.7508543701171875,0.16890919450453987
1758645515.9079847,target,2,0.3715649108886719,-0.5707783813476562,1.4930678424812445
1758645515.9079847,target,3,0.048231948852539064,0.064525634765625,0.4362838434667429
1758645515.9079847,target,4,-0.10483914184570313,-0.4185203552246094,-1.4250483113956396
1758645515.9079847,target,5,2.93086181640625,-0.5182357177734375,1.435788307439711
1758645515.9274342,herder,1,-0.5786429443359375,-1.256125244140625,-0.45428012124343975
1758645515.9274342,herder,2,1.833767578125,-0.7422801513671875,0.6051968995548634
1758645515.9274342,target,1,-0.6693530883789063,-0.750827392578125,0.1697340753626783
1758645515.9274342,target,2,0.37154580688476563,-0.570771484375,1.492970237627293
1758645515.9274342,target,3,0.0482744255065918,0.06454624938964844,0.4369144800128737
1758645515.9274342,target,4,-0.10478823089599609,-0.4184898681640625,-1.4260230283546085
1758645515.9274342,target,5,2.9309482421875,-0.518291748046875,1.4357712632087347
1758645515.947438,herder,1,-0.5791703491210938,-1.256076904296875,-0.4487624842284727
1758645515.947438,herder,2,1.8365380859375,-0.7402611083984375,0.5905864649195525
1758645515.947438,target,1,-0.6693485107421875,-0.7508616943359375,0.1701616125861769
1758645515.947438,target,2,0.3715147399902344,-0.5707659912109375,1.4933362891191244
1758645515.947438,target,3,0.04826790618896484,0.06452760314941407,0.43748556161912755
1758645515.947438,target,4,-0.10475150299072265,-0.41846017456054685,-1.424359085305527
1758645515.947438,target,5,2.9309892578125,-0.5182830810546875,1.4415226258988698
1758645515.9676297,herder,1,-0.579558837890625,-1.2561634521484375,-0.4470899524848757
1758645515.9676297,herder,2,1.8380576171875,-0.7385680541992188,0.5766108613090891
1758645515.9676297,target,1,-0.669336181640625,-0.7508488159179687,0.1686981389881511
1758645515.9676297,target,2,0.371587158203125,-0.5707532348632812,1.4934120560521371
1758645515.9676297,target,3,0.04828436279296875,0.06460958099365234,0.43826363742110785
1758645515.9676297,target,4,-0.10468447875976562,-0.4184541015625,-1.4249299338851855
1758645515.9676297,target,5,2.9310732421875,-0.5181398315429687,1.4361142783571368
1758645515.9874628,herder,1,-0.5795525512695312,-1.2560091552734376,-0.44765051460482375
1758645515.9874628,herder,2,1.8399036865234375,-0.73679052734375,0.5619367105446981
1758645515.9874628,target,1,-0.6693594970703125,-0.7508271484375,0.16876152222209498
1758645515.9874628,target,2,0.3715337219238281,-0.5707901000976563,1.4926739609560218
1758645515.9874628,target,3,0.0482752799987793,0.06456266021728516,0.4374808345081927
1758645515.9874628,target,4,-0.10474163818359375,-0.41849053955078125,-1.426360051390558
1758645515.9874628,target,5,2.931038330078125,-0.5182142944335938,1.4385956787028182
1758645516.0074866,herder,1,-0.5793953247070313,-1.2559005126953124,-0.4501290520523333
1758645516.0074866,herder,2,1.84231103515625,-0.73460791015625,0.5478620040521701
1758645516.0074866,target,1,-0.669368896484375,-0.7508314819335937,0.16928966035577134
1758645516.0074866,target,2,0.37150534057617185,-0.5707799072265625,1.4919465185042666
1758645516.0074866,target,3,0.048230587005615236,0.06455757141113282,0.4366618126044524
1758645516.0074866,target,4,-0.10476405334472656,-0.41852798461914065,-1.4276524834675737
1758645516.0074866,target,5,2.93111474609375,-0.5182173461914062,1.4338985283301908
1758645516.0274348,herder,1,-0.5790873413085937,-1.25581005859375,-0.45550737245277556
1758645516.0274348,herder,2,1.8448563232421875,-0.732446533203125,0.534397461054893
1758645516.0274348,target,1,-0.6693661499023438,-0.7508414916992188,0.16938897961967447
1758645516.0274348,target,2,0.3714980773925781,-0.570748291015625,1.494197821731765
1758645516.0274348,target,3,0.0482357063293457,0.06445943450927734,0.43566442548670414
1758645516.0274348,target,4,-0.10475057220458985,-0.41854156494140626,-1.4260785552633368
1758645516.0274348,target,5,2.931055908203125,-0.5181513671875,1.4396412357467834
1758645516.0474842,herder,1,-0.5792647705078126,-1.255514404296875,-0.464215076979494
1758645516.0474842,herder,2,1.8478209228515625,-0.7303073120117187,0.5218210489916437
1758645516.0474842,target,1,-0.6693870849609375,-0.7508397216796875,0.16905340467756766
1758645516.0474842,target,2,0.3715833740234375,-0.5707843017578125,1.4930458714022512
1758645516.0474842,target,3,0.04822270965576172,0.06445301055908204,0.4341117359921607
1758645516.0474842,target,4,-0.10474869537353515,-0.4185262451171875,-1.4246152814023927
1758645516.0474842,target,5,2.931014892578125,-0.5179699096679687,1.4440033604542786
1758645516.0678065,herder,1,-0.5795177612304687,-1.2550701904296875,-0.47532085819928793
1758645516.0678065,herder,2,1.8503236083984376,-0.7281931762695313,0.5089096112632624
1758645516.0678065,target,1,-0.6693564453125,-0.750828125,0.1689158524072651
1758645516.0678065,target,2,0.371513427734375,-0.570780029296875,1.4943020844884416
1758645516.0678065,target,3,0.048225597381591795,0.0644844207763672,0.4347950032593341
1758645516.0678065,target,4,-0.10472080993652344,-0.41846929931640625,-1.4264497999192938
1758645516.0678065,target,5,2.9311201171875,-0.5180862426757813,1.436419742934169
1758645516.0875888,herder,1,-0.5796300659179687,-1.254604736328125,-0.4891781508783245
1758645516.0875888,herder,2,1.8531015625,-0.72602880859375,0.49515591555063
1758645516.0875888,target,1,-0.6693555908203125,-0.7508263549804688,0.16918278437227507
1758645516.0875888,target,2,0.37153594970703124,-0.570795654296875,1.4940734521088583
1758645516.0875888,target,3,0.04824158477783203,0.06445536041259765,0.4345895070917209
1758645516.0875888,target,4,-0.10468980407714844,-0.41847369384765626,-1.4263908109011485
1758645516.0875888,target,5,2.930955322265625,-0.51834912109375,1.432336717508914
1758645516.1075766,herder,1,-0.5800089721679688,-1.2538697509765624,-0.5066780820068578
1758645516.1075766,herder,2,1.8556802978515625,-0.724281005859375,0.4811586071772825
1758645516.1075766,target,1,-0.669363037109375,-0.7508494262695312,0.16861493184884294
1758645516.1075766,target,2,0.3715572509765625,-0.5707613525390625,1.4948608156851402
1758645516.1075766,target,3,0.048244697570800785,0.06456241607666016,0.43621187153828356
1758645516.1075766,target,4,-0.1046895751953125,-0.4184582824707031,-1.425666164768538
1758645516.1075766,target,5,2.931093994140625,-0.5183124389648438,1.434753536198161
1758645516.1274352,herder,1,-0.5796964721679687,-1.25332666015625,-0.5278305718599484
1758645516.1274352,herder,2,1.8587138671875,-0.7222827758789062,0.4687068310530489
1758645516.1274352,target,1,-0.6693823852539063,-0.7508550415039063,0.16885839470674663
1758645516.1274352,target,2,0.3715054626464844,-0.5707726440429688,1.4950983696543754
1758645516.1274352,target,3,0.04828060531616211,0.06463688659667968,0.437265318196978
1758645516.1274352,target,4,-0.10469136047363281,-0.4184759216308594,-1.424906764383702
1758645516.1274352,target,5,2.931137939453125,-0.5182782592773437,1.439037363969608
1758645516.1475651,herder,1,-0.579823486328125,-1.2525538330078125,-0.5510249073208028
1758645516.1475651,herder,2,1.8623245849609376,-0.7201069946289063,0.45724425282621156
1758645516.1475651,target,1,-0.6693660278320313,-0.7508303833007812,0.16823110375673528
1758645516.1475651,target,2,0.3715184631347656,-0.5708136596679687,1.4926092461415328
1758645516.1475651,target,3,0.04828192901611328,0.06461643981933594,0.4363002884864742
1758645516.1475651,target,4,-0.1046829833984375,-0.4184309997558594,-1.4240094122543996
1758645516.1475651,target,5,2.9311650390625,-0.5183306274414062,1.4375491895524715
1758645516.1676333,herder,1,-0.5792363891601563,-1.2519674072265625,-0.5772941618657762
1758645516.1676333,herder,2,1.8655621337890624,-0.718221923828125,0.44423484405922903
1758645516.1676333,target,1,-0.6693825073242188,-0.7508290405273438,0.16872979731560941
1758645516.1676333,target,2,0.371525146484375,-0.5708101196289063,1.4924551822724716
1758645516.1676333,target,3,0.04820523071289062,0.06450484466552735,0.43512170654605964
1758645516.1676333,target,4,-0.10465217590332031,-0.4184275207519531,-1.4246271324692437
1758645516.1676333,target,5,2.931150146484375,-0.5184343872070313,1.4343653804692817
1758645516.1875043,herder,1,-0.5788096923828125,-1.2514598388671876,-0.6066268173231543
1758645516.1875043,herder,2,1.868449462890625,-0.7163374633789062,0.431673978198843
1758645516.1875043,target,1,-0.6693949584960938,-0.7508146362304687,0.16902958603056828
1758645516.1875043,target,2,0.37156707763671876,-0.5708109741210937,1.493591952583772
1758645516.1875043,target,3,0.048213409423828124,0.06449999237060547,0.4346640756022431
1758645516.1875043,target,4,-0.10464353942871094,-0.41840921020507815,-1.425784009646774
1758645516.1875043,target,5,2.931126953125,-0.518207763671875,1.4357173341966605
1758645516.2076101,herder,1,-0.5783379516601562,-1.2504259033203124,-0.635893892438689
1758645516.2076101,herder,2,1.8714183349609375,-0.7145444946289062,0.4194564603819955
1758645516.2076101,target,1,-0.6693592529296875,-0.7508475341796875,0.1688017692440688
1758645516.2076101,target,2,0.37157516479492186,-0.5707763671875,1.4936517405502443
1758645516.2076101,target,3,0.04820763778686524,0.06454595184326171,0.4348900115312227
1758645516.2076101,target,4,-0.10463452911376953,-0.4184462585449219,-1.423863604184718
1758645516.2076101,target,5,2.9311552734375,-0.5183790283203125,1.4327859927848103
1758645516.227445,herder,1,-0.5776323852539063,-1.249630615234375,-0.6658657731367132
1758645516.227445,herder,2,1.8750174560546875,-0.712653076171875,0.40747796127298264
1758645516.227445,target,1,-0.6693518676757813,-0.750860107421875,0.16877650250322668
1758645516.227445,target,2,0.3715552978515625,-0.5707744750976562,1.4909422404571977
1758645516.227445,target,3,0.04821225357055664,0.06455577850341797,0.4357673233733221
1758645516.227445,target,4,-0.10467118835449218,-0.41844949340820314,-1.4240078143577457
1758645516.227445,target,5,2.9311298828125,-0.518228515625,1.4337842787194266
1758645516.247567,herder,1,-0.576842041015625,-1.2495670166015624,-0.6963112304555809
1758645516.247567,herder,2,1.878707763671875,-0.7103760986328125,0.3945060032088293
1758645516.247567,target,1,-0.669341064453125,-0.7508294067382812,0.16805814808869143
1758645516.247567,target,2,0.37145840454101564,-0.5706751098632813,1.4931594552227432
1758645516.247567,target,3,0.048215858459472655,0.06453764343261718,0.4350929111167731
1758645516.247567,target,4,-0.10466492462158203,-0.4184678039550781,-1.425411167094163
1758645516.247567,target,5,2.931265869140625,-0.5181471557617188,1.4228738403655898
1758645516.2675805,herder,1,-0.5766504516601563,-1.249024658203125,-0.725907339123795
1758645516.2675805,herder,2,1.881954833984375,-0.7086893920898437,0.38206927394475465
1758645516.2675805,target,1,-0.6693806762695312,-0.750822509765625,0.1693516287853861
1758645516.2675805,target,2,0.3715193176269531,-0.5707431640625,1.4900330372610446
1758645516.2675805,target,3,0.04820738983154297,0.06449742126464844,0.43481907157768573
1758645516.2675805,target,4,-0.104699462890625,-0.4185157470703125,-1.4256869374250405
1758645516.2675805,target,5,2.930883056640625,-0.518331787109375,1.4374907331665443
1758645516.287528,herder,1,-0.5764453735351562,-1.2479459228515626,-0.7559312846211304
1758645516.287528,herder,2,1.88546826171875,-0.7068580322265625,0.37026421320173314
1758645516.287528,target,1,-0.6693875732421875,-0.75085205078125,0.1681603302507664
1758645516.287528,target,2,0.3715011901855469,-0.5707728881835937,1.4892671121315377
1758645516.287528,target,3,0.04821996307373047,0.0644836654663086,0.43492563131080253
1758645516.287528,target,4,-0.10472147369384766,-0.4185168762207031,-1.4255712230756767
1758645516.287528,target,5,2.93122900390625,-0.5182205810546875,1.4337619081662698
1758645516.307876,herder,1,-0.5757214965820312,-1.24760791015625,-0.7892160711361859
1758645516.307876,herder,2,1.8897532958984375,-0.7049133911132812,0.3591297364211936
1758645516.307876,target,1,-0.6693519897460938,-0.7508564453125,0.1673924576847125
1758645516.307876,target,2,0.37149310302734373,-0.5707841796875,1.490329313932316
1758645516.307876,target,3,0.04823032379150391,0.06451155853271484,0.43533386061639806
1758645516.307876,target,4,-0.10465933227539062,-0.41848953247070314,-1.4259989267467434
1758645516.307876,target,5,2.930826904296875,-0.5180802612304688,1.4410051736990674
1758645516.3274431,herder,1,-0.5755657958984375,-1.2463165283203126,-0.8236949525050058
1758645516.3274431,herder,2,1.89359375,-0.70300048828125,0.34804739101899235
1758645516.3274431,target,1,-0.66935595703125,-0.7508408813476563,0.16872320599191146
1758645516.3274431,target,2,0.37149462890625,-0.5708489379882813,1.4890339523781013
1758645516.3274431,target,3,0.04818719863891602,0.06448196411132813,0.43430647964687275
1758645516.3274431,target,4,-0.10467740631103516,-0.4185145263671875,-1.426412116189869
1758645516.3274431,target,5,2.930924072265625,-0.5182517700195313,1.4388329663559443
1758645516.3475564,herder,1,-0.5751267700195313,-1.2452310791015626,-0.8579645759911726
1758645516.3475564,herder,2,1.89689111328125,-0.7014274291992187,0.33592841016247776
1758645516.3475564,target,1,-0.6693436889648438,-0.750814453125,0.1686584412431521
1758645516.3475564,target,2,0.371515380859375,-0.5708667602539063,1.491743452471148
1758645516.3475564,target,3,0.04822402954101562,0.06448265838623046,0.43388100637321897
1758645516.3475564,target,4,-0.10468195343017578,-0.41851492309570315,-1.425649520011725
1758645516.3475564,target,5,2.930972412109375,-0.5183238525390625,1.4401467037216804
1758645516.3676953,herder,1,-0.5744427490234375,-1.2455555419921875,-0.8908416991223643
1758645516.3676953,herder,2,1.9008961181640625,-0.6995565185546875,0.3251961705750811
1758645516.3676953,target,1,-0.6693707885742187,-0.7508017578125,0.16894965790835226
1758645516.3676953,target,2,0.37144195556640625,-0.5708306274414062,1.4912311934354712
1758645516.3676953,target,3,0.048258880615234374,0.06455931854248047,0.4350400806586487
1758645516.3676953,target,4,-0.10466922760009766,-0.4184559326171875,-1.4234071383738782
1758645516.3676953,target,5,2.9310244140625,-0.518154296875,1.435023580732695
1758645516.387552,herder,1,-0.57385693359375,-1.245224609375,-0.9227716690118694
1758645516.387552,herder,2,1.905691650390625,-0.6976573486328125,0.3146481551560906
1758645516.387552,target,1,-0.669353515625,-0.7508381958007813,0.16927651099788907
1758645516.387552,target,2,0.37148309326171874,-0.57082177734375,1.4906032200504307
1758645516.387552,target,3,0.048241920471191406,0.06453446960449219,0.4364052503229369
1758645516.387552,target,4,-0.10465191650390625,-0.41843280029296875,-1.4247056957214008
1758645516.387552,target,5,2.93105419921875,-0.518374755859375,1.4399803893116048
1758645516.4076207,herder,1,-0.5737933349609375,-1.2434981689453124,-0.9473907956559161
1758645516.4076207,herder,2,1.9092255859375,-0.69615771484375,0.30425340465783424
1758645516.4076207,target,1,-0.6693373413085938,-0.7508359985351563,0.1677239546614001
1758645516.4076207,target,2,0.3715434265136719,-0.5708201293945312,1.4901503495070625
1758645516.4076207,target,3,0.04823831558227539,0.06445644378662109,0.4350037950887964
1758645516.4076207,target,4,-0.10472695922851563,-0.4184374694824219,-1.4251324672860861
1758645516.4076207,target,5,2.93107080078125,-0.5183935546875,1.4365855247120263
1758645516.4293153,herder,1,-0.5734683227539062,-1.2430185546875,-0.9663212104744718
1758645516.4293153,herder,2,1.9131798095703125,-0.69457470703125,0.29395835625288763
1758645516.4293153,target,1,-0.669379638671875,-0.7508416137695313,0.16864111405130977
1758645516.4293153,target,2,0.37152456665039063,-0.5708681640625,1.487242976545023
1758645516.4293153,target,3,0.048232982635498044,0.0644716796875,0.43624579355266846
1758645516.4293153,target,4,-0.10478112030029296,-0.41847576904296874,-1.425148046778463
1758645516.4293153,target,5,2.931153076171875,-0.518259033203125,1.4393987549295315
1758645516.4475894,herder,1,-0.5727357788085937,-1.2433782958984374,-0.9802470129725507
1758645516.4475894,herder,2,1.91804541015625,-0.6928380126953125,0.2835497240274492
1758645516.4475894,target,1,-0.6693505249023437,-0.7508406372070312,0.16887166057792657
1758645516.4475894,target,2,0.37149819946289064,-0.5708417358398438,1.4879738811061953
1758645516.4475894,target,3,0.048208309173583985,0.06451522064208984,0.43480305932163166
1758645516.4475894,target,4,-0.10474458312988282,-0.4184856262207031,-1.4262483317828294
1758645516.4475894,target,5,2.93096240234375,-0.5183238525390625,1.439764007473036
1758645516.4677215,herder,1,-0.57267822265625,-1.242865234375,-0.9891850476440474
1758645516.4677215,herder,2,1.9222252197265626,-0.6911358032226562,0.27355078584620585
1758645516.4677215,target,1,-0.6693359375,-0.7508311767578125,0.16835395870677197
1758645516.4677215,target,2,0.3714890441894531,-0.5708555908203125,1.4871497659068704
1758645516.4677215,target,3,0.048216197967529295,0.06446656799316407,0.43410184900661375
1758645516.4677215,target,4,-0.10472091674804687,-0.41849847412109376,-1.4260268899381892
1758645516.4677215,target,5,2.931138916015625,-0.518003173828125,1.4358409048712402
1758645516.4874308,herder,1,-0.5728629760742188,-1.2422916259765624,-0.9960334329662134
1758645516.4874308,herder,2,1.9257255859375,-0.6897507934570313,0.2631149227986213
1758645516.4874308,target,1,-0.669326416015625,-0.7508373413085937,0.16887111130095175
1758645516.4874308,target,2,0.37145071411132813,-0.5708795776367187,1.4882650977713956
1758645516.4874308,target,3,0.04819960784912109,0.06445908355712891,0.43452149661538303
1758645516.4874308,target,4,-0.10476785278320312,-0.4184881286621094,-1.4250485777117485
1758645516.4874308,target,5,2.93108349609375,-0.518284912109375,1.437145054857052
1758645516.507447,herder,1,-0.5727064819335937,-1.2422908935546875,-0.9997295010850799
1758645516.507447,herder,2,1.9300230712890625,-0.6883065185546875,0.2531849272000974
1758645516.507447,target,1,-0.6693522338867187,-0.7508231201171875,0.1684021452777456
1758645516.507447,target,2,0.3714994812011719,-0.570812744140625,1.490078577315685
1758645516.507447,target,3,0.04822751998901367,0.0644848861694336,0.43556166075814073
1758645516.507447,target,4,-0.10475119018554688,-0.41851190185546877,-1.4252990480122705
1758645516.507447,target,5,2.9309345703125,-0.5184530029296875,1.4368317339548042
1758645516.527546,herder,1,-0.5728475952148437,-1.2423109130859376,-1.0005273175686404
1758645516.527546,herder,2,1.935516357421875,-0.6866445922851563,0.24345696565976957
1758645516.527546,target,1,-0.669371826171875,-0.7508353881835937,0.16906142745035152
1758645516.527546,target,2,0.37151058959960936,-0.5707634887695312,1.4914000378485823
1758645516.527546,target,3,0.04824647903442383,0.06450972747802734,0.43604505778550373
1758645516.527546,target,4,-0.10473690032958985,-0.4184888916015625,-1.4255239519663276
1758645516.527546,target,5,2.93093603515625,-0.5182970581054688,1.436524405165009
1758645516.5474417,herder,1,-0.5728634033203125,-1.2424393310546875,-0.9990928724264965
1758645516.5474417,herder,2,1.9398603515625,-0.6853507690429688,0.23354730995407108
1758645516.5474417,target,1,-0.6693662719726563,-0.7508383178710938,0.16815806656383983
1758645516.5474417,target,2,0.37151654052734373,-0.57077490234375,1.4937840996564211
1758645516.5474417,target,3,0.048247112274169925,0.0644969482421875,0.43766409328070377
1758645516.5474417,target,4,-0.1047519302368164,-0.4184774475097656,-1.4262617807463343
1758645516.5474417,target,5,2.931072998046875,-0.5184199829101562,1.433986545804218
1758645516.5675778,herder,1,-0.5729774780273438,-1.24237744140625,-0.997169204592105
1758645516.5675778,herder,2,1.94445703125,-0.683880126953125,0.2244145815621328
1758645516.5675778,target,1,-0.669330078125,-0.7508248291015625,0.16947005623011058
1758645516.5675778,target,2,0.37152349853515626,-0.5707789306640625,1.4927193678526076
1758645516.5675778,target,3,0.04828166961669922,0.06454960632324219,0.43776143181854615
1758645516.5675778,target,4,-0.10476418304443359,-0.41847756958007815,-1.4266870875724198
1758645516.5675778,target,5,2.93110009765625,-0.5184461669921875,1.4347024035052314
1758645516.5874755,herder,1,-0.5732564697265625,-1.2419613037109376,-0.9922506789538649
1758645516.5874755,herder,2,1.9497589111328124,-0.68244873046875,0.21397392482458616
1758645516.5874755,target,1,-0.6693773803710937,-0.7508501586914063,0.16807131409133053
1758645516.5874755,target,2,0.3714306945800781,-0.5708829345703125,1.4888532568981394
1758645516.5874755,target,3,0.048247676849365234,0.06452428436279296,0.43589049457373824
1758645516.5874755,target,4,-0.10481028747558593,-0.41850949096679685,-1.426639283830853
1758645516.5874755,target,5,2.930819580078125,-0.5181121826171875,1.445804722615608
1758645516.607451,herder,1,-0.5738910522460937,-1.241797607421875,-0.9814068862063074
1758645516.607451,herder,2,1.9544974365234375,-0.6806373291015625,0.20425172237011563
1758645516.607451,target,1,-0.6693687744140625,-0.7508406372070312,0.16854327617076298
1758645516.607451,target,2,0.3714410400390625,-0.5709053955078125,1.487877874148898
1758645516.607451,target,3,0.04824884414672852,0.06447672271728516,0.43587924271813266
1758645516.607451,target,4,-0.10476653289794922,-0.4185177917480469,-1.4266391506727985
1758645516.607451,target,5,2.9310732421875,-0.5182341918945312,1.4412340723947596
1758645516.6274285,herder,1,-0.5741331787109375,-1.2423023681640626,-0.9665276720379803
1758645516.6274285,herder,2,1.9591170654296874,-0.6795735473632812,0.19394372434436855
1758645516.6274285,target,1,-0.6693457641601562,-0.7508504028320313,0.16912161489098732
1758645516.6274285,target,2,0.3714465637207031,-0.57089501953125,1.4881641639660814
1758645516.6274285,target,3,0.048211063385009766,0.06446739959716796,0.4341569431516648
1758645516.6274285,target,4,-0.10477513122558593,-0.4185318603515625,-1.425946728789378
1758645516.6274285,target,5,2.93098583984375,-0.5183041381835938,1.4298637061206663
1758645516.6475909,herder,1,-0.5742084350585938,-1.2431053466796875,-0.9497436318999739
1758645516.6475909,herder,2,1.963996826171875,-0.6782824096679687,0.18427253806952987
1758645516.6475909,target,1,-0.6693287353515625,-0.750830078125,0.1689007722575925
1758645516.6475909,target,2,0.37143389892578127,-0.5708763427734375,1.4883919973973379
1758645516.6475909,target,3,0.04820893859863281,0.06447411346435547,0.43489860022573823
1758645516.6475909,target,4,-0.104781982421875,-0.41852886962890623,-1.4251299372830506
1758645516.6475909,target,5,2.931050537109375,-0.5182980346679688,1.4283093521504415
1758645516.667617,herder,1,-0.5753088989257813,-1.2428472900390626,-0.9300746559321119
1758645516.667617,herder,2,1.968923583984375,-0.6770037841796875,0.17483128246530588
1758645516.667617,target,1,-0.6693253173828125,-0.7508261108398437,0.1693192047991144
1758645516.667617,target,2,0.37147238159179685,-0.5708681640625,1.4886776214242488
1758645516.667617,target,3,0.04825223922729492,0.06459461212158203,0.43627359029654617
1758645516.667617,target,4,-0.10471663665771484,-0.4185107116699219,-1.4254287439573574
1758645516.667617,target,5,2.931082275390625,-0.5182923583984375,1.4329569677267935
1758645516.6874769,herder,1,-0.5761158447265625,-1.2427882080078125,-0.9059692530623414
1758645516.6874769,herder,2,1.9739337158203125,-0.6759288330078125,0.16596410452356214
1758645516.6874769,target,1,-0.6693280029296875,-0.7508134155273437,0.16938485171998485
1758645516.6874769,target,2,0.3714898681640625,-0.5708431396484375,1.4897719143161623
1758645516.6874769,target,3,0.04824280548095703,0.06445059204101562,0.4352038650656886
1758645516.6874769,target,4,-0.10475465393066406,-0.41847698974609376,-1.4261929380321556
1758645516.6874769,target,5,2.9310234375,-0.5181871948242187,1.4377222950233266
1758645516.7074635,herder,1,-0.5762891235351563,-1.243697509765625,-0.8799616208049547
1758645516.7074635,herder,2,1.9785941162109375,-0.6744864501953125,0.15666730876371815
1758645516.7074635,target,1,-0.669339111328125,-0.7508410034179688,0.16911124520749282
1758645516.7074635,target,2,0.37147872924804687,-0.5708742065429687,1.491890858437484
1758645516.7074635,target,3,0.048227645874023437,0.06448979187011719,0.43478694719703664
1758645516.7074635,target,4,-0.10476057434082031,-0.4184947814941406,-1.425216490018478
1758645516.7074635,target,5,2.931110107421875,-0.51837060546875,1.436873412425864
1758645516.7275822,herder,1,-0.5768079833984375,-1.24402197265625,-0.8515845075466971
1758645516.7275822,herder,2,1.9833787841796875,-0.6735039672851563,0.14616255306768466
1758645516.7275822,target,1,-0.6693521728515625,-0.7508563842773438,0.1683825377542199
1758645516.7275822,target,2,0.37146826171875,-0.570855224609375,1.491320409331989
1758645516.7275822,target,3,0.048234012603759764,0.06454668426513673,0.43535373445603276
1758645516.7275822,target,4,-0.10473394775390625,-0.4184690246582031,-1.4256949269083108
1758645516.7275822,target,5,2.931021728515625,-0.5182857055664063,1.434737690389675
1758645516.7474394,herder,1,-0.5782662963867188,-1.2443115234375,-0.8200845050151854
1758645516.7474394,herder,2,1.9888836669921874,-0.6723258056640625,0.13695457373019482
1758645516.7474394,target,1,-0.6693216552734375,-0.7508338623046875,0.16884652699513894
1758645516.7474394,target,2,0.37143472290039065,-0.570888671875,1.4884793490810924
1758645516.7474394,target,3,0.04824633407592773,0.06450078582763671,0.4359060740661152
1758645516.7474394,target,4,-0.10475343322753906,-0.4184479064941406,-1.4262031912023525
1758645516.7474394,target,5,2.93115576171875,-0.5184275512695312,1.4379575853056352
1758645516.767555,herder,1,-0.5789402465820312,-1.2451392822265626,-0.7853686688883756
1758645516.767555,herder,2,1.99441162109375,-0.6712562255859374,0.12972418291679214
1758645516.767555,target,1,-0.669344970703125,-0.75085791015625,0.16821619005463082
1758645516.767555,target,2,0.3714825439453125,-0.5708970947265625,1.4897820343283046
1758645516.767555,target,3,0.048258129119873046,0.06451449584960937,0.4350628839754825
1758645516.767555,target,4,-0.10477183532714844,-0.41847586059570313,-1.4274214542430093
1758645516.767555,target,5,2.931127685546875,-0.5184522094726562,1.4334846730967925
1758645516.787621,herder,1,-0.5793268432617188,-1.24554345703125,-0.7526530664772972
1758645516.787621,herder,2,1.999661865234375,-0.6704794921875,0.12157118155562356
1758645516.787621,target,1,-0.66933251953125,-0.7508421020507813,0.1695076068014807
1758645516.787621,target,2,0.371477783203125,-0.5708668823242188,1.4884599080051348
1758645516.787621,target,3,0.04822017288208008,0.06446927642822266,0.4347047886774077
1758645516.787621,target,4,-0.10480255126953125,-0.41847164916992186,-1.4246263335209166
1758645516.787621,target,5,2.93121044921875,-0.5182960815429688,1.4323613517489973
1758645516.8075743,herder,1,-0.5799846801757812,-1.2457821044921875,-0.7203236890033076
1758645516.8075743,herder,2,2.0049007568359376,-0.6693893432617187,0.11315809754687353
1758645516.8075743,target,1,-0.6693242797851563,-0.7508515625,0.16812525974816142
1758645516.8075743,target,2,0.37152545166015627,-0.5708008422851563,1.4922462572849549
1758645516.8075743,target,3,0.048238407135009764,0.0645379638671875,0.43546528761619346
1758645516.8075743,target,4,-0.10482987213134766,-0.41850900268554686,-1.425864037637531
1758645516.8075743,target,5,2.93108251953125,-0.5178998413085938,1.4403070260193032
1758645516.827471,herder,1,-0.5806808471679688,-1.2461846923828126,-0.6886268788672391
1758645516.827471,herder,2,2.010075439453125,-0.6684795532226563,0.10324323203229259
1758645516.827471,target,1,-0.6693616333007812,-0.7508424682617187,0.16913243398291578
1758645516.827471,target,2,0.3714935302734375,-0.5708268432617187,1.4910591532290522
1758645516.827471,target,3,0.0482617073059082,0.06455784606933594,0.43588054100916407
1758645516.827471,target,4,-0.10477629089355468,-0.4185329895019531,-1.4262073191020421
1758645516.827471,target,5,2.931074462890625,-0.5181991577148437,1.4379585174120166
1758645516.847618,herder,1,-0.5816663208007813,-1.2468546142578125,-0.6570259425304132
1758645516.847618,herder,2,2.015495361328125,-0.66730419921875,0.09452980170923046
1758645516.847618,target,1,-0.6693811645507812,-0.7508411254882813,0.16905478619238315
1758645516.847618,target,2,0.37147274780273437,-0.5708178100585938,1.4921618350783994
1758645516.847618,target,3,0.04824599456787109,0.06453976440429687,0.4350358528904182
1758645516.847618,target,4,-0.10480541229248047,-0.41853369140625,-1.4258259544339427
1758645516.847618,target,5,2.931106689453125,-0.518287353515625,1.4372630328933425
1758645516.8675015,herder,1,-0.5821715087890625,-1.2479117431640625,-0.6217648241704099
1758645516.8675015,herder,2,2.0210062255859373,-0.6665309448242187,0.08614185128326805
1758645516.8675015,target,1,-0.669372802734375,-0.7508325805664062,0.1676322420513605
1758645516.8675015,target,2,0.37146441650390627,-0.5707893676757813,1.4926956657189059
1758645516.8675015,target,3,0.04825724411010742,0.06458242797851563,0.43577494667194244
1758645516.8675015,target,4,-0.10481023406982422,-0.41849264526367186,-1.4261733637981435
1758645516.8675015,target,5,2.93110498046875,-0.51824658203125,1.4398817191932174
1758645516.8875144,herder,1,-0.5832777099609375,-1.248666748046875,-0.5883798362193401
1758645516.8875144,herder,2,2.02668994140625,-0.6654620971679688,0.07698175058875079
1758645516.8875144,target,1,-0.6693538208007812,-0.7508554077148437,0.1678949296033832
1758645516.8875144,target,2,0.37149346923828125,-0.57079736328125,1.4932705090401994
1758645516.8875144,target,3,0.04826643753051758,0.06450009155273438,0.43633630774021753
1758645516.8875144,target,4,-0.10480216217041016,-0.41844586181640625,-1.4261813532814138
1758645516.8875144,target,5,2.93130029296875,-0.5182562866210938,1.4323142137977027
1758645516.907514,herder,1,-0.5829402465820313,-1.249646728515625,-0.5576139340423086
1758645516.907514,herder,2,2.0320216064453125,-0.6646983032226562,0.06849958251684841
1758645516.907514,target,1,-0.6693474731445312,-0.7508422241210938,0.16914703143464077
1758645516.907514,target,2,0.3715250549316406,-0.5707775268554688,1.491172470733435
1758645516.907514,target,3,0.04828777694702149,0.06453795623779297,0.43666580734608756
1758645516.907514,target,4,-0.10474275207519532,-0.4184323425292969,-1.4243658763663067
1758645516.907514,target,5,2.93126416015625,-0.5182892456054687,1.4336009200783746
1758645516.9274418,herder,1,-0.5831553955078125,-1.2503272705078126,-0.5272337574596616
1758645516.9274418,herder,2,2.037077880859375,-0.6644282836914063,0.0602522719635774
1758645516.9274418,target,1,-0.6693275146484375,-0.7508624267578125,0.16820974853374418
1758645516.9274418,target,2,0.37151742553710937,-0.5707551879882813,1.4937477475075416
1758645516.9274418,target,3,0.04828391647338867,0.06453541564941406,0.4366370452063147
1758645516.9274418,target,4,-0.10475037384033203,-0.4184525451660156,-1.4262695039134954
1758645516.9274418,target,5,2.9311318359375,-0.5183804321289063,1.4343724378461704
1758645516.9474175,herder,1,-0.5840177001953125,-1.2507327880859376,-0.5013205009734045
1758645516.9474175,herder,2,2.0430118408203124,-0.6635257568359375,0.052925137662388405
1758645516.9474175,target,1,-0.66936962890625,-0.7508519287109375,0.1677235718319934
1758645516.9474175,target,2,0.3714972839355469,-0.570739501953125,1.4925872750625395
1758645516.9474175,target,3,0.04827632522583008,0.06452840423583985,0.4365719974966895
1758645516.9474175,target,4,-0.10484111785888672,-0.4185113525390625,-1.425331405419515
1758645516.9474175,target,5,2.931137939453125,-0.5184415283203125,1.4353868359053816
1758645516.967603,herder,1,-0.5841168823242188,-1.2512965087890624,-0.4818925410841947
1758645516.967603,herder,2,2.04909814453125,-0.6629818115234375,0.0447477600548672
1758645516.967603,target,1,-0.669329345703125,-0.7508358764648437,0.16773041282704357
1758645516.967603,target,2,0.37149969482421874,-0.5706929321289063,1.4923517184641222
1758645516.967603,target,3,0.04829340362548828,0.06460140228271484,0.43696344888741756
1758645516.967603,target,4,-0.10482939147949219,-0.4185154724121094,-1.425074010900159
1758645516.967603,target,5,2.930826171875,-0.5181370849609375,1.4384734396087835
1758645516.98754,herder,1,-0.5834495239257812,-1.25198046875,-0.46565644634047215
1758645516.98754,herder,2,2.054416015625,-0.6624393310546876,0.03752814256031175
1758645516.98754,target,1,-0.6693419799804687,-0.7508501586914063,0.16883202941195483
1758645516.98754,target,2,0.371546142578125,-0.5706995849609375,1.4939598682883664
1758645516.98754,target,3,0.048216197967529295,0.06456553649902344,0.4346717321903771
1758645516.98754,target,4,-0.10477798461914062,-0.41851080322265627,-1.4260963984426402
1758645516.98754,target,5,2.931037109375,-0.518354248046875,1.4268293003746302
1758645517.0075881,herder,1,-0.5831116333007812,-1.252398681640625,-0.4549891878836734
1758645517.0075881,herder,2,2.059508056640625,-0.6621070556640625,0.030195844223321524
1758645517.0075881,target,1,-0.6693712158203124,-0.7508663330078125,0.16858753457912876
1758645517.0075881,target,2,0.3714273681640625,-0.5707702026367187,1.4884854743515996
1758645517.0075881,target,3,0.04824526977539063,0.06458438873291016,0.4354520383897703
1758645517.0075881,target,4,-0.10475968933105469,-0.41849652099609375,-1.4258532518351161
1758645517.0075881,target,5,2.9310791015625,-0.5183416748046875,1.4339238283605467
1758645517.0275657,herder,1,-0.583564453125,-1.2524656982421876,-0.44840605340607925
1758645517.0275657,herder,2,2.06545556640625,-0.6614907836914062,0.02234716311215414
1758645517.0275657,target,1,-0.6693721923828125,-0.7508820190429687,0.1688016527307711
1758645517.0275657,target,2,0.37145147705078124,-0.5707750244140625,1.4901362347532852
1758645517.0275657,target,3,0.048244922637939454,0.06449476623535157,0.43459100511983406
1758645517.0275657,target,4,-0.10476893615722656,-0.41849005126953126,-1.4258390039232842
1758645517.0275657,target,5,2.931060791015625,-0.5183287963867188,1.4358791212328827
1758645517.0475671,herder,1,-0.5837048950195313,-1.25254248046875,-0.4453984457185119
1758645517.0475671,herder,2,2.071923095703125,-0.6608547973632812,0.014884563377047985
1758645517.0475671,target,1,-0.669360595703125,-0.7508399658203125,0.16837123596434386
1758645517.0475671,target,2,0.3714629211425781,-0.5708377685546875,1.490981388925222
1758645517.0475671,target,3,0.048241615295410156,0.06446720123291015,0.4348928411398809
1758645517.0475671,target,4,-0.10479644012451172,-0.4185003662109375,-1.4259579140659562
1758645517.0475671,target,5,2.930988525390625,-0.518288330078125,1.439936580311673
1758645517.0677257,herder,1,-0.5836848754882813,-1.2526749267578126,-0.44522923512075097
1758645517.0677257,herder,2,2.0771318359375,-0.660623291015625,0.0077051684574797885
1758645517.0677257,target,1,-0.6693573608398438,-0.7508482666015625,0.16850803922058988
1758645517.0677257,target,2,0.37143890380859373,-0.5708347778320313,1.4900845694281377
1758645517.0677257,target,3,0.048225421905517575,0.06442656707763672,0.43497083847030665
1758645517.0677257,target,4,-0.10475470733642578,-0.4185194396972656,-1.4263067881687566
1758645517.0677257,target,5,2.931068603515625,-0.5183347778320313,1.4371140290303526
1758645517.0874462,herder,1,-0.5835657348632812,-1.2526160888671876,-0.44707244220070846
1758645517.0874462,herder,2,2.0830419921875,-0.6601158447265625,0.0010898627858580501
1758645517.0874462,target,1,-0.6693381958007812,-0.7508380737304687,0.16877309032808002
1758645517.0874462,target,2,0.3714331359863281,-0.5708320922851563,1.4894873555536874
1758645517.0874462,target,3,0.0482420539855957,0.0645361328125,0.4359603026838119
1758645517.0874462,target,4,-0.10479885101318359,-0.4185039978027344,-1.4262464675700663
1758645517.0874462,target,5,2.931218505859375,-0.5183192749023438,1.434995883857358
1758645517.1074355,herder,1,-0.5833941650390625,-1.252604736328125,-0.44942870726466966
1758645517.1074355,herder,2,2.08939208984375,-0.6602013549804687,-0.006341558198845462
1758645517.1074355,target,1,-0.6693302612304688,-0.7508558959960937,0.1684601522552389
1758645517.1074355,target,2,0.3715001220703125,-0.57084375,1.4910164094935563
1758645517.1074355,target,3,0.04823242950439453,0.06446855926513671,0.4344560827211079
1758645517.1074355,target,4,-0.10483220672607421,-0.4185002136230469,-1.4254583050454572
1758645517.1074355,target,5,2.931139892578125,-0.5180768432617188,1.4346166497181307
1758645517.1274319,herder,1,-0.583313720703125,-1.25243408203125,-0.4526608194321307
1758645517.1274319,herder,2,2.095160400390625,-0.659684814453125,-0.013286693770730263
1758645517.1274319,target,1,-0.6693162841796875,-0.7508336181640625,0.1696293132632973
1758645517.1274319,target,2,0.37149380493164064,-0.57088232421875,1.4893173127180859
1758645517.1274319,target,3,0.04823419189453125,0.06445201110839843,0.43578446747283944
1758645517.1274319,target,4,-0.10482843780517578,-0.41850173950195313,-1.4259443319443967
1758645517.1274319,target,5,2.93107568359375,-0.5182479858398438,1.437311236109073
1758645517.1474457,herder,1,-0.5831778564453125,-1.2522451171875,-0.46083805555921903
1758645517.1474457,herder,2,2.10048095703125,-0.659589111328125,-0.020685762549675815
1758645517.1474457,target,1,-0.6693324584960938,-0.7508218994140625,0.16969246347064582
1758645517.1474457,target,2,0.3714958801269531,-0.5708079223632813,1.4911339880556833
1758645517.1474457,target,3,0.04824049758911133,0.06447066497802735,0.4358966864232727
1758645517.1474457,target,4,-0.10485432434082032,-0.41851837158203126,-1.4275239859449773
1758645517.1474457,target,5,2.93105810546875,-0.518202392578125,1.4387556015262775
1758645517.1674764,herder,1,-0.5830451049804688,-1.2517266845703126,-0.4729474490358093
1758645517.1674764,herder,2,2.10601123046875,-0.6592957153320312,-0.027780862699107848
1758645517.1674764,target,1,-0.66936669921875,-0.750833251953125,0.16804276833339624
1758645517.1674764,target,2,0.3714693908691406,-0.5708615112304688,1.4892524647455423
1758645517.1674764,target,3,0.04823627471923828,0.06450244903564453,0.43559025645034544
1758645517.1674764,target,4,-0.10485638427734376,-0.4185537109375,-1.4279082800902756
1758645517.1674764,target,5,2.931070068359375,-0.5180064086914062,1.4393939612395694
1758645517.1875124,herder,1,-0.5835331420898437,-1.2513193359375,-0.48738081674814365
1758645517.1875124,herder,2,2.1125576171875,-0.659041015625,-0.03480776927987704
1758645517.1875124,target,1,-0.6693876953125,-0.7508598022460937,0.1671608791831733
1758645517.1875124,target,2,0.3714733581542969,-0.5708062744140625,1.4916739439666968
1758645517.1875124,target,3,0.04825182723999023,0.06452495574951173,0.43615358159992446
1758645517.1875124,target,4,-0.10484261322021485,-0.41850833129882814,-1.4292435890608415
1758645517.1875124,target,5,2.931019775390625,-0.5182846069335938,1.4379814205973913
1758645517.2075772,herder,1,-0.5840506591796875,-1.2504188232421876,-0.505029651871126
1758645517.2075772,herder,2,2.118458984375,-0.6590397338867188,-0.042108072233083486
1758645517.2075772,target,1,-0.6693762817382812,-0.7508388061523438,0.168854533123166
1758645517.2075772,target,2,0.37148867797851565,-0.5707835083007813,1.492377551126696
1758645517.2075772,target,3,0.048249866485595705,0.06455937957763672,0.43647412632662913
1758645517.2075772,target,4,-0.10484046173095703,-0.418500244140625,-1.429149446316307
1758645517.2075772,target,5,2.93103466796875,-0.5182528686523438,1.4377794198287088
1758645517.22743,herder,1,-0.583986328125,-1.2500120849609375,-0.5270165100937384
1758645517.22743,herder,2,2.123881103515625,-0.6590914306640625,-0.04804865251866874
1758645517.22743,target,1,-0.6693307495117188,-0.750836669921875,0.16944094455044464
1758645517.22743,target,2,0.37157205200195315,-0.5708013305664063,1.4920413270390733
1758645517.22743,target,3,0.04826089859008789,0.06455191040039063,0.43763689574807135
1758645517.22743,target,4,-0.10481198120117187,-0.4185107116699219,-1.428455293378178
1758645517.22743,target,5,2.9309296875,-0.5181057739257813,1.4398216649106361
1758645517.2474291,herder,1,-0.5833856201171875,-1.24967919921875,-0.5525933427552913
1758645517.2474291,herder,2,2.130126220703125,-0.65932470703125,-0.053581673450120194
1758645517.2474291,target,1,-0.6693499755859375,-0.750830078125,0.16845787192355552
1758645517.2474291,target,2,0.3715928955078125,-0.5707965087890625,1.4908096150349117
1758645517.2474291,target,3,0.048233589172363284,0.06455787658691406,0.43630538178205897
1758645517.2474291,target,4,-0.1047879867553711,-0.4184622802734375,-1.4269512731525558
1758645517.2474291,target,5,2.930908935546875,-0.5182777099609375,1.434815188377396
1758645517.2674682,herder,1,-0.5828836059570313,-1.2488670654296874,-0.5806232463864298
1758645517.2674682,herder,2,2.13648291015625,-0.6594268798828125,-0.05870199595877184
1758645517.2674682,target,1,-0.6693383178710938,-0.7508316650390625,0.1690799697094412
1758645517.2674682,target,2,0.371568115234375,-0.5707976684570313,1.4917041708450693
1758645517.2674682,target,3,0.0482811164855957,0.06456634521484375,0.436238802754807
1758645517.2674682,target,4,-0.10485740661621094,-0.41850433349609373,-1.428731463183219
1758645517.2674682,target,5,2.930976318359375,-0.5183524780273437,1.4383915474052635
1758645517.2875593,herder,1,-0.5819312744140624,-1.24824169921875,-0.6086075433839007
1758645517.2875593,herder,2,2.14226416015625,-0.65934033203125,-0.06551145751713067
1758645517.2875593,target,1,-0.6693712158203124,-0.7508419189453125,0.16870732689391188
1758645517.2875593,target,2,0.37159423828125,-0.570791015625,1.4914029673257814
1758645517.2875593,target,3,0.048299266815185544,0.06455931091308593,0.4366254604555729
1758645517.2875593,target,4,-0.104831787109375,-0.41848406982421876,-1.4275070748720553
1758645517.2875593,target,5,2.9310205078125,-0.5180917358398438,1.4390023434012733
1758645517.3074412,herder,1,-0.5820757446289062,-1.247072509765625,-0.6361709943501118
1758645517.3074412,herder,2,2.147315673828125,-0.6594922485351562,-0.07195754738950498
1758645517.3074412,target,1,-0.6693660888671875,-0.7508289794921875,0.1685252332543777
1758645517.3074412,target,2,0.37159393310546873,-0.5707744750976562,1.4908299882172509
1758645517.3074412,target,3,0.0482664794921875,0.06455364227294921,0.4361094397048564
1758645517.3074412,target,4,-0.10482627105712891,-0.41845852661132815,-1.4269129236328586
1758645517.3074412,target,5,2.930974609375,-0.5180245971679688,1.4428945533344242
1758645517.3274288,herder,1,-0.5821710815429687,-1.2461270751953124,-0.6633819759460509
1758645517.3274288,herder,2,2.153704345703125,-0.6598798217773437,-0.07722486390676139
1758645517.3274288,target,1,-0.6693543090820312,-0.750815185546875,0.16901538805300678
1758645517.3274288,target,2,0.37152340698242187,-0.5707767333984375,1.4939573382853308
1758645517.3274288,target,3,0.04825287628173828,0.06448092651367188,0.4359785786267926
1758645517.3274288,target,4,-0.10479693603515625,-0.4184558410644531,-1.4271695192038878
1758645517.3274288,target,5,2.931024169921875,-0.51831640625,1.4397026216099096
1758645517.3475382,herder,1,-0.5810831909179688,-1.246197265625,-0.6902460808100072
1758645517.3475382,herder,2,2.16068798828125,-0.6599107055664063,-0.08305570531067857
1758645517.3475382,target,1,-0.66934521484375,-0.7508319091796875,0.16863160989516957
1758645517.3475382,target,2,0.37155770874023436,-0.5707567138671875,1.4938615976441425
1758645517.3475382,target,3,0.04823026657104492,0.06448687744140626,0.4353535014294374
1758645517.3475382,target,4,-0.10480722045898437,-0.4185042724609375,-1.4270323664077487
1758645517.3475382,target,5,2.931072509765625,-0.5180823364257813,1.4398355133483045
1758645517.367433,herder,1,-0.5803547973632812,-1.24586865234375,-0.7164792162326965
1758645517.367433,herder,2,2.166861572265625,-0.6601363525390626,-0.08984393648172241
1758645517.367433,target,1,-0.6693479614257812,-0.750827392578125,0.16921740546644612
1758645517.367433,target,2,0.37146615600585936,-0.570836669921875,1.4889978665453307
1758645517.367433,target,3,0.048257518768310546,0.06454389190673829,0.43483891212780684
1758645517.367433,target,4,-0.10486785888671875,-0.4185561828613281,-1.427032233249694
1758645517.367433,target,5,2.931056884765625,-0.5181264038085938,1.4430753819724405
1758645517.3874567,herder,1,-0.5807028198242188,-1.2447445068359375,-0.7422684027016695
1758645517.3874567,herder,2,2.172576171875,-0.66021630859375,-0.09736505293999925
1758645517.3874567,target,1,-0.6693501586914062,-0.7508346557617187,0.1687551472802356
1758645517.3874567,target,2,0.37143701171875,-0.5709354248046875,1.4873629519521312
1758645517.3874567,target,3,0.048218917846679685,0.06446627807617188,0.43554914390101734
1758645517.3874567,target,4,-0.10487293243408204,-0.41857196044921874,-1.4273358336139632
1758645517.3874567,target,5,2.93107861328125,-0.5183138427734375,1.4412444587230109
1758645517.4075813,herder,1,-0.5800275268554688,-1.244164794921875,-0.7711569760472768
1758645517.4075813,herder,2,2.178738037109375,-0.66047998046875,-0.1033413611960836
1758645517.4075813,target,1,-0.66934130859375,-0.7508094482421875,0.16856243428585474
1758645517.4075813,target,2,0.371483154296875,-0.5708458862304687,1.4892135825936272
1758645517.4075813,target,3,0.04822932052612305,0.06448987579345702,0.4355193164968085
1758645517.4075813,target,4,-0.10481716918945312,-0.4185565185546875,-1.4264833557490288
1758645517.4075813,target,5,2.93107470703125,-0.5182733154296875,1.4389789075836805
1758645517.4275494,herder,1,-0.578930908203125,-1.2439937744140626,-0.8019323990252053
1758645517.4275494,herder,2,2.18562109375,-0.6611588745117187,-0.10977694822690894
1758645517.4275494,target,1,-0.6693482666015625,-0.75082666015625,0.1698260542888269
1758645517.4275494,target,2,0.3715097961425781,-0.5708086547851563,1.492045188622654
1758645517.4275494,target,3,0.048223018646240234,0.06454354095458985,0.4356063685749404
1758645517.4275494,target,4,-0.10484322357177735,-0.4185384521484375,-1.4267002702198157
1758645517.4275494,target,5,2.93105859375,-0.5179168701171875,1.442103195016507
1758645517.447555,herder,1,-0.5783060913085938,-1.2434976806640625,-0.8337724872279201
1758645517.447555,herder,2,2.19227197265625,-0.6614656982421875,-0.11495453286018648
1758645517.447555,target,1,-0.6693427734375,-0.7508240966796875,0.16844359072220996
1758645517.447555,target,2,0.3714783325195313,-0.5707947387695312,1.4913624872772122
1758645517.447555,target,3,0.04827910995483398,0.06447126770019532,0.43600923826884214
1758645517.447555,target,4,-0.10481786346435547,-0.41852401733398437,-1.4256408647381822
1758645517.447555,target,5,2.931067138671875,-0.51801806640625,1.4394071438869653
1758645517.4674313,herder,1,-0.5781945190429687,-1.242520751953125,-0.8698745652811433
1758645517.4674313,herder,2,2.197883544921875,-0.6621095581054688,-0.12105186514305812
1758645517.4674313,target,1,-0.6693656616210938,-0.7508250732421875,0.1699220945356379
1758645517.4674313,target,2,0.37146566772460937,-0.5708576049804688,1.48890412327496
1758645517.4674313,target,3,0.04826080703735352,0.06442922973632813,0.43558203394047984
1758645517.4674313,target,4,-0.10479540252685547,-0.41849896240234374,-1.4261063852967282
1758645517.4674313,target,5,2.931182373046875,-0.51816259765625,1.4335188947168
1758645517.4874482,herder,1,-0.5773455200195312,-1.2417344970703126,-0.9088555870517693
1758645517.4874482,herder,2,2.203998291015625,-0.6624918212890625,-0.12713141250327506
1758645517.4874482,target,1,-0.669360595703125,-0.7508280029296875,0.16965434697754406
1758645517.4874482,target,2,0.3714471435546875,-0.5708711547851563,1.4892774984597892
1758645517.4874482,target,3,0.04825239181518555,0.06439018249511719,0.43524957156789706
1758645517.4874482,target,4,-0.1048108901977539,-0.4184757385253906,-1.4262430054606492
1758645517.4874482,target,5,2.931096435546875,-0.5182230834960937,1.4375076442394663
1758645517.5075002,herder,1,-0.5763233642578125,-1.2412645263671875,-0.9461368462566523
1758645517.5075002,herder,2,2.2112841796875,-0.6631148681640625,-0.13263287913699828
1758645517.5075002,target,1,-0.6693524780273438,-0.7508167724609375,0.1694602524683477
1758645517.5075002,target,2,0.37143582153320315,-0.5708304443359375,1.489475903961
1758645517.5075002,target,3,0.048209224700927734,0.06441460418701171,0.4342166645391098
1758645517.5075002,target,4,-0.10475244140625,-0.41848867797851563,-1.4253986502370395
1758645517.5075002,target,5,2.9311103515625,-0.5181605834960937,1.4370136278572565
1758645517.5275412,herder,1,-0.5754752197265625,-1.24104052734375,-0.9822869277885241
1758645517.5275412,herder,2,2.217427001953125,-0.6637517700195312,-0.13809532213837344
1758645517.5275412,target,1,-0.6693728637695312,-0.7508265991210937,0.1690243762216858
1758645517.5275412,target,2,0.3714982299804688,-0.5707735595703125,1.4906092121628833
1758645517.5275412,target,3,0.048237586975097654,0.06448348236083984,0.4345364768965147
1758645517.5275412,target,4,-0.1047962875366211,-0.41854129028320314,-1.425754182242565
1758645517.5275412,target,5,2.931161865234375,-0.5183343505859375,1.4345195774963975
1758645517.5475798,herder,1,-0.574399658203125,-1.2405787353515625,-1.0138393945935105
1758645517.5475798,herder,2,2.223136474609375,-0.6640400390625,-0.1434824476151698
1758645517.5475798,target,1,-0.669383056640625,-0.7508447265625,0.16823466573469326
1758645517.5475798,target,2,0.37143426513671873,-0.5707257690429688,1.4891636483231883
1758645517.5475798,target,3,0.048223922729492184,0.06447341156005859,0.43549561436310674
1758645517.5475798,target,4,-0.10480076599121094,-0.41850006103515625,-1.4263788266762432
1758645517.5475798,target,5,2.9310517578125,-0.5182929077148437,1.440457361462838
1758645517.5674734,herder,1,-0.5743564453125,-1.2402437744140624,-1.0379504566805973
1758645517.5674734,herder,2,2.2287919921875,-0.664921630859375,-0.14924602755680563
1758645517.5674734,target,1,-0.6693353271484375,-0.7508633422851563,0.16903814143557017
1758645517.5674734,target,2,0.37142794799804685,-0.57080908203125,1.4871914443779302
1758645517.5674734,target,3,0.04828076553344727,0.06453803253173829,0.4365991284502947
1758645517.5674734,target,4,-0.10485663604736328,-0.4185378112792969,-1.4266657822836992
1758645517.5674734,target,5,2.931091796875,-0.5183827514648438,1.441005573173231
1758645517.5876045,herder,1,-0.574008544921875,-1.239533935546875,-1.055842704727213
1758645517.5876045,herder,2,2.2357421875,-0.665419677734375,-0.15400021951103104
1758645517.5876045,target,1,-0.6693641967773437,-0.7508644409179688,0.1688664174795305
1758645517.5876045,target,2,0.3714538879394531,-0.570810302734375,1.4885279517709864
1758645517.5876045,target,3,0.048220184326171874,0.0645294418334961,0.43612198985149336
1758645517.5876045,target,4,-0.10487285614013672,-0.4185079345703125,-1.4262260943877272
1758645517.5876045,target,5,2.931206787109375,-0.517964599609375,1.4372471870848564
1758645517.6075506,herder,1,-0.5734150390625,-1.2392703857421874,-1.071879728179452
1758645517.6075506,herder,2,2.24306787109375,-0.6663157958984375,-0.15950528973460426
1758645517.6075506,target,1,-0.6693386840820312,-0.7508388671875,0.16875599616283307
1758645517.6075506,target,2,0.37141171264648437,-0.57088671875,1.4880886633491777
1758645517.6075506,target,3,0.04823581314086914,0.06453615570068359,0.43588763167556643
1758645517.6075506,target,4,-0.10481114196777344,-0.4185062561035156,-1.4259635067042453
1758645517.6075506,target,5,2.931019287109375,-0.5183504638671875,1.4419575201048798
1758645517.6275811,herder,1,-0.5728837280273438,-1.2392998046875,-1.0830257897107336
1758645517.6275811,herder,2,2.24856103515625,-0.6668363037109375,-0.16438794592191236
1758645517.6275811,target,1,-0.6693689575195313,-0.7508207397460938,0.1688241730867391
1758645517.6275811,target,2,0.37146575927734377,-0.5709089965820312,1.4884342085006155
1758645517.6275811,target,3,0.04822146987915039,0.06447392272949219,0.43547693894596257
1758645517.6275811,target,4,-0.1047308349609375,-0.4184158935546875,-1.4222412064486416
1758645517.6275811,target,5,2.93128271484375,-0.518,1.434739820918547
1758645517.6474137,herder,1,-0.572959716796875,-1.23887939453125,-1.0904499504605747
1758645517.6474137,herder,2,2.2549189453125,-0.6677616577148437,-0.16910244013113876
1758645517.6474137,target,1,-0.6693424072265625,-0.7508402099609375,0.16917659252274064
1758645517.6474137,target,2,0.37146926879882813,-0.5708904418945312,1.4890801582230142
1758645517.6474137,target,3,0.04823831558227539,0.06447567749023438,0.4349144460342242
1758645517.6474137,target,4,-0.10474600219726563,-0.4184379577636719,-1.42279727448425
1758645517.6474137,target,5,2.931024169921875,-0.5182936401367187,1.4366000389399673
1758645517.6674397,herder,1,-0.5731903686523437,-1.238703369140625,-1.0949113444977026
1758645517.6674397,herder,2,2.26218359375,-0.6688980712890625,-0.1735507014551413
1758645517.6674397,target,1,-0.669360595703125,-0.7508604736328125,0.1690790875373301
1758645517.6674397,target,2,0.3714818115234375,-0.5708600463867187,1.4891628493748612
1758645517.6674397,target,3,0.048213573455810545,0.06445648956298829,0.4357325025420693
1758645517.6674397,target,4,-0.10481980133056641,-0.418518798828125,-1.4252568369089929
1758645517.6674397,target,5,2.9310791015625,-0.5181437377929687,1.4380149764271264
1758645517.6875293,herder,1,-0.5733630981445312,-1.2386630859375,-1.0957035017639467
1758645517.6875293,herder,2,2.268427978515625,-0.6696961059570312,-0.178137264063503
1758645517.6875293,target,1,-0.6693214111328125,-0.7508120727539063,0.1689233092583173
1758645517.6875293,target,2,0.3715002746582031,-0.5708499145507813,1.4884268848076179
1758645517.6875293,target,3,0.048220603942871094,0.06449696350097656,0.4357059042206821
1758645517.6875293,target,4,-0.10480219268798828,-0.4184871826171875,-1.4254946571943368
1758645517.6875293,target,5,2.93106591796875,-0.5183480834960937,1.433646460133015
1758645517.7081637,herder,1,-0.5735851440429688,-1.238544189453125,-1.0941787754608492
1758645517.7081637,herder,2,2.27447802734375,-0.6707192993164063,-0.18303698112654443
1758645517.7081637,target,1,-0.6693539428710937,-0.7508551025390625,0.16914550011701399
1758645517.7081637,target,2,0.37148251342773436,-0.570836669921875,1.4898535402035733
1758645517.7081637,target,3,0.04826818084716797,0.0645500717163086,0.4353639876262296
1758645517.7081637,target,4,-0.10473419189453125,-0.41848419189453123,-1.425736205905207
1758645517.7081637,target,5,2.931005615234375,-0.5182202758789063,1.4377386734640307
1758645517.727516,herder,1,-0.573500732421875,-1.2382930908203125,-1.0918675511088238
1758645517.727516,herder,2,2.281303466796875,-0.6714196166992188,-0.18764235231010482
1758645517.727516,target,1,-0.6693540649414063,-0.7508255004882812,0.16958210873297566
1758645517.727516,target,2,0.37149566650390625,-0.5708264770507813,1.4910985680131854
1758645517.727516,target,3,0.04825185775756836,0.06447755432128906,0.4364031530835785
1758645517.727516,target,4,-0.10470211029052734,-0.41844610595703124,-1.424709690463036
1758645517.727516,target,5,2.931124267578125,-0.5181575927734375,1.43747848262553
1758645517.7474475,herder,1,-0.5735487060546876,-1.2382984619140625,-1.0876887850423804
1758645517.7474475,herder,2,2.28815234375,-0.67216552734375,-0.19341130850819127
1758645517.7474475,target,1,-0.6693449096679688,-0.750845947265625,0.16842255174959833
1758645517.7474475,target,2,0.3714608154296875,-0.5708876342773438,1.4890155765665798
1758645517.7474475,target,3,0.04825510025024414,0.0645656280517578,0.4371791982252276
1758645517.7474475,target,4,-0.10472753143310547,-0.41847369384765626,-1.424341108968169
1758645517.7474475,target,5,2.9311083984375,-0.5182837524414062,1.437493795801798
1758645517.7674317,herder,1,-0.5738275756835938,-1.2381365966796876,-1.080132930976635
1758645517.7674317,herder,2,2.294441650390625,-0.6734818725585937,-0.19863280200994152
1758645517.7674317,target,1,-0.6693487548828125,-0.75083154296875,0.16961037153004413
1758645517.7674317,target,2,0.371484130859375,-0.5708656616210938,1.4888077168434992
1758645517.7674317,target,3,0.048244686126708985,0.06455370330810548,0.4360799119062701
1758645517.7674317,target,4,-0.104811279296875,-0.41850299072265623,-1.4238094088565347
1758645517.7674317,target,5,2.931124267578125,-0.5180278930664063,1.4342057239619315
1758645517.7874699,herder,1,-0.5745610961914063,-1.23796142578125,-1.069142664369123
1758645517.7874699,herder,2,2.300681396484375,-0.6742528076171875,-0.20272373369468266
1758645517.7874699,target,1,-0.669362548828125,-0.7508464965820313,0.16909704722993135
1758645517.7874699,target,2,0.371521484375,-0.5708599853515625,1.48819545610889
1758645517.7874699,target,3,0.04824939346313477,0.06450517272949219,0.4360482202892982
1758645517.7874699,target,4,-0.10485140991210938,-0.4185335998535156,-1.4259672351297714
1758645517.7874699,target,5,2.930975341796875,-0.5182118530273437,1.437817769348406
1758645517.807671,herder,1,-0.5751581420898437,-1.23817724609375,-1.0550215190050871
1758645517.807671,herder,2,2.30689599609375,-0.6754146118164063,-0.20755430843792289
1758645517.807671,target,1,-0.6693756103515625,-0.7508504028320313,0.16937210183626608
1758645517.807671,target,2,0.37150225830078126,-0.5708541870117188,1.4886138387161414
1758645517.807671,target,3,0.04823669052124024,0.0644273681640625,0.43486567689676214
1758645517.807671,target,4,-0.10483086395263672,-0.418531982421875,-1.4252709516627702
1758645517.807671,target,5,2.931078857421875,-0.518283447265625,1.4365819294445548
1758645517.8275359,herder,1,-0.5756273193359375,-1.2381322021484376,-1.036930732299206
1758645517.8275359,herder,2,2.31322802734375,-0.67643798828125,-0.21225110927065707
1758645517.8275359,target,1,-0.6693502807617188,-0.7508551635742188,0.16911948436211527
1758645517.8275359,target,2,0.3714306335449219,-0.5708495483398438,1.4888897422050735
1758645517.8275359,target,3,0.04823566055297852,0.06447768402099609,0.4347209340915163
1758645517.8275359,target,4,-0.10479718017578125,-0.4185124206542969,-1.4259977283242529
1758645517.8275359,target,5,2.931078369140625,-0.5182138061523438,1.4369522419941303
1758645517.8475647,herder,1,-0.5760308227539063,-1.238358154296875,-1.0155833656333488
1758645517.8475647,herder,2,2.320401123046875,-0.677526611328125,-0.21646269879753563
1758645517.8475647,target,1,-0.6693449096679688,-0.7508536987304687,0.16890218706192162
1758645517.8475647,target,2,0.3714444580078125,-0.570879638671875,1.4876215448939778
1758645517.8475647,target,3,0.0482116813659668,0.06452510833740234,0.4349084539217715
1758645517.8475647,target,4,-0.10481851196289063,-0.41850738525390624,-1.4265663132169848
1758645517.8475647,target,5,2.931218017578125,-0.5183120727539062,1.431412201136493
1758645517.8675106,herder,1,-0.5764847412109375,-1.238915283203125,-0.991776436542749
1758645517.8675106,herder,2,2.3272197265625,-0.6790217895507813,-0.22077610430183928
1758645517.8675106,target,1,-0.6693907470703125,-0.7508624877929687,0.16836565997081152
1758645517.8675106,target,2,0.37143984985351564,-0.570865966796875,1.4898279738571085
1758645517.8675106,target,3,0.048223217010498046,0.0645822982788086,0.43542980099466816
1758645517.8675106,target,4,-0.10486940765380859,-0.41852838134765624,-1.425923292971785
1758645517.8675106,target,5,2.931148193359375,-0.5183301391601562,1.4341814891960118
1758645517.8875465,herder,1,-0.57756396484375,-1.2389061279296876,-0.965258808936612
1758645517.8875465,herder,2,2.33324365234375,-0.6801171875,-0.22450636075119965
1758645517.8875465,target,1,-0.6693642578125,-0.7508489379882812,0.16916066349047063
1758645517.8875465,target,2,0.37148040771484375,-0.57089990234375,1.4889217001381545
1758645517.8875465,target,3,0.04822880172729492,0.06450841522216796,0.43474876412490765
1758645517.8875465,target,4,-0.10482568359375,-0.4185290222167969,-1.4267129202349935
1758645517.8875465,target,5,2.9311689453125,-0.518388427734375,1.4353890995923082
1758645517.9076574,herder,1,-0.5790698852539062,-1.2386075439453126,-0.9370659198467607
1758645517.9076574,herder,2,2.339426513671875,-0.6813636474609375,-0.2290425063911748
1758645517.9076574,target,1,-0.6693865966796875,-0.7508452758789063,0.16880844379155083
1758645517.9076574,target,2,0.3714641723632813,-0.5708755493164063,1.488532878619003
1758645517.9076574,target,3,0.04823617935180664,0.06438044738769531,0.4339263134012639
1758645517.9076574,target,4,-0.10483502197265625,-0.41857711791992186,-1.4256471231667438
1758645517.9076574,target,5,2.93115576171875,-0.5183909301757812,1.4329993119881257
1758645517.9274504,herder,1,-0.579848876953125,-1.2388023681640625,-0.9058080652373645
1758645517.9274504,herder,2,2.346232666015625,-0.6826950073242187,-0.2337330321505905
1758645517.9274504,target,1,-0.6693868408203125,-0.75082861328125,0.1694074719444937
1758645517.9274504,target,2,0.37143353271484375,-0.5708729248046875,1.4880738828051279
1758645517.9274504,target,3,0.048204723358154296,0.06448779296875,0.43417505264707734
1758645517.9274504,target,4,-0.10482598114013672,-0.41856878662109376,-1.425107833046003
1758645517.9274504,target,5,2.931040771484375,-0.5183373413085938,1.4375550485068698
1758645517.9475725,herder,1,-0.5800782470703125,-1.2396146240234376,-0.8731713589735796
1758645517.9475725,herder,2,2.35321337890625,-0.6843429565429687,-0.23794435536136005
1758645517.9475725,target,1,-0.6693915405273437,-0.7508651733398437,0.1688894704677165
1758645517.9475725,target,2,0.37146084594726564,-0.5708859252929688,1.4896583304956705
1758645517.9475725,target,3,0.04822766494750977,0.06448272705078124,0.4348154097311869
1758645517.9475725,target,4,-0.10484075927734375,-0.4185376892089844,-1.4261461995550249
1758645517.9475725,target,5,2.931142333984375,-0.51852685546875,1.4348708484441788
1758645517.9674354,herder,1,-0.5805575561523437,-1.24046337890625,-0.8400043507577327
1758645517.9674354,herder,2,2.3600908203125,-0.6858140258789063,-0.24075414011420496
1758645517.9674354,target,1,-0.6693543701171875,-0.7508406372070312,0.16797968470507496
1758645517.9674354,target,2,0.3714742736816406,-0.5707955932617188,1.4909239978037305
1758645517.9674354,target,3,0.04819450759887695,0.06451310729980468,0.43400038256908174
1758645517.9674354,target,4,-0.1048226547241211,-0.41850595092773435,-1.4254765476989244
1758645517.9674354,target,5,2.931014404296875,-0.5181332397460937,1.4413722904553348
1758645517.9874716,herder,1,-0.5813943481445313,-1.2406636962890625,-0.8080612647998591
1758645517.9874716,herder,2,2.3663701171875,-0.6867957153320312,-0.24510066868456645
1758645517.9874716,target,1,-0.6693306274414063,-0.7508220825195312,0.16849890124909955
1758645517.9874716,target,2,0.3715052185058594,-0.5708392944335937,1.4901611353094775
1758645517.9874716,target,3,0.04824969482421875,0.06453510284423829,0.43462016673377046
1758645517.9874716,target,4,-0.10476659393310547,-0.418464111328125,-1.4239565485067616
1758645517.9874716,target,5,2.931102294921875,-0.5183754272460938,1.437951460035128
1758645518.0079129,herder,1,-0.5817506713867188,-1.2417989501953124,-0.7782359911198437
1758645518.0079129,herder,2,2.372388427734375,-0.6882727661132813,-0.24979329168334058
1758645518.0079129,target,1,-0.6693658447265625,-0.7508046264648438,0.16972566976048772
1758645518.0079129,target,2,0.3714559020996094,-0.57086083984375,1.4882103698109943
1758645518.0079129,target,3,0.04827616882324219,0.06458651733398438,0.4350877512421611
1758645518.0079129,target,4,-0.10478446960449218,-0.41849212646484374,-1.4238907684278366
1758645518.0079129,target,5,2.93101025390625,-0.518066650390625,1.4361551578798695
1758645518.0275164,herder,1,-0.5820796508789062,-1.2426966552734375,-0.7486749695989914
1758645518.0275164,herder,2,2.379183837890625,-0.6895512084960937,-0.25363270444788055
1758645518.0275164,target,1,-0.669323974609375,-0.7508472290039062,0.16913714444909386
1758645518.0275164,target,2,0.37153158569335937,-0.57084130859375,1.488211035601267
1758645518.0275164,target,3,0.048270339965820315,0.06458663177490234,0.43475205978675663
1758645518.0275164,target,4,-0.10473678588867187,-0.4184522705078125,-1.4235879670118947
1758645518.0275164,target,5,2.930974853515625,-0.5181856079101562,1.435494427613421
1758645518.04745,herder,1,-0.5834280395507813,-1.2426181640625,-0.7216320334678363
1758645518.04745,herder,2,2.3861298828125,-0.6911341552734375,-0.2566986852975911
1758645518.04745,target,1,-0.6693548583984374,-0.75083642578125,0.16944756916365622
1758645518.04745,target,2,0.3714715881347656,-0.5708612670898437,1.4888944027369813
1758645518.04745,target,3,0.0483074722290039,0.06457979583740234,0.43565430547456185
1758645518.04745,target,4,-0.1047198257446289,-0.41844796752929686,-1.4233598672645293
1758645518.04745,target,5,2.931066650390625,-0.518016845703125,1.437720830284727
1758645518.0675569,herder,1,-0.5838251953125,-1.24295556640625,-0.6961933189983176
1758645518.0675569,herder,2,2.39249560546875,-0.6929791259765625,-0.25984169808183216
1758645518.0675569,target,1,-0.669382080078125,-0.7508378295898438,0.1698580621561783
1758645518.0675569,target,2,0.3713731384277344,-0.5707960205078125,1.48920745732312
1758645518.0675569,target,3,0.048239486694335934,0.06448310089111328,0.43395477593541415
1758645518.0675569,target,4,-0.10469300079345703,-0.41844903564453123,-1.4241219308104556
1758645518.0675569,target,5,2.931061767578125,-0.5183336181640625,1.4388285721401457
1758645518.0876195,herder,1,-0.5833787841796875,-1.244041015625,-0.6697046532690353
1758645518.0876195,herder,2,2.3983828125,-0.6940712280273438,-0.2632169718026418
1758645518.0876195,target,1,-0.6694013671875,-0.7508346557617187,0.1691487291998357
1758645518.0876195,target,2,0.37155181884765626,-0.5707145385742187,1.4902430275129974
1758645518.0876195,target,3,0.04820147705078125,0.06448577117919922,0.43360433722547337
1758645518.0876195,target,4,-0.10473017883300781,-0.418442138671875,-1.4248305979765257
1758645518.0876195,target,5,2.930957763671875,-0.5182514038085938,1.4419661753784225
1758645518.1074789,herder,1,-0.5843804931640625,-1.24424853515625,-0.6415314049922233
1758645518.1074789,herder,2,2.405262939453125,-0.6957542724609375,-0.26816540806887484
1758645518.1074789,target,1,-0.6693499145507813,-0.750842529296875,0.1685905306353551
1758645518.1074789,target,2,0.37152383422851565,-0.5707765502929687,1.490438769853118
1758645518.1074789,target,3,0.048214813232421876,0.06453829193115235,0.43524251419100835
1758645518.1074789,target,4,-0.10479368591308594,-0.4184849853515625,-1.4249782702589706
1758645518.1074789,target,5,2.931028564453125,-0.5183267211914062,1.4386171171495934
1758645518.1274457,herder,1,-0.5858429565429687,-1.244909912109375,-0.607924375985268
1758645518.1274457,herder,2,2.412605712890625,-0.69730859375,-0.2716954280937749
1758645518.1274457,target,1,-0.6693043212890625,-0.7508079223632812,0.16894022033123932
1758645518.1274457,target,2,0.37152938842773436,-0.5708240356445312,1.4886685666765425
1758645518.1274457,target,3,0.04821722412109375,0.0645442123413086,0.4343623061612235
1758645518.1274457,target,4,-0.10481675720214843,-0.41853802490234376,-1.4255721551820582
1758645518.1274457,target,5,2.930982177734375,-0.517887451171875,1.4380818217704874
1758645518.1477273,herder,1,-0.5860299682617187,-1.246253662109375,-0.5704924484417139
1758645518.1477273,herder,2,2.419056396484375,-0.6987628173828125,-0.27511570923700684
1758645518.1477273,target,1,-0.6693414916992187,-0.750846923828125,0.16897257773848376
1758645518.1477273,target,2,0.3714638366699219,-0.5708568115234375,1.4896052004319233
1758645518.1477273,target,3,0.04826025772094727,0.06451239013671875,0.4339435240798086
1758645518.1477273,target,4,-0.10472710418701171,-0.41849710083007813,-1.4247420478702806
1758645518.1477273,target,5,2.93101123046875,-0.518310302734375,1.4421472703325477
1758645518.1675687,herder,1,-0.5860638427734375,-1.2472847900390625,-0.5344352779423721
1758645518.1675687,herder,2,2.42539306640625,-0.7000120239257812,-0.279361337291568
1758645518.1675687,target,1,-0.6693441772460937,-0.7508436889648438,0.16902201266621836
1758645518.1675687,target,2,0.3714490661621094,-0.5708631591796876,1.4883264836345218
1758645518.1675687,target,3,0.04825228500366211,0.06453624725341797,0.43469340366374765
1758645518.1675687,target,4,-0.10471712493896485,-0.418471923828125,-1.4236251181091013
1758645518.1675687,target,5,2.930910400390625,-0.5180736694335938,1.4397474958742775
1758645518.1874638,herder,1,-0.5868952026367188,-1.2476661376953124,-0.5016250334440551
1758645518.1874638,herder,2,2.432219970703125,-0.7017854614257812,-0.28377006731813964
1758645518.1874638,target,1,-0.66934423828125,-0.7508458862304688,0.16944295856601901
1758645518.1874638,target,2,0.37148101806640627,-0.5708368530273438,1.4893404822195695
1758645518.1874638,target,3,0.048274372100830076,0.06455027008056641,0.43535536564220045
1758645518.1874638,target,4,-0.10471331024169922,-0.4184577941894531,-1.42402006489876
1758645518.1874638,target,5,2.930984619140625,-0.5182181396484375,1.4394873050357766
1758645518.2074986,herder,1,-0.5871273803710938,-1.2482564697265626,-0.474214048450251
1758645518.2074986,herder,2,2.439272705078125,-0.7035523071289063,-0.287848698527596
1758645518.2074986,target,1,-0.6693333129882812,-0.7508339233398438,0.16789809210717768
1758645518.2074986,target,2,0.37150579833984376,-0.5708214111328125,1.4917161550699747
1758645518.2074986,target,3,0.048249034881591796,0.06452394104003906,0.4358335362159242
1758645518.2074986,target,4,-0.10475633239746093,-0.4184646301269531,-1.4251634931127855
1758645518.2074986,target,5,2.931080078125,-0.5183117065429688,1.4396208625644442
1758645518.227673,herder,1,-0.5863834228515625,-1.2492813720703124,-0.4541112102513015
1758645518.227673,herder,2,2.444943115234375,-0.7049940795898437,-0.2913399695586354
1758645518.227673,target,1,-0.6693670654296875,-0.7508208618164063,0.1692699196741911
1758645518.227673,target,2,0.3714759826660156,-0.5708214111328125,1.491108022235055
1758645518.227673,target,3,0.04823767471313477,0.06450373840332031,0.43578956076842423
1758645518.227673,target,4,-0.10480406188964844,-0.41853665161132814,-1.425385867063807
1758645518.227673,target,5,2.93108935546875,-0.5182523803710938,1.440913694115623
1758645518.247419,herder,1,-0.5863137817382813,-1.2497274169921875,-0.4380787141729155
1758645518.247419,herder,2,2.451075439453125,-0.706416748046875,-0.2939966059040439
1758645518.247419,target,1,-0.66934619140625,-0.75080712890625,0.16899148618222332
1758645518.247419,target,2,0.3714976501464844,-0.5708399658203125,1.4902100043154805
1758645518.247419,target,3,0.04821836090087891,0.06453022766113281,0.43560217409622354
1758645518.247419,target,4,-0.10480960845947265,-0.41849819946289063,-1.4261070510870006
1758645518.247419,target,5,2.931131103515625,-0.518226806640625,1.4378121767101169
1758645518.2674675,herder,1,-0.5865680541992188,-1.250001953125,-0.42675791598461127
1758645518.2674675,herder,2,2.4580654296875,-0.7083991088867188,-0.2971142021446315
1758645518.2674675,target,1,-0.6693143920898438,-0.750822265625,0.170243221828831
1758645518.2674675,target,2,0.37151165771484373,-0.57078857421875,1.4922919304976499
1758645518.2674675,target,3,0.04824499893188477,0.06454505157470704,0.43618677124500954
1758645518.2674675,target,4,-0.10479293060302734,-0.41850857543945313,-1.4257954612394612
1758645518.2674675,target,5,2.931060546875,-0.5183648071289062,1.43738180987796
1758645518.2875884,herder,1,-0.587002685546875,-1.25020166015625,-0.4183659292051217
1758645518.2875884,herder,2,2.4648564453125,-0.7100779418945312,-0.29869205851147623
1758645518.2875884,target,1,-0.6693634643554688,-0.7508250732421875,0.16927314875701283
1758645518.2875884,target,2,0.37148843383789065,-0.570759521484375,1.4937789064922955
1758645518.2875884,target,3,0.04823569488525391,0.06450172424316407,0.4349023952302916
1758645518.2875884,target,4,-0.10479345703125,-0.41850152587890627,-1.4256206247138976
1758645518.2875884,target,5,2.930936279296875,-0.51825439453125,1.4411296764800285
1758645518.3074634,herder,1,-0.587191162109375,-1.25015087890625,-0.41295505166035323
1758645518.3074634,herder,2,2.470427001953125,-0.7117947998046875,-0.3001439473587602
1758645518.3074634,target,1,-0.6693458862304688,-0.7508652954101562,0.16929378825546096
1758645518.3074634,target,2,0.37149700927734375,-0.5708136596679687,1.4895311645536191
1758645518.3074634,target,3,0.048255435943603514,0.06451414489746093,0.4355918543469995
1758645518.3074634,target,4,-0.10480781555175782,-0.4185477600097656,-1.4255612362215888
1758645518.3074634,target,5,2.931089599609375,-0.5181411743164063,1.4399343166247465
1758645518.3275774,herder,1,-0.5870010375976562,-1.250165283203125,-0.4102361972139777
1758645518.3275774,herder,2,2.475666748046875,-0.7130463256835937,-0.3029252862222117
1758645518.3275774,target,1,-0.6693421630859375,-0.7508447875976563,0.16860056742371332
1758645518.3275774,target,2,0.3714861755371094,-0.5708680419921875,1.4879075683950524
1758645518.3275774,target,3,0.048288692474365236,0.0645640640258789,0.4368545255988333
1758645518.3275774,target,4,-0.10480777740478515,-0.41855606079101565,-1.4260157046616109
1758645518.3275774,target,5,2.931032470703125,-0.518354248046875,1.4404299309036102
1758645518.3474338,herder,1,-0.5869118041992187,-1.2500130615234375,-0.40977443837047156
1758645518.3474338,herder,2,2.482463623046875,-0.7150205078125,-0.3049378703474982
1758645518.3474338,target,1,-0.6693320922851562,-0.7508274536132813,0.16798289714313988
1758645518.3474338,target,2,0.3714819641113281,-0.5708775634765625,1.4885635049715389
1758645518.3474338,target,3,0.04823679733276367,0.06448060607910157,0.43434206613693893
1758645518.3474338,target,4,-0.10477945709228516,-0.4184644775390625,-1.422926970429337
1758645518.3474338,target,5,2.930927734375,-0.5181695556640625,1.4378392077951812
1758645518.3674338,herder,1,-0.5869317016601563,-1.25009375,-0.4109514224142321
1758645518.3674338,herder,2,2.489662109375,-0.7171464233398438,-0.30610942820053766
1758645518.3674338,target,1,-0.6693577270507812,-0.7508346557617187,0.17019560117958904
1758645518.3674338,target,2,0.37146331787109377,-0.5707864379882812,1.4901313079052685
1758645518.3674338,target,3,0.0482330322265625,0.06450716400146485,0.43544078653416474
1758645518.3674338,target,4,-0.1047239990234375,-0.4184591979980469,-1.4233818383435226
1758645518.3674338,target,5,2.931225830078125,-0.5180582275390625,1.439209670492136
1758645518.3875728,herder,1,-0.5872012939453125,-1.250004150390625,-0.41407414523991815
1758645518.3875728,herder,2,2.49607763671875,-0.7189706420898437,-0.3075869832628273
1758645518.3875728,target,1,-0.669344970703125,-0.7508447265625,0.1689971953338102
1758645518.3875728,target,2,0.37142630004882815,-0.57087060546875,1.488752189934771
1758645518.3875728,target,3,0.04824429321289062,0.06451937866210937,0.436402753609415
1758645518.3875728,target,4,-0.1047564926147461,-0.4184567565917969,-1.4243265947402282
1758645518.3875728,target,5,2.931044921875,-0.5180703125,1.4431640652367401
1758645518.407667,herder,1,-0.5876453247070312,-1.2496983642578126,-0.4216843943709286
1758645518.407667,herder,2,2.50216552734375,-0.7208799438476563,-0.3107431620497074
1758645518.407667,target,1,-0.6693533935546875,-0.7508447875976563,0.16847135417657405
1758645518.407667,target,2,0.3714443359375,-0.5708575439453125,1.4905302494365624
1758645518.407667,target,3,0.048281181335449216,0.06450639343261719,0.435763594947796
1758645518.407667,target,4,-0.10480333709716796,-0.41853466796875,-1.424322599998593
1758645518.407667,target,5,2.931165771484375,-0.518114990234375,1.4327901206845
1758645518.4274364,herder,1,-0.5880430908203125,-1.2491083984375,-0.4332792984144292
1758645518.4274364,herder,2,2.5083505859375,-0.722280517578125,-0.31363758539094644
1758645518.4274364,target,1,-0.6693566284179687,-0.7508544311523437,0.1688623395141113
1758645518.4274364,target,2,0.3714361877441406,-0.570831298828125,1.4896708473527938
1758645518.4274364,target,3,0.04823230743408203,0.06441702270507813,0.4345971969693685
1758645518.4274364,target,4,-0.10482886505126954,-0.4185429992675781,-1.4250736114259954
1758645518.4274364,target,5,2.931126953125,-0.5183052368164063,1.436270206438961
1758645518.4474216,herder,1,-0.5877006225585938,-1.2488974609375,-0.44840934906792823
1758645518.4474216,herder,2,2.51488232421875,-0.7243458862304688,-0.31619888056933015
1758645518.4474216,target,1,-0.6693427734375,-0.7508211059570312,0.16927839185540894
1758645518.4474216,target,2,0.3714606323242188,-0.570803955078125,1.490799628180824
1758645518.4474216,target,3,0.04823823547363281,0.06447826385498047,0.43517766621846493
1758645518.4474216,target,4,-0.10482870483398438,-0.41851904296875,-1.4256158310239355
1758645518.4474216,target,5,2.930934814453125,-0.51813525390625,1.437813774606771
1758645518.4675367,herder,1,-0.5874323120117187,-1.248519775390625,-0.4662093185827726
1758645518.4675367,herder,2,2.521129150390625,-0.7259441528320313,-0.31829998151134814
1758645518.4675367,target,1,-0.669323486328125,-0.7508200073242187,0.1693276603355754
1758645518.4675367,target,2,0.37145452880859375,-0.5708352661132813,1.4904578114549123
1758645518.4675367,target,3,0.04827470779418945,0.06454647064208985,0.4350008656115973
1758645518.4675367,target,4,-0.10481394195556641,-0.41852484130859374,-1.4257280832638823
1758645518.4675367,target,5,2.931115234375,-0.5180120849609375,1.438501003326066
1758645518.4875708,herder,1,-0.5872177734375,-1.2479923095703125,-0.48785512573828677
1758645518.4875708,herder,2,2.527611083984375,-0.7277066040039063,-0.32143635303762086
1758645518.4875708,target,1,-0.6693671264648438,-0.750834228515625,0.16913990747872482
1758645518.4875708,target,2,0.3714377746582031,-0.5708487548828125,1.4893225058822115
1758645518.4875708,target,3,0.04829117202758789,0.06461844635009766,0.43670332462794403
1758645518.4875708,target,4,-0.10475501251220704,-0.4184447021484375,-1.4221392073788914
1758645518.4875708,target,5,2.931028076171875,-0.5181746215820312,1.4391980857413942
1758645518.5077374,herder,1,-0.5873882446289063,-1.2473433837890624,-0.5123407614326932
1758645518.5077374,herder,2,2.53399755859375,-0.7295579833984375,-0.32371428787602013
1758645518.5077374,target,1,-0.6693639526367188,-0.7508570556640625,0.16860740841876345
1758645518.5077374,target,2,0.3714449462890625,-0.5708286743164063,1.4900327709449357
1758645518.5077374,target,3,0.04828671646118164,0.06456261444091797,0.43562224767294
1758645518.5077374,target,4,-0.10474007415771484,-0.41840725708007814,-1.4237718582851646
1758645518.5077374,target,5,2.9310576171875,-0.518341552734375,1.4381100512780423
1758645518.527516,herder,1,-0.5876434936523437,-1.2460439453125,-0.5369179765790849
1758645518.527516,herder,2,2.539925537109375,-0.73156103515625,-0.3255163824066495
1758645518.527516,target,1,-0.6693419799804687,-0.7508331298828125,0.1684606848874569
1758645518.527516,target,2,0.371466064453125,-0.5708546142578125,1.4900370320026797
1758645518.527516,target,3,0.048256183624267576,0.06442460632324219,0.4354121575524464
1758645518.527516,target,4,-0.10480958557128907,-0.41850216674804686,-1.4243734663754135
1758645518.527516,target,5,2.931127197265625,-0.5181317138671875,1.435898961783004
1758645518.547586,herder,1,-0.5870282592773437,-1.245656982421875,-0.56248179304081
1758645518.547586,herder,2,2.54628173828125,-0.73364013671875,-0.3268136081736271
1758645518.547586,target,1,-0.669344482421875,-0.7508381958007813,0.16848159070201404
1758645518.547586,target,2,0.37143807983398436,-0.5708688354492187,1.490110002616548
1758645518.547586,target,3,0.048260414123535156,0.0645025863647461,0.4361309447306588
1758645518.547586,target,4,-0.10479386901855468,-0.418489013671875,-1.4242136767100086
1758645518.547586,target,5,2.930990234375,-0.518060302734375,1.4395035503184261
1758645518.567588,herder,1,-0.5860444946289063,-1.2455509033203125,-0.5868491178037898
1758645518.567588,herder,2,2.55225634765625,-0.7355543823242188,-0.3282545447709281
1758645518.567588,target,1,-0.66934130859375,-0.7508291015625,0.16822847388515882
1758645518.567588,target,2,0.37146859741210936,-0.5707915649414063,1.4902209232759498
1758645518.567588,target,3,0.048232486724853516,0.06450395965576172,0.4352191782419565
1758645518.567588,target,4,-0.10472504425048829,-0.4184444580078125,-1.4232402913315847
1758645518.567588,target,5,2.931044921875,-0.51823486328125,1.4394296475981765
1758645518.5875611,herder,1,-0.5860276489257813,-1.244798828125,-0.6107260214520315
1758645518.5875611,herder,2,2.558415283203125,-0.7374552612304688,-0.32948755506612115
1758645518.5875611,target,1,-0.669356689453125,-0.7508327026367188,0.1680629750681672
1758645518.5875611,target,2,0.3714520263671875,-0.5708170776367187,1.4902699254400071
1758645518.5875611,target,3,0.04822705078125,0.06440275573730468,0.43570976580426274
1758645518.5875611,target,4,-0.10472679901123047,-0.41844610595703124,-1.4233015440366565
1758645518.5875611,target,5,2.93102197265625,-0.5183180541992187,1.4413222230268412
1758645518.607576,herder,1,-0.5858502807617187,-1.2441138916015626,-0.6342323462345886
1758645518.607576,herder,2,2.56457666015625,-0.73934521484375,-0.3305069132628626
1758645518.607576,target,1,-0.6693963012695312,-0.7508280639648437,0.169304108004685
1758645518.607576,target,2,0.3715336608886719,-0.5708305053710937,1.4907820513176293
1758645518.607576,target,3,0.04825560760498047,0.06449555969238281,0.43602771394890455
1758645518.607576,target,4,-0.10472944641113281,-0.41842816162109375,-1.4253693554650486
1758645518.607576,target,5,2.930923828125,-0.5184036254882812,1.4352562078539133
1758645518.6274374,herder,1,-0.5850831909179688,-1.24366650390625,-0.6561508943752405
1758645518.6274374,herder,2,2.570945068359375,-0.7412750244140625,-0.33226639721605067
1758645518.6274374,target,1,-0.6693759155273438,-0.750828369140625,0.16935953504487228
1758645518.6274374,target,2,0.37154946899414065,-0.5708804931640625,1.4874890526297464
1758645518.6274374,target,3,0.04824530029296875,0.06445207214355468,0.43542041335182563
1758645518.6274374,target,4,-0.10475644683837891,-0.41843667602539064,-1.425566562543769
1758645518.6274374,target,5,2.931031982421875,-0.5182394409179687,1.4336548490904486
1758645518.647433,herder,1,-0.5844898071289063,-1.2435621337890626,-0.6767611646303909
1758645518.647433,herder,2,2.57718896484375,-0.743071533203125,-0.333672146797449
1758645518.647433,target,1,-0.6693904418945312,-0.75085205078125,0.16926554210314929
1758645518.647433,target,2,0.37153445434570315,-0.5708566284179688,1.4876616254683837
1758645518.647433,target,3,0.048248870849609375,0.06451752471923829,0.4352748383087392
1758645518.647433,target,4,-0.10475933837890625,-0.4184643859863281,-1.4255749515012028
1758645518.647433,target,5,2.930987548828125,-0.518394287109375,1.4337436655128029
1758645518.6675746,herder,1,-0.5843917236328126,-1.242771240234375,-0.6981350963281217
1758645518.6675746,herder,2,2.582666259765625,-0.7449855346679688,-0.33521871102148526
1758645518.6675746,target,1,-0.669328125,-0.7508314819335937,0.16870611182666453
1758645518.6675746,target,2,0.37143942260742185,-0.5708853759765625,1.4910943069554412
1758645518.6675746,target,3,0.048224811553955076,0.06452754974365234,0.4338921916497973
1758645518.6675746,target,4,-0.10480851745605468,-0.41852804565429685,-1.4265470052990816
1758645518.6675746,target,5,2.931049072265625,-0.5183767700195312,1.4343340883264735
1758645518.6875615,herder,1,-0.584297119140625,-1.24195703125,-0.7209617158214633
1758645518.6875615,herder,2,2.5884736328125,-0.74665478515625,-0.335890559985485
1758645518.6875615,target,1,-0.6693621215820312,-0.7508212280273437,0.1697455935343929
1758645518.6875615,target,2,0.3714900512695313,-0.5708172607421875,1.491206559195388
1758645518.6875615,target,3,0.04826199340820313,0.06453543853759766,0.4358870990433484
1758645518.6875615,target,4,-0.10475754547119141,-0.418476318359375,-1.424511551277934
1758645518.6875615,target,5,2.930940673828125,-0.5183012084960937,1.4397553521994932
1758645518.7075515,herder,1,-0.584123779296875,-1.241466064453125,-0.7444918758957767
1758645518.7075515,herder,2,2.59480859375,-0.7487940673828125,-0.3382193279111912
1758645518.7075515,target,1,-0.6693342895507812,-0.7508062744140624,0.1692623463098412
1758645518.7075515,target,2,0.37149203491210936,-0.5708319091796875,1.4906239927069331
1758645518.7075515,target,3,0.04824660873413086,0.06457167053222657,0.4353832289651054
1758645518.7075515,target,4,-0.10473657989501953,-0.4184716796875,-1.4252887948420738
1758645518.7075515,target,5,2.931042724609375,-0.518269775390625,1.4404640193655633
1758645518.7274718,herder,1,-0.5839305419921875,-1.2407674560546875,-0.7673761528267186
1758645518.7274718,herder,2,2.601441650390625,-0.7510390014648437,-0.33924484466795346
1758645518.7274718,target,1,-0.6693179321289062,-0.7508231811523437,0.16843049129859813
1758645518.7274718,target,2,0.37152676391601563,-0.5708558959960938,1.4896755078847015
1758645518.7274718,target,3,0.048235195159912106,0.06449688720703126,0.434625992398655
1758645518.7274718,target,4,-0.10476373291015625,-0.41844906616210936,-1.4245763992504776
1758645518.7274718,target,5,2.931084716796875,-0.518260498046875,1.4410521784923072
1758645518.7474499,herder,1,-0.5838942260742187,-1.240062744140625,-0.7923901596813968
1758645518.7474499,herder,2,2.607104736328125,-0.7528554077148437,-0.339888231097803
1758645518.7474499,target,1,-0.6693383178710938,-0.7508470458984375,0.167432022271657
1758645518.7474499,target,2,0.3714324951171875,-0.5708336181640625,1.4892378173595469
1758645518.7474499,target,3,0.04826132202148437,0.06453151702880859,0.4347644434858255
1758645518.7474499,target,4,-0.10481304931640625,-0.4185268249511719,-1.4276266508049997
1758645518.7474499,target,5,2.931013671875,-0.5182642822265625,1.44105817060476
1758645518.7679765,herder,1,-0.5828246459960937,-1.239853515625,-0.8216659566495016
1758645518.7679765,herder,2,2.612648681640625,-0.7547376098632812,-0.3403898041996058
1758645518.7679765,target,1,-0.6693816528320312,-0.7508200073242187,0.16860113334544496
1758645518.7679765,target,2,0.3713978271484375,-0.57087744140625,1.4893780327909396
1758645518.7679765,target,3,0.04826469802856445,0.06451856994628906,0.43480315919017254
1758645518.7679765,target,4,-0.10480838012695312,-0.41853009033203126,-1.427601883406862
1758645518.7679765,target,5,2.931108154296875,-0.5181611938476562,1.4389856986444602
1758645518.7875025,herder,1,-0.581166259765625,-1.240046142578125,-0.8531471838953283
1758645518.7875025,herder,2,2.618708984375,-0.7569202270507812,-0.3410685440929261
1758645518.7875025,target,1,-0.6693555297851562,-0.7508118286132812,0.17046318229011473
1758645518.7875025,target,2,0.37147561645507815,-0.5708546142578125,1.4902608706923008
1758645518.7875025,target,3,0.04824716949462891,0.0645981674194336,0.43509191243136436
1758645518.7875025,target,4,-0.1047584228515625,-0.4185066223144531,-1.4273338362431456
1758645518.7875025,target,5,2.931210693359375,-0.5181730346679687,1.4336071785069362
1758645518.8075492,herder,1,-0.581043212890625,-1.23910205078125,-0.8823235117967186
1758645518.8075492,herder,2,2.624943603515625,-0.7587390747070313,-0.34208610465593176
1758645518.8075492,target,1,-0.6693343505859375,-0.7508167114257812,0.17066536615112218
1758645518.8075492,target,2,0.3714095458984375,-0.570921630859375,1.4880259459055063
1758645518.8075492,target,3,0.04826565933227539,0.06460891723632813,0.4369029285516455
1758645518.8075492,target,4,-0.10476068878173828,-0.41847418212890625,-1.4264880162809364
1758645518.8075492,target,5,2.931010986328125,-0.5182308959960937,1.4400873152293716
1758645518.827589,herder,1,-0.580880126953125,-1.2379443359375,-0.9087099787191693
1758645518.827589,herder,2,2.630540283203125,-0.7605077514648437,-0.34342827126630443
1758645518.827589,target,1,-0.6693429565429687,-0.7508236083984375,0.1679151696276678
1758645518.827589,target,2,0.3714446105957031,-0.5709171752929687,1.4884904011996163
1758645518.827589,target,3,0.04823308944702148,0.06453123474121093,0.43810970671010124
1758645518.827589,target,4,-0.10472016906738281,-0.4184670715332031,-1.426169768530672
1758645518.827589,target,5,2.931177001953125,-0.5184234008789063,1.434451267414437
1758645518.847552,herder,1,-0.5801347045898437,-1.2386624755859375,-0.9313937196200281
1758645518.847552,herder,2,2.63661083984375,-0.7623944091796875,-0.34426380476880314
1758645518.847552,target,1,-0.6693704223632813,-0.7508407592773437,0.16874088272364687
1758645518.847552,target,2,0.3714617309570313,-0.5708983764648438,1.4884049137286246
1758645518.847552,target,3,0.04825886154174805,0.06456912994384766,0.4366409067898953
1758645518.847552,target,4,-0.10472777557373047,-0.41849612426757815,-1.4251613625839135
1758645518.847552,target,5,2.93102978515625,-0.5179905395507812,1.4425502066054767
1758645518.8675823,herder,1,-0.5794706420898438,-1.2387210693359374,-0.9458927009637194
1758645518.8675823,herder,2,2.642678466796875,-0.7642271118164062,-0.3444725300192381
1758645518.8675823,target,1,-0.6692921142578125,-0.7508602905273437,0.16902557464417634
1758645518.8675823,target,2,0.3714765930175781,-0.5708787231445313,1.4883282146892305
1758645518.8675823,target,3,0.04826078796386719,0.06453804779052734,0.4369356188540262
1758645518.8675823,target,4,-0.10472465515136718,-0.41849981689453125,-1.4254453887141705
1758645518.8675823,target,5,2.93114111328125,-0.5181965942382812,1.4377420024153933
1758645518.8876293,herder,1,-0.5795183715820312,-1.238404052734375,-0.9563219061085786
1758645518.8876293,herder,2,2.648702392578125,-0.7663213500976562,-0.345059457433978
1758645518.8876293,target,1,-0.6693477783203124,-0.7508392333984375,0.16813629522192844
1758645518.8876293,target,2,0.3714561767578125,-0.570871826171875,1.4888150405364968
1758645518.8876293,target,3,0.0482725830078125,0.06453184509277343,0.4353663178921834
1758645518.8876293,target,4,-0.10477080535888672,-0.4185234680175781,-1.4249254065113324
1758645518.8876293,target,5,2.93108837890625,-0.5183174438476562,1.4369285398604286
1758645518.9074626,herder,1,-0.5793616943359375,-1.238135986328125,-0.9619785934219615
1758645518.9074626,herder,2,2.654782958984375,-0.7682393798828125,-0.34558200292936514
1758645518.9074626,target,1,-0.6693565063476562,-0.75081884765625,0.16806001230145448
1758645518.9074626,target,2,0.3714060974121094,-0.5709017944335938,1.4886792193209029
1758645518.9074626,target,3,0.04826398468017578,0.06453370666503906,0.43549691265413815
1758645518.9074626,target,4,-0.104796875,-0.4184837646484375,-1.424960160763558
1758645518.9074626,target,5,2.93113525390625,-0.5179955444335937,1.4426179840552193
1758645518.92757,herder,1,-0.5793502807617188,-1.2380926513671875,-0.9641976058212427
1758645518.92757,herder,2,2.660995849609375,-0.7705905151367187,-0.3456546739376107
1758645518.92757,target,1,-0.6693449096679688,-0.750834228515625,0.1694229848578434
1758645518.92757,target,2,0.37143499755859377,-0.5708619384765625,1.490501620454844
1758645518.92757,target,3,0.04822300338745117,0.06450596618652343,0.4358280101566623
1758645518.92757,target,4,-0.10477722930908204,-0.4185333251953125,-1.4258244896953431
1758645518.92757,target,5,2.931103271484375,-0.5182115478515625,1.4342078544908037
1758645518.9475389,herder,1,-0.5793123168945312,-1.2379913330078125,-0.9629395285222893
1758645518.9475389,herder,2,2.66616748046875,-0.772322021484375,-0.3456746143562726
1758645518.9475389,target,1,-0.669327392578125,-0.7508208618164063,0.1687653838056756
1758645518.9475389,target,2,0.3715355224609375,-0.57083154296875,1.4906433006248363
1758645518.9475389,target,3,0.04828866577148438,0.06452674865722656,0.4368714366717553
1758645518.9475389,target,4,-0.10477981567382813,-0.41849456787109374,-1.4246537640801444
1758645518.9475389,target,5,2.931028076171875,-0.5177737426757812,1.4379245621081183
1758645518.9675653,herder,1,-0.57930029296875,-1.238275146484375,-0.960157190973429
1758645518.9675653,herder,2,2.67156689453125,-0.7738836059570312,-0.3455528746049424
1758645518.9675653,target,1,-0.66934814453125,-0.7508267822265625,0.1695570417292153
1758645518.9675653,target,2,0.3715086059570312,-0.5707945556640625,1.4910018952656154
1758645518.9675653,target,3,0.04822587203979492,0.06449420166015625,0.4356577010049517
1758645518.9675653,target,4,-0.10475357818603516,-0.41847100830078127,-1.4245742687216054
1758645518.9675653,target,5,2.931021240234375,-0.518392333984375,1.428065539752645
1758645518.9875917,herder,1,-0.579349609375,-1.238369384765625,-0.9564603904852628
1758645518.9875917,herder,2,2.67795556640625,-0.7764461669921875,-0.34501278553587433
1758645518.9875917,target,1,-0.6693392944335937,-0.7508309326171875,0.1699121076815501
1758645518.9875917,target,2,0.3714891052246094,-0.5707984008789062,1.4912775324384386
1758645518.9875917,target,3,0.04824612426757813,0.06444516754150391,0.43564448506804215
1758645518.9875917,target,4,-0.10475137329101562,-0.41844854736328124,-1.4256950600663654
1758645518.9875917,target,5,2.931123046875,-0.518271484375,1.4293842039663975
1758645519.0074964,herder,1,-0.579762939453125,-1.2383634033203126,-0.9497746577266734
1758645519.0074964,herder,2,2.683840087890625,-0.7782372436523437,-0.3430069258923403
1758645519.0074964,target,1,-0.6693011474609375,-0.750830078125,0.16856960817604116
1758645519.0074964,target,2,0.37151385498046874,-0.5708630981445313,1.4896569989151254
1758645519.0074964,target,3,0.0482326431274414,0.06448384857177734,0.43496368122487705
1758645519.0074964,target,4,-0.10476512908935547,-0.41848138427734377,-1.4260449994336017
1758645519.0074964,target,5,2.93095654296875,-0.5183706665039063,1.4364034976515194
1758645519.0275857,herder,1,-0.5802733764648438,-1.238261474609375,-0.9387686784687301
1758645519.0275857,herder,2,2.688470947265625,-0.7801784057617187,-0.34152780622291024
1758645519.0275857,target,1,-0.6693785400390625,-0.7508334350585938,0.16887379110679865
1758645519.0275857,target,2,0.3715222473144531,-0.570833251953125,1.4897785722188874
1758645519.0275857,target,3,0.04824552917480469,0.0644892578125,0.43435268549178563
1758645519.0275857,target,4,-0.10476390838623047,-0.4185041809082031,-1.4256745537259716
1758645519.0275857,target,5,2.931106201171875,-0.5182337036132812,1.433798926105422
1758645519.0475392,herder,1,-0.5804381713867187,-1.238400634765625,-0.9251166489307114
1758645519.0475392,herder,2,2.69392236328125,-0.7816981811523438,-0.3395357284380174
1758645519.0475392,target,1,-0.6693458862304688,-0.7508369750976562,0.16891298950909325
1758645519.0475392,target,2,0.3714750671386719,-0.5708848266601563,1.4906399716734737
1758645519.0475392,target,3,0.04826021194458008,0.0645224838256836,0.4352386526074277
1758645519.0475392,target,4,-0.10485121154785157,-0.4184298095703125,-1.4260093130749947
1758645519.0475392,target,5,2.93105078125,-0.5180208740234375,1.4397845138134295
1758645519.0675416,herder,1,-0.5807647705078125,-1.2383619384765625,-0.9084278833807026
1758645519.0675416,herder,2,2.69999462890625,-0.783690185546875,-0.33812997885661905
1758645519.0675416,target,1,-0.6693424682617187,-0.750818603515625,0.1684756485238318
1758645519.0675416,target,2,0.371474365234375,-0.5708676147460937,1.4907466312751314
1758645519.0675416,target,3,0.04823598861694336,0.06448135375976563,0.4348505301680623
1758645519.0675416,target,4,-0.10474466705322266,-0.4184610900878906,-1.4258609750022773
1758645519.0675416,target,5,2.93114697265625,-0.51804638671875,1.4393995538778586
1758645519.0876532,herder,1,-0.581350341796875,-1.2383677978515626,-0.8887522495101154
1758645519.0876532,herder,2,2.705869384765625,-0.78559912109375,-0.33640058862374883
1758645519.0876532,target,1,-0.669359375,-0.7508585205078125,0.1686854723282164
1758645519.0876532,target,2,0.37143783569335936,-0.5708360595703125,1.4917686193434492
1758645519.0876532,target,3,0.04819538116455078,0.06442589569091797,0.43320596161591113
1758645519.0876532,target,4,-0.10476219940185547,-0.41848565673828125,-1.4274799106289364
1758645519.0876532,target,5,2.93104150390625,-0.5182958374023438,1.4382265645757333
1758645519.1074889,herder,1,-0.5826602783203125,-1.2381953125,-0.8662269666941163
1758645519.1074889,herder,2,2.71058203125,-0.787224365234375,-0.3344906360689712
1758645519.1074889,target,1,-0.6693668823242187,-0.7508582763671875,0.1679586956667338
1758645519.1074889,target,2,0.3714901428222656,-0.5708424682617188,1.490128511586124
1758645519.1074889,target,3,0.048241886138916015,0.0644744110107422,0.43532490573723265
1758645519.1074889,target,4,-0.1047916259765625,-0.418491943359375,-1.4267109228641761
1758645519.1074889,target,5,2.93086376953125,-0.5176461791992187,1.4469493492521242
1758645519.1274834,herder,1,-0.5836978149414063,-1.238619384765625,-0.8387712405939989
1758645519.1274834,herder,2,2.715661865234375,-0.7892952270507813,-0.332303215418121
1758645519.1274834,target,1,-0.6693544311523437,-0.7508170776367188,0.16948660111838268
1758645519.1274834,target,2,0.3715288391113281,-0.570809326171875,1.4903455592149655
1758645519.1274834,target,3,0.04820306396484375,0.06450182342529297,0.4348183724978996
1758645519.1274834,target,4,-0.10473522186279297,-0.41848599243164064,-1.4270386248363103
1758645519.1274834,target,5,2.930978515625,-0.5182505493164062,1.4362531622079844
1758645519.1474392,herder,1,-0.5838792724609375,-1.239719970703125,-0.8092847210046415
1758645519.1474392,herder,2,2.7216513671875,-0.7911311645507813,-0.32927989508012223
1758645519.1474392,target,1,-0.6693409423828125,-0.75080126953125,0.16922556139728448
1758645519.1474392,target,2,0.37151742553710937,-0.570828125,1.492405114843978
1758645519.1474392,target,3,0.0482117805480957,0.06453926086425782,0.4348914762698223
1758645519.1474392,target,4,-0.10476929473876953,-0.41847601318359373,-1.4251034388302042
1758645519.1474392,target,5,2.931039306640625,-0.51833642578125,1.4344677790131954
1758645519.1675735,herder,1,-0.5846301879882813,-1.2395478515625,-0.7799083231263589
1758645519.1675735,herder,2,2.72714208984375,-0.793000244140625,-0.3271073548418628
1758645519.1675735,target,1,-0.6693508911132813,-0.7508612060546875,0.16876634920157074
1758645519.1675735,target,2,0.37144696044921877,-0.5709043579101563,1.4891890815115985
1758645519.1675735,target,3,0.048243198394775394,0.06451671600341796,0.43385131212706457
1758645519.1675735,target,4,-0.10476597595214844,-0.4184841003417969,-1.4250874598636638
1758645519.1675735,target,5,2.931099365234375,-0.5184470825195312,1.4327939822680806
1758645519.1878648,herder,1,-0.5861624755859375,-1.2395107421875,-0.7515054437845549
1758645519.1878648,herder,2,2.730993896484375,-0.7945508422851563,-0.32493025394023667
1758645519.1878648,target,1,-0.6693361206054688,-0.750841796875,0.16932809309925254
1758645519.1878648,target,2,0.3714227294921875,-0.5708787841796875,1.4885607086523942
1758645519.1878648,target,3,0.0482069091796875,0.06440081024169922,0.4346293213500176
1758645519.1878648,target,4,-0.10472920227050782,-0.4184330139160156,-1.4228191124051888
1758645519.1878648,target,5,2.930990478515625,-0.5182373046875,1.4396264552027334
1758645519.2076056,herder,1,-0.5866456909179687,-1.2404794921875,-0.7241712909881995
1758645519.2076056,herder,2,2.735841796875,-0.7958599853515625,-0.32202348018944243
1758645519.2076056,target,1,-0.6693309936523437,-0.750857421875,0.16965434697754406
1758645519.2076056,target,2,0.37145687866210936,-0.5708609008789063,1.4892749684567534
1758645519.2076056,target,3,0.04821004867553711,0.0644877700805664,0.43553266559177245
1758645519.2076056,target,4,-0.1047228775024414,-0.4184330749511719,-1.424427794861651
1758645519.2076056,target,5,2.93110107421875,-0.518310791015625,1.4395586777529907
1758645519.2275734,herder,1,-0.5862026977539062,-1.2416751708984375,-0.6952873115954726
1758645519.2275734,herder,2,2.741765625,-0.7977477416992188,-0.3183339701047603
1758645519.2275734,target,1,-0.6693594360351562,-0.750843994140625,0.16854157840556808
1758645519.2275734,target,2,0.37147650146484373,-0.5708976440429687,1.4882067745435228
1758645519.2275734,target,3,0.0482455940246582,0.06451217651367187,0.4351411809115308
1758645519.2275734,target,4,-0.10473384857177734,-0.41846389770507814,-1.4246135503476842
1758645519.2275734,target,5,2.931117431640625,-0.5180855712890625,1.4402324575087808
1758645519.24754,herder,1,-0.5859854125976562,-1.2427598876953125,-0.6685180152663233
1758645519.24754,herder,2,2.74731103515625,-0.79972412109375,-0.31318151905427033
1758645519.24754,target,1,-0.66933935546875,-0.750830322265625,0.16922689297782953
1758645519.24754,target,2,0.3714899597167969,-0.5708822631835937,1.488545262318072
1758645519.24754,target,3,0.04823577499389648,0.064454345703125,0.433142778119049
1758645519.24754,target,4,-0.10472290802001953,-0.4184588928222656,-1.4248989080584862
1758645519.24754,target,5,2.931076904296875,-0.518248046875,1.4379743632205026
1758645519.267435,herder,1,-0.5872979125976563,-1.2426861572265624,-0.644378057881409
1758645519.267435,herder,2,2.752365478515625,-0.8014364624023438,-0.30767942824216665
1758645519.267435,target,1,-0.6693598022460937,-0.7508461303710937,0.16862871370748408
1758645519.267435,target,2,0.371462158203125,-0.570900146484375,1.4900462199084406
1758645519.267435,target,3,0.04823540878295898,0.06444873046875,0.43449426579323697
1758645519.267435,target,4,-0.10475755310058593,-0.41850057983398437,-1.424642578803566
1758645519.267435,target,5,2.93110693359375,-0.518260009765625,1.4373549119509503
1758645519.287687,herder,1,-0.5877667236328125,-1.243230712890625,-0.6191047922946115
1758645519.287687,herder,2,2.757338134765625,-0.8034566650390625,-0.30316996414736275
1758645519.287687,target,1,-0.6693648071289062,-0.75085302734375,0.16912417818353653
1758645519.287687,target,2,0.37144244384765623,-0.570886474609375,1.4894820292315072
1758645519.287687,target,3,0.04822829818725586,0.06451167297363282,0.43560157488497825
1758645519.287687,target,4,-0.10476959991455079,-0.4185022277832031,-1.4253119643435574
1758645519.287687,target,5,2.931022216796875,-0.5183407592773438,1.438794616836247
1758645519.307497,herder,1,-0.5874752807617187,-1.2442315673828126,-0.5936634146640027
1758645519.307497,herder,2,2.763056884765625,-0.80501708984375,-0.2981196120351637
1758645519.307497,target,1,-0.6693561401367187,-0.7508195190429687,0.16884409686064425
1758645519.307497,target,2,0.37150772094726564,-0.57082421875,1.491037714782277
1758645519.307497,target,3,0.04824551010131836,0.0645098876953125,0.436369996728007
1758645519.307497,target,4,-0.1047974853515625,-0.4184905090332031,-1.42551662827333
1758645519.307497,target,5,2.931109130859375,-0.518361083984375,1.43237000702254
1758645519.3274665,herder,1,-0.5881639404296874,-1.2447255859375,-0.570712026073591
1758645519.3274665,herder,2,2.767958740234375,-0.8068052368164063,-0.29405279860304456
1758645519.3274665,target,1,-0.6693507080078125,-0.7508153686523438,0.16860010137052256
1758645519.3274665,target,2,0.37152273559570315,-0.570791748046875,1.4901591379386598
1758645519.3274665,target,3,0.04825881576538086,0.06451353454589843,0.4364992931989304
1758645519.3274665,target,4,-0.10475861358642578,-0.41849215698242187,-1.4262729660229125
1758645519.3274665,target,5,2.9309873046875,-0.5180797729492187,1.4393011500755801
1758645519.3475463,herder,1,-0.5888107299804688,-1.2450120849609374,-0.5513675229950414
1758645519.3475463,herder,2,2.77233984375,-0.807960205078125,-0.28952156316632927
1758645519.3475463,target,1,-0.6693736572265625,-0.7507887573242188,0.16870562912871695
1758645519.3475463,target,2,0.3714536437988281,-0.570822998046875,1.4898755112825663
1758645519.3475463,target,3,0.04824909973144531,0.06449362182617188,0.4354044676747988
1758645519.3475463,target,4,-0.10476337432861328,-0.41849325561523437,-1.4264765646882491
1758645519.3475463,target,5,2.9311767578125,-0.5183900146484375,1.4324955750679371
1758645519.3674352,herder,1,-0.5881480102539063,-1.245716552734375,-0.5374473131352517
1758645519.3674352,herder,2,2.77683642578125,-0.8090958862304688,-0.2852571431813263
1758645519.3674352,target,1,-0.6693659057617187,-0.7508217163085937,0.1696644004106591
1758645519.3674352,target,2,0.3714384765625,-0.5708544311523438,1.4905831131842004
1758645519.3674352,target,3,0.0482386589050293,0.06447541809082032,0.435986468241522
1758645519.3674352,target,4,-0.10477117919921874,-0.41847113037109374,-1.4250657551007797
1758645519.3674352,target,5,2.93106201171875,-0.5181171875,1.4382389482748021
1758645519.387791,herder,1,-0.5877177124023437,-1.2458494873046875,-0.5291203740653874
1758645519.387791,herder,2,2.782555419921875,-0.8109650268554688,-0.2802796618144545
1758645519.387791,target,1,-0.6693667602539063,-0.7508413696289062,0.16807570830712915
1758645519.387791,target,2,0.37145596313476564,-0.5708384399414063,1.4904755214761614
1758645519.387791,target,3,0.04824822235107422,0.06449658203125,0.4355518070621074
1758645519.387791,target,4,-0.10477523803710938,-0.4184828186035156,-1.4253183559301736
1758645519.387791,target,5,2.930974853515625,-0.5182824096679688,1.4379245621081183
1758645519.4075005,herder,1,-0.588153076171875,-1.2456856689453124,-0.524568765446333
1758645519.4075005,herder,2,2.787171142578125,-0.81217333984375,-0.27361410250112245
1758645519.4075005,target,1,-0.6693223266601562,-0.7508477783203125,0.16823112040149207
1758645519.4075005,target,2,0.3714295654296875,-0.5708722534179688,1.4893944112316435
1758645519.4075005,target,3,0.04821272277832031,0.06450582122802734,0.4349028612834824
1758645519.4075005,target,4,-0.10475775909423828,-0.4184599609375,-1.4261411395489536
1758645519.4075005,target,5,2.931023681640625,-0.5182407836914062,1.4376623738988
1758645519.4274411,herder,1,-0.5883762817382813,-1.2458878173828125,-0.5234375544838082
1758645519.4274411,herder,2,2.7904462890625,-0.8137732543945313,-0.2678045330964123
1758645519.4274411,target,1,-0.669348876953125,-0.7508358764648437,0.16846819167277957
1758645519.4274411,target,2,0.3714848937988281,-0.5708602294921875,1.4891592541073897
1758645519.4274411,target,3,0.04820843505859375,0.06444574737548828,0.4348610496543681
1758645519.4274411,target,4,-0.10471197509765626,-0.41846978759765624,-1.425915569804624
1758645519.4274411,target,5,2.931055419921875,-0.5183374633789063,1.4386251066328635
1758645519.4474401,herder,1,-0.5882081909179687,-1.246126708984375,-0.5234595255628014
1758645519.4474401,herder,2,2.79470068359375,-0.8150269775390625,-0.26044155847261574
1758645519.4474401,target,1,-0.6693878173828125,-0.7508779907226563,0.16788446005134783
1758645519.4474401,target,2,0.37149017333984374,-0.5708521118164063,1.4899735156106813
1758645519.4474401,target,3,0.04823178482055664,0.06447898864746093,0.4355790711737671
1758645519.4474401,target,4,-0.10474616241455079,-0.418460693359375,-1.4261310195368113
1758645519.4474401,target,5,2.93099755859375,-0.5181304321289063,1.4412926619387414
1758645519.4674928,herder,1,-0.5880888061523437,-1.2463006591796875,-0.5246916370411265
1758645519.4674928,herder,2,2.80016552734375,-0.8166490478515624,-0.2537961226702706
1758645519.4674928,target,1,-0.669386962890625,-0.750857177734375,0.16759166213425042
1758645519.4674928,target,2,0.3715006713867188,-0.5708325805664063,1.491570613316402
1758645519.4674928,target,3,0.048213069915771484,0.06447702026367187,0.4352698448816953
1758645519.4674928,target,4,-0.1047478790283203,-0.4184509582519531,-1.4265041284055313
1758645519.4674928,target,5,2.9310595703125,-0.5182501220703125,1.4353294447838905
1758645519.4876814,herder,1,-0.5880128784179688,-1.2460325927734375,-0.5279499813453248
1758645519.4876814,herder,2,2.80453369140625,-0.817640869140625,-0.24684247590601915
1758645519.4876814,target,1,-0.6693790893554687,-0.750879150390625,0.16840424251710404
1758645519.4876814,target,2,0.37146600341796876,-0.570836181640625,1.488941141214112
1758645519.4876814,target,3,0.048221153259277345,0.06449012756347657,0.43510446257800134
1758645519.4876814,target,4,-0.10470513153076172,-0.4184704284667969,-1.4256150320756085
1758645519.4876814,target,5,2.9309931640625,-0.51814306640625,1.439650689968653
1758645519.5075085,herder,1,-0.5878937377929687,-1.245734619140625,-0.5364527556261617
1758645519.5075085,herder,2,2.808475830078125,-0.8185472412109375,-0.24071793776813669
1758645519.5075085,target,1,-0.66937841796875,-0.750859375,0.16865436327773292
1758645519.5075085,target,2,0.37144113159179687,-0.570886474609375,1.4898145248936037
1758645519.5075085,target,3,0.04825110244750976,0.06446605682373047,0.43602348618067405
1758645519.5075085,target,4,-0.1047691421508789,-0.41850765991210936,-1.4259079797955172
1758645519.5075085,target,5,2.93109521484375,-0.5181954956054687,1.4382135150863917
1758645519.5274546,herder,1,-0.587482666015625,-1.2450889892578125,-0.5498565452610714
1758645519.5274546,herder,2,2.81333837890625,-0.8196180419921875,-0.23424888645373884
1758645519.5274546,target,1,-0.6693683471679688,-0.7508491821289063,0.16813218396699564
1758645519.5274546,target,2,0.37145248413085935,-0.570891845703125,1.4884559132634996
1758645519.5274546,target,3,0.048279563903808595,0.06445960998535157,0.43692489963063863
1758645519.5274546,target,4,-0.10478772735595702,-0.41851104736328126,-1.4259448645766148
1758645519.5274546,target,5,2.931057373046875,-0.518272216796875,1.4409722836596048
1758645519.5474985,herder,1,-0.5874366455078125,-1.2447923583984375,-0.5672512482370329
1758645519.5474985,herder,2,2.817412109375,-0.820884765625,-0.22715320997960214
1758645519.5474985,target,1,-0.6693773803710937,-0.7508374633789062,0.16847663056448375
1758645519.5474985,target,2,0.37144921875,-0.5708406982421875,1.4902873691451473
1758645519.5474985,target,3,0.048244640350341796,0.0645513916015625,0.43769112436576807
1758645519.5474985,target,4,-0.10478365325927734,-0.41851028442382815,-1.4251372609760482
1758645519.5474985,target,5,2.93084814453125,-0.5182774047851563,1.4411930597139724
1758645519.5674314,herder,1,-0.58724267578125,-1.2445819091796875,-0.5868789452079987
1758645519.5674314,herder,2,2.82183935546875,-0.822103759765625,-0.218626250867116
1758645519.5674314,target,1,-0.6693674926757812,-0.750851318359375,0.16977934910120965
1758645519.5674314,target,2,0.37145556640625,-0.57083447265625,1.4903374365736406
1758645519.5674314,target,3,0.04825312805175781,0.06451302337646485,0.43588037456159595
1758645519.5674314,target,4,-0.10476495361328125,-0.4185119934082031,-1.4251324672860861
1758645519.5674314,target,5,2.931232421875,-0.51786962890625,1.4348605952739821
1758645519.587709,herder,1,-0.5870091552734376,-1.2442744140625,-0.6100284064044852
1758645519.587709,herder,2,2.826598876953125,-0.8234351196289063,-0.21020776563478016
1758645519.587709,target,1,-0.6693284912109375,-0.7508410034179688,0.16941457925565284
1758645519.587709,target,2,0.37145309448242186,-0.5708685913085938,1.4909860494571294
1758645519.587709,target,3,0.04822133636474609,0.06450748443603516,0.4357653925815318
1758645519.587709,target,4,-0.1047811508178711,-0.4185126037597656,-1.4256300789357674
1758645519.587709,target,5,2.931194091796875,-0.5182330322265625,1.4342339534694863
1758645519.607593,herder,1,-0.5866444702148438,-1.2434451904296875,-0.6347521952793721
1758645519.607593,herder,2,2.830679931640625,-0.8246520385742188,-0.20177306840930845
1758645519.607593,target,1,-0.6693528442382812,-0.7508570556640625,0.16880900971328247
1758645519.607593,target,2,0.3714925842285156,-0.5708331298828125,1.4912682113746234
1758645519.607593,target,3,0.04823568344116211,0.06449564361572266,0.43573296859526006
1758645519.607593,target,4,-0.10477838897705079,-0.4184803771972656,-1.4255881341485988
1758645519.607593,target,5,2.93113037109375,-0.518230712890625,1.4417085145429573
1758645519.6274495,herder,1,-0.586442626953125,-1.2421788330078125,-0.6588954150366216
1758645519.6274495,herder,2,2.83456103515625,-0.8255044555664063,-0.19332430636432976
1758645519.6274495,target,1,-0.6693544311523437,-0.7508278198242188,0.16892390846956257
1758645519.6274495,target,2,0.3715091552734375,-0.5708160400390625,1.4906899059439127
1758645519.6274495,target,3,0.048226356506347656,0.06445153045654296,0.43470671946919803
1758645519.6274495,target,4,-0.10472834777832031,-0.41846255493164064,-1.426084147901626
1758645519.6274495,target,5,2.93099755859375,-0.5181325073242188,1.4407320665292798
1758645519.647434,herder,1,-0.5857880859375,-1.2418822021484375,-0.6840660157633965
1758645519.647434,herder,2,2.8394072265625,-0.8265440063476562,-0.18455980992736534
1758645519.647434,target,1,-0.669366943359375,-0.7508644409179688,0.16851096869778898
1758645519.647434,target,2,0.3714648742675781,-0.5708340454101563,1.4881516471089582
1758645519.647434,target,3,0.048234657287597654,0.06453978729248047,0.43587977535035066
1758645519.647434,target,4,-0.1046929931640625,-0.418413330078125,-1.4231093969640074
1758645519.647434,target,5,2.931001953125,-0.5183369750976563,1.4375975259262566
1758645519.6675365,herder,1,-0.5846997680664062,-1.2421871337890624,-0.708322020392811
1758645519.6675365,herder,2,2.844200927734375,-0.827357666015625,-0.17492602442108546
1758645519.6675365,target,1,-0.6693386840820312,-0.750849365234375,0.16866032210067197
1758645519.6675365,target,2,0.3714824523925781,-0.570847900390625,1.4881612344888824
1758645519.6675365,target,3,0.04826116943359375,0.06457680511474609,0.4365284215233531
1758645519.6675365,target,4,-0.10469715881347656,-0.4184953918457031,-1.4227201759706922
1758645519.6675365,target,5,2.931096435546875,-0.5183696899414062,1.4396481599656175
1758645519.68781,herder,1,-0.5852406005859375,-1.2411982421875,-0.7308637482285415
1758645519.68781,herder,2,2.847518310546875,-0.8284682006835937,-0.1662503111169616
1758645519.68781,target,1,-0.6693504028320313,-0.750868408203125,0.16857240449518573
1758645519.68781,target,2,0.3714994812011719,-0.5708276977539063,1.4896197146598642
1758645519.68781,target,3,0.0482188720703125,0.06451592254638672,0.4347482980717169
1758645519.68781,target,4,-0.10473193359375,-0.41848159790039063,-1.4229528030919107
1758645519.68781,target,5,2.9309560546875,-0.5180357055664062,1.4399697366672446
1758645519.707566,herder,1,-0.5855576782226563,-1.2397816162109374,-0.7518722942247132
1758645519.707566,herder,2,2.850588134765625,-0.8292692260742187,-0.15773413780689025
1758645519.707566,target,1,-0.6693917236328125,-0.7508682250976563,0.1687188949998969
1758645519.707566,target,2,0.37148654174804685,-0.5708431396484375,1.489407993353203
1758645519.707566,target,3,0.04823479843139648,0.06448612976074218,0.4353383879902512
1758645519.707566,target,4,-0.10470494079589844,-0.4184740600585938,-1.4237124697928558
1758645519.707566,target,5,2.931035888671875,-0.5181677856445313,1.4383795631803582
1758645519.7274468,herder,1,-0.5850250854492187,-1.2397408447265625,-0.772227100752298
1758645519.7274468,herder,2,2.85530517578125,-0.8300767822265624,-0.14818086298931482
1758645519.7274468,target,1,-0.6693902587890626,-0.7508449096679688,0.1686948100367885
1758645519.7274468,target,2,0.37148211669921877,-0.570871826171875,1.4893161142955953
1758645519.7274468,target,3,0.04820932388305664,0.06450010681152343,0.4348513956954166
1758645519.7274468,target,4,-0.1046939697265625,-0.4184399108886719,-1.4251029061979863
1758645519.7274468,target,5,2.93095849609375,-0.518328125,1.4399991645972898
1758645519.7475703,herder,1,-0.5837550048828125,-1.2402701416015625,-0.7926118678421459
1758645519.7475703,herder,2,2.86014306640625,-0.8310401611328125,-0.13797405676261235
1758645519.7475703,target,1,-0.6693511352539062,-0.7508507080078125,0.16835622239369855
1758645519.7475703,target,2,0.3714792785644531,-0.5708703002929687,1.4901426263399014
1758645519.7475703,target,3,0.04823399353027344,0.06448017883300781,0.43552331123844357
1758645519.7475703,target,4,-0.1047044677734375,-0.41845883178710935,-1.4260171694002104
1758645519.7475703,target,5,2.931149169921875,-0.5183092041015624,1.4393428285466399
1758645519.767484,herder,1,-0.5830377197265625,-1.240019287109375,-0.8172491039816052
1758645519.767484,herder,2,2.863906494140625,-0.8314881591796875,-0.12836866721145543
1758645519.767484,target,1,-0.6693324584960938,-0.7508242797851562,0.16901720233149942
1758645519.767484,target,2,0.3714894714355469,-0.5709027709960938,1.4895946809456175
1758645519.767484,target,3,0.048231563568115234,0.06448219299316406,0.4358749816603885
1758645519.767484,target,4,-0.10476526641845703,-0.4185296936035156,-1.4270581990703224
1758645519.767484,target,5,2.9310654296875,-0.5183916625976562,1.4376987260476795
1758645519.7877488,herder,1,-0.582548828125,-1.2386834716796875,-0.8463450044180751
1758645519.7877488,herder,2,2.866740966796875,-0.8319745483398437,-0.12026026547616728
1758645519.7877488,target,1,-0.6693533325195312,-0.7508334350585938,0.16799682880459235
1758645519.7877488,target,2,0.37151751708984376,-0.5708896484375,1.4894009359763143
1758645519.7877488,target,3,0.048231388092041014,0.06447694396972656,0.4367709689196321
1758645519.7877488,target,4,-0.1047984390258789,-0.41855938720703123,-1.4264845541715194
1758645519.7877488,target,5,2.93118798828125,-0.5181275634765625,1.4311972840365235
1758645519.8077211,herder,1,-0.5819053955078125,-1.2382115478515625,-0.8749948919509841
1758645519.8077211,herder,2,2.870587158203125,-0.8324070434570312,-0.1112839478640007
1758645519.8077211,target,1,-0.669343017578125,-0.7508377685546875,0.16845026526969198
1758645519.8077211,target,2,0.3714899597167969,-0.5708723754882813,1.4901179920998182
1758645519.8077211,target,3,0.04822998046875,0.06450856781005859,0.43555620127790606
1758645519.8077211,target,4,-0.10479025268554687,-0.4185566711425781,-1.4266631191226091
1758645519.8077211,target,5,2.931113037109375,-0.5180889892578125,1.4363696755056754
1758645519.8276806,herder,1,-0.5814534912109375,-1.23818115234375,-0.9020165227934186
1758645519.8276806,herder,2,2.875946533203125,-0.83327294921875,-0.10065124392234572
1758645519.8276806,target,1,-0.6693135375976562,-0.7508318481445313,0.1687582099154892
1758645519.8276806,target,2,0.3714048156738281,-0.5708942260742188,1.4892725716117725
1758645519.8276806,target,3,0.048223182678222655,0.06448739624023438,0.4349575892438835
1758645519.8276806,target,4,-0.10480491638183594,-0.4185455627441406,-1.4271246449395198
1758645519.8276806,target,5,2.93118701171875,-0.5182936401367187,1.4398722649713476
1758645519.8475432,herder,1,-0.5804756469726563,-1.2385506591796875,-0.925268715428955
1758645519.8475432,herder,2,2.8793291015625,-0.8341482543945312,-0.09056612751270306
1758645519.8475432,target,1,-0.6693580932617188,-0.7508390502929687,0.1674684077100502
1758645519.8475432,target,2,0.37142056274414065,-0.57085400390625,1.4900775120512488
1758645519.8475432,target,3,0.04821498107910156,0.06450154876708984,0.4336881602207836
1758645519.8475432,target,4,-0.10476660919189452,-0.4185428466796875,-1.4274675269298676
1758645519.8475432,target,5,2.931059814453125,-0.5180248413085937,1.4415360748623747
1758645519.867552,herder,1,-0.5803154296875,-1.238374267578125,-0.9420987616747925
1758645519.867552,herder,2,2.882626708984375,-0.8346093139648437,-0.08051164577797472
1758645519.867552,target,1,-0.6693538818359375,-0.7508193969726562,0.16925334149640536
1758645519.867552,target,2,0.371408447265625,-0.570866455078125,1.4903426297377662
1758645519.867552,target,3,0.048246456146240235,0.0644857177734375,0.4339829055744281
1758645519.867552,target,4,-0.104715576171875,-0.4184984130859375,-1.4269854947725633
1758645519.867552,target,5,2.9310791015625,-0.5183274536132813,1.4379944700867329
1758645519.8876345,herder,1,-0.5804987182617187,-1.2375462646484374,-0.9513901312439154
1758645519.8876345,herder,2,2.887236083984375,-0.8351774291992188,-0.07101737662330135
1758645519.8876345,target,1,-0.6693832397460937,-0.7508355712890625,0.1681913227879522
1758645519.8876345,target,2,0.37144110107421874,-0.570832763671875,1.4904060129717103
1758645519.8876345,target,3,0.048236400604248046,0.06444898223876953,0.43392291787087406
1758645519.8876345,target,4,-0.10472299194335938,-0.41847402954101565,-1.4262636449590973
1758645519.8876345,target,5,2.931131591796875,-0.5182672119140626,1.4348889579395914
1758645519.9077098,herder,1,-0.5805061645507813,-1.2373271484375,-0.9567609947933055
1758645519.9077098,herder,2,2.891733642578125,-0.8353422241210937,-0.0605411042673641
1758645519.9077098,target,1,-0.6693728637695312,-0.7508551025390625,0.1685935932706087
1758645519.9077098,target,2,0.37147021484375,-0.5708314819335938,1.490163398996404
1758645519.9077098,target,3,0.04822406768798828,0.06449353790283203,0.43497949374384937
1758645519.9077098,target,4,-0.10471295166015625,-0.4184396667480469,-1.4257556469811645
1758645519.9077098,target,5,2.931080810546875,-0.5182750244140625,1.4366872574656673
1758645519.9275582,herder,1,-0.5803034057617188,-1.2374013671875,-0.9588941868264589
1758645519.9275582,herder,2,2.893977294921875,-0.8357750854492187,-0.05066991875584967
1758645519.9275582,target,1,-0.6693624267578125,-0.750826416015625,0.16967437061999008
1758645519.9275582,target,2,0.37145443725585936,-0.570830322265625,1.4902544791056846
1758645519.9275582,target,3,0.04825848770141602,0.0644753189086914,0.4352417152426813
1758645519.9275582,target,4,-0.10467195892333984,-0.41848330688476565,-1.4259175671754414
1758645519.9275582,target,5,2.931185302734375,-0.5184024658203125,1.4359897755761757
1758645519.9474788,herder,1,-0.5803672485351562,-1.2375504150390626,-0.9579602162321681
1758645519.9474788,herder,2,2.8973076171875,-0.8362821044921875,-0.03968582735311554
1758645519.9474788,target,1,-0.6693658447265625,-0.750820556640625,0.16881102372885684
1758645519.9474788,target,2,0.37144940185546876,-0.5708482666015625,1.4891539277852095
1758645519.9474788,target,3,0.04825672149658203,0.06447000122070312,0.4347997636597827
1758645519.9474788,target,4,-0.10478551483154297,-0.4185311584472656,-1.425671224774609
1758645519.9474788,target,5,2.930992431640625,-0.518211669921875,1.441415433664994
1758645519.9675326,herder,1,-0.5804490356445312,-1.2374453125,-0.9556110418346092
1758645519.9675326,herder,2,2.90205712890625,-0.8365618286132812,-0.027737099472257283
1758645519.9675326,target,1,-0.66937255859375,-0.7508167724609375,0.16931848907457142
1758645519.9675326,target,2,0.3714455261230469,-0.570918701171875,1.4877303350245077
1758645519.9675326,target,3,0.04827189254760742,0.06453987884521484,0.4351862549129804
1758645519.9675326,target,4,-0.10481071472167969,-0.4185115051269531,-1.4258013201938595
1758645519.9675326,target,5,2.931177978515625,-0.5179157104492188,1.4368509087146528
1758645519.9878192,herder,1,-0.58062255859375,-1.2373902587890624,-0.9517529203634114
1758645519.9878192,herder,2,2.9055634765625,-0.8371995239257812,-0.01619186754427585
1758645519.9878192,target,1,-0.669329345703125,-0.7508368530273437,0.16975321683301325
1758645519.9878192,target,2,0.371464599609375,-0.5709087524414063,1.4888467321534689
1758645519.9878192,target,3,0.04825723648071289,0.06440343475341796,0.43517593516375636
1758645519.9878192,target,4,-0.1048753890991211,-0.41857147216796875,-1.4273233167568398
1758645519.9878192,target,5,2.9309892578125,-0.518334716796875,1.4336061132425002
1758645520.00756,herder,1,-0.5807803344726562,-1.23738623046875,-0.9459217294196012
1758645520.00756,herder,2,2.9082841796875,-0.837600830078125,-0.004570470249415452
1758645520.00756,target,1,-0.6693524169921875,-0.7508446655273437,0.16884474600615995
1758645520.00756,target,2,0.3714253234863281,-0.5709115600585938,1.4886782872145212
1758645520.00756,target,3,0.048238182067871095,0.06441520690917969,0.43467166561134984
1758645520.00756,target,4,-0.10482627868652344,-0.4185682067871094,-1.4259283529778564
1758645520.00756,target,5,2.93092529296875,-0.518438720703125,1.4343848215452393
1758645520.0275617,herder,1,-0.58125830078125,-1.2371202392578124,-0.9370076631979152
1758645520.0275617,herder,2,2.911699462890625,-0.8378713989257812,0.0068325504368017004
1758645520.0275617,target,1,-0.6693785400390625,-0.7508531494140624,0.17029230721667254
1758645520.0275617,target,2,0.37145269775390627,-0.570862548828125,1.4911446407000437
1758645520.0275617,target,3,0.04822515869140625,0.06452861785888672,0.4352434795869035
1758645520.0275617,target,4,-0.10485858154296875,-0.418532958984375,-1.4259553840629207
1758645520.0275617,target,5,2.930962890625,-0.5183001708984375,1.4366053652621475
1758645520.0474405,herder,1,-0.5816993408203125,-1.2371561279296874,-0.9233628241948397
1758645520.0474405,herder,2,2.915855224609375,-0.8376762084960937,0.0177320089727769
1758645520.0474405,target,1,-0.6693665161132812,-0.7508583374023438,0.16796836627044215
1758645520.0474405,target,2,0.37149591064453125,-0.5708346557617188,1.4902924291512183
1758645520.0474405,target,3,0.04823899841308594,0.06458126068115234,0.43685269467558385
1758645520.0474405,target,4,-0.10484986877441406,-0.41848162841796877,-1.4232169886720465
1758645520.0474405,target,5,2.9310439453125,-0.51819921875,1.4348840310915747
1758645520.0674136,herder,1,-0.5822130126953124,-1.237251220703125,-0.9072916457016202
1758645520.0674136,herder,2,2.91879345703125,-0.8376957397460938,0.02804274506101971
1758645520.0674136,target,1,-0.669348388671875,-0.7508271484375,0.16775795989956907
1758645520.0674136,target,2,0.3714505310058594,-0.5708850708007812,1.4880263453796698
1758645520.0674136,target,3,0.048245918273925784,0.0645264892578125,0.43570853409225857
1758645520.0674136,target,4,-0.10485681915283203,-0.4184427795410156,-1.4260774899989006
1758645520.0674136,target,5,2.931088623046875,-0.5184126586914063,1.4370494473739182
1758645520.0880213,herder,1,-0.5826839599609375,-1.2371405029296876,-0.8881046353120354
1758645520.0880213,herder,2,2.92174072265625,-0.8378721313476563,0.038357900332196375
1758645520.0880213,target,1,-0.6693494873046875,-0.7508396606445312,0.16853705103171493
1758645520.0880213,target,2,0.37148562622070314,-0.5708651123046875,1.4864233887195513
1758645520.0880213,target,3,0.04824005508422852,0.06449024200439453,0.4365069164975507
1758645520.0880213,target,4,-0.10479016876220704,-0.4184646911621094,-1.4259489924763045
1758645520.0880213,target,5,2.93101318359375,-0.5183391723632812,1.439549756163339
1758645520.1075385,herder,1,-0.5839088134765625,-1.2369703369140626,-0.8658525928238784
1758645520.1075385,herder,2,2.925455078125,-0.8380743408203125,0.049243321616543066
1758645520.1075385,target,1,-0.6693739624023437,-0.7508599853515625,0.16856361606358847
1758645520.1075385,target,2,0.37151699829101564,-0.5707757568359375,1.4859111296838745
1758645520.1075385,target,3,0.048232475280761716,0.06450320434570313,0.4352755373885253
1758645520.1075385,target,4,-0.10474966430664062,-0.4184657287597656,-1.4259925351601273
1758645520.1075385,target,5,2.931177490234375,-0.5182239990234375,1.4345126532775632
1758645520.1274767,herder,1,-0.5851026611328125,-1.236975341796875,-0.8387156471062435
1758645520.1274767,herder,2,2.927830078125,-0.8384964599609375,0.05988389020579219
1758645520.1274767,target,1,-0.6693561401367187,-0.7508611450195313,0.16908566221627125
1758645520.1274767,target,2,0.37142742919921873,-0.570822998046875,1.4882551109173077
1758645520.1274767,target,3,0.048237266540527346,0.06444150543212891,0.4350547280446441
1758645520.1274767,target,4,-0.10476596069335938,-0.41851608276367186,-1.4260339473150778
1758645520.1274767,target,5,2.931000244140625,-0.5181260986328124,1.4401823900802875
1758645520.1475616,herder,1,-0.5855324096679687,-1.23798974609375,-0.8088077488534083
1758645520.1475616,herder,2,2.93054296875,-0.8384386596679687,0.07190528285311218
1758645520.1475616,target,1,-0.6693278198242187,-0.7508192749023438,0.1687133855853918
1758645520.1475616,target,2,0.37146905517578127,-0.5708095092773438,1.4895850935656934
1758645520.1475616,target,3,0.04825339126586914,0.06447264099121094,0.43554837824220394
1758645520.1475616,target,4,-0.10477827453613281,-0.41851095581054687,-1.4242668067737558
1758645520.1475616,target,5,2.931025146484375,-0.518365234375,1.4415870743972496
1758645520.1675897,herder,1,-0.5856929321289063,-1.238559326171875,-0.7791665661837446
1758645520.1675897,herder,2,2.93411328125,-0.8385165405273437,0.0831343767537552
1758645520.1675897,target,1,-0.6693580322265625,-0.750829345703125,0.16922504540982328
1758645520.1675897,target,2,0.3715344848632812,-0.5707943725585938,1.4920089696318288
1758645520.1675897,target,3,0.048224716186523436,0.06452281188964844,0.4353102250617236
1758645520.1675897,target,4,-0.10476229095458985,-0.41844482421875,-1.425874690281891
1758645520.1675897,target,5,2.93107470703125,-0.518290283203125,1.4358542206766907
1758645520.1877031,herder,1,-0.586624267578125,-1.238842041015625,-0.7516661655563411
1758645520.1877031,herder,2,2.937449951171875,-0.8382577514648437,0.09483584885275101
1758645520.1877031,target,1,-0.6693270263671875,-0.7508335571289062,0.16887372452777138
1758645520.1877031,target,2,0.37150039672851565,-0.57081298828125,1.4891260977518181
1758645520.1877031,target,3,0.04827682876586914,0.06452214813232422,0.4362571452768149
1758645520.1877031,target,4,-0.10480226135253906,-0.4184710388183594,-1.4275901654980656
1758645520.1877031,target,5,2.93111279296875,-0.518310791015625,1.4372429260271125
1758645520.2076094,herder,1,-0.5871746215820313,-1.23948046875,-0.7263146030334954
1758645520.2076094,herder,2,2.940987060546875,-0.8381090087890625,0.10658410936314815
1758645520.2076094,target,1,-0.66934423828125,-0.7508382568359375,0.1692440370773469
1758645520.2076094,target,2,0.3714753723144531,-0.5708837280273438,1.4878654904498292
1758645520.2076094,target,3,0.048255859375,0.06455754852294922,0.4365819510612637
1758645520.2076094,target,4,-0.10478549194335937,-0.4185560913085937,-1.426308519223465
1758645520.2076094,target,5,2.931134765625,-0.5181836547851563,1.436588054715062
1758645520.2275646,herder,1,-0.5870704345703125,-1.2406331787109375,-0.7013705707364589
1758645520.2275646,herder,2,2.94350341796875,-0.8383226318359375,0.11823059550801224
1758645520.2275646,target,1,-0.6693604125976562,-0.7507926635742187,0.1689122904293071
1758645520.2275646,target,2,0.37142132568359376,-0.5708566284179688,1.490916674110733
1758645520.2275646,target,3,0.048247310638427736,0.06456346893310547,0.43659366897006
1758645520.2275646,target,4,-0.10480908966064453,-0.41853909301757813,-1.424681993587699
1758645520.2275646,target,5,2.9312587890625,-0.518274658203125,1.4360859156915275
1758645520.2476044,herder,1,-0.587546875,-1.241099609375,-0.6789122664218752
1758645520.2476044,herder,2,2.94670361328125,-0.8382339477539062,0.13015663034355057
1758645520.2476044,target,1,-0.66939111328125,-0.7508173828125,0.16954166197392007
1758645520.2476044,target,2,0.3714432373046875,-0.5708776245117188,1.4872570912988006
1758645520.2476044,target,3,0.04825088882446289,0.06449591827392578,0.4366667394524691
1758645520.2476044,target,4,-0.1048830337524414,-0.41856298828125,-1.4259696319747526
1758645520.2476044,target,5,2.93103369140625,-0.5181395874023438,1.4417978635975295
1758645520.2675776,herder,1,-0.5881786499023437,-1.2413243408203125,-0.6578550511567822
1758645520.2675776,herder,2,2.950571044921875,-0.8380919189453125,0.14264524963698974
1758645520.2675776,target,1,-0.6693765258789063,-0.75081884765625,0.169611004030803
1758645520.2675776,target,2,0.37142922973632814,-0.570908935546875,1.4881417934129249
1758645520.2675776,target,3,0.04824853897094727,0.06453045654296875,0.43636214040279125
1758645520.2675776,target,4,-0.10483355712890625,-0.41854855346679687,-1.4248897201527253
1758645520.2675776,target,5,2.931069091796875,-0.5182939453125,1.439364000677306
1758645520.2875876,herder,1,-0.58773046875,-1.2423143310546876,-0.6363577485215536
1758645520.2875876,herder,2,2.953035400390625,-0.8379755859375,0.15490745862588015
1758645520.2875876,target,1,-0.6693656005859375,-0.7508204345703124,0.16917096659493785
1758645520.2875876,target,2,0.371509033203125,-0.5708046264648438,1.4916814008177492
1758645520.2875876,target,3,0.0482439079284668,0.06450202178955078,0.4360361029063383
1758645520.2875876,target,4,-0.10475667572021484,-0.41852191162109376,-1.4251642920611125
1758645520.2875876,target,5,2.93116943359375,-0.5182493286132812,1.4394421644553
1758645520.3075287,herder,1,-0.5874627075195312,-1.2427628173828125,-0.6153982046894392
1758645520.3075287,herder,2,2.955168212890625,-0.838017822265625,0.16730364126235836
1758645520.3075287,target,1,-0.6693733520507813,-0.750814453125,0.16911785317594757
1758645520.3075287,target,2,0.37142794799804685,-0.5708724365234376,1.4901305089569414
1758645520.3075287,target,3,0.04824386215209961,0.06455696868896485,0.43646870013590805
1758645520.3075287,target,4,-0.10482061767578126,-0.4185336608886719,-1.4264423430682416
1758645520.3075287,target,5,2.93112939453125,-0.5182622680664063,1.435279643671506
1758645520.3274636,herder,1,-0.5889948120117188,-1.2427269287109375,-0.5975293924604163
1758645520.3274636,herder,2,2.95802978515625,-0.8379279174804688,0.17984450012505512
1758645520.3274636,target,1,-0.6693287963867187,-0.7508287963867187,0.1693314054058583
1758645520.3274636,target,2,0.3714834899902344,-0.5708667602539063,1.4903737887225204
1758645520.3274636,target,3,0.04823125457763672,0.06454985046386719,0.4349468367309823
1758645520.3274636,target,4,-0.10480448913574218,-0.4185299377441406,-1.4270428858940545
1758645520.3274636,target,5,2.9311484375,-0.517673095703125,1.4391950231061406
1758645520.3474028,herder,1,-0.5898201293945312,-1.242934326171875,-0.5810052768448016
1758645520.3474028,herder,2,2.96158154296875,-0.8374746704101562,0.19202996014028081
1758645520.3474028,target,1,-0.6693743286132813,-0.7508274536132813,0.16951899181514077
1758645520.3474028,target,2,0.37147503662109377,-0.57087109375,1.4882842725312442
1758645520.3474028,target,3,0.048237632751464844,0.06447997283935547,0.43522826627917643
1758645520.3474028,target,4,-0.10480744934082031,-0.418508056640625,-1.4262407417737226
1758645520.3474028,target,5,2.931196044921875,-0.5182890014648438,1.438454264848935
1758645520.3674252,herder,1,-0.5894381713867187,-1.2437066650390625,-0.5700734666232171
1758645520.3674252,herder,2,2.96427783203125,-0.8371409912109375,0.2032753076459517
1758645520.3674252,target,1,-0.6693875122070313,-0.7508443603515625,0.16908731004719574
1758645520.3674252,target,2,0.3714774169921875,-0.5709108276367187,1.4865813141721929
1758645520.3674252,target,3,0.04821906661987305,0.06449187469482422,0.4355560015408243
1758645520.3674252,target,4,-0.1047750244140625,-0.418491455078125,-1.4261529906158044
1758645520.3674252,target,5,2.9310166015625,-0.5183388671875,1.4327059647940534
1758645520.387612,herder,1,-0.5884176025390625,-1.24419091796875,-0.5642009966825107
1758645520.387612,herder,2,2.966244384765625,-0.83709033203125,0.21396971370111245
1758645520.387612,target,1,-0.6693786010742188,-0.7508551025390625,0.1685898814898394
1758645520.387612,target,2,0.3714848937988281,-0.5708622436523437,1.4864269839870228
1758645520.387612,target,3,0.048200809478759765,0.06456721496582031,0.4353844939666232
1758645520.387612,target,4,-0.10479122161865234,-0.41851736450195315,-1.4262138438467127
1758645520.387612,target,5,2.931006103515625,-0.5185053100585938,1.4300926048163587
1758645520.407614,herder,1,-0.5880691528320312,-1.2442291259765625,-0.5625744044677176
1758645520.407614,herder,2,2.9692001953125,-0.8365159912109374,0.22601289433510066
1758645520.407614,target,1,-0.6693017578125,-0.750845458984375,0.17100343780675095
1758645520.407614,target,2,0.3714349060058594,-0.5708953247070313,1.489460324468623
1758645520.407614,target,3,0.048207420349121094,0.06458465576171875,0.43519657466220446
1758645520.407614,target,4,-0.1048078384399414,-0.41851605224609373,-1.4256367368384926
1758645520.407614,target,5,2.93102978515625,-0.5184724731445313,1.4307354919035038
1758645520.4275486,herder,1,-0.5884291381835938,-1.2440555419921875,-0.5641294908072421
1758645520.4275486,herder,2,2.97209423828125,-0.8364381713867187,0.23933582374141282
1758645520.4275486,target,1,-0.66931689453125,-0.750823486328125,0.16977041086680106
1758645520.4275486,target,2,0.37152679443359377,-0.5708101196289063,1.4914885879548274
1758645520.4275486,target,3,0.048259029388427736,0.06459590148925781,0.436541604170749
1758645520.4275486,target,4,-0.10483303833007812,-0.4185265808105469,-1.4263704377188093
1758645520.4275486,target,5,2.931010986328125,-0.5182949829101563,1.4337954639960049
1758645520.4475422,herder,1,-0.5885700073242187,-1.2441029052734376,-0.566264147578995
1758645520.4475422,herder,2,2.974806640625,-0.83626123046875,0.252894526127981
1758645520.4475422,target,1,-0.6693431396484375,-0.7508297729492187,0.1701075670608051
1758645520.4475422,target,2,0.37152053833007814,-0.5708076782226562,1.49099936526258
1758645520.4475422,target,3,0.04824541854858398,0.06456094360351562,0.4353501391885612
1758645520.4475422,target,4,-0.1048372802734375,-0.41857754516601564,-1.4260700331478484
1758645520.4475422,target,5,2.930974609375,-0.5181981201171875,1.4393662643642327
1758645520.467444,herder,1,-0.5886497802734375,-1.2441103515625,-0.5677344122378005
1758645520.467444,herder,2,2.977104736328125,-0.8358607788085938,0.2663848352088047
1758645520.467444,target,1,-0.6693209838867188,-0.75082958984375,0.16974609287709727
1758645520.467444,target,2,0.37156320190429687,-0.57074072265625,1.4924230911813363
1758645520.467444,target,3,0.04821797180175781,0.0643975830078125,0.4339117325942957
1758645520.467444,target,4,-0.1048236083984375,-0.41855657958984377,-1.4253603007173423
1758645520.467444,target,5,2.93093408203125,-0.51810205078125,1.4415086443031468
1758645520.4879675,herder,1,-0.5888077392578125,-1.243724609375,-0.5733684626819177
1758645520.4879675,herder,2,2.979925048828125,-0.8355159301757813,0.2793942939100577
1758645520.4879675,target,1,-0.6693621826171875,-0.75081005859375,0.17003281545795793
1758645520.4879675,target,2,0.371592529296875,-0.57075537109375,1.4924063132664687
1758645520.4879675,target,3,0.04820497512817383,0.06447983551025391,0.4345420695348039
1758645520.4879675,target,4,-0.10481402587890624,-0.4185327453613281,-1.4270368937816018
1758645520.4879675,target,5,2.93120458984375,-0.5182998046875,1.436658095851731
1758645520.5076401,herder,1,-0.5887107543945312,-1.2430185546875,-0.585167131838323
1758645520.5076401,herder,2,2.98264453125,-0.8346279296875,0.2923838954164328
1758645520.5076401,target,1,-0.6693328247070313,-0.7508362426757812,0.16919443570204418
1758645520.5076401,target,2,0.3716155700683594,-0.5707258911132812,1.4918561041852583
1758645520.5076401,target,3,0.048269824981689455,0.06456239318847656,0.43508062728624514
1758645520.5076401,target,4,-0.10483405303955078,-0.41853558349609377,-1.426056451026289
1758645520.5076401,target,5,2.9311376953125,-0.5182481689453124,1.4368877934957502
1758645520.5274777,herder,1,-0.5886091918945312,-1.242669677734375,-0.6014317224057094
1758645520.5274777,herder,2,2.984754638671875,-0.83439111328125,0.30436772084762587
1758645520.5274777,target,1,-0.669369140625,-0.7508617553710938,0.16863081094684254
1758645520.5274777,target,2,0.37153924560546875,-0.57073974609375,1.4929926081804497
1758645520.5274777,target,3,0.04826309585571289,0.06457015228271484,0.43613527236743016
1758645520.5274777,target,4,-0.10487721252441407,-0.4185553894042969,-1.4272058713527673
1758645520.5274777,target,5,2.931170654296875,-0.51838427734375,1.4347167845751179
1758645520.5479186,herder,1,-0.5883751220703125,-1.242241943359375,-0.6214574288015875
1758645520.5479186,herder,2,2.987350830078125,-0.8339803466796875,0.31628326948637203
1758645520.5479186,target,1,-0.6693715209960938,-0.7508701782226562,0.16909167097348074
1758645520.5479186,target,2,0.37147747802734377,-0.570808837890625,1.491239582392905
1758645520.5479186,target,3,0.04822090148925781,0.06451276397705077,0.4355137904375465
1758645520.5479186,target,4,-0.10485323333740235,-0.4185149536132812,-1.426564582162276
1758645520.5479186,target,5,2.93119384765625,-0.518348876953125,1.4351729840698484
1758645520.5674984,herder,1,-0.587692138671875,-1.241997314453125,-0.6443331836170412
1758645520.5674984,herder,2,2.990154541015625,-0.8332503662109375,0.3281869337687537
1758645520.5674984,target,1,-0.6693696899414062,-0.7508494873046875,0.1699943327802063
1758645520.5674984,target,2,0.37156829833984373,-0.5707333374023438,1.491777008300883
1758645520.5674984,target,3,0.048242378234863284,0.06447144317626953,0.4356534732367212
1758645520.5674984,target,4,-0.10479057312011719,-0.4185030822753906,-1.426728100253207
1758645520.5674984,target,5,2.931110595703125,-0.5183274536132813,1.4395614740721354
1758645520.5877879,herder,1,-0.5871165771484375,-1.2416175537109375,-0.6682371849293743
1758645520.5877879,herder,2,2.992154541015625,-0.8330053100585938,0.3398182565401611
1758645520.5877879,target,1,-0.6693499755859375,-0.7508574829101563,0.1685500672315427
1758645520.5877879,target,2,0.3714337463378906,-0.5708689575195313,1.4867743933512236
1758645520.5877879,target,3,0.04821609115600586,0.064451171875,0.4353356582501339
1758645520.5877879,target,4,-0.10474920654296875,-0.41850836181640627,-1.4262466007281207
1758645520.5877879,target,5,2.931086181640625,-0.5184825439453125,1.431149613453011
1758645520.6075814,herder,1,-0.58647509765625,-1.2411639404296875,-0.6923762767869344
1758645520.6075814,herder,2,2.99514208984375,-0.8320537109375,0.35145094418162726
1758645520.6075814,target,1,-0.6693239135742187,-0.7508539428710937,0.16852822931060404
1758645520.6075814,target,2,0.3714073791503906,-0.570910400390625,1.4849948691108328
1758645520.6075814,target,3,0.04823329162597656,0.06448986053466797,0.4343394362653625
1758645520.6075814,target,4,-0.10480686187744141,-0.4185101623535156,-1.425687070583095
1758645520.6075814,target,5,2.931083984375,-0.5181821899414063,1.4307858256481063
1758645520.6275804,herder,1,-0.5859771728515625,-1.2410953369140625,-0.7158485796865657
1758645520.6275804,herder,2,2.998,-0.8309229125976563,0.3636243533929203
1758645520.6275804,target,1,-0.6693255615234375,-0.7508580322265626,0.16873009692123206
1758645520.6275804,target,2,0.37146826171875,-0.5708781127929687,1.4870063546821695
1758645520.6275804,target,3,0.048227867126464846,0.06449070739746093,0.43437462328126514
1758645520.6275804,target,4,-0.10481914520263672,-0.41854144287109374,-1.4272921577720858
1758645520.6275804,target,5,2.9312119140625,-0.5182568969726562,1.429229207990955
1758645520.647499,herder,1,-0.5861676635742188,-1.239762939453125,-0.7359443937981401
1758645520.647499,herder,2,2.999931396484375,-0.8306366577148437,0.37530767438461154
1758645520.647499,target,1,-0.6693405151367188,-0.7508685302734375,0.17009659816606534
1758645520.647499,target,2,0.3714698486328125,-0.5708540649414062,1.488360838412584
1758645520.647499,target,3,0.048244407653808594,0.06451131439208985,0.43489487180021213
1758645520.647499,target,4,-0.10480752563476563,-0.41852554321289065,-1.4256051783795751
1758645520.647499,target,5,2.931136962890625,-0.5180429077148437,1.4319075490992477
1758645520.6674397,herder,1,-0.5859061279296875,-1.2393826904296874,-0.7553921942374711
1758645520.6674397,herder,2,3.002724365234375,-0.8297521362304687,0.3875970975508912
1758645520.6674397,target,1,-0.6693544311523437,-0.75085009765625,0.16881436932497623
1758645520.6674397,target,2,0.37147845458984374,-0.5708538818359375,1.4905028188773346
1758645520.6674397,target,3,0.04823955917358398,0.06455604553222656,0.4349787613745496
1758645520.6674397,target,4,-0.10483051300048828,-0.4185259704589844,-1.4262906760441616
1758645520.6674397,target,5,2.931105224609375,-0.5182108154296875,1.4340854822387146
1758645520.687633,herder,1,-0.584774658203125,-1.239863525390625,-0.7742770690013864
1758645520.687633,herder,2,3.005985595703125,-0.82867822265625,0.4005393613688902
1758645520.687633,target,1,-0.6693575439453125,-0.750827880859375,0.1689462290884488
1758645520.687633,target,2,0.371515869140625,-0.5708228759765624,1.4908389098069026
1758645520.687633,target,3,0.048240562438964844,0.06461412811279296,0.4355861285506558
1758645520.687633,target,4,-0.10485693359375,-0.4185105590820313,-1.4255208893310742
1758645520.687633,target,5,2.93105126953125,-0.5182886962890625,1.4342942740681768
1758645520.7077138,herder,1,-0.5843785400390625,-1.2395859375,-0.7936606872584464
1758645520.7077138,herder,2,3.008194580078125,-0.8283108520507813,0.413426630910379
1758645520.7077138,target,1,-0.6693455810546876,-0.7508173828125,0.16946959017691982
1758645520.7077138,target,2,0.37148159790039065,-0.5708549194335938,1.4901620674158589
1758645520.7077138,target,3,0.04826031494140625,0.06456902313232422,0.43505169869890414
1758645520.7077138,target,4,-0.1048368377685547,-0.4184885559082031,-1.4266382185664168
1758645520.7077138,target,5,2.931031494140625,-0.5183101806640625,1.4349673880336942
1758645520.7275743,herder,1,-0.5845192260742188,-1.238551513671875,-0.8149527933316844
1758645520.7275743,herder,2,3.010596435546875,-0.827745361328125,0.42572364408576535
1758645520.7275743,target,1,-0.66935693359375,-0.7508067626953125,0.16858185871705553
1758645520.7275743,target,2,0.3715109558105469,-0.5708590698242187,1.4897866948602123
1758645520.7275743,target,3,0.04824654388427734,0.06445457458496094,0.43425654537643377
1758645520.7275743,target,4,-0.10479331970214843,-0.41850506591796877,-1.425831014440014
1758645520.7275743,target,5,2.93116845703125,-0.5184340209960937,1.4348856289882288
1758645520.7475157,herder,1,-0.5838846435546875,-1.2379747314453124,-0.8369875884539183
1758645520.7475157,herder,2,3.013011962890625,-0.8267630615234375,0.43806113730972096
1758645520.7475157,target,1,-0.669362060546875,-0.750834228515625,0.16921442605497658
1758645520.7475157,target,2,0.37145242309570314,-0.5708672485351562,1.4896755078847015
1758645520.7475157,target,3,0.04824200057983399,0.06441877746582031,0.43482473079500217
1758645520.7475157,target,4,-0.10478853607177735,-0.41847341918945313,-1.4253298075228609
1758645520.7475157,target,5,2.931054931640625,-0.5181596069335938,1.4352969542185916
1758645520.7675698,herder,1,-0.583459228515625,-1.237730712890625,-0.85673313030312
1758645520.7675698,herder,2,3.015235107421875,-0.8260269775390625,0.4502573498378478
1758645520.7675698,target,1,-0.6693202514648438,-0.7508233642578125,0.16852130509176985
1758645520.7675698,target,2,0.3714742736816406,-0.570855712890625,1.4905183983697115
1758645520.7675698,target,3,0.048260616302490233,0.06442245483398437,0.4347470663597127
1758645520.7675698,target,4,-0.10476662445068359,-0.4184564208984375,-1.4259797519868949
1758645520.7675698,target,5,2.931178955078125,-0.5184522094726562,1.4331721511428719
1758645520.7876487,herder,1,-0.583262939453125,-1.237467041015625,-0.8728740170378723
1758645520.7876487,herder,2,3.018357177734375,-0.8247669677734375,0.4625810612031622
1758645520.7876487,target,1,-0.6693402709960937,-0.75083251953125,0.1686031307162625
1758645520.7876487,target,2,0.37146142578125,-0.570830810546875,1.4909678068036625
1758645520.7876487,target,3,0.048238521575927736,0.06449713897705078,0.4358902948366565
1758645520.7876487,target,4,-0.10477321624755859,-0.41848065185546873,-1.4254128981488714
1758645520.7876487,target,5,2.93128125,-0.5182706298828125,1.4316810472485364
1758645520.807502,herder,1,-0.583524658203125,-1.236983154296875,-0.8828213231834817
1758645520.807502,herder,2,3.02106103515625,-0.8236876220703125,0.4754832444467555
1758645520.807502,target,1,-0.6693545532226562,-0.7508368530273437,0.16897271089653826
1758645520.807502,target,2,0.37148672485351564,-0.5708468017578125,1.488852324791758
1758645520.807502,target,3,0.04826447296142578,0.0644241714477539,0.4346178364678166
1758645520.807502,target,4,-0.10476864624023438,-0.4184759216308594,-1.426743946061693
1758645520.807502,target,5,2.931169921875,-0.5185094604492188,1.4314870359631242
1758645520.8274708,herder,1,-0.58363427734375,-1.236605712890625,-0.8873293225396861
1758645520.8274708,herder,2,3.022470703125,-0.82364990234375,0.48800539460279446
1758645520.8274708,target,1,-0.6693446044921875,-0.7508322143554688,0.1695765160946865
1758645520.8274708,target,2,0.37147451782226565,-0.5708523559570312,1.487457760486938
1758645520.8274708,target,3,0.04823210906982422,0.06450245666503907,0.4353243065259874
1758645520.8274708,target,4,-0.10477389526367188,-0.4184689025878906,-1.4264085209223976
1758645520.8274708,target,5,2.931295166015625,-0.5173502197265625,1.436209220049998
1758645520.8474526,herder,1,-0.5835154418945312,-1.2365625,-0.8888604404293999
1758645520.8474526,herder,2,3.02465625,-0.8227443237304688,0.500807243252319
1758645520.8474526,target,1,-0.6693714599609375,-0.7508463134765625,0.16868131113901316
1758645520.8474526,target,2,0.37146923828125,-0.5709618530273437,1.4840522432429992
1758645520.8474526,target,3,0.04825232315063477,0.06451628112792969,0.4345975298645048
1758645520.8474526,target,4,-0.10475716400146484,-0.41845059204101565,-1.4253995823434211
1758645520.8474526,target,5,2.93155615234375,-0.5153997802734375,1.436420541882496
1758645520.8674426,herder,1,-0.5833515625,-1.23654296875,-0.8883022418649194
1758645520.8674426,herder,2,3.0277353515625,-0.8211698608398438,0.5130472980698912
1758645520.8674426,target,1,-0.6693433837890626,-0.750859130859375,0.1683185220195171
1758645520.8674426,target,2,0.37145172119140624,-0.5709669799804687,1.4844747537499403
1758645520.8674426,target,3,0.04823690032958984,0.06443441772460938,0.43547547420736304
1758645520.8674426,target,4,-0.1048191146850586,-0.418518798828125,-1.4270225127117153
1758645520.8674426,target,5,2.932244873046875,-0.5131234130859375,1.4352588710150034
1758645520.8875709,herder,1,-0.583435302734375,-1.2364847412109374,-0.88651759103943
1758645520.8875709,herder,2,3.030770263671875,-0.82003076171875,0.5246839471634789
1758645520.8875709,target,1,-0.6693464965820313,-0.7508234252929687,0.16958826729299645
1758645520.8875709,target,2,0.37144610595703126,-0.5709635620117187,1.4849277574513626
1758645520.8875709,target,3,0.04825655746459961,0.06449705505371094,0.43578816260885195
1758645520.8875709,target,4,-0.10481275177001953,-0.41852972412109374,-1.426091871068787
1758645520.8875709,target,5,2.932732177734375,-0.5102342529296875,1.4412360697655773
1758645520.9076781,herder,1,-0.583675537109375,-1.236592529296875,-0.8831606099063578
1758645520.9076781,herder,2,3.0330478515625,-0.8191922607421875,0.5369996357560095
1758645520.9076781,target,1,-0.6693173217773437,-0.7508366088867188,0.1703004631475109
1758645520.9076781,target,2,0.3715140380859375,-0.57091943359375,1.4847774220078278
1758645520.9076781,target,3,0.04825154876708984,0.06455304718017578,0.4368028269841721
1758645520.9076781,target,4,-0.10480820465087891,-0.41853689575195313,-1.4254195560515965
1758645520.9076781,target,5,2.93330126953125,-0.5068825378417968,1.4494143711571015
1758645520.9274511,herder,1,-0.5838861694335937,-1.23683935546875,-0.8746428220548756
1758645520.9274511,herder,2,3.035428466796875,-0.8181596069335938,0.5487836575264193
1758645520.9274511,target,1,-0.6693055419921875,-0.750811767578125,0.1711638433281578
1758645520.9274511,target,2,0.3715005187988281,-0.5708692016601562,1.4858955501914974
1758645520.9274511,target,3,0.04825320053100586,0.06453945922851563,0.435979876917824
1758645520.9274511,target,4,-0.10480702209472656,-0.4185241394042969,-1.4253050401247231
1758645520.9274511,target,5,2.93386328125,-0.5039010009765625,1.4503238406693637
1758645520.9474454,herder,1,-0.5843134155273437,-1.2370968017578126,-0.8616145048441535
1758645520.9474454,herder,2,3.03858349609375,-0.816566162109375,0.5591827356614472
1758645520.9474454,target,1,-0.6692840576171875,-0.7507979125976563,0.17110948155240654
1758645520.9474454,target,2,0.3715479736328125,-0.5708268432617187,1.4879523095013656
1758645520.9474454,target,3,0.0482405891418457,0.06449705505371094,0.4356709169418612
1758645520.9474454,target,4,-0.10485831451416015,-0.41848794555664065,-1.4275298448993754
1758645520.9474454,target,5,2.934600341796875,-0.49925387573242186,1.4587752492306756
1758645520.967471,herder,1,-0.584466552734375,-1.2374188232421874,-0.8457048470710474
1758645520.967471,herder,2,3.041015380859375,-0.8149824829101563,0.5698573511007572
1758645520.967471,target,1,-0.66927880859375,-0.7508124389648437,0.17030722091877698
1758645520.967471,target,2,0.37146826171875,-0.5709058837890625,1.4873797298669986
1758645520.967471,target,3,0.04824545669555664,0.06452950286865235,0.43565560376559326
1758645520.967471,target,4,-0.1048486328125,-0.41851101684570313,-1.4265456737185367
1758645520.967471,target,5,2.935480712890625,-0.49491085815429686,1.4581123884353548
1758645520.9883444,herder,1,-0.5849201049804688,-1.237636962890625,-0.8252286669767824
1758645520.9883444,herder,2,3.043003173828125,-0.8141901245117188,0.5814512897483627
1758645520.9883444,target,1,-0.6692767333984375,-0.7508235473632813,0.17011470766147788
1758645520.9883444,target,2,0.3714930419921875,-0.5708545532226562,1.4885595102299038
1758645520.9883444,target,3,0.04823160552978516,0.0645211181640625,0.4351801296424732
1758645520.9883444,target,4,-0.1048157958984375,-0.418536376953125,-1.4255780141364562
1758645520.9883444,target,5,2.935833740234375,-0.49167733764648436,1.4552553492179179
1758645521.007527,herder,1,-0.5852634887695313,-1.2382705078125,-0.8017526356516249
1758645521.007527,herder,2,3.0459169921875,-0.8127855224609375,0.5941566986769127
1758645521.007527,target,1,-0.6692976684570312,-0.7508215942382812,0.16841679266374104
1758645521.007527,target,2,0.37144052124023436,-0.5708616333007812,1.4895502061554133
1758645521.007527,target,3,0.04822812271118164,0.06450325775146484,0.4349847534870023
1758645521.007527,target,4,-0.10485835266113282,-0.4185258178710938,-1.4267905513807695
1758645521.007527,target,5,2.936043701171875,-0.489385986328125,1.4574123765428275
1758645521.02744,herder,1,-0.5855354614257813,-1.2389447021484374,-0.7769313085018139
1758645521.02744,herder,2,3.04865283203125,-0.8111500854492187,0.607173697453002
1758645521.02744,target,1,-0.6692977294921875,-0.750830322265625,0.16979694260916098
1758645521.02744,target,2,0.3714649353027344,-0.5708582763671874,1.4888454005729237
1758645521.02744,target,3,0.04821795654296875,0.06444744110107421,0.4350184091852782
1758645521.02744,target,4,-0.1047928695678711,-0.4184988403320313,-1.4258813481846164
1758645521.02744,target,5,2.936376220703125,-0.48829644775390624,1.4559432437274853
1758645521.0474393,herder,1,-0.5862848510742188,-1.2394293212890626,-0.7508302658691925
1758645521.0474393,herder,2,3.05066748046875,-0.8106800537109375,0.6192591224797815
1758645521.0474393,target,1,-0.6693126831054688,-0.750822998046875,0.1700945009267069
1758645521.0474393,target,2,0.37143572998046875,-0.5708585815429688,1.4891688414873139
1758645521.0474393,target,3,0.048264457702636716,0.0644893798828125,0.4355054347696264
1758645521.0474393,target,4,-0.10472457122802735,-0.41848403930664063,-1.426713053393048
1758645521.0474393,target,5,2.93666845703125,-0.4867862548828125,1.4586820385925228
1758645521.0674229,herder,1,-0.5870884399414062,-1.2399189453125,-0.7243184972174537
1758645521.0674229,herder,2,3.052680419921875,-0.8092880859375,0.6311282988260467
1758645521.0674229,target,1,-0.6693032836914062,-0.7508223266601562,0.17089596261200943
1758645521.0674229,target,2,0.37148654174804685,-0.5708283081054687,1.4916429181399975
1758645521.0674229,target,3,0.0482357063293457,0.06446353912353515,0.435853842819236
1758645521.0674229,target,4,-0.1046973648071289,-0.41846173095703126,-1.4264153119831773
1758645521.0674229,target,5,2.93701318359375,-0.4861140747070313,1.4626048748782094
1758645521.0875218,herder,1,-0.5877473754882813,-1.2404945068359374,-0.6972449347337627
1758645521.0875218,herder,2,3.055056640625,-0.807634521484375,0.6426563242366727
1758645521.0875218,target,1,-0.6692684936523438,-0.7508499755859375,0.17113929231185862
1758645521.0875218,target,2,0.3714905700683594,-0.5707930908203125,1.4916952492554176
1758645521.0875218,target,3,0.04823548889160156,0.06454454040527344,0.4356467820444824
1758645521.0875218,target,4,-0.10470346069335937,-0.41842831420898435,-1.4258760218624362
1758645521.0875218,target,5,2.937138916015625,-0.48593499755859376,1.4635830539465957
1758645521.1076946,herder,1,-0.5882412719726563,-1.24071044921875,-0.6709671913628146
1758645521.1076946,herder,2,3.05735009765625,-0.8064698486328125,0.6541742962141837
1758645521.1076946,target,1,-0.6692913818359375,-0.750820556640625,0.17045351168640638
1758645521.1076946,target,2,0.37151275634765624,-0.5708230590820312,1.4889921407489872
1758645521.1076946,target,3,0.04824869155883789,0.06452485656738281,0.43599202759029754
1758645521.1076946,target,4,-0.10470529174804688,-0.4184416198730469,-1.4256087736470469
1758645521.1076946,target,5,2.9369482421875,-0.48634002685546873,1.4641244745962088
1758645521.1275663,herder,1,-0.5885018310546875,-1.241367919921875,-0.645810971705926
1758645521.1275663,herder,2,3.0599609375,-0.8046082153320312,0.6662745017850132
1758645521.1275663,target,1,-0.6692979125976563,-0.7508568725585938,0.1698900533787729
1758645521.1275663,target,2,0.3715026245117187,-0.5708546142578125,1.4877178181673842
1758645521.1275663,target,3,0.04825789260864258,0.06452313995361328,0.43733416091115657
1758645521.1275663,target,4,-0.10474706268310546,-0.41850286865234376,-1.4245901145300914
1758645521.1275663,target,5,2.9368544921875,-0.4862820129394531,1.4701602628907644
1758645521.147441,herder,1,-0.588884521484375,-1.24192333984375,-0.6207975640624931
1758645521.147441,herder,2,3.062591552734375,-0.803097412109375,0.6783355588878186
1758645521.147441,target,1,-0.669320556640625,-0.75082177734375,0.1708667510638026
1758645521.147441,target,2,0.3714677124023438,-0.5708410034179687,1.4891007977214623
1758645521.147441,target,3,0.048285282135009766,0.06454045104980469,0.43748779201654053
1758645521.147441,target,4,-0.10472740936279297,-0.4184950561523437,-1.4249584297088493
1758645521.147441,target,5,2.93696484375,-0.4867012634277344,1.4658736388001727
1758645521.167436,herder,1,-0.5896984252929688,-1.2423709716796876,-0.597293636124917
1758645521.167436,herder,2,3.06481640625,-0.8018928833007812,0.6905329032594087
1758645521.167436,target,1,-0.6692998046875,-0.7508115844726563,0.17083875458284317
1758645521.167436,target,2,0.37152413940429685,-0.5708132934570312,1.4901222531575622
1758645521.167436,target,3,0.04821044540405273,0.06448841094970703,0.43422298954669875
1758645521.167436,target,4,-0.10481803894042968,-0.41851910400390624,-1.4252878627356922
1758645521.167436,target,5,2.9367138671875,-0.48655850219726565,1.4595274590805685
1758645521.187648,herder,1,-0.5898209838867188,-1.243078857421875,-0.57709249399223
1758645521.187648,herder,2,3.06706787109375,-0.8000414428710938,0.7030735290955101
1758645521.187648,target,1,-0.6692862548828125,-0.7508281860351562,0.1694457715299204
1758645521.187648,target,2,0.37146194458007814,-0.5708427734375,1.489085884019358
1758645521.187648,target,3,0.04821599197387695,0.06443580627441406,0.4341125016509741
1758645521.187648,target,4,-0.10476715087890626,-0.4185114135742187,-1.4258437976132463
1758645521.187648,target,5,2.936860107421875,-0.48679763793945313,1.4538606517550434
1758645521.2076008,herder,1,-0.5887940673828125,-1.2439970703125,-0.5632011794302677
1758645521.2076008,herder,2,3.069749267578125,-0.7979701538085937,0.7147327817688498
1758645521.2076008,target,1,-0.6692927856445312,-0.750810302734375,0.1712285581426467
1758645521.2076008,target,2,0.37144268798828123,-0.5708600463867187,1.4895981430550347
1758645521.2076008,target,3,0.04822138595581055,0.06444686126708984,0.43476630769858854
1758645521.2076008,target,4,-0.10478236389160156,-0.4184669799804687,-1.4253186222462826
1758645521.2076008,target,5,2.936771484375,-0.48632025146484376,1.4635959702778825
1758645521.2274375,herder,1,-0.5889073486328125,-1.24409521484375,-0.5551135586738606
1758645521.2274375,herder,2,3.071446044921875,-0.7967982788085938,0.7264853116593695
1758645521.2274375,target,1,-0.6693246459960938,-0.7508451538085937,0.17060795838487416
1758645521.2274375,target,2,0.3714012451171875,-0.570865478515625,1.4908747293235642
1758645521.2274375,target,3,0.048243541717529294,0.06446332550048828,0.43420251649581876
1758645521.2274375,target,4,-0.10481100463867188,-0.41852182006835936,-1.4260496599655095
1758645521.2274375,target,5,2.936906005859375,-0.4865666809082031,1.4598841895085846
1758645521.2475507,herder,1,-0.5894186401367187,-1.243819091796875,-0.5520492256550745
1758645521.2475507,herder,2,3.07363818359375,-0.7954269409179687,0.7384812544735223
1758645521.2475507,target,1,-0.6693460693359375,-0.7508619995117187,0.1705727380794579
1758645521.2475507,target,2,0.37146734619140626,-0.5708673706054688,1.490350219746873
1758645521.2475507,target,3,0.04822444534301758,0.06445356750488282,0.43412238863652103
1758645521.2475507,target,4,-0.1048067855834961,-0.41852694702148435,-1.4235697243584275
1758645521.2475507,target,5,2.9369453125,-0.4867727355957031,1.4613044533179238
1758645521.2675238,herder,1,-0.5891981811523438,-1.2439613037109376,-0.5517916313986366
1758645521.2675238,herder,2,3.076620361328125,-0.7931314697265625,0.750838854563708
1758645521.2675238,target,1,-0.6693269653320313,-0.7508404541015625,0.17090753071799447
1758645521.2675238,target,2,0.37143841552734375,-0.57083544921875,1.4902167953762602
1758645521.2675238,target,3,0.04821611785888672,0.06447949981689453,0.435121939572655
1758645521.2675238,target,4,-0.10483050537109374,-0.4185382080078125,-1.4241243276554365
1758645521.2675238,target,5,2.93699609375,-0.48661984252929685,1.466130234371202
1758645521.2875178,herder,1,-0.588916259765625,-1.2441932373046876,-0.5520174674590753
1758645521.2875178,herder,2,3.079125732421875,-0.791345458984375,0.7616837125757014
1758645521.2875178,target,1,-0.669305908203125,-0.7508386840820312,0.1702176055480958
1758645521.2875178,target,2,0.37144232177734376,-0.5708276977539063,1.491671547121716
1758645521.2875178,target,3,0.048241722106933595,0.06449765014648437,0.43476940362335575
1758645521.2875178,target,4,-0.10482426452636719,-0.4185013427734375,-1.4238638705008269
1758645521.2875178,target,5,2.93699853515625,-0.48671044921875,1.4662548703102176
1758645521.3074641,herder,1,-0.5890341186523438,-1.24416552734375,-0.5531153889079741
1758645521.3074641,herder,2,3.0809951171875,-0.7897915649414062,0.7723324287734106
1758645521.3074641,target,1,-0.6692800903320313,-0.7508177490234375,0.1705024472714366
1758645521.3074641,target,2,0.3715337219238281,-0.570808349609375,1.491222138687765
1758645521.3074641,target,3,0.04826239013671875,0.0645206069946289,0.4350176768159784
1758645521.3074641,target,4,-0.10481230926513672,-0.418505859375,-1.426139142178136
1758645521.3074641,target,5,2.9368798828125,-0.48630474853515626,1.467628661958535
1758645521.3275447,herder,1,-0.589019287109375,-1.244068115234375,-0.5570634253554757
1758645521.3275447,herder,2,3.083228759765625,-0.7881359252929687,0.7829692939042687
1758645521.3275447,target,1,-0.6692945556640625,-0.7508253784179687,0.1700047191084576
1758645521.3275447,target,2,0.3715361328125,-0.5707861328125,1.4918952526532825
1758645521.3275447,target,3,0.04827265548706055,0.06459420776367188,0.4354399875858377
1758645521.3275447,target,4,-0.10482577514648438,-0.41855368041992186,-1.4268920178183016
1758645521.3275447,target,5,2.937109130859375,-0.4861585998535156,1.4677271989188678
1758645521.3474722,herder,1,-0.5883607177734375,-1.2438529052734375,-0.5668309348379912
1758645521.3474722,herder,2,3.08572265625,-0.7856535034179688,0.7945357354136192
1758645521.3474722,target,1,-0.6692656860351562,-0.750837646484375,0.17100866426039021
1758645521.3474722,target,2,0.37154953002929686,-0.570780517578125,1.4919798080178925
1758645521.3474722,target,3,0.048269424438476566,0.06445262908935546,0.4356974153947075
1758645521.3474722,target,4,-0.10482164001464844,-0.4185382080078125,-1.4264568572961824
1758645521.3474722,target,5,2.937065185546875,-0.4839361877441406,1.4718648191464696
1758645521.3674324,herder,1,-0.5878626708984375,-1.2437698974609375,-0.5804579306617631
1758645521.3674324,herder,2,3.087738525390625,-0.7839063110351563,0.8063067076946876
1758645521.3674324,target,1,-0.6692998657226562,-0.7508359375,0.16974680860164024
1758645521.3674324,target,2,0.37152264404296875,-0.5707957153320312,1.4920375986135472
1758645521.3674324,target,3,0.04822652816772461,0.06444348907470702,0.43458278260996847
1758645521.3674324,target,4,-0.10479991912841796,-0.41852069091796873,-1.4265656474267123
1758645521.3674324,target,5,2.937656005859375,-0.48203042602539065,1.4687037800906
1758645521.3875756,herder,1,-0.5878634643554688,-1.2435086669921875,-0.5965743828935139
1758645521.3875756,herder,2,3.08983642578125,-0.7825501708984375,0.8190197732113716
1758645521.3875756,target,1,-0.6692830200195312,-0.7508396606445312,0.16973144549110183
1758645521.3875756,target,2,0.3715474548339844,-0.5707357177734375,1.493089946718292
1758645521.3875756,target,3,0.04823968505859375,0.06444241333007812,0.43376619084072293
1758645521.3875756,target,4,-0.10477495574951172,-0.4184998779296875,-1.425882013974889
1758645521.3875756,target,5,2.93796728515625,-0.47929864501953123,1.47575583065713
1758645521.4074807,herder,1,-0.587988037109375,-1.242551025390625,-0.6160938223661679
1758645521.4074807,herder,2,3.09154052734375,-0.7811317749023438,0.8325387112739137
1758645521.4074807,target,1,-0.66932421875,-0.7508426513671875,0.1691158391603732
1758645521.4074807,target,2,0.37150677490234374,-0.5707929077148437,1.492866906976998
1758645521.4074807,target,3,0.04823660659790039,0.06446181488037109,0.43451613700368924
1758645521.4074807,target,4,-0.10479416656494141,-0.41850250244140624,-1.4250440503378954
1758645521.4074807,target,5,2.938514404296875,-0.47596533203125,1.4749981613270022
1758645521.427653,herder,1,-0.5875557861328125,-1.2420389404296874,-0.638556454317523
1758645521.427653,herder,2,3.093559814453125,-0.7796266479492188,0.8453375305776982
1758645521.427653,target,1,-0.6693519287109375,-0.7508436889648438,0.17000441950283496
1758645521.427653,target,2,0.371415771484375,-0.5708682861328125,1.4892952084810382
1758645521.427653,target,3,0.048241500854492185,0.06447969818115235,0.4348885467926232
1758645521.427653,target,4,-0.10478326416015625,-0.418482666015625,-1.4247573610465485
1758645521.427653,target,5,2.93880419921875,-0.47244537353515625,1.4753787270467746
1758645521.4475415,herder,1,-0.5864547119140625,-1.2419339599609376,-0.6621498644677257
1758645521.4475415,herder,2,3.09551611328125,-0.7779591674804688,0.858507128484249
1758645521.4475415,target,1,-0.6693121948242188,-0.7508334350585938,0.16917885620966722
1758645521.4475415,target,2,0.37146902465820314,-0.5708397216796876,1.4893451427514772
1758645521.4475415,target,3,0.04824283981323242,0.0645127944946289,0.43499866850369795
1758645521.4475415,target,4,-0.1047901611328125,-0.41845394897460936,-1.425616230498099
1758645521.4475415,target,5,2.939648193359375,-0.46879248046875,1.4768667683058563
1758645521.4675887,herder,1,-0.5864051513671875,-1.2411541748046875,-0.6865783087777229
1758645521.4675887,herder,2,3.09697802734375,-0.7766705932617187,0.8712990901482266
1758645521.4675887,target,1,-0.669361328125,-0.7508267211914063,0.1687287320511734
1758645521.4675887,target,2,0.3714963073730469,-0.5708118896484375,1.4914687474047064
1758645521.4675887,target,3,0.04826740264892578,0.0645697021484375,0.4356123939769067
1758645521.4675887,target,4,-0.10480272674560547,-0.4184739074707031,-1.4250680187877063
1758645521.4675887,target,5,2.939982177734375,-0.4642054443359375,1.4814663138245323
1758645521.4875598,herder,1,-0.5866261596679687,-1.240240478515625,-0.7103251170067141
1758645521.4875598,herder,2,3.0988779296875,-0.7750391845703125,0.8843788063679873
1758645521.4875598,target,1,-0.6693734130859375,-0.7508306274414063,0.16897206175102256
1758645521.4875598,target,2,0.37152603149414065,-0.5707536010742188,1.4941453574582904
1758645521.4875598,target,3,0.04830632400512695,0.06459992980957031,0.43636437080020424
1758645521.4875598,target,4,-0.10473863983154297,-0.4184637451171875,-1.4256029146926485
1758645521.4875598,target,5,2.940860107421875,-0.459739990234375,1.4821857667930172
1758645521.5077934,herder,1,-0.5858716430664063,-1.2402186279296874,-0.7327394791633115
1758645521.5077934,herder,2,3.101020751953125,-0.7729661254882813,0.8985793139325078
1758645521.5077934,target,1,-0.6693444213867188,-0.7508632202148438,0.16896177529131212
1758645521.5077934,target,2,0.3715271301269531,-0.570750244140625,1.4923289484368019
1758645521.5077934,target,3,0.048277256011962894,0.06451632690429687,0.4370425114822793
1758645521.5077934,target,4,-0.10477699279785156,-0.4184785461425781,-1.4257923986042078
1758645521.5077934,target,5,2.940976806640625,-0.454513916015625,1.479966820972763
1758645521.527563,herder,1,-0.5847426147460938,-1.2402928466796874,-0.7539492935588661
1758645521.527563,herder,2,3.102668701171875,-0.7712672729492187,0.9124638374336904
1758645521.527563,target,1,-0.6693171997070313,-0.7508762817382812,0.1691813862127028
1758645521.527563,target,2,0.37154885864257814,-0.5707508544921875,1.493507663535271
1758645521.527563,target,3,0.04822187042236328,0.06444374084472657,0.4345507913873739
1758645521.527563,target,4,-0.10478361511230469,-0.4184909973144531,-1.4250578987755638
1758645521.527563,target,5,2.941486572265625,-0.4498267517089844,1.48234875225173
1758645521.5476131,herder,1,-0.584814208984375,-1.239516845703125,-0.7730970889013995
1758645521.5476131,herder,2,3.104077392578125,-0.7701705322265625,0.9247669093005567
1758645521.5476131,target,1,-0.6693117065429688,-0.7508438110351563,0.16885163693548055
1758645521.5476131,target,2,0.3715852355957031,-0.5707340087890626,1.493780104914786
1758645521.5476131,target,3,0.048257671356201175,0.06448319244384766,0.43606965873607334
1758645521.5476131,target,4,-0.10475738525390625,-0.4184894104003906,-1.4253479170182735
1758645521.5476131,target,5,2.94180712890625,-0.44591616821289065,1.488081872288398
1758645521.5676508,herder,1,-0.5844033813476562,-1.239116943359375,-0.7926305099697765
1758645521.5676508,herder,2,3.105927978515625,-0.7681312255859375,0.9374720519129978
1758645521.5676508,target,1,-0.6693116455078125,-0.750825927734375,0.16915695170970133
1758645521.5676508,target,2,0.37156793212890626,-0.5707627563476563,1.4929840860649615
1758645521.5676508,target,3,0.04822531127929688,0.0645394058227539,0.43466354297002513
1758645521.5676508,target,4,-0.10478619384765625,-0.4184730529785156,-1.4259296845584013
1758645521.5676508,target,5,2.942092529296875,-0.44406637573242186,1.4846935324334902
1758645521.587455,herder,1,-0.5835283813476563,-1.2392955322265624,-0.8139039073363566
1758645521.587455,herder,2,3.1081298828125,-0.765357177734375,0.9503903139916724
1758645521.587455,target,1,-0.6693516235351562,-0.7508096313476562,0.1691407896508359
1758645521.587455,target,2,0.37150930786132813,-0.5707393188476563,1.4941263158564964
1758645521.587455,target,3,0.04824298095703125,0.06446744537353516,0.4355722468234738
1758645521.587455,target,4,-0.1047602081298828,-0.41847967529296876,-1.4258362076041395
1758645521.587455,target,5,2.942094482421875,-0.4422005615234375,1.4797725433712419
1758645521.6076057,herder,1,-0.583421875,-1.2385703125,-0.8362156046329315
1758645521.6076057,herder,2,3.109818359375,-0.763733154296875,0.963122287952096
1758645521.6076057,target,1,-0.6693382568359375,-0.7508167724609375,0.16902887030602531
1758645521.6076057,target,2,0.37152215576171876,-0.5707698364257813,1.4937513427750133
1758645521.6076057,target,3,0.0482181625366211,0.06449216461181641,0.43422199086129
1758645521.6076057,target,4,-0.104878662109375,-0.418567138671875,-1.4278720610994506
1758645521.6076057,target,5,2.942418212890625,-0.440502685546875,1.4773717036485354
1758645521.6274273,herder,1,-0.5826536865234375,-1.2378360595703124,-0.8631528132688105
1758645521.6274273,herder,2,3.11136181640625,-0.7618064575195312,0.9751987248101965
1758645521.6274273,target,1,-0.669314697265625,-0.7508530883789063,0.16980930966347305
1758645521.6274273,target,2,0.37154049682617185,-0.570759521484375,1.4939422914251719
1758645521.6274273,target,3,0.04820945358276367,0.06454438018798828,0.4346904408970349
1758645521.6274273,target,4,-0.10486133575439453,-0.41858065795898436,-1.4275110696136903
1758645521.6274273,target,5,2.9424912109375,-0.4388993225097656,1.4809280889682273
1758645521.6474514,herder,1,-0.5817926635742188,-1.2377161865234374,-0.8917319272957506
1758645521.6474514,herder,2,3.11348828125,-0.7592972412109374,0.9867175623150617
1758645521.6474514,target,1,-0.6693318481445313,-0.7508560791015625,0.170253458354271
1758645521.6474514,target,2,0.37155130004882814,-0.5707797241210938,1.4935085956416525
1758645521.6474514,target,3,0.048230052947998044,0.06449221038818359,0.4355377921768709
1758645521.6474514,target,4,-0.10481240081787109,-0.418548095703125,-1.4262981328952138
1758645521.6474514,target,5,2.942823486328125,-0.43754010009765626,1.4908411734938292
1758645521.667566,herder,1,-0.582033935546875,-1.2364547119140625,-0.9175318329881113
1758645521.667566,herder,2,3.1157099609375,-0.7569221801757813,0.9981856666011609
1758645521.667566,target,1,-0.669350341796875,-0.7508675537109375,0.1686827758776127
1758645521.667566,target,2,0.3715740051269531,-0.570747802734375,1.4950894480647237
1758645521.667566,target,3,0.04824757385253906,0.06447767639160157,0.43447355971576157
1758645521.667566,target,4,-0.104778076171875,-0.418520751953125,-1.426174562220634
1758645521.667566,target,5,2.94289599609375,-0.437574462890625,1.484108968574218
1758645521.6879876,herder,1,-0.5818093872070312,-1.23575146484375,-0.9412503451305204
1758645521.6879876,herder,2,3.11709423828125,-0.7550177612304687,1.0100945906266956
1758645521.6879876,target,1,-0.6693275146484375,-0.7508560180664062,0.16848921400063438
1758645521.6879876,target,2,0.37156961059570315,-0.5707665405273438,1.4935377572555888
1758645521.6879876,target,3,0.04824149703979492,0.06449413299560547,0.43501904168603706
1758645521.6879876,target,4,-0.10476673126220704,-0.4185162048339844,-1.4254260807962673
1758645521.6879876,target,5,2.942779052734375,-0.43779763793945314,1.485287417356578
1758645521.7077565,herder,1,-0.5809075317382812,-1.236615478515625,-0.9616880425470338
1758645521.7077565,herder,2,3.119059326171875,-0.75279736328125,1.021237522943696
1758645521.7077565,target,1,-0.6693477172851563,-0.7508355712890625,0.1694389971138975
1758645521.7077565,target,2,0.3715456848144531,-0.570778076171875,1.4949417757822787
1758645521.7077565,target,3,0.048280078887939455,0.06451441955566406,0.43612771564783703
1758645521.7077565,target,4,-0.10473378753662109,-0.4184791259765625,-1.4249348607332022
1758645521.7077565,target,5,2.94266162109375,-0.4376260986328125,1.4901962890358664
1758645521.7276552,herder,1,-0.5805794677734375,-1.2364603271484376,-0.97633396380387
1758645521.7276552,herder,2,3.121014892578125,-0.7499151611328125,1.0326448405779143
1758645521.7276552,target,1,-0.66934326171875,-0.7508199462890625,0.16973597286495498
1758645521.7276552,target,2,0.3715756225585938,-0.570740966796875,1.4928020590044544
1758645521.7276552,target,3,0.048246166229248044,0.06457743835449219,0.43664673245477986
1758645521.7276552,target,4,-0.1047494354248047,-0.41844915771484376,-1.4258077117804757
1758645521.7276552,target,5,2.942729248046875,-0.4379393310546875,1.4877034370974977
1758645521.7475333,herder,1,-0.5806255493164062,-1.2359176025390626,-0.9864269448611068
1758645521.7475333,herder,2,3.12263671875,-0.7473547973632813,1.0445360545821998
1758645521.7475333,target,1,-0.6693553466796875,-0.7508609619140625,0.1702020926347461
1758645521.7475333,target,2,0.37161764526367186,-0.5707283935546875,1.492252648871571
1758645521.7475333,target,3,0.0482479248046875,0.06450830078125,0.43544964154478927
1758645521.7475333,target,4,-0.10475775146484376,-0.41849462890625,-1.4255588393766079
1758645521.7475333,target,5,2.942793212890625,-0.43802633666992186,1.490664339597448
1758645521.767533,herder,1,-0.5801259765625,-1.23592333984375,-0.9906979228802941
1758645521.767533,herder,2,3.1242998046875,-0.7451708374023438,1.0561578232631965
1758645521.767533,target,1,-0.6693292236328126,-0.7508212890625,0.16959542453842605
1758645521.767533,target,2,0.3715523376464844,-0.5707459106445313,1.4935848952068833
1758645521.767533,target,3,0.048279129028320315,0.06452234649658203,0.4361125356296236
1758645521.767533,target,4,-0.10481429290771484,-0.41854574584960935,-1.425365760197577
1758645521.767533,target,5,2.942775634765625,-0.4380430908203125,1.4904179971966156
1758645521.7877145,herder,1,-0.579931884765625,-1.235853759765625,-0.9916446766478173
1758645521.7877145,herder,2,3.125791748046875,-0.7429581909179688,1.0680193430213278
1758645521.7877145,target,1,-0.6693479614257812,-0.7508348388671875,0.16892204425679952
1758645521.7877145,target,2,0.3715196228027344,-0.5707536010742188,1.494315400293892
1758645521.7877145,target,3,0.048267143249511715,0.06444950866699219,0.43512896366003007
1758645521.7877145,target,4,-0.10485459136962891,-0.4185579528808594,-1.4254709550606353
1758645521.7877145,target,5,2.9427578125,-0.43782281494140624,1.4900737836257227
1758645521.807482,herder,1,-0.5798789672851562,-1.2357548828125,-0.9896135502634411
1758645521.807482,herder,2,3.1275986328125,-0.7407636108398438,1.0802532392788793
1758645521.807482,target,1,-0.6693528442382812,-0.7508538818359375,0.16812041612392886
1758645521.807482,target,2,0.37155401611328126,-0.570781982421875,1.4929547912929706
1758645521.807482,target,3,0.04825645065307617,0.06445906066894531,0.4353535014294374
1758645521.807482,target,4,-0.1048230972290039,-0.41854635620117187,-1.4251472478301361
1758645521.807482,target,5,2.9427587890625,-0.43821148681640626,1.4871669432959014
1758645521.8275893,herder,1,-0.58012158203125,-1.2360181884765624,-0.9873914752289062
1758645521.8275893,herder,2,3.129548095703125,-0.738163818359375,1.0924882673798941
1758645521.8275893,target,1,-0.6693486328125,-0.7508411254882813,0.16831159780068292
1758645521.8275893,target,2,0.3715347900390625,-0.5707489624023437,1.4932661148244009
1758645521.8275893,target,3,0.04822664260864258,0.06443940734863281,0.43469566735067416
1758645521.8275893,target,4,-0.10480288696289063,-0.41853201293945314,-1.4252584348056467
1758645521.8275893,target,5,2.94264990234375,-0.4383092956542969,1.487091575837052
1758645521.8474352,herder,1,-0.5804007568359375,-1.2361861572265624,-0.9834197699372166
1758645521.8474352,herder,2,3.13115966796875,-0.7354551391601563,1.104150782425569
1758645521.8474352,target,1,-0.66936328125,-0.7508378295898438,0.16841434588448953
1758645521.8474352,target,2,0.3715505065917969,-0.5707669677734375,1.4918004441184758
1758645521.8474352,target,3,0.048212799072265625,0.06453561401367187,0.4355092630636934
1758645521.8474352,target,4,-0.10482989501953124,-0.4184945373535156,-1.425344588066911
1758645521.8474352,target,5,2.942956787109375,-0.4375780639648438,1.482544494591851
1758645521.8675847,herder,1,-0.5811735229492188,-1.235819580078125,-0.9766148607198462
1758645521.8675847,herder,2,3.132570068359375,-0.73317333984375,1.114749830668948
1758645521.8675847,target,1,-0.6693345947265625,-0.7508396606445312,0.1678818468245282
1758645521.8675847,target,2,0.37159378051757813,-0.5706910400390625,1.4947108797157689
1758645521.8675847,target,3,0.04825313949584961,0.06457417297363281,0.43560829936673073
1758645521.8675847,target,4,-0.10477054595947266,-0.41847528076171875,-1.422899007237891
1758645521.8675847,target,5,2.943206787109375,-0.4361378479003906,1.4891147793171853
1758645521.887953,herder,1,-0.5817373046875,-1.2351517333984374,-0.9642478064077907
1758645521.887953,herder,2,3.13387548828125,-0.73121728515625,1.1247966058812722
1758645521.887953,target,1,-0.6693707885742187,-0.750850341796875,0.16840186231687979
1758645521.887953,target,2,0.37152203369140624,-0.5707391357421875,1.4940620005161709
1758645521.887953,target,3,0.048230712890625,0.0645536346435547,0.4342636360428361
1758645521.887953,target,4,-0.10483426666259765,-0.4185046691894531,-1.4242600157129761
1758645521.887953,target,5,2.9436650390625,-0.4339310302734375,1.4883861384429395
1758645521.9075787,herder,1,-0.5820244750976562,-1.23549462890625,-0.9472214851896144
1758645521.9075787,herder,2,3.135228271484375,-0.7285692749023438,1.135847925456774
1758645521.9075787,target,1,-0.6693448486328125,-0.750830810546875,0.1695026300191936
1758645521.9075787,target,2,0.3715270690917969,-0.5707595825195313,1.494620864870924
1758645521.9075787,target,3,0.04823653793334961,0.06452790832519531,0.4346032223713348
1758645521.9075787,target,4,-0.10482146453857422,-0.4185089416503906,-1.4249487091708706
1758645521.9075787,target,5,2.94406396484375,-0.43079763793945314,1.495410625292187
1758645521.9275496,herder,1,-0.58208154296875,-1.23569384765625,-0.9375413606803671
1758645521.9275496,herder,2,3.1360302734375,-0.7271104736328124,1.1429970482450371
1758645521.9275496,target,1,-0.6693660888671875,-0.75079931640625,0.1680786044948146
1758645521.9275496,target,2,0.3715650634765625,-0.5707774658203125,1.4936670537265122
1758645521.9275496,target,3,0.04821763610839844,0.06444573211669923,0.43522387206337776
1758645521.9275496,target,4,-0.10475792694091797,-0.4184824829101563,-1.4246965078156402
1758645521.9275496,target,5,2.9439912109375,-0.429287353515625,1.4958798742762591
1758645521.9474683,herder,1,-0.58208154296875,-1.23569384765625,-0.9375413606803671
1758645521.9474683,herder,2,3.1360302734375,-0.7271104736328124,1.1429970482450371
1758645521.9474683,target,1,-0.6693660888671875,-0.75079931640625,0.1680786044948146
1758645521.9474683,target,2,0.3715650634765625,-0.5707774658203125,1.4936670537265122
1758645521.9474683,target,3,0.04821763610839844,0.06444573211669923,0.43522387206337776
1758645521.9474683,target,4,-0.10475792694091797,-0.4184824829101563,-1.4246965078156402
1758645521.9474683,target,5,2.9439912109375,-0.429287353515625,1.4958798742762591
1758645521.9674509,herder,1,-0.58208154296875,-1.23569384765625,-0.9375413606803671
1758645521.9674509,herder,2,3.1360302734375,-0.7271104736328124,1.1429970482450371
1758645521.9674509,target,1,-0.6693660888671875,-0.75079931640625,0.1680786044948146
1758645521.9674509,target,2,0.3715650634765625,-0.5707774658203125,1.4936670537265122
1758645521.9674509,target,3,0.04821763610839844,0.06444573211669923,0.43522387206337776
1758645521.9674509,target,4,-0.10475792694091797,-0.4184824829101563,-1.4246965078156402
1758645521.9674509,target,5,2.9439912109375,-0.429287353515625,1.4958798742762591
1758645521.9877293,herder,1,-0.5841026611328125,-1.2366920166015625,-0.8521905764317719
1758645521.9877293,herder,2,3.141194091796875,-0.7186824951171875,1.1848981595719077
1758645521.9877293,target,1,-0.6693525390625,-0.7508292846679687,0.16965764263939304
1758645521.9877293,target,2,0.371494873046875,-0.5708905639648437,1.4883724231633257
1758645521.9877293,target,3,0.04821997451782226,0.0645511245727539,0.4370097878903849
1758645521.9877293,target,4,-0.1048562240600586,-0.41855657958984377,-1.426127823743503
1758645521.9877293,target,5,2.944616455078125,-0.41463671875,1.4960623008109295
1758645522.0076213,herder,1,-0.58531005859375,-1.2367630615234375,-0.8234719793427389
1758645522.0076213,herder,2,3.14250146484375,-0.7157659912109375,1.1967148716446985
1758645522.0076213,target,1,-0.669366455078125,-0.7508359375,0.16839725171924258
1758645522.0076213,target,2,0.37142974853515626,-0.5708377075195312,1.4890240986820682
1758645522.0076213,target,3,0.04825835418701172,0.06449895477294922,0.4346015578956535
1758645522.0076213,target,4,-0.10480795288085938,-0.41853402709960935,-1.4244633480622038
1758645522.0076213,target,5,2.94510107421875,-0.40972396850585935,1.488242194586021
1758645522.0274498,herder,1,-0.585796630859375,-1.2375118408203125,-0.7944322716052696
1758645522.0274498,herder,2,3.14411865234375,-0.7126149291992188,1.2079166598217896
1758645522.0274498,target,1,-0.6693402709960937,-0.7508258666992188,0.16874722437599263
1758645522.0274498,target,2,0.37147662353515626,-0.5708432006835937,1.4898221149027104
1758645522.0274498,target,3,0.04820639419555664,0.06447530364990234,0.43478927746299045
1758645522.0274498,target,4,-0.10477789306640625,-0.41850942993164064,-1.4254894640302112
1758645522.0274498,target,5,2.945455322265625,-0.40472653198242187,1.490282575455185
1758645522.0474336,herder,1,-0.5859521484375,-1.2385390625,-0.7666485772169089
1758645522.0474336,herder,2,3.14528173828125,-0.7101320190429687,1.2188438760904938
1758645522.0474336,target,1,-0.6693671875,-0.7508196411132813,0.1693188053249509
1758645522.0474336,target,2,0.3714835510253906,-0.5708013916015625,1.4913457093623446
1758645522.0474336,target,3,0.04821487808227539,0.06453789520263672,0.4352564624972176
1758645522.0474336,target,4,-0.10480886077880859,-0.4185015563964844,-1.4268227756299594
1758645522.0474336,target,5,2.946095703125,-0.399396240234375,1.4867308506674008
1758645522.0675418,herder,1,-0.58642919921875,-1.239014404296875,-0.741300410224453
1758645522.0675418,herder,2,3.146143310546875,-0.7076382446289062,1.2302553882034288
1758645522.0675418,target,1,-0.6693553466796875,-0.7508330688476562,0.16939307422985048
1758645522.0675418,target,2,0.3714820251464844,-0.570786376953125,1.4908767266943816
1758645522.0675418,target,3,0.04826422119140625,0.06458526611328125,0.43639985742172954
1758645522.0675418,target,4,-0.10486127471923828,-0.41854653930664065,-1.425703449023799
1758645522.0675418,target,5,2.946449951171875,-0.3938550720214844,1.4804195583580766
1758645522.0878544,herder,1,-0.587307861328125,-1.23947998046875,-0.7152156794535084
1758645522.0878544,herder,2,3.14750732421875,-0.7050803833007813,1.2412409277000056
1758645522.0878544,target,1,-0.6693486938476563,-0.7508228149414062,0.16879183232425146
1758645522.0878544,target,2,0.371465576171875,-0.5707811889648438,1.4910126810680302
1758645522.0878544,target,3,0.048239063262939454,0.06461184692382813,0.4359452891131666
1758645522.0878544,target,4,-0.1048496322631836,-0.41855340576171873,-1.426092137384896
1758645522.0878544,target,5,2.9467001953125,-0.38808245849609374,1.4864168639748805
1758645522.1075184,herder,1,-0.5869970092773438,-1.240578857421875,-0.6910496230899114
1758645522.1075184,herder,2,3.1487255859375,-0.7023048095703125,1.253063099253031
1758645522.1075184,target,1,-0.6693433837890626,-0.750820556640625,0.16890629831685441
1758645522.1075184,target,2,0.3715111389160156,-0.5708513793945312,1.4897705827356174
1758645522.1075184,target,3,0.048246631622314455,0.06465564727783203,0.4363876401702288
1758645522.1075184,target,4,-0.10487126159667969,-0.41858740234375,-1.4270922875322753
1758645522.1075184,target,5,2.94725244140625,-0.38242156982421877,1.4920916607836758
1758645522.1275735,herder,1,-0.5873065185546875,-1.2409417724609375,-0.6696232271187061
1758645522.1275735,herder,2,3.150114013671875,-0.6988511352539063,1.2641788673269128
1758645522.1275735,target,1,-0.66935693359375,-0.7508291625976562,0.1683765123522536
1758645522.1275735,target,2,0.3714750671386719,-0.5708504028320313,1.4894838934442702
1758645522.1275735,target,3,0.04830001831054687,0.06456241607666016,0.4378184567553875
1758645522.1275735,target,4,-0.10484014892578125,-0.4185668640136719,-1.4267675150373402
1758645522.1275735,target,5,2.9479052734375,-0.3772001953125,1.4968327533142893
1758645522.1475415,herder,1,-0.5879520874023437,-1.24111181640625,-0.6493970512717723
1758645522.1475415,herder,2,3.151465087890625,-0.6955480346679688,1.2735622491116978
1758645522.1475415,target,1,-0.66932666015625,-0.7508370971679688,0.1686520330117791
1758645522.1475415,target,2,0.3714654235839844,-0.5708196411132812,1.489978708774807
1758645522.1475415,target,3,0.048265159606933596,0.06459360504150391,0.43684653611556307
1758645522.1475415,target,4,-0.1047639389038086,-0.418478515625,-1.4228713103625543
1758645522.1475415,target,5,2.948033203125,-0.3723642578125,1.5002470589898256
1758645522.1677997,herder,1,-0.5877139282226562,-1.2420850830078125,-0.626710047998578
1758645522.1677997,herder,2,3.152469482421875,-0.6927227783203125,1.2823635970402463
1758645522.1677997,target,1,-0.66934619140625,-0.7508271484375,0.16949502336533007
1758645522.1677997,target,2,0.371510986328125,-0.5708027954101562,1.4916270723315115
1758645522.1677997,target,3,0.04826012420654297,0.06459916687011719,0.4360119347194459
1758645522.1677997,target,4,-0.10478291320800781,-0.41845599365234376,-1.4225169767795194
1758645522.1677997,target,5,2.9485810546875,-0.36932159423828126,1.5046952038005303
1758645522.1874917,herder,1,-0.5888555297851562,-1.24238232421875,-0.6002854312935121
1758645522.1874917,herder,2,3.153410888671875,-0.6898343505859375,1.2909786568505435
1758645522.1874917,target,1,-0.6693861694335937,-0.7507885131835937,0.1692048553198091
1758645522.1874917,target,2,0.3714651794433594,-0.5708140258789063,1.4908074845060397
1758645522.1874917,target,3,0.04825331878662109,0.06457852935791016,0.4363290173367334
1758645522.1874917,target,4,-0.10476604461669922,-0.418457275390625,-1.4235280458873678
1758645522.1874917,target,5,2.94875439453125,-0.3667181396484375,1.4989756658854216
1758645522.2076004,herder,1,-0.5902518920898437,-1.2428192138671874,-0.5732671294024402
1758645522.2076004,herder,2,3.154385986328125,-0.6860023193359375,1.3001207562405677
1758645522.2076004,target,1,-0.6693412475585937,-0.75081982421875,0.1693013949093245
1758645522.2076004,target,2,0.37150048828125,-0.5707819213867188,1.4914050978546534
1758645522.2076004,target,3,0.04821737289428711,0.06449256134033203,0.4346572845414634
1758645522.2076004,target,4,-0.10482781982421875,-0.418558837890625,-1.425190790513959
1758645522.2076004,target,5,2.948646484375,-0.36407406616210936,1.4963167658530865
1758645522.2274547,herder,1,-0.590286865234375,-1.24345166015625,-0.545555307073998
1758645522.2274547,herder,2,3.15555126953125,-0.6820916137695312,1.3099630006811733
1758645522.2274547,target,1,-0.6693789672851562,-0.7508601684570313,0.16877800053133984
1758645522.2274547,target,2,0.3715149230957031,-0.5707839965820313,1.4930892809280196
1758645522.2274547,target,3,0.048247970581054685,0.06450823211669922,0.43498295585326646
1758645522.2274547,target,4,-0.10483110046386719,-0.4185354309082031,-1.4271333002130626
1758645522.2274547,target,5,2.948701904296875,-0.3618076171875,1.5009511987820425
1758645522.247743,herder,1,-0.5899757690429688,-1.244153076171875,-0.5201799758384232
1758645522.247743,herder,2,3.156796630859375,-0.6784813232421875,1.3196652960064956
1758645522.247743,target,1,-0.669308349609375,-0.7508187866210938,0.16971177138854887
1758645522.247743,target,2,0.37154336547851563,-0.5707935791015625,1.491659696054865
1758645522.247743,target,3,0.048245635986328125,0.06453347778320312,0.4347499292578846
1758645522.247743,target,4,-0.1047962875366211,-0.41854592895507814,-1.4262721670745855
1758645522.247743,target,5,2.9492275390625,-0.35999566650390624,1.5036689546744684
1758645522.2675755,herder,1,-0.5897141723632813,-1.244740966796875,-0.5011626088102764
1758645522.2675755,herder,2,3.157809814453125,-0.6751199340820313,1.3294070061159509
1758645522.2675755,target,1,-0.669339599609375,-0.7508486328125,0.16999117027641183
1758645522.2675755,target,2,0.3715006713867188,-0.57080908203125,1.4910861843141165
1758645522.2675755,target,3,0.048264480590820315,0.0644898681640625,0.4356551377124025
1758645522.2675755,target,4,-0.10478327178955078,-0.41851806640625,-1.426475233107704
1758645522.2675755,target,5,2.94919384765625,-0.35871905517578123,1.5007922080649647
1758645522.2879312,herder,1,-0.5899443969726562,-1.2449483642578125,-0.48951840299709576
1758645522.2879312,herder,2,3.159187255859375,-0.6713506469726562,1.3391543088636955
1758645522.2879312,target,1,-0.669352294921875,-0.7508265991210937,0.1689225435995039
1758645522.2879312,target,2,0.3714412841796875,-0.5707403564453125,1.4889517938584724
1758645522.2879312,target,3,0.04820530700683594,0.06440785217285157,0.4344218278115868
1758645522.2879312,target,4,-0.10476929473876953,-0.41850900268554686,-1.4257680306802336
1758645522.2879312,target,5,2.94865673828125,-0.35815802001953123,1.4946548201748227
1758645522.3075936,herder,1,-0.5905613403320312,-1.24537646484375,-0.48223608886481495
1758645522.3075936,herder,2,3.160207763671875,-0.6671177368164063,1.3492980231396983
1758645522.3075936,target,1,-0.669351806640625,-0.7508533325195312,0.16826639064117882
1758645522.3075936,target,2,0.37145306396484373,-0.5707483520507812,1.4896677847175401
1758645522.3075936,target,3,0.048227706909179685,0.064470458984375,0.4344242912355951
1758645522.3075936,target,4,-0.1047848663330078,-0.41847998046875,-1.4247573610465485
1758645522.3075936,target,5,2.94835986328125,-0.3578193359375,1.4917375935167498
1758645522.3276722,herder,1,-0.5906048583984375,-1.2457572021484375,-0.4779635462384872
1758645522.3276722,herder,2,3.1614716796875,-0.663445068359375,1.357588177297006
1758645522.3276722,target,1,-0.6693519897460938,-0.750848388671875,0.1687051630755262
1758645522.3276722,target,2,0.37147897338867186,-0.5708008422851563,1.4897508753435507
1758645522.3276722,target,3,0.0482564811706543,0.06453221130371094,0.4354568986587597
1758645522.3276722,target,4,-0.10478937530517578,-0.41854153442382813,-1.425376279683883
1758645522.3276722,target,5,2.948246826171875,-0.35848736572265627,1.4862062079326552
1758645522.3475711,herder,1,-0.5905088500976563,-1.2457421875,-0.47740764465044677
1758645522.3475711,herder,2,3.1621181640625,-0.6602328491210937,1.3657908466125044
1758645522.3475711,target,1,-0.6693170776367188,-0.7508305053710937,0.16843743216218915
1758645522.3475711,target,2,0.37145376586914064,-0.5708265380859375,1.4885383380992376
1758645522.3475711,target,3,0.048293228149414065,0.06455669403076172,0.4355213804466533
1758645522.3475711,target,4,-0.10484174346923827,-0.41857391357421875,-1.4271396917996788
1758645522.3475711,target,5,2.948498779296875,-0.35879498291015627,1.4856842283589997
1758645522.3675375,herder,1,-0.590142578125,-1.2454244384765625,-0.47972572664227897
1758645522.3675375,herder,2,3.16296630859375,-0.6565310668945312,1.3743876637693349
1758645522.3675375,target,1,-0.669374267578125,-0.7508370971679688,0.16889815903077288
1758645522.3675375,target,2,0.3714423522949219,-0.5708538818359375,1.4891483351469204
1758645522.3675375,target,3,0.04829425811767578,0.06455953216552734,0.43626593370841216
1758645522.3675375,target,4,-0.10489086151123046,-0.41859011840820315,-1.4270560685414504
1758645522.3675375,target,5,2.948322021484375,-0.35871401977539064,1.4887512578283895
1758645522.3878965,herder,1,-0.5898347778320312,-1.2452425537109375,-0.4845741778543364
1758645522.3878965,herder,2,3.16397705078125,-0.65292919921875,1.3838199145601229
1758645522.3878965,target,1,-0.6693533325195312,-0.7508590087890625,0.1694826396662612
1758645522.3878965,target,2,0.37151153564453127,-0.5708231201171875,1.4895753730277146
1758645522.3878965,target,3,0.04825449371337891,0.0644887466430664,0.43517853174581916
1758645522.3878965,target,4,-0.10486164093017578,-0.41858767700195315,-1.4266367538278173
1758645522.3878965,target,5,2.948394775390625,-0.35822640991210936,1.489931437665458
1758645522.407713,herder,1,-0.5900128784179688,-1.2450867919921875,-0.49081842508321794
1758645522.407713,herder,2,3.164783203125,-0.6486776733398437,1.393352300207898
1758645522.407713,target,1,-0.669342529296875,-0.7508463745117188,0.16888021598292846
1758645522.407713,target,2,0.3715542907714844,-0.5708118286132813,1.4903780497802643
1758645522.407713,target,3,0.04824878692626953,0.0645483856201172,0.43547627315569004
1758645522.407713,target,4,-0.10478251647949219,-0.4185340881347656,-1.427090290161458
1758645522.407713,target,5,2.94880419921875,-0.35682101440429687,1.4932655821921827
1758645522.4277377,herder,1,-0.5900123901367188,-1.24496337890625,-0.5013915075059687
1758645522.4277377,herder,2,3.165857177734375,-0.64504150390625,1.4021696271029869
1758645522.4277377,target,1,-0.66934765625,-0.7508468627929688,0.16897317694972902
1758645522.4277377,target,2,0.3715329895019531,-0.5707941284179687,1.4924316132968245
1758645522.4277377,target,3,0.04827519989013672,0.06455493927001953,0.4370212061935586
1758645522.4277377,target,4,-0.10483195495605468,-0.41854766845703123,-1.4260438010111112
1758645522.4277377,target,5,2.94906689453125,-0.35457998657226564,1.495589190243277
1758645522.447439,herder,1,-0.5894467163085938,-1.2449052734375,-0.5150295887377782
1758645522.447439,herder,2,3.1664482421875,-0.6419290771484375,1.4109519334297411
1758645522.447439,target,1,-0.669334228515625,-0.7508265380859375,0.16975286729312017
1758645522.447439,target,2,0.37148480224609376,-0.5708086547851563,1.492606449822388
1758645522.447439,target,3,0.048293159484863284,0.06456559753417969,0.43638364542859365
1758645522.447439,target,4,-0.1048258056640625,-0.41853555297851563,-1.4248722764475854
1758645522.447439,target,5,2.949400390625,-0.35192669677734373,1.4983724598985186
1758645522.467429,herder,1,-0.58926318359375,-1.2442657470703125,-0.5318318382397379
1758645522.467429,herder,2,3.167251220703125,-0.6382752075195313,1.4190053325661407
1758645522.467429,target,1,-0.6693278198242187,-0.7508375244140625,0.16984188345255607
1758645522.467429,target,2,0.3714813537597656,-0.5707973022460937,1.4911872512774849
1758645522.467429,target,3,0.04818421173095703,0.06450759887695312,0.4341993539920243
1758645522.467429,target,4,-0.10474029541015625,-0.4185047302246094,-1.4249906539580395
1758645522.467429,target,5,2.94953662109375,-0.34875997924804686,1.4998029768780547
1758645522.4879596,herder,1,-0.589065185546875,-1.243368408203125,-0.5521565177574911
1758645522.4879596,herder,2,3.167986328125,-0.6340081787109375,1.427314661483297
1758645522.4879596,target,1,-0.6693333740234375,-0.7508336791992187,0.16969439426243613
1758645522.4879596,target,2,0.3715321960449219,-0.5707093505859375,1.4938239139147178
1758645522.4879596,target,3,0.048219242095947266,0.06445533752441407,0.435101466521775
1758645522.4879596,target,4,-0.10470989227294922,-0.4184547119140625,-1.4241135418530217
1758645522.4879596,target,5,2.950115478515625,-0.34543264770507814,1.5020064763639864
1758645522.5075424,herder,1,-0.5886085205078125,-1.2429720458984375,-0.5751562427216879
1758645522.5075424,herder,2,3.168566162109375,-0.6304328002929688,1.436174066323609
1758645522.5075424,target,1,-0.6693233032226562,-0.7508447265625,0.1690247424063357
1758645522.5075424,target,2,0.371544677734375,-0.5707557373046875,1.4933775681160206
1758645522.5075424,target,3,0.04826539993286133,0.06453343963623047,0.4368435733488503
1758645522.5075424,target,4,-0.10474446105957032,-0.41845025634765626,-1.4235541448660507
1758645522.5075424,target,5,2.950339111328125,-0.3410956420898438,1.5029175437729025
1758645522.5274398,herder,1,-0.5886563110351563,-1.2423406982421874,-0.5982716154562214
1758645522.5274398,herder,2,3.168993896484375,-0.62750390625,1.4440556915696987
1758645522.5274398,target,1,-0.6693479614257812,-0.7508540649414063,0.169695026763195
1758645522.5274398,target,2,0.37152777099609374,-0.5707911376953125,1.4927687694908285
1758645522.5274398,target,3,0.0482027473449707,0.06448838806152343,0.4352359228673104
1758645522.5274398,target,4,-0.10480007171630859,-0.41844027709960935,-1.4239466948107282
1758645522.5274398,target,5,2.95065869140625,-0.33697683715820315,1.5073213469514575
1758645522.5474377,herder,1,-0.5883098754882813,-1.2420460205078125,-0.6212457740739534
1758645522.5474377,herder,2,3.169125244140625,-0.6235732421875,1.4523274699154847
1758645522.5474377,target,1,-0.6693548583984374,-0.7508329467773438,0.16813193429564344
1758645522.5474377,target,2,0.3714957275390625,-0.5708587646484375,1.4898982813098867
1758645522.5474377,target,3,0.04820941162109375,0.06450698089599609,0.43517696713867876
1758645522.5474377,target,4,-0.104792724609375,-0.4184300537109375,-1.425362031772051
1758645522.5474377,target,5,2.95138916015625,-0.3324517517089844,1.510272528913429
1758645522.5674427,herder,1,-0.5875325927734375,-1.241867919921875,-0.6428870205661008
1758645522.5674427,herder,2,3.1699736328125,-0.6192813720703125,1.4605792745530952
1758645522.5674427,target,1,-0.6693703002929687,-0.7508248291015625,0.1688319628329276
1758645522.5674427,target,2,0.371466552734375,-0.5708646240234375,1.4887070493542942
1758645522.5674427,target,3,0.04825355529785156,0.06454615020751953,0.4355239770287161
1758645522.5674427,target,4,-0.10479049682617188,-0.4184739685058594,-1.4250726793196138
1758645522.5674427,target,5,2.951531494140625,-0.32756988525390623,1.5111242078300362
1758645522.5874898,herder,1,-0.5878436889648437,-1.240667724609375,-0.6642635488458943
1758645522.5874898,herder,2,3.1704765625,-0.6162608032226562,1.468885540834998
1758645522.5874898,target,1,-0.6693261108398437,-0.7508229370117188,0.16914426840500982
1758645522.5874898,target,2,0.3714913024902344,-0.5708807373046875,1.4878777409908435
1758645522.5874898,target,3,0.04828876876831055,0.06452033996582031,0.4355096292483433
1758645522.5874898,target,4,-0.10482893371582032,-0.41854501342773437,-1.427357671534902
1758645522.5874898,target,5,2.95188720703125,-0.32235162353515623,1.5173968843035543
1758645522.607553,herder,1,-0.58783984375,-1.23953857421875,-0.6846873978247393
1758645522.607553,herder,2,3.17093603515625,-0.6129185791015626,1.4769101778316247
1758645522.607553,target,1,-0.6693345947265625,-0.7508389282226563,0.1684678254881297
1758645522.607553,target,2,0.3714635009765625,-0.5708988647460937,1.489239415256201
1758645522.607553,target,3,0.048233051300048825,0.06453045654296875,0.4356776747131273
1758645522.607553,target,4,-0.10479261779785157,-0.4185440368652344,-1.4271028070185812
1758645522.607553,target,5,2.952451171875,-0.3172644348144531,1.518198762107777
1758645522.6274507,herder,1,-0.587230712890625,-1.239723388671875,-0.7054645151221832
1758645522.6274507,herder,2,3.1714990234375,-0.6089011840820312,1.4844076420904702
1758645522.6274507,target,1,-0.6693614501953125,-0.750823486328125,0.16841577733357546
1758645522.6274507,target,2,0.37146478271484373,-0.5708333129882812,1.489581098824058
1758645522.6274507,target,3,0.04819916534423828,0.06453385925292969,0.4349910452050776
1758645522.6274507,target,4,-0.10478614807128907,-0.41854388427734374,-1.4257284827380459
1758645522.6274507,target,5,2.952871337890625,-0.3115992431640625,1.5211857635864101
1758645522.64744,herder,1,-0.5869270629882812,-1.23940869140625,-0.7240599042756071
1758645522.64744,herder,2,3.1717861328125,-0.6046461181640626,1.4930393466575806
1758645522.64744,target,1,-0.6693470458984375,-0.7508383178710938,0.1687127530846329
1758645522.64744,target,2,0.3715208435058594,-0.5708414306640625,1.490047152014822
1758645522.64744,target,3,0.048229442596435544,0.06449162292480469,0.43406816001882426
1758645522.64744,target,4,-0.10476179504394531,-0.41849990844726564,-1.4260238273029355
1758645522.64744,target,5,2.953649169921875,-0.3052833251953125,1.520625035018894
1758645522.6674366,herder,1,-0.587088134765625,-1.2386373291015624,-0.7404120462638298
1758645522.6674366,herder,2,3.172438720703125,-0.600931884765625,1.5006864805696887
1758645522.6674366,target,1,-0.6693377075195313,-0.7508312377929688,0.16789742631690516
1758645522.6674366,target,2,0.37149398803710937,-0.5708215942382813,1.4894344918060494
1758645522.6674366,target,3,0.048230941772460935,0.0644222412109375,0.43475249255043374
1758645522.6674366,target,4,-0.10478950500488281,-0.4185262451171875,-1.4272950872492849
1758645522.6674366,target,5,2.95369482421875,-0.29826470947265626,1.5245261665416965
1758645522.6874928,herder,1,-0.5865198974609375,-1.238410888671875,-0.7586303983859256
1758645522.6874928,herder,2,3.1723984375,-0.5969896850585937,1.5086337527366485
1758645522.6874928,target,1,-0.6693350830078125,-0.750813720703125,0.16951043641013888
1758645522.6874928,target,2,0.3714691467285156,-0.570856689453125,1.489422773897253
1758645522.6874928,target,3,0.048221141815185546,0.06442362213134765,0.43402937773545
1758645522.6874928,target,4,-0.1047540283203125,-0.41844659423828123,-1.4269279704930176
1758645522.6874928,target,5,2.953967041015625,-0.2927441711425781,1.5232644939752713
1758645522.7075813,herder,1,-0.58556494140625,-1.23841455078125,-0.7772114730484903
1758645522.7075813,herder,2,3.172752197265625,-0.5925352783203125,1.5157190928168043
1758645522.7075813,target,1,-0.6693642578125,-0.7508308715820312,0.1676750024316131
1758645522.7075813,target,2,0.3715023193359375,-0.5708072509765625,1.4917495777416552
1758645522.7075813,target,3,0.04821786499023437,0.06448345184326172,0.4340223536480749
1758645522.7075813,target,4,-0.10474390411376953,-0.4184291076660156,-1.4268814983319957
1758645522.7075813,target,5,2.95456396484375,-0.2864617919921875,1.5233415924888292
1758645522.7274675,herder,1,-0.585066162109375,-1.2382939453125,-0.7952077841147006
1758645522.7274675,herder,2,3.17288623046875,-0.5889602661132812,1.5223907108216164
1758645522.7274675,target,1,-0.6693671875,-0.7508408203125,0.1698264204734768
1758645522.7274675,target,2,0.3714978332519531,-0.5707864990234375,1.493138283092077
1758645522.7274675,target,3,0.04825205230712891,0.06449163818359376,0.43613716986970685
1758645522.7274675,target,4,-0.10479249572753906,-0.41850387573242187,-1.4260978631812398
1758645522.7274675,target,5,2.954475830078125,-0.2795343627929687,1.5270130263676125
1758645522.7474525,herder,1,-0.5850697631835937,-1.23762890625,-0.812013196120455
1758645522.7474525,herder,2,3.173162109375,-0.5853070068359375,1.528737556331493
1758645522.7474525,target,1,-0.6693775024414063,-0.7508416137695313,0.16905325487475636
1758645522.7474525,target,2,0.3715039672851562,-0.570802734375,1.4919692885315867
1758645522.7474525,target,3,0.04824427032470703,0.06449656677246093,0.4361003516676365
1758645522.7474525,target,4,-0.10479576110839844,-0.4185149536132812,-1.425418091312997
1758645522.7474525,target,5,2.95513916015625,-0.272343505859375,1.5258911697584165
1758645522.7674427,herder,1,-0.5847550048828125,-1.237489990234375,-0.82871101641817
1758645522.7674427,herder,2,3.1734189453125,-0.58062890625,1.53489518424592
1758645522.7674427,target,1,-0.6693464965820313,-0.7508495483398437,0.1684807751089302
1758645522.7674427,target,2,0.3715197448730469,-0.570810791015625,1.4908335834847224
1758645522.7674427,target,3,0.04824652481079102,0.06446852111816406,0.43482076934288066
1758645522.7674427,target,4,-0.10483401489257813,-0.41851666259765624,-1.4252045057935727
1758645522.7674427,target,5,2.95586474609375,-0.2659660949707031,1.526784393988029
1758645522.7875402,herder,1,-0.5841519165039063,-1.237657958984375,-0.8404597513041363
1758645522.7875402,herder,2,3.173300537109375,-0.5760927124023437,1.5412853061235106
1758645522.7875402,target,1,-0.6693455810546876,-0.7508460693359374,0.1691007090764302
1758645522.7875402,target,2,0.3715328063964844,-0.5707549438476562,1.4921379997866433
1758645522.7875402,target,3,0.04824306106567383,0.06449993133544922,0.4350901480871422
1758645522.7875402,target,4,-0.10482958221435547,-0.41857586669921876,-1.4273074709483538
1758645522.7875402,target,5,2.956678466796875,-0.25888720703125,1.5300273252474186
1758645522.8074918,herder,1,-0.5844592895507813,-1.2371292724609375,-0.8447813293840352
1758645522.8074918,herder,2,3.173692626953125,-0.5721795654296875,1.5469402623821848
1758645522.8074918,target,1,-0.6693665161132812,-0.7508728637695312,0.16890473370971398
1758645522.8074918,target,2,0.3714771423339844,-0.5708104248046875,1.4927926047825848
1758645522.8074918,target,3,0.04823834991455078,0.0645552978515625,0.43590920328039606
1758645522.8074918,target,4,-0.10482942199707031,-0.4185491027832031,-1.4272195866323811
1758645522.8074918,target,5,2.95664990234375,-0.2514704895019531,1.526376664025138
1758645522.8275526,herder,1,-0.5845986328125,-1.2368145751953126,-0.8450276052058402
1758645522.8275526,herder,2,3.17365771484375,-0.5676903686523438,1.5527223845829103
1758645522.8275526,target,1,-0.6693976440429688,-0.7508639526367188,0.16965735967852721
1758645522.8275526,target,2,0.37151498413085937,-0.5707871704101563,1.4938986155832947
1758645522.8275526,target,3,0.04824947357177734,0.06454077911376953,0.4357077351439316
1758645522.8275526,target,4,-0.10480936431884766,-0.4185290222167969,-1.4268688483168177
1758645522.8275526,target,5,2.956943115234375,-0.24397555541992189,1.5295949610444441
1758645522.8474946,herder,1,-0.5843538208007812,-1.237,-0.8445404464634375
1758645522.8474946,herder,2,3.173641845703125,-0.5626060180664062,1.5581127557872851
1758645522.8474946,target,1,-0.6693860473632812,-0.7508616333007813,0.16884754232530455
1758645522.8474946,target,2,0.3715657958984375,-0.570763427734375,1.4924912681052422
1758645522.8474946,target,3,0.04825479888916016,0.0644562225341797,0.43544225127276426
1758645522.8474946,target,4,-0.1047991714477539,-0.41852655029296876,-1.4269840300339638
1758645522.8474946,target,5,2.95713671875,-0.23706614685058594,1.532259586873123
1758645522.8674793,herder,1,-0.584369384765625,-1.2370914306640626,-0.8424217020791976
1758645522.8674793,herder,2,3.173923095703125,-0.558944580078125,1.5634252295297753
1758645522.8674793,target,1,-0.6693759155273438,-0.750852783203125,0.16860765809011566
1758645522.8674793,target,2,0.37158053588867185,-0.5707772827148437,1.4915876575473783
1758645522.8674793,target,3,0.048224449157714844,0.06448148345947266,0.43498501980311133
1758645522.8674793,target,4,-0.1048079605102539,-0.4185311584472656,-1.425719827464503
1758645522.8674793,target,5,2.957610595703125,-0.23009809875488282,1.5376957644482472
1758645522.8874953,herder,1,-0.584393798828125,-1.2373626708984375,-0.8367493021153835
1758645522.8874953,herder,2,3.173995849609375,-0.55410205078125,1.5698350587994325
1758645522.8874953,target,1,-0.6693485107421875,-0.7508262939453125,0.16972834956633462
1758645522.8874953,target,2,0.3715297546386719,-0.5707565307617187,1.4932012668518573
1758645522.8874953,target,3,0.048230953216552734,0.06448285675048829,0.4354383231101564
1758645522.8874953,target,4,-0.10487281799316406,-0.41852362060546877,-1.4249154196572447
1758645522.8874953,target,5,2.9582822265625,-0.2231672058105469,1.5352449904551018
1758645522.9075286,herder,1,-0.58438232421875,-1.2383046875,-0.8242018186394751
1758645522.9075286,herder,2,3.1740712890625,-0.5495291137695313,1.5759330319054414
1758645522.9075286,target,1,-0.6693606567382813,-0.7508447265625,0.16884779199665673
1758645522.9075286,target,2,0.3715606384277344,-0.5707627563476563,1.4944822473361854
1758645522.9075286,target,3,0.04825985336303711,0.06453911590576172,0.43651886743294244
1758645522.9075286,target,4,-0.10486803436279298,-0.4185265808105469,-1.4256893342700216
1758645522.9075286,target,5,2.958413818359375,-0.2168532257080078,1.5409916926133294
1758645522.927452,herder,1,-0.5848871459960937,-1.238554931640625,-0.8101224183255259
1758645522.927452,herder,2,3.173849853515625,-0.54553125,1.5804858389469865
1758645522.927452,target,1,-0.6693519287109375,-0.7508690795898437,0.16886878103499792
1758645522.927452,target,2,0.37144219970703124,-0.5708861083984375,1.4887580488891692
1758645522.927452,target,3,0.04824846649169922,0.06460117340087891,0.4372919830973924
1758645522.927452,target,4,-0.10480686187744141,-0.4185339050292969,-1.4248966443715596
1758645522.927452,target,5,2.958292724609375,-0.21219119262695313,1.5429316723093975
1758645522.947467,herder,1,-0.5855398559570313,-1.2382740478515626,-0.7948652350194892
1758645522.947467,herder,2,3.17382763671875,-0.5405962524414063,1.5852369183316877
1758645522.947467,target,1,-0.6693515625,-0.7508602905273437,0.16830012956323875
1758645522.947467,target,2,0.3714501647949219,-0.57088623046875,1.4886107760808878
1758645522.947467,target,3,0.04826184844970703,0.0646180419921875,0.436150951728348
1758645522.947467,target,4,-0.10479470062255859,-0.4184938659667969,-1.4244444396184641
1758645522.947467,target,5,2.95804443359375,-0.20769813537597656,1.545231844542899
1758645522.967437,herder,1,-0.5858251953125,-1.238646240234375,-0.7758404777193174
1758645522.967437,herder,2,3.173530517578125,-0.5354470825195312,1.5902990549317104
1758645522.967437,target,1,-0.6693965454101563,-0.750832763671875,0.16900097369360673
1758645522.967437,target,2,0.3714892883300781,-0.5708280029296875,1.4906180005944805
1758645522.967437,target,3,0.04823299789428711,0.06447532653808594,0.4346970987997601
1758645522.967437,target,4,-0.10481190490722657,-0.41854171752929686,-1.425988540418492
1758645522.967437,target,5,2.9588232421875,-0.20382855224609375,1.5474844793509426
1758645522.9876003,herder,1,-0.5860586547851563,-1.239115966796875,-0.7524722378392809
1758645522.9876003,herder,2,3.173453857421875,-0.5311904907226562,1.5944690325665565
1758645522.9876003,target,1,-0.6693495483398437,-0.7508533935546875,0.16883074776568024
1758645522.9876003,target,2,0.3714477233886719,-0.5708554077148438,1.4871942406970746
1758645522.9876003,target,3,0.04821163177490234,0.06447196960449218,0.4348076199849984
1758645522.9876003,target,4,-0.10479817199707031,-0.4185234375,-1.4266430122563791
1758645522.9876003,target,5,2.958974365234375,-0.20001034545898438,1.5496650756514994
1758645523.0075827,herder,1,-0.5869033813476563,-1.2396781005859374,-0.7263994247142144
1758645523.0075827,herder,2,3.173184814453125,-0.5273950805664063,1.5987222339854674
1758645523.0075827,target,1,-0.669354248046875,-0.7508477783203125,0.1687240215849953
1758645523.0075827,target,2,0.37147061157226563,-0.5708718872070313,1.4879429884375504
1758645523.0075827,target,3,0.04824407196044922,0.06451941680908203,0.43590930314893694
1758645523.0075827,target,4,-0.10479296875,-0.41843533325195315,-1.4242657415093198
1758645523.0075827,target,5,2.959069580078125,-0.19683889770507812,1.5557651792863805
1758645523.0274317,herder,1,-0.5875604858398438,-1.2406090087890624,-0.6974131133566012
1758645523.0274317,herder,2,3.1732197265625,-0.522487548828125,1.6033968806468837
1758645523.0274317,target,1,-0.6693839111328125,-0.7508595581054688,0.16831970379725084
1758645523.0274317,target,2,0.37145458984375,-0.5709034423828125,1.4866331126553949
1758645523.0274317,target,3,0.04823642349243164,0.06449799346923828,0.4350567254154617
1758645523.0274317,target,4,-0.10479229736328124,-0.41843328857421874,-1.423600217552909
1758645523.0274317,target,5,2.9591298828125,-0.19381207275390624,1.55415862735879
1758645523.047541,herder,1,-0.587875244140625,-1.2410272216796876,-0.669611309472828
1758645523.047541,herder,2,3.17330908203125,-0.51691015625,1.6082793870313803
1758645523.047541,target,1,-0.6693825073242188,-0.7508696899414062,0.16865491255470774
1758645523.047541,target,2,0.37147723388671877,-0.570874755859375,1.4870746647641302
1758645523.047541,target,3,0.04822639846801758,0.06452730560302734,0.4347084838134202
1758645523.047541,target,4,-0.10479573822021485,-0.41844998168945313,-1.4248953127910144
1758645523.047541,target,5,2.959278076171875,-0.19164617919921875,1.5575632124963474
1758645523.0676134,herder,1,-0.5881129150390625,-1.241590087890625,-0.6442302524409096
1758645523.0676134,herder,2,3.172883056640625,-0.5118898010253906,1.6129431147323272
1758645523.0676134,target,1,-0.6693734741210937,-0.7508370971679688,0.16849439052000323
1758645523.0676134,target,2,0.3714237060546875,-0.570861572265625,1.4879668237293067
1758645523.0676134,target,3,0.048248825073242185,0.06454541778564453,0.43470688591676615
1758645523.0676134,target,4,-0.10474994659423828,-0.418486083984375,-1.4243393779134605
1758645523.0676134,target,5,2.95933154296875,-0.19032505798339844,1.5575352493049015
1758645523.0874593,herder,1,-0.5881973876953125,-1.24208447265625,-0.619712392497313
1758645523.0874593,herder,2,3.172822265625,-0.5078709106445313,1.616216539186198
1758645523.0874593,target,1,-0.6693489990234375,-0.75084716796875,0.16865366419794678
1758645523.0874593,target,2,0.37144207763671877,-0.5708724365234376,1.4881469865770505
1758645523.0874593,target,3,0.04825608825683594,0.06450547027587891,0.43613287552244906
1758645523.0874593,target,4,-0.10476372528076172,-0.41850765991210936,-1.4254448560819524
1758645523.0874593,target,5,2.959382568359375,-0.1891396484375,1.557834721769481
1758645523.107788,herder,1,-0.5886790161132812,-1.2428375244140626,-0.5965372983753345
1758645523.107788,herder,2,3.17240869140625,-0.5033914184570313,1.6200723969704691
1758645523.107788,target,1,-0.6693632202148437,-0.7508456420898437,0.16761025432761054
1758645523.107788,target,2,0.3714380493164062,-0.5708609008789063,1.4894213091586535
1758645523.107788,target,3,0.04821548843383789,0.06449340057373047,0.4357729160116112
1758645523.107788,target,4,-0.10479874420166016,-0.41850881958007813,-1.4267362228945317
1758645523.107788,target,5,2.959603759765625,-0.18849348449707032,1.5569036806523893
1758645523.1275294,herder,1,-0.5889207153320313,-1.2435802001953125,-0.5760623832825873
1758645523.1275294,herder,2,3.17204443359375,-0.4977517395019531,1.6237707287762622
1758645523.1275294,target,1,-0.6693522338867187,-0.7508424682617187,0.1692700528322456
1758645523.1275294,target,2,0.37146200561523435,-0.5708131103515625,1.49025847384732
1758645523.1275294,target,3,0.04827487564086914,0.06448504638671874,0.43564308690846987
1758645523.1275294,target,4,-0.10477529907226563,-0.418538330078125,-1.426069101041467
1758645523.1275294,target,5,2.959635009765625,-0.18884857177734374,1.5559879527115654
1758645523.1474478,herder,1,-0.5892045288085938,-1.243904052734375,-0.561941970287851
1758645523.1474478,herder,2,3.17155322265625,-0.49271932983398437,1.6271782433910187
1758645523.1474478,target,1,-0.6693611450195313,-0.7508394775390625,0.16863385693733932
1758645523.1474478,target,2,0.3714423522949219,-0.5708661499023437,1.4892194415480253
1758645523.1474478,target,3,0.04827901077270508,0.06457109069824218,0.4367113806902415
1758645523.1474478,target,4,-0.10473796081542969,-0.4185186767578125,-1.4251278067541784
1758645523.1474478,target,5,2.95952490234375,-0.1893098602294922,1.5552840792354576
1758645523.1675549,herder,1,-0.5893489379882813,-1.2438192138671875,-0.552996478765302
1758645523.1675549,herder,2,3.171426513671875,-0.4897200622558594,1.6298917382257003
1758645523.1675549,target,1,-0.669329833984375,-0.7508388671875,0.1687126199265784
1758645523.1675549,target,2,0.3714473876953125,-0.5708121337890625,1.489894952358524
1758645523.1675549,target,3,0.04828892135620117,0.0645016632080078,0.4369338212202904
1758645523.1675549,target,4,-0.10480132293701172,-0.41849578857421876,-1.4253768123161008
1758645523.1675549,target,5,2.959472412109375,-0.18913116455078124,1.5555585179857903
1758645523.1874373,herder,1,-0.588914306640625,-1.2439686279296875,-0.5477979217384401
1758645523.1874373,herder,2,3.17103564453125,-0.4857762756347656,1.633105641029208
1758645523.1874373,target,1,-0.6693343505859375,-0.7508355712890625,0.1684672096321276
1758645523.1874373,target,2,0.3714946899414063,-0.5708330078125,1.4923112384155528
1758645523.1874373,target,3,0.04829181671142578,0.0645953598022461,0.43693212345509547
1758645523.1874373,target,4,-0.10475273895263672,-0.4184945068359375,-1.424859759590462
1758645523.1874373,target,5,2.95935107421875,-0.18751954650878908,1.5550081757465253
1758645523.207509,herder,1,-0.5888143310546875,-1.2440697021484375,-0.5465944392418333
1758645523.207509,herder,2,3.170749267578125,-0.48045419311523435,1.635915409137296
1758645523.207509,target,1,-0.6693834838867188,-0.7508432006835938,0.16900929607201323
1758645523.207509,target,2,0.3715356750488281,-0.5708309326171875,1.4919330695407615
1758645523.207509,target,3,0.04827358627319336,0.06452345275878907,0.437049835175277
1758645523.207509,target,4,-0.1047810287475586,-0.41849197387695314,-1.424997445018819
1758645523.207509,target,5,2.959201171875,-0.18522056579589843,1.550624346276146
1758645523.227451,herder,1,-0.5890848999023437,-1.24414208984375,-0.5476885989756923
1758645523.227451,herder,2,3.170099609375,-0.47597201538085937,1.6392263841625372
1758645523.227451,target,1,-0.6693502807617188,-0.7508646850585937,0.1697421314249758
1758645523.227451,target,2,0.37151251220703124,-0.5707932739257813,1.4915182822009818
1758645523.227451,target,3,0.048258258819580076,0.06455066680908203,0.4364285529824751
1758645523.227451,target,4,-0.1048272476196289,-0.41852865600585937,-1.4260818842146994
1758645523.227451,target,5,2.95913037109375,-0.18213179016113282,1.5484168520485793
1758645523.2474408,herder,1,-0.5890381469726562,-1.244353515625,-0.5502885765689095
1758645523.2474408,herder,2,3.1700869140625,-0.47198724365234374,1.642593551886779
1758645523.2474408,target,1,-0.669341552734375,-0.7508594970703125,0.1684816905705549
1758645523.2474408,target,2,0.37151470947265625,-0.5707897338867187,1.4922206909384903
1758645523.2474408,target,3,0.04828095626831055,0.06454376220703124,0.4373105253564821
1758645523.2474408,target,4,-0.10482677459716797,-0.41849273681640625,-1.4255413956714678
1758645523.2474408,target,5,2.959275634765625,-0.1783260040283203,1.5457796567791282
1758645523.2675478,herder,1,-0.5891729736328125,-1.243963623046875,-0.5571411230802787
1758645523.2675478,herder,2,3.169934814453125,-0.4672543640136719,1.645706920359136
1758645523.2675478,target,1,-0.6693151245117187,-0.7508465576171875,0.16904223604574614
1758645523.2675478,target,2,0.3715113830566406,-0.57078125,1.4926810183329104
1758645523.2675478,target,3,0.04826261520385742,0.06459986877441407,0.43724291435430773
1758645523.2675478,target,4,-0.10476232147216796,-0.4184790344238281,-1.4269416857726314
1758645523.2675478,target,5,2.959612548828125,-0.1748818359375,1.5418276588795052
1758645523.2875307,herder,1,-0.5890803833007813,-1.243137451171875,-0.5690627969895321
1758645523.2875307,herder,2,3.169148681640625,-0.4626265869140625,1.6488257483117277
1758645523.2875307,target,1,-0.6693671875,-0.7508220825195312,0.1695619352877183
1758645523.2875307,target,2,0.37157952880859374,-0.57077099609375,1.490665138545775
1758645523.2875307,target,3,0.04829328155517578,0.06460586547851563,0.43723063052377975
1758645523.2875307,target,4,-0.10479917907714843,-0.41849298095703125,-1.4252409911005068
1758645523.2875307,target,5,2.95957763671875,-0.17096333312988282,1.54403834890038
1758645523.3074846,herder,1,-0.5887439575195312,-1.2428739013671875,-0.5836595829242563
1758645523.3074846,herder,2,3.169092529296875,-0.4588389587402344,1.6506730500018612
1758645523.3074846,target,1,-0.6693536376953125,-0.75083154296875,0.16929367174216325
1758645523.3074846,target,2,0.37149734497070314,-0.570810302734375,1.491477935310467
1758645523.3074846,target,3,0.04831817245483398,0.06456144714355469,0.43727277504803025
1758645523.3074846,target,4,-0.10480044555664063,-0.41850860595703127,-1.4258475260387724
1758645523.3074846,target,5,2.95943603515625,-0.16656936645507814,1.5473262875821918
1758645523.32749,herder,1,-0.58826611328125,-1.2428533935546875,-0.599888820028172
1758645523.32749,herder,2,3.168544677734375,-0.4553851623535156,1.6527391303755448
1758645523.32749,target,1,-0.6693864135742188,-0.7508262329101563,0.16808687693895066
1758645523.32749,target,2,0.3716217041015625,-0.570726806640625,1.4957212830333448
1758645523.32749,target,3,0.0482826042175293,0.06455629730224609,0.43693462016861745
1758645523.32749,target,4,-0.10474772644042969,-0.41847418212890625,-1.4265406137124654
1758645523.32749,target,5,2.95942822265625,-0.16121490478515624,1.5476806211652268
1758645523.3475523,herder,1,-0.588022705078125,-1.242536376953125,-0.6195142533122112
1758645523.3475523,herder,2,3.16804345703125,-0.4507535705566406,1.654933042481552
1758645523.3475523,target,1,-0.6693642578125,-0.7508348388671875,0.16938791435523842
1758645523.3475523,target,2,0.3715501403808594,-0.5707577514648438,1.493462256638685
1758645523.3475523,target,3,0.04830620574951172,0.06458486938476563,0.43676967062860067
1758645523.3475523,target,4,-0.10478574371337891,-0.41849221801757813,-1.425730346950809
1758645523.3475523,target,5,2.95970361328125,-0.15626109313964845,1.5464041680547518
1758645523.36792,herder,1,-0.5874483032226563,-1.242071533203125,-0.6421453302025137
1758645523.36792,herder,2,3.167681396484375,-0.44709765625,1.657351459067453
1758645523.36792,target,1,-0.66933154296875,-0.7508693237304688,0.16831985360006216
1758645523.36792,target,2,0.3715814208984375,-0.5707250366210938,1.4951200744172595
1758645523.36792,target,3,0.048281791687011716,0.06451008605957032,0.43577651127908285
1758645523.36792,target,4,-0.10478323364257812,-0.4184854736328125,-1.4262555223177724
1758645523.36792,target,5,2.959942138671875,-0.15069047546386719,1.5425937171670665
1758645523.3875499,herder,1,-0.5866871337890625,-1.2416832275390626,-0.6661627155982571
1758645523.3875499,herder,2,3.167459228515625,-0.4441531066894531,1.659234846590357
1758645523.3875499,target,1,-0.6693448486328125,-0.7508507080078125,0.16905648395757808
1758645523.3875499,target,2,0.37148471069335937,-0.5707985229492187,1.4910212031835186
1758645523.3875499,target,3,0.04828079223632813,0.06457171630859375,0.436775962346676
1758645523.3875499,target,4,-0.10484247589111328,-0.41853201293945314,-1.4268905530797018
1758645523.3875499,target,5,2.959876708984375,-0.14548976135253905,1.5433102406583523
1758645523.407439,herder,1,-0.5865789184570313,-1.2407874755859376,-0.6899547975657798
1758645523.407439,herder,2,3.1671943359375,-0.4397767333984375,1.6617292964253796
1758645523.407439,target,1,-0.6693847045898438,-0.7508477783203125,0.16914713130318165
1758645523.407439,target,2,0.37145956420898435,-0.5708470458984375,1.4891095861530597
1758645523.407439,target,3,0.04826199340820313,0.06458466339111328,0.4366301209874805
1758645523.407439,target,4,-0.10484209442138671,-0.4185213623046875,-1.4273163925380055
1758645523.407439,target,5,2.9598662109375,-0.1389415283203125,1.5440828236905844
1758645523.4274452,herder,1,-0.58633349609375,-1.240355224609375,-0.7126057150062035
1758645523.4274452,herder,2,3.166434814453125,-0.4346679382324219,1.6631909723896696
1758645523.4274452,target,1,-0.6693663940429687,-0.7508302612304687,0.16896656898127427
1758645523.4274452,target,2,0.37146463012695313,-0.5708967895507813,1.4876079627724184
1758645523.4274452,target,3,0.048296661376953126,0.06460117340087891,0.43642785390268896
1758645523.4274452,target,4,-0.10479485321044922,-0.4184961547851562,-1.4270977470125101
1758645523.4274452,target,5,2.9601005859375,-0.13267381286621094,1.5508849365888102
1758645523.4474475,herder,1,-0.5857549438476563,-1.2401717529296874,-0.7332127894680458
1758645523.4474475,herder,2,3.165906982421875,-0.42981329345703123,1.6635574233556645
1758645523.4474475,target,1,-0.6693935546875,-0.7508416137695313,0.1689243245884829
1758645523.4474475,target,2,0.37150003051757813,-0.5708609619140625,1.4888540558464665
1758645523.4474475,target,3,0.048280044555664064,0.06452168273925782,0.43717673480121927
1758645523.4474475,target,4,-0.10478716278076172,-0.41849508666992186,-1.4268705793715264
1758645523.4474475,target,5,2.96023779296875,-0.12606855773925782,1.5555591837760627
1758645523.4674459,herder,1,-0.585773193359375,-1.239518798828125,-0.7522926742027823
1758645523.4674459,herder,2,3.165500732421875,-0.4261759033203125,1.6638803316378366
1758645523.4674459,target,1,-0.66936962890625,-0.750840576171875,0.16883732244462138
1758645523.4674459,target,2,0.37148321533203127,-0.5708870849609375,1.4901574068839514
1758645523.4674459,target,3,0.04823052978515625,0.06444548797607422,0.4342917323923364
1758645523.4674459,target,4,-0.10473764801025391,-0.4184847717285156,-1.4257258195769558
1758645523.4674459,target,5,2.960718994140625,-0.11940704345703125,1.5605309060570771
1758645523.4875042,herder,1,-0.5856359252929687,-1.238833740234375,-0.7714013210772916
1758645523.4875042,herder,2,3.1651923828125,-0.422518310546875,1.6634977685472467
1758645523.4875042,target,1,-0.6693280029296875,-0.7508461303710937,0.16920397314769803
1758645523.4875042,target,2,0.37145358276367185,-0.5708881225585938,1.488012363783947
1758645523.4875042,target,3,0.04821255111694336,0.06448405456542969,0.4346661728416016
1758645523.4875042,target,4,-0.10474903106689454,-0.418500244140625,-1.4244015627249138
1758645523.4875042,target,5,2.960768798828125,-0.11251197052001953,1.5561793008358877
1758645523.5076175,herder,1,-0.5846791381835937,-1.2388837890625,-0.7932432367575765
1758645523.5076175,herder,2,3.164626708984375,-0.41742376708984374,1.6643370637647852
1758645523.5076175,target,1,-0.669360595703125,-0.7508271484375,0.16932977421969064
1758645523.5076175,target,2,0.3714356994628906,-0.5708278198242187,1.49127313822264
1758645523.5076175,target,3,0.04822340774536133,0.06450896453857421,0.4355528057475162
1758645523.5076175,target,4,-0.10477759552001953,-0.4185008850097656,-1.4242590836065947
1758645523.5076175,target,5,2.961142822265625,-0.10572139739990234,1.5616240005265
1758645523.5274303,herder,1,-0.5845111083984375,-1.2382315673828126,-0.8162526156807248
1758645523.5274303,herder,2,3.1639140625,-0.41255984497070314,1.6646663636335735
1758645523.5274303,target,1,-0.6693731079101563,-0.7508416137695313,0.168532773329214
1758645523.5274303,target,2,0.37144674682617185,-0.5708025512695313,1.4930052581956275
1758645523.5274303,target,3,0.048235569000244144,0.06458783721923828,0.43569834750108904
1758645523.5274303,target,4,-0.10485885620117187,-0.4185213317871094,-1.426724371827681
1758645523.5274303,target,5,2.96116748046875,-0.09822798156738281,1.5697205428725591
1758645523.5474362,herder,1,-0.5841112670898437,-1.2374432373046875,-0.8386788954832003
1758645523.5474362,herder,2,3.163496337890625,-0.40890557861328125,1.664548651913392
1758645523.5474362,target,1,-0.6693780517578125,-0.7508162841796875,0.16979198247163071
1758645523.5474362,target,2,0.37147879028320313,-0.5708364868164062,1.4905998910990679
1758645523.5474362,target,3,0.04825918960571289,0.06460948944091797,0.4354244080934607
1758645523.5474362,target,4,-0.10484288024902344,-0.41854693603515625,-1.427419323714137
1758645523.5474362,target,5,2.961571044921875,-0.09160261535644532,1.5689749909253914
1758645523.5674694,herder,1,-0.58349072265625,-1.2376077880859375,-0.8604210757806617
1758645523.5674694,herder,2,3.163021240234375,-0.40494757080078125,1.6644566396977298
1758645523.5674694,target,1,-0.669361328125,-0.7508251342773438,0.16997389301883994
1758645523.5674694,target,2,0.37148333740234374,-0.5708710327148437,1.4891687083292593
1758645523.5674694,target,3,0.048244396209716794,0.06456563568115234,0.43491627695747365
1758645523.5674694,target,4,-0.10483915710449218,-0.4185591125488281,-1.4268194466785968
1758645523.5674694,target,5,2.961489013671875,-0.08439390563964844,1.5710169696912097
1758645523.5876038,herder,1,-0.582946044921875,-1.2372960205078125,-0.8790203930966933
1758645523.5876038,herder,2,3.162490478515625,-0.40033770751953124,1.6645863356428168
1758645523.5876038,target,1,-0.6693903198242187,-0.7508424682617187,0.1683868986805049
1758645523.5876038,target,2,0.37148049926757815,-0.5708171997070313,1.490009335127343
1758645523.5876038,target,3,0.048205837249755856,0.06451317596435546,0.4343724927523931
1758645523.5876038,target,4,-0.10479121398925781,-0.41850076293945315,-1.425505576154806
1758645523.5876038,target,5,2.961411376953125,-0.07666140747070313,1.5698170824620745
1758645523.6079087,herder,1,-0.58292822265625,-1.2369906005859375,-0.8903138605943106
1758645523.6079087,herder,2,3.16226123046875,-0.3955808410644531,1.6659994089172128
1758645523.6079087,target,1,-0.6693584594726563,-0.7508204956054687,0.16889096849582966
1758645523.6079087,target,2,0.3714894714355469,-0.5708330688476563,1.4920738176043724
1758645523.6079087,target,3,0.04822327423095703,0.06447222137451172,0.4348356830449851
1758645523.6079087,target,4,-0.10473180389404296,-0.41848431396484376,-1.4263704377188093
1758645523.6079087,target,5,2.961418701171875,-0.069421142578125,1.5706357381811649
1758645523.6274316,herder,1,-0.582894287109375,-1.2370936279296876,-0.8951506937661126
1758645523.6274316,herder,2,3.16191455078125,-0.39217984008789064,1.6676335245620852
1758645523.6274316,target,1,-0.6693609619140625,-0.7508314208984375,0.16920234196153036
1758645523.6274316,target,2,0.3715062255859375,-0.570845703125,1.4908499619254265
1758645523.6274316,target,3,0.04826196670532226,0.06452266693115234,0.4359244831671504
1758645523.6274316,target,4,-0.10466285705566407,-0.4184535827636719,-1.425832878652777
1758645523.6274316,target,5,2.961519775390625,-0.06138501739501953,1.5716093898756978
1758645523.6474462,herder,1,-0.5828510131835938,-1.2368818359375,-0.8963943234161523
1758645523.6474462,herder,2,3.161521728515625,-0.38841006469726563,1.6684732192537872
1758645523.6474462,target,1,-0.6693511352539062,-0.7508140258789062,0.17000134022282457
1758645523.6474462,target,2,0.3715269775390625,-0.5708446044921875,1.4902419622485614
1758645523.6474462,target,3,0.04829143524169922,0.06456947326660156,0.4362312460352139
1758645523.6474462,target,4,-0.10467586517333985,-0.4184378662109375,-1.4259484598440864
1758645523.6474462,target,5,2.961956298828125,-0.05400434494018555,1.5731204674782087
1758645523.6675453,herder,1,-0.5828988647460938,-1.2365648193359375,-0.8955319252761574
1758645523.6675453,herder,2,3.160926513671875,-0.38389657592773435,1.6674973038723278
1758645523.6675453,target,1,-0.6693786010742188,-0.7508272094726562,0.16936441195861848
1758645523.6675453,target,2,0.37149026489257814,-0.5708472290039063,1.4902222548564947
1758645523.6675453,target,3,0.048263473510742186,0.06454264068603516,0.43430970872969443
1758645523.6675453,target,4,-0.1047213134765625,-0.4184512939453125,-1.4263609834969397
1758645523.6675453,target,5,2.961957763671875,-0.04620680999755859,1.5735232705930833
1758645523.6875072,herder,1,-0.582833740234375,-1.236613525390625,-0.8931440018847379
1758645523.6875072,herder,2,3.159991455078125,-0.3783121643066406,1.6672610814836377
1758645523.6875072,target,1,-0.6693601684570313,-0.7508417358398437,0.1684537606686227
1758645523.6875072,target,2,0.37150778198242185,-0.5708319091796875,1.4882140982365204
1758645523.6875072,target,3,0.04823428344726562,0.06456259918212891,0.4339730185888812
1758645523.6875072,target,4,-0.10483934783935547,-0.41853143310546875,-1.425383203902717
1758645523.6875072,target,5,2.962063232421875,-0.038036907196044925,1.5722420237926462
1758645523.7076292,herder,1,-0.5831296997070312,-1.2366829833984374,-0.8897334246347279
1758645523.7076292,herder,2,3.15941064453125,-0.37282577514648435,1.667137244492949
1758645523.7076292,target,1,-0.6693812255859375,-0.7508508911132813,0.16966345165952076
1758645523.7076292,target,2,0.3714639282226562,-0.5708634033203125,1.4902527480509762
1758645523.7076292,target,3,0.048211532592773436,0.06460188293457031,0.4340171604839492
1758645523.7076292,target,4,-0.10483251953125,-0.41848733520507814,-1.4255961236318688
1758645523.7076292,target,5,2.96185400390625,-0.03069976806640625,1.575026891344542
1758645523.7274525,herder,1,-0.5839502563476563,-1.2364449462890625,-0.8826907617110406
1758645523.7274525,herder,2,3.158817626953125,-0.369492431640625,1.6674927764984746
1758645523.7274525,target,1,-0.6693555297851562,-0.7508467407226562,0.1692538741286234
1758645523.7274525,target,2,0.3715038146972656,-0.5708468017578125,1.4916497092007772
1758645523.7274525,target,3,0.04821437072753906,0.06456999206542968,0.43352304423319865
1758645523.7274525,target,4,-0.10481131744384765,-0.4185002746582031,-1.4260913384365692
1758645523.7274525,target,5,2.961810791015625,-0.024980051040649414,1.5751770936300225
1758645523.7474458,herder,1,-0.584498779296875,-1.23645556640625,-0.8717670075517535
1758645523.7474458,herder,2,3.158525634765625,-0.36563385009765625,1.667842715865711
1758645523.7474458,target,1,-0.6693490600585937,-0.7508482666015625,0.16901362370878462
1758645523.7474458,target,2,0.3715260620117187,-0.5708085327148438,1.4905227925855102
1758645523.7474458,target,3,0.048226402282714846,0.06452606964111328,0.4351329916911788
1758645523.7474458,target,4,-0.10477984619140625,-0.41849310302734377,-1.4258312807561229
1758645523.7474458,target,5,2.961626220703125,-0.02008659553527832,1.5787501237065273
1758645523.7674472,herder,1,-0.5845982666015626,-1.236570556640625,-0.8563503674754483
1758645523.7674472,herder,2,3.158025146484375,-0.36083135986328124,1.6662153912816182
1758645523.7674472,target,1,-0.6693606567382813,-0.7508568115234375,0.1686004009761452
1758645523.7674472,target,2,0.3714996032714844,-0.570796875,1.4911495675480604
1758645523.7674472,target,3,0.04827572250366211,0.06452342987060547,0.43572314818874036
1758645523.7674472,target,4,-0.10476016998291016,-0.41846658325195313,-1.4253287422584249
1758645523.7674472,target,5,2.96187158203125,-0.015257884979248047,1.5779483790603588
1758645523.7874725,herder,1,-0.5849151000976562,-1.23673974609375,-0.8366607520091383
1758645523.7874725,herder,2,3.157231201171875,-0.3551256408691406,1.6656353547961988
1758645523.7874725,target,1,-0.6693663330078125,-0.75085205078125,0.16949447408835522
1758645523.7874725,target,2,0.3714490051269531,-0.5708597412109375,1.4898540728357912
1758645523.7874725,target,3,0.048283382415771486,0.06455206298828126,0.4360708904480775
1758645523.7874725,target,4,-0.10470339965820312,-0.4184673767089844,-1.4265699084844563
1758645523.7874725,target,5,2.96198291015625,-0.010576141357421876,1.5843669967616134
1758645523.8076944,herder,1,-0.5851213989257813,-1.237457275390625,-0.8132588231413123
1758645523.8076944,herder,2,3.15695947265625,-0.3504969177246094,1.665672905367569
1758645523.8076944,target,1,-0.6693307495117188,-0.750814208984375,0.16991332274879745
1758645523.8076944,target,2,0.3714519348144531,-0.5708705444335938,1.490402817178402
1758645523.8076944,target,3,0.04829611968994141,0.06458514404296875,0.43654862825812407
1758645523.8076944,target,4,-0.10472395324707032,-0.4184151306152344,-1.4246935783384411
1758645523.8076944,target,5,2.961851806640625,-0.005977571964263916,1.586307908564063
1758645523.8274293,herder,1,-0.5863221435546875,-1.237960693359375,-0.7886869010275871
1758645523.8274293,herder,2,3.156266845703125,-0.3459631958007813,1.6664177915244642
1758645523.8274293,target,1,-0.6693433227539063,-0.7508536376953125,0.16852997701006941
1758645523.8274293,target,2,0.3714280090332031,-0.5708844604492187,1.4908476982385
1758645523.8274293,target,3,0.048243232727050785,0.0644831771850586,0.4356825682716303
1758645523.8274293,target,4,-0.10467841339111328,-0.41840234375,-1.42457440187966
1758645523.8274293,target,5,2.96190380859375,-0.0025191216468811034,1.5850085522682134
1758645523.8474805,herder,1,-0.5872658081054688,-1.238049560546875,-0.7632712894805249
1758645523.8474805,herder,2,3.15562451171875,-0.3414676513671875,1.665858128221384
1758645523.8474805,target,1,-0.669345947265625,-0.7508406372070312,0.16873971759066997
1758645523.8474805,target,2,0.3714434509277344,-0.5708895263671875,1.4892275641893502
1758645523.8474805,target,3,0.04822714614868164,0.06449311828613281,0.43524690840680696
1758645523.8474805,target,4,-0.10476886749267578,-0.4184969787597656,-1.4258571134186966
1758645523.8474805,target,5,2.962052978515625,-0.00021374393999576568,1.5871081884716318
1758645523.8674955,herder,1,-0.5877916870117188,-1.2384539794921876,-0.7385064213458236
1758645523.8674955,herder,2,3.154952392578125,-0.3364917907714844,1.6641824672635062
1758645523.8674955,target,1,-0.6693694458007813,-0.7508413696289062,0.16933386882986665
1758645523.8674955,target,2,0.371525390625,-0.5708095703125,1.49105435953909
1758645523.8674955,target,3,0.04824328994750977,0.0645601043701172,0.43629885703738824
1758645523.8674955,target,4,-0.10483287048339844,-0.41855340576171873,-1.4254319397506654
1758645523.8674955,target,5,2.9621142578125,0.0024037241935729982,1.5902276822144963
1758645523.8875065,herder,1,-0.5885453491210938,-1.238685546875,-0.712993737577028
1758645523.8875065,herder,2,3.15425927734375,-0.33113787841796877,1.6646393325485092
1758645523.8875065,target,1,-0.6693232421875,-0.7508128662109375,0.16919873004930194
1758645523.8875065,target,2,0.3715285949707031,-0.5708023681640625,1.491777008300883
1758645523.8875065,target,3,0.04825129318237305,0.06452778625488281,0.43672702676164576
1758645523.8875065,target,4,-0.10483406066894531,-0.41853182983398435,-1.4257475243398399
1758645523.8875065,target,5,2.962445068359375,0.0045368046760559085,1.592724262578391
1758645523.9074306,herder,1,-0.5889186401367188,-1.2395068359375,-0.6876356503095116
1758645523.9074306,herder,2,3.154085693359375,-0.3271396789550781,1.6649345439553445
1758645523.9074306,target,1,-0.669364501953125,-0.7508558349609376,0.16874073292083555
1758645523.9074306,target,2,0.3715111083984375,-0.5708284301757812,1.4913887194139495
1758645523.9074306,target,3,0.04826289749145508,0.06457135772705078,0.43717666822219203
1758645523.9074306,target,4,-0.10477304077148437,-0.41854287719726563,-1.4259079797955172
1758645523.9074306,target,5,2.962630859375,0.006296152591705322,1.5953999405255936
1758645523.9274418,herder,1,-0.5888116455078125,-1.2403206787109375,-0.6635325777056948
1758645523.9274418,herder,2,3.15316943359375,-0.32251812744140623,1.665440145088296
1758645523.9274418,target,1,-0.6693572387695312,-0.7508590698242188,0.16996686893146484
1758645523.9274418,target,2,0.3715015258789062,-0.5708067016601562,1.492335340023418
1758645523.9274418,target,3,0.048278038024902346,0.06460008239746094,0.4369967384010435
1758645523.9274418,target,4,-0.10480701446533203,-0.4185415954589844,-1.4271877618573547
1758645523.9274418,target,5,2.962767333984375,0.007143179893493653,1.5982796166122963
1758645523.947447,herder,1,-0.5890309448242188,-1.2408492431640625,-0.6421376736143798
1758645523.947447,herder,2,3.152898193359375,-0.31704296875,1.665371701848281
1758645523.947447,target,1,-0.6693424072265625,-0.7508397216796875,0.16853507030565418
1758645523.947447,target,2,0.37154498291015625,-0.5706707763671875,1.4912940440371971
1758645523.947447,target,3,0.048254085540771485,0.06451902008056641,0.4364779879102097
1758645523.947447,target,4,-0.10484880065917969,-0.4185335693359375,-1.4265611200528592
1758645523.947447,target,5,2.9627275390625,0.007570254325866699,1.599231030911727
1758645523.9676576,herder,1,-0.5889324951171875,-1.2414981689453124,-0.6230467367611195
1758645523.9676576,herder,2,3.152374267578125,-0.3124677734375,1.6643831364516437
1758645523.9676576,target,1,-0.6693467407226562,-0.7508062133789063,0.16891259003492973
1758645523.9676576,target,2,0.3715221862792969,-0.5706348876953125,1.4930285608551657
1758645523.9676576,target,3,0.048238758087158204,0.06450749969482422,0.43480179432011384
1758645523.9676576,target,4,-0.10480258178710937,-0.4184923095703125,-1.4272159913649096
1758645523.9676576,target,5,2.962884765625,0.00766508960723877,1.6023602451925703
1758645523.9874697,herder,1,-0.5887587280273437,-1.24200927734375,-0.6101981829239778
1758645523.9874697,herder,2,3.151450927734375,-0.3083751525878906,1.6642232136281843
1758645523.9874697,target,1,-0.6693794555664062,-0.7508363647460937,0.1688728423556603
1758645523.9874697,target,2,0.37151193237304686,-0.5707085571289062,1.493864127647178
1758645523.9874697,target,3,0.04826721954345703,0.06452427673339843,0.4351082242930411
1758645523.9874697,target,4,-0.10482876586914062,-0.4185130004882813,-1.42694341682734
1758645523.9874697,target,5,2.9630615234375,0.008386749267578125,1.6029735711916155
1758645524.0074353,herder,1,-0.5891927490234375,-1.24196728515625,-0.6034165097871182
1758645524.0074353,herder,2,3.15121533203125,-0.30356060791015627,1.6626635333357795
1758645524.0074353,target,1,-0.669365966796875,-0.7508369140625,0.1684068890334373
1758645524.0074353,target,2,0.371482666015625,-0.57073681640625,1.4936358947417583
1758645524.0074353,target,3,0.04824674224853515,0.06450279235839844,0.43602039025590683
1758645524.0074353,target,4,-0.10488455200195312,-0.41859271240234375,-1.4274716548295572
1758645524.0074353,target,5,2.9632734375,0.010422036170959473,1.6045837183866773
1758645524.0274186,herder,1,-0.5893787841796875,-1.2421383056640625,-0.6002900252463924
1758645524.0274186,herder,2,3.150364013671875,-0.2991774597167969,1.6616327568358642
1758645524.0274186,target,1,-0.6693363037109376,-0.750831298828125,0.16983252909922716
1758645524.0274186,target,2,0.3715326232910156,-0.5707869873046875,1.4922981889262115
1758645524.0274186,target,3,0.048232746124267575,0.0645724334716797,0.436252684481989
1758645524.0274186,target,4,-0.10491448211669922,-0.41862860107421873,-1.4279840470232885
1758645524.0274186,target,5,2.963046142578125,0.012999905586242675,1.6044633435054059
1758645524.0475554,herder,1,-0.589171630859375,-1.242272705078125,-0.6000040683243452
1758645524.0475554,herder,2,3.150201904296875,-0.29508477783203124,1.6604111648438449
1758645524.0475554,target,1,-0.6693368530273438,-0.7508145751953125,0.1696099720558806
1758645524.0475554,target,2,0.37151791381835936,-0.5707450561523437,1.4938360312976777
1758645524.0475554,target,3,0.04827539825439453,0.06460801696777344,0.43538189738456035
1758645524.0475554,target,4,-0.10491596984863281,-0.41858547973632815,-1.4265416789769014
1758645524.0475554,target,5,2.9630107421875,0.01650929832458496,1.6051602927626796
1758645524.0675707,herder,1,-0.5887847290039062,-1.242360107421875,-0.6019273366845732
1758645524.0675707,herder,2,3.149788330078125,-0.2910318908691406,1.6600331291271082
1758645524.0675707,target,1,-0.6693286743164063,-0.7508159790039063,0.17004726310687163
1758645524.0675707,target,2,0.37154632568359375,-0.57075830078125,1.4931872852561345
1758645524.0675707,target,3,0.048224201202392576,0.06451976013183594,0.4333418161210188
1758645524.0675707,target,4,-0.10482852172851563,-0.4185433654785156,-1.4257235558900292
1758645524.0675707,target,5,2.962895263671875,0.020321142196655272,1.6030836929026901
1758645524.087565,herder,1,-0.5884810180664063,-1.2424019775390625,-0.6062252792097975
1758645524.087565,herder,2,3.148997802734375,-0.2863273010253906,1.6597468393099246
1758645524.087565,target,1,-0.6693900146484375,-0.7508527221679687,0.1695861534088812
1758645524.087565,target,2,0.37153436279296875,-0.5707423706054687,1.494605019062438
1758645524.087565,target,3,0.048246776580810544,0.06447840881347656,0.43358779233720124
1758645524.087565,target,4,-0.1048380584716797,-0.4185479125976562,-1.4260102451813763
1758645524.087565,target,5,2.962486572265625,0.023902196884155274,1.60688895062625
1758645524.1075656,herder,1,-0.5884264526367188,-1.242078125,-0.61451749731695
1758645524.1075656,herder,2,3.148834228515625,-0.281311279296875,1.658576912643053
1758645524.1075656,target,1,-0.6693622436523438,-0.7508656616210938,0.16810067544234863
1758645524.1075656,target,2,0.37152825927734373,-0.5707503051757813,1.493476238234408
1758645524.1075656,target,3,0.04822374725341797,0.06451206970214844,0.4347737645496408
1758645524.1075656,target,4,-0.10479668426513672,-0.4185064392089844,-1.4252551058542842
1758645524.1075656,target,5,2.962411865234375,0.028625158309936522,1.6058160961811117
1758645524.1274197,herder,1,-0.5883264770507812,-1.2417330322265625,-0.6259924592428562
1758645524.1274197,herder,2,3.148134521484375,-0.27745980834960937,1.6576461378420702
1758645524.1274197,target,1,-0.669353515625,-0.7508369750976562,0.16897986814196786
1758645524.1274197,target,2,0.3715394287109375,-0.5707603759765625,1.4939335029935747
1758645524.1274197,target,3,0.04824806976318359,0.06453143310546874,0.4357392603133354
1758645524.1274197,target,4,-0.1047978515625,-0.4184936218261719,-1.4251296709669414
1758645524.1274197,target,5,2.962057861328125,0.03317361831665039,1.5988894805019245
1758645524.1474247,herder,1,-0.5881649780273438,-1.241502197265625,-0.6397704563004356
1758645524.1474247,herder,2,3.14772021484375,-0.27341366577148435,1.6560000379722921
1758645524.1474247,target,1,-0.669362060546875,-0.7508389282226563,0.1686124517800778
1758645524.1474247,target,2,0.3715145263671875,-0.5707931518554688,1.4934172492162627
1758645524.1474247,target,3,0.04821030044555664,0.06446450805664063,0.4345504584922376
1758645524.1474247,target,4,-0.10482920837402344,-0.41852618408203124,-1.4270917549000575
1758645524.1474247,target,5,2.961896484375,0.038682254791259765,1.602619370766635
1758645524.1675973,herder,1,-0.588622314453125,-1.24039990234375,-0.6567095589929118
1758645524.1675973,herder,2,3.14703857421875,-0.2688004455566406,1.6545940220747848
1758645524.1675973,target,1,-0.6693186645507813,-0.7508779907226563,0.16961163653156192
1758645524.1675973,target,2,0.3715252990722656,-0.5707634887695312,1.4933077932954606
1758645524.1675973,target,3,0.04824081039428711,0.06444967651367188,0.4346315184579169
1758645524.1675973,target,4,-0.10484108734130859,-0.41853292846679685,-1.4270692511888463
1758645524.1675973,target,5,2.961423828125,0.043875694274902344,1.6037296426250889
1758645524.187592,herder,1,-0.5887889404296875,-1.239365234375,-0.6773038502815218
1758645524.187592,herder,2,3.146354736328125,-0.26479803466796875,1.6535153086752483
1758645524.187592,target,1,-0.6693214721679688,-0.7508695068359375,0.16877016085088092
1758645524.187592,target,2,0.3715213623046875,-0.5707491455078125,1.49300059766372
1758645524.187592,target,3,0.04825655364990234,0.0644810791015625,0.43569931289698416
1758645524.187592,target,4,-0.10478897094726562,-0.41852474975585935,-1.4258263539081062
1758645524.187592,target,5,2.961396728515625,0.04969134521484375,1.6034481464978676
1758645524.2074723,herder,1,-0.5884581909179688,-1.2389959716796874,-0.699248364242802
1758645524.2074723,herder,2,3.145917724609375,-0.2601585693359375,1.6529443269375352
1758645524.2074723,target,1,-0.6693490600585937,-0.750850830078125,0.16778519072171513
1758645524.2074723,target,2,0.3714881286621094,-0.5707901611328124,1.4935791694105396
1758645524.2074723,target,3,0.04825377655029297,0.06451909637451173,0.4355817676243708
1758645524.2074723,target,4,-0.104760498046875,-0.4185101623535156,-1.426505326828022
1758645524.2074723,target,5,2.96080224609375,0.05520458984375,1.5944270877793878
1758645524.22742,herder,1,-0.5878413696289062,-1.2387481689453126,-0.7214709788009137
1758645524.22742,herder,2,3.1453955078125,-0.2556616821289063,1.6521043659297243
1758645524.22742,target,1,-0.6693553466796875,-0.7508171997070312,0.1690392399895198
1758645524.22742,target,2,0.3714910583496094,-0.5707927856445313,1.492852659065166
1758645524.22742,target,3,0.04824614715576172,0.06456275939941407,0.4354894225135723
1758645524.22742,target,4,-0.10476800537109375,-0.4184951477050781,-1.4254615008387654
1758645524.22742,target,5,2.960624755859375,0.06144327163696289,1.5950147142739137
1758645524.247446,herder,1,-0.5875892944335938,-1.238525634765625,-0.7421996265665183
1758645524.247446,herder,2,3.144809326171875,-0.25123255920410154,1.650812200168818
1758645524.247446,target,1,-0.669345947265625,-0.7508009033203125,0.16888213012996195
1758645524.247446,target,2,0.3714608154296875,-0.570824951171875,1.490504549932043
1758645524.247446,target,3,0.04824567794799805,0.06457061767578125,0.43536808223640555
1758645524.247446,target,4,-0.10482421875,-0.4185310363769531,-1.4262171727980755
1758645524.247446,target,5,2.960472412109375,0.06791851043701172,1.5969522971250008
1758645524.2675834,herder,1,-0.5871392822265625,-1.2380574951171874,-0.7620331858897471
1758645524.2675834,herder,2,3.144698974609375,-0.24737844848632812,1.6497188393832858
1758645524.2675834,target,1,-0.6693900146484375,-0.7507998657226562,0.16902712260655994
1758645524.2675834,target,2,0.3715128173828125,-0.5708513793945312,1.489480431334853
1758645524.2675834,target,3,0.04826536178588867,0.06453512573242187,0.4362078102176212
1758645524.2675834,target,4,-0.10482035064697266,-0.41853842163085936,-1.4270159879670445
1758645524.2675834,target,5,2.96040771484375,0.07456475067138672,1.600440372362732
1758645524.2875805,herder,1,-0.5861419067382813,-1.2380101318359376,-0.7810356392157894
1758645524.2875805,herder,2,3.1443583984375,-0.24263021850585936,1.6489208231626435
1758645524.2875805,target,1,-0.6693716430664063,-0.75086376953125,0.1677319940789408
1758645524.2875805,target,2,0.3714306640625,-0.57085986328125,1.489376834368449
1758645524.2875805,target,3,0.04820209121704101,0.06447431182861328,0.4344787195903736
1758645524.2875805,target,4,-0.10479768371582031,-0.4185299072265625,-1.4258587113153507
1758645524.2875805,target,5,2.96038671875,0.08189554595947265,1.6030610560334246
1758645524.3074522,herder,1,-0.5856528930664062,-1.2377418212890625,-0.7975216050487888
1758645524.3074522,herder,2,3.143876953125,-0.23774925231933594,1.6481302637930535
1758645524.3074522,target,1,-0.6693583374023437,-0.7508104248046875,0.16919786452194766
1758645524.3074522,target,2,0.3714573974609375,-0.5708800659179688,1.4893858891161553
1758645524.3074522,target,3,0.04824356460571289,0.06447470092773437,0.4352740726499258
1758645524.3074522,target,4,-0.10480758666992188,-0.4185077819824219,-1.4263653777127383
1758645524.3074522,target,5,2.960292236328125,0.08898008728027344,1.6052341954829292
1758645524.3274326,herder,1,-0.58587109375,-1.2371788330078124,-0.8078978798669827
1758645524.3274326,herder,2,3.143368408203125,-0.23307308959960937,1.6464701823275527
1758645524.3274326,target,1,-0.6693663330078125,-0.7508463134765625,0.16862826429905015
1758645524.3274326,target,2,0.3715028686523438,-0.5708585205078125,1.4902454243579784
1758645524.3274326,target,3,0.04823406600952149,0.06451028442382813,0.43532876732081327
1758645524.3274326,target,4,-0.10481915283203125,-0.41848565673828125,-1.4258955960964483
1758645524.3274326,target,5,2.9602626953125,0.09626557159423828,1.6033221789783068
1758645524.3474364,herder,1,-0.5856901245117188,-1.2375797119140626,-0.8142773491002131
1758645524.3474364,herder,2,3.142537841796875,-0.2283246765136719,1.6444179503915375
1758645524.3474364,target,1,-0.6693745727539062,-0.7508812255859375,0.16792637154900295
1758645524.3474364,target,2,0.3715032043457031,-0.57084619140625,1.4894805644929077
1758645524.3474364,target,3,0.04827041244506836,0.06448869323730469,0.4350148472073202
1758645524.3474364,target,4,-0.10481040191650391,-0.4184930419921875,-1.4248074284750418
1758645524.3474364,target,5,2.959797607421875,0.10381102752685546,1.6017888639806936
1758645524.3684595,herder,1,-0.585331298828125,-1.2380452880859374,-0.8168530253484831
1758645524.3684595,herder,2,3.142255859375,-0.22410958862304686,1.6422228398630399
1758645524.3684595,target,1,-0.6694097290039063,-0.7508667602539062,0.1680303347000569
1758645524.3684595,target,2,0.3715259094238281,-0.5708570556640625,1.4884584432665353
1758645524.3684595,target,3,0.04826937103271484,0.06450082397460938,0.43661324320407213
1758645524.3684595,target,4,-0.10478900146484375,-0.4184809875488281,-1.4259943993728903
1758645524.3684595,target,5,2.9596591796875,0.11110748291015625,1.5979184919684817
1758645524.3875597,herder,1,-0.5854888305664062,-1.238003173828125,-0.8165869755555842
1758645524.3875597,herder,2,3.14172216796875,-0.219773681640625,1.6407991139442835
1758645524.3875597,target,1,-0.6694223022460938,-0.7508590698242188,0.16880807760690095
1758645524.3875597,target,2,0.3715294189453125,-0.5708495483398438,1.489173102545058
1758645524.3875597,target,3,0.048261375427246095,0.06456681060791016,0.43717353900791117
1758645524.3875597,target,4,-0.10479414367675781,-0.4184781188964844,-1.4248387206178503
1758645524.3875597,target,5,2.95893603515625,0.11881550598144532,1.5996211840114238
1758645524.4074621,herder,1,-0.58570263671875,-1.2375450439453124,-0.8135403192685337
1758645524.4074621,herder,2,3.141297119140625,-0.21449305725097656,1.6398038906449208
1758645524.4074621,target,1,-0.6693953247070312,-0.7508461303710937,0.1688363237592126
1758645524.4074621,target,2,0.37156048583984375,-0.5708566284179688,1.4877489771521382
1758645524.4074621,target,3,0.0482583122253418,0.06456419372558594,0.43541408834423667
1758645524.4074621,target,4,-0.10481083679199218,-0.41850482177734377,-1.4254290102734664
1758645524.4074621,target,5,2.958705322265625,0.12621539306640625,1.598454186821751
1758645524.4274373,herder,1,-0.5859994506835937,-1.237412353515625,-0.8081163256553965
1758645524.4274373,herder,2,3.141223876953125,-0.20956338500976562,1.6390261144485632
1758645524.4274373,target,1,-0.6694102172851563,-0.750844482421875,0.16877888270345093
1758645524.4274373,target,2,0.37143405151367187,-0.5708661499023437,1.4883174288868155
1758645524.4274373,target,3,0.048247116088867184,0.06453465270996094,0.43626410278516276
1758645524.4274373,target,4,-0.10482901763916015,-0.41851666259765624,-1.4259113087468798
1758645524.4274373,target,5,2.95808154296875,0.13412481689453126,1.59308019405808
1758645524.4474323,herder,1,-0.586369140625,-1.2373482666015625,-0.798245385654045
1758645524.4474323,herder,2,3.140591796875,-0.20578890991210938,1.6383094577992228
1758645524.4474323,target,1,-0.6693753662109375,-0.7508347778320312,0.1686702257309757
1758645524.4474323,target,2,0.371443115234375,-0.57084326171875,1.4917632930212692
1758645524.4474323,target,3,0.04824234390258789,0.06450816345214844,0.43624169894249243
1758645524.4474323,target,4,-0.10478333282470703,-0.4185142517089844,-1.4257300806347
1758645524.4474323,target,5,2.95781689453125,0.14218647766113282,1.5850817891981905
1758645524.4675684,herder,1,-0.5869846801757812,-1.2375367431640625,-0.7856014957466758
1758645524.4675684,herder,2,3.140367431640625,-0.20169618225097657,1.6363875875985672
1758645524.4675684,target,1,-0.6693468627929687,-0.7508223266601562,0.1700555854852781
1758645524.4675684,target,2,0.37151776123046876,-0.5707726440429688,1.4912684776907323
1758645524.4675684,target,3,0.04823761367797851,0.0644461669921875,0.4349975033707211
1758645524.4675684,target,4,-0.10482392883300781,-0.4184792175292969,-1.4256335410451846
1758645524.4675684,target,5,2.957480224609375,0.1497122344970703,1.5824351397068699
1758645524.4875813,herder,1,-0.5870642700195312,-1.2378499755859376,-0.7703732743174938
1758645524.4875813,herder,2,3.139617431640625,-0.19661410522460937,1.6343932794162612
1758645524.4875813,target,1,-0.6693451538085937,-0.7508438720703124,0.17008493019153942
1758645524.4875813,target,2,0.37148590087890626,-0.5708037109375,1.4909530262596125
1758645524.4875813,target,3,0.04821349334716797,0.0644677505493164,0.4345993274982406
1758645524.4875813,target,4,-0.10484290313720702,-0.4185341491699219,-1.4266814949341307
1758645524.4875813,target,5,2.95746435546875,0.15632559204101562,1.5717504042554176
1758645524.5075428,herder,1,-0.58744970703125,-1.2381820068359375,-0.7531720499947264
1758645524.5075428,herder,2,3.13895068359375,-0.19170608520507812,1.6334320114207972
1758645524.5075428,target,1,-0.6693460083007813,-0.7508419189453125,0.1692943541771926
1758645524.5075428,target,2,0.37148455810546877,-0.5708148193359375,1.4899804398295156
1758645524.5075428,target,3,0.048230777740478514,0.0645164794921875,0.4355018395021548
1758645524.5075428,target,4,-0.10479069519042969,-0.4185416564941406,-1.4269741763379304
1758645524.5075428,target,5,2.95740478515625,0.16186839294433594,1.5715115187056374
1758645524.5274353,herder,1,-0.5883890991210937,-1.238306640625,-0.7309650149289917
1758645524.5274353,herder,2,3.13884375,-0.18725782775878907,1.6326459794250603
1758645524.5274353,target,1,-0.6693035278320313,-0.7508458251953125,0.16889772626709573
1758645524.5274353,target,2,0.3714580383300781,-0.570857421875,1.490281510190749
1758645524.5274353,target,3,0.048271759033203125,0.06452882385253907,0.4358965865547318
1758645524.5274353,target,4,-0.10481592559814454,-0.41854998779296876,-1.4255202235408015
1758645524.5274353,target,5,2.957296142578125,0.167058349609375,1.5726902338041064
1758645524.5474284,herder,1,-0.5892102661132812,-1.2389708251953124,-0.7064958242543165
1758645524.5474284,herder,2,3.1382158203125,-0.1823265838623047,1.6323591569756588
1758645524.5474284,target,1,-0.6693438110351563,-0.7508568115234375,0.16953660196784892
1758645524.5474284,target,2,0.37149420166015623,-0.570818115234375,1.4932590574475122
1758645524.5474284,target,3,0.04825525283813477,0.06457553100585937,0.4350772650453689
1758645524.5474284,target,4,-0.10486128234863282,-0.4185179443359375,-1.425184532085397
1758645524.5474284,target,5,2.957146728515625,0.1715894775390625,1.571951872391882
1758645524.5675783,herder,1,-0.5894092407226562,-1.2397479248046874,-0.6822929496886491
1758645524.5675783,herder,2,3.13802880859375,-0.17768634033203126,1.6312092040169626
1758645524.5675783,target,1,-0.6693245239257812,-0.7508461303710937,0.16944475619975483
1758645524.5675783,target,2,0.3714903259277344,-0.5708158569335937,1.4901940253489399
1758645524.5675783,target,3,0.04822230911254883,0.06456369018554688,0.43611403365773677
1758645524.5675783,target,4,-0.10481522369384766,-0.4185048828125,-1.425550450419174
1758645524.5675783,target,5,2.957744140625,0.17655889892578125,1.5743875995248684
1758645524.5875838,herder,1,-0.5893485107421875,-1.2401004638671875,-0.659564267944395
1758645524.5875838,herder,2,3.13778076171875,-0.17312100219726562,1.63028641869925
1758645524.5875838,target,1,-0.6693372802734375,-0.7508271484375,0.170299298014534
1758645524.5875838,target,2,0.3715113525390625,-0.5708595581054687,1.4882425940601844
1758645524.5875838,target,3,0.048207233428955075,0.0644860610961914,0.4347772932380851
1758645524.5875838,target,4,-0.10479196166992187,-0.41852249145507814,-1.4257167648292495
1758645524.5875838,target,5,2.957241943359375,0.1803120574951172,1.573972679027034
1758645524.6075404,herder,1,-0.5893881225585937,-1.240536865234375,-0.6388539959903121
1758645524.6075404,herder,2,3.137525146484375,-0.16787042236328126,1.6292348695428323
1758645524.6075404,target,1,-0.6693604125976562,-0.7508568115234375,0.1693623646535305
1758645524.6075404,target,2,0.3715414733886719,-0.5708422241210938,1.4905961626735418
1758645524.6075404,target,3,0.04821770477294922,0.06442501068115235,0.4338818386110596
1758645524.6075404,target,4,-0.10479696655273438,-0.4185018615722656,-1.4262770939226022
1758645524.6075404,target,5,2.957287109375,0.18380491638183594,1.574288663090372
1758645524.6274278,herder,1,-0.5889710693359375,-1.241406005859375,-0.6215779368409136
1758645524.6274278,herder,2,3.137069091796875,-0.1630467071533203,1.6281536261402603
1758645524.6274278,target,1,-0.6693486328125,-0.7508530883789063,0.1696893841906354
1758645524.6274278,target,2,0.3715350036621094,-0.5708055419921875,1.4906663369682656
1758645524.6274278,target,3,0.04824809265136719,0.06444441986083985,0.43468398273139147
1758645524.6274278,target,4,-0.10476074981689452,-0.41850848388671874,-1.424968150246828
1758645524.6274278,target,5,2.956837646484375,0.1860890350341797,1.5743210204976166
1758645524.6475766,herder,1,-0.5889425048828125,-1.2419891357421875,-0.6105308783231559
1758645524.6475766,herder,2,3.136541259765625,-0.15866896057128907,1.6273341714728429
1758645524.6475766,target,1,-0.669325439453125,-0.75084619140625,0.16938283770441048
1758645524.6475766,target,2,0.37148553466796874,-0.5707523803710938,1.491860498401057
1758645524.6475766,target,3,0.04823019409179687,0.06445795440673828,0.43479986352832356
1758645524.6475766,target,4,-0.10483197021484375,-0.4185333251953125,-1.4255492519966835
1758645524.6475766,target,5,2.95692236328125,0.18855856323242187,1.5752085189308853
1758645524.667531,herder,1,-0.5891600341796875,-1.2421456298828124,-0.6065575751348121
1758645524.667531,herder,2,3.136165283203125,-0.15325326538085937,1.6250784740295456
1758645524.667531,target,1,-0.6693265991210937,-0.75085107421875,0.17011424160828711
1758645524.667531,target,2,0.371494873046875,-0.5707530517578125,1.4937512096169587
1758645524.667531,target,3,0.04826479339599609,0.06452486419677735,0.4352068278324013
1758645524.667531,target,4,-0.10483950042724609,-0.41853530883789064,-1.4248873233077444
1758645524.667531,target,5,2.956968994140625,0.19075808715820314,1.5726142005549846
1758645524.6875653,herder,1,-0.5892525024414063,-1.24218896484375,-0.6054132813934324
1758645524.6875653,herder,2,3.13522705078125,-0.14749699401855468,1.6239546200495323
1758645524.6875653,target,1,-0.6693460693359375,-0.7508307495117188,0.16955524409547948
1758645524.6875653,target,2,0.3715281677246094,-0.5707161254882812,1.4942114038533245
1758645524.6875653,target,3,0.048256736755371094,0.06452305603027343,0.4358086689492456
1758645524.6875653,target,4,-0.10480666351318359,-0.41852001953125,-1.4248609580129525
1758645524.6875653,target,5,2.95671044921875,0.19254356384277344,1.5700282711365177
1758645524.7076173,herder,1,-0.5889835815429687,-1.242319091796875,-0.6050338475171233
1758645524.7076173,herder,2,3.135067626953125,-0.1431123046875,1.6211499119475152
1758645524.7076173,target,1,-0.669349853515625,-0.7508224487304688,0.16960071757109257
1758645524.7076173,target,2,0.3715108642578125,-0.570793701171875,1.492585011375613
1758645524.7076173,target,3,0.04829359817504883,0.064531982421875,0.43716242031036007
1758645524.7076173,target,4,-0.10476986694335938,-0.41850262451171877,-1.4250023718668356
1758645524.7076173,target,5,2.95676611328125,0.19365367126464844,1.572170384759323
1758645524.7274544,herder,1,-0.5887440795898438,-1.24232421875,-0.605476864364458
1758645524.7274544,herder,2,3.134617431640625,-0.13859225463867186,1.620051757472021
1758645524.7274544,target,1,-0.6693184814453125,-0.7508201904296875,0.16998900645802614
1758645524.7274544,target,2,0.3714947814941406,-0.5708274536132812,1.4916481113041231
1758645524.7274544,target,3,0.04827608871459961,0.06459235382080078,0.4374678848873922
1758645524.7274544,target,4,-0.10484700012207031,-0.4185440673828125,-1.4274143968661206
1758645524.7274544,target,5,2.956788330078125,0.19451950073242188,1.573296768742372
1758645524.7474341,herder,1,-0.5886839599609375,-1.24224462890625,-0.608701153496217
1758645524.7474341,herder,2,3.134530517578125,-0.13392311096191406,1.6193331034518632
1758645524.7474341,target,1,-0.6693509521484375,-0.7508568725585938,0.1692590173584786
1758645524.7474341,target,2,0.37158184814453127,-0.570764404296875,1.4921459892699134
1758645524.7474341,target,3,0.048255233764648436,0.06457415008544921,0.4358178235654927
1758645524.7474341,target,4,-0.10477703857421874,-0.41847763061523435,-1.4225133815120476
1758645524.7474341,target,5,2.95669140625,0.19481300354003905,1.5717393521368936
1758645524.7675624,herder,1,-0.58848046875,-1.2420836181640624,-0.6171371823022337
1758645524.7675624,herder,2,3.133960693359375,-0.12867193603515625,1.6183191048668155
1758645524.7675624,target,1,-0.6693406982421874,-0.7508521118164062,0.16869164753299404
1758645524.7675624,target,2,0.3715736083984375,-0.5707918701171875,1.4927655736975205
1758645524.7675624,target,3,0.048236766815185544,0.06445458221435547,0.4347539572890333
1758645524.7675624,target,4,-0.10473875427246093,-0.41846319580078123,-1.4243372473845883
1758645524.7675624,target,5,2.956783203125,0.19499131774902342,1.5726114042358401
1758645524.7877502,herder,1,-0.5880043334960937,-1.241774658203125,-0.6305694344712937
1758645524.7877502,herder,2,3.13335400390625,-0.12335771942138672,1.6173916590171955
1758645524.7877502,target,1,-0.6693145141601563,-0.7508746948242188,0.1691383595163412
1758645524.7877502,target,2,0.3714852600097656,-0.570791748046875,1.4917071003222684
1758645524.7877502,target,3,0.04822172164916992,0.0644651107788086,0.4338020769364117
1758645524.7877502,target,4,-0.10470877838134765,-0.4184787902832031,-1.4237211250663986
1758645524.7877502,target,5,2.9568818359375,0.19537327575683594,1.5755874867540036
1758645524.8074446,herder,1,-0.588017578125,-1.241293212890625,-0.6478313788669147
1758645524.8074446,herder,2,3.133392822265625,-0.11929994964599609,1.615442091941203
1758645524.8074446,target,1,-0.6693637084960937,-0.7508356323242188,0.1690924865665646
1758645524.8074446,target,2,0.37154083251953124,-0.5707957153320312,1.4921605034978545
1758645524.8074446,target,3,0.04827028656005859,0.06447340393066406,0.43467179876940437
1758645524.8074446,target,4,-0.10467876434326172,-0.4184500732421875,-1.42348050846191
1758645524.8074446,target,5,2.957174560546875,0.1971292724609375,1.578757181083416
1758645524.8274086,herder,1,-0.5881495361328125,-1.240226318359375,-0.6677445001277097
1758645524.8274086,herder,2,3.132748779296875,-0.11557684326171876,1.6135483180900476
1758645524.8274086,target,1,-0.6694022216796875,-0.7508614501953125,0.16927180053171098
1758645524.8274086,target,2,0.3715124816894531,-0.5707841186523438,1.4930895472441286
1758645524.8274086,target,3,0.048269660949707034,0.06451762390136719,0.436496030826595
1758645524.8274086,target,4,-0.1047475814819336,-0.4184582824707031,-1.4247528336726953
1758645524.8274086,target,5,2.9570673828125,0.19975456237792968,1.5789930039979425
1758645524.8475335,herder,1,-0.5879064331054688,-1.239765380859375,-0.6913564192474885
1758645524.8475335,herder,2,3.132695556640625,-0.11002440643310547,1.6125102178971347
1758645524.8475335,target,1,-0.6693508911132813,-0.75085107421875,0.1694137470178122
1758645524.8475335,target,2,0.37143194580078126,-0.570873046875,1.489088813496557
1758645524.8475335,target,3,0.04824029541015625,0.06458526611328125,0.4362544155366976
1758645524.8475335,target,4,-0.10486058807373047,-0.4185460205078125,-1.4260987952876214
1758645524.8475335,target,5,2.957173828125,0.20305303955078124,1.5819409901666057
1758645524.867421,herder,1,-0.5872074584960938,-1.2397216796875,-0.7142802441206181
1758645524.867421,herder,2,3.132300048828125,-0.10421756744384765,1.6123267260980283
1758645524.867421,target,1,-0.66934912109375,-0.7508154907226563,0.16955556034585892
1758645524.867421,target,2,0.37144381713867186,-0.5709268188476563,1.488093723355249
1758645524.867421,target,3,0.048253887176513674,0.06450689697265626,0.4374025042826307
1758645524.867421,target,4,-0.10493135070800781,-0.41858975219726563,-1.4274223863493907
1758645524.867421,target,5,2.95735888671875,0.2067917022705078,1.578706181548541
1758645524.8876436,herder,1,-0.586667724609375,-1.239458984375,-0.7356692892575349
1758645524.8876436,herder,2,3.132070556640625,-0.10009886932373047,1.6130256727261196
1758645524.8876436,target,1,-0.6693131103515625,-0.7508316040039062,0.16961065449090995
1758645524.8876436,target,2,0.37149066162109373,-0.570885498046875,1.487407826216499
1758645524.8876436,target,3,0.04827288818359375,0.06452879333496093,0.4367199360952434
1758645524.8876436,target,4,-0.10491323089599609,-0.4185973205566406,-1.4268716446359624
1758645524.8876436,target,5,2.95691357421875,0.2110129852294922,1.5759687182640485
1758645524.9075303,herder,1,-0.5862958984375,-1.239098388671875,-0.754868483609107
1758645524.9075303,herder,2,3.132038330078125,-0.09618529510498047,1.6114296402848352
1758645524.9075303,target,1,-0.6693365478515625,-0.7508405151367188,0.1690824997124768
1758645524.9075303,target,2,0.37147628784179687,-0.5708663330078125,1.4883678957894726
1758645524.9075303,target,3,0.048242168426513674,0.06451573181152344,0.4346905407655758
1758645524.9075303,target,4,-0.10482070159912109,-0.418470703125,-1.4236119354617054
1758645524.9075303,target,5,2.956854736328125,0.21540211486816407,1.570679414023042
1758645524.9274385,herder,1,-0.5855543212890625,-1.2388104248046874,-0.7721866207037287
1758645524.9274385,herder,2,3.1314169921875,-0.09155124664306641,1.6098899337006058
1758645524.9274385,target,1,-0.669344970703125,-0.7508517456054687,0.16973059660850437
1758645524.9274385,target,2,0.37142535400390625,-0.57079541015625,1.4910153442291203
1758645524.9274385,target,3,0.04822130584716797,0.0645269775390625,0.4347292231804092
1758645524.9274385,target,4,-0.10478277587890625,-0.4184803161621094,-1.4238550820692295
1758645524.9274385,target,5,2.956714111328125,0.2206680145263672,1.563838951605119
1758645524.9474394,herder,1,-0.5850860595703125,-1.23869677734375,-0.7883743124946391
1758645524.9474394,herder,2,3.131061279296875,-0.08619114685058593,1.6081905706090263
1758645524.9474394,target,1,-0.6693450317382813,-0.750854248046875,0.1682379613965422
1758645524.9474394,target,2,0.3714815673828125,-0.57076904296875,1.490751558123148
1758645524.9474394,target,3,0.04820495223999023,0.0644468002319336,0.4352664160617918
1758645524.9474394,target,4,-0.1047479019165039,-0.41848641967773437,-1.4251283393863965
1758645524.9474394,target,5,2.956614013671875,0.2253795623779297,1.5586816069961262
1758645524.9674933,herder,1,-0.5849317626953126,-1.23801171875,-0.8052363832525848
1758645524.9674933,herder,2,3.13059814453125,-0.08146624755859375,1.6060316790713534
1758645524.9674933,target,1,-0.669355712890625,-0.7508456420898437,0.16835274363952463
1758645524.9674933,target,2,0.3715097045898437,-0.5708246459960937,1.4891141135269128
1758645524.9674933,target,3,0.04824302673339844,0.06449720001220703,0.4353318299560669
1758645524.9674933,target,4,-0.10481048583984375,-0.41852822875976564,-1.4250381913834973
1758645524.9674933,target,5,2.956260498046875,0.2308197021484375,1.5625113658017147
1758645524.9876084,herder,1,-0.5847741088867188,-1.2377088623046875,-0.8223751564477897
1758645524.9876084,herder,2,3.130066162109375,-0.07741876983642579,1.6035268429080793
1758645524.9876084,target,1,-0.6693771362304688,-0.7508353271484375,0.1692925565434568
1758645524.9876084,target,2,0.3714247131347656,-0.5708748168945312,1.4882356698413501
1758645524.9876084,target,3,0.04821939468383789,0.06442140197753907,0.43496800886164844
1758645524.9876084,target,4,-0.10484674072265625,-0.4185265197753906,-1.426123829001868
1758645524.9876084,target,5,2.95664453125,0.23642098999023436,1.5577304590128043
1758645525.0075185,herder,1,-0.5839420776367188,-1.2380897216796876,-0.8385115158086889
1758645525.0075185,herder,2,3.129847412109375,-0.07244972229003906,1.601041181504654
1758645525.0075185,target,1,-0.6693636474609375,-0.750846923828125,0.16882512183787743
1758645525.0075185,target,2,0.37148941040039063,-0.5708096923828125,1.4903041470600147
1758645525.0075185,target,3,0.048248836517333984,0.06447041320800781,0.43603653567001543
1758645525.0075185,target,4,-0.10481502532958985,-0.4185270690917969,-1.426242472828431
1758645525.0075185,target,5,2.9565517578125,0.24236651611328125,1.5560312290792793
1758645525.0274174,herder,1,-0.5839627685546875,-1.2376712646484376,-0.8518544855022039
1758645525.0274174,herder,2,3.12987451171875,-0.06696522521972656,1.599632635604111
1758645525.0274174,target,1,-0.6693616333007812,-0.75086767578125,0.16879516127561406
1758645525.0274174,target,2,0.371510009765625,-0.5708211059570313,1.4909868484054565
1758645525.0274174,target,3,0.04822563934326172,0.06449413299560547,0.43545037391408903
1758645525.0274174,target,4,-0.10487716674804687,-0.4185679931640625,-1.4269890900400348
1758645525.0274174,target,5,2.956423095703125,0.24901515197753907,1.5588042455643243
1758645525.0475872,herder,1,-0.5842861938476562,-1.2364656982421875,-0.8589325684683892
1758645525.0475872,herder,2,3.129612548828125,-0.06260630035400391,1.5982212933844235
1758645525.0475872,target,1,-0.66933984375,-0.7508365478515625,0.1697408830682148
1758645525.0475872,target,2,0.3714829711914063,-0.5708336791992188,1.4910016289495065
1758645525.0475872,target,3,0.0482181625366211,0.06447626495361328,0.4363506222310767
1758645525.0475872,target,4,-0.10485607147216797,-0.4185518798828125,-1.4275388996470817
1758645525.0475872,target,5,2.956628662109375,0.25540594482421874,1.5563725131729729
1758645525.0674398,herder,1,-0.5840442504882812,-1.2366143798828124,-0.8619458686627866
1758645525.0674398,herder,2,3.12928271484375,-0.05826081466674805,1.5962570789224357
1758645525.0674398,target,1,-0.669382568359375,-0.750836669921875,0.16849259288626742
1758645525.0674398,target,2,0.3714974365234375,-0.570795654296875,1.492920037040745
1758645525.0674398,target,3,0.04824704360961914,0.06444271850585938,0.43586526112240975
1758645525.0674398,target,4,-0.10481696319580078,-0.4185203857421875,-1.427241957185538
1758645525.0674398,target,5,2.9564912109375,0.26273431396484376,1.55800143565372
1758645525.0875986,herder,1,-0.5837724609375,-1.236812744140625,-0.8612710236425605
1758645525.0875986,herder,2,3.128927978515625,-0.05300829315185547,1.5941270826825902
1758645525.0875986,target,1,-0.669357421875,-0.75082275390625,0.16819961187684507
1758645525.0875986,target,2,0.3714399719238281,-0.5708409423828125,1.4898556707324453
1758645525.0875986,target,3,0.048225959777832034,0.06452053833007812,0.4360998523249321
1758645525.0875986,target,4,-0.10484456634521484,-0.4184737243652344,-1.425470688744526
1758645525.0875986,target,5,2.95649755859375,0.26967095947265624,1.5537233336786167
1758645525.1074593,herder,1,-0.58394189453125,-1.2370250244140626,-0.8579370788529176
1758645525.1074593,herder,2,3.12860595703125,-0.0484815559387207,1.5917788403914128
1758645525.1074593,target,1,-0.669365234375,-0.7508289184570313,0.1693211355909047
1758645525.1074593,target,2,0.371443115234375,-0.570854736328125,1.4893845575356104
1758645525.1074593,target,3,0.04823072052001953,0.06452141571044921,0.4337579683308573
1758645525.1074593,target,4,-0.10479434967041015,-0.4184945068359375,-1.4258852097681969
1758645525.1074593,target,5,2.956272705078125,0.27720794677734373,1.5563618605286127
1758645525.1274464,herder,1,-0.5837701416015625,-1.237411376953125,-0.8534017820955399
1758645525.1274464,herder,2,3.128520751953125,-0.04434943771362305,1.5895827977565335
1758645525.1274464,target,1,-0.6693681030273437,-0.750859130859375,0.16882232551873286
1758645525.1274464,target,2,0.37142559814453124,-0.570860595703125,1.489889626036344
1758645525.1274464,target,3,0.04824608993530274,0.06456033325195312,0.4353825298853192
1758645525.1274464,target,4,-0.1048316650390625,-0.4185410766601563,-1.4254416602886444
1758645525.1274464,target,5,2.95658935546875,0.2840738220214844,1.5565384281088848
1758645525.1474333,herder,1,-0.58374951171875,-1.23783984375,-0.8457270844661495
1758645525.1474333,herder,2,3.12805078125,-0.03970568084716797,1.5875211115986487
1758645525.1474333,target,1,-0.6693629760742188,-0.7508484497070312,0.16924020878327992
1758645525.1474333,target,2,0.3714476623535156,-0.5709037475585937,1.489188948353544
1758645525.1474333,target,3,0.0482589340209961,0.06460652160644531,0.4362567458026514
1758645525.1474333,target,4,-0.1047708740234375,-0.4185184326171875,-1.424446570147336
1758645525.1474333,target,5,2.956448486328125,0.29171908569335936,1.5608586080292115
1758645525.1678443,herder,1,-0.5842803344726563,-1.23796044921875,-0.8334170218014217
1758645525.1678443,herder,2,3.128132568359375,-0.035084228515625,1.5858774085738518
1758645525.1678443,target,1,-0.6693740844726562,-0.7508329467773438,0.1683428233644641
1758645525.1678443,target,2,0.3714710083007812,-0.570901123046875,1.4877899898329254
1758645525.1678443,target,3,0.04820706176757812,0.06454184722900391,0.43540140503954516
1758645525.1678443,target,4,-0.1047598648071289,-0.4185071105957031,-1.4250214134686299
1758645525.1678443,target,5,2.956495361328125,0.2990697326660156,1.5626212211966803
1758645525.1875248,herder,1,-0.584927001953125,-1.23808740234375,-0.8171788631078544
1758645525.1875248,herder,2,3.128144775390625,-0.030481563568115235,1.5855980429755026
1758645525.1875248,target,1,-0.6693604736328125,-0.7508547973632812,0.16976396934591445
1758645525.1875248,target,2,0.3714766540527344,-0.5708688354492187,1.4893777664748307
1758645525.1875248,target,3,0.04820528030395508,0.06451419830322265,0.43497819545281796
1758645525.1875248,target,4,-0.10477696990966796,-0.41852468872070314,-1.4260435346950022
1758645525.1875248,target,5,2.956842529296875,0.30709649658203125,1.5588103708348315
1758645525.2075465,herder,1,-0.5860221557617188,-1.2379984130859376,-0.7993131800931124
1758645525.2075465,herder,2,3.12804833984375,-0.02465054512023926,1.5850074870037774
1758645525.2075465,target,1,-0.6693450317382813,-0.7508253784179687,0.16851719383683703
1758645525.2075465,target,2,0.3713826904296875,-0.57091357421875,1.4868978308677487
1758645525.2075465,target,3,0.04823157501220703,0.06455186462402343,0.43551805149529066
1758645525.2075465,target,4,-0.10471815490722657,-0.41850588989257814,-1.4269795026601106
1758645525.2075465,target,5,2.956944580078125,0.3152138977050781,1.5532976273783674
1758645525.2274714,herder,1,-0.5869532470703125,-1.237740234375,-0.7782395198082881
1758645525.2274714,herder,2,3.127955322265625,-0.019633607864379884,1.5841661944154215
1758645525.2274714,target,1,-0.6693671264648438,-0.750863525390625,0.16788998611060973
1758645525.2274714,target,2,0.3714632568359375,-0.5708507690429687,1.48856323865543
1758645525.2274714,target,3,0.048209716796875,0.06455904388427734,0.4340396309056468
1758645525.2274714,target,4,-0.10472808074951172,-0.4185023803710938,-1.4275139990908894
1758645525.2274714,target,5,2.95666552734375,0.3224720764160156,1.5517834871406029
1758645525.2475574,herder,1,-0.5871759033203126,-1.2381400146484376,-0.7556571121869067
1758645525.2475574,herder,2,3.127770263671875,-0.015001825332641602,1.5829551219097078
1758645525.2475574,target,1,-0.6693531494140625,-0.750873291015625,0.16804791156325144
1758645525.2475574,target,2,0.37150335693359376,-0.5708479614257812,1.4896432836355116
1758645525.2475574,target,3,0.048232101440429685,0.06446710205078125,0.434454118639804
1758645525.2475574,target,4,-0.10471167755126953,-0.41846340942382815,-1.427195751340625
1758645525.2475574,target,5,2.956859130859375,0.3306036376953125,1.5503063648419904
1758645525.267571,herder,1,-0.5877075805664063,-1.23871923828125,-0.7274681512596631
1758645525.267571,herder,2,3.12769970703125,-0.009624306678771972,1.5816485750789149
1758645525.267571,target,1,-0.669367431640625,-0.7508577270507812,0.16815408846696153
1758645525.267571,target,2,0.37149267578125,-0.570866455078125,1.4895289008666925
1758645525.267571,target,3,0.04825103378295898,0.06450096130371094,0.43610221588039955
1758645525.267571,target,4,-0.10473043060302735,-0.4184915161132812,-1.4250010402862907
1758645525.267571,target,5,2.956712890625,0.3391639099121094,1.5511745553573564
1758645525.2875807,herder,1,-0.5886826171875,-1.2394810791015625,-0.6986550119519324
1758645525.2875807,herder,2,3.1272490234375,-0.0038795368671417237,1.5800962184795078
1758645525.2875807,target,1,-0.6693588256835937,-0.7508475952148438,0.16889785942515023
1758645525.2875807,target,2,0.37153799438476565,-0.570834716796875,1.4907900408008996
1758645525.2875807,target,3,0.048245964050292967,0.0645108642578125,0.43545882945055003
1758645525.2875807,target,4,-0.10482816314697266,-0.4185606689453125,-1.425803583880786
1758645525.2875807,target,5,2.956954833984375,0.34700970458984376,1.5493958300652924
1758645525.3075976,herder,1,-0.588847412109375,-1.240393310546875,-0.6720806590145767
1758645525.3075976,herder,2,3.127068603515625,0.0007411751747131348,1.577586455468217
1758645525.3075976,target,1,-0.6693955688476563,-0.7508477172851562,0.1672046548935915
1758645525.3075976,target,2,0.37145166015625,-0.5708897094726563,1.4874391183593074
1758645525.3075976,target,3,0.04825125885009766,0.064528076171875,0.4351179781205335
1758645525.3075976,target,4,-0.10485504150390625,-0.4185433349609375,-1.4260101120233217
1758645525.3075976,target,5,2.95702685546875,0.3555089111328125,1.5503115580061162
1758645525.3274367,herder,1,-0.5885291748046875,-1.2411378173828125,-0.6480267883118993
1758645525.3274367,herder,2,3.12668603515625,0.004642520904541016,1.5751258277790383
1758645525.3274367,target,1,-0.669379150390625,-0.7508374633789062,0.16780782759098078
1758645525.3274367,target,2,0.3714808349609375,-0.5708596801757813,1.489569380915262
1758645525.3274367,target,3,0.04822454071044922,0.06445014190673828,0.43329627606637844
1758645525.3274367,target,4,-0.10481059265136719,-0.41849853515625,-1.4261940032965916
1758645525.3274367,target,5,2.9573759765625,0.3624928588867187,1.5517644455388089
1758645525.347475,herder,1,-0.5884442138671875,-1.24160791015625,-0.6281176617927394
1758645525.347475,herder,2,3.1266318359375,0.009803641319274902,1.5734893152891847
1758645525.347475,target,1,-0.6693889770507813,-0.7508479614257813,0.16917893943345128
1758645525.347475,target,2,0.3714659423828125,-0.5708270263671875,1.4914437136904595
1758645525.347475,target,3,0.048201114654541015,0.06441519165039063,0.43316654683177797
1758645525.347475,target,4,-0.10482257080078125,-0.4185279541015625,-1.42603607784395
1758645525.347475,target,5,2.9574306640625,0.36986929321289064,1.5498548258791676
1758645525.3675315,herder,1,-0.5884149169921875,-1.241951171875,-0.6135724746041354
1758645525.3675315,herder,2,3.126487060546875,0.015711764335632324,1.5741266097380406
1758645525.3675315,target,1,-0.6693990478515625,-0.750828369140625,0.16922090086537683
1758645525.3675315,target,2,0.37144775390625,-0.5708065185546874,1.4921541119112383
1758645525.3675315,target,3,0.04822546005249023,0.06448621368408203,0.4340570746107868
1758645525.3675315,target,4,-0.10482070922851562,-0.418540771484375,-1.425820761269817
1758645525.3675315,target,5,2.957552734375,0.37555267333984377,1.5509688261631476
1758645525.387558,herder,1,-0.5888963623046874,-1.2421922607421876,-0.6050463643742467
1758645525.387558,herder,2,3.126400390625,0.020519447326660157,1.573738587167216
1758645525.387558,target,1,-0.66936474609375,-0.7508213500976563,0.17006763628921073
1758645525.387558,target,2,0.3715188903808594,-0.5707986450195313,1.4918423889056445
1758645525.387558,target,3,0.0482219123840332,0.06448133087158203,0.435118910226915
1758645525.387558,target,4,-0.10479334259033203,-0.41856295776367186,-1.4261852148649945
1758645525.387558,target,5,2.95786376953125,0.38082647705078126,1.5576107499218053
1758645525.407925,herder,1,-0.589126708984375,-1.2424337158203125,-0.6002251106948218
1758645525.407925,herder,2,3.126189697265625,0.02516737937927246,1.5719602613493158
1758645525.407925,target,1,-0.6693462524414062,-0.7508369140625,0.16956073686522777
1758645525.407925,target,2,0.3715026245117187,-0.5707905883789063,1.4925095107587092
1758645525.407925,target,3,0.04825771331787109,0.06451077270507813,0.43646600368530436
1758645525.407925,target,4,-0.10474411773681641,-0.41847586059570313,-1.424056550205694
1758645525.407925,target,5,2.957911376953125,0.38586715698242186,1.5537069552379126
1758645525.4274268,herder,1,-0.5890469360351562,-1.2427039794921875,-0.5981023049899196
1758645525.4274268,herder,2,3.1257822265625,0.03005799674987793,1.570153839181915
1758645525.4274268,target,1,-0.66935107421875,-0.7508407592773437,0.16915595302429254
1758645525.4274268,target,2,0.3714832458496094,-0.57071728515625,1.4914622226600356
1758645525.4274268,target,3,0.048287616729736325,0.06455772399902343,0.4364767894877192
1758645525.4274268,target,4,-0.10474665832519531,-0.4184593505859375,-1.4242604151871396
1758645525.4274268,target,5,2.957771484375,0.39009738159179685,1.5526330355283382
1758645525.447399,herder,1,-0.5888209228515625,-1.2426295166015624,-0.5989552489080447
1758645525.447399,herder,2,3.12580908203125,0.03539461517333985,1.5685424935643626
1758645525.447399,target,1,-0.66936865234375,-0.7508318481445313,0.16877468822473407
1758645525.447399,target,2,0.3715336608886719,-0.5706492919921875,1.4912262665874547
1758645525.447399,target,3,0.0482957534790039,0.0645433120727539,0.4373240408990143
1758645525.447399,target,4,-0.10481902313232422,-0.41850738525390624,-1.425667496349083
1758645525.447399,target,5,2.95759765625,0.3949183654785156,1.5542650206443387
1758645525.467564,herder,1,-0.5887342529296875,-1.242401611328125,-0.6022940539666771
1758645525.467564,herder,2,3.125332763671875,0.040975948333740235,1.5674471354080128
1758645525.467564,target,1,-0.66937451171875,-0.750833251953125,0.16874685819134275
1758645525.467564,target,2,0.371445068359375,-0.5707955932617188,1.4869672062141455
1758645525.467564,target,3,0.048250900268554685,0.06444490814208985,0.4351515339502685
1758645525.467564,target,4,-0.10482139587402343,-0.41852267456054687,-1.4248577622196443
1758645525.467564,target,5,2.95754296875,0.3983443298339844,1.5456289218614299
1758645525.4874692,herder,1,-0.5886187133789063,-1.2421348876953124,-0.6085456248885563
1758645525.4874692,herder,2,3.1250166015625,0.04561514282226563,1.5657166133316796
1758645525.4874692,target,1,-0.66932861328125,-0.7508344116210938,0.16934011061367152
1758645525.4874692,target,2,0.37144204711914064,-0.5708262329101562,1.4889869475848614
1758645525.4874692,target,3,0.04822418212890625,0.0645003662109375,0.4351328918226379
1758645525.4874692,target,4,-0.10477002716064453,-0.418503173828125,-1.426860991991602
1758645525.4874692,target,5,2.9575419921875,0.40107876586914065,1.5442966755261176
1758645525.5076098,herder,1,-0.5884647216796876,-1.24193310546875,-0.6190076534938509
1758645525.5076098,herder,2,3.125144775390625,0.04968832015991211,1.563511782265203
1758645525.5076098,target,1,-0.6693483276367187,-0.7508463745117188,0.16977099343328952
1758645525.5076098,target,2,0.3714571838378906,-0.5708163452148437,1.490311337594958
1758645525.5076098,target,3,0.0482514419555664,0.06455654907226563,0.43642975140496565
1758645525.5076098,target,4,-0.10482853698730468,-0.41853533935546877,-1.4271110628179604
1758645525.5076098,target,5,2.957803466796875,0.40399169921875,1.5474025871474226
1758645525.5274277,herder,1,-0.5880760498046875,-1.2418648681640625,-0.6321905006268248
1758645525.5274277,herder,2,3.1250634765625,0.05543689346313477,1.5636919451129467
1758645525.5274277,target,1,-0.6693694458007813,-0.7508532104492187,0.16874406187219815
1758645525.5274277,target,2,0.3714570007324219,-0.5708650512695312,1.4894025338729684
1758645525.5274277,target,3,0.04825458145141601,0.06451871490478515,0.43635028933594044
1758645525.5274277,target,4,-0.10482179260253906,-0.41854397583007813,-1.4274241174040994
1758645525.5274277,target,5,2.957845703125,0.4064081726074219,1.5485361616654147
1758645525.5475404,herder,1,-0.587906982421875,-1.241643798828125,-0.6485317236545783
1758645525.5475404,herder,2,3.1251943359375,0.06180142593383789,1.5631959313599195
1758645525.5475404,target,1,-0.6693301391601563,-0.7508359375,0.16889095185107283
1758645525.5475404,target,2,0.3714419250488281,-0.5708666381835937,1.489207191007011
1758645525.5475404,target,3,0.04827914047241211,0.06455658721923828,0.4372559305541355
1758645525.5475404,target,4,-0.10472942352294921,-0.41845458984375,-1.424373333217359
1758645525.5475404,target,5,2.957864501953125,0.40779006958007813,1.545977529648121
1758645525.567464,herder,1,-0.5878758544921875,-1.240585693359375,-0.668310022385188
1758645525.567464,herder,2,3.12502099609375,0.06695810699462891,1.561367138639362
1758645525.567464,target,1,-0.6693486328125,-0.7508119506835937,0.16960136671660828
1758645525.567464,target,2,0.371427734375,-0.570880615234375,1.490620530597516
1758645525.567464,target,3,0.048254039764404295,0.06456816101074218,0.43715765990991157
1758645525.567464,target,4,-0.10476826477050781,-0.41847543334960935,-1.4240630749503649
1758645525.567464,target,5,2.958031005859375,0.40902114868164063,1.5474567824756056
1758645525.5876334,herder,1,-0.5876441040039062,-1.2399351806640626,-0.6910598096810809
1758645525.5876334,herder,2,3.124744384765625,0.07140758514404297,1.5590363400533247
1758645525.5876334,target,1,-0.6693414306640625,-0.7508386840820312,0.1698805991569031
1758645525.5876334,target,2,0.37144085693359374,-0.5708594970703125,1.490143558446283
1758645525.5876334,target,3,0.04826616287231445,0.06451889038085938,0.4372846594043947
1758645525.5876334,target,4,-0.10477383422851562,-0.41850857543945313,-1.4255407298811953
1758645525.5876334,target,5,2.958349365234375,0.4098080139160156,1.5508553755007102
1758645525.6075711,herder,1,-0.58709716796875,-1.2396705322265624,-0.713293343199662
1758645525.6075711,herder,2,3.12441455078125,0.07634056091308594,1.557331384323456
1758645525.6075711,target,1,-0.6693828125,-0.7508198852539063,0.16827910723538395
1758645525.6075711,target,2,0.3713705749511719,-0.570897216796875,1.4877332645017067
1758645525.6075711,target,3,0.04823204803466797,0.06449680328369141,0.43587694574169245
1758645525.6075711,target,4,-0.10480023193359375,-0.41849679565429687,-1.4237811793489799
1758645525.6075711,target,5,2.95846728515625,0.41031353759765626,1.5527843030782547
1758645525.6274478,herder,1,-0.586385498046875,-1.23970703125,-0.7349641507799092
1758645525.6274478,herder,2,3.124084716796875,0.08235188293457031,1.5555048552898252
1758645525.6274478,target,1,-0.669343017578125,-0.7508401489257812,0.16863696950686335
1758645525.6274478,target,2,0.3714315490722656,-0.5708438720703125,1.491523608523162
1758645525.6274478,target,3,0.04825411605834961,0.06452021026611328,0.4362104400891976
1758645525.6274478,target,4,-0.10477991485595703,-0.4184794921875,-1.426285749196145
1758645525.6274478,target,5,2.958498046875,0.41030938720703125,1.5526173228779068
1758645525.6475995,herder,1,-0.5863966674804687,-1.23915185546875,-0.75460190118399
1758645525.6475995,herder,2,3.123841552734375,0.0878240737915039,1.553365671144219
1758645525.6475995,target,1,-0.669330078125,-0.7508224487304688,0.1689281528825499
1758645525.6475995,target,2,0.3715190734863281,-0.5708458862304687,1.4904512867102415
1758645525.6475995,target,3,0.04828228759765625,0.06451737976074219,0.4367747639241854
1758645525.6475995,target,4,-0.10476978302001953,-0.4185488586425781,-1.4266524664782487
1758645525.6475995,target,5,2.9585126953125,0.41034353637695314,1.552154199164342
1758645525.6675382,herder,1,-0.5862218017578125,-1.238212890625,-0.7737282580797483
1758645525.6675382,herder,2,3.123893310546875,0.09275209808349609,1.5515780242625032
1758645525.6675382,target,1,-0.6693797607421875,-0.7508274536132813,0.17008036952817265
1758645525.6675382,target,2,0.3715146484375,-0.5708262939453125,1.491444645796841
1758645525.6675382,target,3,0.0482710952758789,0.06456454467773437,0.43635721355477464
1758645525.6675382,target,4,-0.10480508422851563,-0.4185351867675781,-1.4269801684503831
1758645525.6675382,target,5,2.95847216796875,0.41157440185546873,1.5550867389986827
1758645525.687552,herder,1,-0.5854105834960938,-1.238232421875,-0.7927879693692275
1758645525.687552,herder,2,3.12398046875,0.09750679016113281,1.550219812106563
1758645525.687552,target,1,-0.669322021484375,-0.7508143920898438,0.16915056012308513
1758645525.687552,target,2,0.37156494140625,-0.5708419189453126,1.4902098711574259
1758645525.687552,target,3,0.048221588134765625,0.06451154327392578,0.4340637990925393
1758645525.687552,target,4,-0.10478890991210937,-0.4185142517089844,-1.4258760218624362
1758645525.687552,target,5,2.95843212890625,0.41312442016601564,1.5553234940195908
1758645525.707552,herder,1,-0.5848448486328125,-1.2381461181640625,-0.8111731685336167
1758645525.707552,herder,2,3.12387646484375,0.10267106628417969,1.5487390945404789
1758645525.707552,target,1,-0.6693434448242187,-0.7508074340820312,0.16824987904242034
1758645525.707552,target,2,0.37151129150390627,-0.5708325805664063,1.490146487923482
1758645525.707552,target,3,0.04822380065917969,0.06455507659912109,0.43482509697965205
1758645525.707552,target,4,-0.10478514099121093,-0.4184963989257813,-1.4266549964812845
1758645525.707552,target,5,2.958664794921875,0.41569674682617186,1.5565343002091951
1758645525.7274342,herder,1,-0.5848961181640625,-1.2376163330078125,-0.8281366391500672
1758645525.7274342,herder,2,3.123980712890625,0.10781639099121093,1.547335076013789
1758645525.7274342,target,1,-0.669327392578125,-0.750845703125,0.1694487010071195
1758645525.7274342,target,2,0.37151394653320313,-0.5708726806640625,1.4918221488813599
1758645525.7274342,target,3,0.04820442199707031,0.06450833129882813,0.4352225071933191
1758645525.7274342,target,4,-0.10476866912841797,-0.41850967407226564,-1.4264436746487865
1758645525.7274342,target,5,2.95901611328125,0.419282958984375,1.5581793348145372
1758645525.7474582,herder,1,-0.584684814453125,-1.2373095703125,-0.8445681433387743
1758645525.7474582,herder,2,3.1238466796875,0.11206208801269531,1.5454333126793633
1758645525.7474582,target,1,-0.6693548583984374,-0.7508558959960937,0.1677715919553989
1758645525.7474582,target,2,0.3715404663085938,-0.5708233642578125,1.4921583729689822
1758645525.7474582,target,3,0.048186302185058594,0.06447457122802734,0.4346425039974135
1758645525.7474582,target,4,-0.10476876068115235,-0.41850067138671876,-1.4258710950144196
1758645525.7474582,target,5,2.958834716796875,0.4230332946777344,1.5604488806955028
1758645525.7675521,herder,1,-0.5843364868164063,-1.2368265380859376,-0.858263782139643
1758645525.7675521,herder,2,3.12350537109375,0.11716300201416016,1.544763128191045
1758645525.7675521,target,1,-0.6693546752929688,-0.7508381958007813,0.16924167352187947
1758645525.7675521,target,2,0.37154815673828123,-0.5707847900390625,1.493037615602872
1758645525.7675521,target,3,0.04823505783081055,0.06452285003662109,0.43535157063764707
1758645525.7675521,target,4,-0.10475050354003906,-0.4185093994140625,-1.42497440867539
1758645525.7675521,target,5,2.958677978515625,0.42713241577148436,1.5582259401336136
1758645525.787546,herder,1,-0.5839638061523438,-1.2363603515625,-0.8694243578988654
1758645525.787546,herder,2,3.123549560546875,0.12267741394042969,1.5428061042640002
1758645525.787546,target,1,-0.6693272094726562,-0.7508146362304687,0.16939417278380012
1758645525.787546,target,2,0.37141302490234374,-0.5708778686523438,1.4887163704181094
1758645525.787546,target,3,0.04826091766357422,0.0644404296875,0.43597967718074226
1758645525.787546,target,4,-0.10474362182617188,-0.4184927978515625,-1.425193453675049
1758645525.787546,target,5,2.958405029296875,0.4322504577636719,1.5607167947011646
1758645525.8074865,herder,1,-0.5837512817382813,-1.236518798828125,-0.8742791008289981
1758645525.8074865,herder,2,3.123251220703125,0.12708462524414063,1.5415966296549408
1758645525.8074865,target,1,-0.6693178100585937,-0.7508275756835937,0.1691917891857109
1758645525.8074865,target,2,0.3714735412597656,-0.5708622436523437,1.4894741729062915
1758645525.8074865,target,3,0.04825210189819336,0.06452615356445313,0.43619436125411626
1758645525.8074865,target,4,-0.10473188781738281,-0.418461181640625,-1.424257086235777
1758645525.8074865,target,5,2.95848779296875,0.43692022705078126,1.556323377850861
1758645525.8274474,herder,1,-0.58386279296875,-1.2367747802734375,-0.8741806304476923
1758645525.8274474,herder,2,3.1234814453125,0.13074017333984375,1.5404231077205974
1758645525.8274474,target,1,-0.6693555297851562,-0.750853759765625,0.16833891184661304
1758645525.8274474,target,2,0.37150888061523435,-0.5708037719726563,1.4893672469885249
1758645525.8274474,target,3,0.0482531623840332,0.0645696792602539,0.43659267028465126
1758645525.8274474,target,4,-0.10481591796875,-0.418507080078125,-1.4248364569309238
1758645525.8274474,target,5,2.95868798828125,0.44265591430664064,1.5595773612287742
1758645525.8475788,herder,1,-0.5841553344726562,-1.2367559814453124,-0.8727185550092389
1758645525.8475788,herder,2,3.123529541015625,0.13576741027832032,1.5392961911053304
1758645525.8475788,target,1,-0.6693390502929687,-0.750848876953125,0.16917937219712842
1758645525.8475788,target,2,0.3714914245605469,-0.57080517578125,1.4891946741498876
1758645525.8475788,target,3,0.04824062728881836,0.06450582122802734,0.4355956493515528
1758645525.8475788,target,4,-0.10478843688964844,-0.41851605224609373,-1.4263934740622386
1758645525.8475788,target,5,2.958397216796875,0.44876675415039063,1.564304472163665
1758645525.8675299,herder,1,-0.5842837524414063,-1.2366044921875,-0.8699710382916314
1758645525.8675299,herder,2,3.123368408203125,0.1415734405517578,1.538697645650335
1758645525.8675299,target,1,-0.6693888549804687,-0.7508424682617187,0.16935024727057063
1758645525.8675299,target,2,0.3715439453125,-0.5708097534179688,1.4897085310822185
1758645525.8675299,target,3,0.048248401641845705,0.06450048828125,0.43543143218083585
1758645525.8675299,target,4,-0.10480596923828125,-0.4185296325683594,-1.4256270163005138
1758645525.8675299,target,5,2.958427734375,0.45516387939453123,1.5648229896279033
1758645525.8875427,herder,1,-0.5842102661132812,-1.2365421142578126,-0.864602971061386
1758645525.8875427,herder,2,3.12383447265625,0.14541737365722657,1.5374371715064006
1758645525.8875427,target,1,-0.6693790893554687,-0.7508470458984375,0.16859254465092946
1758645525.8875427,target,2,0.37149227905273435,-0.5708283081054687,1.4899352992490387
1758645525.8875427,target,3,0.048249176025390625,0.06457559204101562,0.4363860089840611
1758645525.8875427,target,4,-0.10478863525390625,-0.4184971618652344,-1.4266957428459626
1758645525.8875427,target,5,2.95888623046875,0.461369384765625,1.5672818862623736
1758645525.9075415,herder,1,-0.5844042358398438,-1.236619873046875,-0.8542330878298081
1758645525.9075415,herder,2,3.12334423828125,0.14977061462402344,1.537098284257688
1758645525.9075415,target,1,-0.6693656616210938,-0.75089794921875,0.16834034329569894
1758645525.9075415,target,2,0.37145391845703124,-0.5708154907226562,1.490163931628622
1758645525.9075415,target,3,0.04823812103271485,0.06453131866455078,0.4371568276720709
1758645525.9075415,target,4,-0.10478744506835938,-0.4185511779785156,-1.426960061584153
1758645525.9075415,target,5,2.959161376953125,0.4676124267578125,1.5707276172387725
1758645525.9274352,herder,1,-0.5846788330078125,-1.237159912109375,-0.8400592784552157
1758645525.9274352,herder,2,3.123720703125,0.15558781433105467,1.5352596378410972
1758645525.9274352,target,1,-0.6693528442382812,-0.750866455078125,0.16857866292374743
1758645525.9274352,target,2,0.37144406127929686,-0.5708624267578125,1.4920450554645994
1758645525.9274352,target,3,0.0482666015625,0.0645141372680664,0.43607135650126827
1758645525.9274352,target,4,-0.10478848266601562,-0.41851898193359377,-1.4268138540403077
1758645525.9274352,target,5,2.959155029296875,0.4743514099121094,1.5740332659418335
1758645525.9476094,herder,1,-0.58462841796875,-1.238150390625,-0.8226916731433457
1758645525.9476094,herder,2,3.12364404296875,0.16031658935546875,1.5334722572754906
1758645525.9476094,target,1,-0.6693287353515625,-0.7508317260742188,0.16995919569857407
1758645525.9476094,target,2,0.3714051818847656,-0.5709058227539062,1.4911298601559937
1758645525.9476094,target,3,0.04823457717895508,0.06444362640380859,0.4348639791315672
1758645525.9476094,target,4,-0.10476944732666016,-0.4185035705566406,-1.4271607307722904
1758645525.9476094,target,5,2.959161865234375,0.4819748840332031,1.5761193200236925
1758645525.967453,herder,1,-0.58548779296875,-1.2385980224609374,-0.803856932386951
1758645525.967453,herder,2,3.123463623046875,0.16490153503417967,1.5317349441383774
1758645525.967453,target,1,-0.6693395385742188,-0.7508384399414062,0.167325212867188
1758645525.967453,target,2,0.371451171875,-0.5708602294921875,1.4902193253792957
1758645525.967453,target,3,0.048232532501220705,0.06443342590332031,0.4354798018441344
1758645525.967453,target,4,-0.10477804565429688,-0.41847647094726564,-1.4267616560829421
1758645525.967453,target,5,2.959323486328125,0.4884728088378906,1.5773847210156435
1758645525.9874918,herder,1,-0.5865679931640625,-1.2383990478515625,-0.7827312073028156
1758645525.9874918,herder,2,3.123859619140625,0.1699744873046875,1.529171651589176
1758645525.9874918,target,1,-0.6693560180664062,-0.750826171875,0.16784834092906362
1758645525.9874918,target,2,0.371441650390625,-0.5708417358398438,1.490953692049885
1758645525.9874918,target,3,0.04822513198852539,0.06445310974121093,0.43552454295044774
1758645525.9874918,target,4,-0.1047697982788086,-0.41849517822265625,-1.4266319601378552
1758645525.9874918,target,5,2.959496337890625,0.49591314697265626,1.5806621402111496
1758645526.007583,herder,1,-0.58691064453125,-1.238757568359375,-0.7574648659348524
1758645526.007583,herder,2,3.123426513671875,0.1745590362548828,1.5280031896609039
1758645526.007583,target,1,-0.6693494262695312,-0.7508348388671875,0.1687233724394796
1758645526.007583,target,2,0.3714403991699219,-0.5708704223632812,1.4893917480705536
1758645526.007583,target,3,0.04824607467651367,0.06448374176025391,0.4353077616377153
1758645526.007583,target,4,-0.10484981536865234,-0.41855303955078127,-1.4254087702491818
1758645526.007583,target,5,2.959339111328125,0.5025572204589843,1.578168223008345
1758645526.0274327,herder,1,-0.5869105224609374,-1.23929443359375,-0.7309263990931856
1758645526.0274327,herder,2,3.123706787109375,0.17894493103027342,1.525687304776971
1758645526.0274327,target,1,-0.669362548828125,-0.7508275756835937,0.16872288974153202
1758645526.0274327,target,2,0.37141656494140624,-0.5709060668945313,1.4865901026037902
1758645526.0274327,target,3,0.048277454376220705,0.06454924011230469,0.4356018744906009
1758645526.0274327,target,4,-0.10482427978515625,-0.4185572814941406,-1.4256565773886136
1758645526.0274327,target,5,2.959286865234375,0.5102113952636719,1.5765299794637826
1758645526.0475976,herder,1,-0.5874820556640625,-1.2399654541015626,-0.7037970433846574
1758645526.0475976,herder,2,3.12341259765625,0.18405767822265626,1.524381024262287
1758645526.0475976,target,1,-0.6693534545898437,-0.7508348388671875,0.16921064769518004
1758645526.0475976,target,2,0.37144927978515624,-0.5708701782226563,1.487490517368346
1758645526.0475976,target,3,0.048258995056152346,0.06450989532470704,0.4357293067487612
1758645526.0475976,target,4,-0.10482396697998046,-0.418537841796875,-1.4265739032260916
1758645526.0475976,target,5,2.95919580078125,0.5180894775390625,1.577921481133349
1758645526.0675864,herder,1,-0.5883599853515625,-1.2406572265625,-0.6774163688375777
1758645526.0675864,herder,2,3.12368408203125,0.1894363098144531,1.5230595637293898
1758645526.0675864,target,1,-0.6693780517578125,-0.7508408203125,0.16967884805957278
1758645526.0675864,target,2,0.37150460815429687,-0.5708525390625,1.4887853462903424
1758645526.0675864,target,3,0.04824265670776367,0.06458793640136719,0.4357942545898455
1758645526.0675864,target,4,-0.1048010711669922,-0.4184777526855469,-1.4243245973694105
1758645526.0675864,target,5,2.95949462890625,0.5267677612304688,1.5775968417964685
1758645526.0877728,herder,1,-0.58826513671875,-1.2415146484375,-0.6518773197739903
1758645526.0877728,herder,2,3.123967041015625,0.19438636779785157,1.5221470315818741
1758645526.0877728,target,1,-0.6693544921875,-0.7508250122070312,0.16906460659890282
1758645526.0877728,target,2,0.37146099853515624,-0.5708847045898438,1.4877054344683154
1758645526.0877728,target,3,0.04826395034790039,0.06453147888183594,0.4359999504945405
1758645526.0877728,target,4,-0.10475608825683594,-0.41848153686523437,-1.4246878525420974
1758645526.0877728,target,5,2.9591484375,0.5342340087890625,1.577378196270973
1758645526.1076276,herder,1,-0.58786767578125,-1.242454833984375,-0.6279397626319221
1758645526.1076276,herder,2,3.124063720703125,0.19890953063964845,1.5220544867339938
1758645526.1076276,target,1,-0.6693988037109375,-0.750837646484375,0.1682851825716207
1758645526.1076276,target,2,0.37148712158203123,-0.5708388061523437,1.4901215873672897
1758645526.1076276,target,3,0.04826954650878906,0.06457746124267578,0.4359937919345197
1758645526.1076276,target,4,-0.10482051849365234,-0.41850689697265625,-1.424652299341545
1758645526.1076276,target,5,2.959189208984375,0.5419253540039063,1.5769568841865225
1758645526.1274335,herder,1,-0.5886945190429688,-1.2423502197265626,-0.6059981781478411
1758645526.1274335,herder,2,3.12485693359375,0.20396842956542968,1.5212752457990366
1758645526.1274335,target,1,-0.6693706665039062,-0.7508604736328125,0.16805265531894314
1758645526.1274335,target,2,0.3714793701171875,-0.5708225708007812,1.4911273301529582
1758645526.1274335,target,3,0.04824926376342773,0.06451445007324219,0.4367505624477793
1758645526.1274335,target,4,-0.10487559509277344,-0.41854669189453125,-1.4260797536858272
1758645526.1274335,target,5,2.959047119140625,0.550059326171875,1.5753266301252304
1758645526.147426,herder,1,-0.59002685546875,-1.242561279296875,-0.5871481907942057
1758645526.147426,herder,2,3.1250107421875,0.20850779724121093,1.5214422259993847
1758645526.147426,target,1,-0.66937158203125,-0.7508604125976562,0.16878838685959116
1758645526.147426,target,2,0.37148004150390623,-0.5708229370117187,1.4906116090078643
1758645526.147426,target,3,0.04821907043457031,0.06441979217529296,0.4343566802334207
1758645526.147426,target,4,-0.10484637451171876,-0.418536865234375,-1.4262864149864174
1758645526.147426,target,5,2.959375244140625,0.5584951171875,1.5746013182023473
1758645526.1674414,herder,1,-0.5901175537109375,-1.242863525390625,-0.5700536926521234
1758645526.1674414,herder,2,3.12513232421875,0.2131964874267578,1.5211102629695064
1758645526.1674414,target,1,-0.6693734741210937,-0.7508447875976563,0.16891322253568863
1758645526.1674414,target,2,0.37152099609375,-0.5707992553710938,1.4915402532799749
1758645526.1674414,target,3,0.04821118545532226,0.06444655609130859,0.43565650258246114
1758645526.1674414,target,4,-0.1048333740234375,-0.418544189453125,-1.4265830911318522
1758645526.1674414,target,5,2.9598095703125,0.5662800903320313,1.5790854156877683
1758645526.1876223,herder,1,-0.58966650390625,-1.24357861328125,-0.5578115738847061
1758645526.1876223,herder,2,3.125095703125,0.2186947021484375,1.5197820113758291
1758645526.1876223,target,1,-0.6693988037109375,-0.7508298950195312,0.16876496768675528
1758645526.1876223,target,2,0.3715701599121094,-0.5708003540039063,1.4909877805118381
1758645526.1876223,target,3,0.04821357727050781,0.06446848297119141,0.4360893661281399
1758645526.1876223,target,4,-0.10484561157226563,-0.4185509338378906,-1.4267171812927377
1758645526.1876223,target,5,2.9595537109375,0.5744288330078124,1.5858471816954793
1758645526.207479,herder,1,-0.5892392578125,-1.243781005859375,-0.5502627439063357
1758645526.207479,herder,2,3.12503173828125,0.2238330078125,1.5181393736154685
1758645526.207479,target,1,-0.6693490600585937,-0.75084130859375,0.17007006642370542
1758645526.207479,target,2,0.37152920532226563,-0.5707733764648437,1.492798197420874
1758645526.207479,target,3,0.04825889587402344,0.06454285430908203,0.4365722638127985
1758645526.207479,target,4,-0.10486810302734376,-0.4185767822265625,-1.4268751067453795
1758645526.207479,target,5,2.96001318359375,0.580975830078125,1.58499337225
1758645526.2275987,herder,1,-0.589638671875,-1.24382080078125,-0.5474073358750664
1758645526.2275987,herder,2,3.12524609375,0.22841712951660156,1.5165987349248575
1758645526.2275987,target,1,-0.6693585205078125,-0.7508680419921875,0.16916467487686254
1758645526.2275987,target,2,0.371493408203125,-0.570783447265625,1.4940972874006144
1758645526.2275987,target,3,0.048263355255126955,0.06458293914794921,0.4365859790924124
1758645526.2275987,target,4,-0.10484042358398438,-0.4185950927734375,-1.4275407638598447
1758645526.2275987,target,5,2.959666259765625,0.5876295776367187,1.588014728506695
1758645526.2474246,herder,1,-0.5895391235351563,-1.2438089599609374,-0.5470222760709545
1758645526.2474246,herder,2,3.125311279296875,0.2331867218017578,1.5154281424677132
1758645526.2474246,target,1,-0.6693468017578125,-0.7508602294921874,0.1687591253771139
1758645526.2474246,target,2,0.3714425048828125,-0.5708510131835938,1.4891275624904177
1758645526.2474246,target,3,0.04826424026489258,0.06460061645507813,0.4375514082770798
1758645526.2474246,target,4,-0.1048457260131836,-0.4185713500976562,-1.4275233201547046
1758645526.2474246,target,5,2.959630859375,0.5932098388671875,1.5946514591012269
1758645526.2675464,herder,1,-0.5894188842773438,-1.2441295166015625,-0.547513562713047
1758645526.2675464,herder,2,3.126055908203125,0.2391029052734375,1.51563973061632
1758645526.2675464,target,1,-0.6693685302734375,-0.7508724365234375,0.1681297038982305
1758645526.2675464,target,2,0.37146295166015625,-0.5708807983398437,1.4882702909355212
1758645526.2675464,target,3,0.048232532501220705,0.06446334075927734,0.4352434795869035
1758645526.2675464,target,4,-0.10481720733642579,-0.4185265197753906,-1.4272322366475592
1758645526.2675464,target,5,2.959969482421875,0.5979014282226562,1.595803542588795
1758645526.2877822,herder,1,-0.58949462890625,-1.243910888671875,-0.5494824709964561
1758645526.2877822,herder,2,3.12642724609375,0.2443953399658203,1.5164212352382038
1758645526.2877822,target,1,-0.6693722534179688,-0.7508485107421875,0.16824172311158195
1758645526.2877822,target,2,0.3714815368652344,-0.5708465576171875,1.4892972058518557
1758645526.2877822,target,3,0.048223159790039063,0.06450588989257812,0.4354952814679705
1758645526.2877822,target,4,-0.10479714965820312,-0.4185094604492188,-1.4268230419460683
1758645526.2877822,target,5,2.9594501953125,0.6029827880859375,1.5955532054463277
1758645526.3078208,herder,1,-0.5896046142578125,-1.24371435546875,-0.5533656594714143
1758645526.3078208,herder,2,3.126270751953125,0.24852983093261719,1.5162774245393396
1758645526.3078208,target,1,-0.6693510131835938,-0.7508496704101563,0.16988224698782758
1758645526.3078208,target,2,0.37150747680664065,-0.57084521484375,1.490635044825457
1758645526.3078208,target,3,0.048214450836181644,0.06450968933105469,0.43541738400608565
1758645526.3078208,target,4,-0.10480281066894531,-0.4185118408203125,-1.4268123893017082
1758645526.3078208,target,5,2.9597734375,0.6079862670898437,1.6000166634333004
1758645526.3275778,herder,1,-0.5892409057617187,-1.243469482421875,-0.5629559022938714
1758645526.3275778,herder,2,3.126121826171875,0.2536276702880859,1.5152096301002722
1758645526.3275778,target,1,-0.6693507080078125,-0.7508449096679688,0.1692207510625655
1758645526.3275778,target,2,0.37153662109375,-0.5708121337890625,1.491724410869354
1758645526.3275778,target,3,0.048228618621826175,0.06454581451416015,0.4355065999026033
1758645526.3275778,target,4,-0.10484309387207032,-0.4185431213378906,-1.428155954071653
1758645526.3275778,target,5,2.959810302734375,0.6115670166015625,1.5989017310429388
1758645526.3477762,herder,1,-0.588721435546875,-1.2432115478515624,-0.5769033429758071
1758645526.3477762,herder,2,3.126194580078125,0.25970706176757813,1.5136542108656115
1758645526.3477762,target,1,-0.6693951416015625,-0.7508381958007813,0.16840697225722137
1758645526.3477762,target,2,0.3715454406738281,-0.5707913208007812,1.4904319787923386
1758645526.3477762,target,3,0.04825295639038086,0.0645597915649414,0.435057590942816
1758645526.3477762,target,4,-0.10484412384033204,-0.4185514526367187,-1.4267673818792856
1758645526.3477762,target,5,2.95952099609375,0.6145542602539062,1.595914729564306
1758645526.3674247,herder,1,-0.5889113159179687,-1.2427320556640624,-0.5942045024184797
1758645526.3674247,herder,2,3.1265205078125,0.26523007202148435,1.5122695002568247
1758645526.3674247,target,1,-0.6693832397460937,-0.7508409423828125,0.16903917341049257
1758645526.3674247,target,2,0.3715895385742187,-0.5707747192382813,1.4901796442790534
1758645526.3674247,target,3,0.048234867095947265,0.0644327621459961,0.43436543537550437
1758645526.3674247,target,4,-0.1048350830078125,-0.418568603515625,-1.4264552593995286
1758645526.3674247,target,5,2.958957763671875,0.6175265502929688,1.5983279529860812
1758645526.3878841,herder,1,-0.58887158203125,-1.242021484375,-0.6148569837769079
1758645526.3878841,herder,2,3.126694580078125,0.26843569946289064,1.5111182157175835
1758645526.3878841,target,1,-0.6693722534179688,-0.7508490600585938,0.16979491194882979
1758645526.3878841,target,2,0.3715388488769531,-0.5707861938476563,1.4928583848615096
1758645526.3878841,target,3,0.04823673629760742,0.06448123168945312,0.4348374140996937
1758645526.3878841,target,4,-0.10487976837158203,-0.41859954833984375,-1.4261962669835182
1758645526.3878841,target,5,2.95903564453125,0.6196265869140625,1.5988496662436278
1758645526.4076908,herder,1,-0.5882901611328125,-1.2418671875,-0.6372847948970102
1758645526.4076908,herder,2,3.12679150390625,0.27306796264648436,1.5112191495228975
1758645526.4076908,target,1,-0.66935400390625,-0.7508549194335937,0.16828105467193105
1758645526.4076908,target,2,0.37153045654296873,-0.5707913818359375,1.4923910000902008
1758645526.4076908,target,3,0.04823763656616211,0.06449348449707032,0.4356944526279948
1758645526.4076908,target,4,-0.10477740478515625,-0.41854812622070314,-1.4248027679431343
1758645526.4076908,target,5,2.959251708984375,0.621546630859375,1.6025143090616314
1758645526.4276285,herder,1,-0.587688720703125,-1.2414591064453124,-0.6606960448286515
1758645526.4276285,herder,2,3.1272529296875,0.2787013549804688,1.5106542930556917
1758645526.4276285,target,1,-0.6693523559570312,-0.7508629150390626,0.16904326802066855
1758645526.4276285,target,2,0.3715145874023438,-0.5708150634765625,1.493537224623371
1758645526.4276285,target,3,0.04823366546630859,0.06454167175292969,0.4355856292079514
1758645526.4276285,target,4,-0.10484262084960938,-0.4185239562988281,-1.4257593754066908
1758645526.4276285,target,5,2.95947314453125,0.6228749389648438,1.6068103873740927
1758645526.4475477,herder,1,-0.587074462890625,-1.240861572265625,-0.6854340816153702
1758645526.4475477,herder,2,3.12753759765625,0.28488156127929687,1.5097874341208708
1758645526.4475477,target,1,-0.66937109375,-0.7508364868164062,0.16982746909315602
1758645526.4475477,target,2,0.37151705932617185,-0.5707906494140625,1.4937340322279278
1758645526.4475477,target,3,0.04827887725830078,0.06459101104736328,0.4369037274999725
1758645526.4475477,target,4,-0.10479650115966797,-0.4185329895019531,-1.4260375425825496
1758645526.4475477,target,5,2.95947900390625,0.623660888671875,1.6033673195587836
1758645526.4674392,herder,1,-0.5862199096679688,-1.2406243896484375,-0.7087469277447331
1758645526.4674392,herder,2,3.127695068359375,0.28957867431640627,1.5090119216114397
1758645526.4674392,target,1,-0.6693739013671876,-0.7508358764648437,0.1688667004403963
1758645526.4674392,target,2,0.37155389404296874,-0.5707760620117187,1.4925890061172482
1758645526.4674392,target,3,0.04826389312744141,0.06456007385253906,0.4345895070917209
1758645526.4674392,target,4,-0.10483219909667969,-0.4185767517089844,-1.4260708320961755
1758645526.4674392,target,5,2.9594150390625,0.6239953002929688,1.6056433901844198
1758645526.4876127,herder,1,-0.5863350830078125,-1.239950927734375,-0.7285958668232573
1758645526.4876127,herder,2,3.1279130859375,0.2933505554199219,1.5076976516134857
1758645526.4876127,target,1,-0.669381103515625,-0.7508595581054688,0.16943431993723307
1758645526.4876127,target,2,0.3714759826660156,-0.5708213500976562,1.492042525461564
1758645526.4876127,target,3,0.048261211395263674,0.06459420776367188,0.4352937800419924
1758645526.4876127,target,4,-0.1048206558227539,-0.4185523681640625,-1.4261661732632003
1758645526.4876127,target,5,2.959501220703125,0.6238969116210937,1.6055982496039432
1758645526.5076225,herder,1,-0.5864971923828125,-1.239249755859375,-0.7454383633471908
1758645526.5076225,herder,2,3.12796533203125,0.2981465454101562,1.5068301268883924
1758645526.5076225,target,1,-0.6693663330078125,-0.7508507690429688,0.1691482132123745
1758645526.5076225,target,2,0.37149365234375,-0.5708040161132812,1.4931847552530988
1758645526.5076225,target,3,0.04825312042236328,0.06463059997558594,0.43550553463816727
1758645526.5076225,target,4,-0.10482454681396484,-0.41849945068359373,-1.4262334180807248
1758645526.5076225,target,5,2.959465087890625,0.6236463012695312,1.6040564124908416
1758645526.5275588,herder,1,-0.5859625854492188,-1.2392716064453124,-0.7625785347019681
1758645526.5275588,herder,2,3.128060302734375,0.3041509094238281,1.5050643179276153
1758645526.5275588,target,1,-0.6693668823242187,-0.750847900390625,0.16879719193594522
1758645526.5275588,target,2,0.37148513793945315,-0.5708084716796875,1.4913000361496498
1758645526.5275588,target,3,0.04826908493041992,0.06462870788574218,0.436151218044457
1758645526.5275588,target,4,-0.10482502746582031,-0.41850390625,-1.4255208893310742
1758645526.5275588,target,5,2.95959814453125,0.62418017578125,1.6061917350528672
1758645526.5474198,herder,1,-0.5847328491210938,-1.2394342041015625,-0.7815876459307357
1758645526.5474198,herder,2,3.128057861328125,0.3104324951171875,1.5028561579097761
1758645526.5474198,target,1,-0.669362548828125,-0.750830322265625,0.1692789910666542
1758645526.5474198,target,2,0.37150927734375,-0.5707882690429688,1.492601922448535
1758645526.5474198,target,3,0.04829367065429688,0.06464390563964843,0.4360968229791921
1758645526.5474198,target,4,-0.10478274536132813,-0.4184680786132812,-1.4262442038831398
1758645526.5474198,target,5,2.959423583984375,0.6258001098632813,1.608353556067739
1758645526.5674407,herder,1,-0.5846170654296875,-1.2386307373046874,-0.8027030512656469
1758645526.5674407,herder,2,3.128251708984375,0.3145644836425781,1.5016311038083396
1758645526.5674407,target,1,-0.6693561401367187,-0.7508280639648437,0.16898705867691108
1758645526.5674407,target,2,0.3715308532714844,-0.5707850341796875,1.4914756716235404
1758645526.5674407,target,3,0.04827688980102539,0.06453702545166015,0.4362257532654656
1758645526.5674407,target,4,-0.1047457504272461,-0.4184318237304688,-1.4244983686305381
1758645526.5674407,target,5,2.9596474609375,0.6283516235351563,1.6082554185815696
1758645526.5877094,herder,1,-0.5843881225585937,-1.2375093994140625,-0.8261740891637606
1758645526.5877094,herder,2,3.12875390625,0.3188776550292969,1.4999756828747464
1758645526.5877094,target,1,-0.6693566284179687,-0.7508285522460938,0.1695149304944784
1758645526.5877094,target,2,0.37161367797851563,-0.5707864990234375,1.4921150966012686
1758645526.5877094,target,3,0.04821453857421875,0.06445671844482422,0.4341726890916099
1758645526.5877094,target,4,-0.10477032470703125,-0.4184640197753906,-1.4242999631293274
1758645526.5877094,target,5,2.959265869140625,0.631646484375,1.607439559181624
1758645526.607489,herder,1,-0.584045654296875,-1.2376085205078124,-0.8493094356064697
1758645526.607489,herder,2,3.128974365234375,0.32440814208984375,1.4996180203403489
1758645526.607489,target,1,-0.6693464965820313,-0.7508536987304687,0.169378160527746
1758645526.607489,target,2,0.3714991455078125,-0.5708607177734375,1.4877026381491707
1758645526.607489,target,3,0.048230117797851565,0.0644363021850586,0.43503888223615816
1758645526.607489,target,4,-0.10478580474853516,-0.418475341796875,-1.4252195526537317
1758645526.607489,target,5,2.959083740234375,0.6354182739257812,1.6052732107928989
1758645526.6275082,herder,1,-0.5835604858398438,-1.2372823486328124,-0.8700896821181944
1758645526.6275082,herder,2,3.129572021484375,0.3295113525390625,1.498748498244438
1758645526.6275082,target,1,-0.669377197265625,-0.7508357543945312,0.16806570480828453
1758645526.6275082,target,2,0.3715210876464844,-0.5708596801757813,1.4863891670995437
1758645526.6275082,target,3,0.04824602508544922,0.06447691345214844,0.4345054510698153
1758645526.6275082,target,4,-0.10473711395263671,-0.41847589111328126,-1.4254046423494922
1758645526.6275082,target,5,2.95907275390625,0.6392704467773438,1.607892429724992
1758645526.6474078,herder,1,-0.5834216918945313,-1.236738037109375,-0.8853820191506202
1758645526.6474078,herder,2,3.129876953125,0.3340931396484375,1.4975848300061279
1758645526.6474078,target,1,-0.6693438110351563,-0.7508341064453125,0.1690133407479188
1758645526.6474078,target,2,0.3714813537597656,-0.5708375244140625,1.490531980491271
1758645526.6474078,target,3,0.048241744995117186,0.06450179290771485,0.43415917354907774
1758645526.6474078,target,4,-0.10475352478027344,-0.41845123291015623,-1.4244791938706896
1758645526.6474078,target,5,2.958621337890625,0.6437500610351562,1.6090401189967616
1758645526.6674433,herder,1,-0.5834797973632813,-1.23630224609375,-0.893711055459843
1758645526.6674433,herder,2,3.12962890625,0.3383089294433594,1.4961605714551534
1758645526.6674433,target,1,-0.6693751831054687,-0.7508587646484375,0.16852435108226663
1758645526.6674433,target,2,0.37144161987304686,-0.5708329467773438,1.4904962941326638
1758645526.6674433,target,3,0.04823136520385742,0.06449044036865234,0.4338871316437261
1758645526.6674433,target,4,-0.10477403259277343,-0.4184705810546875,-1.4236500186652934
1758645526.6674433,target,5,2.95835400390625,0.6483591918945313,1.6074820366010105
1758645526.6876101,herder,1,-0.583463134765625,-1.236080078125,-0.8973691735331758
1758645526.6876101,herder,2,3.12994140625,0.34343374633789064,1.495571480222028
1758645526.6876101,target,1,-0.6693385620117187,-0.7508132934570313,0.16890981036054195
1758645526.6876101,target,2,0.37146795654296877,-0.5708314819335938,1.4913707430765915
1758645526.6876101,target,3,0.04825895690917969,0.06459152221679687,0.4354129565007734
1758645526.6876101,target,4,-0.10479861450195313,-0.41851318359375,-1.425869097643602
1758645526.6876101,target,5,2.95810107421875,0.6537755126953125,1.6032357594009339
1758645526.7075646,herder,1,-0.5835541381835937,-1.236155029296875,-0.8984006824023908
1758645526.7075646,herder,2,3.1301337890625,0.3487541198730469,1.495458162717645
1758645526.7075646,target,1,-0.669355224609375,-0.7508532104492187,0.16881025807004343
1758645526.7075646,target,2,0.3714501953125,-0.5708638916015625,1.488116493382569
1758645526.7075646,target,3,0.04825049591064453,0.06451914978027344,0.43715456398514435
1758645526.7075646,target,4,-0.10475004577636719,-0.41848117065429685,-1.4260235609868266
1758645526.7075646,target,5,2.957842041015625,0.6591652221679688,1.602549595946075
1758645526.7274966,herder,1,-0.5836621704101562,-1.23608349609375,-0.897717182108622
1758645526.7274966,herder,2,3.1304404296875,0.353341552734375,1.4950373832654125
1758645526.7274966,target,1,-0.6693685913085937,-0.7508519897460938,0.1680459308371907
1758645526.7274966,target,2,0.37149566650390625,-0.5707996215820312,1.4914542331767653
1758645526.7274966,target,3,0.04822339630126953,0.06455073547363281,0.4369981365606158
1758645526.7274966,target,4,-0.10474300384521484,-0.41849444580078127,-1.4252420563649428
1758645526.7274966,target,5,2.957732666015625,0.6652644653320312,1.6012185480332533
1758645526.74746,herder,1,-0.5838121948242188,-1.2360198974609375,-0.8961258767782724
1758645526.74746,herder,2,3.13080322265625,0.35731771850585936,1.4946124759134904
1758645526.74746,target,1,-0.6693355712890625,-0.7508204956054687,0.16919104017165432
1758645526.74746,target,2,0.37149017333984374,-0.5707979125976562,1.493507130903053
1758645526.74746,target,3,0.048247756958007815,0.06451891326904297,0.4370510003082539
1758645526.74746,target,4,-0.1048236083984375,-0.41852621459960937,-1.4265830911318522
1758645526.74746,target,5,2.95769921875,0.6713707885742187,1.6031365566503284
1758645526.767464,herder,1,-0.583876220703125,-1.2360040283203124,-0.890965269796944
1758645526.767464,herder,2,3.13093603515625,0.3621554870605469,1.4941461564066174
1758645526.767464,target,1,-0.6693447265625,-0.750833740234375,0.1684923099254016
1758645526.767464,target,2,0.3715125427246094,-0.5708034057617187,1.4926418698648862
1758645526.767464,target,3,0.04822944641113281,0.06456879425048828,0.4360979548226554
1758645526.767464,target,4,-0.10482763671875,-0.41855328369140626,-1.425533006714034
1758645526.767464,target,5,2.957622802734375,0.6775410766601563,1.603563195056959
1758645526.787676,herder,1,-0.58437646484375,-1.235947998046875,-0.8814780247296458
1758645526.787676,herder,2,3.131552978515625,0.3671479797363281,1.4939899620086843
1758645526.787676,target,1,-0.6693556518554687,-0.7508494262695312,0.16884040172463177
1758645526.787676,target,2,0.37148895263671877,-0.5708509521484375,1.4899383618842923
1758645526.787676,target,3,0.04824725341796875,0.06450346374511719,0.4349919440219455
1758645526.787676,target,4,-0.1047919921875,-0.41852252197265627,-1.4253259459392804
1758645526.787676,target,5,2.957642333984375,0.6845794677734375,1.6065893450036162
1758645526.8075671,herder,1,-0.584670166015625,-1.2361453857421876,-0.867359076473509
1758645526.8075671,herder,2,3.131578125,0.37135369873046875,1.4942191270204856
1758645526.8075671,target,1,-0.6693836669921875,-0.7508427734375,0.16819100653757277
1758645526.8075671,target,2,0.37149508666992187,-0.5708251342773437,1.4898990802582137
1758645526.8075671,target,3,0.04824912261962891,0.06445339965820313,0.43509797112284426
1758645526.8075671,target,4,-0.10485710906982422,-0.4185404968261719,-1.4251194177967448
1758645526.8075671,target,5,2.957186767578125,0.6912064819335938,1.6058914636399608
1758645526.827464,herder,1,-0.5847456665039062,-1.23657373046875,-0.8499350121465292
1758645526.827464,herder,2,3.132210693359375,0.3761338806152344,1.4939388293157547
1758645526.827464,target,1,-0.6693578491210938,-0.7508400268554688,0.16796698475562666
1758645526.827464,target,2,0.3714757385253906,-0.5708630981445313,1.4886876082783367
1758645526.827464,target,3,0.04824301528930664,0.06439976501464843,0.43444213441489865
1758645526.827464,target,4,-0.10483081817626953,-0.41854296875,-1.4250708151068507
1758645526.827464,target,5,2.956800537109375,0.6987359008789062,1.6022858098401025
1758645526.847567,herder,1,-0.5852996826171875,-1.236859619140625,-0.8296706865169801
1758645526.847567,herder,2,3.132482666015625,0.38041094970703127,1.4936381584286849
1758645526.847567,target,1,-0.6693477172851563,-0.75083740234375,0.1686113032918577
1758645526.847567,target,2,0.3714714050292969,-0.5708558959960938,1.4887621767888588
1758645526.847567,target,3,0.04822431182861328,0.0644662322998047,0.43525622947062226
1758645526.847567,target,4,-0.10478450775146485,-0.418496337890625,-1.4257698948929967
1758645526.847567,target,5,2.956352783203125,0.7059771118164062,1.59899134641362
1758645526.8676054,herder,1,-0.5857582397460938,-1.2376988525390624,-0.80587321164825
1758645526.8676054,herder,2,3.13269287109375,0.3853723449707031,1.4932052615934925
1758645526.8676054,target,1,-0.6693660278320313,-0.750850830078125,0.16732606174978545
1758645526.8676054,target,2,0.37143316650390623,-0.5708526000976563,1.490219192221241
1758645526.8676054,target,3,0.04823143005371094,0.0644719009399414,0.43505925541849727
1758645526.8676054,target,4,-0.10487494659423828,-0.41855181884765624,-1.4257623048838899
1758645526.8676054,target,5,2.956281494140625,0.7133328857421875,1.5975440515192165
1758645526.8876863,herder,1,-0.5861080932617188,-1.238683837890625,-0.7808458889881214
1758645526.8876863,herder,2,3.13336181640625,0.3907004699707031,1.4930028613506465
1758645526.8876863,target,1,-0.6693644409179688,-0.750864990234375,0.16921537480611493
1758645526.8876863,target,2,0.37141641235351563,-0.5708638305664062,1.4898882944557987
1758645526.8876863,target,3,0.04824542236328125,0.0645007095336914,0.43469100681876655
1758645526.8876863,target,4,-0.10482813262939453,-0.4185619812011719,-1.4259134392757518
1758645526.8876863,target,5,2.955395751953125,0.7207711791992187,1.5938738160629238
1758645526.907511,herder,1,-0.5864352416992188,-1.23896826171875,-0.7547344600272486
1758645526.907511,herder,2,3.1333740234375,0.3948935546875,1.4930390803414715
1758645526.907511,target,1,-0.6693593139648437,-0.7508383178710938,0.1686008004503087
1758645526.907511,target,2,0.37150634765625,-0.5708397827148437,1.4905399699745412
1758645526.907511,target,3,0.048276798248291015,0.06453022766113281,0.43550673306065785
1758645526.907511,target,4,-0.10480744934082031,-0.4185148620605469,-1.42575285066202
1758645526.907511,target,5,2.955149658203125,0.7278720703125,1.5928885796176488
1758645526.9274545,herder,1,-0.587186279296875,-1.239009521484375,-0.729915329985337
1758645526.9274545,herder,2,3.13400244140625,0.39952313232421877,1.492617235624803
1758645526.9274545,target,1,-0.66935107421875,-0.7508235473632813,0.16866653059496323
1758645526.9274545,target,2,0.37147763061523437,-0.5708473510742188,1.4895957462100535
1758645526.9274545,target,3,0.04827514266967774,0.0644961166381836,0.43513319142826057
1758645526.9274545,target,4,-0.10480466461181641,-0.41852777099609373,-1.425224612659803
1758645526.9274545,target,5,2.954697998046875,0.7355382690429687,1.5954101936957905
1758645526.9474587,herder,1,-0.58796923828125,-1.2394373779296874,-0.7046464586143382
1758645526.9474587,herder,2,3.1340810546875,0.4043056640625,1.4926888746581262
1758645526.9474587,target,1,-0.6693474731445312,-0.7508550415039063,0.16828246947626016
1758645526.9474587,target,2,0.3715777587890625,-0.5708043823242187,1.4902956249445265
1758645526.9474587,target,3,0.04822319793701172,0.06455905151367188,0.43620531350409925
1758645526.9474587,target,4,-0.10481653594970704,-0.41853173828125,-1.4254709550606353
1758645526.9474587,target,5,2.954325927734375,0.7424986572265625,1.593702707962886
1758645526.9674404,herder,1,-0.5885209350585937,-1.2402579345703124,-0.6797521608506589
1758645526.9674404,herder,2,3.134347412109375,0.40939404296875,1.4920136301637366
1758645526.9674404,target,1,-0.6693551635742188,-0.7508460693359374,0.17006397444271187
1758645526.9674404,target,2,0.37153140258789064,-0.5708099365234375,1.4927264252294963
1758645526.9674404,target,3,0.0482330207824707,0.06459369659423828,0.437137419885627
1758645526.9674404,target,4,-0.1047858123779297,-0.4185092163085937,-1.4268352924870829
1758645526.9674404,target,5,2.9547470703125,0.7506503295898438,1.5949578557846404
1758645526.9878223,herder,1,-0.5884881591796876,-1.240954345703125,-0.6562879805923523
1758645526.9878223,herder,2,3.134789306640625,0.414533203125,1.4907912392233902
1758645526.9878223,target,1,-0.66932861328125,-0.750844970703125,0.17004053862511917
1758645526.9878223,target,2,0.3715296020507812,-0.5708046875,1.493523243027648
1758645526.9878223,target,3,0.048259757995605466,0.06459732818603516,0.4374717797604864
1758645526.9878223,target,4,-0.10481462097167969,-0.4184905090332031,-1.4269905547786343
1758645526.9878223,target,5,2.95416796875,0.758312744140625,1.594241998083627
1758645527.007525,herder,1,-0.5888196411132812,-1.2412662353515624,-0.6349946760966237
1758645527.007525,herder,2,3.135030029296875,0.41909017944335936,1.4909863157732384
1758645527.007525,target,1,-0.6693755493164063,-0.7508068237304687,0.16843898012457276
1758645527.007525,target,2,0.37153335571289064,-0.5707621459960938,1.4930607851043558
1758645527.007525,target,3,0.04823789596557617,0.06453767395019532,0.43457958681666037
1758645527.007525,target,4,-0.10477060699462891,-0.41846533203125,-1.4269741763379304
1758645527.007525,target,5,2.95505322265625,0.765523681640625,1.596136704041164
1758645527.0274727,herder,1,-0.5892704467773437,-1.2414346923828126,-0.6172195405589445
1758645527.0274727,herder,2,3.1359677734375,0.4240366821289063,1.4910178742321558
1758645527.0274727,target,1,-0.669349365234375,-0.7508745727539062,0.16801117658496517
1758645527.0274727,target,2,0.37154995727539064,-0.5707283325195313,1.4937424211853614
1758645527.0274727,target,3,0.04820794677734375,0.06439675903320312,0.43375297490381337
1758645527.0274727,target,4,-0.10479143524169922,-0.4184859619140625,-1.42612063320856
1758645527.0274727,target,5,2.95461865234375,0.7714539184570313,1.6030007354347342
1758645527.047419,herder,1,-0.5893590698242187,-1.241809326171875,-0.604508738729187
1758645527.047419,herder,2,3.13588623046875,0.4291306762695313,1.4920015127807766
1758645527.047419,target,1,-0.6693230590820313,-0.75085546875,0.16806192644848797
1758645527.047419,target,2,0.37150372314453123,-0.5707935180664062,1.4931771652439922
1758645527.047419,target,3,0.04827147674560547,0.06446417999267579,0.4350705405636165
1758645527.047419,target,4,-0.10481493377685547,-0.41849990844726564,-1.4254625661032014
1758645527.047419,target,5,2.95465087890625,0.7771302490234375,1.6088524992979654
1758645527.0674367,herder,1,-0.5892776489257813,-1.24212060546875,-0.5970288513335359
1758645527.0674367,herder,2,3.136646240234375,0.4333850402832031,1.491319610383662
1758645527.0674367,target,1,-0.6693405151367188,-0.7508379516601562,0.16873394186005586
1758645527.0674367,target,2,0.37151666259765626,-0.5707996215820312,1.4930341534934548
1758645527.0674367,target,3,0.048230262756347654,0.06445487976074218,0.4348778275692356
1758645527.0674367,target,4,-0.10485293579101562,-0.41851641845703125,-1.4260182346646464
1758645527.0674367,target,5,2.954853271484375,0.7817659301757812,1.6074704518502687
1758645527.0876262,herder,1,-0.589164306640625,-1.2423394775390626,-0.5928428947321494
1758645527.0876262,herder,2,3.1366904296875,0.43788430786132815,1.49167847134055
1758645527.0876262,target,1,-0.6693563842773438,-0.7508583984375,0.16951379865101512
1758645527.0876262,target,2,0.371523681640625,-0.5707791137695313,1.492853191697384
1758645527.0876262,target,3,0.04822674560546875,0.06444457244873047,0.43517110818428056
1758645527.0876262,target,4,-0.10478402709960938,-0.418502685546875,-1.4244273953874875
1758645527.0876262,target,5,2.95477099609375,0.7861550903320312,1.6087872518512585
1758645527.1075637,herder,1,-0.5889935913085937,-1.2425416259765625,-0.5912166354124925
1758645527.1075637,herder,2,3.137149169921875,0.44306106567382814,1.4913672809671743
1758645527.1075637,target,1,-0.6693269653320313,-0.7508482666015625,0.1689322641374827
1758645527.1075637,target,2,0.3715125427246094,-0.570770263671875,1.492549591333115
1758645527.1075637,target,3,0.04820703125,0.06451528930664062,0.43479194062408055
1758645527.1075637,target,4,-0.10472832489013671,-0.4184917602539063,-1.4240677354822724
1758645527.1075637,target,5,2.9549111328125,0.7900341796875,1.6103686369065475
1758645527.1274757,herder,1,-0.5889183959960937,-1.2425240478515625,-0.5921731762970217
1758645527.1274757,herder,2,3.13758447265625,0.44855255126953125,1.4910429079464027
1758645527.1274757,target,1,-0.6693482055664063,-0.7508223876953125,0.16947256958838933
1758645527.1274757,target,2,0.37158139038085936,-0.5707933959960938,1.4929264286273611
1758645527.1274757,target,3,0.04825850677490234,0.06458718872070313,0.4364154369141065
1758645527.1274757,target,4,-0.10480343627929688,-0.4184613342285156,-1.4241987630079043
1758645527.1274757,target,5,2.95416650390625,0.7936873779296875,1.6137673630897067
1758645527.14746,herder,1,-0.5887923583984375,-1.2424571533203126,-0.5956235678053283
1758645527.14746,herder,2,3.1379404296875,0.4531184387207031,1.4912140160464402
1758645527.14746,target,1,-0.6693429565429687,-0.7508370361328125,0.16881873025126126
1758645527.14746,target,2,0.3715691223144531,-0.5707745971679687,1.49275225789207
1758645527.14746,target,3,0.04825916290283203,0.06460072326660156,0.4364821823889266
1758645527.14746,target,4,-0.10481425476074219,-0.4184761657714844,-1.4248963780554507
1758645527.14746,target,5,2.9540966796875,0.7965867919921875,1.615847425059113
1758645527.1674333,herder,1,-0.5888344116210937,-1.242248779296875,-0.6020718797527372
1758645527.1674333,herder,2,3.138573486328125,0.45725613403320314,1.4898266422765634
1758645527.1674333,target,1,-0.669340576171875,-0.7508348999023438,0.16874372897706189
1758645527.1674333,target,2,0.3715172119140625,-0.5707789916992188,1.4943074108106218
1758645527.1674333,target,3,0.04827124786376953,0.06465555572509765,0.4367070530534702
1758645527.1674333,target,4,-0.10478614807128907,-0.4184788513183594,-1.4258737581755097
1758645527.1674333,target,5,2.953689208984375,0.799412841796875,1.614345002730145
1758645527.1877112,herder,1,-0.5886754760742188,-1.2418865966796875,-0.6142535780529231
1758645527.1877112,herder,2,3.138519775390625,0.46222171020507813,1.489959134540795
1758645527.1877112,target,1,-0.6693598022460937,-0.7508404541015625,0.16917514442889792
1758645527.1877112,target,2,0.3715426025390625,-0.5707835083007813,1.4936552026596615
1758645527.1877112,target,3,0.048289726257324216,0.06464971923828125,0.4361146994480093
1758645527.1877112,target,4,-0.10482928466796874,-0.4184751586914062,-1.425129271492778
1758645527.1877112,target,5,2.953692138671875,0.8015050659179688,1.6120086115058183
1758645527.2074952,herder,1,-0.5881954956054688,-1.2417052001953126,-0.6294046343895202
1758645527.2074952,herder,2,3.139310302734375,0.4673912963867187,1.4900069382823617
1758645527.2074952,target,1,-0.6693329467773438,-0.7508474731445313,0.16905784882763675
1758645527.2074952,target,2,0.37145159912109377,-0.570853759765625,1.4888338158221819
1758645527.2074952,target,3,0.04825865173339844,0.06467284393310548,0.4359851699504906
1758645527.2074952,target,4,-0.10477776336669922,-0.41848077392578126,-1.4251167546356547
1758645527.2074952,target,5,2.95352734375,0.803183837890625,1.6115428246311634
1758645527.2274384,herder,1,-0.5874429931640625,-1.2418106689453126,-0.6483742642551273
1758645527.2274384,herder,2,3.139448486328125,0.4721817626953125,1.4916836645046758
1758645527.2274384,target,1,-0.6693600463867188,-0.7508388671875,0.16840284435753175
1758645527.2274384,target,2,0.3714837646484375,-0.5708535766601562,1.488817703697587
1758645527.2274384,target,3,0.04828311157226563,0.06462031555175782,0.4362194615473903
1758645527.2274384,target,4,-0.104766357421875,-0.4184881591796875,-1.4257167648292495
1758645527.2274384,target,5,2.953388671875,0.8043427734375,1.613681875618715
