time,type,id,x,y,yaw
1758790034.2418573,herder,1,3.141987548828125,2.400365234375,-3.0540761201637183
1758790034.2418573,herder,2,1.2362197265625,2.29293701171875,-0.21767029254907524
1758790034.2418573,target,1,2.037734619140625,2.522512939453125,-0.567716036426279
1758790034.2418573,target,2,2.200829833984375,1.9195574951171874,1.0649702233102687
1758790034.2418573,target,3,1.6023182373046876,1.039158203125,1.785094374968902
1758790034.2418573,target,4,1.53697412109375,2.338551513671875,-1.7581092294334018
1758790034.2418573,target,5,1.889842041015625,1.530624267578125,-2.603290032980949
1758790034.2618535,herder,1,3.1419765625,2.4003837890625,-3.0541909024067007
1758790034.2618535,herder,2,1.2362281494140626,2.292933837890625,-0.21776415233274374
1758790034.2618535,target,1,2.036295654296875,2.52043408203125,-0.5231920443208166
1758790034.2618535,target,2,2.20087451171875,1.9195184326171875,1.06522628624908
1758790034.2618535,target,3,1.6024091796875,1.039129150390625,1.7848489646744514
1758790034.2618535,target,4,1.5369849853515625,2.338529541015625,-1.7580214782754837
1758790034.2618535,target,5,1.8898564453125,1.5305794677734375,-2.603734514566883
1758790034.2819295,herder,1,3.14201025390625,2.40038623046875,-3.0542473614218104
1758790034.2819295,herder,2,1.23621875,2.292936767578125,-0.2177624212780352
1758790034.2819295,target,1,2.035007080078125,2.51800537109375,-0.4746208463067606
1758790034.2819295,target,2,2.200864990234375,1.9195335693359374,1.0653804166971683
1758790034.2819295,target,3,1.602419921875,1.039120361328125,1.7849654779721424
1758790034.2819295,target,4,1.53700146484375,2.3385322265625,-1.7579544997740681
1758790034.2819295,target,5,1.8898575439453125,1.5305535888671875,-2.604235455167927
1758790034.3018758,herder,1,3.14203515625,2.40038671875,-3.0541179317928324
1758790034.3018758,herder,2,1.236226806640625,2.292962646484375,-0.21779105025975354
1758790034.3018758,target,1,2.0333819580078125,2.515524658203125,-0.4234663820353278
1758790034.3018758,target,2,2.200831787109375,1.91954736328125,1.065060104997059
1758790034.3018758,target,3,1.6023385009765625,1.0391585693359375,1.785322341558213
1758790034.3018758,target,4,1.536991455078125,2.338528076171875,-1.7580515719958016
1758790034.3018758,target,5,1.8898572998046874,1.5305950927734375,-2.6031992191877773
1758790034.3219368,herder,1,3.142049560546875,2.40036767578125,-3.054337109950546
1758790034.3219368,herder,2,1.2362174072265626,2.292955078125,-0.21778341031637638
1758790034.3219368,target,1,2.032061767578125,2.5128447265625,-0.3709364616398964
1758790034.3219368,target,2,2.200847412109375,1.91952734375,1.0652663668234856
1758790034.3219368,target,3,1.6024046630859374,1.0391185302734376,1.7855011728254118
1758790034.3219368,target,4,1.536978759765625,2.33852783203125,-1.7577334574035917
1758790034.3219368,target,5,1.8898353271484376,1.5306246337890625,-2.6030399621545905
1758790034.3418622,herder,1,3.1420322265625,2.400366943359375,-3.0542620088078056
1758790034.3418622,herder,2,1.236223388671875,2.292947509765625,-0.21754314325178079
1758790034.3418622,target,1,2.0306368408203124,2.5100361328125,-0.3149290187825531
1758790034.3418622,target,2,2.200870361328125,1.9195362548828125,1.0651288811322102
1758790034.3418622,target,3,1.6023836669921876,1.0391612548828124,1.7845749253982823
1758790034.3418622,target,4,1.536983642578125,2.338510009765625,-1.7572207988937514
1758790034.3418622,target,5,1.889940673828125,1.5305013427734375,-2.604633597750894
1758790034.3618712,herder,1,3.142007080078125,2.400374267578125,-3.0542164687531654
1758790034.3618712,herder,2,1.23622119140625,2.292944091796875,-0.21763175993705317
1758790034.3618712,target,1,2.0299215087890623,2.506678466796875,-0.2549243708660826
1758790034.3618712,target,2,2.200877685546875,1.9195069580078126,1.065259908657842
1758790034.3618712,target,3,1.602428955078125,1.0390675048828124,1.7847184697810374
1758790034.3618712,target,4,1.536967529296875,2.338497314453125,-1.757343037987786
1758790034.3618712,target,5,1.8898624267578126,1.5305396728515626,-2.6040112170041425
1758790034.3818564,herder,1,3.1419912109375,2.400382080078125,-3.0540825117503343
1758790034.3818564,herder,2,1.236218994140625,2.29294189453125,-0.21777016108995323
1758790034.3818564,target,1,2.027900390625,2.503514404296875,-0.19101674385880335
1758790034.3818564,target,2,2.2008525390625,1.9195191650390624,1.0652553812839891
1758790034.3818564,target,3,1.6024029541015625,1.0391497802734375,1.7844858426598191
1758790034.3818564,target,4,1.5369654541015625,2.338503173828125,-1.757726400026703
1758790034.3818564,target,5,1.88990234375,1.53048583984375,-2.6052637016648066
1758790034.4018624,herder,1,3.141996337890625,2.400379638671875,-3.054288906734816
1758790034.4018624,herder,2,1.23620849609375,2.292927490234375,-0.21771568280090428
1758790034.4018624,target,1,2.0266431884765623,2.499697509765625,-0.12609739027578137
1758790034.4018624,target,2,2.20086328125,1.9195115966796874,1.0652291491472516
1758790034.4018624,target,3,1.6023372802734375,1.03916064453125,1.7862027826145932
1758790034.4018624,target,4,1.5369654541015625,2.338514892578125,-1.7578373206861047
1758790034.4018624,target,5,1.88989892578125,1.5305023193359375,-2.60538887023604
1758790034.422034,herder,1,3.142012451171875,2.400373779296875,-3.0542399045707582
1758790034.422034,herder,2,1.2362138671875,2.292947509765625,-0.21775566350676911
1758790034.422034,target,1,2.02619384765625,2.49616259765625,-0.0573520770529135
1758790034.422034,target,2,2.200864990234375,1.9195023193359375,1.065571897979545
1758790034.422034,target,3,1.602345947265625,1.0391190185546875,1.7853263362998482
1758790034.422034,target,4,1.537003662109375,2.33854638671875,-1.7583104312537572
1758790034.422034,target,5,1.88988330078125,1.5305059814453126,-2.605718036946774
1758790034.4419508,herder,1,3.14204150390625,2.400390625,-3.0541453623520605
1758790034.4419508,herder,2,1.2362159423828125,2.292950439453125,-0.21775325001703122
1758790034.4419508,target,1,2.025193115234375,2.4916533203125,0.007747208431851561
1758790034.4419508,target,2,2.20084228515625,1.9195491943359375,1.0654298183353892
1758790034.4419508,target,3,1.602365234375,1.0390997314453125,1.7837794391806756
1758790034.4419508,target,4,1.5369942626953126,2.338506103515625,-1.7577736711360519
1758790034.4419508,target,5,1.8899427490234375,1.530459716796875,-2.605851727633496
1758790034.4618676,herder,1,3.142049072265625,2.400372802734375,-3.0542500245829003
1758790034.4618676,herder,2,1.2362261962890626,2.292947998046875,-0.21767486985719883
1758790034.4618676,target,1,2.0244708251953125,2.487626708984375,0.07864919735914143
1758790034.4618676,target,2,2.200853515625,1.9195411376953124,1.0655017902638486
1758790034.4618676,target,3,1.6023240966796874,1.0391229248046876,1.7845397716718931
1758790034.4618676,target,4,1.53698779296875,2.338534912109375,-1.7574712691942733
1758790034.4618676,target,5,1.8898731689453125,1.530505859375,-2.604904707549864
1758790034.4819467,herder,1,3.142015869140625,2.400373291015625,-3.0542130066437485
1758790034.4819467,herder,2,1.2362335205078125,2.29295361328125,-0.21779655967425862
1758790034.4819467,target,1,2.023818603515625,2.483563720703125,0.15026545233257435
1758790034.4819467,target,2,2.20086474609375,1.919533203125,1.0650971895152384
1758790034.4819467,target,3,1.602360107421875,1.0391187744140624,1.7856521740592193
1758790034.4819467,target,4,1.5369786376953125,2.33853076171875,-1.757951836612978
1758790034.4819467,target,5,1.8899453125,1.5304454345703125,-2.606452536775418
1758790034.5019262,herder,1,3.141986083984375,2.400370849609375,-3.0541312475982827
1758790034.5019262,herder,2,1.2362196044921876,2.292947509765625,-0.21770489699848947
1758790034.5019262,target,1,2.0242635498046875,2.47945361328125,0.2250481975197331
1758790034.5019262,target,2,2.20087841796875,1.9195311279296876,1.065557916383822
1758790034.5019262,target,3,1.6023389892578126,1.039111572265625,1.7838404255696383
1758790034.5019262,target,4,1.5370025634765625,2.338535400390625,-1.758216288509223
1758790034.5019262,target,5,1.889871337890625,1.5305130615234375,-2.6051627678594924
1758790034.5220196,herder,1,3.14198095703125,2.4003837890625,-3.0541493570936953
1758790034.5220196,herder,2,1.2362169189453125,2.29294580078125,-0.21761664649786697
1758790034.5220196,target,1,2.0242286376953125,2.474763427734375,0.29779806862305025
1758790034.5220196,target,2,2.200880859375,1.9195115966796874,1.065428220438735
1758790034.5220196,target,3,1.6023948974609374,1.039078369140625,1.7830697067501695
1758790034.5220196,target,4,1.5369986572265626,2.33853466796875,-1.7581955158527203
1758790034.5220196,target,5,1.889859130859375,1.530516357421875,-2.6054876735124823
1758790034.5418625,herder,1,3.142004150390625,2.40038330078125,-3.05424469826072
1758790034.5418625,herder,2,1.2362054443359376,2.292936279296875,-0.2174796268597824
1758790034.5418625,target,1,2.02509130859375,2.470019775390625,0.3670137918017778
1758790034.5418625,target,2,2.200884033203125,1.919498291015625,1.0655398068884094
1758790034.5418625,target,3,1.602388427734375,1.0391192626953125,1.7832187106131594
1758790034.5418625,target,4,1.536997802734375,2.33852392578125,-1.7578843254793446
1758790034.5418625,target,5,1.889861328125,1.53051171875,-2.6046272061642775
1758790034.5619287,herder,1,3.142032470703125,2.400384033203125,-3.054107279148472
1758790034.5619287,herder,2,1.2362177734375,2.2929462890625,-0.21761516511451062
1758790034.5619287,target,1,2.02565673828125,2.465489013671875,0.4451036337858401
1758790034.5619287,target,2,2.200886474609375,1.9194722900390624,1.0653701635269714
1758790034.5619287,target,3,1.602347412109375,1.0391412353515626,1.7835690494545593
1758790034.5619287,target,4,1.5370037841796875,2.338546630859375,-1.758399913466384
1758790034.5619287,target,5,1.8898785400390625,1.5305054931640625,-2.604849580115299
1758790034.5818639,herder,1,3.142055908203125,2.400379638671875,-3.05420714768935
1758790034.5818639,herder,2,1.236233642578125,2.2929453125,-0.21764404376758115
1758790034.5818639,target,1,2.026492919921875,2.460666748046875,0.5187651382198051
1758790034.5818639,target,2,2.200848388671875,1.91954638671875,1.0651495206306583
1758790034.5818639,target,3,1.60237255859375,1.0391219482421874,1.7846285880942474
1758790034.5818639,target,4,1.536993408203125,2.3385126953125,-1.7577397158321533
1758790034.5818639,target,5,1.88987060546875,1.5305108642578125,-2.6050503824614912
1758790034.6019332,herder,1,3.14203466796875,2.400373046875,-3.0542561498534075
1758790034.6019332,herder,2,1.236232666015625,2.292939697265625,-0.21767069202323877
1758790034.6019332,target,1,2.0280556640625,2.45687451171875,0.5944114300351788
1758790034.6019332,target,2,2.2008310546875,1.91956396484375,1.0650137659940915
1758790034.6019332,target,3,1.6023282470703124,1.039150390625,1.7857328678402486
1758790034.6019332,target,4,1.53700048828125,2.33852197265625,-1.757994047716256
1758790034.6019332,target,5,1.8899561767578126,1.530392822265625,-2.6072448271997164
1758790034.6219523,herder,1,3.14202001953125,2.4003779296875,-3.0540944959752396
1758790034.6219523,herder,2,1.23622509765625,2.2929365234375,-0.21765734292827474
1758790034.6219523,target,1,2.030455810546875,2.453077392578125,0.6689457855164171
1758790034.6219523,target,2,2.200844482421875,1.9195247802734374,1.0651619043297271
1758790034.6219523,target,3,1.60232373046875,1.0391290283203125,1.7836140568769816
1758790034.6219523,target,4,1.537001708984375,2.338532470703125,-1.7584941893689727
1758790034.6219523,target,5,1.8898670654296874,1.5305074462890624,-2.6050543772031265
1758790034.6418703,herder,1,3.142002197265625,2.4003623046875,-3.05420182136717
1758790034.6418703,herder,2,1.236220458984375,2.292932861328125,-0.2176689443237734
1758790034.6418703,target,1,2.031501708984375,2.451156005859375,0.7079102956882848
1758790034.6418703,target,2,2.200861572265625,1.9195162353515625,1.0653455958659155
1758790034.6418703,target,3,1.6023824462890626,1.039078125,1.7838333681927496
1758790034.6418703,target,4,1.536989990234375,2.3385302734375,-1.757945711342471
1758790034.6418703,target,5,1.8898763427734375,1.530512939453125,-2.6052019163275166
1758790034.6618521,herder,1,3.141997802734375,2.400375732421875,-3.054179450814013
1758790034.6618521,herder,2,1.236215576171875,2.292937255859375,-0.21763505559890214
1758790034.6618521,target,1,2.03493798828125,2.444548583984375,0.8243290511605537
1758790034.6618521,target,2,2.200854248046875,1.919539306640625,1.0652631044511502
1758790034.6618521,target,3,1.6023802490234376,1.039162841796875,1.784973866929576
1758790034.6618521,target,4,1.537008544921875,2.33852294921875,-1.7579921835034928
1758790034.6618521,target,5,1.88988330078125,1.530512451171875,-2.6054298829168276
1758790034.6818926,herder,1,3.141997802734375,2.400375732421875,-3.054179450814013
1758790034.6818926,herder,2,1.236215576171875,2.292937255859375,-0.21763505559890214
1758790034.6818926,target,1,2.03493798828125,2.444548583984375,0.8243290511605537
1758790034.6818926,target,2,2.200854248046875,1.919539306640625,1.0652631044511502
1758790034.6818926,target,3,1.6023802490234376,1.039162841796875,1.784973866929576
1758790034.6818926,target,4,1.537008544921875,2.33852294921875,-1.7579921835034928
1758790034.6818926,target,5,1.88988330078125,1.530512451171875,-2.6054298829168276
1758790034.7019207,herder,1,3.141997802734375,2.400375732421875,-3.054179450814013
1758790034.7019207,herder,2,1.236215576171875,2.292937255859375,-0.21763505559890214
1758790034.7019207,target,1,2.03493798828125,2.444548583984375,0.8243290511605537
1758790034.7019207,target,2,2.200854248046875,1.919539306640625,1.0652631044511502
1758790034.7019207,target,3,1.6023802490234376,1.039162841796875,1.784973866929576
1758790034.7019207,target,4,1.537008544921875,2.33852294921875,-1.7579921835034928
1758790034.7019207,target,5,1.88988330078125,1.530512451171875,-2.6054298829168276
1758790034.7218308,herder,1,3.141997802734375,2.400375732421875,-3.054179450814013
1758790034.7218308,herder,2,1.236215576171875,2.292937255859375,-0.21763505559890214
1758790034.7218308,target,1,2.03493798828125,2.444548583984375,0.8243290511605537
1758790034.7218308,target,2,2.200854248046875,1.919539306640625,1.0652631044511502
1758790034.7218308,target,3,1.6023802490234376,1.039162841796875,1.784973866929576
1758790034.7218308,target,4,1.537008544921875,2.33852294921875,-1.7579921835034928
1758790034.7218308,target,5,1.88988330078125,1.530512451171875,-2.6054298829168276
1758790034.7419605,herder,1,3.14199658203125,2.4003837890625,-3.054073723318737
1758790034.7419605,herder,2,1.2362100830078124,2.29294384765625,-0.21771478398403638
1758790034.7419605,target,1,2.036092041015625,2.442552490234375,0.8641905805665872
1758790034.7419605,target,2,2.20087255859375,1.919525634765625,1.0653197632033418
1758790034.7419605,target,3,1.6024456787109376,1.039074951171875,1.7848986326287815
1758790034.7419605,target,4,1.5370008544921876,2.338519287109375,-1.757999107722327
1758790034.7419605,target,5,1.889856201171875,1.5304818115234375,-2.604675409380008
1758790034.7619452,herder,1,3.14199658203125,2.4003837890625,-3.054073723318737
1758790034.7619452,herder,2,1.2362100830078124,2.29294384765625,-0.21771478398403638
1758790034.7619452,target,1,2.036092041015625,2.442552490234375,0.8641905805665872
1758790034.7619452,target,2,2.20087255859375,1.919525634765625,1.0653197632033418
1758790034.7619452,target,3,1.6024456787109376,1.039074951171875,1.7848986326287815
1758790034.7619452,target,4,1.5370008544921876,2.338519287109375,-1.757999107722327
1758790034.7619452,target,5,1.889856201171875,1.5304818115234375,-2.604675409380008
1758790034.781829,herder,1,3.14202734375,2.400390625,-3.0541869076650654
1758790034.781829,herder,2,1.2362218017578126,2.292952880859375,-0.2176964747515421
1758790034.781829,target,1,2.0379351806640624,2.4402861328125,0.9044324759553112
1758790034.781829,target,2,2.20088232421875,1.9195245361328126,1.065478154709174
1758790034.781829,target,3,1.602326904296875,1.03916845703125,1.7849459037381303
1758790034.781829,target,4,1.5369959716796875,2.33851513671875,-1.7576508994097992
1758790034.781829,target,5,1.8898787841796876,1.5305098876953125,-2.605357977567395
1758790034.801873,herder,1,3.14204931640625,2.400382080078125,-3.054369600515845
1758790034.801873,herder,2,1.2362279052734375,2.29295654296875,-0.2176337073736003
1758790034.801873,target,1,2.04089892578125,2.43724560546875,0.9828620374259268
1758790034.801873,target,2,2.200859375,1.91952490234375,1.06517588592545
1758790034.801873,target,3,1.60229931640625,1.0391253662109374,1.784670532881416
1758790034.801873,target,4,1.5369945068359374,2.3385146484375,-1.7579414502847268
1758790034.801873,target,5,1.8898765869140626,1.53051806640625,-2.60568155163984
1758790034.8219814,herder,1,3.1420537109375,2.40036376953125,-3.054312342552408
1758790034.8219814,herder,2,1.236219970703125,2.292947509765625,-0.2175796618482285
1758790034.8219814,target,1,2.0444891357421877,2.434119140625,1.0525672163234971
1758790034.8219814,target,2,2.200870361328125,1.9195361328125,1.0652217588752269
1758790034.8219814,target,3,1.6023436279296874,1.0391363525390624,1.7852794646646628
1758790034.8219814,target,4,1.5370118408203124,2.338542236328125,-1.758279139110949
1758790034.8219814,target,5,1.8899306640625,1.5304500732421875,-2.6064634557358874
1758790034.8418326,herder,1,3.1420537109375,2.40036376953125,-3.054312342552408
1758790034.8418326,herder,2,1.236219970703125,2.292947509765625,-0.2175796618482285
1758790034.8418326,target,1,2.0444891357421877,2.434119140625,1.0525672163234971
1758790034.8418326,target,2,2.200870361328125,1.9195361328125,1.0652217588752269
1758790034.8418326,target,3,1.6023436279296874,1.0391363525390624,1.7852794646646628
1758790034.8418326,target,4,1.5370118408203124,2.338542236328125,-1.758279139110949
1758790034.8418326,target,5,1.8899306640625,1.5304500732421875,-2.6064634557358874
1758790034.86188,herder,1,3.1420537109375,2.40036376953125,-3.054312342552408
1758790034.86188,herder,2,1.236219970703125,2.292947509765625,-0.2175796618482285
1758790034.86188,target,1,2.0444891357421877,2.434119140625,1.0525672163234971
1758790034.86188,target,2,2.200870361328125,1.9195361328125,1.0652217588752269
1758790034.86188,target,3,1.6023436279296874,1.0391363525390624,1.7852794646646628
1758790034.86188,target,4,1.5370118408203124,2.338542236328125,-1.758279139110949
1758790034.86188,target,5,1.8899306640625,1.5304500732421875,-2.6064634557358874
1758790034.8818831,herder,1,3.1420537109375,2.40036376953125,-3.054312342552408
1758790034.8818831,herder,2,1.236219970703125,2.292947509765625,-0.2175796618482285
1758790034.8818831,target,1,2.0444891357421877,2.434119140625,1.0525672163234971
1758790034.8818831,target,2,2.200870361328125,1.9195361328125,1.0652217588752269
1758790034.8818831,target,3,1.6023436279296874,1.0391363525390624,1.7852794646646628
1758790034.8818831,target,4,1.5370118408203124,2.338542236328125,-1.758279139110949
1758790034.8818831,target,5,1.8899306640625,1.5304500732421875,-2.6064634557358874
1758790034.90206,herder,1,3.1420537109375,2.40036376953125,-3.054312342552408
1758790034.90206,herder,2,1.236219970703125,2.292947509765625,-0.2175796618482285
1758790034.90206,target,1,2.0444891357421877,2.434119140625,1.0525672163234971
1758790034.90206,target,2,2.200870361328125,1.9195361328125,1.0652217588752269
1758790034.90206,target,3,1.6023436279296874,1.0391363525390624,1.7852794646646628
1758790034.90206,target,4,1.5370118408203124,2.338542236328125,-1.758279139110949
1758790034.90206,target,5,1.8899306640625,1.5304500732421875,-2.6064634557358874
1758790034.921816,herder,1,3.14202294921875,2.40037060546875,-3.054300358327503
1758790034.921816,herder,2,1.2362183837890626,2.292923095703125,-0.2176969740942465
1758790034.921816,target,1,2.04810107421875,2.430242431640625,1.1343431062828246
1758790034.921816,target,2,2.200878662109375,1.919521240234375,1.0655316176680574
1758790034.921816,target,3,1.6023912353515626,1.039147705078125,1.783233890631373
1758790034.921816,target,4,1.537019775390625,2.33855419921875,-1.758924423043075
1758790034.921816,target,5,1.889873779296875,1.53057666015625,-2.6032498192484885
1758790034.9419503,herder,1,3.14202294921875,2.40037060546875,-3.054300358327503
1758790034.9419503,herder,2,1.2362183837890626,2.292923095703125,-0.2176969740942465
1758790034.9419503,target,1,2.04810107421875,2.430242431640625,1.1343431062828246
1758790034.9419503,target,2,2.200878662109375,1.919521240234375,1.0655316176680574
1758790034.9419503,target,3,1.6023912353515626,1.039147705078125,1.783233890631373
1758790034.9419503,target,4,1.537019775390625,2.33855419921875,-1.758924423043075
1758790034.9419503,target,5,1.889873779296875,1.53057666015625,-2.6032498192484885
1758790034.9619584,herder,1,3.14202294921875,2.40037060546875,-3.054300358327503
1758790034.9619584,herder,2,1.2362183837890626,2.292923095703125,-0.2176969740942465
1758790034.9619584,target,1,2.04810107421875,2.430242431640625,1.1343431062828246
1758790034.9619584,target,2,2.200878662109375,1.919521240234375,1.0655316176680574
1758790034.9619584,target,3,1.6023912353515626,1.039147705078125,1.783233890631373
1758790034.9619584,target,4,1.537019775390625,2.33855419921875,-1.758924423043075
1758790034.9619584,target,5,1.889873779296875,1.53057666015625,-2.6032498192484885
1758790034.9820874,herder,1,3.14202294921875,2.40037060546875,-3.054300358327503
1758790034.9820874,herder,2,1.2362183837890626,2.292923095703125,-0.2176969740942465
1758790034.9820874,target,1,2.04810107421875,2.430242431640625,1.1343431062828246
1758790034.9820874,target,2,2.200878662109375,1.919521240234375,1.0655316176680574
1758790034.9820874,target,3,1.6023912353515626,1.039147705078125,1.783233890631373
1758790034.9820874,target,4,1.537019775390625,2.33855419921875,-1.758924423043075
1758790034.9820874,target,5,1.889873779296875,1.53057666015625,-2.6032498192484885
1758790035.0020583,herder,1,3.14202294921875,2.40037060546875,-3.054300358327503
1758790035.0020583,herder,2,1.2362183837890626,2.292923095703125,-0.2176969740942465
1758790035.0020583,target,1,2.04810107421875,2.430242431640625,1.1343431062828246
1758790035.0020583,target,2,2.200878662109375,1.919521240234375,1.0655316176680574
1758790035.0020583,target,3,1.6023912353515626,1.039147705078125,1.783233890631373
1758790035.0020583,target,4,1.537019775390625,2.33855419921875,-1.758924423043075
1758790035.0020583,target,5,1.889873779296875,1.53057666015625,-2.6032498192484885
1758790035.2040095,herder,1,3.14204833984375,2.400377685546875,-3.0542156698048384
1758790035.2040095,herder,2,1.2362340087890624,2.29294140625,-0.21766311865888885
1758790035.2040095,target,1,2.072654296875,2.41832421875,1.6022535855909126
1758790035.2040095,target,2,2.200875,1.9194857177734375,1.065274955518001
1758790035.2040095,target,3,1.60241943359375,1.0391005859375,1.7848754631272976
1758790035.2040095,target,4,1.536977783203125,2.338538818359375,-1.7585262804601083
1758790035.2040095,target,5,1.8898818359375,1.5304873046875,-2.6051947257925736
1758790035.2219312,herder,1,3.14204833984375,2.400377685546875,-3.0542156698048384
1758790035.2219312,herder,2,1.2362340087890624,2.29294140625,-0.21766311865888885
1758790035.2219312,target,1,2.072654296875,2.41832421875,1.6022535855909126
1758790035.2219312,target,2,2.200875,1.9194857177734375,1.065274955518001
1758790035.2219312,target,3,1.60241943359375,1.0391005859375,1.7848754631272976
1758790035.2219312,target,4,1.536977783203125,2.338538818359375,-1.7585262804601083
1758790035.2219312,target,5,1.8898818359375,1.5304873046875,-2.6051947257925736
1758790035.2419403,herder,1,3.142029052734375,2.400365478515625,-3.054300624643612
1758790035.2419403,herder,2,1.236232666015625,2.29293115234375,-0.21767751637353208
1758790035.2419403,target,1,2.10596826171875,2.420624267578125,2.1616465778204215
1758790035.2419403,target,2,2.20086865234375,1.919546630859375,1.0654924692000334
1758790035.2419403,target,3,1.60231982421875,1.039142578125,1.7825798182676493
1758790035.2419403,target,4,1.5369921875,2.33850830078125,-1.7576133488384291
1758790035.2419403,target,5,1.88991845703125,1.5304608154296875,-2.605922834034601
1758790035.2621026,herder,1,3.141987548828125,2.40038232421875,-3.0542385729902133
1758790035.2621026,herder,2,1.236214599609375,2.292943603515625,-0.21767223998562238
1758790035.2621026,target,1,2.13968017578125,2.44911865234375,2.9050107381526042
1758790035.2621026,target,2,2.20087353515625,1.9194774169921875,1.0651258184969568
1758790035.2621026,target,3,1.602357421875,1.039115966796875,1.7829894124433037
1758790035.2621026,target,4,1.5370054931640624,2.338532958984375,-1.7578864560082166
1758790035.2621026,target,5,1.8898701171875,1.530518798828125,-2.6048304053554507
1758790035.2818825,herder,1,3.142028564453125,2.40035986328125,-3.054269465658858
1758790035.2818825,herder,2,1.23622607421875,2.292931640625,-0.217704048115892
1758790035.2818825,target,1,2.146193115234375,2.47056982421875,-3.00852621182733
1758790035.2818825,target,2,2.200865966796875,1.919525634765625,1.0653806830132773
1758790035.2818825,target,3,1.6023309326171875,1.0391380615234376,1.7832153816617968
1758790035.2818825,target,4,1.5370048828125,2.33855078125,-1.7584513124754224
1758790035.2818825,target,5,1.8898726806640624,1.5305159912109374,-2.6051257499203406
1758790035.301943,herder,1,3.142028564453125,2.40035986328125,-3.054269465658858
1758790035.301943,herder,2,1.23622607421875,2.292931640625,-0.217704048115892
1758790035.301943,target,1,2.146193115234375,2.47056982421875,-3.00852621182733
1758790035.301943,target,2,2.200865966796875,1.919525634765625,1.0653806830132773
1758790035.301943,target,3,1.6023309326171875,1.0391380615234376,1.7832153816617968
1758790035.301943,target,4,1.5370048828125,2.33855078125,-1.7584513124754224
1758790035.301943,target,5,1.8898726806640624,1.5305159912109374,-2.6051257499203406
1758790035.321855,herder,1,3.142028564453125,2.40035986328125,-3.054269465658858
1758790035.321855,herder,2,1.23622607421875,2.292931640625,-0.217704048115892
1758790035.321855,target,1,2.146193115234375,2.47056982421875,-3.00852621182733
1758790035.321855,target,2,2.200865966796875,1.919525634765625,1.0653806830132773
1758790035.321855,target,3,1.6023309326171875,1.0391380615234376,1.7832153816617968
1758790035.321855,target,4,1.5370048828125,2.33855078125,-1.7584513124754224
1758790035.321855,target,5,1.8898726806640624,1.5305159912109374,-2.6051257499203406
1758790035.3418741,herder,1,3.141983642578125,2.400376220703125,-3.054233512984142
1758790035.3418741,herder,2,1.236220458984375,2.292939208984375,-0.21766053872158284
1758790035.3418741,target,1,2.1463623046875,2.47604248046875,-2.922983879717331
1758790035.3418741,target,2,2.20086474609375,1.9195166015625,1.0651340077173086
1758790035.3418741,target,3,1.6022684326171874,1.0391795654296876,1.7837044711959897
1758790035.3418741,target,4,1.53701123046875,2.338548095703125,-1.7583992476761114
1758790035.3418741,target,5,1.889916015625,1.5304605712890624,-2.6061734374931778
1758790035.3618186,herder,1,3.141979248046875,2.40038330078125,-3.0540550811911067
1758790035.3618186,herder,2,1.236212890625,2.292945068359375,-0.21758563731592437
1758790035.3618186,target,1,2.146605712890625,2.48113623046875,-2.8429143436474447
1758790035.3618186,target,2,2.200856201171875,1.9195614013671876,1.065247991011964
1758790035.3618186,target,3,1.6023050537109376,1.03915869140625,1.7834151187435527
1758790035.3618186,target,4,1.53699853515625,2.33853125,-1.7580961799440604
1758790035.3618186,target,5,1.889868896484375,1.5305137939453124,-2.604639723021401
1758790035.3820827,herder,1,3.142043212890625,2.400385009765625,-3.0541520202547856
1758790035.3820827,herder,2,1.2362215576171875,2.292966796875,-0.217777568006735
1758790035.3820827,target,1,2.1456552734375,2.491666748046875,-2.674080583180781
1758790035.3820827,target,2,2.20085498046875,1.9195797119140625,1.0651654995971989
1758790035.3820827,target,3,1.6023653564453124,1.0391280517578125,1.7856311350866076
1758790035.3820827,target,4,1.5370013427734375,2.338533447265625,-1.758063822536816
1758790035.3820827,target,5,1.88970947265625,1.5308583984375,-2.5999243299953068
1758790035.5941513,herder,1,3.142043212890625,2.400385009765625,-3.0541520202547856
1758790035.5941513,herder,2,1.2362215576171875,2.292966796875,-0.217777568006735
1758790035.5941513,target,1,2.1456552734375,2.491666748046875,-2.674080583180781
1758790035.5941513,target,2,2.20085498046875,1.9195797119140625,1.0651654995971989
1758790035.5941513,target,3,1.6023653564453124,1.0391280517578125,1.7856311350866076
1758790035.5941513,target,4,1.5370013427734375,2.338533447265625,-1.758063822536816
1758790035.5941513,target,5,1.88970947265625,1.5308583984375,-2.5999243299953068
1758790035.6020794,herder,1,3.142,2.400364013671875,-3.0542553509050805
1758790035.6020794,herder,2,1.2363529052734374,2.292867919921875,-0.2174155944803228
1758790035.6020794,target,1,2.117404296875,2.532828125,-1.8502247757459345
1758790035.6020794,target,2,2.20087158203125,1.919517578125,1.065356581405412
1758790035.6020794,target,3,1.602240966796875,1.0391702880859375,1.7852143503760103
1758790035.6020794,target,4,1.5332652587890625,2.353295654296875,-1.6553630098395453
1758790035.6020794,target,5,1.8760601806640624,1.5436915283203125,-2.276038934019249
1758790035.6432834,herder,1,3.142,2.400364013671875,-3.0542553509050805
1758790035.6432834,herder,2,1.2363529052734374,2.292867919921875,-0.2174155944803228
1758790035.6432834,target,1,2.117404296875,2.532828125,-1.8502247757459345
1758790035.6432834,target,2,2.20087158203125,1.919517578125,1.065356581405412
1758790035.6432834,target,3,1.602240966796875,1.0391702880859375,1.7852143503760103
1758790035.6432834,target,4,1.5332652587890625,2.353295654296875,-1.6553630098395453
1758790035.6432834,target,5,1.8760601806640624,1.5436915283203125,-2.276038934019249
1758790035.6618462,herder,1,3.142041748046875,2.4003623046875,-3.0541829129234306
1758790035.6618462,herder,2,1.236400634765625,2.292872802734375,-0.2173838529290804
1758790035.6618462,target,1,2.09472119140625,2.540774658203125,-1.4461385498582495
1758790035.6618462,target,2,2.20084619140625,1.91952783203125,1.0647923907284786
1758790035.6618462,target,3,1.60224609375,1.0391346435546875,1.7850022295951855
1758790035.6618462,target,4,1.5320946044921875,2.367494140625,-1.619882114110583
1758790035.6618462,target,5,1.8637056884765626,1.55145556640625,-2.015325583312634
1758790035.682025,herder,1,3.142041748046875,2.4003623046875,-3.0541829129234306
1758790035.682025,herder,2,1.236400634765625,2.292872802734375,-0.2173838529290804
1758790035.682025,target,1,2.09472119140625,2.540774658203125,-1.4461385498582495
1758790035.682025,target,2,2.20084619140625,1.91952783203125,1.0647923907284786
1758790035.682025,target,3,1.60224609375,1.0391346435546875,1.7850022295951855
1758790035.682025,target,4,1.5320946044921875,2.367494140625,-1.619882114110583
1758790035.682025,target,5,1.8637056884765626,1.55145556640625,-2.015325583312634
1758790035.7021623,herder,1,3.142041748046875,2.4003623046875,-3.0541829129234306
1758790035.7021623,herder,2,1.236400634765625,2.292872802734375,-0.2173838529290804
1758790035.7021623,target,1,2.09472119140625,2.540774658203125,-1.4461385498582495
1758790035.7021623,target,2,2.20084619140625,1.91952783203125,1.0647923907284786
1758790035.7021623,target,3,1.60224609375,1.0391346435546875,1.7850022295951855
1758790035.7021623,target,4,1.5320946044921875,2.367494140625,-1.619882114110583
1758790035.7021623,target,5,1.8637056884765626,1.55145556640625,-2.015325583312634
1758790035.7219396,herder,1,3.14200927734375,2.400360107421875,-3.0540580106683057
1758790035.7219396,herder,2,1.2364239501953125,2.2928310546875,-0.2172616304798026
1758790035.7219396,target,1,2.089884521484375,2.541143310546875,-1.3613244591483327
1758790035.7219396,target,2,2.200861572265625,1.9195389404296874,1.0650855381854691
1758790035.7219396,target,3,1.60227392578125,1.0391654052734376,1.7849437732092581
1758790035.7219396,target,4,1.5316309814453124,2.37071435546875,-1.6157823107704605
1758790035.7219396,target,5,1.86057568359375,1.5531390380859376,-1.9590404726221362
1758790035.741844,herder,1,3.14199267578125,2.40038330078125,-3.0541893045100466
1758790035.741844,herder,2,1.236438720703125,2.2928271484375,-0.21728393445393201
1758790035.741844,target,1,2.087206298828125,2.541597900390625,-1.3181277199511383
1758790035.741844,target,2,2.20085400390625,1.9195489501953125,1.065139400618516
1758790035.741844,target,3,1.6024063720703126,1.0391136474609375,1.7850461717531718
1758790035.741844,target,4,1.531682861328125,2.372527587890625,-1.612117934268566
1758790035.741844,target,5,1.859195068359375,1.554065673828125,-1.9294843113702733
1758790035.7619534,herder,1,3.14199267578125,2.40038330078125,-3.0541893045100466
1758790035.7619534,herder,2,1.236438720703125,2.2928271484375,-0.21728393445393201
1758790035.7619534,target,1,2.087206298828125,2.541597900390625,-1.3181277199511383
1758790035.7619534,target,2,2.20085400390625,1.9195489501953125,1.065139400618516
1758790035.7619534,target,3,1.6024063720703126,1.0391136474609375,1.7850461717531718
1758790035.7619534,target,4,1.531682861328125,2.372527587890625,-1.612117934268566
1758790035.7619534,target,5,1.859195068359375,1.554065673828125,-1.9294843113702733
1758790035.7820387,herder,1,3.14199267578125,2.40038330078125,-3.0541893045100466
1758790035.7820387,herder,2,1.236438720703125,2.2928271484375,-0.21728393445393201
1758790035.7820387,target,1,2.087206298828125,2.541597900390625,-1.3181277199511383
1758790035.7820387,target,2,2.20085400390625,1.9195489501953125,1.065139400618516
1758790035.7820387,target,3,1.6024063720703126,1.0391136474609375,1.7850461717531718
1758790035.7820387,target,4,1.531682861328125,2.372527587890625,-1.612117934268566
1758790035.7820387,target,5,1.859195068359375,1.554065673828125,-1.9294843113702733
1758790035.802033,herder,1,3.14199267578125,2.40038330078125,-3.0541893045100466
1758790035.802033,herder,2,1.236438720703125,2.2928271484375,-0.21728393445393201
1758790035.802033,target,1,2.087206298828125,2.541597900390625,-1.3181277199511383
1758790035.802033,target,2,2.20085400390625,1.9195489501953125,1.065139400618516
1758790035.802033,target,3,1.6024063720703126,1.0391136474609375,1.7850461717531718
1758790035.802033,target,4,1.531682861328125,2.372527587890625,-1.612117934268566
1758790035.802033,target,5,1.859195068359375,1.554065673828125,-1.9294843113702733
1758790035.8218634,herder,1,3.14199267578125,2.40038330078125,-3.0541893045100466
1758790035.8218634,herder,2,1.236438720703125,2.2928271484375,-0.21728393445393201
1758790035.8218634,target,1,2.087206298828125,2.541597900390625,-1.3181277199511383
1758790035.8218634,target,2,2.20085400390625,1.9195489501953125,1.065139400618516
1758790035.8218634,target,3,1.6024063720703126,1.0391136474609375,1.7850461717531718
1758790035.8218634,target,4,1.531682861328125,2.372527587890625,-1.612117934268566
1758790035.8218634,target,5,1.859195068359375,1.554065673828125,-1.9294843113702733
1758790035.841933,herder,1,3.14199267578125,2.40038330078125,-3.0541893045100466
1758790035.841933,herder,2,1.236438720703125,2.2928271484375,-0.21728393445393201
1758790035.841933,target,1,2.087206298828125,2.541597900390625,-1.3181277199511383
1758790035.841933,target,2,2.20085400390625,1.9195489501953125,1.065139400618516
1758790035.841933,target,3,1.6024063720703126,1.0391136474609375,1.7850461717531718
1758790035.841933,target,4,1.531682861328125,2.372527587890625,-1.612117934268566
1758790035.841933,target,5,1.859195068359375,1.554065673828125,-1.9294843113702733
1758790035.8620145,herder,1,3.14199267578125,2.40038330078125,-3.0541893045100466
1758790035.8620145,herder,2,1.236438720703125,2.2928271484375,-0.21728393445393201
1758790035.8620145,target,1,2.087206298828125,2.541597900390625,-1.3181277199511383
1758790035.8620145,target,2,2.20085400390625,1.9195489501953125,1.065139400618516
1758790035.8620145,target,3,1.6024063720703126,1.0391136474609375,1.7850461717531718
1758790035.8620145,target,4,1.531682861328125,2.372527587890625,-1.612117934268566
1758790035.8620145,target,5,1.859195068359375,1.554065673828125,-1.9294843113702733
1758790035.8821838,herder,1,3.14199267578125,2.40038330078125,-3.0541893045100466
1758790035.8821838,herder,2,1.236438720703125,2.2928271484375,-0.21728393445393201
1758790035.8821838,target,1,2.087206298828125,2.541597900390625,-1.3181277199511383
1758790035.8821838,target,2,2.20085400390625,1.9195489501953125,1.065139400618516
1758790035.8821838,target,3,1.6024063720703126,1.0391136474609375,1.7850461717531718
1758790035.8821838,target,4,1.531682861328125,2.372527587890625,-1.612117934268566
1758790035.8821838,target,5,1.859195068359375,1.554065673828125,-1.9294843113702733
1758790035.9019876,herder,1,3.14199267578125,2.40038330078125,-3.0541893045100466
1758790035.9019876,herder,2,1.236438720703125,2.2928271484375,-0.21728393445393201
1758790035.9019876,target,1,2.087206298828125,2.541597900390625,-1.3181277199511383
1758790035.9019876,target,2,2.20085400390625,1.9195489501953125,1.065139400618516
1758790035.9019876,target,3,1.6024063720703126,1.0391136474609375,1.7850461717531718
1758790035.9019876,target,4,1.531682861328125,2.372527587890625,-1.612117934268566
1758790035.9019876,target,5,1.859195068359375,1.554065673828125,-1.9294843113702733
1758790035.9220595,herder,1,3.14199267578125,2.40038330078125,-3.0541893045100466
1758790035.9220595,herder,2,1.236438720703125,2.2928271484375,-0.21728393445393201
1758790035.9220595,target,1,2.087206298828125,2.541597900390625,-1.3181277199511383
1758790035.9220595,target,2,2.20085400390625,1.9195489501953125,1.065139400618516
1758790035.9220595,target,3,1.6024063720703126,1.0391136474609375,1.7850461717531718
1758790035.9220595,target,4,1.531682861328125,2.372527587890625,-1.612117934268566
1758790035.9220595,target,5,1.859195068359375,1.554065673828125,-1.9294843113702733
1758790035.9418626,herder,1,3.14199267578125,2.40038330078125,-3.0541893045100466
1758790035.9418626,herder,2,1.236438720703125,2.2928271484375,-0.21728393445393201
1758790035.9418626,target,1,2.087206298828125,2.541597900390625,-1.3181277199511383
1758790035.9418626,target,2,2.20085400390625,1.9195489501953125,1.065139400618516
1758790035.9418626,target,3,1.6024063720703126,1.0391136474609375,1.7850461717531718
1758790035.9418626,target,4,1.531682861328125,2.372527587890625,-1.612117934268566
1758790035.9418626,target,5,1.859195068359375,1.554065673828125,-1.9294843113702733
1758790035.9620047,herder,1,3.14199169921875,2.400386962890625,-3.054194897148336
1758790035.9620047,herder,2,1.236517822265625,2.29283935546875,-0.21634921484558464
1758790035.9620047,target,1,2.080736328125,2.546303955078125,-1.2769180984013067
1758790035.9620047,target,2,2.20088232421875,1.919528076171875,1.0655305524036214
1758790035.9620047,target,3,1.6022999267578124,1.0391700439453124,1.781896451131935
1758790035.9620047,target,4,1.525005126953125,2.424790771484375,-1.5047774954782138
1758790035.9620047,target,5,1.8099000244140624,1.5553905029296875,-1.0680393833085307
1758790035.9820628,herder,1,3.14199169921875,2.400386962890625,-3.054194897148336
1758790035.9820628,herder,2,1.236517822265625,2.29283935546875,-0.21634921484558464
1758790035.9820628,target,1,2.080736328125,2.546303955078125,-1.2769180984013067
1758790035.9820628,target,2,2.20088232421875,1.919528076171875,1.0655305524036214
1758790035.9820628,target,3,1.6022999267578124,1.0391700439453124,1.781896451131935
1758790035.9820628,target,4,1.525005126953125,2.424790771484375,-1.5047774954782138
1758790035.9820628,target,5,1.8099000244140624,1.5553905029296875,-1.0680393833085307
1758790036.0020087,herder,1,3.141996337890625,2.40039013671875,-3.054168265537435
1758790036.0020087,herder,2,1.23653369140625,2.29283349609375,-0.21635282675781306
1758790036.0020087,target,1,2.083030517578125,2.54738037109375,-1.3256024141826637
1758790036.0020087,target,2,2.200866943359375,1.9194559326171876,1.0652875389541516
1758790036.0020087,target,3,1.6022127685546874,1.0392225341796875,1.7800150609798486
1758790036.0020087,target,4,1.524498291015625,2.428823974609375,-1.4976399574406924
1758790036.0020087,target,5,1.8061839599609375,1.553572509765625,-1.0005765194697795
1758790036.0219388,herder,1,3.141996337890625,2.40039013671875,-3.054168265537435
1758790036.0219388,herder,2,1.23653369140625,2.29283349609375,-0.21635282675781306
1758790036.0219388,target,1,2.083030517578125,2.54738037109375,-1.3256024141826637
1758790036.0219388,target,2,2.200866943359375,1.9194559326171876,1.0652875389541516
1758790036.0219388,target,3,1.6022127685546874,1.0392225341796875,1.7800150609798486
1758790036.0219388,target,4,1.524498291015625,2.428823974609375,-1.4976399574406924
1758790036.0219388,target,5,1.8061839599609375,1.553572509765625,-1.0005765194697795
1758790036.041986,herder,1,3.142003662109375,2.40039501953125,-3.054033243270168
1758790036.041986,herder,2,1.2365238037109374,2.292829345703125,-0.2161798378002556
1758790036.041986,target,1,2.08447607421875,2.54760400390625,-1.3480424758437803
1758790036.041986,target,2,2.200828125,1.9195211181640626,1.0654195651651923
1758790036.041986,target,3,1.60239501953125,1.0391656494140624,1.7835566657554904
1758790036.041986,target,4,1.524118408203125,2.43049609375,-1.4983462277617814
1758790036.041986,target,5,1.8046744384765625,1.5525367431640624,-0.9644049329121054
1758790036.0618196,herder,1,3.142055908203125,2.400383056640625,-3.05422871929418
1758790036.0618196,herder,2,1.236517333984375,2.292837890625,-0.21626084783166444
1758790036.0618196,target,1,2.08903271484375,2.548811767578125,-1.4264869510165004
1758790036.0618196,target,2,2.2008369140625,1.91954248046875,1.0656896762787538
1758790036.0618196,target,3,1.6024052734375,1.0391864013671874,1.7847676051031496
1758790036.0618196,target,4,1.5230408935546875,2.436884521484375,-1.4896591294439976
1758790036.0618196,target,5,1.800071533203125,1.5488199462890626,-0.8665336296936389
1758790036.0821204,herder,1,3.142043212890625,2.400390625,-3.054199957154407
1758790036.0821204,herder,2,1.236525634765625,2.292841552734375,-0.21631211368264847
1758790036.0821204,target,1,2.090836669921875,2.54908154296875,-1.4532302815250215
1758790036.0821204,target,2,2.20084765625,1.919539794921875,1.0652335433630504
1758790036.0821204,target,3,1.6023302001953126,1.0391685791015626,1.7846427028480247
1758790036.0821204,target,4,1.5228443603515625,2.438799072265625,-1.4867622759682637
1758790036.0821204,target,5,1.79836181640625,1.54760302734375,-0.8329234714724029
1758790036.102082,herder,1,3.1420078125,2.40038037109375,-3.054168531853544
1758790036.102082,herder,2,1.236507568359375,2.292835205078125,-0.21641968874593084
1758790036.102082,target,1,2.10304296875,2.5505595703125,-1.6708864426755625
1758790036.102082,target,2,2.2008740234375,1.91953662109375,1.0653016537079292
1758790036.102082,target,3,1.60231640625,1.0391734619140625,1.784753490349372
1758790036.102082,target,4,1.5195213623046875,2.455174072265625,-1.465094797339379
1758790036.102082,target,5,1.7867532958984376,1.5366416015625,-0.5555996521518273
1758790036.1218603,herder,1,3.1420078125,2.40038037109375,-3.054168531853544
1758790036.1218603,herder,2,1.236507568359375,2.292835205078125,-0.21641968874593084
1758790036.1218603,target,1,2.10304296875,2.5505595703125,-1.6708864426755625
1758790036.1218603,target,2,2.2008740234375,1.91953662109375,1.0653016537079292
1758790036.1218603,target,3,1.60231640625,1.0391734619140625,1.784753490349372
1758790036.1218603,target,4,1.5195213623046875,2.455174072265625,-1.465094797339379
1758790036.1218603,target,5,1.7867532958984376,1.5366416015625,-0.5555996521518273
1758790036.1419444,herder,1,3.142052490234375,2.4003916015625,-3.0541831792395393
1758790036.1419444,herder,2,1.236500244140625,2.292836669921875,-0.21660556074526158
1758790036.1419444,target,1,2.110038330078125,2.550655029296875,-1.7838167234359368
1758790036.1419444,target,2,2.20086474609375,1.9194739990234375,1.0651788819816765
1758790036.1419444,target,3,1.602394287109375,1.03914990234375,1.7838285745027875
1758790036.1419444,target,4,1.5176953125,2.463087890625,-1.4552405686738679
1758790036.1419444,target,5,1.78262109375,1.52992431640625,-0.4151993308004766
1758790036.161939,herder,1,3.142052490234375,2.4003916015625,-3.0541831792395393
1758790036.161939,herder,2,1.236500244140625,2.292836669921875,-0.21660556074526158
1758790036.161939,target,1,2.110038330078125,2.550655029296875,-1.7838167234359368
1758790036.161939,target,2,2.20086474609375,1.9194739990234375,1.0651788819816765
1758790036.161939,target,3,1.602394287109375,1.03914990234375,1.7838285745027875
1758790036.161939,target,4,1.5176953125,2.463087890625,-1.4552405686738679
1758790036.161939,target,5,1.78262109375,1.52992431640625,-0.4151993308004766
1758790036.1820886,herder,1,3.142047119140625,2.400375732421875,-3.054094762291349
1758790036.1820886,herder,2,1.2365194091796874,2.29281494140625,-0.2169338952181547
1758790036.1820886,target,1,2.11146630859375,2.55056103515625,-1.8128896541080046
1758790036.1820886,target,2,2.2008525390625,1.919563720703125,1.0655832164141779
1758790036.1820886,target,3,1.602329345703125,1.039171142578125,1.7854389880139585
1758790036.1820886,target,4,1.5175726318359375,2.46519580078125,-1.4526338665988983
1758790036.1820886,target,5,1.7813497314453124,1.528003662109375,-0.3787496103564572
1758790036.2020326,herder,1,3.142047119140625,2.400375732421875,-3.054094762291349
1758790036.2020326,herder,2,1.2365194091796874,2.29281494140625,-0.2169338952181547
1758790036.2020326,target,1,2.11146630859375,2.55056103515625,-1.8128896541080046
1758790036.2020326,target,2,2.2008525390625,1.919563720703125,1.0655832164141779
1758790036.2020326,target,3,1.602329345703125,1.039171142578125,1.7854389880139585
1758790036.2020326,target,4,1.5175726318359375,2.46519580078125,-1.4526338665988983
1758790036.2020326,target,5,1.7813497314453124,1.528003662109375,-0.3787496103564572
1758790036.2218368,herder,1,3.142013671875,2.40036083984375,-3.054441772181386
1758790036.2218368,herder,2,1.236487060546875,2.292822998046875,-0.2172488306618134
1758790036.2218368,target,1,2.119999267578125,2.549548583984375,-1.9604752506594163
1758790036.2218368,target,2,2.200851806640625,1.91955078125,1.0654633075860969
1758790036.2218368,target,3,1.602451904296875,1.0390859375,1.7851578913609005
1758790036.2218368,target,4,1.51517333984375,2.47658984375,-1.435898162834677
1758790036.2218368,target,5,1.7779193115234375,1.5191875,-0.20820806455126692
1758790036.2419443,herder,1,3.141984375,2.400384521484375,-3.054032444321841
1758790036.2419443,herder,2,1.2364927978515625,2.292820556640625,-0.21721882016527957
1758790036.2419443,target,1,2.121860107421875,2.548969970703125,-1.9930367892014338
1758790036.2419443,target,2,2.20087451171875,1.9195338134765625,1.065370563001135
1758790036.2419443,target,3,1.6024022216796876,1.0391309814453125,1.7843845093803417
1758790036.2419443,target,4,1.5148536376953126,2.47877490234375,-1.4328011728030237
1758790036.2419443,target,5,1.777134765625,1.517180419921875,-0.16900788126768412
1758790036.261944,herder,1,3.141984375,2.400384521484375,-3.054032444321841
1758790036.261944,herder,2,1.2364927978515625,2.292820556640625,-0.21721882016527957
1758790036.261944,target,1,2.121860107421875,2.548969970703125,-1.9930367892014338
1758790036.261944,target,2,2.20087451171875,1.9195338134765625,1.065370563001135
1758790036.261944,target,3,1.6024022216796876,1.0391309814453125,1.7843845093803417
1758790036.261944,target,4,1.5148536376953126,2.47877490234375,-1.4328011728030237
1758790036.261944,target,5,1.777134765625,1.517180419921875,-0.16900788126768412
1758790036.2819712,herder,1,3.1420244140625,2.400398193359375,-3.0540630706743768
1758790036.2819712,herder,2,1.236483154296875,2.29284521484375,-0.21715898226453687
1758790036.2819712,target,1,2.128995361328125,2.5472470703125,-2.1148435190330965
1758790036.2819712,target,2,2.200888671875,1.9195162353515625,1.0654922694629516
1758790036.2819712,target,3,1.602296875,1.0391497802734375,1.7858483158735037
1758790036.2819712,target,4,1.5131800537109374,2.487215087890625,-1.423741631406792
1758790036.2819712,target,5,1.773346923828125,1.5089202880859376,-0.030874205448424348
1758790036.30194,herder,1,3.1420244140625,2.400398193359375,-3.0540630706743768
1758790036.30194,herder,2,1.236483154296875,2.29284521484375,-0.21715898226453687
1758790036.30194,target,1,2.128995361328125,2.5472470703125,-2.1148435190330965
1758790036.30194,target,2,2.200888671875,1.9195162353515625,1.0654922694629516
1758790036.30194,target,3,1.602296875,1.0391497802734375,1.7858483158735037
1758790036.30194,target,4,1.5131800537109374,2.487215087890625,-1.423741631406792
1758790036.30194,target,5,1.773346923828125,1.5089202880859376,-0.030874205448424348
1758790036.3218758,herder,1,3.1420244140625,2.400398193359375,-3.0540630706743768
1758790036.3218758,herder,2,1.236483154296875,2.29284521484375,-0.21715898226453687
1758790036.3218758,target,1,2.128995361328125,2.5472470703125,-2.1148435190330965
1758790036.3218758,target,2,2.200888671875,1.9195162353515625,1.0654922694629516
1758790036.3218758,target,3,1.602296875,1.0391497802734375,1.7858483158735037
1758790036.3218758,target,4,1.5131800537109374,2.487215087890625,-1.423741631406792
1758790036.3218758,target,5,1.773346923828125,1.5089202880859376,-0.030874205448424348
1758790036.3418055,herder,1,3.142046875,2.40038818359375,-3.0541536181514397
1758790036.3418055,herder,2,1.2364920654296876,2.29283203125,-0.217212461868177
1758790036.3418055,target,1,2.132363037109375,2.54625146484375,-2.1721906983663177
1758790036.3418055,target,2,2.20087255859375,1.9195069580078126,1.0653531192959949
1758790036.3418055,target,3,1.6023157958984375,1.039143310546875,1.7840365673839227
1758790036.3418055,target,4,1.5116009521484375,2.490967041015625,-1.4161472280842677
1758790036.3418055,target,5,1.773011962890625,1.5050440673828125,0.0392651477694239
1758790036.361954,herder,1,3.142028564453125,2.400369873046875,-3.054308880442991
1758790036.361954,herder,2,1.236498291015625,2.292822509765625,-0.21736284724598243
1758790036.361954,target,1,2.14242431640625,2.5409638671875,-2.3666926712094374
1758790036.361954,target,2,2.20086767578125,1.919539306640625,1.0653663685224182
1758790036.361954,target,3,1.6023094482421876,1.0391697998046876,1.7864930671734118
1758790036.361954,target,4,1.508793212890625,2.50495947265625,-1.3991598555970337
1758790036.361954,target,5,1.7734427490234375,1.492390869140625,0.2452314798283598
1758790036.3819296,herder,1,3.14201171875,2.400376708984375,-3.0541349760238092
1758790036.3819296,herder,2,1.2364949951171875,2.292823974609375,-0.2173274771377548
1758790036.3819296,target,1,2.14405078125,2.539912353515625,-2.399627984410447
1758790036.3819296,target,2,2.200873779296875,1.9195032958984375,1.0652550483888528
1758790036.3819296,target,3,1.6023154296875,1.0391826171875,1.7864732266232908
1758790036.3819296,target,4,1.508042724609375,2.5071640625,-1.3978089671340912
1758790036.3819296,target,5,1.77365771484375,1.490740234375,0.2802218379292862
1758790036.4019053,herder,1,3.14201171875,2.400376708984375,-3.0541349760238092
1758790036.4019053,herder,2,1.2364949951171875,2.292823974609375,-0.2173274771377548
1758790036.4019053,target,1,2.14405078125,2.539912353515625,-2.399627984410447
1758790036.4019053,target,2,2.200873779296875,1.9195032958984375,1.0652550483888528
1758790036.4019053,target,3,1.6023154296875,1.0391826171875,1.7864732266232908
1758790036.4019053,target,4,1.508042724609375,2.5071640625,-1.3978089671340912
1758790036.4019053,target,5,1.77365771484375,1.490740234375,0.2802218379292862
1758790036.421943,herder,1,3.14201171875,2.400376708984375,-3.0541349760238092
1758790036.421943,herder,2,1.2364949951171875,2.292823974609375,-0.2173274771377548
1758790036.421943,target,1,2.14405078125,2.539912353515625,-2.399627984410447
1758790036.421943,target,2,2.200873779296875,1.9195032958984375,1.0652550483888528
1758790036.421943,target,3,1.6023154296875,1.0391826171875,1.7864732266232908
1758790036.421943,target,4,1.508042724609375,2.5071640625,-1.3978089671340912
1758790036.421943,target,5,1.77365771484375,1.490740234375,0.2802218379292862
1758790036.4418774,herder,1,3.142005126953125,2.40037939453125,-3.0543858457984947
1758790036.4418774,herder,2,1.23647705078125,2.292832763671875,-0.21715280705975923
1758790036.4418774,target,1,2.145551513671875,2.53862060546875,-2.434977719455723
1758790036.4418774,target,2,2.200839599609375,1.919558837890625,1.065217031764292
1758790036.4418774,target,3,1.60236962890625,1.0391258544921875,1.7856849309406273
1758790036.4418774,target,4,1.507584228515625,2.50929248046875,-1.3935997078731663
1758790036.4418774,target,5,1.774187255859375,1.4886278076171875,0.31830956889127243
1758790036.462007,herder,1,3.142005126953125,2.40037939453125,-3.0543858457984947
1758790036.462007,herder,2,1.23647705078125,2.292832763671875,-0.21715280705975923
1758790036.462007,target,1,2.145551513671875,2.53862060546875,-2.434977719455723
1758790036.462007,target,2,2.200839599609375,1.919558837890625,1.065217031764292
1758790036.462007,target,3,1.60236962890625,1.0391258544921875,1.7856849309406273
1758790036.462007,target,4,1.507584228515625,2.50929248046875,-1.3935997078731663
1758790036.462007,target,5,1.774187255859375,1.4886278076171875,0.31830956889127243
1758790036.4818954,herder,1,3.142005126953125,2.40037939453125,-3.0543858457984947
1758790036.4818954,herder,2,1.23647705078125,2.292832763671875,-0.21715280705975923
1758790036.4818954,target,1,2.145551513671875,2.53862060546875,-2.434977719455723
1758790036.4818954,target,2,2.200839599609375,1.919558837890625,1.065217031764292
1758790036.4818954,target,3,1.60236962890625,1.0391258544921875,1.7856849309406273
1758790036.4818954,target,4,1.507584228515625,2.50929248046875,-1.3935997078731663
1758790036.4818954,target,5,1.774187255859375,1.4886278076171875,0.31830956889127243
1758790036.5017889,herder,1,3.142005126953125,2.40037939453125,-3.0543858457984947
1758790036.5017889,herder,2,1.23647705078125,2.292832763671875,-0.21715280705975923
1758790036.5017889,target,1,2.145551513671875,2.53862060546875,-2.434977719455723
1758790036.5017889,target,2,2.200839599609375,1.919558837890625,1.065217031764292
1758790036.5017889,target,3,1.60236962890625,1.0391258544921875,1.7856849309406273
1758790036.5017889,target,4,1.507584228515625,2.50929248046875,-1.3935997078731663
1758790036.5017889,target,5,1.774187255859375,1.4886278076171875,0.31830956889127243
1758790036.521927,herder,1,3.142002685546875,2.400369873046875,-3.0541831792395393
1758790036.521927,herder,2,1.2365125732421876,2.29282421875,-0.21694934155247717
1758790036.521927,target,1,2.162931396484375,2.516646728515625,-2.905517804024155
1758790036.521927,target,2,2.20086572265625,1.9195257568359374,1.0653133050376982
1758790036.521927,target,3,1.6023602294921875,1.0391705322265625,1.7837706507490783
1758790036.521927,target,4,1.4996539306640626,2.539257568359375,-1.3537296563516446
1758790036.521927,target,5,1.7866434326171876,1.461950927734375,0.8237904268300851
1758790036.541868,herder,1,3.142052001953125,2.40038232421875,-3.054164803428018
1758790036.541868,herder,2,1.2364383544921875,2.292817626953125,-0.21635973433189046
1758790036.541868,target,1,2.166506103515625,2.507461181640625,-3.0748503745629905
1758790036.541868,target,2,2.200862548828125,1.9195155029296875,1.0650834742356243
1758790036.541868,target,3,1.60231689453125,1.039177734375,1.7850616180874943
1758790036.541868,target,4,1.49607568359375,2.550103271484375,-1.3296679959027786
1758790036.541868,target,5,1.7945498046875,1.454083984375,1.011634297210925
1758790036.5620034,herder,1,3.14204150390625,2.40036865234375,-3.0541203286378136
1758790036.5620034,herder,2,1.23642578125,2.292812255859375,-0.21633861213549477
1758790036.5620034,target,1,2.16773779296875,2.503074951171875,3.139402203593203
1758790036.5620034,target,2,2.20083984375,1.91954443359375,1.0653022529191745
1758790036.5620034,target,3,1.6023426513671875,1.0391251220703126,1.78495003163782
1758790036.5620034,target,4,1.4947550048828124,2.55420703125,-1.3217825090731086
1758790036.5620034,target,5,1.7980863037109376,1.451486083984375,1.0896009347050575
1758790036.5821178,herder,1,3.14201953125,2.400374267578125,-3.054112605470652
1758790036.5821178,herder,2,1.2364122314453125,2.292809326171875,-0.21628170371195113
1758790036.5821178,target,1,2.1678193359375,2.498970703125,3.069925657075216
1758790036.5821178,target,2,2.200871337890625,1.9195128173828124,1.0653966619798176
1758790036.5821178,target,3,1.6022730712890625,1.039141845703125,1.783839227147148
1758790036.5821178,target,4,1.4937047119140625,2.558791748046875,-1.3110303956460772
1758790036.5821178,target,5,1.801911376953125,1.449236328125,1.163530819197875
1758790036.6020675,herder,1,3.14200732421875,2.400383544921875,-3.0539131347050055
1758790036.6020675,herder,2,1.236400390625,2.29283251953125,-0.21638305363618546
1758790036.6020675,target,1,2.167841064453125,2.4954873046875,3.006736301258688
1758790036.6020675,target,2,2.2008486328125,1.9195538330078126,1.0651867383068923
1758790036.6020675,target,3,1.6023077392578124,1.039166259765625,1.7849565563824905
1758790036.6020675,target,4,1.4918245849609375,2.563215087890625,-1.3021432939304283
1758790036.6020675,target,5,1.8060135498046874,1.4475450439453126,1.238289878896089
1758790036.6218638,herder,1,3.141943603515625,2.40044189453125,-3.0532124570222057
1758790036.6218638,herder,2,1.2363900146484375,2.29284033203125,-0.2165277465071608
1758790036.6218638,target,1,2.16743017578125,2.490901611328125,2.9372677442239707
1758790036.6218638,target,2,2.20086669921875,1.9195660400390624,1.0657446039762366
1758790036.6218638,target,3,1.6023865966796875,1.039095458984375,1.7832393501116075
1758790036.6218638,target,4,1.4903096923828125,2.56729931640625,-1.2957903231500443
1758790036.6218638,target,5,1.8100245361328124,1.44578515625,1.3162565829692487
1758790036.6419487,herder,1,3.141575439453125,2.40033740234375,-3.054340838376072
1758790036.6419487,herder,2,1.236388916015625,2.292839111328125,-0.2166300618272903
1758790036.6419487,target,1,2.1673017578125,2.486845458984375,2.8710746090139425
1758790036.6419487,target,2,2.200878173828125,1.919534912109375,1.0651894680470095
1758790036.6419487,target,3,1.602375,1.039116455078125,1.7846429691641337
1758790036.6419487,target,4,1.4891580810546876,2.571689208984375,-1.2884133669305247
1758790036.6419487,target,5,1.814357666015625,1.443808349609375,1.3904840757138828
1758790036.6618447,herder,1,3.140659423828125,2.4000126953125,-3.056461247235993
1758790036.6618447,herder,2,1.236408935546875,2.292832763671875,-0.21669998645066169
1758790036.6618447,target,1,2.16650537109375,2.48384912109375,2.8033869078001614
1758790036.6618447,target,2,2.200870361328125,1.9195372314453125,1.0656645094064525
1758790036.6618447,target,3,1.602191650390625,1.0392049560546874,1.7831920790022586
1758790036.6618447,target,4,1.48716796875,2.576,-1.2782042720497604
1758790036.6618447,target,5,1.8182529296875,1.4421468505859374,1.4624529415380205
1758790036.68198,herder,1,3.138948974609375,2.399771240234375,-3.0595614330609546
1758790036.68198,herder,2,1.2364163818359375,2.2928271484375,-0.21675779369107323
1758790036.68198,target,1,2.16551953125,2.47923193359375,2.735588951717251
1758790036.68198,target,2,2.200859130859375,1.91952978515625,1.065399125403826
1758790036.68198,target,3,1.6023704833984376,1.0391641845703126,1.7842991550674046
1758790036.68198,target,4,1.485013671875,2.58038623046875,-1.2670928981916774
1758790036.68198,target,5,1.822417236328125,1.441097412109375,1.5389084348506148
1758790036.7019165,herder,1,3.136647705078125,2.39937646484375,-3.0627231379070965
1758790036.7019165,herder,2,1.236404541015625,2.29282275390625,-0.21643623363420297
1758790036.7019165,target,1,2.164505859375,2.475232177734375,2.6651821630304995
1758790036.7019165,target,2,2.200861328125,1.9195162353515625,1.0651701601291064
1758790036.7019165,target,3,1.6024207763671876,1.0391170654296875,1.7846992950211888
1758790036.7019165,target,4,1.4830054931640626,2.5842216796875,-1.2589437584140895
1758790036.7019165,target,5,1.8266756591796875,1.4403341064453126,1.6096579723696598
1758790036.7219522,herder,1,3.13375537109375,2.399146728515625,-3.065661936169999
1758790036.7219522,herder,2,1.2364022216796875,2.292807861328125,-0.21649548896845724
1758790036.7219522,target,1,2.162225830078125,2.471671142578125,2.596900576893631
1758790036.7219522,target,2,2.20086279296875,1.9195296630859375,1.0652751552550828
1758790036.7219522,target,3,1.6023583984375,1.0391627197265625,1.7840919611345964
1758790036.7219522,target,4,1.4807811279296874,2.588877197265625,-1.2505196472539508
1758790036.7219522,target,5,1.831058349609375,1.4400262451171875,1.6823717243506928
1758790036.7418513,herder,1,3.13075048828125,2.398571533203125,-3.068352527819306
1758790036.7418513,herder,2,1.2363831787109374,2.292828857421875,-0.21658169216399173
1758790036.7418513,target,1,2.1608046875,2.467433349609375,2.522660700449928
1758790036.7418513,target,2,2.200873291015625,1.91953076171875,1.0654402712426678
1758790036.7418513,target,3,1.60232080078125,1.0391973876953124,1.78340646347001
1758790036.7418513,target,4,1.4790548095703124,2.59297900390625,-1.2430076687671643
1758790036.7418513,target,5,1.835203369140625,1.439452392578125,1.7593838183311137
1758790036.7618396,herder,1,3.12891162109375,2.39816748046875,-3.0690374928516744
1758790036.7618396,herder,2,1.236390625,2.292835693359375,-0.21678981820318144
1758790036.7618396,target,1,2.159654296875,2.46572509765625,2.490364545910537
1758790036.7618396,target,2,2.200849609375,1.919548583984375,1.0652891368508057
1758790036.7618396,target,3,1.602401123046875,1.03912451171875,1.7830687746437879
1758790036.7618396,target,4,1.4782425537109376,2.59472900390625,-1.241800058370868
1758790036.7618396,target,5,1.8374512939453125,1.4394024658203124,1.7918141961894447
1758790036.78193,herder,1,3.12488232421875,2.397316162109375,-3.0717291497654173
1758790036.78193,herder,2,1.2363895263671876,2.292840576171875,-0.2167529001325702
1758790036.78193,target,1,2.157854736328125,2.46235693359375,2.4172799487477103
1758790036.78193,target,2,2.200865234375,1.9195323486328124,1.064941527749523
1758790036.78193,target,3,1.6023712158203125,1.03917529296875,1.783389286080979
1758790036.78193,target,4,1.4759429931640624,2.599371337890625,-1.2332795407792683
1758790036.78193,target,5,1.8416890869140625,1.4395665283203125,1.8654532634912258
1758790036.8020391,herder,1,3.1213447265625,2.39678125,-3.075133468586866
1758790036.8020391,herder,2,1.2363841552734376,2.29284423828125,-0.21665166672163358
1758790036.8020391,target,1,2.155362548828125,2.45891015625,2.343556192923265
1758790036.8020391,target,2,2.200869873046875,1.9194918212890626,1.0651931298935085
1758790036.8020391,target,3,1.602306640625,1.0392156982421874,1.7840750500616744
1758790036.8020391,target,4,1.473758544921875,2.6034375,-1.229303973903998
1758790036.8020391,target,5,1.84568994140625,1.4398543701171875,1.938046107958769
1758790036.8219645,herder,1,3.1180380859375,2.396626953125,-3.0787396550189423
1758790036.8219645,herder,2,1.2364066162109375,2.292843017578125,-0.2168360240480943
1758790036.8219645,target,1,2.152642578125,2.45532763671875,2.2727246300426454
1758790036.8219645,target,2,2.200884521484375,1.9194610595703125,1.065374824058879
1758790036.8219645,target,3,1.602367919921875,1.0391092529296875,1.7837247112202745
1758790036.8219645,target,4,1.4719937744140625,2.607887451171875,-1.2227804276557945
1758790036.8219645,target,5,1.8499501953125,1.4409378662109376,2.006388014694328
1758790036.8419507,herder,1,3.1180380859375,2.396626953125,-3.0787396550189423
1758790036.8419507,herder,2,1.2364066162109375,2.292843017578125,-0.2168360240480943
1758790036.8419507,target,1,2.152642578125,2.45532763671875,2.2727246300426454
1758790036.8419507,target,2,2.200884521484375,1.9194610595703125,1.065374824058879
1758790036.8419507,target,3,1.602367919921875,1.0391092529296875,1.7837247112202745
1758790036.8419507,target,4,1.4719937744140625,2.607887451171875,-1.2227804276557945
1758790036.8419507,target,5,1.8499501953125,1.4409378662109376,2.006388014694328
1758790036.8619797,herder,1,3.1180380859375,2.396626953125,-3.0787396550189423
1758790036.8619797,herder,2,1.2364066162109375,2.292843017578125,-0.2168360240480943
1758790036.8619797,target,1,2.152642578125,2.45532763671875,2.2727246300426454
1758790036.8619797,target,2,2.200884521484375,1.9194610595703125,1.065374824058879
1758790036.8619797,target,3,1.602367919921875,1.0391092529296875,1.7837247112202745
1758790036.8619797,target,4,1.4719937744140625,2.607887451171875,-1.2227804276557945
1758790036.8619797,target,5,1.8499501953125,1.4409378662109376,2.006388014694328
1758790036.8820317,herder,1,3.11415771484375,2.3961142578125,-3.082775409334848
1758790036.8820317,herder,2,1.2364052734375,2.29283154296875,-0.21674501051784084
1758790036.8820317,target,1,2.149357666015625,2.45233642578125,2.203170052904719
1758790036.8820317,target,2,2.200861328125,1.919524169921875,1.065578822198379
1758790036.8820317,target,3,1.60234033203125,1.0391126708984375,1.7834259045459675
1758790036.8820317,target,4,1.4703095703125,2.611832275390625,-1.2123504235626081
1758790036.8820317,target,5,1.854276123046875,1.44223876953125,2.0750922444961923
1758790036.9018579,herder,1,3.109703369140625,2.3957060546875,-3.087438338087468
1758790036.9018579,herder,2,1.236400634765625,2.2928486328125,-0.21675579632025566
1758790036.9018579,target,1,2.146637451171875,2.4491533203125,2.133189636308489
1758790036.9018579,target,2,2.200875244140625,1.9195067138671875,1.0653968617168994
1758790036.9018579,target,3,1.60233984375,1.0391842041015624,1.7847970330331948
1758790036.9018579,target,4,1.4684014892578126,2.6163193359375,-1.2056897245182654
1758790036.9018579,target,5,1.8580260009765626,1.4437095947265626,2.151167438405123
1758790036.9218807,herder,1,3.10721826171875,2.395283203125,-3.08902957683879
1758790036.9218807,herder,2,1.2363734130859374,2.29282958984375,-0.21677114278603726
1758790036.9218807,target,1,2.14481494140625,2.4477734375,2.0964650443504596
1758790036.9218807,target,2,2.200890869140625,1.9194990234375,1.065434811762433
1758790036.9218807,target,3,1.602348388671875,1.0391966552734375,1.7832322927347188
1758790036.9218807,target,4,1.4670855712890625,2.618443603515625,-1.2061006502744647
1758790036.9218807,target,5,1.8598731689453125,1.4448084716796874,2.1829505349605105
1758790036.9418685,herder,1,3.092579833984375,2.393222412109375,-3.1015323192083852
1758790036.9418685,herder,2,1.236424560546875,2.2928623046875,-0.2173605169800286
1758790036.9418685,target,1,2.13673046875,2.442270751953125,1.9273178298234939
1758790036.9418685,target,2,2.20086181640625,1.91954931640625,1.0654169020041022
1758790036.9418685,target,3,1.6022890625,1.0391785888671874,1.7841223211710233
1758790036.9418685,target,4,1.462203857421875,2.62939697265625,-1.1891963684132412
1758790036.9418685,target,5,1.8689534912109376,1.4506522216796875,2.358318361161683
1758790036.9619205,herder,1,3.081836669921875,2.392278076171875,-3.109445902387556
1758790036.9619205,herder,2,1.2364725341796876,2.292858154296875,-0.21763112743629429
1758790036.9619205,target,1,2.128937255859375,2.4390673828125,1.7898969865206966
1758790036.9619205,target,2,2.20085546875,1.9195458984375,1.065028679696196
1758790036.9619205,target,3,1.6020982666015624,1.03922705078125,1.7811783297439951
1758790036.9619205,target,4,1.45802001953125,2.638061279296875,-1.1801914218193563
1758790036.9619205,target,5,1.875624267578125,1.4555078125,2.5089986840578216
1758790036.9818623,herder,1,3.078258056640625,2.391957763671875,-3.113290175421085
1758790036.9818623,herder,2,1.2364617919921874,2.292864501953125,-0.21756320018374045
1758790036.9818623,target,1,2.127447998046875,2.43849951171875,1.7540504387740665
1758790036.9818623,target,2,2.20085693359375,1.9195462646484376,1.0652494557505636
1758790036.9818623,target,3,1.602139892578125,1.0391593017578125,1.7792802948350956
1758790036.9818623,target,4,1.45656982421875,2.6401474609375,-1.1796510664341793
1758790036.9818623,target,5,1.87678955078125,1.45691357421875,2.5433446736882463
1758790037.0020332,herder,1,3.075147705078125,2.391566650390625,-3.1153887463600674
1758790037.0020332,herder,2,1.2364620361328125,2.29285302734375,-0.21753448797823802
1758790037.0020332,target,1,2.1256611328125,2.437730712890625,1.7168351593851903
1758790037.0020332,target,2,2.20085986328125,1.9195394287109375,1.0651527164239665
1758790037.0020332,target,3,1.6022266845703126,1.039169921875,1.782920836045234
1758790037.0020332,target,4,1.45536279296875,2.64221435546875,-1.1728466898490266
1758790037.0020332,target,5,1.8781612548828126,1.45866845703125,2.5800792525003633
1758790037.0218532,herder,1,3.06084521484375,2.389666015625,-3.1290694048798047
1758790037.0218532,herder,2,1.236442138671875,2.292867431640625,-0.21760574418215445
1758790037.0218532,target,1,2.11541943359375,2.435146484375,1.5427345983887317
1758790037.0218532,target,2,2.200876708984375,1.9194786376953126,1.0653256221577398
1758790037.0218532,target,3,1.60240185546875,1.039124267578125,1.7838585350650509
1758790037.0218532,target,4,1.4500753173828125,2.65283935546875,-1.1573379043990049
1758790037.0218532,target,5,1.8837393798828126,1.4682213134765625,2.7635063367923336
1758790037.04182,herder,1,3.055375732421875,2.389614501953125,-3.132170655969202
1758790037.04182,herder,2,1.236464111328125,2.292858154296875,-0.21765256588306942
1758790037.04182,target,1,2.1113271484375,2.4340859375,1.4716499020465001
1758790037.04182,target,2,2.200854248046875,1.9195223388671876,1.0652441960074106
1758790037.04182,target,3,1.602422607421875,1.0391279296875,1.783645615335899
1758790037.04182,target,4,1.4478408203125,2.656605224609375,-1.1502967727929443
1758790037.04182,target,5,1.8854271240234375,1.472131103515625,2.8353983704190227
1758790037.061896,herder,1,3.048992919921875,2.389499755859375,-3.135796816109454
1758790037.061896,herder,2,1.236456787109375,2.292870361328125,-0.21772011030621655
1758790037.061896,target,1,2.1069052734375,2.434449951171875,1.4033595274780342
1758790037.061896,target,2,2.200879638671875,1.9195255126953126,1.0653469274464604
1758790037.061896,target,3,1.60240625,1.03913037109375,1.783977977839941
1758790037.061896,target,4,1.445614990234375,2.660894287109375,-1.1441005290427115
1758790037.061896,target,5,1.887128173828125,1.475831298828125,2.9145656275115903
1758790037.0818841,herder,1,3.042737060546875,2.388948974609375,-3.1390032620619093
1758790037.0818841,herder,2,1.23647607421875,2.29285791015625,-0.2177596083141338
1758790037.0818841,target,1,2.102787109375,2.4344609375,1.3346791329679264
1758790037.0818841,target,2,2.200884521484375,1.919507568359375,1.0650430607660824
1758790037.0818841,target,3,1.60233349609375,1.039139404296875,1.7823878043530548
1758790037.0818841,target,4,1.44302197265625,2.665336669921875,-1.1382012277540223
1758790037.0818841,target,5,1.8886689453125,1.4792537841796876,2.9841545594275787
1758790037.1018913,herder,1,3.037863525390625,2.388889892578125,3.140406215324163
1758790037.1018913,herder,2,1.2364561767578126,2.2928505859375,-0.21769815587198021
1758790037.1018913,target,1,2.099152587890625,2.434483154296875,1.2642776706033545
1758790037.1018913,target,2,2.200876220703125,1.919517333984375,1.0651730230272782
1758790037.1018913,target,3,1.6024212646484375,1.0391221923828124,1.7847959677687588
1758790037.1018913,target,4,1.440211181640625,2.6695234375,-1.1319489244628433
1758790037.1018913,target,5,1.889968017578125,1.483959228515625,3.059171279961258
1758790037.1219416,herder,1,3.03256201171875,2.3878349609375,3.1364868411478932
1758790037.1219416,herder,2,1.2364468994140625,2.292887939453125,-0.21792628890885912
1758790037.1219416,target,1,2.0945,2.43515625,1.1953685105556089
1758790037.1219416,target,2,2.20084619140625,1.91955908203125,1.0652274846715704
1758790037.1219416,target,3,1.602331298828125,1.03915185546875,1.781756901490815
1758790037.1219416,target,4,1.4382081298828124,2.6734384765625,-1.1236814071748014
1758790037.1219416,target,5,1.890764404296875,1.487826904296875,3.1330612170377243
1758790037.141873,herder,1,3.026791748046875,2.387556640625,3.1301903293826188
1758790037.141873,herder,2,1.2363883056640625,2.292869384765625,-0.21638916226193583
1758790037.141873,target,1,2.090226318359375,2.43572265625,1.1238658310802894
1758790037.141873,target,2,2.200848876953125,1.9195438232421875,1.0651748872400413
1758790037.141873,target,3,1.602344970703125,1.0391541748046875,1.7843802483225975
1758790037.141873,target,4,1.4353082275390625,2.677355712890625,-1.1169947423098305
1758790037.141873,target,5,1.89126025390625,1.4920941162109376,-3.078302097651842
1758790037.1619856,herder,1,3.024279052734375,2.387240966796875,3.127410521836794
1758790037.1619856,herder,2,1.236580322265625,2.292767822265625,-0.2161320839929591
1758790037.1619856,target,1,2.088068115234375,2.436502685546875,1.086354341599169
1758790037.1619856,target,2,2.200870361328125,1.919524169921875,1.0652787505225545
1758790037.1619856,target,3,1.6023642578125,1.0391580810546874,1.7850495007045344
1758790037.1619856,target,4,1.4342083740234375,2.67931396484375,-1.1123939983686641
1758790037.1619856,target,5,1.8910244140625,1.4944139404296874,-3.0444695654795844
1758790037.1819394,herder,1,3.024279052734375,2.387240966796875,3.127410521836794
1758790037.1819394,herder,2,1.236580322265625,2.292767822265625,-0.2161320839929591
1758790037.1819394,target,1,2.088068115234375,2.436502685546875,1.086354341599169
1758790037.1819394,target,2,2.200870361328125,1.919524169921875,1.0652787505225545
1758790037.1819394,target,3,1.6023642578125,1.0391580810546874,1.7850495007045344
1758790037.1819394,target,4,1.4342083740234375,2.67931396484375,-1.1123939983686641
1758790037.1819394,target,5,1.8910244140625,1.4944139404296874,-3.0444695654795844
1758790037.2019665,herder,1,3.024279052734375,2.387240966796875,3.127410521836794
1758790037.2019665,herder,2,1.236580322265625,2.292767822265625,-0.2161320839929591
1758790037.2019665,target,1,2.088068115234375,2.436502685546875,1.086354341599169
1758790037.2019665,target,2,2.200870361328125,1.919524169921875,1.0652787505225545
1758790037.2019665,target,3,1.6023642578125,1.0391580810546874,1.7850495007045344
1758790037.2019665,target,4,1.4342083740234375,2.67931396484375,-1.1123939983686641
1758790037.2019665,target,5,1.8910244140625,1.4944139404296874,-3.0444695654795844
1758790037.2218547,herder,1,3.004638671875,2.386630126953125,3.1151578502935577
1758790037.2218547,herder,2,1.2434136962890625,2.2914697265625,-0.2114293409820427
1758790037.2218547,target,1,2.0744453125,2.440694580078125,0.8524529643781719
1758790037.2218547,target,2,2.2008662109375,1.9195428466796876,1.0650573752569417
1758790037.2218547,target,3,1.602423583984375,1.039174560546875,1.7842038139003797
1758790037.2218547,target,4,1.42612353515625,2.692672119140625,-1.0879827980267252
1758790037.2218547,target,5,1.8903067626953125,1.5087706298828125,-2.800415352655851
1758790037.2419622,herder,1,2.999385009765625,2.386455810546875,3.111202523442572
1758790037.2419622,herder,2,1.24688330078125,2.290412841796875,-0.20871376555275933
1758790037.2419622,target,1,2.071167724609375,2.442474609375,0.7846031432330324
1758790037.2419622,target,2,2.200858642578125,1.9195391845703125,1.0652675652459762
1758790037.2419622,target,3,1.6023150634765626,1.0391588134765626,1.7818238799922304
1758790037.2419622,target,4,1.4231552734375,2.696529296875,-1.0779251704329593
1758790037.2419622,target,5,1.888948974609375,1.5127330322265624,-2.722270749421874
1758790037.2619472,herder,1,2.996400634765625,2.38590625,3.109515144575898
1758790037.2619472,herder,2,1.2489234619140626,2.28991748046875,-0.2078451922079868
1758790037.2619472,target,1,2.069294677734375,2.44364013671875,0.7544118180611856
1758790037.2619472,target,2,2.200880859375,1.9195181884765624,1.065599927750018
1758790037.2619472,target,3,1.6024293212890626,1.0391680908203125,1.7833373544397224
1758790037.2619472,target,4,1.421890380859375,2.698525146484375,-1.0727692905625659
1758790037.2619472,target,5,1.8885086669921876,1.515205078125,-2.6897879072900683
1758790037.2821872,herder,1,2.988130615234375,2.38572265625,3.1026308731580428
1758790037.2821872,herder,2,1.2550369873046876,2.2890888671875,-0.2044347148265177
1758790037.2821872,target,1,2.064180419921875,2.4467978515625,0.6528650196432735
1758790037.2821872,target,2,2.2008720703125,1.91947998046875,1.0652472586426642
1758790037.2821872,target,3,1.6023985595703125,1.0391248779296876,1.7854176827252377
1758790037.2821872,target,4,1.418331298828125,2.70468408203125,-1.0612943952156868
1758790037.2821872,target,5,1.8862105712890624,1.52085400390625,-2.5884575572897526
1758790037.301925,herder,1,2.98272021484375,2.38516650390625,3.0991618395221057
1758790037.301925,herder,2,1.2586038818359375,2.28852294921875,-0.2020318777329937
1758790037.301925,target,1,2.061202880859375,2.449510009765625,0.5917576565879421
1758790037.301925,target,2,2.200849853515625,1.9195540771484374,1.0650523818298978
1758790037.301925,target,3,1.6024229736328126,1.03912744140625,1.784316998246708
1758790037.301925,target,4,1.415700439453125,2.708468994140625,-1.0542350875351867
1758790037.301925,target,5,1.8846168212890626,1.52397021484375,-2.519770638034974
1758790037.3220785,herder,1,2.9770341796875,2.385246337890625,3.0948587038327555
1758790037.3220785,herder,2,1.2623638916015625,2.287483154296875,-0.19827553894970737
1758790037.3220785,target,1,2.05863818359375,2.452012939453125,0.524680551633089
1758790037.3220785,target,2,2.200847412109375,1.9195528564453126,1.0651276827097198
1758790037.3220785,target,3,1.6022515869140626,1.0392327880859376,1.7805479595139735
1758790037.3220785,target,4,1.412702880859375,2.7117197265625,-1.045398785617331
1758790037.3220785,target,5,1.882649658203125,1.5274659423828125,-2.448216293234507
1758790037.3418002,herder,1,2.971025146484375,2.385314697265625,3.091853060226492
1758790037.3418002,herder,2,1.2670035400390625,2.286482177734375,-0.19399457407643225
1758790037.3418002,target,1,2.056037353515625,2.455541748046875,0.4601227637799374
1758790037.3418002,target,2,2.200853271484375,1.919550537109375,1.0652541828614985
1758790037.3418002,target,3,1.6024244384765625,1.039198486328125,1.78402791211038
1758790037.3418002,target,4,1.410111328125,2.715781494140625,-1.0349362909588458
1758790037.3418002,target,5,1.880111328125,1.530778564453125,-2.3820822802006782
1758790037.3619661,herder,1,2.965089111328125,2.38516455078125,3.0884615245782765
1758790037.3619661,herder,2,1.27167041015625,2.2855302734375,-0.19053416242452417
1758790037.3619661,target,1,2.053641845703125,2.45907861328125,0.3934713318358199
1758790037.3619661,target,2,2.200860595703125,1.9195460205078125,1.0651547803738113
1758790037.3619661,target,3,1.6023544921875,1.0391971435546874,1.783088881510018
1758790037.3619661,target,4,1.4077314453125,2.7199208984375,-1.031526046603972
1758790037.3619661,target,5,1.8773126220703125,1.533825439453125,-2.3039246274773597
1758790037.382152,herder,1,2.960070068359375,2.38500146484375,3.08549955681389
1758790037.382152,herder,2,1.2766407470703125,2.2843583984375,-0.1872737042362106
1758790037.382152,target,1,2.051875,2.462436279296875,0.32457465535568386
1758790037.382152,target,2,2.200833740234375,1.919555419921875,1.0649739517357948
1758790037.382152,target,3,1.6023551025390625,1.03916943359375,1.7843485567056254
1758790037.382152,target,4,1.4050946044921875,2.723548828125,-1.0243108774206748
1758790037.382152,target,5,1.8744730224609376,1.537205078125,-2.2316468349667726
1758790037.4019732,herder,1,2.95461328125,2.38455615234375,3.082266212934425
1758790037.4019732,herder,2,1.28240087890625,2.2829560546875,-0.18365298693143656
1758790037.4019732,target,1,2.04994482421875,2.466079833984375,0.2565985171510905
1758790037.4019732,target,2,2.200861328125,1.9195635986328126,1.0656492628092118
1758790037.4019732,target,3,1.6024188232421874,1.03915283203125,1.7838787750893355
1758790037.4019732,target,4,1.40223193359375,2.72715625,-1.0145918707595123
1758790037.4019732,target,5,1.8714671630859374,1.5403302001953125,-2.1578526385314944
1758790037.421942,herder,1,2.948653564453125,2.3845283203125,3.0782869176336285
1758790037.421942,herder,2,1.2882139892578126,2.281697265625,-0.17968882171458317
1758790037.421942,target,1,2.04831640625,2.469826416015625,0.18607964267195995
1758790037.421942,target,2,2.200857421875,1.9195406494140625,1.0652324780986144
1758790037.421942,target,3,1.6022779541015626,1.0391644287109374,1.7843675983074196
1758790037.421942,target,4,1.3998189697265624,2.730752197265625,-1.0052268647862488
1758790037.421942,target,5,1.8679921875,1.5428546142578126,-2.082469866505984
1758790037.4419549,herder,1,2.94281298828125,2.384482421875,3.0749326662406737
1758790037.4419549,herder,2,1.2934942626953125,2.281091796875,-0.17632193695120732
1758790037.4419549,target,1,2.0465648193359374,2.47387060546875,0.11745302737111475
1758790037.4419549,target,2,2.200845458984375,1.919551025390625,1.0653258218948216
1758790037.4419549,target,3,1.6023775634765625,1.03919482421875,1.786061901392928
1758790037.4419549,target,4,1.396813720703125,2.734524169921875,-0.9994174451843498
1758790037.4419549,target,5,1.8642799072265626,1.545724609375,-2.012502099924932
1758790037.4618568,herder,1,2.937767333984375,2.384845703125,3.0714186251823143
1758790037.4618568,herder,2,1.29952294921875,2.28013134765625,-0.173542362431978
1758790037.4618568,target,1,2.0455277099609375,2.477451416015625,0.051742099088337164
1758790037.4618568,target,2,2.200849609375,1.9195528564453126,1.0653835459114491
1758790037.4618568,target,3,1.60226318359375,1.039187744140625,1.783911665128798
1758790037.4618568,target,4,1.394259765625,2.73862109375,-0.992999759589477
1758790037.4618568,target,5,1.860683349609375,1.5476328125,-1.9307449186722623
1758790037.482083,herder,1,2.93230810546875,2.38456982421875,3.0682771603604566
1758790037.482083,herder,2,1.305921875,2.278989013671875,-0.17069387861954285
1758790037.482083,target,1,2.0445399169921874,2.480974853515625,-0.01609414409643215
1758790037.482083,target,2,2.200875732421875,1.9195291748046874,1.0654872760359078
1758790037.482083,target,3,1.6022586669921874,1.03913916015625,1.7837175206853313
1758790037.482083,target,4,1.3912364501953125,2.742218994140625,-0.9887918984881244
1758790037.482083,target,5,1.8566685791015625,1.5495604248046875,-1.8638110252050284
1758790037.501936,herder,1,2.92645947265625,2.38485546875,3.0644280936369652
1758790037.501936,herder,2,1.31071142578125,2.278361083984375,-0.16670802528456213
1758790037.501936,target,1,2.04389306640625,2.485188232421875,-0.08226476311168185
1758790037.501936,target,2,2.200870849609375,1.919499267578125,1.0650264825882967
1758790037.501936,target,3,1.6022864990234376,1.039145263671875,1.782565170881654
1758790037.501936,target,4,1.38881494140625,2.745406982421875,-0.9832109781077544
1758790037.501936,target,5,1.85274462890625,1.55065869140625,-1.7917998151195582
1758790037.5218616,herder,1,2.92103857421875,2.38453173828125,3.061290090924525
1758790037.5218616,herder,2,1.3157283935546875,2.276783447265625,-0.16192182546298536
1758790037.5218616,target,1,2.0438193359375,2.488448974609375,-0.14783210539981215
1758790037.5218616,target,2,2.20086376953125,1.919485107421875,1.0651179621717408
1758790037.5218616,target,3,1.6023406982421875,1.0391209716796874,1.7834153850596617
1758790037.5218616,target,4,1.38601171875,2.749140625,-0.9780526348133527
1758790037.5218616,target,5,1.8488748779296875,1.552044677734375,-1.716576433285289
1758790037.5418763,herder,1,2.91575927734375,2.384722412109375,3.058157680850374
1758790037.5418763,herder,2,1.3219268798828125,2.275780517578125,-0.15571003550988916
1758790037.5418763,target,1,2.0433704833984376,2.492578125,-0.21197695348119022
1758790037.5418763,target,2,2.200868408203125,1.919536865234375,1.0652475249587732
1758790037.5418763,target,3,1.6022908935546876,1.039134765625,1.7838441539951646
1758790037.5418763,target,4,1.38295556640625,2.753051025390625,-0.9740746710931013
1758790037.5418763,target,5,1.8444989013671875,1.5532891845703125,-1.6399038923438534
1758790037.5619016,herder,1,2.911494140625,2.384898681640625,3.0550218086668055
1758790037.5619016,herder,2,1.3272265625,2.275149658203125,-0.15060310786928277
1758790037.5619016,target,1,2.0436907958984376,2.496865234375,-0.2803640174419828
1758790037.5619016,target,2,2.20086181640625,1.919555908203125,1.065485212086063
1758790037.5619016,target,3,1.602384033203125,1.039130126953125,1.7834731756553164
1758790037.5619016,target,4,1.380445556640625,2.75680517578125,-0.9712757553664553
1758790037.5619016,target,5,1.840125732421875,1.5536602783203124,-1.5711380103627537
1758790037.5819597,herder,1,2.905937255859375,2.38500439453125,3.0525637109806625
1758790037.5819597,herder,2,1.3313790283203124,2.274351318359375,-0.14643258095746187
1758790037.5819597,target,1,2.04428076171875,2.5011318359375,-0.34895559552973665
1758790037.5819597,target,2,2.200872802734375,1.919538330078125,1.0654766233915474
1758790037.5819597,target,3,1.6023853759765625,1.0391676025390626,1.7844895710853452
1758790037.5819597,target,4,1.3775933837890626,2.760376708984375,-0.9701051629093109
1758790037.5819597,target,5,1.835939697265625,1.5542498779296876,-1.493512190909124
1758790037.6019928,herder,1,2.89972607421875,2.385540771484375,3.04909334576418
1758790037.6019928,herder,2,1.3363824462890626,2.2739267578125,-0.14180630395934435
1758790037.6019928,target,1,2.0448909912109374,2.504845458984375,-0.41061686280229087
1758790037.6019928,target,2,2.200862548828125,1.91954345703125,1.0650036459819492
1758790037.6019928,target,3,1.6023360595703124,1.0392132568359376,1.7836113937158915
1758790037.6019928,target,4,1.37524462890625,2.76406884765625,-0.9687135280816901
1758790037.6019928,target,5,1.8318958740234375,1.5542218017578124,-1.4226023310924563
1758790037.6221163,herder,1,2.893489990234375,2.385180419921875,3.0463249898110427
1758790037.6221163,herder,2,1.341826904296875,2.27293310546875,-0.13738343421186003
1758790037.6221163,target,1,2.0458851318359375,2.5090888671875,-0.4798399429635298
1758790037.6221163,target,2,2.20087158203125,1.9195234375,1.0651297466595646
1758790037.6221163,target,3,1.60235302734375,1.0391751708984376,1.7848653431151553
1758790037.6221163,target,4,1.372900634765625,2.76721875,-0.9645370922812005
1758790037.6221163,target,5,1.8276051025390625,1.5543944091796875,-1.3469468513713219
1758790037.6418726,herder,1,2.888802001953125,2.3853955078125,3.0430626174756954
1758790037.6418726,herder,2,1.3463326416015624,2.272041259765625,-0.13262845163168602
1758790037.6418726,target,1,2.0473665771484373,2.512546142578125,-0.5438722891336089
1758790037.6418726,target,2,2.2008759765625,1.919511474609375,1.0653826138050675
1758790037.6418726,target,3,1.6023167724609375,1.03910888671875,1.782813244337195
1758790037.6418726,target,4,1.370201416015625,2.770863037109375,-0.9579032911638676
1758790037.6418726,target,5,1.8237811279296876,1.5537630615234375,-1.2737253677284652
1758790037.6620126,herder,1,2.883297119140625,2.385339599609375,3.040418631145465
1758790037.6620126,herder,2,1.3513455810546875,2.27142724609375,-0.12847194792748007
1758790037.6620126,target,1,2.049388427734375,2.51583447265625,-0.6105268170024936
1758790037.6620126,target,2,2.20087109375,1.9195318603515625,1.0656756946830308
1758790037.6620126,target,3,1.60221923828125,1.03920654296875,1.783521112554938
1758790037.6620126,target,4,1.3668804931640626,2.77450830078125,-0.952612855079398
1758790037.6620126,target,5,1.819068603515625,1.5540245361328124,-1.2002795127637695
1758790037.6820207,herder,1,2.876792724609375,2.385767333984375,3.037196472542578
1758790037.6820207,herder,2,1.3566837158203124,2.27065283203125,-0.12506191995444493
1758790037.6820207,target,1,2.051088623046875,2.519310302734375,-0.6766599645089679
1758790037.6820207,target,2,2.2008642578125,1.919543701171875,1.0652208267688452
1758790037.6820207,target,3,1.60228173828125,1.039169677734375,1.7843070113926203
1758790037.6820207,target,4,1.363947021484375,2.777657958984375,-0.9478730941293295
1758790037.6820207,target,5,1.8145291748046875,1.553184814453125,-1.1293061365551031
1758790037.7018733,herder,1,2.8710703125,2.385944091796875,3.0339274423045057
1758790037.7018733,herder,2,1.3616943359375,2.270049560546875,-0.12098655943970232
1758790037.7018733,target,1,2.053643798828125,2.522510498046875,-0.7470141557641907
1758790037.7018733,target,2,2.200863037109375,1.919513671875,1.065141997200579
1758790037.7018733,target,3,1.60234521484375,1.039166015625,1.7839131298673976
1758790037.7018733,target,4,1.360857666015625,2.7807783203125,-0.9376171276133798
1758790037.7018733,target,5,1.8104432373046875,1.552129638671875,-1.0566619596575486
1758790037.7219338,herder,1,2.866515625,2.38599072265625,3.0303606706565627
1758790037.7219338,herder,2,1.3659439697265625,2.2692900390625,-0.11692399042057051
1758790037.7219338,target,1,2.056013671875,2.525985595703125,-0.8209051581050932
1758790037.7219338,target,2,2.200864013671875,1.9195604248046876,1.0654636404812332
1758790037.7219338,target,3,1.6023533935546874,1.0391702880859375,1.7828675728234324
1758790037.7219338,target,4,1.3580614013671874,2.78389013671875,-0.9334040067688745
1758790037.7219338,target,5,1.80620361328125,1.55086865234375,-0.9819819292646829
1758790037.741868,herder,1,2.861349365234375,2.38628955078125,3.0273228028011094
1758790037.741868,herder,2,1.3715870361328124,2.26891796875,-0.11264196028285936
1758790037.741868,target,1,2.0590556640625,2.529082763671875,-0.8908797823259524
1758790037.741868,target,2,2.200869140625,1.919516845703125,1.0650373349697388
1758790037.741868,target,3,1.602307861328125,1.0391199951171874,1.7815851276005048
1758790037.741868,target,4,1.354856201171875,2.78785546875,-0.9254456824833907
1758790037.741868,target,5,1.8020013427734376,1.5486978759765626,-0.9073945768777518
1758790037.7618463,herder,1,2.85582470703125,2.386493896484375,3.024318490775391
1758790037.7618463,herder,2,1.37762255859375,2.268228759765625,-0.10781712798071962
1758790037.7618463,target,1,2.06214501953125,2.531615966796875,-0.9597766918326839
1758790037.7618463,target,2,2.20086376953125,1.9194906005859376,1.0649207550930206
1758790037.7618463,target,3,1.6023612060546875,1.0391661376953125,1.7843749220004173
1758790037.7618463,target,4,1.3519539794921875,2.790938720703125,-0.9246450031016583
1758790037.7618463,target,5,1.7981517333984376,1.5468939208984376,-0.8355976846810059
1758790037.7820663,herder,1,2.85033203125,2.3864130859375,3.0191988298958226
1758790037.7820663,herder,2,1.3816446533203126,2.26765283203125,-0.10386133507654317
1758790037.7820663,target,1,2.065263427734375,2.534606201171875,-1.032806494456082
1758790037.7820663,target,2,2.200845703125,1.9195443115234374,1.0652911342216234
1758790037.7820663,target,3,1.602314697265625,1.039197509765625,1.7840987521953762
1758790037.7820663,target,4,1.3488487548828125,2.794145751953125,-0.9204037193286254
1758790037.7820663,target,5,1.794347900390625,1.544423095703125,-0.7586768705469475
1758790037.801869,herder,1,2.84514111328125,2.386857421875,3.0142858303168443
1758790037.801869,herder,2,1.3862012939453126,2.26735205078125,-0.0998296920155699
1758790037.801869,target,1,2.0685849609375,2.537207275390625,-1.0990702034349977
1758790037.801869,target,2,2.200884033203125,1.919517822265625,1.0651104387416614
1758790037.801869,target,3,1.6022852783203125,1.0391563720703125,1.783631633740176
1758790037.801869,target,4,1.34592041015625,2.797426513671875,-0.9156434520381633
1758790037.801869,target,5,1.7907288818359375,1.54151904296875,-0.6833174677600026
1758790037.821869,herder,1,2.83954736328125,2.387420654296875,3.0104652594170167
1758790037.821869,herder,2,1.3921708984375,2.266681884765625,-0.09622714246285724
1758790037.821869,target,1,2.072099365234375,2.539423583984375,-1.1748580422623092
1758790037.821869,target,2,2.20087158203125,1.919542236328125,1.0654521888885458
1758790037.821869,target,3,1.6023134765625,1.03918359375,1.7854696143664943
1758790037.821869,target,4,1.3434169921875,2.8013603515625,-0.9140282448370303
1758790037.821869,target,5,1.7872352294921876,1.5389312744140624,-0.610787740210294
1758790037.841871,herder,1,2.83415478515625,2.38767529296875,3.00654774945351
1758790037.841871,herder,2,1.3977529296875,2.2662138671875,-0.0923747301432463
1758790037.841871,target,1,2.07639501953125,2.54107373046875,-1.2490778118397818
1758790037.841871,target,2,2.200848388671875,1.91956787109375,1.0652428644268657
1758790037.841871,target,3,1.6023214111328126,1.039163818359375,1.7829571881941135
1758790037.841871,target,4,1.3406502685546875,2.804764892578125,-0.9130597197275957
1758790037.841871,target,5,1.7845064697265625,1.53523828125,-0.5372281682670519
1758790037.8619614,herder,1,2.82874462890625,2.3882216796875,3.001735417363737
1758790037.8619614,herder,2,1.402309326171875,2.26577734375,-0.0876129565022926
1758790037.8619614,target,1,2.080786376953125,2.5428388671875,-1.3247482052630208
1758790037.8619614,target,2,2.20087060546875,1.9195196533203125,1.065002514138486
1758790037.8619614,target,3,1.6023699951171875,1.039159423828125,1.7837027401412813
1758790037.8619614,target,4,1.337854736328125,2.80816064453125,-0.9085089100568683
1758790037.8619614,target,5,1.782119873046875,1.53173095703125,-0.462568977109716
1758790037.882073,herder,1,2.8235390625,2.388478759765625,2.9977385451997463
1758790037.882073,herder,2,1.4068043212890624,2.265324951171875,-0.08387339563387378
1758790037.882073,target,1,2.08440576171875,2.54455419921875,-1.4033044000434696
1758790037.882073,target,2,2.200871337890625,1.9195382080078125,1.0652229572977172
1758790037.882073,target,3,1.60240673828125,1.0391644287109374,1.7842518839580557
1758790037.882073,target,4,1.3351114501953125,2.81146630859375,-0.9052045929343524
1758790037.882073,target,5,1.779303466796875,1.528086181640625,-0.3867888614495658
1758790037.9019456,herder,1,2.81876318359375,2.38875341796875,2.9946250435693345
1758790037.9019456,herder,2,1.412048583984375,2.265236572265625,-0.07928543486593977
1758790037.9019456,target,1,2.089060546875,2.545773681640625,-1.4757025674353281
1758790037.9019456,target,2,2.200883056640625,1.91952734375,1.0653802169600866
1758790037.9019456,target,3,1.60236181640625,1.0392091064453124,1.784045888447738
1758790037.9019456,target,4,1.3324256591796875,2.815276123046875,-0.9037401872299451
1758790037.9019456,target,5,1.7775318603515624,1.5240572509765624,-0.3167236231726166
1758790037.9220276,herder,1,2.81323046875,2.3891181640625,2.9907354967972735
1758790037.9220276,herder,2,1.41718701171875,2.2645048828125,-0.07320039473597452
1758790037.9220276,target,1,2.092984130859375,2.54618212890625,-1.5528504826313432
1758790037.9220276,target,2,2.20087109375,1.91954150390625,1.065236073366086
1758790037.9220276,target,3,1.602361572265625,1.0392003173828126,1.7840685253170037
1758790037.9220276,target,4,1.3288355712890625,2.818474365234375,-0.8948533518304053
1758790037.9220276,target,5,1.7760806884765625,1.520484619140625,-0.25551401137618296
1758790037.941865,herder,1,2.807390625,2.389782470703125,2.986823313155947
1758790037.941865,herder,2,1.42106396484375,2.26399658203125,-0.06635282916808155
1758790037.941865,target,1,2.097987548828125,2.547021484375,-1.629605448408517
1758790037.941865,target,2,2.200870361328125,1.9195220947265625,1.0654756912851657
1758790037.941865,target,3,1.6023280029296876,1.039130859375,1.7848411083492357
1758790037.941865,target,4,1.325619873046875,2.821776611328125,-0.8886411291136319
1758790037.941865,target,5,1.7752320556640624,1.5177911376953126,-0.21243053974910117
1758790037.9618742,herder,1,2.802994873046875,2.39040869140625,2.983282906802796
1758790037.9618742,herder,2,1.4257381591796876,2.263856689453125,-0.05956719041791133
1758790037.9618742,target,1,2.10235546875,2.547352294921875,-1.701839698235281
1758790037.9618742,target,2,2.200840576171875,1.9195411376953124,1.0651824106701209
1758790037.9618742,target,3,1.6022855224609376,1.0391541748046875,1.7840717211103119
1758790037.9618742,target,4,1.322563720703125,2.8248544921875,-0.8830455613472664
1758790037.9618742,target,5,1.7742694091796876,1.5162286376953125,-0.17564432890135026
1758790037.9819806,herder,1,2.797982666015625,2.390544921875,2.980584591986328
1758790037.9819806,herder,2,1.4309962158203124,2.2634462890625,-0.05420008026118261
1758790037.9819806,target,1,2.10650830078125,2.547651611328125,-1.7762413617152062
1758790037.9819806,target,2,2.200828857421875,1.9195269775390624,1.0649075058665973
1758790037.9819806,target,3,1.60237158203125,1.0391787109375,1.7845944996322942
1758790037.9819806,target,4,1.3196505126953124,2.827982177734375,-0.8791476921967991
1758790037.9819806,target,5,1.77312158203125,1.514979736328125,-0.15153952524282507
1758790038.0020583,herder,1,2.791801513671875,2.391318603515625,2.976380792205638
1758790038.0020583,herder,2,1.4365963134765625,2.2632373046875,-0.048570041203457405
1758790038.0020583,target,1,2.11045703125,2.546951416015625,-1.8486705549337643
1758790038.0020583,target,2,2.20085009765625,1.919539306640625,1.0651746875029595
1758790038.0020583,target,3,1.602314208984375,1.0392099609375,1.7847815866988723
1758790038.0020583,target,4,1.316263427734375,2.831379150390625,-0.8752753228137694
1758790038.0020583,target,5,1.772567626953125,1.513853271484375,-0.13428579503469118
1758790038.0219529,herder,1,2.78702392578125,2.391502685546875,2.972257952522086
1758790038.0219529,herder,2,1.4419586181640625,2.262849365234375,-0.04368592443873898
1758790038.0219529,target,1,2.114982421875,2.5464873046875,-1.919440598793203
1758790038.0219529,target,2,2.200878173828125,1.9195184326171875,1.0655910727393936
1758790038.0219529,target,3,1.6022713623046876,1.03914111328125,1.7809522273674474
1758790038.0219529,target,4,1.3132330322265624,2.834655517578125,-0.8703573963867747
1758790038.0219529,target,5,1.772564697265625,1.51343359375,-0.12663682187695532
1758790038.041904,herder,1,2.782390625,2.391694091796875,2.9682328508505402
1758790038.041904,herder,2,1.445914306640625,2.262620849609375,-0.038838251369062604
1758790038.041904,target,1,2.11926904296875,2.5457998046875,-1.9894404564653907
1758790038.041904,target,2,2.200876953125,1.9195069580078126,1.0655349466194202
1758790038.041904,target,3,1.602229736328125,1.039205810546875,1.781007354802012
1758790038.041904,target,4,1.3102884521484375,2.837992431640625,-0.8667528078513523
1758790038.041904,target,5,1.772772705078125,1.51352734375,-0.12631803317209442
1758790038.0618296,herder,1,2.77676513671875,2.39240673828125,2.9637667297024772
1758790038.0618296,herder,2,1.4510283203125,2.2624453125,-0.034793157263989835
1758790038.0618296,target,1,2.123283203125,2.544352783203125,-2.05983179881782
1758790038.0618296,target,2,2.200854248046875,1.919554443359375,1.0654557841560175
1758790038.0618296,target,3,1.602341796875,1.0391826171875,1.7823101732072788
1758790038.0618296,target,4,1.3070367431640626,2.841017822265625,-0.8622463398127748
1758790038.0618296,target,5,1.7726915283203124,1.5135531005859375,-0.12743797563425682
1758790038.0820742,herder,1,2.7710751953125,2.39333203125,2.960491307877789
1758790038.0820742,herder,2,1.4570294189453126,2.262023681640625,-0.0300362210054849
1758790038.0820742,target,1,2.1270439453125,2.542806884765625,-2.1308869340719516
1758790038.0820742,target,2,2.20087548828125,1.9195277099609376,1.065573762192308
1758790038.0820742,target,3,1.602386962890625,1.03921484375,1.7833858239715619
1758790038.0820742,target,4,1.3038895263671875,2.8439482421875,-0.8547597279353712
1758790038.0820742,target,5,1.772764404296875,1.5135146484375,-0.12667155948442405
1758790038.101962,herder,1,2.7671962890625,2.3938330078125,2.95837835586892
1758790038.101962,herder,2,1.4620723876953126,2.26203857421875,-0.025947894225184977
1758790038.101962,target,1,2.131032470703125,2.541369873046875,-2.2017745564935174
1758790038.101962,target,2,2.200858642578125,1.9195396728515626,1.0651746875029595
1758790038.101962,target,3,1.602328125,1.039200927734375,1.782629885696143
1758790038.101962,target,4,1.3009794921875,2.847242431640625,-0.8475325079481415
1758790038.101962,target,5,1.7727510986328125,1.51350146484375,-0.12663727128538926
1758790038.1221607,herder,1,2.7624775390625,2.394320556640625,2.955393751235268
1758790038.1221607,herder,2,1.466436279296875,2.261940673828125,-0.02284699891746458
1758790038.1221607,target,1,2.134539306640625,2.539437255859375,-2.2734290361509712
1758790038.1221607,target,2,2.20087353515625,1.9194979248046875,1.0655591148063126
1758790038.1221607,target,3,1.60238720703125,1.0391976318359375,1.7836027384423487
1758790038.1221607,target,4,1.2980279541015625,2.850389404296875,-0.8456954594282049
1758790038.1221607,target,5,1.7727154541015624,1.5135118408203125,-0.1271351825406932
1758790038.1419423,herder,1,2.756993896484375,2.3950927734375,2.951867193319785
1758790038.1419423,herder,2,1.4711912841796875,2.261802734375,-0.01859367890466124
1758790038.1419423,target,1,2.1382529296875,2.537531005859375,-2.342857113137119
1758790038.1419423,target,2,2.200876708984375,1.9195384521484375,1.0650341391764306
1758790038.1419423,target,3,1.6022957763671875,1.0392261962890625,1.7826276220092163
1758790038.1419423,target,4,1.294479736328125,2.853398193359375,-0.8377977886365476
1758790038.1419423,target,5,1.7727918701171874,1.513515380859375,-0.12650529500861904
1758790038.1618416,herder,1,2.7526962890625,2.395531494140625,2.948904426607072
1758790038.1618416,herder,2,1.476509033203125,2.261580810546875,-0.013287746551598685
1758790038.1618416,target,1,2.141218017578125,2.5351962890625,-2.3982513964429852
1758790038.1618416,target,2,2.20087109375,1.9195528564453126,1.0650969231991292
1758790038.1618416,target,3,1.602345703125,1.03921240234375,1.7816899229893994
1758790038.1618416,target,4,1.291278564453125,2.85632275390625,-0.8331481756893783
1758790038.1618416,target,5,1.772757568359375,1.5135166015625,-0.12654352801501847
1758790038.182155,herder,1,2.74757177734375,2.396011962890625,2.9454867919801733
1758790038.182155,herder,2,1.4819490966796875,2.261237548828125,-0.008422970474148306
1758790038.182155,target,1,2.143786376953125,2.5339296875,-2.4450679041938153
1758790038.182155,target,2,2.200852783203125,1.9195418701171876,1.064978479109648
1758790038.182155,target,3,1.602356689453125,1.039194580078125,1.7843437630156633
1758790038.182155,target,4,1.288653076171875,2.85956298828125,-0.8289057600728821
1758790038.182155,target,5,1.77276416015625,1.5135167236328124,-0.1267933158805111
1758790038.2019594,herder,1,2.7420966796875,2.3968251953125,2.9411524973060694
1758790038.2019594,herder,2,1.4862862548828124,2.26144482421875,-0.004330511372895232
1758790038.2019594,target,1,2.145720947265625,2.533818115234375,-2.472081678711034
1758790038.2019594,target,2,2.200870361328125,1.919514404296875,1.0651308119240006
1758790038.2019594,target,3,1.602323974609375,1.03917138671875,1.7830448061939772
1758790038.2019594,target,4,1.285153076171875,2.862656005859375,-0.824243297373453
1758790038.2019594,target,5,1.772759033203125,1.5135008544921875,-0.12628210546451357
1758790038.2220314,herder,1,2.73824169921875,2.39707421875,2.937248835780231
1758790038.2220314,herder,2,1.4909881591796874,2.261492919921875,-0.001357242728893217
1758790038.2220314,target,1,2.14739013671875,2.533470458984375,-2.4918897382668255
1758790038.2220314,target,2,2.2008310546875,1.9195426025390625,1.0647219501176461
1758790038.2220314,target,3,1.6023472900390625,1.03916455078125,1.7829943392913201
1758790038.2220314,target,4,1.281630859375,2.865482421875,-0.8210451072203769
1758790038.2220314,target,5,1.7727188720703124,1.5135113525390624,-0.1266289905188748
1758790038.241863,herder,1,2.733458251953125,2.397618408203125,2.93297819065618
1758790038.241863,herder,2,1.4965303955078124,2.261794189453125,0.0018935479766039075
1758790038.241863,target,1,2.14880419921875,2.53325341796875,-2.503404980504219
1758790038.241863,target,2,2.2008740234375,1.919526611328125,1.065191731733936
1758790038.241863,target,3,1.6021815185546875,1.039248046875,1.7808230640545786
1758790038.241863,target,4,1.278555419921875,2.868902099609375,-0.8125660683627554
1758790038.241863,target,5,1.772737060546875,1.513510009765625,-0.1273613764634034
1758790038.261973,herder,1,2.72822802734375,2.398558349609375,2.9290217985407585
1758790038.261973,herder,2,1.5007611083984376,2.261812744140625,0.006339729356190635
1758790038.261973,target,1,2.149207275390625,2.53329296875,-2.5113204278961523
1758790038.261973,target,2,2.2008671875,1.9195576171875,1.0655491279522247
1758790038.261973,target,3,1.6023466796875,1.039206787109375,1.783596746329896
1758790038.261973,target,4,1.275615966796875,2.871574462890625,-0.8035462746457933
1758790038.261973,target,5,1.7727125244140625,1.513506103515625,-0.12715662098746836
1758790038.2819371,herder,1,2.7239931640625,2.39896240234375,2.9258299999742987
1758790038.2819371,herder,2,1.50565478515625,2.261747802734375,0.01107918497900137
1758790038.2819371,target,1,2.14949072265625,2.533245361328125,-2.513562276901781
1758790038.2819371,target,2,2.200864013671875,1.919543701171875,1.0654568494204535
1758790038.2819371,target,3,1.6023677978515625,1.0391595458984375,1.7824924665838948
1758790038.2819371,target,4,1.2723458251953126,2.874307373046875,-0.7989378741164929
1758790038.2819371,target,5,1.772757080078125,1.5134967041015626,-0.1257965779082785
1758790038.3019385,herder,1,2.720181396484375,2.399505859375,2.9223223505025553
1758790038.3019385,herder,2,1.5106016845703125,2.261592529296875,0.015180567490426487
1758790038.3019385,target,1,2.14942431640625,2.533193115234375,-2.5138168751019925
1758790038.3019385,target,2,2.20086572265625,1.9195452880859376,1.0655041871088298
1758790038.3019385,target,3,1.60225927734375,1.0392093505859374,1.7840882327090704
1758790038.3019385,target,4,1.2702642822265624,2.876370849609375,-0.7944497153104096
1758790038.3019385,target,5,1.7727279052734375,1.513514892578125,-0.12673024057456825
1758790038.3218744,herder,1,2.71523583984375,2.399999755859375,2.9181899234390793
1758790038.3218744,herder,2,1.515989990234375,2.26140625,0.02035022921946105
1758790038.3218744,target,1,2.14938525390625,2.533195556640625,-2.513228050184976
1758790038.3218744,target,2,2.20087841796875,1.9195355224609374,1.0654340793931334
1758790038.3218744,target,3,1.60238671875,1.0391358642578126,1.7845336464013861
1758790038.3218744,target,4,1.269033447265625,2.877101806640625,-0.7936284630092564
1758790038.3218744,target,5,1.7727137451171875,1.5135040283203125,-0.12669550296709953
1758790038.3418632,herder,1,2.710635498046875,2.400571533203125,2.914239922910274
1758790038.3418632,herder,2,1.5210816650390624,2.26146240234375,0.025501109421026753
1758790038.3418632,target,1,2.149423583984375,2.53319580078125,-2.5147524435929376
1758790038.3418632,target,2,2.2008740234375,1.9195450439453126,1.065807587736017
1758790038.3418632,target,3,1.6023096923828124,1.0391551513671875,1.7850444406984631
1758790038.3418632,target,4,1.26824755859375,2.877938720703125,-0.7941995113259966
1758790038.3418632,target,5,1.772737548828125,1.51349462890625,-0.12569918111378725
1758790038.3620071,herder,1,2.707186279296875,2.400884033203125,2.9108089724779247
1758790038.3620071,herder,2,1.5255223388671875,2.261756103515625,0.029654255045545683
1758790038.3620071,target,1,2.1493251953125,2.53315625,-2.5148389963283653
1758790038.3620071,target,2,2.200842529296875,1.9195621337890625,1.064906573760216
1758790038.3620071,target,3,1.6023045654296875,1.0391788330078124,1.7858820048612931
1758790038.3620071,target,4,1.267786376953125,2.878814208984375,-0.7946703582067227
1758790038.3620071,target,5,1.7727330322265624,1.5135087890625,-0.12647317895034835
1758790038.3819616,herder,1,2.70283251953125,2.401710205078125,2.907226221863441
1758790038.3819616,herder,2,1.5305357666015624,2.261826416015625,0.03294289072654905
1758790038.3819616,target,1,2.14942138671875,2.53323779296875,-2.5134437662332725
1758790038.3819616,target,2,2.20087548828125,1.9195283203125,1.0654173680572931
1758790038.3819616,target,3,1.6023284912109375,1.0391563720703125,1.7858403263902334
1758790038.3819616,target,4,1.267213623046875,2.879436767578125,-0.7966177281748159
1758790038.3819616,target,5,1.772736328125,1.5135218505859376,-0.1263756406754242
1758790038.4018583,herder,1,2.698057373046875,2.40268310546875,2.903056776860813
1758790038.4018583,herder,2,1.5361446533203125,2.2622177734375,0.03697467110676603
1758790038.4018583,target,1,2.14941064453125,2.533190185546875,-2.51343098306004
1758790038.4018583,target,2,2.20085986328125,1.9195543212890624,1.0654206304296285
1758790038.4018583,target,3,1.602316162109375,1.039104736328125,1.7833618555217512
1758790038.4018583,target,4,1.2671785888671876,2.879776611328125,-0.7994224362768328
1758790038.4018583,target,5,1.7727568359375,1.513521728515625,-0.12620044628758903
1758790038.4219446,herder,1,2.693747314453125,2.40339599609375,2.89993555206324
1758790038.4219446,herder,2,1.5412249755859375,2.2625517578125,0.040140175118650666
1758790038.4219446,target,1,2.149437744140625,2.5331728515625,-2.5124360260767866
1758790038.4219446,target,2,2.2008466796875,1.9195494384765626,1.0651740882917144
1758790038.4219446,target,3,1.60229931640625,1.0391468505859376,1.7847135429330208
1758790038.4219446,target,4,1.26730615234375,2.879600341796875,-0.7994976705776276
1758790038.4219446,target,5,1.772760009765625,1.5134923095703126,-0.12608500657671248
1758790038.441945,herder,1,2.691078857421875,2.40391064453125,2.8961133832667585
1758790038.441945,herder,2,1.5448470458984376,2.26252294921875,0.04276150377366965
1758790038.441945,target,1,2.1495048828125,2.5331572265625,-2.5124663861132137
1758790038.441945,target,2,2.200871826171875,1.91951904296875,1.0651845411989929
1758790038.441945,target,3,1.6025400390625,1.03902099609375,1.7813237383395135
1758790038.441945,target,4,1.2673223876953126,2.879489501953125,-0.7989690996802741
1758790038.441945,target,5,1.7728792724609375,1.5136656494140626,-0.13029331708649888
1758790038.461963,herder,1,2.68767578125,2.40396630859375,2.893010800596816
1758790038.461963,herder,2,1.5499547119140624,2.262384521484375,0.045883689805948466
1758790038.461963,target,1,2.1493701171875,2.53319140625,-2.5142227408521207
1758790038.461963,target,2,2.20088427734375,1.9195003662109376,1.0655889422105214
1758790038.461963,target,3,1.602525634765625,1.03907861328125,1.7825975282888984
1758790038.461963,target,4,1.26738232421875,2.879501220703125,-0.7987270849162131
1758790038.461963,target,5,1.77382666015625,1.51401708984375,-0.13864988382349042
1758790038.4819589,herder,1,2.683314453125,2.404821044921875,2.8891667938793955
1758790038.4819589,herder,2,1.5563822021484375,2.26290673828125,0.05013602153631603
1758790038.4819589,target,1,2.149409423828125,2.5331708984375,-2.513904759417965
1758790038.4819589,target,2,2.200892333984375,1.9194775390625,1.0652792165757452
1758790038.4819589,target,3,1.6024471435546874,1.0390894775390624,1.7815465117646987
1758790038.4819589,target,4,1.2673428955078125,2.8794755859375,-0.7992768279442327
1758790038.4819589,target,5,1.77476611328125,1.514624267578125,-0.14994981780912953
1758790038.5019796,herder,1,2.67777294921875,2.4056083984375,2.8863390494339494
1758790038.5019796,herder,2,1.5612122802734374,2.263151611328125,0.053794767949218565
1758790038.5019796,target,1,2.14936962890625,2.5331474609375,-2.5151812125284403
1758790038.5019796,target,2,2.20086572265625,1.91955712890625,1.0654660373262144
1758790038.5019796,target,3,1.6024090576171874,1.039166748046875,1.783946552539078
1758790038.5019796,target,4,1.267349853515625,2.879486328125,-0.7982383948561836
1758790038.5019796,target,5,1.7758916015625,1.5148182373046875,-0.15298693665052632
1758790038.5218604,herder,1,2.673435302734375,2.406505859375,2.8833802774628716
1758790038.5218604,herder,2,1.5655885009765624,2.26387353515625,0.05758724666073511
1758790038.5218604,target,1,2.1493662109375,2.533142333984375,-2.515805723804064
1758790038.5218604,target,2,2.200871337890625,1.9195325927734375,1.0651057782097537
1758790038.5218604,target,3,1.6024083251953125,1.039127685546875,1.782783150616877
1758790038.5218604,target,4,1.2673865966796876,2.879478515625,-0.7990189673716858
1758790038.5218604,target,5,1.7761351318359375,1.5143753662109376,-0.14900997161568375
1758790038.5419335,herder,1,2.6701181640625,2.40726953125,2.8814111361528667
1758790038.5419335,herder,2,1.569696533203125,2.264244384765625,0.06136725012702031
1758790038.5419335,target,1,2.149379150390625,2.533205322265625,-2.513687445473015
1758790038.5419335,target,2,2.200873046875,1.9195093994140624,1.0649931264956434
1758790038.5419335,target,3,1.602432861328125,1.039161865234375,1.7830001982457184
1758790038.5419335,target,4,1.267329345703125,2.87948583984375,-0.7988189639738209
1758790038.5419335,target,5,1.7760296630859376,1.5147435302734376,-0.16536780611073656
1758790038.5619001,herder,1,2.665817626953125,2.408174560546875,2.8793407947214393
1758790038.5619001,herder,2,1.5751160888671876,2.26439111328125,0.06468558213477267
1758790038.5619001,target,1,2.149382568359375,2.5331533203125,-2.5145479128212194
1758790038.5619001,target,2,2.2008642578125,1.91953515625,1.0651502529999581
1758790038.5619001,target,3,1.602387451171875,1.039149169921875,1.7836570669285865
1758790038.5619001,target,4,1.2673729248046874,2.87948876953125,-0.7990258915905201
1758790038.5619001,target,5,1.77581396484375,1.514908447265625,-0.1716740051244761
1758790038.5819452,herder,1,2.66087939453125,2.40898193359375,2.877147148931541
1758790038.5819452,herder,2,1.5813819580078126,2.265040771484375,0.06882655628087209
1758790038.5819452,target,1,2.149395751953125,2.533181396484375,-2.514331930456814
1758790038.5819452,target,2,2.200881591796875,1.919509033203125,1.0652415328463205
1758790038.5819452,target,3,1.60227197265625,1.039137939453125,1.7821116345480135
1758790038.5819452,target,4,1.267374755859375,2.87946875,-0.798604446348015
1758790038.5819452,target,5,1.776047119140625,1.5155308837890624,-0.16789720993506657
1758790038.6020317,herder,1,2.65720068359375,2.409669921875,2.8747830608318776
1758790038.6020317,herder,2,1.5855181884765626,2.2650009765625,0.07310624366906182
1758790038.6020317,target,1,2.149382568359375,2.533175537109375,-2.5147572372828995
1758790038.6020317,target,2,2.2008779296875,1.9194932861328124,1.0650789468617712
1758790038.6020317,target,3,1.602283203125,1.039150390625,1.7825771551065592
1758790038.6020317,target,4,1.2673922119140626,2.879510986328125,-0.7990295534370189
1758790038.6020317,target,5,1.7765164794921875,1.5165592041015625,-0.184507861641352
1758790038.6220276,herder,1,2.65406298828125,2.410463623046875,2.8731212483116684
1758790038.6220276,herder,2,1.5892740478515626,2.264953857421875,0.07764269723703801
1758790038.6220276,target,1,2.14938916015625,2.53319873046875,-2.51375588871303
1758790038.6220276,target,2,2.2008828125,1.91948095703125,1.065325688736767
1758790038.6220276,target,3,1.60232275390625,1.039137939453125,1.782366499064334
1758790038.6220276,target,4,1.2674085693359376,2.879520751953125,-0.7987553810027952
1758790038.6220276,target,5,1.77641015625,1.51759814453125,-0.21415706708379953
1758790038.6419451,herder,1,2.649990234375,2.411330078125,2.870663949573852
1758790038.6419451,herder,2,1.594501953125,2.265437255859375,0.0825180546984836
1758790038.6419451,target,1,2.1493876953125,2.533197509765625,-2.514065081715588
1758790038.6419451,target,2,2.20084423828125,1.9195594482421876,1.0653455292868883
1758790038.6419451,target,3,1.6023583984375,1.0391751708984376,1.7834165834821523
1758790038.6419451,target,4,1.2673958740234375,2.879503173828125,-0.7984603693330417
1758790038.6419451,target,5,1.7767445068359375,1.519843994140625,-0.2516074037283889
1758790038.6619568,herder,1,2.645488525390625,2.41213525390625,2.867338194004561
1758790038.6619568,herder,2,1.60042138671875,2.265887451171875,0.08672654830059494
1758790038.6619568,target,1,2.14938330078125,2.533157958984375,-2.514329533611833
1758790038.6619568,target,2,2.200860107421875,1.919559814453125,1.0649780130564572
1758790038.6619568,target,3,1.60234326171875,1.0391839599609376,1.783726175958874
1758790038.6619568,target,4,1.267394287109375,2.879499267578125,-0.7984244832373528
1758790038.6619568,target,5,1.7773076171875,1.52159130859375,-0.2811938584376515
1758790038.68195,herder,1,2.642352294921875,2.4123994140625,2.864473697936072
1758790038.68195,herder,2,1.6050601806640625,2.266526611328125,0.09078344978003193
1758790038.68195,target,1,2.149426025390625,2.53315380859375,-2.513163601686596
1758790038.68195,target,2,2.20085693359375,1.919535888671875,1.06538327959534
1758790038.68195,target,3,1.6023914794921874,1.039094970703125,1.7819224169525634
1758790038.68195,target,4,1.2673909912109376,2.879490234375,-0.7986292137461527
1758790038.68195,target,5,1.7787801513671875,1.52250537109375,-0.30388419066220834
1758790038.7018614,herder,1,2.63907763671875,2.41321337890625,2.8622326478787703
1758790038.7018614,herder,2,1.6090479736328125,2.266814453125,0.09463836713554322
1758790038.7018614,target,1,2.14936767578125,2.533166748046875,-2.5143481757394635
1758790038.7018614,target,2,2.200856201171875,1.9195606689453124,1.0652066454360405
1758790038.7018614,target,3,1.6024197998046874,1.0391693115234375,1.7841791796602964
1758790038.7018614,target,4,1.2673651123046874,2.879469970703125,-0.798713036741463
1758790038.7018614,target,5,1.7802877197265625,1.5230491943359374,-0.3217296336526658
1758790038.7219672,herder,1,2.634600830078125,2.41431494140625,2.8624118786201325
1758790038.7219672,herder,2,1.6142666015625,2.267292236328125,0.09860395547910412
1758790038.7219672,target,1,2.1493896484375,2.5331396484375,-2.5141116870346645
1758790038.7219672,target,2,2.200869873046875,1.91952294921875,1.0652425981107567
1758790038.7219672,target,3,1.6023658447265625,1.0391827392578126,1.7838051386851947
1758790038.7219672,target,4,1.2673846435546876,2.879478759765625,-0.7989599117745133
1758790038.7219672,target,5,1.782488525390625,1.5225894775390625,-0.3246694638904907
1758790038.7418478,herder,1,2.6311435546875,2.4154814453125,2.8623532890761507
1758790038.7418478,herder,2,1.619174560546875,2.267911865234375,0.10277983368024039
1758790038.7418478,target,1,2.149365234375,2.53314697265625,-2.5146326013438838
1758790038.7418478,target,2,2.200879638671875,1.9195152587890625,1.065275754466328
1758790038.7418478,target,3,1.602387939453125,1.039110595703125,1.7837988802566331
1758790038.7418478,target,4,1.2673665771484375,2.8794833984375,-0.7985687599894079
1758790038.7418478,target,5,1.7837216796875,1.522603271484375,-0.3305177989338183
1758790038.761844,herder,1,2.6282275390625,2.416111572265625,2.861524247028809
1758790038.761844,herder,2,1.6237366943359375,2.268367919921875,0.10623149019006485
1758790038.761844,target,1,2.149353759765625,2.533138916015625,-2.514862964778176
1758790038.761844,target,2,2.200841796875,1.9195540771484374,1.0653435984950979
1758790038.761844,target,3,1.6024041748046876,1.0391234130859375,1.785439653804231
1758790038.761844,target,4,1.2673641357421874,2.879468505859375,-0.7985401310076896
1758790038.761844,target,5,1.7844739990234375,1.52304248046875,-0.3506059564572587
1758790038.7819712,herder,1,2.624496337890625,2.41666552734375,2.858892777555702
1758790038.7819712,herder,2,1.6285859375,2.26925146484375,0.10899876423400937
1758790038.7819712,target,1,2.14938134765625,2.53318408203125,-2.514475741155678
1758790038.7819712,target,2,2.200844482421875,1.9195550537109376,1.0650915968769492
1758790038.7819712,target,3,1.60232958984375,1.039150390625,1.7829469350239169
1758790038.7819712,target,4,1.2673614501953125,2.87946484375,-0.7987261528098316
1758790038.7819712,target,5,1.7859415283203126,1.524087158203125,-0.38078080331986064
1758790038.8018997,herder,1,2.62055712890625,2.41721240234375,2.85489883486891
1758790038.8018997,herder,2,1.634080810546875,2.269855224609375,0.11187113327247114
1758790038.8018997,target,1,2.14937548828125,2.533194580078125,-2.5137457687008875
1758790038.8018997,target,2,2.2008642578125,1.9195340576171875,1.0655308852987577
1758790038.8018997,target,3,1.6023848876953124,1.0391270751953126,1.782647595717392
1758790038.8018997,target,4,1.26736376953125,2.879460693359375,-0.7986217568951005
1758790038.8018997,target,5,1.7871029052734375,1.525207275390625,-0.4020598931932709
1758790038.821954,herder,1,2.616610107421875,2.417832275390625,2.8508881142672506
1758790038.821954,herder,2,1.6388692626953125,2.270431640625,0.11671835277252436
1758790038.821954,target,1,2.14936328125,2.533154296875,-2.5149101027294702
1758790038.821954,target,2,2.2008681640625,1.919512451171875,1.0651671640728801
1758790038.821954,target,3,1.602385009765625,1.0391785888671874,1.7839231167214853
1758790038.821954,target,4,1.267368896484375,2.879473388671875,-0.7985770157887871
1758790038.821954,target,5,1.7878641357421876,1.52585888671875,-0.40348654858922633
1758790038.8419528,herder,1,2.613786376953125,2.418330078125,2.8480625003506765
1758790038.8419528,herder,2,1.64303515625,2.270386474609375,0.12085954330046236
1758790038.8419528,target,1,2.14938330078125,2.533167236328125,-2.5142006366150733
1758790038.8419528,target,2,2.200855224609375,1.9195382080078125,1.0653776869570508
1758790038.8419528,target,3,1.60222216796875,1.039263916015625,1.7819806070223816
1758790038.8419528,target,4,1.2674124755859375,2.879504150390625,-0.7985607039271104
1758790038.8419528,target,5,1.7880941162109374,1.5251695556640625,-0.40851070185420174
1758790038.8619514,herder,1,2.610433837890625,2.4190498046875,2.844167094624218
1758790038.8619514,herder,2,1.6477105712890625,2.27113330078125,0.12618202886417546
1758790038.8619514,target,1,2.149377197265625,2.5331591796875,-2.5144115589734075
1758790038.8619514,target,2,2.200845947265625,1.9195423583984375,1.0653296834784023
1758790038.8619514,target,3,1.6023695068359376,1.0392381591796875,1.7856128924331407
1758790038.8619514,target,4,1.26739404296875,2.879489990234375,-0.7989758241620265
1758790038.8619514,target,5,1.7881324462890624,1.5252371826171875,-0.4090380077500374
1758790038.8818998,herder,1,2.606642578125,2.42019677734375,2.840606714562891
1758790038.8818998,herder,2,1.6528153076171874,2.271725341796875,0.1301681818047788
1758790038.8818998,target,1,2.149381103515625,2.533190185546875,-2.5137883792783287
1758790038.8818998,target,2,2.200856201171875,1.9195419921875,1.0651925306822632
1758790038.8818998,target,3,1.6023167724609375,1.039177734375,1.7820104344265904
1758790038.8818998,target,4,1.267391845703125,2.879486083984375,-0.7986421300774396
1758790038.8818998,target,5,1.787980224609375,1.5253221435546875,-0.40767357045504893
1758790038.9019241,herder,1,2.60331298828125,2.421160400390625,2.8380380956915094
1758790038.9019241,herder,2,1.6577950439453124,2.27271435546875,0.13248310961519497
1758790038.9019241,target,1,2.149407470703125,2.533173095703125,-2.513491436816785
1758790038.9019241,target,2,2.200866455078125,1.9195167236328126,1.0650834742356243
1758790038.9019241,target,3,1.6024417724609374,1.039162353515625,1.7840854363899257
1758790038.9019241,target,4,1.26737255859375,2.87947021484375,-0.7981953182255516
1758790038.9019241,target,5,1.7882738037109376,1.5247811279296875,-0.4014203017679748
1758790038.9218771,herder,1,2.60167626953125,2.421519287109375,2.837229559984561
1758790038.9218771,herder,2,1.6602506103515624,2.273272705078125,0.13422435091491602
1758790038.9218771,target,1,2.1493857421875,2.53318359375,-2.5140706743538774
1758790038.9218771,target,2,2.200871826171875,1.919488037109375,1.0654918034097607
1758790038.9218771,target,3,1.602421142578125,1.039184814453125,1.7840203221012731
1758790038.9218771,target,4,1.2673656005859375,2.879465087890625,-0.7989674352045928
1758790038.9218771,target,5,1.7884908447265624,1.524523193359375,-0.3999743051646026
1758790038.941928,herder,1,2.60167626953125,2.421519287109375,2.837229559984561
1758790038.941928,herder,2,1.6602506103515624,2.273272705078125,0.13422435091491602
1758790038.941928,target,1,2.1493857421875,2.53318359375,-2.5140706743538774
1758790038.941928,target,2,2.200871826171875,1.919488037109375,1.0654918034097607
1758790038.941928,target,3,1.602421142578125,1.039184814453125,1.7840203221012731
1758790038.941928,target,4,1.2673656005859375,2.879465087890625,-0.7989674352045928
1758790038.941928,target,5,1.7884908447265624,1.524523193359375,-0.3999743051646026
1758790038.9619703,herder,1,2.60167626953125,2.421519287109375,2.837229559984561
1758790038.9619703,herder,2,1.6602506103515624,2.273272705078125,0.13422435091491602
1758790038.9619703,target,1,2.1493857421875,2.53318359375,-2.5140706743538774
1758790038.9619703,target,2,2.200871826171875,1.919488037109375,1.0654918034097607
1758790038.9619703,target,3,1.602421142578125,1.039184814453125,1.7840203221012731
1758790038.9619703,target,4,1.2673656005859375,2.879465087890625,-0.7989674352045928
1758790038.9619703,target,5,1.7884908447265624,1.524523193359375,-0.3999743051646026
1758790038.9819653,herder,1,2.60167626953125,2.421519287109375,2.837229559984561
1758790038.9819653,herder,2,1.6602506103515624,2.273272705078125,0.13422435091491602
1758790038.9819653,target,1,2.1493857421875,2.53318359375,-2.5140706743538774
1758790038.9819653,target,2,2.200871826171875,1.919488037109375,1.0654918034097607
1758790038.9819653,target,3,1.602421142578125,1.039184814453125,1.7840203221012731
1758790038.9819653,target,4,1.2673656005859375,2.879465087890625,-0.7989674352045928
1758790038.9819653,target,5,1.7884908447265624,1.524523193359375,-0.3999743051646026
1758790039.002019,herder,1,2.60167626953125,2.421519287109375,2.837229559984561
1758790039.002019,herder,2,1.6602506103515624,2.273272705078125,0.13422435091491602
1758790039.002019,target,1,2.1493857421875,2.53318359375,-2.5140706743538774
1758790039.002019,target,2,2.200871826171875,1.919488037109375,1.0654918034097607
1758790039.002019,target,3,1.602421142578125,1.039184814453125,1.7840203221012731
1758790039.002019,target,4,1.2673656005859375,2.879465087890625,-0.7989674352045928
1758790039.002019,target,5,1.7884908447265624,1.524523193359375,-0.3999743051646026
1758790039.0219202,herder,1,2.60167626953125,2.421519287109375,2.837229559984561
1758790039.0219202,herder,2,1.6602506103515624,2.273272705078125,0.13422435091491602
1758790039.0219202,target,1,2.1493857421875,2.53318359375,-2.5140706743538774
1758790039.0219202,target,2,2.200871826171875,1.919488037109375,1.0654918034097607
1758790039.0219202,target,3,1.602421142578125,1.039184814453125,1.7840203221012731
1758790039.0219202,target,4,1.2673656005859375,2.879465087890625,-0.7989674352045928
1758790039.0219202,target,5,1.7884908447265624,1.524523193359375,-0.3999743051646026
1758790039.041919,herder,1,2.58125830078125,2.42692822265625,2.8249220273228692
1758790039.041919,herder,2,1.6899908447265626,2.27726904296875,0.15672395087115276
1758790039.041919,target,1,2.149351318359375,2.533139404296875,-2.51475990044399
1758790039.041919,target,2,2.200872314453125,1.919529296875,1.0651559787963019
1758790039.041919,target,3,1.602257568359375,1.0392012939453126,1.7843990236082825
1758790039.041919,target,4,1.2673692626953126,2.879467529296875,-0.7979130231500031
1758790039.041919,target,5,1.7987613525390624,1.522966064453125,-0.4411226407198488
1758790039.061971,herder,1,2.57834375,2.427468994140625,2.823766748041993
1758790039.061971,herder,2,1.6960472412109375,2.2782939453125,0.16007815232983713
1758790039.061971,target,1,2.14938525390625,2.533170166015625,-2.5137082181295174
1758790039.061971,target,2,2.200869873046875,1.91949365234375,1.065207843858531
1758790039.061971,target,3,1.60230615234375,1.0391708984375,1.7838502792656716
1758790039.061971,target,4,1.2673685302734374,2.879470703125,-0.7986130350425305
1758790039.061971,target,5,1.8018544921875,1.521775146484375,-0.4484462338490258
1758790039.0819733,herder,1,2.57654248046875,2.427892578125,2.822434901180844
1758790039.0819733,herder,2,1.6979898681640626,2.27893701171875,0.16242376474943804
1758790039.0819733,target,1,2.149410400390625,2.533130126953125,-2.514096240700342
1758790039.0819733,target,2,2.200877685546875,1.9194915771484375,1.065405716727524
1758790039.0819733,target,3,1.6023831787109375,1.0391834716796875,1.7849536269052915
1758790039.0819733,target,4,1.2673697509765625,2.879457763671875,-0.7986084410896501
1758790039.0819733,target,5,1.803268310546875,1.5210618896484376,-0.45115320393903685
1758790039.1018574,herder,1,2.57311669921875,2.428698974609375,2.8199882550873885
1758790039.1018574,herder,2,1.702619140625,2.2795458984375,0.1656981545992041
1758790039.1018574,target,1,2.14938818359375,2.533172119140625,-2.5144416526937254
1758790039.1018574,target,2,2.200885009765625,1.9194730224609375,1.0652570457596704
1758790039.1018574,target,3,1.6022840576171875,1.0392174072265625,1.7850685423063284
1758790039.1018574,target,4,1.267381591796875,2.8794677734375,-0.7986894011867886
1758790039.1018574,target,5,1.8052550048828124,1.5202034912109375,-0.44649237242577555
1758790039.1220324,herder,1,2.57311669921875,2.428698974609375,2.8199882550873885
1758790039.1220324,herder,2,1.702619140625,2.2795458984375,0.1656981545992041
1758790039.1220324,target,1,2.14938818359375,2.533172119140625,-2.5144416526937254
1758790039.1220324,target,2,2.200885009765625,1.9194730224609375,1.0652570457596704
1758790039.1220324,target,3,1.6022840576171875,1.0392174072265625,1.7850685423063284
1758790039.1220324,target,4,1.267381591796875,2.8794677734375,-0.7986894011867886
1758790039.1220324,target,5,1.8052550048828124,1.5202034912109375,-0.44649237242577555
1758790039.1418908,herder,1,2.57311669921875,2.428698974609375,2.8199882550873885
1758790039.1418908,herder,2,1.702619140625,2.2795458984375,0.1656981545992041
1758790039.1418908,target,1,2.14938818359375,2.533172119140625,-2.5144416526937254
1758790039.1418908,target,2,2.200885009765625,1.9194730224609375,1.0652570457596704
1758790039.1418908,target,3,1.6022840576171875,1.0392174072265625,1.7850685423063284
1758790039.1418908,target,4,1.267381591796875,2.8794677734375,-0.7986894011867886
1758790039.1418908,target,5,1.8052550048828124,1.5202034912109375,-0.44649237242577555
1758790039.161867,herder,1,2.57311669921875,2.428698974609375,2.8199882550873885
1758790039.161867,herder,2,1.702619140625,2.2795458984375,0.1656981545992041
1758790039.161867,target,1,2.14938818359375,2.533172119140625,-2.5144416526937254
1758790039.161867,target,2,2.200885009765625,1.9194730224609375,1.0652570457596704
1758790039.161867,target,3,1.6022840576171875,1.0392174072265625,1.7850685423063284
1758790039.161867,target,4,1.267381591796875,2.8794677734375,-0.7986894011867886
1758790039.161867,target,5,1.8052550048828124,1.5202034912109375,-0.44649237242577555
1758790039.1820521,herder,1,2.57311669921875,2.428698974609375,2.8199882550873885
1758790039.1820521,herder,2,1.702619140625,2.2795458984375,0.1656981545992041
1758790039.1820521,target,1,2.14938818359375,2.533172119140625,-2.5144416526937254
1758790039.1820521,target,2,2.200885009765625,1.9194730224609375,1.0652570457596704
1758790039.1820521,target,3,1.6022840576171875,1.0392174072265625,1.7850685423063284
1758790039.1820521,target,4,1.267381591796875,2.8794677734375,-0.7986894011867886
1758790039.1820521,target,5,1.8052550048828124,1.5202034912109375,-0.44649237242577555
1758790039.2018554,herder,1,2.57311669921875,2.428698974609375,2.8199882550873885
1758790039.2018554,herder,2,1.702619140625,2.2795458984375,0.1656981545992041
1758790039.2018554,target,1,2.14938818359375,2.533172119140625,-2.5144416526937254
1758790039.2018554,target,2,2.200885009765625,1.9194730224609375,1.0652570457596704
1758790039.2018554,target,3,1.6022840576171875,1.0392174072265625,1.7850685423063284
1758790039.2018554,target,4,1.267381591796875,2.8794677734375,-0.7986894011867886
1758790039.2018554,target,5,1.8052550048828124,1.5202034912109375,-0.44649237242577555
1758790039.2218494,herder,1,2.55745361328125,2.433071044921875,2.8099446756683726
1758790039.2218494,herder,2,1.7294354248046875,2.2839169921875,0.18627563468343297
1758790039.2218494,target,1,2.14935791015625,2.533182373046875,-2.514629938182794
1758790039.2218494,target,2,2.20087451171875,1.919535888671875,1.0656311533137992
1758790039.2218494,target,3,1.6022828369140625,1.039177734375,1.7855361933937464
1758790039.2218494,target,4,1.2673770751953124,2.87946044921875,-0.7982242135233789
1758790039.2218494,target,5,1.817685791015625,1.52209765625,-0.586730007924036
1758790039.2419016,herder,1,2.556088134765625,2.433417236328125,2.8095353478088274
1758790039.2419016,herder,2,1.7318355712890625,2.284609375,0.18977191578627306
1758790039.2419016,target,1,2.1493505859375,2.53315576171875,-2.5146589666386756
1758790039.2419016,target,2,2.200869140625,1.9195185546875,1.0650760839635993
1758790039.2419016,target,3,1.6023583984375,1.0391204833984375,1.783631633740176
1758790039.2419016,target,4,1.267315673828125,2.879431884765625,-0.7973542919533045
1758790039.2419016,target,5,1.8189022216796875,1.52287890625,-0.6134882521346616
1758790039.2619998,herder,1,2.55240087890625,2.434275146484375,2.8062775028473332
1758790039.2619998,herder,2,1.73992919921875,2.28689306640625,0.191082374134917
1758790039.2619998,target,1,2.14933251953125,2.533123046875,-2.5151572440786296
1758790039.2619998,target,2,2.20084765625,1.9195382080078125,1.065011235991056
1758790039.2619998,target,3,1.602326171875,1.039177978515625,1.7846941018570632
1758790039.2619998,target,4,1.2672257080078124,2.87925439453125,-0.7930006227822702
1758790039.2619998,target,5,1.8227418212890625,1.5261800537109376,-0.6972159062778808
1758790039.2820883,herder,1,2.551139892578125,2.434723876953125,2.805160839402263
1758790039.2820883,herder,2,1.7419913330078125,2.287471435546875,0.19244664498233732
1758790039.2820883,target,1,2.14934375,2.53311474609375,-2.51537189486249
1758790039.2820883,target,2,2.200875,1.919524169921875,1.0653404027017899
1758790039.2820883,target,3,1.60235302734375,1.039147705078125,1.7833441455005021
1758790039.2820883,target,4,1.267186767578125,2.879303466796875,-0.7937980397916672
1758790039.2820883,target,5,1.823729736328125,1.52760302734375,-0.731585731200062
1758790039.301853,herder,1,2.5477275390625,2.435423095703125,2.802002330349429
1758790039.301853,herder,2,1.748058837890625,2.288601806640625,0.19582882627722434
1758790039.301853,target,1,2.149361328125,2.533152099609375,-2.514133258639494
1758790039.301853,target,2,2.2008779296875,1.9195040283203124,1.0653806830132773
1758790039.301853,target,3,1.6022747802734374,1.039178466796875,1.7843902351766852
1758790039.301853,target,4,1.26678955078125,2.87937060546875,-0.790033328695704
1758790039.301853,target,5,1.8282113037109375,1.530751953125,-0.8267221011370716
1758790039.321954,herder,1,2.5477275390625,2.435423095703125,2.802002330349429
1758790039.321954,herder,2,1.748058837890625,2.288601806640625,0.19582882627722434
1758790039.321954,target,1,2.149361328125,2.533152099609375,-2.514133258639494
1758790039.321954,target,2,2.2008779296875,1.9195040283203124,1.0653806830132773
1758790039.321954,target,3,1.6022747802734374,1.039178466796875,1.7843902351766852
1758790039.321954,target,4,1.26678955078125,2.87937060546875,-0.790033328695704
1758790039.321954,target,5,1.8282113037109375,1.530751953125,-0.8267221011370716
1758790039.3419387,herder,1,2.5477275390625,2.435423095703125,2.802002330349429
1758790039.3419387,herder,2,1.748058837890625,2.288601806640625,0.19582882627722434
1758790039.3419387,target,1,2.149361328125,2.533152099609375,-2.514133258639494
1758790039.3419387,target,2,2.2008779296875,1.9195040283203124,1.0653806830132773
1758790039.3419387,target,3,1.6022747802734374,1.039178466796875,1.7843902351766852
1758790039.3419387,target,4,1.26678955078125,2.87937060546875,-0.790033328695704
1758790039.3419387,target,5,1.8282113037109375,1.530751953125,-0.8267221011370716
1758790039.361948,herder,1,2.5477275390625,2.435423095703125,2.802002330349429
1758790039.361948,herder,2,1.748058837890625,2.288601806640625,0.19582882627722434
1758790039.361948,target,1,2.149361328125,2.533152099609375,-2.514133258639494
1758790039.361948,target,2,2.2008779296875,1.9195040283203124,1.0653806830132773
1758790039.361948,target,3,1.6022747802734374,1.039178466796875,1.7843902351766852
1758790039.361948,target,4,1.26678955078125,2.87937060546875,-0.790033328695704
1758790039.361948,target,5,1.8282113037109375,1.530751953125,-0.8267221011370716
1758790039.3819654,herder,1,2.5477275390625,2.435423095703125,2.802002330349429
1758790039.3819654,herder,2,1.748058837890625,2.288601806640625,0.19582882627722434
1758790039.3819654,target,1,2.149361328125,2.533152099609375,-2.514133258639494
1758790039.3819654,target,2,2.2008779296875,1.9195040283203124,1.0653806830132773
1758790039.3819654,target,3,1.6022747802734374,1.039178466796875,1.7843902351766852
1758790039.3819654,target,4,1.26678955078125,2.87937060546875,-0.790033328695704
1758790039.3819654,target,5,1.8282113037109375,1.530751953125,-0.8267221011370716
1758790039.4019537,herder,1,2.53539501953125,2.438975830078125,2.7922583565530474
1758790039.4019537,herder,2,1.772555419921875,2.293349609375,0.215606775467941
1758790039.4019537,target,1,2.149392578125,2.53316162109375,-2.5136421717344835
1758790039.4019537,target,2,2.20085009765625,1.9195628662109374,1.065211772021139
1758790039.4019537,target,3,1.6024058837890625,1.0391754150390624,1.7849562900663816
1758790039.4019537,target,4,1.266884033203125,2.88420166015625,-0.8422483302922336
1758790039.4019537,target,5,1.830766845703125,1.5312823486328124,-0.8563112190074242
1758790039.4219031,herder,1,2.532922119140625,2.439735107421875,2.791177113150475
1758790039.4219031,herder,2,1.777475341796875,2.29431787109375,0.2197313295614444
1758790039.4219031,target,1,2.14937255859375,2.53316845703125,-2.514228866122628
1758790039.4219031,target,2,2.2008837890625,1.919535400390625,1.0653778201151054
1758790039.4219031,target,3,1.6023970947265624,1.039148193359375,1.7855788039711875
1758790039.4219031,target,4,1.2669415283203125,2.885552001953125,-0.8595903692576388
1758790039.4219031,target,5,1.8295899658203125,1.5306014404296875,-0.8317706556155348
1758790039.4420407,herder,1,2.530937744140625,2.44010302734375,2.789996001207025
1758790039.4420407,herder,2,1.7809749755859374,2.295494873046875,0.22369822451841512
1758790039.4420407,target,1,2.149353759765625,2.533162353515625,-2.5146568361098036
1758790039.4420407,target,2,2.200885009765625,1.9195042724609375,1.0655631761269748
1758790039.4420407,target,3,1.6023681640625,1.039138427734375,1.785017675929508
1758790039.4420407,target,4,1.2672330322265626,2.886708740234375,-0.8763646888576664
1758790039.4420407,target,5,1.828431884765625,1.5297982177734375,-0.8007420991759944
1758790039.4618335,herder,1,2.52924755859375,2.440748779296875,2.789395724697321
1758790039.4618335,herder,2,1.7858531494140626,2.2966064453125,0.2264243527235179
1758790039.4618335,target,1,2.1493564453125,2.533142822265625,-2.5145090306693043
1758790039.4618335,target,2,2.200879150390625,1.9195035400390625,1.0653633724661917
1758790039.4618335,target,3,1.60235986328125,1.0391513671875,1.7844517541978662
1758790039.4618335,target,4,1.2674501953125,2.8880830078125,-0.8884296075440523
1758790039.4618335,target,5,1.82671533203125,1.5284854736328124,-0.7658857813016829
1758790039.481923,herder,1,2.528011962890625,2.441149658203125,2.7885349910330075
1758790039.481923,herder,2,1.7885255126953126,2.29705029296875,0.22875163926586772
1758790039.481923,target,1,2.14935888671875,2.53312841796875,-2.514663760328638
1758790039.481923,target,2,2.200881103515625,1.9194873046875,1.0653997246150713
1758790039.481923,target,3,1.60236865234375,1.0391468505859376,1.7840506821377002
1758790039.481923,target,4,1.2672718505859375,2.888286865234375,-0.8906371683506462
1758790039.481923,target,5,1.826024658203125,1.527752685546875,-0.7475238182178047
1758790039.5020142,herder,1,2.525237060546875,2.44209326171875,2.787649223654447
1758790039.5020142,herder,2,1.7955155029296874,2.29840576171875,0.23295324193865846
1758790039.5020142,target,1,2.149330078125,2.533119384765625,-2.5147532425412646
1758790039.5020142,target,2,2.200850830078125,1.919575927734375,1.0652847426350072
1758790039.5020142,target,3,1.602348388671875,1.039203125,1.7839271114631206
1758790039.5020142,target,4,1.266016357421875,2.888422119140625,-0.8761844594308953
1758790039.5020142,target,5,1.8233443603515624,1.5249775390625,-0.6870096077162612
1758790039.5219338,herder,1,2.525237060546875,2.44209326171875,2.787649223654447
1758790039.5219338,herder,2,1.7955155029296874,2.29840576171875,0.23295324193865846
1758790039.5219338,target,1,2.149330078125,2.533119384765625,-2.5147532425412646
1758790039.5219338,target,2,2.200850830078125,1.919575927734375,1.0652847426350072
1758790039.5219338,target,3,1.602348388671875,1.039203125,1.7839271114631206
1758790039.5219338,target,4,1.266016357421875,2.888422119140625,-0.8761844594308953
1758790039.5219338,target,5,1.8233443603515624,1.5249775390625,-0.6870096077162612
1758790039.5419722,herder,1,2.520812255859375,2.443575927734375,2.786835361625319
1758790039.5419722,herder,2,1.80469873046875,2.300886962890625,0.23984755014487155
1758790039.5419722,target,1,2.14933447265625,2.533093017578125,-2.514671749811908
1758790039.5419722,target,2,2.200870849609375,1.9195135498046876,1.0650493857736714
1758790039.5419722,target,3,1.602418701171875,1.0391412353515626,1.783658265351077
1758790039.5419722,target,4,1.2644993896484376,2.887935546875,-0.8526707443763132
1758790039.5419722,target,5,1.8197547607421876,1.521793701171875,-0.5922059331784296
1758790039.5618453,herder,1,2.519471435546875,2.4441162109375,2.78680020789893
1758790039.5618453,herder,2,1.8096043701171876,2.302049560546875,0.24206225155213826
1758790039.5618453,target,1,2.149304443359375,2.5331015625,-2.515678957336176
1758790039.5618453,target,2,2.200873779296875,1.9195517578125,1.0652101075454576
1758790039.5618453,target,3,1.602398193359375,1.0391787109375,1.7836188505669437
1758790039.5618453,target,4,1.2642935791015626,2.888397705078125,-0.8572870678098565
1758790039.5618453,target,5,1.81799462890625,1.519410400390625,-0.5431911191057938
1758790039.581992,herder,1,2.519471435546875,2.4441162109375,2.78680020789893
1758790039.581992,herder,2,1.8096043701171876,2.302049560546875,0.24206225155213826
1758790039.581992,target,1,2.149304443359375,2.5331015625,-2.515678957336176
1758790039.581992,target,2,2.200873779296875,1.9195517578125,1.0652101075454576
1758790039.581992,target,3,1.602398193359375,1.0391787109375,1.7836188505669437
1758790039.581992,target,4,1.2642935791015626,2.888397705078125,-0.8572870678098565
1758790039.581992,target,5,1.81799462890625,1.519410400390625,-0.5431911191057938
1758790039.6018744,herder,1,2.51631591796875,2.445005859375,2.784955169895723
1758790039.6018744,herder,2,1.8164656982421874,2.304010009765625,0.24635681519172958
1758790039.6018744,target,1,2.14932275390625,2.53311279296875,-2.515608649883398
1758790039.6018744,target,2,2.200874267578125,1.9195235595703124,1.0652562468113433
1758790039.6018744,target,3,1.6023892822265624,1.03914892578125,1.7844036841401902
1758790039.6018744,target,4,1.264489013671875,2.889461181640625,-0.8695512575248077
1758790039.6018744,target,5,1.814207275390625,1.5143582763671875,-0.43700276380300984
1758790039.62202,herder,1,2.51442822265625,2.445389404296875,2.783748757921917
1758790039.62202,herder,2,1.821366455078125,2.305729736328125,0.24842386096130822
1758790039.62202,target,1,2.149328125,2.533105712890625,-2.5156946699866074
1758790039.62202,target,2,2.200880126953125,1.9195152587890625,1.0654330141286974
1758790039.62202,target,3,1.6024010009765626,1.039168212890625,1.784125383806277
1758790039.62202,target,4,1.263545166015625,2.889033203125,-0.855767135196721
1758790039.62202,target,5,1.812874267578125,1.511383544921875,-0.38137302376726706
1758790039.6419423,herder,1,2.513640625,2.44548779296875,2.7834307764877617
1758790039.6419423,herder,2,1.8236861572265626,2.306398193359375,0.24956319456515774
1758790039.6419423,target,1,2.1493408203125,2.5330888671875,-2.515035271300704
1758790039.6419423,target,2,2.200867919921875,1.91948388671875,1.065436609396169
1758790039.6419423,target,3,1.6023690185546875,1.039175537109375,1.7851885177134366
1758790039.6419423,target,4,1.263315673828125,2.88895703125,-0.8466669805938658
1758790039.6419423,target,5,1.8119732666015624,1.509970458984375,-0.3510371888167698
1758790039.6619751,herder,1,2.51269287109375,2.445750732421875,2.7829562011815097
1758790039.6619751,herder,2,1.8255316162109374,2.30658544921875,0.2506111151645903
1758790039.6619751,target,1,2.149372314453125,2.53319921875,-2.5140214058737107
1758790039.6619751,target,2,2.20081982421875,1.91955078125,1.0652392025803668
1758790039.6619751,target,3,1.60235107421875,1.0391749267578125,1.784772531951166
1758790039.6619751,target,4,1.2629669189453125,2.888650146484375,-0.8382515912862971
1758790039.6619751,target,5,1.8110316162109374,1.5082501220703124,-0.32175736381751624
1758790039.6819513,herder,1,2.51269287109375,2.445750732421875,2.7829562011815097
1758790039.6819513,herder,2,1.8255316162109374,2.30658544921875,0.2506111151645903
1758790039.6819513,target,1,2.149372314453125,2.53319921875,-2.5140214058737107
1758790039.6819513,target,2,2.20081982421875,1.91955078125,1.0652392025803668
1758790039.6819513,target,3,1.60235107421875,1.0391749267578125,1.784772531951166
1758790039.6819513,target,4,1.2629669189453125,2.888650146484375,-0.8382515912862971
1758790039.6819513,target,5,1.8110316162109374,1.5082501220703124,-0.32175736381751624
1758790039.7020373,herder,1,2.5095888671875,2.446772705078125,2.7798935659279183
1758790039.7020373,herder,2,1.838868408203125,2.3097607421875,0.2589020849149818
1758790039.7020373,target,1,2.149383056640625,2.533154296875,-2.5141846576485327
1758790039.7020373,target,2,2.200842529296875,1.9195638427734374,1.0650162294180998
1758790039.7020373,target,3,1.602365478515625,1.0392569580078126,1.7848785257625512
1758790039.7020373,target,4,1.2628896484375,2.888839111328125,-0.8435360352583141
1758790039.7020373,target,5,1.8080859375,1.5002174072265626,-0.18376582173787184
1758790039.7219105,herder,1,2.508603759765625,2.447066650390625,2.7788139204220004
1758790039.7219105,herder,2,1.8407513427734374,2.31043505859375,0.2606733866455071
1758790039.7219105,target,1,2.14934814453125,2.53317333984375,-2.5141212744145887
1758790039.7219105,target,2,2.200862548828125,1.9195504150390625,1.0654235599068276
1758790039.7219105,target,3,1.6024285888671874,1.039134033203125,1.7848734657564802
1758790039.7219105,target,4,1.2624097900390625,2.888991943359375,-0.8363286558212054
1758790039.7219105,target,5,1.8080162353515625,1.4996444091796874,-0.1800533751783014
1758790039.741867,herder,1,2.507712646484375,2.447271728515625,2.777824023444818
1758790039.741867,herder,2,1.8428328857421874,2.311222900390625,0.26220026012223363
1758790039.741867,target,1,2.149367919921875,2.53313427734375,-2.5144869264322565
1758790039.741867,target,2,2.200861572265625,1.9195352783203126,1.0651818114588756
1758790039.741867,target,3,1.6022237548828124,1.039237060546875,1.780949431048303
1758790039.741867,target,4,1.2620615234375,2.888993408203125,-0.8297279444804168
1758790039.741867,target,5,1.8080750732421875,1.4997138671875,-0.18466776782005445
1758790039.761975,herder,1,2.50597509765625,2.44735693359375,2.774064438933953
1758790039.761975,herder,2,1.8485699462890626,2.312462646484375,0.2674109345320554
1758790039.761975,target,1,2.149331298828125,2.533112548828125,-2.5152912010814608
1758790039.761975,target,2,2.20084033203125,1.919548583984375,1.0655759593002072
1758790039.761975,target,3,1.6023388671875,1.0391517333984375,1.7837589328402819
1758790039.761975,target,4,1.26248779296875,2.888499755859375,-0.8233040004569822
1758790039.761975,target,5,1.8081934814453124,1.5008021240234375,-0.19519700795335984
1758790039.782035,herder,1,2.505573486328125,2.447415771484375,2.773260164284749
1758790039.782035,herder,2,1.8503902587890626,2.313073974609375,0.26866977748982224
1758790039.782035,target,1,2.149340087890625,2.533115478515625,-2.515038467094012
1758790039.782035,target,2,2.200868896484375,1.91953662109375,1.0653353426957186
1758790039.782035,target,3,1.6023863525390625,1.03919189453125,1.783226833254484
1758790039.782035,target,4,1.26248193359375,2.8884091796875,-0.823419182174128
1758790039.782035,target,5,1.8084544677734375,1.50120458984375,-0.20338321560437034
1758790039.8020415,herder,1,2.50245166015625,2.448533935546875,2.7733171559320766
1758790039.8020415,herder,2,1.859376220703125,2.315354736328125,0.27549054916043547
1758790039.8020415,target,1,2.14936083984375,2.533136962890625,-2.5148576384559957
1758790039.8020415,target,2,2.200869384765625,1.9195013427734375,1.0653744911637428
1758790039.8020415,target,3,1.602248779296875,1.0391746826171875,1.782264499994584
1758790039.8020415,target,4,1.263133056640625,2.889045654296875,-0.8422123110384903
1758790039.8020415,target,5,1.8096201171875,1.5013922119140626,-0.2097450580401357
1758790039.8218708,herder,1,2.50153125,2.448959228515625,2.773830613390244
1758790039.8218708,herder,2,1.8612486572265625,2.316068115234375,0.2759344315351244
1758790039.8218708,target,1,2.1493544921875,2.5331396484375,-2.5144578979763748
1758790039.8218708,target,2,2.200853515625,1.919559814453125,1.0652986576517027
1758790039.8218708,target,3,1.6022303466796874,1.03916796875,1.7835733105123035
1758790039.8218708,target,4,1.263374755859375,2.889355224609375,-0.8456324090893972
1758790039.8218708,target,5,1.8098890380859376,1.50111572265625,-0.20344077317342968
1758790039.8419626,herder,1,2.50095703125,2.44936328125,2.7749150525861244
1758790039.8419626,herder,2,1.8673643798828126,2.317930908203125,0.28006391247664447
1758790039.8419626,target,1,2.149344970703125,2.53310986328125,-2.514541787550712
1758790039.8419626,target,2,2.200869873046875,1.919517578125,1.0650152973117184
1758790039.8419626,target,3,1.60214111328125,1.0391522216796876,1.780617867492588
1758790039.8419626,target,4,1.2633785400390625,2.88981494140625,-0.8503246991930351
1758790039.8419626,target,5,1.811270751953125,1.5000294189453125,-0.1927419895472271
1758790039.8619723,herder,1,2.50095703125,2.44936328125,2.7749150525861244
1758790039.8619723,herder,2,1.8673643798828126,2.317930908203125,0.28006391247664447
1758790039.8619723,target,1,2.149344970703125,2.53310986328125,-2.514541787550712
1758790039.8619723,target,2,2.200869873046875,1.919517578125,1.0650152973117184
1758790039.8619723,target,3,1.60214111328125,1.0391522216796876,1.780617867492588
1758790039.8619723,target,4,1.2633785400390625,2.88981494140625,-0.8503246991930351
1758790039.8619723,target,5,1.811270751953125,1.5000294189453125,-0.1927419895472271
1758790039.881931,herder,1,2.498202392578125,2.45028662109375,2.776663151525652
1758790039.881931,herder,2,1.8753486328125,2.320793701171875,0.28413794973322043
1758790039.881931,target,1,2.14937060546875,2.5331513671875,-2.513924200493923
1758790039.881931,target,2,2.200866943359375,1.9195301513671874,1.065405450411415
1758790039.881931,target,3,1.602358642578125,1.03918359375,1.7840899637637788
1758790039.881931,target,4,1.2641793212890624,2.89035791015625,-0.8765674885746759
1758790039.881931,target,5,1.8147734375,1.5007430419921874,-0.21520189175846488
1758790039.9019463,herder,1,2.495734130859375,2.450978759765625,2.7756359702932087
1758790039.9019463,herder,2,1.879414794921875,2.32199365234375,0.28705447731150713
1758790039.9019463,target,1,2.14933349609375,2.53314453125,-2.5146238129122866
1758790039.9019463,target,2,2.200867919921875,1.919530517578125,1.06508600423866
1758790039.9019463,target,3,1.60234765625,1.03919189453125,1.7855203475852603
1758790039.9019463,target,4,1.265021240234375,2.891240966796875,-0.8928415333639321
1758790039.9019463,target,5,1.8158564453125,1.502153564453125,-0.2465193845315221
1758790039.9218647,herder,1,2.49487890625,2.451281494140625,2.7750620590782966
1758790039.9218647,herder,2,1.881312255859375,2.32259912109375,0.28882860865069065
1758790039.9218647,target,1,2.14933251953125,2.5331435546875,-2.5147175561826574
1758790039.9218647,target,2,2.200859375,1.91953759765625,1.0651047129453177
1758790039.9218647,target,3,1.60240869140625,1.0391781005859375,1.7835498746947107
1758790039.9218647,target,4,1.2653189697265625,2.891692626953125,-0.8993672101410077
1758790039.9218647,target,5,1.816167724609375,1.5030501708984374,-0.2634159265808275
1758790039.9419425,herder,1,2.49487890625,2.451281494140625,2.7750620590782966
1758790039.9419425,herder,2,1.881312255859375,2.32259912109375,0.28882860865069065
1758790039.9419425,target,1,2.14933251953125,2.5331435546875,-2.5147175561826574
1758790039.9419425,target,2,2.200859375,1.91953759765625,1.0651047129453177
1758790039.9419425,target,3,1.60240869140625,1.0391781005859375,1.7835498746947107
1758790039.9419425,target,4,1.2653189697265625,2.891692626953125,-0.8993672101410077
1758790039.9419425,target,5,1.816167724609375,1.5030501708984374,-0.2634159265808275
1758790039.9619484,herder,1,2.49401318359375,2.451491455078125,2.7735741509772693
1758790039.9619484,herder,2,1.89139404296875,2.3253994140625,0.2968131983624253
1758790039.9619484,target,1,2.149364501953125,2.533129150390625,-2.5144818664261854
1758790039.9619484,target,2,2.200857177734375,1.9195494384765626,1.0652681644572215
1758790039.9619484,target,3,1.6024290771484375,1.0391788330078124,1.7838213839678443
1758790039.9619484,target,4,1.2640166015625,2.89131640625,-0.8727445208298672
1758790039.9619484,target,5,1.820807373046875,1.507469970703125,-0.3656572108320051
1758790039.9820907,herder,1,2.49401318359375,2.451491455078125,2.7735741509772693
1758790039.9820907,herder,2,1.89139404296875,2.3253994140625,0.2968131983624253
1758790039.9820907,target,1,2.149364501953125,2.533129150390625,-2.5144818664261854
1758790039.9820907,target,2,2.200857177734375,1.9195494384765626,1.0652681644572215
1758790039.9820907,target,3,1.6024290771484375,1.0391788330078124,1.7838213839678443
1758790039.9820907,target,4,1.2640166015625,2.89131640625,-0.8727445208298672
1758790039.9820907,target,5,1.820807373046875,1.507469970703125,-0.3656572108320051
1758790040.0018637,herder,1,2.491255615234375,2.452306640625,2.7710284352912624
1758790040.0018637,herder,2,1.8973924560546875,2.327165283203125,0.30389201369791047
1758790040.0018637,target,1,2.149370361328125,2.533179443359375,-2.5140408469496682
1758790040.0018637,target,2,2.200880615234375,1.9195076904296875,1.0653424000726073
1758790040.0018637,target,3,1.6023563232421876,1.039194091796875,1.7835007393725988
1758790040.0018637,target,4,1.2641220703125,2.891205810546875,-0.878522248814794
1758790040.0018637,target,5,1.8250872802734375,1.51240869140625,-0.4672009466146636
1758790040.0220363,herder,1,2.490291748046875,2.452525390625,2.7695687566977902
1758790040.0220363,herder,2,1.9021392822265626,2.32919384765625,0.3058931462305096
1758790040.0220363,target,1,2.14970947265625,2.53357275390625,-2.51442434214664
1758790040.0220363,target,2,2.200882080078125,1.91947705078125,1.0656045217028984
1758790040.0220363,target,3,1.6023673095703126,1.0391923828125,1.7853581610748746
1758790040.0220363,target,4,1.2644454345703124,2.891435302734375,-0.8821588618623245
1758790040.0220363,target,5,1.8267882080078126,1.5149815673828124,-0.5258011099512535
1758790040.0419657,herder,1,2.490291748046875,2.452525390625,2.7695687566977902
1758790040.0419657,herder,2,1.9021392822265626,2.32919384765625,0.3058931462305096
1758790040.0419657,target,1,2.14970947265625,2.53357275390625,-2.51442434214664
1758790040.0419657,target,2,2.200882080078125,1.91947705078125,1.0656045217028984
1758790040.0419657,target,3,1.6023673095703126,1.0391923828125,1.7853581610748746
1758790040.0419657,target,4,1.2644454345703124,2.891435302734375,-0.8821588618623245
1758790040.0419657,target,5,1.8267882080078126,1.5149815673828124,-0.5258011099512535
1758790040.0618653,herder,1,2.4871123046875,2.453765380859375,2.7670645863247887
1758790040.0618653,herder,2,1.9080791015625,2.3303720703125,0.31249871784028765
1758790040.0618653,target,1,2.153478271484375,2.536549560546875,-2.5087339658454675
1758790040.0618653,target,2,2.200855224609375,1.919557373046875,1.0650614365776039
1758790040.0618653,target,3,1.602316162109375,1.0391224365234375,1.7787834821337414
1758790040.0618653,target,4,1.264159912109375,2.8913671875,-0.8804251439926829
1758790040.0618653,target,5,1.83163818359375,1.51956201171875,-0.6304079137511803
1758790040.0819714,herder,1,2.486747314453125,2.453886474609375,2.766707722738718
1758790040.0819714,herder,2,1.90962890625,2.330929443359375,0.3124447222491863
1758790040.0819714,target,1,2.15466259765625,2.5377666015625,-2.503375952048337
1758790040.0819714,target,2,2.200867919921875,1.919544677734375,1.0654308835998252
1758790040.0819714,target,3,1.602389404296875,1.03917822265625,1.7862874711372576
1758790040.0819714,target,4,1.2638848876953126,2.891239013671875,-0.8795208676445465
1758790040.0819714,target,5,1.832264404296875,1.5198284912109374,-0.6444928401243913
1758790040.101982,herder,1,2.486623046875,2.453882080078125,2.766636616337613
1758790040.101982,herder,2,1.910752197265625,2.331499267578125,0.31274992051010936
1758790040.101982,target,1,2.1557080078125,2.538663818359375,-2.4981859837159908
1758790040.101982,target,2,2.200861572265625,1.9195526123046875,1.0654195651651923
1758790040.101982,target,3,1.6023304443359374,1.039202392578125,1.7839197877701227
1758790040.101982,target,4,1.26360400390625,2.891262451171875,-0.8732003208504342
1758790040.101982,target,5,1.83260546875,1.5203128662109375,-0.6461159036507401
1758790040.121877,herder,1,2.48540185546875,2.4542119140625,2.766474696143336
1758790040.121877,herder,2,1.9100518798828126,2.331720703125,0.31219831326932673
1758790040.121877,target,1,2.158110595703125,2.54087548828125,-2.4927787014386937
1758790040.121877,target,2,2.2008662109375,1.9195244140625,1.0651976572673616
1758790040.121877,target,3,1.602441650390625,1.039095947265625,1.7828975333856958
1758790040.121877,target,4,1.2630020751953126,2.890625,-0.8522554244043152
1758790040.121877,target,5,1.833013427734375,1.52054736328125,-0.6586711102938098
1758790040.141815,herder,1,2.48540185546875,2.4542119140625,2.766474696143336
1758790040.141815,herder,2,1.9100518798828126,2.331720703125,0.31219831326932673
1758790040.141815,target,1,2.158110595703125,2.54087548828125,-2.4927787014386937
1758790040.141815,target,2,2.2008662109375,1.9195244140625,1.0651976572673616
1758790040.141815,target,3,1.602441650390625,1.039095947265625,1.7828975333856958
1758790040.141815,target,4,1.2630020751953126,2.890625,-0.8522554244043152
1758790040.141815,target,5,1.833013427734375,1.52054736328125,-0.6586711102938098
1758790040.1618621,herder,1,2.48540185546875,2.4542119140625,2.766474696143336
1758790040.1618621,herder,2,1.9100518798828126,2.331720703125,0.31219831326932673
1758790040.1618621,target,1,2.158110595703125,2.54087548828125,-2.4927787014386937
1758790040.1618621,target,2,2.2008662109375,1.9195244140625,1.0651976572673616
1758790040.1618621,target,3,1.602441650390625,1.039095947265625,1.7828975333856958
1758790040.1618621,target,4,1.2630020751953126,2.890625,-0.8522554244043152
1758790040.1618621,target,5,1.833013427734375,1.52054736328125,-0.6586711102938098
1758790040.1819375,herder,1,2.48540185546875,2.4542119140625,2.766474696143336
1758790040.1819375,herder,2,1.9100518798828126,2.331720703125,0.31219831326932673
1758790040.1819375,target,1,2.158110595703125,2.54087548828125,-2.4927787014386937
1758790040.1819375,target,2,2.2008662109375,1.9195244140625,1.0651976572673616
1758790040.1819375,target,3,1.602441650390625,1.039095947265625,1.7828975333856958
1758790040.1819375,target,4,1.2630020751953126,2.890625,-0.8522554244043152
1758790040.1819375,target,5,1.833013427734375,1.52054736328125,-0.6586711102938098
1758790040.2020626,herder,1,2.48540185546875,2.4542119140625,2.766474696143336
1758790040.2020626,herder,2,1.9100518798828126,2.331720703125,0.31219831326932673
1758790040.2020626,target,1,2.158110595703125,2.54087548828125,-2.4927787014386937
1758790040.2020626,target,2,2.2008662109375,1.9195244140625,1.0651976572673616
1758790040.2020626,target,3,1.602441650390625,1.039095947265625,1.7828975333856958
1758790040.2020626,target,4,1.2630020751953126,2.890625,-0.8522554244043152
1758790040.2020626,target,5,1.833013427734375,1.52054736328125,-0.6586711102938098
1758790040.2219405,herder,1,2.48540185546875,2.4542119140625,2.766474696143336
1758790040.2219405,herder,2,1.9100518798828126,2.331720703125,0.31219831326932673
1758790040.2219405,target,1,2.158110595703125,2.54087548828125,-2.4927787014386937
1758790040.2219405,target,2,2.2008662109375,1.9195244140625,1.0651976572673616
1758790040.2219405,target,3,1.602441650390625,1.039095947265625,1.7828975333856958
1758790040.2219405,target,4,1.2630020751953126,2.890625,-0.8522554244043152
1758790040.2219405,target,5,1.833013427734375,1.52054736328125,-0.6586711102938098
1758790040.2418578,herder,1,2.47830908203125,2.455710693359375,2.743149399735877
1758790040.2418578,herder,2,1.9118597412109375,2.332017333984375,0.3185456914114216
1758790040.2418578,target,1,2.159923095703125,2.54147412109375,-2.5062566933994757
1758790040.2418578,target,2,2.200869140625,1.919548095703125,1.0652947294890949
1758790040.2418578,target,3,1.6023563232421876,1.039105224609375,1.7815443812358265
1758790040.2418578,target,4,1.261226318359375,2.888626708984375,-0.8044007498815452
1758790040.2418578,target,5,1.825049072265625,1.5114288330078125,-0.4453161207513148
1758790040.2618577,herder,1,2.476312255859375,2.45627490234375,2.7332397773196924
1758790040.2618577,herder,2,1.9162154541015626,2.33340576171875,0.32229505604160325
1758790040.2618577,target,1,2.1619501953125,2.54326318359375,-2.504119772940796
1758790040.2618577,target,2,2.2008798828125,1.9195390625,1.065138069037971
1758790040.2618577,target,3,1.602368408203125,1.039066162109375,1.781932403806651
1758790040.2618577,target,4,1.2599659423828125,2.888566650390625,-0.7840045311990098
1758790040.2618577,target,5,1.82282666015625,1.5069566650390624,-0.3580682669897153
1758790040.2819374,herder,1,2.476312255859375,2.45627490234375,2.7332397773196924
1758790040.2819374,herder,2,1.9162154541015626,2.33340576171875,0.32229505604160325
1758790040.2819374,target,1,2.1619501953125,2.54326318359375,-2.504119772940796
1758790040.2819374,target,2,2.2008798828125,1.9195390625,1.065138069037971
1758790040.2819374,target,3,1.602368408203125,1.039066162109375,1.781932403806651
1758790040.2819374,target,4,1.2599659423828125,2.888566650390625,-0.7840045311990098
1758790040.2819374,target,5,1.82282666015625,1.5069566650390624,-0.3580682669897153
1758790040.3018951,herder,1,2.475234375,2.456183349609375,2.7248090082568286
1758790040.3018951,herder,2,1.920923828125,2.335382568359375,0.3212215025166787
1758790040.3018951,target,1,2.163428466796875,2.54479736328125,-2.499766303506844
1758790040.3018951,target,2,2.200840576171875,1.919566650390625,1.064994324918134
1758790040.3018951,target,3,1.602331298828125,1.039194580078125,1.785269211494466
1758790040.3018951,target,4,1.2583475341796875,2.88778271484375,-0.7574895001749357
1758790040.3018951,target,5,1.820764404296875,1.5037415771484375,-0.2969664632831594
1758790040.321846,herder,1,2.473806884765625,2.45674853515625,2.719509317687571
1758790040.321846,herder,2,1.9204390869140624,2.33543798828125,0.3217204124573914
1758790040.321846,target,1,2.16420947265625,2.5450029296875,-2.5008099963380457
1758790040.321846,target,2,2.2008681640625,1.9195546875,1.0655432689978266
1758790040.321846,target,3,1.6023248291015626,1.03915478515625,1.7846945013312268
1758790040.321846,target,4,1.2574100341796874,2.88698681640625,-0.7361799503965576
1758790040.321846,target,5,1.81969775390625,1.502822998046875,-0.2951624379607397
1758790040.3419492,herder,1,2.473806884765625,2.45674853515625,2.719509317687571
1758790040.3419492,herder,2,1.9204390869140624,2.33543798828125,0.3217204124573914
1758790040.3419492,target,1,2.16420947265625,2.5450029296875,-2.5008099963380457
1758790040.3419492,target,2,2.2008681640625,1.9195546875,1.0655432689978266
1758790040.3419492,target,3,1.6023248291015626,1.03915478515625,1.7846945013312268
1758790040.3419492,target,4,1.2574100341796874,2.88698681640625,-0.7361799503965576
1758790040.3419492,target,5,1.81969775390625,1.502822998046875,-0.2951624379607397
1758790040.3619535,herder,1,2.473806884765625,2.45674853515625,2.719509317687571
1758790040.3619535,herder,2,1.9204390869140624,2.33543798828125,0.3217204124573914
1758790040.3619535,target,1,2.16420947265625,2.5450029296875,-2.5008099963380457
1758790040.3619535,target,2,2.2008681640625,1.9195546875,1.0655432689978266
1758790040.3619535,target,3,1.6023248291015626,1.03915478515625,1.7846945013312268
1758790040.3619535,target,4,1.2574100341796874,2.88698681640625,-0.7361799503965576
1758790040.3619535,target,5,1.81969775390625,1.502822998046875,-0.2951624379607397
1758790040.3819284,herder,1,2.473806884765625,2.45674853515625,2.719509317687571
1758790040.3819284,herder,2,1.9204390869140624,2.33543798828125,0.3217204124573914
1758790040.3819284,target,1,2.16420947265625,2.5450029296875,-2.5008099963380457
1758790040.3819284,target,2,2.2008681640625,1.9195546875,1.0655432689978266
1758790040.3819284,target,3,1.6023248291015626,1.03915478515625,1.7846945013312268
1758790040.3819284,target,4,1.2574100341796874,2.88698681640625,-0.7361799503965576
1758790040.3819284,target,5,1.81969775390625,1.502822998046875,-0.2951624379607397
1758790040.4019709,herder,1,2.473806884765625,2.45674853515625,2.719509317687571
1758790040.4019709,herder,2,1.9204390869140624,2.33543798828125,0.3217204124573914
1758790040.4019709,target,1,2.16420947265625,2.5450029296875,-2.5008099963380457
1758790040.4019709,target,2,2.2008681640625,1.9195546875,1.0655432689978266
1758790040.4019709,target,3,1.6023248291015626,1.03915478515625,1.7846945013312268
1758790040.4019709,target,4,1.2574100341796874,2.88698681640625,-0.7361799503965576
1758790040.4019709,target,5,1.81969775390625,1.502822998046875,-0.2951624379607397
1758790040.42185,herder,1,2.473806884765625,2.45674853515625,2.719509317687571
1758790040.42185,herder,2,1.9204390869140624,2.33543798828125,0.3217204124573914
1758790040.42185,target,1,2.16420947265625,2.5450029296875,-2.5008099963380457
1758790040.42185,target,2,2.2008681640625,1.9195546875,1.0655432689978266
1758790040.42185,target,3,1.6023248291015626,1.03915478515625,1.7846945013312268
1758790040.42185,target,4,1.2574100341796874,2.88698681640625,-0.7361799503965576
1758790040.42185,target,5,1.81969775390625,1.502822998046875,-0.2951624379607397
1758790040.4419162,herder,1,2.469533447265625,2.457366943359375,2.685074112160628
1758790040.4419162,herder,2,1.919685546875,2.334001220703125,0.3268105788278871
1758790040.4419162,target,1,2.166313720703125,2.54717041015625,-2.500821980562951
1758790040.4419162,target,2,2.2008642578125,1.919548583984375,1.0653096431911995
1758790040.4419162,target,3,1.6023953857421875,1.039134521484375,1.786131409897379
1758790040.4419162,target,4,1.2585419921875,2.886865478515625,-0.748585553965392
1758790040.4419162,target,5,1.8235780029296875,1.5072198486328126,-0.3803550970196115
1758790040.4619718,herder,1,2.469533447265625,2.457366943359375,2.685074112160628
1758790040.4619718,herder,2,1.919685546875,2.334001220703125,0.3268105788278871
1758790040.4619718,target,1,2.166313720703125,2.54717041015625,-2.500821980562951
1758790040.4619718,target,2,2.2008642578125,1.919548583984375,1.0653096431911995
1758790040.4619718,target,3,1.6023953857421875,1.039134521484375,1.786131409897379
1758790040.4619718,target,4,1.2585419921875,2.886865478515625,-0.748585553965392
1758790040.4619718,target,5,1.8235780029296875,1.5072198486328126,-0.3803550970196115
1758790040.4819272,herder,1,2.468997314453125,2.45749951171875,2.68095846301202
1758790040.4819272,herder,2,1.9230562744140625,2.335633056640625,0.32648554001684293
1758790040.4819272,target,1,2.166810546875,2.54768310546875,-2.499473089470826
1758790040.4819272,target,2,2.20086083984375,1.91952001953125,1.0652091088600488
1758790040.4819272,target,3,1.602408447265625,1.0390645751953125,1.7839405604266254
1758790040.4819272,target,4,1.2593477783203124,2.886813720703125,-0.7563124495521479
1758790040.4819272,target,5,1.8246783447265624,1.509443115234375,-0.42436926022389193
1758790040.5019872,herder,1,2.467722412109375,2.457821533203125,2.6726073224657494
1758790040.5019872,herder,2,1.925003173828125,2.336092529296875,0.3275639538107569
1758790040.5019872,target,1,2.16708349609375,2.54743505859375,-2.50414294244228
1758790040.5019872,target,2,2.200872314453125,1.9195421142578124,1.0651875372552193
1758790040.5019872,target,3,1.602461669921875,1.039125732421875,1.7841271148609854
1758790040.5019872,target,4,1.25980517578125,2.88633837890625,-0.7562964040065802
1758790040.5019872,target,5,1.8282154541015625,1.5142196044921874,-0.5257346307925425
1758790040.521923,herder,1,2.46736572265625,2.4579404296875,2.670682655945949
1758790040.521923,herder,2,1.9245469970703124,2.33578857421875,0.3278240780702304
1758790040.521923,target,1,2.1674033203125,2.547599609375,-2.502967689453228
1758790040.521923,target,2,2.200853515625,1.91952685546875,1.0650217554773618
1758790040.521923,target,3,1.6023426513671875,1.039181396484375,1.784362937775512
1758790040.521923,target,4,1.259713623046875,2.886351318359375,-0.7569922214203906
1758790040.521923,target,5,1.82915185546875,1.5154052734375,-0.5522277573166506
1758790040.5419638,herder,1,2.46710498046875,2.458018798828125,2.668763315748329
1758790040.5419638,herder,2,1.9239947509765625,2.3356328125,0.3285946637316448
1758790040.5419638,target,1,2.16773583984375,2.548002685546875,-2.502135451612578
1758790040.5419638,target,2,2.200860595703125,1.9195533447265625,1.0651519174756394
1758790040.5419638,target,3,1.6023548583984375,1.0391383056640624,1.7834815646127502
1758790040.5419638,target,4,1.259930419921875,2.8866923828125,-0.7626740090270474
1758790040.5419638,target,5,1.83039111328125,1.5163448486328126,-0.5755420016055859
1758790040.56193,herder,1,2.46710498046875,2.458018798828125,2.668763315748329
1758790040.56193,herder,2,1.9239947509765625,2.3356328125,0.3285946637316448
1758790040.56193,target,1,2.16773583984375,2.548002685546875,-2.502135451612578
1758790040.56193,target,2,2.200860595703125,1.9195533447265625,1.0651519174756394
1758790040.56193,target,3,1.6023548583984375,1.0391383056640624,1.7834815646127502
1758790040.56193,target,4,1.259930419921875,2.8866923828125,-0.7626740090270474
1758790040.56193,target,5,1.83039111328125,1.5163448486328126,-0.5755420016055859
1758790040.5819776,herder,1,2.46710498046875,2.458018798828125,2.668763315748329
1758790040.5819776,herder,2,1.9239947509765625,2.3356328125,0.3285946637316448
1758790040.5819776,target,1,2.16773583984375,2.548002685546875,-2.502135451612578
1758790040.5819776,target,2,2.200860595703125,1.9195533447265625,1.0651519174756394
1758790040.5819776,target,3,1.6023548583984375,1.0391383056640624,1.7834815646127502
1758790040.5819776,target,4,1.259930419921875,2.8866923828125,-0.7626740090270474
1758790040.5819776,target,5,1.83039111328125,1.5163448486328126,-0.5755420016055859
1758790040.6019058,herder,1,2.46710498046875,2.458018798828125,2.668763315748329
1758790040.6019058,herder,2,1.9239947509765625,2.3356328125,0.3285946637316448
1758790040.6019058,target,1,2.16773583984375,2.548002685546875,-2.502135451612578
1758790040.6019058,target,2,2.200860595703125,1.9195533447265625,1.0651519174756394
1758790040.6019058,target,3,1.6023548583984375,1.0391383056640624,1.7834815646127502
1758790040.6019058,target,4,1.259930419921875,2.8866923828125,-0.7626740090270474
1758790040.6019058,target,5,1.83039111328125,1.5163448486328126,-0.5755420016055859
1758790040.6218393,herder,1,2.46710498046875,2.458018798828125,2.668763315748329
1758790040.6218393,herder,2,1.9239947509765625,2.3356328125,0.3285946637316448
1758790040.6218393,target,1,2.16773583984375,2.548002685546875,-2.502135451612578
1758790040.6218393,target,2,2.200860595703125,1.9195533447265625,1.0651519174756394
1758790040.6218393,target,3,1.6023548583984375,1.0391383056640624,1.7834815646127502
1758790040.6218393,target,4,1.259930419921875,2.8866923828125,-0.7626740090270474
1758790040.6218393,target,5,1.83039111328125,1.5163448486328126,-0.5755420016055859
1758790040.6423993,herder,1,2.46407666015625,2.458556640625,2.6410581846121257
1758790040.6423993,herder,2,1.93143701171875,2.3379345703125,0.3392558967864773
1758790040.6423993,target,1,2.177550048828125,2.556681884765625,-2.4821870434673396
1758790040.6423993,target,2,2.20086572265625,1.9195242919921875,1.0651168303282776
1758790040.6423993,target,3,1.60232470703125,1.039154541015625,1.7833670486858768
1758790040.6423993,target,4,1.258002685546875,2.885798828125,-0.7308181415948739
1758790040.6423993,target,5,1.831735107421875,1.512590087890625,-0.5211422758088098
1758790040.6618629,herder,1,2.46336865234375,2.458769287109375,2.635751836140143
1758790040.6618629,herder,2,1.9348521728515624,2.33908935546875,0.34226297184182664
1758790040.6618629,target,1,2.18016845703125,2.559264892578125,-2.4743464309020373
1758790040.6618629,target,2,2.200853515625,1.919542236328125,1.0653286847929935
1758790040.6618629,target,3,1.602392578125,1.039121337890625,1.783863861387231
1758790040.6618629,target,4,1.2571326904296876,2.88534423828125,-0.7149608149371878
1758790040.6618629,target,5,1.8304739990234375,1.5103310546875,-0.4787513092889326
1758790040.6819623,herder,1,2.4630078125,2.458953857421875,2.633385351195498
1758790040.6819623,herder,2,1.9367105712890624,2.33977978515625,0.3438487178234007
1758790040.6819623,target,1,2.181572021484375,2.560447021484375,-2.469620917863801
1758790040.6819623,target,2,2.20086279296875,1.9195418701171876,1.0654030535664338
1758790040.6819623,target,3,1.60245654296875,1.039162353515625,1.7850297933124677
1758790040.6819623,target,4,1.2567476806640625,2.8849814453125,-0.7088889408098616
1758790040.6819623,target,5,1.8295789794921875,1.5091324462890625,-0.4539435309711674
1758790040.701987,herder,1,2.4622099609375,2.4592705078125,2.6287157645401535
1758790040.701987,herder,2,1.9411260986328125,2.341381591796875,0.34692024137712996
1758790040.701987,target,1,2.184238037109375,2.563068603515625,-2.4632357228342268
1758790040.701987,target,2,2.20084814453125,1.919567138671875,1.0650180270518357
1758790040.701987,target,3,1.6024114990234375,1.0391527099609374,1.7839095345999259
1758790040.701987,target,4,1.2563624267578124,2.88421484375,-0.6929954617403777
1758790040.701987,target,5,1.8281766357421876,1.5072640380859375,-0.4041766069171795
1758790040.7219434,herder,1,2.461825439453125,2.45938232421875,2.6265743167076208
1758790040.7219434,herder,2,1.9435391845703125,2.342238037109375,0.3486326872475645
1758790040.7219434,target,1,2.185606201171875,2.564069091796875,-2.4587003594978216
1758790040.7219434,target,2,2.20084375,1.919571533203125,1.065171358551597
1758790040.7219434,target,3,1.6024326171875,1.0392110595703126,1.7847845161760714
1758790040.7219434,target,4,1.25614013671875,2.883843505859375,-0.6851805486795948
1758790040.7219434,target,5,1.8276724853515625,1.5057808837890625,-0.38936630204205813
1758790040.7419555,herder,1,2.461195556640625,2.459432373046875,2.6214077841928667
1758790040.7419555,herder,2,1.9519324951171875,2.344925537109375,0.353577877786219
1758790040.7419555,target,1,2.189609619140625,2.56792578125,-2.4457885555847905
1758790040.7419555,target,2,2.200854248046875,1.9195552978515624,1.0651015171520097
1758790040.7419555,target,3,1.6022662353515624,1.0392762451171875,1.7821631667151066
1758790040.7419555,target,4,1.2555830078125,2.883127685546875,-0.6755458976459605
1758790040.7419555,target,5,1.8282236328125,1.50263818359375,-0.3398612665917659
1758790040.7619612,herder,1,2.461195556640625,2.459432373046875,2.6214077841928667
1758790040.7619612,herder,2,1.9519324951171875,2.344925537109375,0.353577877786219
1758790040.7619612,target,1,2.189609619140625,2.56792578125,-2.4457885555847905
1758790040.7619612,target,2,2.200854248046875,1.9195552978515624,1.0651015171520097
1758790040.7619612,target,3,1.6022662353515624,1.0392762451171875,1.7821631667151066
1758790040.7619612,target,4,1.2555830078125,2.883127685546875,-0.6755458976459605
1758790040.7619612,target,5,1.8282236328125,1.50263818359375,-0.3398612665917659
1758790040.781929,herder,1,2.461195556640625,2.459432373046875,2.6214077841928667
1758790040.781929,herder,2,1.9519324951171875,2.344925537109375,0.353577877786219
1758790040.781929,target,1,2.189609619140625,2.56792578125,-2.4457885555847905
1758790040.781929,target,2,2.200854248046875,1.9195552978515624,1.0651015171520097
1758790040.781929,target,3,1.6022662353515624,1.0392762451171875,1.7821631667151066
1758790040.781929,target,4,1.2555830078125,2.883127685546875,-0.6755458976459605
1758790040.781929,target,5,1.8282236328125,1.50263818359375,-0.3398612665917659
1758790040.8019812,herder,1,2.461195556640625,2.459432373046875,2.6214077841928667
1758790040.8019812,herder,2,1.9519324951171875,2.344925537109375,0.353577877786219
1758790040.8019812,target,1,2.189609619140625,2.56792578125,-2.4457885555847905
1758790040.8019812,target,2,2.200854248046875,1.9195552978515624,1.0651015171520097
1758790040.8019812,target,3,1.6022662353515624,1.0392762451171875,1.7821631667151066
1758790040.8019812,target,4,1.2555830078125,2.883127685546875,-0.6755458976459605
1758790040.8019812,target,5,1.8282236328125,1.50263818359375,-0.3398612665917659
1758790040.8219419,herder,1,2.461195556640625,2.459432373046875,2.6214077841928667
1758790040.8219419,herder,2,1.9519324951171875,2.344925537109375,0.353577877786219
1758790040.8219419,target,1,2.189609619140625,2.56792578125,-2.4457885555847905
1758790040.8219419,target,2,2.200854248046875,1.9195552978515624,1.0651015171520097
1758790040.8219419,target,3,1.6022662353515624,1.0392762451171875,1.7821631667151066
1758790040.8219419,target,4,1.2555830078125,2.883127685546875,-0.6755458976459605
1758790040.8219419,target,5,1.8282236328125,1.50263818359375,-0.3398612665917659
1758790040.8420167,herder,1,2.461195556640625,2.459432373046875,2.6214077841928667
1758790040.8420167,herder,2,1.9519324951171875,2.344925537109375,0.353577877786219
1758790040.8420167,target,1,2.189609619140625,2.56792578125,-2.4457885555847905
1758790040.8420167,target,2,2.200854248046875,1.9195552978515624,1.0651015171520097
1758790040.8420167,target,3,1.6022662353515624,1.0392762451171875,1.7821631667151066
1758790040.8420167,target,4,1.2555830078125,2.883127685546875,-0.6755458976459605
1758790040.8420167,target,5,1.8282236328125,1.50263818359375,-0.3398612665917659
1758790040.8619466,herder,1,2.458919189453125,2.458094482421875,2.5421465175138196
1758790040.8619466,herder,2,1.9814493408203124,2.356143310546875,0.3727336293225091
1758790040.8619466,target,1,2.20730908203125,2.58727490234375,-2.3907284989957294
1758790040.8619466,target,2,2.200851806640625,1.9195701904296876,1.06485510817215
1758790040.8619466,target,3,1.602381591796875,1.0392142333984375,1.7843221914108338
1758790040.8619466,target,4,1.2607938232421876,2.889863037109375,-0.8123849068296027
1758790040.8619466,target,5,1.831919677734375,1.5079647216796874,-0.45590158687313453
1758790040.881854,herder,1,2.45879052734375,2.458008544921875,2.5325945576320326
1758790040.881854,herder,2,1.98333203125,2.35694287109375,0.3749681879246537
1758790040.881854,target,1,2.208485595703125,2.588498779296875,-2.3898653684864346
1758790040.881854,target,2,2.2008515625,1.9195584716796874,1.0652135696548748
1758790040.881854,target,3,1.60241650390625,1.03911669921875,1.7830876830875275
1758790040.881854,target,4,1.2612176513671876,2.89054296875,-0.8280636019571718
1758790040.881854,target,5,1.8324447021484376,1.508868408203125,-0.4776953659167162
1758790040.9019773,herder,1,2.45785595703125,2.45803955078125,2.514328734663506
1758790040.9019773,herder,2,1.986234375,2.358291748046875,0.37728786781314
1758790040.9019773,target,1,2.211037841796875,2.590531982421875,-2.385680477149484
1758790040.9019773,target,2,2.20084228515625,1.9195472412109376,1.065501324210658
1758790040.9019773,target,3,1.60230517578125,1.0392125244140624,1.7832057942818724
1758790040.9019773,target,4,1.262117431640625,2.892007568359375,-0.8575418657471499
1758790040.9019773,target,5,1.8334625244140625,1.510206787109375,-0.5098790684790785
1758790040.9218316,herder,1,2.457472900390625,2.4579765625,2.5054691966651395
1758790040.9218316,herder,2,1.98768310546875,2.35880029296875,0.37738490674535974
1758790040.9218316,target,1,2.21199169921875,2.591572021484375,-2.383075905603387
1758790040.9218316,target,2,2.200855712890625,1.919524169921875,1.0649352027419343
1758790040.9218316,target,3,1.6023154296875,1.03914404296875,1.7835156530747032
1758790040.9218316,target,4,1.2624512939453125,2.8927890625,-0.8673253209066921
1758790040.9218316,target,5,1.8336810302734374,1.51070654296875,-0.5158546360434847
1758790040.9419513,herder,1,2.45728857421875,2.45692041015625,2.481403275158529
1758790040.9419513,herder,2,1.9930462646484375,2.3607548828125,0.3826832657340724
1758790040.9419513,target,1,2.214702392578125,2.596015380859375,-2.368637577753522
1758790040.9419513,target,2,2.200866943359375,1.9195552978515624,1.0652218920332812
1758790040.9419513,target,3,1.6023095703125,1.0391715087890625,1.7848079519936642
1758790040.9419513,target,4,1.26187646484375,2.893695068359375,-0.8575109730785049
1758790040.9419513,target,5,1.8334305419921875,1.5107740478515626,-0.5142742163840908
1758790040.9618683,herder,1,2.45728857421875,2.45692041015625,2.481403275158529
1758790040.9618683,herder,2,1.9930462646484375,2.3607548828125,0.3826832657340724
1758790040.9618683,target,1,2.214702392578125,2.596015380859375,-2.368637577753522
1758790040.9618683,target,2,2.200866943359375,1.9195552978515624,1.0652218920332812
1758790040.9618683,target,3,1.6023095703125,1.0391715087890625,1.7848079519936642
1758790040.9618683,target,4,1.26187646484375,2.893695068359375,-0.8575109730785049
1758790040.9618683,target,5,1.8334305419921875,1.5107740478515626,-0.5142742163840908
1758790040.9819448,herder,1,2.45728857421875,2.45692041015625,2.481403275158529
1758790040.9819448,herder,2,1.9930462646484375,2.3607548828125,0.3826832657340724
1758790040.9819448,target,1,2.214702392578125,2.596015380859375,-2.368637577753522
1758790040.9819448,target,2,2.200866943359375,1.9195552978515624,1.0652218920332812
1758790040.9819448,target,3,1.6023095703125,1.0391715087890625,1.7848079519936642
1758790040.9819448,target,4,1.26187646484375,2.893695068359375,-0.8575109730785049
1758790040.9819448,target,5,1.8334305419921875,1.5107740478515626,-0.5142742163840908
1758790041.0019596,herder,1,2.45728857421875,2.45692041015625,2.481403275158529
1758790041.0019596,herder,2,1.9930462646484375,2.3607548828125,0.3826832657340724
1758790041.0019596,target,1,2.214702392578125,2.596015380859375,-2.368637577753522
1758790041.0019596,target,2,2.200866943359375,1.9195552978515624,1.0652218920332812
1758790041.0019596,target,3,1.6023095703125,1.0391715087890625,1.7848079519936642
1758790041.0019596,target,4,1.26187646484375,2.893695068359375,-0.8575109730785049
1758790041.0019596,target,5,1.8334305419921875,1.5107740478515626,-0.5142742163840908
1758790041.02192,herder,1,2.45728857421875,2.45692041015625,2.481403275158529
1758790041.02192,herder,2,1.9930462646484375,2.3607548828125,0.3826832657340724
1758790041.02192,target,1,2.214702392578125,2.596015380859375,-2.368637577753522
1758790041.02192,target,2,2.200866943359375,1.9195552978515624,1.0652218920332812
1758790041.02192,target,3,1.6023095703125,1.0391715087890625,1.7848079519936642
1758790041.02192,target,4,1.26187646484375,2.893695068359375,-0.8575109730785049
1758790041.02192,target,5,1.8334305419921875,1.5107740478515626,-0.5142742163840908
1758790041.041945,herder,1,2.45728857421875,2.45692041015625,2.481403275158529
1758790041.041945,herder,2,1.9930462646484375,2.3607548828125,0.3826832657340724
1758790041.041945,target,1,2.214702392578125,2.596015380859375,-2.368637577753522
1758790041.041945,target,2,2.200866943359375,1.9195552978515624,1.0652218920332812
1758790041.041945,target,3,1.6023095703125,1.0391715087890625,1.7848079519936642
1758790041.041945,target,4,1.26187646484375,2.893695068359375,-0.8575109730785049
1758790041.041945,target,5,1.8334305419921875,1.5107740478515626,-0.5142742163840908
1758790041.061996,herder,1,2.45425,2.455002685546875,2.3494646821177145
1758790041.061996,herder,2,2.0152440185546876,2.369111572265625,0.4001212117882341
1758790041.061996,target,1,2.225363525390625,2.613373291015625,-2.293824056411016
1758790041.061996,target,2,2.200873291015625,1.9195230712890625,1.0651284150790195
1758790041.061996,target,3,1.60236572265625,1.03917529296875,1.7840050089250052
1758790041.061996,target,4,1.261811767578125,2.8936875,-0.8605728759627963
1758790041.061996,target,5,1.833550048828125,1.5052607421875,-0.42885139362800895
1758790041.0819523,herder,1,2.454512939453125,2.454522216796875,2.338662634420244
1758790041.0819523,herder,2,2.017215087890625,2.3700830078125,0.40191764710154704
1758790041.0819523,target,1,2.2259833984375,2.61468408203125,-2.2872732127616393
1758790041.0819523,target,2,2.200848388671875,1.9195576171875,1.0653406024388716
1758790041.0819523,target,3,1.6023306884765625,1.0391800537109375,1.7834474761507972
1758790041.0819523,target,4,1.2617193603515624,2.89334326171875,-0.8550916243862224
1758790041.0819523,target,5,1.833009033203125,1.504184326171875,-0.40517532561547287
1758790041.1019657,herder,1,2.454807373046875,2.453887939453125,2.3169581378522075
1758790041.1019657,herder,2,2.020243896484375,2.37141357421875,0.4035426747091998
1758790041.1019657,target,1,2.227739990234375,2.618033935546875,-2.275198706695329
1758790041.1019657,target,2,2.2008525390625,1.9195694580078124,1.0654030535664338
1758790041.1019657,target,3,1.6023621826171874,1.03909423828125,1.782855055966309
1758790041.1019657,target,4,1.26172412109375,2.892499267578125,-0.84375321604521
1758790041.1019657,target,5,1.83212939453125,1.5022666015625,-0.36135201119281024
1758790041.1218789,herder,1,2.4537841796875,2.45392529296875,2.2834172218193136
1758790041.1218789,herder,2,2.02523974609375,2.37330322265625,0.408407071598284
1758790041.1218789,target,1,2.230258056640625,2.62215771484375,-2.259095636848056
1758790041.1218789,target,2,2.200867919921875,1.919566162109375,1.0653681661561538
1758790041.1218789,target,3,1.6022618408203124,1.03914892578125,1.7841858375630217
1758790041.1218789,target,4,1.2608458251953125,2.8914990234375,-0.826836084431727
1758790041.1218789,target,5,1.83118505859375,1.501261962890625,-0.3539323445273086
1758790041.1419559,herder,1,2.45342138671875,2.45375244140625,2.2726934710578917
1758790041.1419559,herder,2,2.027126953125,2.374021240234375,0.4103087350641687
1758790041.1419559,target,1,2.231025146484375,2.6238232421875,-2.256071084798053
1758790041.1419559,target,2,2.200864501953125,1.9195430908203126,1.0653453961288337
1758790041.1419559,target,3,1.6023206787109374,1.0392037353515624,1.7847423050727937
1758790041.1419559,target,4,1.2609417724609375,2.89131396484375,-0.8275454839670968
1758790041.1419559,target,5,1.83130224609375,1.5012685546875,-0.3589515709442673
1758790041.1618695,herder,1,2.453431396484375,2.4532734375,2.261487688139165
1758790041.1618695,herder,2,2.028792724609375,2.374592041015625,0.41204787912453134
1758790041.1618695,target,1,2.23175048828125,2.625236572265625,-2.253956002260312
1758790041.1618695,target,2,2.200878173828125,1.9195411376953124,1.0650350712828123
1758790041.1618695,target,3,1.6023267822265626,1.0392091064453124,1.7857919900164485
1758790041.1618695,target,4,1.26093505859375,2.89127294921875,-0.8265052532453119
1758790041.1618695,target,5,1.8316060791015625,1.501395263671875,-0.36100197195703293
1758790041.1819472,herder,1,2.453431396484375,2.4532734375,2.261487688139165
1758790041.1819472,herder,2,2.028792724609375,2.374592041015625,0.41204787912453134
1758790041.1819472,target,1,2.23175048828125,2.625236572265625,-2.253956002260312
1758790041.1819472,target,2,2.200878173828125,1.9195411376953124,1.0650350712828123
1758790041.1819472,target,3,1.6023267822265626,1.0392091064453124,1.7857919900164485
1758790041.1819472,target,4,1.26093505859375,2.89127294921875,-0.8265052532453119
1758790041.1819472,target,5,1.8316060791015625,1.501395263671875,-0.36100197195703293
1758790041.2019732,herder,1,2.453431396484375,2.4532734375,2.261487688139165
1758790041.2019732,herder,2,2.028792724609375,2.374592041015625,0.41204787912453134
1758790041.2019732,target,1,2.23175048828125,2.625236572265625,-2.253956002260312
1758790041.2019732,target,2,2.200878173828125,1.9195411376953124,1.0650350712828123
1758790041.2019732,target,3,1.6023267822265626,1.0392091064453124,1.7857919900164485
1758790041.2019732,target,4,1.26093505859375,2.89127294921875,-0.8265052532453119
1758790041.2019732,target,5,1.8316060791015625,1.501395263671875,-0.36100197195703293
1758790041.2219176,herder,1,2.453431396484375,2.4532734375,2.261487688139165
1758790041.2219176,herder,2,2.028792724609375,2.374592041015625,0.41204787912453134
1758790041.2219176,target,1,2.23175048828125,2.625236572265625,-2.253956002260312
1758790041.2219176,target,2,2.200878173828125,1.9195411376953124,1.0650350712828123
1758790041.2219176,target,3,1.6023267822265626,1.0392091064453124,1.7857919900164485
1758790041.2219176,target,4,1.26093505859375,2.89127294921875,-0.8265052532453119
1758790041.2219176,target,5,1.8316060791015625,1.501395263671875,-0.36100197195703293
1758790041.2419431,herder,1,2.453431396484375,2.4532734375,2.261487688139165
1758790041.2419431,herder,2,2.028792724609375,2.374592041015625,0.41204787912453134
1758790041.2419431,target,1,2.23175048828125,2.625236572265625,-2.253956002260312
1758790041.2419431,target,2,2.200878173828125,1.9195411376953124,1.0650350712828123
1758790041.2419431,target,3,1.6023267822265626,1.0392091064453124,1.7857919900164485
1758790041.2419431,target,4,1.26093505859375,2.89127294921875,-0.8265052532453119
1758790041.2419431,target,5,1.8316060791015625,1.501395263671875,-0.36100197195703293
1758790041.2618203,herder,1,2.450337646484375,2.452025390625,2.1525787806248107
1758790041.2618203,herder,2,2.04834326171875,2.3830263671875,0.42816809307132186
1758790041.2618203,target,1,2.2408427734375,2.6420478515625,-2.202810792473667
1758790041.2618203,target,2,2.20085400390625,1.9195528564453126,1.0652176975545644
1758790041.2618203,target,3,1.6022745361328126,1.0392403564453125,1.7863447291006944
1758790041.2618203,target,4,1.2584434814453125,2.890376220703125,-0.7852124079114152
1758790041.2618203,target,5,1.827320068359375,1.49142041015625,-0.15411163951313722
1758790041.281964,herder,1,2.4501708984375,2.45179296875,2.144638033202521
1758790041.281964,herder,2,2.0500498046875,2.3837841796875,0.42921717880373134
1758790041.281964,target,1,2.24154345703125,2.64346826171875,-2.19874308022468
1758790041.281964,target,2,2.2008623046875,1.9195435791015625,1.0653503895558776
1758790041.281964,target,3,1.6023802490234376,1.03915283203125,1.7840406952836123
1758790041.281964,target,4,1.25823291015625,2.88993701171875,-0.7756351479992724
1758790041.281964,target,5,1.82680712890625,1.4895322265625,-0.12956009058175122
1758790041.3019674,herder,1,2.449902587890625,2.45169287109375,2.1357533283318535
1758790041.3019674,herder,2,2.05188330078125,2.38462841796875,0.4304321461825391
1758790041.3019674,target,1,2.24220654296875,2.645014404296875,-2.1949512714646255
1758790041.3019674,target,2,2.200850341796875,1.9195576171875,1.0650258833770514
1758790041.3019674,target,3,1.60239990234375,1.0391275634765624,1.784388370963922
1758790041.3019674,target,4,1.2578265380859375,2.889554931640625,-0.7676648394888832
1758790041.3019674,target,5,1.8261077880859375,1.4879676513671876,-0.09860286524753287
1758790041.3219535,herder,1,2.44883251953125,2.45173974609375,2.1104635511462977
1758790041.3219535,herder,2,2.056483154296875,2.386964111328125,0.4340032787567672
1758790041.3219535,target,1,2.24415771484375,2.64929931640625,-2.1852660203702796
1758790041.3219535,target,2,2.200868896484375,1.9195572509765626,1.065466769695514
1758790041.3219535,target,3,1.6023729248046874,1.0391673583984375,1.7854569643513165
1758790041.3219535,target,4,1.2566856689453125,2.889094482421875,-0.7521230308413442
1758790041.3219535,target,5,1.8247127685546876,1.4829930419921875,-0.005632764636653328
1758790041.34195,herder,1,2.44848876953125,2.451703857421875,2.1011764426349187
1758790041.34195,herder,2,2.05812255859375,2.387620849609375,0.4353844939666232
1758790041.34195,target,1,2.24494677734375,2.650820068359375,-2.1797363658408937
1758790041.34195,target,2,2.2008662109375,1.9195399169921874,1.0649875338573542
1758790041.34195,target,3,1.602332275390625,1.039177001953125,1.7832197758775954
1758790041.34195,target,4,1.2569471435546875,2.889322265625,-0.7573999513832818
1758790041.34195,target,5,1.8245364990234374,1.48116796875,0.01880954891695818
1758790041.3620274,herder,1,2.447981689453125,2.451998779296875,2.0828971707028874
1758790041.3620274,herder,2,2.06145361328125,2.38930908203125,0.438512043771785
1758790041.3620274,target,1,2.24612451171875,2.65366357421875,-2.1700973205914607
1758790041.3620274,target,2,2.200866455078125,1.9195205078125,1.0650958579346932
1758790041.3620274,target,3,1.6022205810546875,1.039185791015625,1.7850088874979106
1758790041.3620274,target,4,1.2572679443359376,2.889609375,-0.7692110708177832
1758790041.3620274,target,5,1.8250623779296875,1.4787608642578125,0.059797379082256644
1758790041.3818476,herder,1,2.447981689453125,2.451998779296875,2.0828971707028874
1758790041.3818476,herder,2,2.06145361328125,2.38930908203125,0.438512043771785
1758790041.3818476,target,1,2.24612451171875,2.65366357421875,-2.1700973205914607
1758790041.3818476,target,2,2.200866455078125,1.9195205078125,1.0650958579346932
1758790041.3818476,target,3,1.6022205810546875,1.039185791015625,1.7850088874979106
1758790041.3818476,target,4,1.2572679443359376,2.889609375,-0.7692110708177832
1758790041.3818476,target,5,1.8250623779296875,1.4787608642578125,0.059797379082256644
1758790041.4019694,herder,1,2.447981689453125,2.451998779296875,2.0828971707028874
1758790041.4019694,herder,2,2.06145361328125,2.38930908203125,0.438512043771785
1758790041.4019694,target,1,2.24612451171875,2.65366357421875,-2.1700973205914607
1758790041.4019694,target,2,2.200866455078125,1.9195205078125,1.0650958579346932
1758790041.4019694,target,3,1.6022205810546875,1.039185791015625,1.7850088874979106
1758790041.4019694,target,4,1.2572679443359376,2.889609375,-0.7692110708177832
1758790041.4019694,target,5,1.8250623779296875,1.4787608642578125,0.059797379082256644
1758790041.4218779,herder,1,2.447981689453125,2.451998779296875,2.0828971707028874
1758790041.4218779,herder,2,2.06145361328125,2.38930908203125,0.438512043771785
1758790041.4218779,target,1,2.24612451171875,2.65366357421875,-2.1700973205914607
1758790041.4218779,target,2,2.200866455078125,1.9195205078125,1.0650958579346932
1758790041.4218779,target,3,1.6022205810546875,1.039185791015625,1.7850088874979106
1758790041.4218779,target,4,1.2572679443359376,2.889609375,-0.7692110708177832
1758790041.4218779,target,5,1.8250623779296875,1.4787608642578125,0.059797379082256644
1758790041.4418578,herder,1,2.447981689453125,2.451998779296875,2.0828971707028874
1758790041.4418578,herder,2,2.06145361328125,2.38930908203125,0.438512043771785
1758790041.4418578,target,1,2.24612451171875,2.65366357421875,-2.1700973205914607
1758790041.4418578,target,2,2.200866455078125,1.9195205078125,1.0650958579346932
1758790041.4418578,target,3,1.6022205810546875,1.039185791015625,1.7850088874979106
1758790041.4418578,target,4,1.2572679443359376,2.889609375,-0.7692110708177832
1758790041.4418578,target,5,1.8250623779296875,1.4787608642578125,0.059797379082256644
1758790041.461958,herder,1,2.44762109375,2.4541123046875,2.00359422555278
1758790041.461958,herder,2,2.07931982421875,2.398102783203125,0.4599196644573052
1758790041.461958,target,1,2.25366357421875,2.669211181640625,-2.1339981720154366
1758790041.461958,target,2,2.200857666015625,1.9195469970703125,1.0650045780883308
1758790041.461958,target,3,1.6023839111328124,1.0391396484375,1.7838907593142408
1758790041.461958,target,4,1.25454833984375,2.887764404296875,-0.7100807053976721
1758790041.461958,target,5,1.8273035888671876,1.4652772216796874,0.3097275988575193
1758790041.4819615,herder,1,2.44762109375,2.4541123046875,2.00359422555278
1758790041.4819615,herder,2,2.07931982421875,2.398102783203125,0.4599196644573052
1758790041.4819615,target,1,2.25366357421875,2.669211181640625,-2.1339981720154366
1758790041.4819615,target,2,2.200857666015625,1.9195469970703125,1.0650045780883308
1758790041.4819615,target,3,1.6023839111328124,1.0391396484375,1.7838907593142408
1758790041.4819615,target,4,1.25454833984375,2.887764404296875,-0.7100807053976721
1758790041.4819615,target,5,1.8273035888671876,1.4652772216796874,0.3097275988575193
1758790041.5019622,herder,1,2.449934326171875,2.454854248046875,2.0008839265114067
1758790041.5019622,herder,2,2.079510986328125,2.398697021484375,0.46029297306310707
1758790041.5019622,target,1,2.254662109375,2.67116943359375,-2.127856656225605
1758790041.5019622,target,2,2.2008681640625,1.91952294921875,1.0651846743570474
1758790041.5019622,target,3,1.6023936767578124,1.03915234375,1.785790525277849
1758790041.5019622,target,4,1.2540413818359375,2.88686083984375,-0.6925282101271234
1758790041.5019622,target,5,1.8280823974609375,1.4615838623046875,0.37264264908176925
1758790041.5219347,herder,1,2.45376416015625,2.45453466796875,1.9965548250014284
1758790041.5219347,herder,2,2.081393798828125,2.400348388671875,0.4581499273339203
1758790041.5219347,target,1,2.255272216796875,2.6732587890625,-2.120212451790696
1758790041.5219347,target,2,2.2008623046875,1.9195540771484374,1.0651249529696023
1758790041.5219347,target,3,1.6023797607421875,1.0391444091796875,1.7849206037077745
1758790041.5219347,target,4,1.25179638671875,2.885015625,-0.6482907741549534
1758790041.5219347,target,5,1.8299229736328124,1.4552119140625,0.49059395389283783
1758790041.5418837,herder,1,2.45376416015625,2.45453466796875,1.9965548250014284
1758790041.5418837,herder,2,2.081393798828125,2.400348388671875,0.4581499273339203
1758790041.5418837,target,1,2.255272216796875,2.6732587890625,-2.120212451790696
1758790041.5418837,target,2,2.2008623046875,1.9195540771484374,1.0651249529696023
1758790041.5418837,target,3,1.6023797607421875,1.0391444091796875,1.7849206037077745
1758790041.5418837,target,4,1.25179638671875,2.885015625,-0.6482907741549534
1758790041.5418837,target,5,1.8299229736328124,1.4552119140625,0.49059395389283783
1758790041.5619676,herder,1,2.454594970703125,2.4549990234375,1.9933518411583901
1758790041.5619676,herder,2,2.082955322265625,2.40128466796875,0.4563334850229181
1758790041.5619676,target,1,2.255716796875,2.674780029296875,-2.1161419432225643
1758790041.5619676,target,2,2.200862548828125,1.919545654296875,1.065471496806449
1758790041.5619676,target,3,1.6024801025390625,1.0391246337890625,1.7844235246903113
1758790041.5619676,target,4,1.2514644775390624,2.88423046875,-0.6319695914144028
1758790041.5619676,target,5,1.83017919921875,1.45360986328125,0.5125861384376305
1758790041.5819335,herder,1,2.454594970703125,2.4549990234375,1.9933518411583901
1758790041.5819335,herder,2,2.082955322265625,2.40128466796875,0.4563334850229181
1758790041.5819335,target,1,2.255716796875,2.674780029296875,-2.1161419432225643
1758790041.5819335,target,2,2.200862548828125,1.919545654296875,1.065471496806449
1758790041.5819335,target,3,1.6024801025390625,1.0391246337890625,1.7844235246903113
1758790041.5819335,target,4,1.2514644775390624,2.88423046875,-0.6319695914144028
1758790041.5819335,target,5,1.83017919921875,1.45360986328125,0.5125861384376305
1758790041.6019871,herder,1,2.454594970703125,2.4549990234375,1.9933518411583901
1758790041.6019871,herder,2,2.082955322265625,2.40128466796875,0.4563334850229181
1758790041.6019871,target,1,2.255716796875,2.674780029296875,-2.1161419432225643
1758790041.6019871,target,2,2.200862548828125,1.919545654296875,1.065471496806449
1758790041.6019871,target,3,1.6024801025390625,1.0391246337890625,1.7844235246903113
1758790041.6019871,target,4,1.2514644775390624,2.88423046875,-0.6319695914144028
1758790041.6019871,target,5,1.83017919921875,1.45360986328125,0.5125861384376305
1758790041.6220074,herder,1,2.454594970703125,2.4549990234375,1.9933518411583901
1758790041.6220074,herder,2,2.082955322265625,2.40128466796875,0.4563334850229181
1758790041.6220074,target,1,2.255716796875,2.674780029296875,-2.1161419432225643
1758790041.6220074,target,2,2.200862548828125,1.919545654296875,1.065471496806449
1758790041.6220074,target,3,1.6024801025390625,1.0391246337890625,1.7844235246903113
1758790041.6220074,target,4,1.2514644775390624,2.88423046875,-0.6319695914144028
1758790041.6220074,target,5,1.83017919921875,1.45360986328125,0.5125861384376305
1758790041.6419353,herder,1,2.454594970703125,2.4549990234375,1.9933518411583901
1758790041.6419353,herder,2,2.082955322265625,2.40128466796875,0.4563334850229181
1758790041.6419353,target,1,2.255716796875,2.674780029296875,-2.1161419432225643
1758790041.6419353,target,2,2.200862548828125,1.919545654296875,1.065471496806449
1758790041.6419353,target,3,1.6024801025390625,1.0391246337890625,1.7844235246903113
1758790041.6419353,target,4,1.2514644775390624,2.88423046875,-0.6319695914144028
1758790041.6419353,target,5,1.83017919921875,1.45360986328125,0.5125861384376305
1758790041.6618276,herder,1,2.460031494140625,2.457290283203125,1.9427593704559913
1758790041.6618276,herder,2,2.0900595703125,2.4083818359375,0.4792506519933225
1758790041.6618276,target,1,2.258877197265625,2.68360498046875,-2.098109679481638
1758790041.6618276,target,2,2.200832763671875,1.9195703125,1.065186139095647
1758790041.6618276,target,3,1.6023563232421876,1.039199951171875,1.7838465508401455
1758790041.6618276,target,4,1.2489769287109376,2.880955078125,-0.5594878007643157
1758790041.6618276,target,5,1.827706787109375,1.458876953125,0.4128633390503136
1758790041.6818576,herder,1,2.45990478515625,2.457908203125,1.936587095155569
1758790041.6818576,herder,2,2.090564208984375,2.40892724609375,0.4843547333805138
1758790041.6818576,target,1,2.25922998046875,2.684161376953125,-2.098421801961395
1758790041.6818576,target,2,2.2008662109375,1.919550537109375,1.0650439262934368
1758790041.6818576,target,3,1.60235498046875,1.0391795654296876,1.7833362891752864
1758790041.6818576,target,4,1.248500732421875,2.88026904296875,-0.5479764866895299
1758790041.6818576,target,5,1.827120849609375,1.4599566650390625,0.39097531739365676
1758790041.7019594,herder,1,2.460080078125,2.4588623046875,1.9295832478047696
1758790041.7019594,herder,2,2.091107421875,2.409556884765625,0.4902275695058702
1758790041.7019594,target,1,2.2598828125,2.68505126953125,-2.1005753671768876
1758790041.7019594,target,2,2.20085009765625,1.9195260009765625,1.064759700426098
1758790041.7019594,target,3,1.60233056640625,1.039157470703125,1.783104727318504
1758790041.7019594,target,4,1.248029052734375,2.879620361328125,-0.5372851932038932
1758790041.7019594,target,5,1.8264324951171875,1.461249755859375,0.366999976653623
1758790041.7218814,herder,1,2.460755615234375,2.4613037109375,1.9093152603287218
1758790041.7218814,herder,2,2.093079345703125,2.411149169921875,0.5084884323368664
1758790041.7218814,target,1,2.26116552734375,2.68694091796875,-2.103787538925687
1758790041.7218814,target,2,2.20086328125,1.9195673828125,1.0652675652459762
1758790041.7218814,target,3,1.6021561279296874,1.039184326171875,1.779676173731136
1758790041.7218814,target,4,1.2470985107421875,2.878107666015625,-0.5071271242561588
1758790041.7218814,target,5,1.8255693359375,1.46555859375,0.28994969960107314
1758790041.741978,herder,1,2.461825927734375,2.4619873046875,1.895542190119159
1758790041.741978,herder,2,2.09420751953125,2.4121484375,0.5221346362100006
1758790041.741978,target,1,2.26234375,2.68862158203125,-2.1053612008138147
1758790041.741978,target,2,2.20086669921875,1.9195673828125,1.0652409336350754
1758790041.741978,target,3,1.602308349609375,1.039183837890625,1.7827397410911086
1758790041.741978,target,4,1.2470450439453125,2.877611328125,-0.5016852874637181
1758790041.741978,target,5,1.8252119140625,1.468131591796875,0.24151730221408077
1758790041.7619483,herder,1,2.462433349609375,2.46289453125,1.8825454313673542
1758790041.7619483,herder,2,2.095916748046875,2.412964599609375,0.5336837005932382
1758790041.7619483,target,1,2.263390625,2.690023193359375,-2.105819131363254
1758790041.7619483,target,2,2.2008701171875,1.91954150390625,1.0651742214497688
1758790041.7619483,target,3,1.602351318359375,1.0391627197265625,1.7837307033327272
1758790041.7619483,target,4,1.2474822998046875,2.87798291015625,-0.5088511881668488
1758790041.7619483,target,5,1.8243394775390624,1.4696048583984376,0.21901019547252137
1758790041.7819476,herder,1,2.462433349609375,2.46289453125,1.8825454313673542
1758790041.7819476,herder,2,2.095916748046875,2.412964599609375,0.5336837005932382
1758790041.7819476,target,1,2.263390625,2.690023193359375,-2.105819131363254
1758790041.7819476,target,2,2.2008701171875,1.91954150390625,1.0651742214497688
1758790041.7819476,target,3,1.602351318359375,1.0391627197265625,1.7837307033327272
1758790041.7819476,target,4,1.2474822998046875,2.87798291015625,-0.5088511881668488
1758790041.7819476,target,5,1.8243394775390624,1.4696048583984376,0.21901019547252137
1758790041.8019078,herder,1,2.462433349609375,2.46289453125,1.8825454313673542
1758790041.8019078,herder,2,2.095916748046875,2.412964599609375,0.5336837005932382
1758790041.8019078,target,1,2.263390625,2.690023193359375,-2.105819131363254
1758790041.8019078,target,2,2.2008701171875,1.91954150390625,1.0651742214497688
1758790041.8019078,target,3,1.602351318359375,1.0391627197265625,1.7837307033327272
1758790041.8019078,target,4,1.2474822998046875,2.87798291015625,-0.5088511881668488
1758790041.8019078,target,5,1.8243394775390624,1.4696048583984376,0.21901019547252137
1758790041.821977,herder,1,2.462433349609375,2.46289453125,1.8825454313673542
1758790041.821977,herder,2,2.095916748046875,2.412964599609375,0.5336837005932382
1758790041.821977,target,1,2.263390625,2.690023193359375,-2.105819131363254
1758790041.821977,target,2,2.2008701171875,1.91954150390625,1.0651742214497688
1758790041.821977,target,3,1.602351318359375,1.0391627197265625,1.7837307033327272
1758790041.821977,target,4,1.2474822998046875,2.87798291015625,-0.5088511881668488
1758790041.821977,target,5,1.8243394775390624,1.4696048583984376,0.21901019547252137
1758790041.8419344,herder,1,2.462433349609375,2.46289453125,1.8825454313673542
1758790041.8419344,herder,2,2.095916748046875,2.412964599609375,0.5336837005932382
1758790041.8419344,target,1,2.263390625,2.690023193359375,-2.105819131363254
1758790041.8419344,target,2,2.2008701171875,1.91954150390625,1.0651742214497688
1758790041.8419344,target,3,1.602351318359375,1.0391627197265625,1.7837307033327272
1758790041.8419344,target,4,1.2474822998046875,2.87798291015625,-0.5088511881668488
1758790041.8419344,target,5,1.8243394775390624,1.4696048583984376,0.21901019547252137
1758790041.8619354,herder,1,2.462433349609375,2.46289453125,1.8825454313673542
1758790041.8619354,herder,2,2.095916748046875,2.412964599609375,0.5336837005932382
1758790041.8619354,target,1,2.263390625,2.690023193359375,-2.105819131363254
1758790041.8619354,target,2,2.2008701171875,1.91954150390625,1.0651742214497688
1758790041.8619354,target,3,1.602351318359375,1.0391627197265625,1.7837307033327272
1758790041.8619354,target,4,1.2474822998046875,2.87798291015625,-0.5088511881668488
1758790041.8619354,target,5,1.8243394775390624,1.4696048583984376,0.21901019547252137
1758790041.881966,herder,1,2.468370361328125,2.471735595703125,1.8124038935251743
1758790041.881966,herder,2,2.105899169921875,2.42111962890625,0.600230437017002
1758790041.881966,target,1,2.270424560546875,2.700332763671875,-2.129558948794384
1758790041.881966,target,2,2.200853515625,1.919562255859375,1.06506856053352
1758790041.881966,target,3,1.6022933349609374,1.039202880859375,1.7848293904404393
1758790041.881966,target,4,1.2455543212890625,2.87418310546875,-0.4336097634161944
1758790041.881966,target,5,1.823100341796875,1.4801514892578125,0.01971408533941979
1758790041.9019768,herder,1,2.46971337890625,2.4736884765625,1.8012130243085522
1758790041.9019768,herder,2,2.107982421875,2.42257666015625,0.6070998613117795
1758790041.9019768,target,1,2.272331787109375,2.702563720703125,-2.133248359010525
1758790041.9019768,target,2,2.200866455078125,1.9195419921875,1.0654623089006883
1758790041.9019768,target,3,1.6023271484375,1.039141357421875,1.783492883047383
1758790041.9019768,target,4,1.245254150390625,2.873218505859375,-0.41853740348980917
1758790041.9019768,target,5,1.8235833740234375,1.482892578125,-0.029803325487562867
1758790041.921932,herder,1,2.46971337890625,2.4736884765625,1.8012130243085522
1758790041.921932,herder,2,2.107982421875,2.42257666015625,0.6070998613117795
1758790041.921932,target,1,2.272331787109375,2.702563720703125,-2.133248359010525
1758790041.921932,target,2,2.200866455078125,1.9195419921875,1.0654623089006883
1758790041.921932,target,3,1.6023271484375,1.039141357421875,1.783492883047383
1758790041.921932,target,4,1.245254150390625,2.873218505859375,-0.41853740348980917
1758790041.921932,target,5,1.8235833740234375,1.482892578125,-0.029803325487562867
1758790041.941935,herder,1,2.470478759765625,2.474751953125,1.7912991408346233
1758790041.941935,herder,2,2.110149658203125,2.42428662109375,0.6152100523584251
1758790041.941935,target,1,2.273450927734375,2.70423779296875,-2.1381673507019556
1758790041.941935,target,2,2.2008642578125,1.91954248046875,1.0651431956230695
1758790041.941935,target,3,1.6022677001953125,1.03920361328125,1.7844047494046262
1758790041.941935,target,4,1.245095947265625,2.8725322265625,-0.4059845936917207
1758790041.941935,target,5,1.82354541015625,1.4863377685546875,-0.07804698173526885
1758790041.9619858,herder,1,2.47254443359375,2.4755205078125,1.7786278203680264
1758790041.9619858,herder,2,2.112482177734375,2.425953125,0.622551721693501
1758790041.9619858,target,1,2.27495947265625,2.70669921875,-2.140999089889037
1758790041.9619858,target,2,2.200873046875,1.9195361328125,1.065350722451014
1758790041.9619858,target,3,1.6022562255859376,1.0391856689453125,1.7835982110684956
1758790041.9619858,target,4,1.2449884033203125,2.87198291015625,-0.3996300915937099
1758790041.9619858,target,5,1.82450048828125,1.4892794189453125,-0.13901492830753462
1758790041.9819024,herder,1,2.472880615234375,2.4759912109375,1.7728612776596777
1758790041.9819024,herder,2,2.1136640625,2.426752685546875,0.6259967203006003
1758790041.9819024,target,1,2.275584716796875,2.707607177734375,-2.1410436978372958
1758790041.9819024,target,2,2.200887451171875,1.9195313720703124,1.0653012542337656
1758790041.9819024,target,3,1.602347900390625,1.0391741943359376,1.7841799786086234
1758790041.9819024,target,4,1.2449376220703126,2.87173291015625,-0.39535788186251836
1758790041.9819024,target,5,1.824978759765625,1.4908870849609375,-0.17143072535889733
1758790042.0019028,herder,1,2.472880615234375,2.4759912109375,1.7728612776596777
1758790042.0019028,herder,2,2.1136640625,2.426752685546875,0.6259967203006003
1758790042.0019028,target,1,2.275584716796875,2.707607177734375,-2.1410436978372958
1758790042.0019028,target,2,2.200887451171875,1.9195313720703124,1.0653012542337656
1758790042.0019028,target,3,1.602347900390625,1.0391741943359376,1.7841799786086234
1758790042.0019028,target,4,1.2449376220703126,2.87173291015625,-0.39535788186251836
1758790042.0019028,target,5,1.824978759765625,1.4908870849609375,-0.17143072535889733
1758790042.0218675,herder,1,2.472880615234375,2.4759912109375,1.7728612776596777
1758790042.0218675,herder,2,2.1136640625,2.426752685546875,0.6259967203006003
1758790042.0218675,target,1,2.275584716796875,2.707607177734375,-2.1410436978372958
1758790042.0218675,target,2,2.200887451171875,1.9195313720703124,1.0653012542337656
1758790042.0218675,target,3,1.602347900390625,1.0391741943359376,1.7841799786086234
1758790042.0218675,target,4,1.2449376220703126,2.87173291015625,-0.39535788186251836
1758790042.0218675,target,5,1.824978759765625,1.4908870849609375,-0.17143072535889733
1758790042.0419302,herder,1,2.472880615234375,2.4759912109375,1.7728612776596777
1758790042.0419302,herder,2,2.1136640625,2.426752685546875,0.6259967203006003
1758790042.0419302,target,1,2.275584716796875,2.707607177734375,-2.1410436978372958
1758790042.0419302,target,2,2.200887451171875,1.9195313720703124,1.0653012542337656
1758790042.0419302,target,3,1.602347900390625,1.0391741943359376,1.7841799786086234
1758790042.0419302,target,4,1.2449376220703126,2.87173291015625,-0.39535788186251836
1758790042.0419302,target,5,1.824978759765625,1.4908870849609375,-0.17143072535889733
1758790042.0619545,herder,1,2.472880615234375,2.4759912109375,1.7728612776596777
1758790042.0619545,herder,2,2.1136640625,2.426752685546875,0.6259967203006003
1758790042.0619545,target,1,2.275584716796875,2.707607177734375,-2.1410436978372958
1758790042.0619545,target,2,2.200887451171875,1.9195313720703124,1.0653012542337656
1758790042.0619545,target,3,1.602347900390625,1.0391741943359376,1.7841799786086234
1758790042.0619545,target,4,1.2449376220703126,2.87173291015625,-0.39535788186251836
1758790042.0619545,target,5,1.824978759765625,1.4908870849609375,-0.17143072535889733
1758790042.081943,herder,1,2.475912353515625,2.488256103515625,1.6871944427687173
1758790042.081943,herder,2,2.124017333984375,2.437459228515625,0.6897671112879564
1758790042.081943,target,1,2.28505078125,2.718060302734375,-2.176864679237461
1758790042.081943,target,2,2.200878173828125,1.91952294921875,1.0653464613932697
1758790042.081943,target,3,1.602447998046875,1.039201171875,1.7847861140727255
1758790042.081943,target,4,1.243249267578125,2.86697900390625,-0.30778652060750145
1758790042.081943,target,5,1.829286376953125,1.4957559814453125,-0.2516328868510696
1758790042.1019943,herder,1,2.475912353515625,2.488256103515625,1.6871944427687173
1758790042.1019943,herder,2,2.124017333984375,2.437459228515625,0.6897671112879564
1758790042.1019943,target,1,2.28505078125,2.718060302734375,-2.176864679237461
1758790042.1019943,target,2,2.200878173828125,1.91952294921875,1.0653464613932697
1758790042.1019943,target,3,1.602447998046875,1.039201171875,1.7847861140727255
1758790042.1019943,target,4,1.243249267578125,2.86697900390625,-0.30778652060750145
1758790042.1019943,target,5,1.829286376953125,1.4957559814453125,-0.2516328868510696
1758790042.1218634,herder,1,2.47659765625,2.491105224609375,1.6786474267242715
1758790042.1218634,herder,2,2.124803466796875,2.439421875,0.6985799108091921
1758790042.1218634,target,1,2.286488525390625,2.719278076171875,-2.1818277462449327
1758790042.1218634,target,2,2.2008466796875,1.91956298828125,1.0653015205498746
1758790042.1218634,target,3,1.602322021484375,1.0392421875,1.784648828118532
1758790042.1218634,target,4,1.24285498046875,2.86569189453125,-0.28808488762677237
1758790042.1218634,target,5,1.82841357421875,1.4937059326171875,-0.21467238875472985
1758790042.1418653,herder,1,2.47721142578125,2.493188720703125,1.6703104009317784
1758790042.1418653,herder,2,2.1251708984375,2.44076220703125,0.704408638328994
1758790042.1418653,target,1,2.288014892578125,2.720992919921875,-2.190924438738371
1758790042.1418653,target,2,2.200869384765625,1.9195340576171875,1.0650946595122028
1758790042.1418653,target,3,1.602337890625,1.039178955078125,1.784685846057684
1758790042.1418653,target,4,1.2423453369140625,2.864617919921875,-0.26632433151778945
1758790042.1418653,target,5,1.827813720703125,1.49214208984375,-0.18270410263504133
1758790042.16187,herder,1,2.4780546875,2.494268798828125,1.6650947330949128
1758790042.16187,herder,2,2.125866455078125,2.442518798828125,0.7098313669406134
1758790042.16187,target,1,2.28960791015625,2.722693115234375,-2.1986256348206075
1758790042.16187,target,2,2.20085546875,1.9195411376953124,1.064935935111234
1758790042.16187,target,3,1.6022349853515625,1.0391495361328125,1.7811286617896651
1758790042.16187,target,4,1.2419532470703125,2.864158203125,-0.26258941453652146
1758790042.16187,target,5,1.826842041015625,1.4921431884765626,-0.18598551657218246
1758790042.1819518,herder,1,2.479667724609375,2.495568359375,1.6597132834801898
1758790042.1819518,herder,2,2.127012939453125,2.44431640625,0.7141054075950544
1758790042.1819518,target,1,2.291024658203125,2.72424072265625,-2.2055662320955176
1758790042.1819518,target,2,2.20085986328125,1.9195526123046875,1.0652696957748482
1758790042.1819518,target,3,1.602331298828125,1.0391392822265626,1.7853815968924673
1758790042.1819518,target,4,1.242093017578125,2.8645419921875,-0.2637108217372834
1758790042.1819518,target,5,1.8267755126953125,1.491783203125,-0.19153068401491818
1758790042.2019968,herder,1,2.479667724609375,2.495568359375,1.6597132834801898
1758790042.2019968,herder,2,2.127012939453125,2.44431640625,0.7141054075950544
1758790042.2019968,target,1,2.291024658203125,2.72424072265625,-2.2055662320955176
1758790042.2019968,target,2,2.20085986328125,1.9195526123046875,1.0652696957748482
1758790042.2019968,target,3,1.602331298828125,1.0391392822265626,1.7853815968924673
1758790042.2019968,target,4,1.242093017578125,2.8645419921875,-0.2637108217372834
1758790042.2019968,target,5,1.8267755126953125,1.491783203125,-0.19153068401491818
1758790042.2219934,herder,1,2.479667724609375,2.495568359375,1.6597132834801898
1758790042.2219934,herder,2,2.127012939453125,2.44431640625,0.7141054075950544
1758790042.2219934,target,1,2.291024658203125,2.72424072265625,-2.2055662320955176
1758790042.2219934,target,2,2.20085986328125,1.9195526123046875,1.0652696957748482
1758790042.2219934,target,3,1.602331298828125,1.0391392822265626,1.7853815968924673
1758790042.2219934,target,4,1.242093017578125,2.8645419921875,-0.2637108217372834
1758790042.2219934,target,5,1.8267755126953125,1.491783203125,-0.19153068401491818
1758790042.241919,herder,1,2.479667724609375,2.495568359375,1.6597132834801898
1758790042.241919,herder,2,2.127012939453125,2.44431640625,0.7141054075950544
1758790042.241919,target,1,2.291024658203125,2.72424072265625,-2.2055662320955176
1758790042.241919,target,2,2.20085986328125,1.9195526123046875,1.0652696957748482
1758790042.241919,target,3,1.602331298828125,1.0391392822265626,1.7853815968924673
1758790042.241919,target,4,1.242093017578125,2.8645419921875,-0.2637108217372834
1758790042.241919,target,5,1.8267755126953125,1.491783203125,-0.19153068401491818
1758790042.2618678,herder,1,2.479667724609375,2.495568359375,1.6597132834801898
1758790042.2618678,herder,2,2.127012939453125,2.44431640625,0.7141054075950544
1758790042.2618678,target,1,2.291024658203125,2.72424072265625,-2.2055662320955176
1758790042.2618678,target,2,2.20085986328125,1.9195526123046875,1.0652696957748482
1758790042.2618678,target,3,1.602331298828125,1.0391392822265626,1.7853815968924673
1758790042.2618678,target,4,1.242093017578125,2.8645419921875,-0.2637108217372834
1758790042.2618678,target,5,1.8267755126953125,1.491783203125,-0.19153068401491818
1758790042.2818348,herder,1,2.485745849609375,2.5054736328125,1.6452689635178723
1758790042.2818348,herder,2,2.1338720703125,2.456712158203125,0.7125977255229332
1758790042.2818348,target,1,2.300513427734375,2.73488720703125,-2.232141517139255
1758790042.2818348,target,2,2.200861328125,1.9195299072265626,1.0653372734875088
1758790042.2818348,target,3,1.6022716064453124,1.0391888427734375,1.7818830021684302
1758790042.2818348,target,4,1.2418421630859375,2.8637001953125,-0.24842777247915926
1758790042.2818348,target,5,1.8273504638671876,1.4866715087890625,-0.09140464874904973
1758790042.301949,herder,1,2.485745849609375,2.5054736328125,1.6452689635178723
1758790042.301949,herder,2,2.1338720703125,2.456712158203125,0.7125977255229332
1758790042.301949,target,1,2.300513427734375,2.73488720703125,-2.232141517139255
1758790042.301949,target,2,2.200861328125,1.9195299072265626,1.0653372734875088
1758790042.301949,target,3,1.6022716064453124,1.0391888427734375,1.7818830021684302
1758790042.301949,target,4,1.2418421630859375,2.8637001953125,-0.24842777247915926
1758790042.301949,target,5,1.8273504638671876,1.4866715087890625,-0.09140464874904973
1758790042.3222895,herder,1,2.487241455078125,2.505954345703125,1.6426859635766045
1758790042.3222895,herder,2,2.134947998046875,2.458607666015625,0.7106676661019256
1758790042.3222895,target,1,2.30145263671875,2.736375244140625,-2.232611698229708
1758790042.3222895,target,2,2.20087353515625,1.91952294921875,1.0651786156655674
1758790042.3222895,target,3,1.6023819580078125,1.0391640625,1.7846263244073208
1758790042.3222895,target,4,1.2419078369140626,2.863587646484375,-0.24663686322510822
1758790042.3222895,target,5,1.8271861572265624,1.4842127685546875,-0.047871685464232976
1758790042.3419785,herder,1,2.4883134765625,2.508587158203125,1.6359372470582347
1758790042.3419785,herder,2,2.136365966796875,2.462694580078125,0.7064248510112658
1758790042.3419785,target,1,2.30427587890625,2.739575927734375,-2.2309473557064634
1758790042.3419785,target,2,2.20086083984375,1.9195576171875,1.0655764253533981
1758790042.3419785,target,3,1.602406982421875,1.0391942138671875,1.7830454719842497
1758790042.3419785,target,4,1.2419603271484374,2.863631103515625,-0.24902843181826984
1758790042.3419785,target,5,1.8265665283203125,1.4792947998046875,0.02958732647840063
1758790042.3618312,herder,1,2.489026123046875,2.50956787109375,1.6338697019459518
1758790042.3618312,herder,2,2.136832275390625,2.464492919921875,0.7031087494009264
1758790042.3618312,target,1,2.30529931640625,2.741513671875,-2.229197126238063
1758790042.3618312,target,2,2.2008740234375,1.9195374755859376,1.0656645094064525
1758790042.3618312,target,3,1.6024927978515624,1.03916455078125,1.7838353655635673
1758790042.3618312,target,4,1.2422530517578125,2.863890625,-0.25459470481264446
1758790042.3618312,target,5,1.8262977294921876,1.4779361572265626,0.042890563056808405
1758790042.3819087,herder,1,2.489026123046875,2.50956787109375,1.6338697019459518
1758790042.3819087,herder,2,2.136832275390625,2.464492919921875,0.7031087494009264
1758790042.3819087,target,1,2.30529931640625,2.741513671875,-2.229197126238063
1758790042.3819087,target,2,2.2008740234375,1.9195374755859376,1.0656645094064525
1758790042.3819087,target,3,1.6024927978515624,1.03916455078125,1.7838353655635673
1758790042.3819087,target,4,1.2422530517578125,2.863890625,-0.25459470481264446
1758790042.3819087,target,5,1.8262977294921876,1.4779361572265626,0.042890563056808405
1758790042.4019518,herder,1,2.489026123046875,2.50956787109375,1.6338697019459518
1758790042.4019518,herder,2,2.136832275390625,2.464492919921875,0.7031087494009264
1758790042.4019518,target,1,2.30529931640625,2.741513671875,-2.229197126238063
1758790042.4019518,target,2,2.2008740234375,1.9195374755859376,1.0656645094064525
1758790042.4019518,target,3,1.6024927978515624,1.03916455078125,1.7838353655635673
1758790042.4019518,target,4,1.2422530517578125,2.863890625,-0.25459470481264446
1758790042.4019518,target,5,1.8262977294921876,1.4779361572265626,0.042890563056808405
1758790042.4219635,herder,1,2.489026123046875,2.50956787109375,1.6338697019459518
1758790042.4219635,herder,2,2.136832275390625,2.464492919921875,0.7031087494009264
1758790042.4219635,target,1,2.30529931640625,2.741513671875,-2.229197126238063
1758790042.4219635,target,2,2.2008740234375,1.9195374755859376,1.0656645094064525
1758790042.4219635,target,3,1.6024927978515624,1.03916455078125,1.7838353655635673
1758790042.4219635,target,4,1.2422530517578125,2.863890625,-0.25459470481264446
1758790042.4219635,target,5,1.8262977294921876,1.4779361572265626,0.042890563056808405
1758790042.4420147,herder,1,2.489026123046875,2.50956787109375,1.6338697019459518
1758790042.4420147,herder,2,2.136832275390625,2.464492919921875,0.7031087494009264
1758790042.4420147,target,1,2.30529931640625,2.741513671875,-2.229197126238063
1758790042.4420147,target,2,2.2008740234375,1.9195374755859376,1.0656645094064525
1758790042.4420147,target,3,1.6024927978515624,1.03916455078125,1.7838353655635673
1758790042.4420147,target,4,1.2422530517578125,2.863890625,-0.25459470481264446
1758790042.4420147,target,5,1.8262977294921876,1.4779361572265626,0.042890563056808405
1758790042.4619365,herder,1,2.489026123046875,2.50956787109375,1.6338697019459518
1758790042.4619365,herder,2,2.136832275390625,2.464492919921875,0.7031087494009264
1758790042.4619365,target,1,2.30529931640625,2.741513671875,-2.229197126238063
1758790042.4619365,target,2,2.2008740234375,1.9195374755859376,1.0656645094064525
1758790042.4619365,target,3,1.6024927978515624,1.03916455078125,1.7838353655635673
1758790042.4619365,target,4,1.2422530517578125,2.863890625,-0.25459470481264446
1758790042.4619365,target,5,1.8262977294921876,1.4779361572265626,0.042890563056808405
1758790042.4818323,herder,1,2.4946298828125,2.518510498046875,1.6215524487462807
1758790042.4818323,herder,2,2.141853759765625,2.476786376953125,0.6917763331723668
1758790042.4818323,target,1,2.312823486328125,2.752096923828125,-2.235108278593603
1758790042.4818323,target,2,2.200878173828125,1.919526611328125,1.0651496537887128
1758790042.4818323,target,3,1.602297119140625,1.0391939697265624,1.7828972670695868
1758790042.4818323,target,4,1.243743408203125,2.8636875,-0.2583433037840127
1758790042.4818323,target,5,1.8232593994140625,1.474903564453125,0.09705516918003332
1758790042.5018742,herder,1,2.495179931640625,2.51977001953125,1.6211613635402027
1758790042.5018742,herder,2,2.14205322265625,2.47857275390625,0.6897044604233123
1758790042.5018742,target,1,2.314119384765625,2.7537041015625,-2.2385959543571707
1758790042.5018742,target,2,2.200863525390625,1.9195006103515626,1.0651161645380052
1758790042.5018742,target,3,1.602277099609375,1.039248046875,1.7837807707612205
1758790042.5018742,target,4,1.243796142578125,2.86360546875,-0.25719108713838995
1758790042.5018742,target,5,1.822724365234375,1.47671875,0.06500757079413086
1758790042.5219517,herder,1,2.495179931640625,2.51977001953125,1.6211613635402027
1758790042.5219517,herder,2,2.14205322265625,2.47857275390625,0.6897044604233123
1758790042.5219517,target,1,2.314119384765625,2.7537041015625,-2.2385959543571707
1758790042.5219517,target,2,2.200863525390625,1.9195006103515626,1.0651161645380052
1758790042.5219517,target,3,1.602277099609375,1.039248046875,1.7837807707612205
1758790042.5219517,target,4,1.243796142578125,2.86360546875,-0.25719108713838995
1758790042.5219517,target,5,1.822724365234375,1.47671875,0.06500757079413086
1758790042.5419343,herder,1,2.496945556640625,2.520552978515625,1.6192526759869428
1758790042.5419343,herder,2,2.14291943359375,2.480351318359375,0.6880708108316305
1758790042.5419343,target,1,2.316056640625,2.7555791015625,-2.2418101234767875
1758790042.5419343,target,2,2.200875732421875,1.91953369140625,1.065321693995132
1758790042.5419343,target,3,1.602171142578125,1.0392034912109376,1.7798881613539064
1758790042.5419343,target,4,1.244381103515625,2.86352685546875,-0.25867952787163523
1758790042.5419343,target,5,1.8225810546875,1.4788717041015624,0.024224687519470798
1758790042.5618439,herder,1,2.497922119140625,2.52169921875,1.6176385340502457
1758790042.5618439,herder,2,2.14407958984375,2.48264306640625,0.6869663313485473
1758790042.5618439,target,1,2.317448974609375,2.75694970703125,-2.2422434197861434
1758790042.5618439,target,2,2.20088916015625,1.919521240234375,1.0656536570250104
1758790042.5618439,target,3,1.602331298828125,1.0392034912109376,1.7827140415865894
1758790042.5618439,target,4,1.244724609375,2.863662353515625,-0.2629120232130709
1758790042.5618439,target,5,1.8225625,1.481435302734375,-0.023751237814898157
1758790042.5819938,herder,1,2.498939697265625,2.52353759765625,1.613951121204922
1758790042.5819938,herder,2,2.14568310546875,2.484768310546875,0.6856928742942987
1758790042.5819938,target,1,2.318765625,2.759074951171875,-2.2436056266837188
1758790042.5819938,target,2,2.200882568359375,1.9195421142578124,1.0655438682090719
1758790042.5819938,target,3,1.602406005859375,1.039142333984375,1.783526971509336
1758790042.5819938,target,4,1.2446883544921874,2.863961181640625,-0.26787111212366427
1758790042.5819938,target,5,1.821927001953125,1.4847264404296876,-0.07406552261608676
1758790042.6019006,herder,1,2.498939697265625,2.52353759765625,1.613951121204922
1758790042.6019006,herder,2,2.14568310546875,2.484768310546875,0.6856928742942987
1758790042.6019006,target,1,2.318765625,2.759074951171875,-2.2436056266837188
1758790042.6019006,target,2,2.200882568359375,1.9195421142578124,1.0655438682090719
1758790042.6019006,target,3,1.602406005859375,1.039142333984375,1.783526971509336
1758790042.6019006,target,4,1.2446883544921874,2.863961181640625,-0.26787111212366427
1758790042.6019006,target,5,1.821927001953125,1.4847264404296876,-0.07406552261608676
1758790042.6219137,herder,1,2.498939697265625,2.52353759765625,1.613951121204922
1758790042.6219137,herder,2,2.14568310546875,2.484768310546875,0.6856928742942987
1758790042.6219137,target,1,2.318765625,2.759074951171875,-2.2436056266837188
1758790042.6219137,target,2,2.200882568359375,1.9195421142578124,1.0655438682090719
1758790042.6219137,target,3,1.602406005859375,1.039142333984375,1.783526971509336
1758790042.6219137,target,4,1.2446883544921874,2.863961181640625,-0.26787111212366427
1758790042.6219137,target,5,1.821927001953125,1.4847264404296876,-0.07406552261608676
1758790042.6419733,herder,1,2.498939697265625,2.52353759765625,1.613951121204922
1758790042.6419733,herder,2,2.14568310546875,2.484768310546875,0.6856928742942987
1758790042.6419733,target,1,2.318765625,2.759074951171875,-2.2436056266837188
1758790042.6419733,target,2,2.200882568359375,1.9195421142578124,1.0655438682090719
1758790042.6419733,target,3,1.602406005859375,1.039142333984375,1.783526971509336
1758790042.6419733,target,4,1.2446883544921874,2.863961181640625,-0.26787111212366427
1758790042.6419733,target,5,1.821927001953125,1.4847264404296876,-0.07406552261608676
1758790042.6619408,herder,1,2.498939697265625,2.52353759765625,1.613951121204922
1758790042.6619408,herder,2,2.14568310546875,2.484768310546875,0.6856928742942987
1758790042.6619408,target,1,2.318765625,2.759074951171875,-2.2436056266837188
1758790042.6619408,target,2,2.200882568359375,1.9195421142578124,1.0655438682090719
1758790042.6619408,target,3,1.602406005859375,1.039142333984375,1.783526971509336
1758790042.6619408,target,4,1.2446883544921874,2.863961181640625,-0.26787111212366427
1758790042.6619408,target,5,1.821927001953125,1.4847264404296876,-0.07406552261608676
1758790042.6819286,herder,1,2.498939697265625,2.52353759765625,1.613951121204922
1758790042.6819286,herder,2,2.14568310546875,2.484768310546875,0.6856928742942987
1758790042.6819286,target,1,2.318765625,2.759074951171875,-2.2436056266837188
1758790042.6819286,target,2,2.200882568359375,1.9195421142578124,1.0655438682090719
1758790042.6819286,target,3,1.602406005859375,1.039142333984375,1.783526971509336
1758790042.6819286,target,4,1.2446883544921874,2.863961181640625,-0.26787111212366427
1758790042.6819286,target,5,1.821927001953125,1.4847264404296876,-0.07406552261608676
1758790042.7019613,herder,1,2.506518310546875,2.534486572265625,1.5894252717780553
1758790042.7019613,herder,2,2.153180908203125,2.498849365234375,0.6881839951779588
1758790042.7019613,target,1,2.32827392578125,2.772364013671875,-2.2436876520452933
1758790042.7019613,target,2,2.200845703125,1.919555908203125,1.0652607741851965
1758790042.7019613,target,3,1.602472412109375,1.03917626953125,1.7846846476351934
1758790042.7019613,target,4,1.24550732421875,2.869114990234375,-0.3562284887296613
1758790042.7019613,target,5,1.8235609130859376,1.5004737548828124,-0.36589772756795286
1758790042.7218728,herder,1,2.5068681640625,2.5357197265625,1.5882296456066642
1758790042.7218728,herder,2,2.153940185546875,2.4999912109375,0.6865436211045245
1758790042.7218728,target,1,2.328918212890625,2.7731533203125,-2.244177673685868
1758790042.7218728,target,2,2.2008466796875,1.9195233154296876,1.0650577081520778
1758790042.7218728,target,3,1.6023978271484376,1.0391226806640625,1.782377284866749
1758790042.7218728,target,4,1.2457490234375,2.86979345703125,-0.36893329844696604
1758790042.7218728,target,5,1.8242344970703126,1.5021444091796874,-0.3934375762690031
1758790042.741861,herder,1,2.5078994140625,2.537287353515625,1.5854979081185154
1758790042.741861,herder,2,2.154678955078125,2.502422607421875,0.6865607319145283
1758790042.741861,target,1,2.330721923828125,2.7745439453125,-2.257921715439549
1758790042.741861,target,2,2.2008642578125,1.9195506591796876,1.0651368040364533
1758790042.741861,target,3,1.602330078125,1.0392091064453124,1.7849955716924601
1758790042.741861,target,4,1.24626806640625,2.871399658203125,-0.39671013519551973
1758790042.741861,target,5,1.825308349609375,1.5044058837890626,-0.4450057626157797
1758790042.7619808,herder,1,2.5083330078125,2.537660888671875,1.5847337140437172
1758790042.7619808,herder,2,2.154967529296875,2.503456787109375,0.6858213052378678
1758790042.7619808,target,1,2.331697021484375,2.775344482421875,-2.261055190778136
1758790042.7619808,target,2,2.200852294921875,1.919568359375,1.0653188976759873
1758790042.7619808,target,3,1.6022630615234374,1.0391968994140626,1.7845015553102506
1758790042.7619808,target,4,1.2463310546875,2.8721162109375,-0.40732469635224855
1758790042.7619808,target,5,1.826204833984375,1.505741455078125,-0.4656490893579608
1758790042.7818363,herder,1,2.51017626953125,2.539775634765625,1.5796551990029908
1758790042.7818363,herder,2,2.156824951171875,2.50652978515625,0.6835847825544192
1758790042.7818363,target,1,2.333793212890625,2.77861474609375,-2.2593781982397134
1758790042.7818363,target,2,2.200872802734375,1.9195048828125,1.065008373092884
1758790042.7818363,target,3,1.6022652587890625,1.03921337890625,1.7827641090150828
1758790042.7818363,target,4,1.245960693359375,2.872705810546875,-0.41158359027798963
1758790042.7818363,target,5,1.8288980712890626,1.5076094970703124,-0.5189950688904198
1758790042.801979,herder,1,2.51017626953125,2.539775634765625,1.5796551990029908
1758790042.801979,herder,2,2.156824951171875,2.50652978515625,0.6835847825544192
1758790042.801979,target,1,2.333793212890625,2.77861474609375,-2.2593781982397134
1758790042.801979,target,2,2.200872802734375,1.9195048828125,1.065008373092884
1758790042.801979,target,3,1.6022652587890625,1.03921337890625,1.7827641090150828
1758790042.801979,target,4,1.245960693359375,2.872705810546875,-0.41158359027798963
1758790042.801979,target,5,1.8288980712890626,1.5076094970703124,-0.5189950688904198
1758790042.8219357,herder,1,2.51017626953125,2.539775634765625,1.5796551990029908
1758790042.8219357,herder,2,2.156824951171875,2.50652978515625,0.6835847825544192
1758790042.8219357,target,1,2.333793212890625,2.77861474609375,-2.2593781982397134
1758790042.8219357,target,2,2.200872802734375,1.9195048828125,1.065008373092884
1758790042.8219357,target,3,1.6022652587890625,1.03921337890625,1.7827641090150828
1758790042.8219357,target,4,1.245960693359375,2.872705810546875,-0.41158359027798963
1758790042.8219357,target,5,1.8288980712890626,1.5076094970703124,-0.5189950688904198
1758790042.8418615,herder,1,2.51017626953125,2.539775634765625,1.5796551990029908
1758790042.8418615,herder,2,2.156824951171875,2.50652978515625,0.6835847825544192
1758790042.8418615,target,1,2.333793212890625,2.77861474609375,-2.2593781982397134
1758790042.8418615,target,2,2.200872802734375,1.9195048828125,1.065008373092884
1758790042.8418615,target,3,1.6022652587890625,1.03921337890625,1.7827641090150828
1758790042.8418615,target,4,1.245960693359375,2.872705810546875,-0.41158359027798963
1758790042.8418615,target,5,1.8288980712890626,1.5076094970703124,-0.5189950688904198
1758790042.8619487,herder,1,2.51017626953125,2.539775634765625,1.5796551990029908
1758790042.8619487,herder,2,2.156824951171875,2.50652978515625,0.6835847825544192
1758790042.8619487,target,1,2.333793212890625,2.77861474609375,-2.2593781982397134
1758790042.8619487,target,2,2.200872802734375,1.9195048828125,1.065008373092884
1758790042.8619487,target,3,1.6022652587890625,1.03921337890625,1.7827641090150828
1758790042.8619487,target,4,1.245960693359375,2.872705810546875,-0.41158359027798963
1758790042.8619487,target,5,1.8288980712890626,1.5076094970703124,-0.5189950688904198
1758790042.881956,herder,1,2.51017626953125,2.539775634765625,1.5796551990029908
1758790042.881956,herder,2,2.156824951171875,2.50652978515625,0.6835847825544192
1758790042.881956,target,1,2.333793212890625,2.77861474609375,-2.2593781982397134
1758790042.881956,target,2,2.200872802734375,1.9195048828125,1.065008373092884
1758790042.881956,target,3,1.6022652587890625,1.03921337890625,1.7827641090150828
1758790042.881956,target,4,1.245960693359375,2.872705810546875,-0.41158359027798963
1758790042.881956,target,5,1.8288980712890626,1.5076094970703124,-0.5189950688904198
1758790042.9019678,herder,1,2.51744384765625,2.548312255859375,1.5604788412577661
1758790042.9019678,herder,2,2.164075439453125,2.52026806640625,0.6750243841254958
1758790042.9019678,target,1,2.35167236328125,2.79884912109375,-2.2696705169045424
1758790042.9019678,target,2,2.20084619140625,1.9195592041015626,1.0653515879783682
1758790042.9019678,target,3,1.602259521484375,1.0392337646484375,1.7832168464003963
1758790042.9019678,target,4,1.2453953857421876,2.8753994140625,-0.4509281335374115
1758790042.9019678,target,5,1.8365250244140625,1.5134462890625,-0.6812131044456492
1758790042.9220104,herder,1,2.517654296875,2.54917041015625,1.5588041124062697
1758790042.9220104,herder,2,2.16452734375,2.5214560546875,0.6743253709183773
1758790042.9220104,target,1,2.353036865234375,2.800908447265625,-2.27304820411509
1758790042.9220104,target,2,2.200861572265625,1.9195361328125,1.0652080435956128
1758790042.9220104,target,3,1.6023870849609374,1.0391614990234375,1.7839673251955808
1758790042.9220104,target,4,1.2456229248046875,2.87582958984375,-0.46189246761380864
1758790042.9220104,target,5,1.837895263671875,1.5144984130859376,-0.7077154854545454
1758790042.9418776,herder,1,2.51871728515625,2.550592529296875,1.55648063751323
1758790042.9418776,herder,2,2.16533203125,2.523735595703125,0.6716779890577568
1758790042.9418776,target,1,2.356448486328125,2.804568115234375,-2.280143930523497
1758790042.9418776,target,2,2.2008525390625,1.919544189453125,1.0653288179510478
1758790042.9418776,target,3,1.6023572998046876,1.0391343994140625,1.7834370898225458
1758790042.9418776,target,4,1.2462774658203124,2.876859375,-0.48365052700926964
1758790042.9418776,target,5,1.8400755615234374,1.516430419921875,-0.7577438320590383
1758790042.9618785,herder,1,2.52049560546875,2.553014404296875,1.5549728888620817
1758790042.9618785,herder,2,2.167010498046875,2.527062744140625,0.6669576691836457
1758790042.9618785,target,1,2.3622744140625,2.81090380859375,-2.282653427218679
1758790042.9618785,target,2,2.200851806640625,1.9195487060546874,1.065117429539523
1758790042.9618785,target,3,1.6023375244140625,1.03920751953125,1.7837204501625303
1758790042.9618785,target,4,1.2469849853515624,2.8793798828125,-0.5232799952158164
1758790042.9618785,target,5,1.8422398681640626,1.51838720703125,-0.7985786136854413
1758790042.981872,herder,1,2.521097900390625,2.553618896484375,1.5548137649869496
1758790042.981872,herder,2,2.167572265625,2.528004150390625,0.6659129776670349
1758790042.981872,target,1,2.36399658203125,2.813060791015625,-2.285244682959326
1758790042.981872,target,2,2.20085009765625,1.91956982421875,1.0655543876953777
1758790042.981872,target,3,1.6023531494140626,1.0391824951171875,1.7832530653912213
1758790042.981872,target,4,1.247194091796875,2.880153076171875,-0.5379980215591665
1758790042.981872,target,5,1.8426646728515625,1.518822509765625,-0.7994347533968744
1758790043.0018854,herder,1,2.522484619140625,2.554760498046875,1.5542642216960116
1758790043.0018854,herder,2,2.168328369140625,2.530184326171875,0.6632855029355628
1758790043.0018854,target,1,2.368177734375,2.81765576171875,-2.28881118829116
1758790043.0018854,target,2,2.2008447265625,1.9195726318359374,1.065095791355666
1758790043.0018854,target,3,1.602485595703125,1.039122314453125,1.7851606876800452
1758790043.0018854,target,4,1.247725341796875,2.881984619140625,-0.5695092093672566
1758790043.0018854,target,5,1.8424935302734375,1.51844189453125,-0.8105990575816229
1758790043.0218844,herder,1,2.522484619140625,2.554760498046875,1.5542642216960116
1758790043.0218844,herder,2,2.168328369140625,2.530184326171875,0.6632855029355628
1758790043.0218844,target,1,2.368177734375,2.81765576171875,-2.28881118829116
1758790043.0218844,target,2,2.2008447265625,1.9195726318359374,1.065095791355666
1758790043.0218844,target,3,1.602485595703125,1.039122314453125,1.7851606876800452
1758790043.0218844,target,4,1.247725341796875,2.881984619140625,-0.5695092093672566
1758790043.0218844,target,5,1.8424935302734375,1.51844189453125,-0.8105990575816229
1758790043.04187,herder,1,2.522484619140625,2.554760498046875,1.5542642216960116
1758790043.04187,herder,2,2.168328369140625,2.530184326171875,0.6632855029355628
1758790043.04187,target,1,2.368177734375,2.81765576171875,-2.28881118829116
1758790043.04187,target,2,2.2008447265625,1.9195726318359374,1.065095791355666
1758790043.04187,target,3,1.602485595703125,1.039122314453125,1.7851606876800452
1758790043.04187,target,4,1.247725341796875,2.881984619140625,-0.5695092093672566
1758790043.04187,target,5,1.8424935302734375,1.51844189453125,-0.8105990575816229
1758790043.0618834,herder,1,2.522484619140625,2.554760498046875,1.5542642216960116
1758790043.0618834,herder,2,2.168328369140625,2.530184326171875,0.6632855029355628
1758790043.0618834,target,1,2.368177734375,2.81765576171875,-2.28881118829116
1758790043.0618834,target,2,2.2008447265625,1.9195726318359374,1.065095791355666
1758790043.0618834,target,3,1.602485595703125,1.039122314453125,1.7851606876800452
1758790043.0618834,target,4,1.247725341796875,2.881984619140625,-0.5695092093672566
1758790043.0618834,target,5,1.8424935302734375,1.51844189453125,-0.8105990575816229
1758790043.081936,herder,1,2.522484619140625,2.554760498046875,1.5542642216960116
1758790043.081936,herder,2,2.168328369140625,2.530184326171875,0.6632855029355628
1758790043.081936,target,1,2.368177734375,2.81765576171875,-2.28881118829116
1758790043.081936,target,2,2.2008447265625,1.9195726318359374,1.065095791355666
1758790043.081936,target,3,1.602485595703125,1.039122314453125,1.7851606876800452
1758790043.081936,target,4,1.247725341796875,2.881984619140625,-0.5695092093672566
1758790043.081936,target,5,1.8424935302734375,1.51844189453125,-0.8105990575816229
1758790043.1019888,herder,1,2.528984130859375,2.564238525390625,1.5373234545278542
1758790043.1019888,herder,2,2.175856201171875,2.544584228515625,0.655948094658231
1758790043.1019888,target,1,2.3931162109375,2.84576171875,-2.3058626098026105
1758790043.1019888,target,2,2.20084619140625,1.9195474853515626,1.0648533771174415
1758790043.1019888,target,3,1.60238671875,1.0391353759765625,1.7839955547031354
1758790043.1019888,target,4,1.2506978759765626,2.889038330078125,-0.6863546032461562
1758790043.1019888,target,5,1.849886474609375,1.5271387939453125,-1.0078227144797762
1758790043.1219535,herder,1,2.530331787109375,2.566465576171875,1.53483339890863
1758790043.1219535,herder,2,2.176818115234375,2.546626953125,0.6539965967904482
1758790043.1219535,target,1,2.397471923828125,2.85089111328125,-2.3113146331862207
1758790043.1219535,target,2,2.200856689453125,1.9195633544921875,1.0651231553358667
1758790043.1219535,target,3,1.6023677978515625,1.0391175537109374,1.7830839546620014
1758790043.1219535,target,4,1.2512542724609375,2.890121337890625,-0.7136796347157779
1758790043.1219535,target,5,1.8526798095703125,1.528711181640625,-1.0641248028222232
1758790043.1418798,herder,1,2.5315146484375,2.56789697265625,1.5328079317415704
1758790043.1418798,herder,2,2.177786376953125,2.54852001953125,0.6517716588577415
1758790043.1418798,target,1,2.40215185546875,2.855872314453125,-2.314497377004974
1758790043.1418798,target,2,2.20084423828125,1.9195732421875,1.0651455924680504
1758790043.1418798,target,3,1.60224609375,1.0391988525390625,1.784261205021871
1758790043.1418798,target,4,1.252114990234375,2.89113671875,-0.7384568199705209
1758790043.1418798,target,5,1.855554443359375,1.5306688232421874,-1.1268626862549556
1758790043.1618698,herder,1,2.533422607421875,2.56917236328125,1.5311655602973184
1758790043.1618698,herder,2,2.179420166015625,2.550495361328125,0.6504510638521984
1758790043.1618698,target,1,2.40717529296875,2.8615595703125,-2.31552935192738
1758790043.1618698,target,2,2.20084423828125,1.9195721435546875,1.0651350729817446
1758790043.1618698,target,3,1.6023289794921876,1.039195068359375,1.7846983629148074
1758790043.1618698,target,4,1.2521903076171874,2.89235888671875,-0.745618326457853
1758790043.1618698,target,5,1.8584620361328126,1.5325556640625,-1.1899859956764496
1758790043.181946,herder,1,2.53512451171875,2.57156982421875,1.5274857374611015
1758790043.181946,herder,2,2.181049560546875,2.552810791015625,0.6496383336665335
1758790043.181946,target,1,2.411613525390625,2.865816650390625,-2.317347225687468
1758790043.181946,target,2,2.200865234375,1.919528076171875,1.0651459253631868
1758790043.181946,target,3,1.60236181640625,1.0390955810546876,1.783388753448761
1758790043.181946,target,4,1.25210400390625,2.892262939453125,-0.7455345034625427
1758790043.181946,target,5,1.8615550537109375,1.5334298095703125,-1.2546532727399173
1758790043.2019784,herder,1,2.536223876953125,2.57378125,1.5234177588960054
1758790043.2019784,herder,2,2.182755615234375,2.554865966796875,0.6492584337370336
1758790043.2019784,target,1,2.41618798828125,2.87085791015625,-2.32383495241901
1758790043.2019784,target,2,2.20083447265625,1.9195679931640626,1.0650204238968168
1758790043.2019784,target,3,1.6023333740234376,1.039140380859375,1.7847488298174645
1758790043.2019784,target,4,1.2526361083984374,2.892128173828125,-0.7501298545025017
1758790043.2019784,target,5,1.8645794677734375,1.5352039794921875,-1.3034108254512515
1758790043.2219508,herder,1,2.537730224609375,2.57551171875,1.5187397832832268
1758790043.2219508,herder,2,2.1837451171875,2.55739013671875,0.6512119955546612
1758790043.2219508,target,1,2.4210478515625,2.87591162109375,-2.330931744091853
1758790043.2219508,target,2,2.200873046875,1.9195662841796874,1.0654481275678835
1758790043.2219508,target,3,1.602365966796875,1.039193603515625,1.7858330026972358
1758790043.2219508,target,4,1.252615234375,2.891851806640625,-0.7504357185536973
1758790043.2219508,target,5,1.8658333740234374,1.536592041015625,-1.3214944882012165
1758790043.241864,herder,1,2.538708984375,2.57748095703125,1.5130247727419712
1758790043.241864,herder,2,2.18451806640625,2.560060546875,0.6533871989540108
1758790043.241864,target,1,2.425946044921875,2.880810546875,-2.3342327322630063
1758790043.241864,target,2,2.200856689453125,1.9195430908203126,1.0650314760153405
1758790043.241864,target,3,1.602343505859375,1.039208251953125,1.7847332503250875
1758790043.241864,target,4,1.251932373046875,2.891799072265625,-0.7380236568192194
1758790043.241864,target,5,1.8663114013671875,1.5376505126953126,-1.3162848124768034
1758790043.2618687,herder,1,2.539158203125,2.579527587890625,1.5082601112357104
1758790043.2618687,herder,2,2.18583349609375,2.56254150390625,0.655140091583501
1758790043.2618687,target,1,2.430909912109375,2.885459716796875,-2.3417170138744563
1758790043.2618687,target,2,2.20083984375,1.9195460205078125,1.0654499252016194
1758790043.2618687,target,3,1.6023040771484376,1.0392000732421875,1.7850929102303026
1758790043.2618687,target,4,1.251760498046875,2.891638671875,-0.7304795872412976
1758790043.2618687,target,5,1.8655440673828125,1.538036865234375,-1.3059300426844118
1758790043.2818663,herder,1,2.540552978515625,2.581875732421875,1.5039744192515003
1758790043.2818663,herder,2,2.1873955078125,2.565406494140625,0.6579191667600258
1758790043.2818663,target,1,2.435642822265625,2.890364990234375,-2.3517390216886422
1758790043.2818663,target,2,2.200853271484375,1.91955859375,1.0651892017309006
1758790043.2818663,target,3,1.6022288818359376,1.0392003173828126,1.7812329245463419
1758790043.2818663,target,4,1.2517388916015626,2.891789306640625,-0.7382723294860056
1758790043.2818663,target,5,1.8646160888671874,1.5377965087890626,-1.2846744219181079
1758790043.3018463,herder,1,2.541844970703125,2.5836259765625,1.5005936694056994
1758790043.3018463,herder,2,2.1887841796875,2.567929443359375,0.6587983428148882
1758790043.3018463,target,1,2.4406962890625,2.893966064453125,-2.3713353599377722
1758790043.3018463,target,2,2.20087158203125,1.919525634765625,1.0651561785333836
1758790043.3018463,target,3,1.60228564453125,1.0392022705078126,1.7807382423738596
1758790043.3018463,target,4,1.2520911865234374,2.8923994140625,-0.751511569055062
1758790043.3018463,target,5,1.8627061767578126,1.537983154296875,-1.252321941521662
1758790043.3220277,herder,1,2.542988037109375,2.585972412109375,1.4967435374177718
1758790043.3220277,herder,2,2.1900302734375,2.57026123046875,0.659460670977991
1758790043.3220277,target,1,2.44535107421875,2.8970341796875,-2.388026189437626
1758790043.3220277,target,2,2.200863037109375,1.919517333984375,1.0651395337765706
1758790043.3220277,target,3,1.6023900146484376,1.0391290283203125,1.7822160304627446
1758790043.3220277,target,4,1.252386474609375,2.893362060546875,-0.7565382856125866
1758790043.3220277,target,5,1.8604798583984374,1.5376298828125,-1.2145754946533693
1758790043.3418815,herder,1,2.544211669921875,2.588704833984375,1.4926104445640234
1758790043.3418815,herder,2,2.191577880859375,2.573072265625,0.6608831984742568
1758790043.3418815,target,1,2.45041015625,2.90040869140625,-2.397281473173978
1758790043.3418815,target,2,2.200838134765625,1.91956201171875,1.065045324453009
1758790043.3418815,target,3,1.60244580078125,1.0391943359375,1.7845417690427108
1758790043.3418815,target,4,1.252540771484375,2.89286376953125,-0.757071317304766
1758790043.3418815,target,5,1.8589224853515625,1.5375894775390626,-1.1883144626182613
1758790043.3618493,herder,1,2.5459052734375,2.590498046875,1.4894672486874572
1758790043.3618493,herder,2,2.193546630859375,2.5756572265625,0.661758113471375
1758790043.3618493,target,1,2.45564453125,2.904703369140625,-2.411597828245917
1758790043.3618493,target,2,2.200862548828125,1.919546875,1.0651632359102723
1758790043.3618493,target,3,1.6023414306640624,1.03921728515625,1.7863436638362584
1758790043.3618493,target,4,1.2525780029296876,2.892768310546875,-0.7583004327268648
1758790043.3618493,target,5,1.8576396484375,1.538287841796875,-1.18416206184661
1758790043.3818996,herder,1,2.5475263671875,2.593062255859375,1.4853546621741025
1758790043.3818996,herder,2,2.195529541015625,2.578207275390625,0.6622440737912872
1758790043.3818996,target,1,2.460441162109375,2.908264404296875,-2.4310045494254338
1758790043.3818996,target,2,2.200849609375,1.9195606689453124,1.0656112461846508
1758790043.3818996,target,3,1.60226123046875,1.0391900634765625,1.7823113716297694
1758790043.3818996,target,4,1.25246826171875,2.892628662109375,-0.7544929778954058
1758790043.3818996,target,5,1.8576959228515626,1.53856591796875,-1.1773531578876042
1758790043.4018617,herder,1,2.54850439453125,2.5956318359375,1.481713588331746
1758790043.4018617,herder,2,2.196630615234375,2.580988037109375,0.6636082114806531
1758790043.4018617,target,1,2.465498291015625,2.911145263671875,-2.456587673805062
1758790043.4018617,target,2,2.200848388671875,1.9195469970703125,1.0656939373364978
1758790043.4018617,target,3,1.602416015625,1.0391253662109374,1.782547727176514
1758790043.4018617,target,4,1.2526114501953125,2.89264013671875,-0.7559944681179924
1758790043.4018617,target,5,1.8573577880859375,1.5386962890625,-1.1756089205316569
1758790043.4218736,herder,1,2.550549072265625,2.597529541015625,1.4778578637055293
1758790043.4218736,herder,2,2.197999755859375,2.58346923828125,0.663815605150543
1758790043.4218736,target,1,2.470483154296875,2.912836669921875,-2.4852036060340725
1758790043.4218736,target,2,2.2008427734375,1.9195587158203125,1.0654599786347343
1758790043.4218736,target,3,1.602416748046875,1.03921337890625,1.7839494820162771
1758790043.4218736,target,4,1.2527421875,2.892757568359375,-0.761937245511477
1758790043.4218736,target,5,1.8576373291015624,1.53856982421875,-1.181851503284857
1758790043.4419394,herder,1,2.552414794921875,2.59994287109375,1.4733474009253167
1758790043.4419394,herder,2,2.199345703125,2.585975341796875,0.6653186266907565
1758790043.4419394,target,1,2.47538427734375,2.913998046875,-2.517108009577113
1758790043.4419394,target,2,2.20086328125,1.9195267333984376,1.0655716316634358
1758790043.4419394,target,3,1.602324462890625,1.0392259521484375,1.7843281835232865
1758790043.4419394,target,4,1.2524996337890626,2.89255419921875,-0.7551326691892428
1758790043.4419394,target,5,1.8578770751953124,1.5389244384765626,-1.1887367068090935
1758790043.461951,herder,1,2.553364013671875,2.60172705078125,1.4714806581592257
1758790043.461951,herder,2,2.200990234375,2.588321533203125,0.6668790393524612
1758790043.461951,target,1,2.47993359375,2.914439453125,-2.5521520137292475
1758790043.461951,target,2,2.200858154296875,1.91955712890625,1.0653443308643977
1758790043.461951,target,3,1.602239501953125,1.039250244140625,1.780750226598765
1758790043.461951,target,4,1.252436279296875,2.89170166015625,-0.7415343023471892
1758790043.461951,target,5,1.857990478515625,1.5385220947265625,-1.1832868139543553
1758790043.4819577,herder,1,2.55612890625,2.603851318359375,1.4664543410758646
1758790043.4819577,herder,2,2.203212890625,2.590881591796875,0.6692531808852396
1758790043.4819577,target,1,2.484132080078125,2.914640869140625,-2.5861456671474548
1758790043.4819577,target,2,2.200866455078125,1.9195399169921874,1.065612311449087
1758790043.4819577,target,3,1.6024090576171874,1.039233154296875,1.7836734453692904
1758790043.4819577,target,4,1.25268017578125,2.89116259765625,-0.7382044854572358
1758790043.4819577,target,5,1.8571458740234374,1.5384683837890625,-1.1674202328118812
1758790043.5019472,herder,1,2.557296875,2.606592529296875,1.4619542646239032
1758790043.5019472,herder,2,2.204772216796875,2.593639404296875,0.6720240002623853
1758790043.5019472,target,1,2.487978759765625,2.91426806640625,-2.6253633773599616
1758790043.5019472,target,2,2.200876220703125,1.9195240478515625,1.06516789644218
1758790043.5019472,target,3,1.602322509765625,1.0392156982421874,1.7807113444468499
1758790043.5019472,target,4,1.253425537109375,2.89127880859375,-0.7506205419333488
1758790043.5019472,target,5,1.856677001953125,1.5382783203125,-1.156721249448597
1758790043.5218904,herder,1,2.557832275390625,2.609156494140625,1.4564778733163186
1758790043.5218904,herder,2,2.206758056640625,2.596485107421875,0.6735181667919742
1758790043.5218904,target,1,2.49239013671875,2.914069580078125,-2.6694541397350955
1758790043.5218904,target,2,2.2008671875,1.919542236328125,1.0650673621110294
1758790043.5218904,target,3,1.602373779296875,1.039208251953125,1.7826550525684441
1758790043.5218904,target,4,1.253775146484375,2.89193359375,-0.7642703077844409
1758790043.5218904,target,5,1.856111328125,1.5383587646484376,-1.1543618218808411
1758790043.541958,herder,1,2.55939599609375,2.611160400390625,1.4519425099799137
1758790043.541958,herder,2,2.208904052734375,2.5995078125,0.6763019690794341
1758790043.541958,target,1,2.496021484375,2.913066162109375,-2.7221469124311852
1758790043.541958,target,2,2.2008701171875,1.919529296875,1.0653668345756089
1758790043.541958,target,3,1.6023858642578126,1.039236328125,1.7854186148316193
1758790043.541958,target,4,1.2535655517578126,2.892534912109375,-0.7651456222557227
1758790043.541958,target,5,1.8552060546875,1.5380750732421875,-1.1307712746288103
1758790043.5619698,herder,1,2.560719482421875,2.61375732421875,1.4457097809227468
1758790043.5619698,herder,2,2.20986083984375,2.6019189453125,0.678397743699272
1758790043.5619698,target,1,2.499188720703125,2.9113740234375,-2.765525012898614
1758790043.5619698,target,2,2.200871826171875,1.91954833984375,1.065461709689443
1758790043.5619698,target,3,1.602307861328125,1.039222900390625,1.782174085675576
1758790043.5619698,target,4,1.2537369384765624,2.892111083984375,-0.7609323682531629
1758790043.5619698,target,5,1.8545189208984374,1.538151123046875,-1.1110985702354224
1758790043.581849,herder,1,2.5620732421875,2.61641455078125,1.4396060820203942
1758790043.581849,herder,2,2.21078466796875,2.604095458984375,0.6799791953335882
1758790043.581849,target,1,2.502469482421875,2.90928857421875,-2.8141615249384038
1758790043.581849,target,2,2.20083984375,1.9195616455078126,1.0651811456686031
1758790043.581849,target,3,1.6024559326171874,1.0391844482421875,1.7864166344501264
1758790043.581849,target,4,1.25378759765625,2.89177490234375,-0.7561685056952291
1758790043.581849,target,5,1.8537525634765626,1.538079833984375,-1.118226187997883
1758790043.601928,herder,1,2.563704833984375,2.6184208984375,1.437552252187725
1758790043.601928,herder,2,2.2128564453125,2.6064775390625,0.6799882500812945
1758790043.601928,target,1,2.505482177734375,2.907248046875,-2.871068217427326
1758790043.601928,target,2,2.2008359375,1.9195784912109375,1.0651770843479407
1758790043.601928,target,3,1.6022982177734375,1.039193115234375,1.7830135140511687
1758790043.601928,target,4,1.25369580078125,2.891318603515625,-0.7530420211545034
1758790043.601928,target,5,1.854308837890625,1.538414306640625,-1.1391453183604554
1758790043.6218777,herder,1,2.56537109375,2.62028955078125,1.4334746862427048
1758790043.6218777,herder,2,2.215007080078125,2.609463134765625,0.6814820837157471
1758790043.6218777,target,1,2.5079638671875,2.90443505859375,-2.9268033853527227
1758790043.6218777,target,2,2.2008583984375,1.919575439453125,1.0651704930242427
1758790043.6218777,target,3,1.602483154296875,1.0391405029296874,1.7842325760401525
1758790043.6218777,target,4,1.253887939453125,2.891642822265625,-0.7584453086901651
1758790043.6218777,target,5,1.8552332763671875,1.5388009033203125,-1.158620216463878
1758790043.6419735,herder,1,2.566808349609375,2.622216796875,1.431285168352496
1758790043.6419735,herder,2,2.21707177734375,2.61228955078125,0.6811173638044609
1758790043.6419735,target,1,2.509840087890625,2.90189013671875,-2.9837747926561335
1758790043.6419735,target,2,2.20085791015625,1.9195677490234375,1.0654880749842346
1758790043.6419735,target,3,1.602389404296875,1.03918798828125,1.7855487102508698
1758790043.6419735,target,4,1.2539439697265624,2.89161181640625,-0.7601470020476985
1758790043.6419735,target,5,1.8560919189453124,1.5379368896484376,-1.1654637415170546
1758790043.6618512,herder,1,2.568981201171875,2.624046630859375,1.427347418364705
1758790043.6618512,herder,2,2.218343017578125,2.615259765625,0.6809540454506118
1758790043.6618512,target,1,2.511988525390625,2.898727294921875,-3.0440373344346647
1758790043.6618512,target,2,2.200855224609375,1.9195709228515625,1.065458047842944
1758790043.6618512,target,3,1.6022501220703125,1.0391785888671874,1.781375403664661
1758790043.6618512,target,4,1.25396875,2.891639404296875,-0.7597784205528315
1758790043.6618512,target,5,1.8570048828125,1.5369437255859375,-1.1761125242937909
1758790043.6818342,herder,1,2.570589111328125,2.626574462890625,1.4228308303139852
1758790043.6818342,herder,2,2.219355224609375,2.617575927734375,0.6791395672209135
1758790043.6818342,target,1,2.5138369140625,2.895185791015625,-3.090999783413231
1758790043.6818342,target,2,2.200861572265625,1.919561767578125,1.0652822126319716
1758790043.6818342,target,3,1.6024249267578126,1.0391954345703125,1.7849264626621728
1758790043.6818342,target,4,1.2539442138671875,2.891671630859375,-0.7597284862823925
1758790043.6818342,target,5,1.857736083984375,1.53646435546875,-1.189596375208971
1758790043.7019596,herder,1,2.57168408203125,2.62814794921875,1.4197635345284862
1758790043.7019596,herder,2,2.2209921875,2.619841796875,0.6767162903660231
1758790043.7019596,target,1,2.51503515625,2.89705419921875,-3.089763810351325
1758790043.7019596,target,2,2.200861083984375,1.919542724609375,1.0649973875533876
1758790043.7019596,target,3,1.6023458251953124,1.03918603515625,1.7854457790747382
1758790043.7019596,target,4,1.2539285888671876,2.891564208984375,-0.7589873951300508
1758790043.7019596,target,5,1.8587916259765624,1.5367691650390625,-1.1990118480848917
1758790043.722039,herder,1,2.574003662109375,2.629016357421875,1.4161098106709522
1758790043.722039,herder,2,2.22340625,2.622605224609375,0.6740121165951567
1758790043.722039,target,1,2.514282958984375,2.901704833984375,-3.0726348908521532
1758790043.722039,target,2,2.2008720703125,1.919523681640625,1.0651612385394547
1758790043.722039,target,3,1.602297607421875,1.0391998291015625,1.785419546938001
1758790043.722039,target,4,1.253963134765625,2.891173583984375,-0.7524301598940576
1758790043.722039,target,5,1.8596785888671874,1.5369453125,-1.2217905306786119
1758790043.741895,herder,1,2.575730712890625,2.630050048828125,1.413821090030138
1758790043.741895,herder,2,2.2253486328125,2.62492041015625,0.6693578431160797
1758790043.741895,target,1,2.513641357421875,2.902768310546875,-3.0575494148573994
1758790043.741895,target,2,2.200864990234375,1.9195472412109376,1.0654485936210742
1758790043.741895,target,3,1.602348876953125,1.0391865234375,1.7845457637843458
1758790043.741895,target,4,1.2542427978515625,2.891301025390625,-0.758887326852091
1758790043.741895,target,5,1.86077099609375,1.53698193359375,-1.2410956522625418
1758790043.76181,herder,1,2.577116943359375,2.63122314453125,1.409853512638138
1758790043.76181,herder,2,2.22630615234375,2.627003173828125,0.6640389112079462
1758790043.76181,target,1,2.5145400390625,2.90413818359375,-3.058290572588769
1758790043.76181,target,2,2.200865478515625,1.9195111083984375,1.0652095083342124
1758790043.76181,target,3,1.6022967529296874,1.039198974609375,1.784001546815588
1758790043.76181,target,4,1.254799560546875,2.891781005859375,-0.7750794128588
1758790043.76181,target,5,1.861114501953125,1.536729736328125,-1.2356679968029058
1758790043.7818887,herder,1,2.57869921875,2.632027099609375,1.4065574513150014
1758790043.7818887,herder,2,2.227420166015625,2.62931689453125,0.65914548586298
1758790043.7818887,target,1,2.5135947265625,2.90312109375,-3.060005382014671
1758790043.7818887,target,2,2.2008720703125,1.9195328369140625,1.0656272917302185
1758790043.7818887,target,3,1.60231591796875,1.0392105712890625,1.7839514793870948
1758790043.7818887,target,4,1.2557254638671875,2.892183349609375,-0.7861280692732118
1758790043.7818887,target,5,1.8608876953125,1.5364779052734374,-1.2366634864183774
1758790043.801975,herder,1,2.579966064453125,2.6325517578125,1.4034073312196012
1758790043.801975,herder,2,2.22931005859375,2.63178955078125,0.6533583702352107
1758790043.801975,target,1,2.513409423828125,2.902946044921875,-3.065417724298039
1758790043.801975,target,2,2.200867431640625,1.9195164794921875,1.0652618394496325
1758790043.801975,target,3,1.6022493896484375,1.039229248046875,1.7809323868173264
1758790043.801975,target,4,1.2563870849609375,2.892143798828125,-0.7931952332789278
1758790043.801975,target,5,1.8607039794921876,1.5358521728515624,-1.2337045812892449
1758790043.8219788,herder,1,2.581201171875,2.633293701171875,1.3997120620490617
1758790043.8219788,herder,2,2.23098046875,2.634406005859375,0.648547236567928
1758790043.8219788,target,1,2.512492919921875,2.90339794921875,-3.0726615224630542
1758790043.8219788,target,2,2.200862060546875,1.91955517578125,1.0653410019130352
1758790043.8219788,target,3,1.602354248046875,1.0391871337890626,1.7832874201692834
1758790043.8219788,target,4,1.2564031982421875,2.891985107421875,-0.7943773439077867
1758790043.8219788,target,5,1.86057763671875,1.53477001953125,-1.2200156669701288
1758790043.8419528,herder,1,2.582517822265625,2.634153076171875,1.3967484963880217
1758790043.8419528,herder,2,2.231679931640625,2.6370673828125,0.6445116154100764
1758790043.8419528,target,1,2.51197705078125,2.903916748046875,-3.0768725127786873
1758790043.8419528,target,2,2.200846923828125,1.919560546875,1.0652021180621873
1758790043.8419528,target,3,1.602238525390625,1.0391756591796875,1.7822895337088307
1758790043.8419528,target,4,1.2562294921875,2.892124267578125,-0.7929544835163846
1758790043.8419528,target,5,1.860063720703125,1.5343594970703125,-1.2039801082564892
1758790043.8619227,herder,1,2.5834951171875,2.63521484375,1.3924520186013967
1758790043.8619227,herder,2,2.232703125,2.6393154296875,0.6386699715589876
1758790043.8619227,target,1,2.512212890625,2.904311767578125,-3.0786192801376706
1758790043.8619227,target,2,2.200853515625,1.9195677490234375,1.065412041735113
1758790043.8619227,target,3,1.602432861328125,1.0391689453125,1.7835622583937796
1758790043.8619227,target,4,1.2561007080078126,2.89176171875,-0.7878101218177058
1758790043.8619227,target,5,1.8592803955078125,1.534275146484375,-1.2110310935585828
1758790043.8818748,herder,1,2.584375732421875,2.635845703125,1.3889690033697366
1758790043.8818748,herder,2,2.23408251953125,2.6411181640625,0.6315109284956639
1758790043.8818748,target,1,2.51195556640625,2.904315185546875,-3.079978823874156
1758790043.8818748,target,2,2.200861572265625,1.9195635986328126,1.065416569108966
1758790043.8818748,target,3,1.602255615234375,1.039238525390625,1.781122802835267
1758790043.8818748,target,4,1.255195068359375,2.891230224609375,-0.7686300356469551
1758790043.8818748,target,5,1.85998974609375,1.534505615234375,-1.233604180116149
1758790043.901966,herder,1,2.585553955078125,2.63582958984375,1.3863162286079087
1758790043.901966,herder,2,2.234709716796875,2.643262451171875,0.6251090221302497
1758790043.901966,target,1,2.511890625,2.904112548828125,-3.0785497716332193
1758790043.901966,target,2,2.200842041015625,1.9195750732421875,1.0651385350911617
1758790043.901966,target,3,1.602342529296875,1.0392286376953126,1.783806203949631
1758790043.901966,target,4,1.2548446044921875,2.890632080078125,-0.7583393814578072
1758790043.901966,target,5,1.8605059814453124,1.535140625,-1.2370598979466358
1758790043.9220757,herder,1,2.586595458984375,2.6357001953125,1.383455327806891
1758790043.9220757,herder,2,2.23542724609375,2.645392578125,0.6181103013645487
1758790043.9220757,target,1,2.511926513671875,2.90398291015625,-3.0818781903636006
1758790043.9220757,target,2,2.20085009765625,1.919576171875,1.06520278385246
1758790043.9220757,target,3,1.6024388427734375,1.0391749267578125,1.7836364274301384
1758790043.9220757,target,4,1.2550772705078126,2.890769775390625,-0.7630744152969409
1758790043.9220757,target,5,1.8606920166015626,1.5350294189453124,-1.2325402472606624
1758790043.941952,herder,1,2.587845458984375,2.63620263671875,1.3810430364914972
1758790043.941952,herder,2,2.237375,2.6476201171875,0.6094217383081652
1758790043.941952,target,1,2.51180810546875,2.903953125,-3.0827722135415403
1758790043.941952,target,2,2.200861328125,1.9195335693359374,1.0654272883323537
1758790043.941952,target,3,1.60228759765625,1.039203369140625,1.7837590659983364
1758790043.941952,target,4,1.255146240234375,2.890838623046875,-0.7632457897130874
1758790043.941952,target,5,1.860608642578125,1.5343336181640626,-1.2357064794806576
1758790043.961847,herder,1,2.588665283203125,2.63625244140625,1.3779352606574293
1758790043.961847,herder,2,2.2384814453125,2.650093994140625,0.6034150450485187
1758790043.961847,target,1,2.5118916015625,2.903903564453125,-3.0805948130342915
1758790043.961847,target,2,2.20086669921875,1.919549072265625,1.0650376012858478
1758790043.961847,target,3,1.602306884765625,1.0391392822265626,1.7820691571286267
1758790043.961847,target,4,1.2552310791015624,2.890521484375,-0.7567463450727491
1758790043.961847,target,5,1.8612305908203124,1.5332890625,-1.2377051818787619
1758790043.981867,herder,1,2.589687255859375,2.636667236328125,1.3754067223604536
1758790043.981867,herder,2,2.239019287109375,2.6519755859375,0.5970035513031802
1758790043.981867,target,1,2.511612548828125,2.9041201171875,-3.0809905587722772
1758790043.981867,target,2,2.200869873046875,1.9195294189453125,1.0654989273656768
1758790043.981867,target,3,1.6022916259765625,1.0391378173828125,1.7830044593034624
1758790043.981867,target,4,1.2553021240234374,2.889998779296875,-0.7519177011212992
1758790043.981867,target,5,1.86273583984375,1.5325968017578124,-1.2539705713944755
1758790044.0019507,herder,1,2.590565185546875,2.63794775390625,1.3735599533025382
1758790044.0019507,herder,2,2.239644775390625,2.65436376953125,0.5933706666811758
1758790044.0019507,target,1,2.511594482421875,2.90459765625,-3.081296555981527
1758790044.0019507,target,2,2.200876953125,1.9195142822265625,1.0655743614035533
1758790044.0019507,target,3,1.602278076171875,1.0391727294921875,1.782851593856892
1758790044.0019507,target,4,1.2556004638671876,2.889494384765625,-0.7501769924537961
1758790044.0019507,target,5,1.864179443359375,1.5315789794921875,-1.2831058200360512
1758790044.0220368,herder,1,2.59170703125,2.63993994140625,1.3723595334411849
1758790044.0220368,herder,2,2.240802734375,2.656528076171875,0.5903975136402113
1758790044.0220368,target,1,2.511314208984375,2.905102294921875,-3.077100213051889
1758790044.0220368,target,2,2.20086572265625,1.9195296630859375,1.065054046305579
1758790044.0220368,target,3,1.602362548828125,1.0391995849609375,1.781301367786357
1758790044.0220368,target,4,1.2562430419921875,2.88958251953125,-0.7604675134848895
1758790044.0220368,target,5,1.866376708984375,1.53142333984375,-1.3167769646462502
1758790044.041937,herder,1,2.592908935546875,2.642075927734375,1.37101863183233
1758790044.041937,herder,2,2.242094970703125,2.658826904296875,0.5890928976012088
1758790044.041937,target,1,2.511116943359375,2.906268310546875,-3.0688723768640895
1758790044.041937,target,2,2.2008740234375,1.9195089111328125,1.0651771509269679
1758790044.041937,target,3,1.6023568115234375,1.0392021484375,1.7833085922999496
1758790044.041937,target,4,1.256520263671875,2.89019677734375,-0.7698402426253144
1758790044.041937,target,5,1.8685157470703124,1.531227783203125,-1.3443008676702737
1758790044.0619526,herder,1,2.594483154296875,2.643816650390625,1.37015563448109
1758790044.0619526,herder,2,2.2436767578125,2.6612958984375,0.5899461744144702
1758790044.0619526,target,1,2.5107392578125,2.907764404296875,-3.0598381354982136
1758790044.0619526,target,2,2.200857177734375,1.919549560546875,1.0653131053006164
1758790044.0619526,target,3,1.6023221435546875,1.03918896484375,1.784418198368131
1758790044.0619526,target,4,1.255792724609375,2.890584716796875,-0.7676332144509385
1758790044.0619526,target,5,1.8693397216796874,1.530758056640625,-1.3527382946358626
1758790044.0819376,herder,1,2.596526123046875,2.645945068359375,1.3681442820678076
1758790044.0819376,herder,2,2.245435546875,2.663459716796875,0.591577160845062
1758790044.0819376,target,1,2.510587890625,2.90942626953125,-3.0500297132034517
1758790044.0819376,target,2,2.200855224609375,1.919539306640625,1.0652260865119982
1758790044.0819376,target,3,1.6022603759765626,1.0392105712890625,1.784264667131288
1758790044.0819376,target,4,1.2554337158203126,2.89058642578125,-0.7594786817721431
1758790044.0819376,target,5,1.8699561767578126,1.530015869140625,-1.3643815017636345
1758790044.101948,herder,1,2.598059814453125,2.64813037109375,1.3664017757665687
1758790044.101948,herder,2,2.247347900390625,2.6659794921875,0.5929546143398782
1758790044.101948,target,1,2.509971435546875,2.911186279296875,-3.0384521529965505
1758790044.101948,target,2,2.200881103515625,1.91952587890625,1.0654153706864755
1758790044.101948,target,3,1.60232763671875,1.03922216796875,1.7845755911885548
1758790044.101948,target,4,1.2557017822265626,2.890738037109375,-0.7662891170487754
1758790044.101948,target,5,1.8707283935546875,1.5290103759765625,-1.3710418013338137
1758790044.1218576,herder,1,2.600305908203125,2.650407958984375,1.3643705828031651
1758790044.1218576,herder,2,2.250036865234375,2.6680361328125,0.593067665528152
1758790044.1218576,target,1,2.5097265625,2.912779296875,-3.0318989125021925
1758790044.1218576,target,2,2.200866455078125,1.91953173828125,1.0653842782807488
1758790044.1218576,target,3,1.6023828125,1.0391705322265625,1.7839007461683287
1758790044.1218576,target,4,1.2561776123046875,2.890585205078125,-0.7711387999728371
1758790044.1218576,target,5,1.8707054443359374,1.528298583984375,-1.363003715373682
1758790044.1419706,herder,1,2.6029013671875,2.652581787109375,1.3634302206222582
1758790044.1419706,herder,2,2.252054443359375,2.670122314453125,0.5940242064126813
1758790044.1419706,target,1,2.509367431640625,2.91352197265625,-3.0268871096467724
1758790044.1419706,target,2,2.20086181640625,1.919527587890625,1.0652499218037543
1758790044.1419706,target,3,1.6022835693359374,1.0391444091796875,1.7825453303315328
1758790044.1419706,target,4,1.2552442626953124,2.890474853515625,-0.757803220551347
1758790044.1419706,target,5,1.8703897705078125,1.5272415771484376,-1.3601691798674562
1758790044.1618693,herder,1,2.6049892578125,2.654959228515625,1.3626721518179672
1758790044.1618693,herder,2,2.254243408203125,2.6725244140625,0.5936795267885978
1758790044.1618693,target,1,2.509171142578125,2.91434130859375,-3.0213256303423597
1758790044.1618693,target,2,2.20083837890625,1.9195592041015626,1.0654157035816119
1758790044.1618693,target,3,1.6023638916015626,1.039190185546875,1.7849939737958063
1758790044.1618693,target,4,1.254771728515625,2.890162353515625,-0.7429375885045792
1758790044.1618693,target,5,1.8702642822265625,1.526574462890625,-1.3532710600119329
1758790044.181875,herder,1,2.60770849609375,2.657293212890625,1.3615665404914208
1758790044.181875,herder,2,2.256481201171875,2.67433837890625,0.5915210347250885
1758790044.181875,target,1,2.508789794921875,2.91542626953125,-3.0176118522022444
1758790044.181875,target,2,2.200845458984375,1.919575927734375,1.065649595704348
1758790044.181875,target,3,1.602406494140625,1.03920751953125,1.7867070521669997
1758790044.181875,target,4,1.25497265625,2.89012744140625,-0.7464765966981582
1758790044.181875,target,5,1.869923828125,1.5263931884765625,-1.3468224817484151
1758790044.2018363,herder,1,2.61005419921875,2.659033447265625,1.361056145668507
1758790044.2018363,herder,2,2.2583935546875,2.6765283203125,0.5913685021736542
1758790044.2018363,target,1,2.50896240234375,2.91630859375,-3.020590597881498
1758790044.2018363,target,2,2.2008642578125,1.919560546875,1.065604921177062
1758790044.2018363,target,3,1.602354248046875,1.0391478271484376,1.7842819776783736
1758790044.2018363,target,4,1.254792236328125,2.889703125,-0.7453553393002076
1758790044.2018363,target,5,1.8703365478515626,1.5264542236328125,-1.3508180223318609
1758790044.2220218,herder,1,2.61248388671875,2.660360107421875,1.3607232505322473
1758790044.2220218,herder,2,2.260874755859375,2.6785537109375,0.5896483664255721
1758790044.2220218,target,1,2.508791015625,2.916738525390625,-3.02604475179398
1758790044.2220218,target,2,2.200873291015625,1.9195322265625,1.0653240242610857
1758790044.2220218,target,3,1.6023790283203125,1.039147705078125,1.78342923349733
1758790044.2220218,target,4,1.2541771240234374,2.89008203125,-0.7372259069146863
1758790044.2220218,target,5,1.8704752197265626,1.526716064453125,-1.367639746199292
1758790044.2418873,herder,1,2.61434912109375,2.66252734375,1.3599171116702802
1758790044.2418873,herder,2,2.26367578125,2.6809169921875,0.5882071968016757
1758790044.2418873,target,1,2.508520263671875,2.917173828125,-3.0329777590597837
1758790044.2418873,target,2,2.20086669921875,1.919550048828125,1.0651656327552534
1758790044.2418873,target,3,1.6023245849609375,1.039212646484375,1.7851748024338225
1758790044.2418873,target,4,1.254419189453125,2.889551513671875,-0.7320426630640923
1758790044.2418873,target,5,1.871124267578125,1.52595068359375,-1.3744838038846867
1758790044.2619886,herder,1,2.61675927734375,2.66441943359375,1.3582025685604873
1758790044.2619886,herder,2,2.265438720703125,2.682836669921875,0.58693027763801
1758790044.2619886,target,1,2.50861083984375,2.91757080078125,-3.037839625945832
1758790044.2619886,target,2,2.200861328125,1.919550537109375,1.0650461899803634
1758790044.2619886,target,3,1.602262451171875,1.039194580078125,1.784500623203869
1758790044.2619886,target,4,1.2544896240234376,2.88910400390625,-0.7266546887046985
1758790044.2619886,target,5,1.8713096923828125,1.5245556640625,-1.3696657459985697
1758790044.2818668,herder,1,2.61935107421875,2.665897216796875,1.356464456475047
1758790044.2818668,herder,2,2.266929931640625,2.684676025390625,0.5864688184001264
1758790044.2818668,target,1,2.50842822265625,2.917915771484375,-3.043845853152288
1758790044.2818668,target,2,2.200850830078125,1.9195765380859375,1.0651519174756394
1758790044.2818668,target,3,1.6023291015625,1.03915380859375,1.7842890350552623
1758790044.2818668,target,4,1.2549119873046874,2.888484130859375,-0.7260523482451499
1758790044.2818668,target,5,1.8713323974609375,1.523815185546875,-1.3697998361594552
1758790044.301945,herder,1,2.621326904296875,2.667675537109375,1.3549098361887133
1758790044.301945,herder,2,2.269532958984375,2.68677587890625,0.585192498447706
1758790044.301945,target,1,2.50817578125,2.91855078125,-3.0523666370599964
1758790044.301945,target,2,2.2008505859375,1.91958837890625,1.0651246200744662
1758790044.301945,target,3,1.6023260498046874,1.0392320556640624,1.7842906329519164
1758790044.301945,target,4,1.255510986328125,2.88813232421875,-0.7265947010011444
1758790044.301945,target,5,1.871734619140625,1.5236632080078125,-1.3848706647682136
1758790044.321905,herder,1,2.623623046875,2.66854736328125,1.3539280618528555
1758790044.321905,herder,2,2.272434326171875,2.68917626953125,0.5844509412421734
1758790044.321905,target,1,2.508064697265625,2.919039306640625,-3.0598597071030436
1758790044.321905,target,2,2.200868408203125,1.9195430908203126,1.065149387472604
1758790044.321905,target,3,1.6023251953125,1.03914501953125,1.7847747956380926
1758790044.321905,target,4,1.2557750244140624,2.887337890625,-0.7195168177720408
1758790044.321905,target,5,1.8729337158203125,1.523124755859375,-1.4065321512846456
1758790044.3419073,herder,1,2.6264921875,2.66943798828125,1.35268263456908
1758790044.3419073,herder,2,2.27509814453125,2.691281982421875,0.5838840874041501
1758790044.3419073,target,1,2.50789501953125,2.919444091796875,-3.069419390151992
1758790044.3419073,target,2,2.2008701171875,1.9195484619140626,1.0656854818000367
1758790044.3419073,target,3,1.602342529296875,1.03913818359375,1.7831233694461346
1758790044.3419073,target,4,1.2556671142578124,2.887285888671875,-0.7202483215444584
1758790044.3419073,target,5,1.874129150390625,1.5216845703125,-1.4183103806796846
1758790044.3618686,herder,1,2.62835009765625,2.67158935546875,1.3512008517385599
1758790044.3618686,herder,2,2.277590576171875,2.69363720703125,0.5833310154247678
1758790044.3618686,target,1,2.508119384765625,2.921051513671875,-3.0650768396785084
1758790044.3618686,target,2,2.2008720703125,1.919543701171875,1.0653626400968919
1758790044.3618686,target,3,1.6023515625,1.039136474609375,1.7832802296343402
1758790044.3618686,target,4,1.255817626953125,2.887392333984375,-0.7237100314873979
1758790044.3618686,target,5,1.8752191162109375,1.5193660888671876,-1.4268659188396187
1758790044.381972,herder,1,2.6303818359375,2.674535400390625,1.349224786209721
1758790044.381972,herder,2,2.279498046875,2.69494775390625,0.5818407770577868
1758790044.381972,target,1,2.511589111328125,2.9237109375,-3.0500867048507794
1758790044.381972,target,2,2.2008662109375,1.9195616455078126,1.0654459970390113
1758790044.381972,target,3,1.60233349609375,1.0391722412109374,1.7836920874969209
1758790044.381972,target,4,1.256142333984375,2.888026123046875,-0.7342421678083887
1758790044.381972,target,5,1.8752132568359374,1.5173231201171875,-1.4213615643405884
1758790044.4019156,herder,1,2.63234423828125,2.67625634765625,1.34707215310061
1758790044.4019156,herder,2,2.280453369140625,2.69679638671875,0.5818355838936611
1758790044.4019156,target,1,2.513768798828125,2.925095947265625,-3.046266400267061
1758790044.4019156,target,2,2.200861572265625,1.9195523681640625,1.0653043834480465
1758790044.4019156,target,3,1.602399658203125,1.0392196044921875,1.784664940243127
1758790044.4019156,target,4,1.2565911865234376,2.8885517578125,-0.7454187891131788
1758790044.4019156,target,5,1.875743896484375,1.5161239013671874,-1.4214270781034044
1758790044.4223406,herder,1,2.63471630859375,2.67676416015625,1.3466190162411331
1758790044.4223406,herder,2,2.282519287109375,2.699139892578125,0.5815114771889984
1758790044.4223406,target,1,2.51487255859375,2.926627197265625,-3.047401439523653
1758790044.4223406,target,2,2.20086767578125,1.9195390625,1.0654700986468766
1758790044.4223406,target,3,1.60245556640625,1.0391353759765625,1.783561858919616
1758790044.4223406,target,4,1.2559725341796875,2.88885498046875,-0.742686785308921
1758790044.4223406,target,5,1.8760638427734375,1.5157374267578125,-1.4450651627808933
1758790044.4419613,herder,1,2.6365888671875,2.67793310546875,1.3463337916883855
1758790044.4419613,herder,2,2.28555419921875,2.7007734375,0.5788497808375188
1758790044.4419613,target,1,2.518607421875,2.92870458984375,-3.0416487452529726
1758790044.4419613,target,2,2.20086083984375,1.9195433349609374,1.0648465194776346
1758790044.4419613,target,3,1.602384033203125,1.0391815185546875,1.783810465007375
1758790044.4419613,target,4,1.2556947021484375,2.888925048828125,-0.7406675099913956
1758790044.4419613,target,5,1.8774100341796875,1.5153673095703124,-1.466401610486281
1758790044.4618607,herder,1,2.638216552734375,2.680402099609375,1.344820716715057
1758790044.4618607,herder,2,2.2871240234375,2.702991943359375,0.5761386828478181
1758790044.4618607,target,1,2.52028173828125,2.93060107421875,-3.042712944424568
1758790044.4618607,target,2,2.2008642578125,1.919511962890625,1.0653348100635007
1758790044.4618607,target,3,1.60234423828125,1.0391588134765626,1.7847123445105304
1758790044.4618607,target,4,1.256156982421875,2.88933642578125,-0.7541913749019543
1758790044.4618607,target,5,1.877926025390625,1.515682373046875,-1.4592281197740435
1758790044.4819865,herder,1,2.640617919921875,2.681595703125,1.3439583851540893
1758790044.4819865,herder,2,2.2880888671875,2.70468798828125,0.5716611101070679
1758790044.4819865,target,1,2.522634765625,2.930753662109375,-3.0430679437978756
1758790044.4819865,target,2,2.200846923828125,1.919548583984375,1.065373492478334
1758790044.4819865,target,3,1.602359130859375,1.0392066650390626,1.7835998089651497
1758790044.4819865,target,4,1.2564981689453125,2.889910400390625,-0.7663162812918943
1758790044.4819865,target,5,1.878363037109375,1.5153060302734376,-1.4635415086335903
1758790044.5019617,herder,1,2.6422880859375,2.68160546875,1.342399636968066
1758790044.5019617,herder,2,2.2900576171875,2.706173583984375,0.5683543295605438
1758790044.5019617,target,1,2.52512353515625,2.932937255859375,-3.0440067080821285
1758790044.5019617,target,2,2.20086181640625,1.9195338134765625,1.0651259516550111
1758790044.5019617,target,3,1.602373046875,1.03917578125,1.7837027401412813
1758790044.5019617,target,4,1.256009765625,2.8905810546875,-0.7642567256628815
1758790044.5019617,target,5,1.8786712646484376,1.5152142333984375,-1.4893472732803492
1758790044.5219262,herder,1,2.644237060546875,2.6828017578125,1.3391483167512428
1758790044.5219262,herder,2,2.2925283203125,2.70782470703125,0.5636904021225152
1758790044.5219262,target,1,2.5286826171875,2.933893310546875,-3.0493735103108564
1758790044.5219262,target,2,2.200844970703125,1.9195562744140624,1.0655393408352187
1758790044.5219262,target,3,1.602338134765625,1.0391676025390626,1.783860665593923
1758790044.5219262,target,4,1.2556092529296874,2.890414794921875,-0.7554570422100144
1758790044.5219262,target,5,1.8804061279296875,1.5149359130859374,-1.5142013573115682
1758790044.5418885,herder,1,2.646041748046875,2.6832607421875,1.3366155173965228
1758790044.5418885,herder,2,2.29419140625,2.7100205078125,0.5584431425372185
1758790044.5418885,target,1,2.530745849609375,2.93381103515625,-3.055614628325457
1758790044.5418885,target,2,2.200861083984375,1.9195533447265625,1.0652862739526339
1758790044.5418885,target,3,1.6023568115234375,1.0391524658203124,1.7839904946970644
1758790044.5418885,target,4,1.2555655517578126,2.890567626953125,-0.7562298249793282
1758790044.5418885,target,5,1.882365478515625,1.5148917236328125,-1.5443727087752395
1758790044.5619423,herder,1,2.64755078125,2.683235107421875,1.3350668892226418
1758790044.5619423,herder,2,2.296065673828125,2.7120576171875,0.5532063358592003
1758790044.5619423,target,1,2.533207763671875,2.93512744140625,-3.0629665508307298
1758790044.5619423,target,2,2.200863037109375,1.919513916015625,1.065201518850942
1758790044.5619423,target,3,1.6023450927734375,1.0391678466796874,1.7856247434999915
1758790044.5619423,target,4,1.255413818359375,2.89009521484375,-0.7533655286479207
1758790044.5619423,target,5,1.8834954833984374,1.514027099609375,-1.556967330202442
1758790044.5819175,herder,1,2.648937744140625,2.683909912109375,1.3325980057340838
1758790044.5819175,herder,2,2.29790087890625,2.71430078125,0.5488338581129674
1758790044.5819175,target,1,2.536093505859375,2.936310546875,-3.0675043110121156
1758790044.5819175,target,2,2.200865478515625,1.9195489501953125,1.0656173048761308
1758790044.5819175,target,3,1.6023714599609375,1.03912548828125,1.7855626918465926
1758790044.5819175,target,4,1.2546728515625,2.8900791015625,-0.7437945937433666
1758790044.5819175,target,5,1.882678466796875,1.5144263916015626,-1.5491749208528702
1758790044.6019502,herder,1,2.650347900390625,2.684745849609375,1.3309842632715503
1758790044.6019502,herder,2,2.299072509765625,2.716326416015625,0.5435963856446766
1758790044.6019502,target,1,2.537513671875,2.93759912109375,-3.0710481794746842
1758790044.6019502,target,2,2.20086181640625,1.91954931640625,1.0654868765617442
1758790044.6019502,target,3,1.6023404541015625,1.039134033203125,1.7856344640379702
1758790044.6019502,target,4,1.254365234375,2.88983837890625,-0.7362319486168414
1758790044.6019502,target,5,1.8819239501953124,1.5144532470703125,-1.5295837757678659
1758790044.621883,herder,1,2.65159423828125,2.68492578125,1.3301160727561845
1758790044.621883,herder,2,2.300364501953125,2.71804052734375,0.5373283697030661
1758790044.621883,target,1,2.540081298828125,2.938316162109375,-3.074607227955466
1758790044.621883,target,2,2.200864013671875,1.9195308837890626,1.0651614382765364
1758790044.621883,target,3,1.6024322509765625,1.0391298828125,1.783922983563431
1758790044.621883,target,4,1.2545555419921874,2.8897109375,-0.7369420139424838
1758790044.621883,target,5,1.8807548828125,1.51447412109375,-1.514477393958555
1758790044.6419084,herder,1,2.653256591796875,2.684959228515625,1.32888515970035
1758790044.6419084,herder,2,2.302218994140625,2.71981298828125,0.5308141445186778
1758790044.6419084,target,1,2.54250341796875,2.939119140625,-3.080112514560878
1758790044.6419084,target,2,2.20086083984375,1.91956396484375,1.065315835040734
1758790044.6419084,target,3,1.6024678955078124,1.039208984375,1.7862234221130413
1758790044.6419084,target,4,1.2551485595703125,2.8900966796875,-0.7498267867704507
1758790044.6419084,target,5,1.880395263671875,1.5142183837890626,-1.5095677233309392
1758790044.6619513,herder,1,2.654987060546875,2.685276611328125,1.3267398502842365
1758790044.6619513,herder,2,2.3036875,2.72127587890625,0.5228229634832452
1758790044.6619513,target,1,2.544800537109375,2.939547119140625,-3.085451087282051
1758790044.6619513,target,2,2.200869140625,1.919571044921875,1.0657320871191132
1758790044.6619513,target,3,1.60240380859375,1.039182861328125,1.7844733258026957
1758790044.6619513,target,4,1.255700927734375,2.890600830078125,-0.7643270331156596
1758790044.6619513,target,5,1.879528076171875,1.5150001220703124,-1.4889155748676473
1758790044.6819806,herder,1,2.6560732421875,2.68491162109375,1.3255379656842838
1758790044.6819806,herder,2,2.304933837890625,2.722749267578125,0.5168115098231502
1758790044.6819806,target,1,2.54793701171875,2.93978173828125,-3.0892106717929155
1758790044.6819806,target,2,2.200844970703125,1.9195628662109374,1.0656204340904116
1758790044.6819806,target,3,1.6023544921875,1.0391761474609376,1.7842462913197665
1758790044.6819806,target,4,1.2554285888671874,2.891571044921875,-0.7668212166345734
1758790044.6819806,target,5,1.87929248046875,1.5143004150390624,-1.474381639534649
1758790044.701965,herder,1,2.657415283203125,2.684452392578125,1.3240950650056789
1758790044.701965,herder,2,2.30662890625,2.724495361328125,0.5115169125494773
1758790044.701965,target,1,2.5497587890625,2.940977294921875,-3.0947074362828393
1758790044.701965,target,2,2.200861572265625,1.91954345703125,1.0654175012153475
1758790044.701965,target,3,1.6022772216796874,1.03920361328125,1.7838224492322803
1758790044.701965,target,4,1.255432861328125,2.89126123046875,-0.7640937402041686
1758790044.701965,target,5,1.8787325439453124,1.512916748046875,-1.465864450894412
1758790044.721916,herder,1,2.6587578125,2.6849990234375,1.3228629535273537
1758790044.721916,herder,2,2.308244140625,2.72656884765625,0.5066368362994752
1758790044.721916,target,1,2.552122314453125,2.941378662109375,-3.101615942466614
1758790044.721916,target,2,2.200865234375,1.9195489501953125,1.0651030484696364
1758790044.721916,target,3,1.6022677001953125,1.03919140625,1.7824826128878615
1758790044.721916,target,4,1.2561595458984376,2.89109912109375,-0.7733559481593553
1758790044.721916,target,5,1.8781158447265625,1.5117286376953125,-1.4464045996511485
1758790044.7418866,herder,1,2.660095458984375,2.68651953125,1.320198860330893
1758790044.7418866,herder,2,2.30949267578125,2.72821240234375,0.5023504119459654
1758790044.7418866,target,1,2.5544013671875,2.942426025390625,-3.1039643179158456
1758790044.7418866,target,2,2.2008662109375,1.91954052734375,1.0651030484696364
1758790044.7418866,target,3,1.602341796875,1.039137939453125,1.7816230776460384
1758790044.7418866,target,4,1.2560211181640626,2.890857666015625,-0.7725610611529938
1758790044.7418866,target,5,1.8780789794921875,1.51074951171875,-1.4541177799582905
1758790044.7619817,herder,1,2.661315673828125,2.688580078125,1.3166306239443504
1758790044.7619817,herder,2,2.31043408203125,2.729795654296875,0.49814384913564436
1758790044.7619817,target,1,2.55548193359375,2.944033203125,-3.110202506453247
1758790044.7619817,target,2,2.200863037109375,1.919563720703125,1.0653892717077929
1758790044.7619817,target,3,1.602334716796875,1.0391717529296876,1.7841360364506371
1758790044.7619817,target,4,1.2557919921875,2.891131591796875,-0.7630689558167062
1758790044.7619817,target,5,1.87814208984375,1.5101337890625,-1.458079098921729
1758790044.7819223,herder,1,2.662455078125,2.688682373046875,1.315699449669204
1758790044.7819223,herder,2,2.311551025390625,2.731512939453125,0.4939326257934157
1758790044.7819223,target,1,2.557924072265625,2.944724609375,-3.113820943426338
1758790044.7819223,target,2,2.200858642578125,1.9195625,1.0654164359509115
1758790044.7819223,target,3,1.6024151611328126,1.0392144775390626,1.7863149016964854
1758790044.7819223,target,4,1.2554788818359375,2.89062841796875,-0.7570888941679605
1758790044.7819223,target,5,1.8780286865234375,1.5108111572265626,-1.444659030714656
1758790044.8018725,herder,1,2.6643037109375,2.688186279296875,1.3142951648264054
1758790044.8018725,herder,2,2.3138359375,2.73296044921875,0.48818918600752353
1758790044.8018725,target,1,2.5601318359375,2.945465087890625,-3.117391976132025
1758790044.8018725,target,2,2.200848388671875,1.9195462646484376,1.065380083802032
1758790044.8018725,target,3,1.6023878173828126,1.0392215576171875,1.7846119433374343
1758790044.8018725,target,4,1.2555797119140626,2.890834228515625,-0.7619369126163408
1758790044.8018725,target,5,1.8772354736328125,1.510434326171875,-1.4297189633154206
1758790044.8219373,herder,1,2.66578515625,2.688379638671875,1.311314954408552
1758790044.8219373,herder,2,2.31599267578125,2.734869384765625,0.48339120169812316
1758790044.8219373,target,1,2.56300537109375,2.9458349609375,-3.122170219759845
1758790044.8219373,target,2,2.20084619140625,1.919578369140625,1.0652029170105144
1758790044.8219373,target,3,1.602362548828125,1.039189697265625,1.7836810353783972
1758790044.8219373,target,4,1.2555919189453124,2.891058837890625,-0.7658895763062363
1758790044.8219373,target,5,1.8770023193359375,1.5103712158203124,-1.4356598099171147
1758790044.8419125,herder,1,2.66715576171875,2.6885380859375,1.3088115829838776
1758790044.8419125,herder,2,2.317116943359375,2.73642529296875,0.4780477354184473
1758790044.8419125,target,1,2.56521875,2.946353759765625,-3.12743848502824
1758790044.8419125,target,2,2.20084716796875,1.9195823974609374,1.0657218339489163
1758790044.8419125,target,3,1.60243310546875,1.0391328125,1.7836003415973678
1758790044.8419125,target,4,1.2556573486328124,2.891441650390625,-0.7695550180725669
1758790044.8419125,target,5,1.8773485107421874,1.5107044677734376,-1.4339929373908342
1758790044.8619545,herder,1,2.668588134765625,2.6892431640625,1.3062477578024583
1758790044.8619545,herder,2,2.3180908203125,2.7382314453125,0.4733202582989068
1758790044.8619545,target,1,2.56749755859375,2.947635009765625,-3.131670514316485
1758790044.8619545,target,2,2.200856689453125,1.9195626220703126,1.0650379341809841
1758790044.8619545,target,3,1.60238037109375,1.0392054443359375,1.7849140789631037
1758790044.8619545,target,4,1.25569287109375,2.891648681640625,-0.7726099967380241
1758790044.8619545,target,5,1.8778040771484374,1.5106099853515624,-1.4408302040154493
1758790044.8819437,herder,1,2.669744384765625,2.690454833984375,1.3055418869555329
1758790044.8819437,herder,2,2.319563232421875,2.73998779296875,0.4683059587299647
1758790044.8819437,target,1,2.56935595703125,2.948710205078125,-3.136813344697537
1758790044.8819437,target,2,2.2008623046875,1.9195228271484375,1.0653342108522554
1758790044.8819437,target,3,1.6024259033203125,1.039110595703125,1.7834642540656647
1758790044.8819437,target,4,1.25616552734375,2.891966796875,-0.7825616970994321
1758790044.8819437,target,5,1.8777587890625,1.510201904296875,-1.4375814138016616
1758790044.9019446,herder,1,2.671232177734375,2.69103955078125,1.3055521401257297
1758790044.9019446,herder,2,2.320884521484375,2.74171337890625,0.4642132460562446
1758790044.9019446,target,1,2.57153955078125,2.949510498046875,-3.137361689565984
1758790044.9019446,target,2,2.200835693359375,1.91958349609375,1.0655782895661612
1758790044.9019446,target,3,1.6023720703125,1.0391812744140625,1.7831005994188143
1758790044.9019446,target,4,1.256715087890625,2.89236572265625,-0.7943709523211705
1758790044.9019446,target,5,1.8775516357421875,1.5100504150390626,-1.4313235178721933
1758790044.9219515,herder,1,2.67273876953125,2.6920107421875,1.3039771466570569
1758790044.9219515,herder,2,2.3224912109375,2.743785400390625,0.460530360584774
1758790044.9219515,target,1,2.5727783203125,2.951353515625,-3.140886649584813
1758790044.9219515,target,2,2.20085107421875,1.9195645751953125,1.065528821348913
1758790044.9219515,target,3,1.6023670654296875,1.039179443359375,1.7841028800950658
1758790044.9219515,target,4,1.256509521484375,2.892602294921875,-0.7916211719166365
1758790044.9219515,target,5,1.87739404296875,1.5098050537109375,-1.434738489338002
1758790044.94191,herder,1,2.673774169921875,2.692789794921875,1.3015091952748803
1758790044.94191,herder,2,2.3243759765625,2.7457763671875,0.4555500163197304
1758790044.94191,target,1,2.57534326171875,2.952141845703125,3.139770518771961
1758790044.94191,target,2,2.20084130859375,1.9195645751953125,1.0651619043297271
1758790044.94191,target,3,1.602408203125,1.03913916015625,1.7830766309690036
1758790044.94191,target,4,1.2563427734375,2.89208642578125,-0.7828713561551811
1758790044.94191,target,5,1.877698974609375,1.5099859619140625,-1.4361602178859407
1758790044.9619343,herder,1,2.675170654296875,2.692559326171875,1.299545646603165
1758790044.9619343,herder,2,2.32608984375,2.747598876953125,0.4504977334157411
1758790044.9619343,target,1,2.577347412109375,2.95247119140625,3.137888462829602
1758790044.9619343,target,2,2.200853271484375,1.9195570068359376,1.0649879999105452
1758790044.9619343,target,3,1.6023316650390624,1.03913623046875,1.7826269562189438
1758790044.9619343,target,4,1.25607861328125,2.891568115234375,-0.7754009229813998
1758790044.9619343,target,5,1.8786429443359376,1.509828125,-1.4551161990509611
1758790044.98195,herder,1,2.6764462890625,2.692186767578125,1.2979292409795413
1758790044.98195,herder,2,2.32696533203125,2.749006591796875,0.44504271397590456
1758790044.98195,target,1,2.579725830078125,2.953197021484375,3.1342551121544067
1758790044.98195,target,2,2.200845458984375,1.91957080078125,1.065287072900961
1758790044.98195,target,3,1.6023175048828124,1.0390938720703125,1.782196855702896
1758790044.98195,target,4,1.2559041748046875,2.891180908203125,-0.7670507145415109
1758790044.98195,target,5,1.8800059814453125,1.50996435546875,-1.4840088337172308
1758790045.0020022,herder,1,2.677272705078125,2.6929384765625,1.295062348066071
1758790045.0020022,herder,2,2.327971435546875,2.750628173828125,0.4401997222440818
1758790045.0020022,target,1,2.581586669921875,2.954009033203125,3.1297463804289025
1758790045.0020022,target,2,2.200872802734375,1.919533935546875,1.0654007898795073
1758790045.0020022,target,3,1.6023458251953124,1.0391771240234375,1.783794885514998
1758790045.0020022,target,4,1.2556009521484375,2.891049560546875,-0.7620200698213785
1758790045.0020022,target,5,1.88179345703125,1.5098492431640624,-1.5072802011126158
1758790045.022028,herder,1,2.678527587890625,2.693726318359375,1.2938395576515611
1758790045.022028,herder,2,2.329866943359375,2.7522998046875,0.43623504103976724
1758790045.022028,target,1,2.584158935546875,2.954521728515625,3.1247047501692737
1758790045.022028,target,2,2.200830078125,1.9195772705078125,1.0652224912445265
1758790045.022028,target,3,1.6023760986328126,1.0391580810546874,1.7840859690221438
1758790045.022028,target,4,1.2559173583984375,2.891159423828125,-0.7673473241079185
1758790045.022028,target,5,1.88309716796875,1.5087176513671876,-1.5256827774031179
1758790045.0419567,herder,1,2.67977978515625,2.693882568359375,1.2940775110949598
1758790045.0419567,herder,2,2.331375,2.75403125,0.43407937858491624
1758790045.0419567,target,1,2.586347412109375,2.95535693359375,3.119243405721848
1758790045.0419567,target,2,2.200853759765625,1.919546142578125,1.065345995340079
1758790045.0419567,target,3,1.60229296875,1.0391939697265624,1.7847058197658596
1758790045.0419567,target,4,1.2557921142578126,2.891163330078125,-0.7697831843989594
1758790045.0419567,target,5,1.8827886962890625,1.50724609375,-1.5219636729408221
1758790045.061852,herder,1,2.68114111328125,2.694910888671875,1.2946909702520595
1758790045.061852,herder,2,2.33200634765625,2.7554453125,0.4309481003542283
1758790045.061852,target,1,2.588369873046875,2.95707568359375,3.1156510677274403
1758790045.061852,target,2,2.200841064453125,1.9195775146484375,1.0651909993646362
1758790045.061852,target,3,1.6023416748046875,1.039151123046875,1.7851063591938074
1758790045.061852,target,4,1.25563525390625,2.891215087890625,-0.7643113204652281
1758790045.061852,target,5,1.882353759765625,1.506638671875,-1.5068457063807694
1758790045.0818586,herder,1,2.682446533203125,2.697060302734375,1.2929672392365057
1758790045.0818586,herder,2,2.3328642578125,2.757111572265625,0.4277065339648975
1758790045.0818586,target,1,2.589428955078125,2.958404541015625,3.1108627040874777
1758790045.0818586,target,2,2.200839599609375,1.9195819091796875,1.0653208284677778
1758790045.0818586,target,3,1.6024390869140626,1.0391707763671876,1.7853632210809458
1758790045.0818586,target,4,1.2556717529296875,2.891023193359375,-0.7593830742890093
1758790045.0818586,target,5,1.8803548583984375,1.5060526123046876,-1.478217923084908
1758790045.1019392,herder,1,2.683564208984375,2.698256103515625,1.2915637533420339
1758790045.1019392,herder,2,2.334680908203125,2.758909423828125,0.4247172687993381
1758790045.1019392,target,1,2.591139892578125,2.9589619140625,3.1078807626149163
1758790045.1019392,target,2,2.200860595703125,1.9195616455078126,1.0653446637595338
1758790045.1019392,target,3,1.6023453369140626,1.0391173095703126,1.7807955003372964
1758790045.1019392,target,4,1.255910888671875,2.89118505859375,-0.7706355956848666
1758790045.1019392,target,5,1.879171875,1.5057423095703124,-1.4619863557150385
1758790045.1219628,herder,1,2.684958251953125,2.697252685546875,1.29017025430165
1758790045.1219628,herder,2,2.336366943359375,2.760437744140625,0.42204528598814794
1758790045.1219628,target,1,2.59270166015625,2.960790771484375,3.1077649151074977
1758790045.1219628,target,2,2.2008603515625,1.91953564453125,1.0650409302372104
1758790045.1219628,target,3,1.602468017578125,1.0390814208984376,1.7830678425374065
1758790045.1219628,target,4,1.2567132568359376,2.89193017578125,-0.7918286321655537
1758790045.1219628,target,5,1.8792757568359375,1.5050626220703125,-1.4654434051260705
1758790045.1419656,herder,1,2.686794677734375,2.69731396484375,1.2860948188855017
1758790045.1419656,herder,2,2.3379541015625,2.76168310546875,0.4180319688044258
1758790045.1419656,target,1,2.595501220703125,2.96160888671875,3.1073550546157347
1758790045.1419656,target,2,2.200874755859375,1.9195238037109374,1.0655149063322171
1758790045.1419656,target,3,1.6022880859375,1.039190185546875,1.7814997732875677
1758790045.1419656,target,4,1.2569964599609376,2.892808837890625,-0.7979287358004347
1758790045.1419656,target,5,1.8800545654296874,1.5051744384765624,-1.4827104095277628
1758790045.161856,herder,1,2.6878408203125,2.698512451171875,1.2821445520405872
1758790045.161856,herder,2,2.339247314453125,2.763712890625,0.4158184824644064
1758790045.161856,target,1,2.59761279296875,2.961240966796875,3.1011331113609826
1758790045.161856,target,2,2.200872314453125,1.9195003662109376,1.065558981648258
1758790045.161856,target,3,1.60243701171875,1.0391768798828125,1.7828989981242953
1758790045.161856,target,4,1.25651220703125,2.892631103515625,-0.7917807618449595
1758790045.161856,target,5,1.8807047119140625,1.50516259765625,-1.4838610282767315
1758790045.1819615,herder,1,2.68957080078125,2.699826416015625,1.2797489054820064
1758790045.1819615,herder,2,2.341553466796875,2.7653291015625,0.4120083644718573
1758790045.1819615,target,1,2.59984033203125,2.9625439453125,3.0962781686937677
1758790045.1819615,target,2,2.200835693359375,1.9195826416015624,1.0652957947535309
1758790045.1819615,target,3,1.602403076171875,1.03919140625,1.7843059461281843
1758790045.1819615,target,4,1.25726220703125,2.892220947265625,-0.7998093935832213
1758790045.1819615,target,5,1.88048828125,1.50522607421875,-1.480753651916827
1758790045.201945,herder,1,2.69099658203125,2.700171142578125,1.2799317314908403
1758790045.201945,herder,2,2.3432158203125,2.767000244140625,0.4109178665844971
1758790045.201945,target,1,2.6018583984375,2.96372314453125,3.094132459803491
1758790045.201945,target,2,2.200844482421875,1.9195670166015626,1.0651611053814003
1758790045.201945,target,3,1.602388427734375,1.0391904296875,1.7845823822493345
1758790045.201945,target,4,1.2581783447265624,2.891718017578125,-0.8075355568006775
1758790045.201945,target,5,1.8810513916015625,1.5051007080078125,-1.5017544081668104
1758790045.2220206,herder,1,2.692764892578125,2.700985107421875,1.2803349340798784
1758790045.2220206,herder,2,2.344647705078125,2.768271240234375,0.409675069172298
1758790045.2220206,target,1,2.60459619140625,2.965035400390625,3.0923542671436453
1758790045.2220206,target,2,2.2008681640625,1.919533447265625,1.0650409302372104
1758790045.2220206,target,3,1.602478271484375,1.039162841796875,1.7842558786996907
1758790045.2220206,target,4,1.2589747314453126,2.89155517578125,-0.8112688425957778
1758790045.2220206,target,5,1.88241357421875,1.5056505126953126,-1.5291076025649597
1758790045.242006,herder,1,2.69460791015625,2.702839111328125,1.279984462080424
1758790045.242006,herder,2,2.34627490234375,2.77002685546875,0.40892345853365036
1758790045.242006,target,1,2.605958740234375,2.966776123046875,3.0876628425673616
1758790045.242006,target,2,2.200864501953125,1.9195198974609375,1.0650668960578387
1758790045.242006,target,3,1.6023680419921875,1.039180419921875,1.782868771245923
1758790045.242006,target,4,1.258942138671875,2.89143359375,-0.8103303446276339
1758790045.242006,target,5,1.8843851318359375,1.5059534912109376,-1.5655327220584094
1758790045.2619507,herder,1,2.69627734375,2.70513330078125,1.2783637953990563
1758790045.2619507,herder,2,2.348219482421875,2.771613037109375,0.4048897681675891
1758790045.2619507,target,1,2.60752783203125,2.968037841796875,3.0863919820951757
1758790045.2619507,target,2,2.200875244140625,1.919506591796875,1.065016828629345
1758790045.2619507,target,3,1.6024345703125,1.0391478271484376,1.7830097856256426
1758790045.2619507,target,4,1.2587264404296874,2.891478759765625,-0.8105096419480234
1758790045.2619507,target,5,1.8870462646484376,1.506208251953125,-1.6112101958110125
1758790045.2819529,herder,1,2.697486328125,2.704999755859375,1.2791607463552623
1758790045.2819529,herder,2,2.349629150390625,2.773306640625,0.4009793155809713
1758790045.2819529,target,1,2.610330322265625,2.9693583984375,3.084795683337782
1758790045.2819529,target,2,2.200865234375,1.9195450439453126,1.0656249614642648
1758790045.2819529,target,3,1.602348876953125,1.039181396484375,1.7842734555628852
1758790045.2819529,target,4,1.258882568359375,2.89151953125,-0.811191477766111
1758790045.2819529,target,5,1.8896201171875,1.5059317626953126,-1.6552214628276076
1758790045.3019109,herder,1,2.699863037109375,2.704247314453125,1.276593991696644
1758790045.3019109,herder,2,2.351552734375,2.774499267578125,0.3968312424460911
1758790045.3019109,target,1,2.61192333984375,2.970229248046875,3.0828110956934553
1758790045.3019109,target,2,2.200872314453125,1.9195360107421875,1.0651607059072368
1758790045.3019109,target,3,1.6023399658203126,1.03917529296875,1.7857978489708466
1758790045.3019109,target,4,1.2589937744140625,2.8916484375,-0.8133605558949533
1758790045.3019109,target,5,1.891826904296875,1.50553466796875,-1.6963710300948578
1758790045.3219297,herder,1,2.7012490234375,2.705113037109375,1.2722877933720405
1758790045.3219297,herder,2,2.353310302734375,2.775875244140625,0.39372103647752843
1758790045.3219297,target,1,2.61505078125,2.9700888671875,3.0805711109005895
1758790045.3219297,target,2,2.200870849609375,1.919542724609375,1.0653817482777133
1758790045.3219297,target,3,1.60239990234375,1.0391068115234374,1.783354931302917
1758790045.3219297,target,4,1.2585089111328125,2.89140185546875,-0.8063923283237336
1758790045.3219297,target,5,1.8928138427734376,1.5057132568359375,-1.7078111711895112
1758790045.3418288,herder,1,2.7019599609375,2.705572021484375,1.2681376562873155
1758790045.3418288,herder,2,2.35417041015625,2.777533203125,0.3904295691072722
1758790045.3418288,target,1,2.61755517578125,2.9701689453125,3.077461870327922
1758790045.3418288,target,2,2.200860107421875,1.9195325927734375,1.065440604137804
1758790045.3418288,target,3,1.60233837890625,1.0391563720703125,1.7855045017767743
1758790045.3418288,target,4,1.2578907470703125,2.891520263671875,-0.7933602161084582
1758790045.3418288,target,5,1.8935079345703125,1.505592041015625,-1.7081242257756502
1758790045.36184,herder,1,2.703735595703125,2.70537109375,1.265203119082157
1758790045.36184,herder,2,2.35577001953125,2.779564453125,0.38728517480821567
1758790045.36184,target,1,2.61954443359375,2.971343017578125,3.0763300268646385
1758790045.36184,target,2,2.200823974609375,1.9195760498046874,1.0649062408650796
1758790045.36184,target,3,1.6023431396484376,1.0391148681640625,1.7828782254677928
1758790045.36184,target,4,1.258454345703125,2.891179443359375,-0.7954406775520281
1758790045.36184,target,5,1.8930931396484374,1.50599462890625,-1.710372999000113
1758790045.381964,herder,1,2.704791015625,2.706015869140625,1.2649664972193035
1758790045.381964,herder,2,2.35815869140625,2.7813623046875,0.3835114755435734
1758790045.381964,target,1,2.621282470703125,2.972543212890625,3.0729534049185268
1758790045.381964,target,2,2.20087451171875,1.919543212890625,1.0653228258385952
1758790045.381964,target,3,1.6024097900390626,1.0392239990234375,1.7848235314860412
1758790045.381964,target,4,1.2588043212890625,2.890626708984375,-0.7972076183562684
1758790045.381964,target,5,1.8921912841796875,1.5063321533203125,-1.6966289572464321
1758790045.4018438,herder,1,2.706191650390625,2.707197265625,1.2654338819906126
1758790045.4018438,herder,2,2.3594921875,2.782657470703125,0.38119931908516663
1758790045.4018438,target,1,2.62290380859375,2.9736044921875,3.0689999422803043
1758790045.4018438,target,2,2.2008623046875,1.9195406494140625,1.0650943266170665
1758790045.4018438,target,3,1.602402099609375,1.0391956787109375,1.7844470936659584
1758790045.4018438,target,4,1.2582181396484375,2.890535888671875,-0.7885175905612853
1758790045.4018438,target,5,1.89267578125,1.5062239990234374,-1.685788693187319
1758790045.4219072,herder,1,2.708221435546875,2.7090478515625,1.2666982177181276
1758790045.4219072,herder,2,2.359943115234375,2.783866943359375,0.3801804935206432
1758790045.4219072,target,1,2.624943359375,2.975186767578125,3.0652850988757527
1758790045.4219072,target,2,2.200858154296875,1.919566650390625,1.0654912041985156
1758790045.4219072,target,3,1.602443603515625,1.0391796875,1.7844114073073514
1758790045.4219072,target,4,1.257794921875,2.89066796875,-0.7861198134738325
1758790045.4219072,target,5,1.8921317138671876,1.5060777587890626,-1.6934687171388896
1758790045.4419136,herder,1,2.710100341796875,2.7115537109375,1.268273876977073
1758790045.4419136,herder,2,2.361025146484375,2.785487548828125,0.381005074773159
1758790045.4419136,target,1,2.626505859375,2.97690283203125,3.0609018020375913
1758790045.4419136,target,2,2.20086328125,1.919561279296875,1.0655283552957222
1758790045.4419136,target,3,1.6023795166015624,1.03918701171875,1.7848167404252615
1758790045.4419136,target,4,1.258186767578125,2.890776611328125,-0.7916533295867991
1758790045.4419136,target,5,1.8928416748046875,1.5053248291015624,-1.7101319829214607
1758790045.461875,herder,1,2.71219970703125,2.71310205078125,1.2689424635687374
1758790045.461875,herder,2,2.363357666015625,2.786711181640625,0.3794738237253906
1758790045.461875,target,1,2.62833349609375,2.978842041015625,3.0605012626096433
1758790045.461875,target,2,2.20087890625,1.9195404052734375,1.0656499951785114
1758790045.461875,target,3,1.6023564453125,1.03917724609375,1.7835376241536964
1758790045.461875,target,4,1.2581497802734376,2.89076611328125,-0.7891736602958264
1758790045.461875,target,5,1.8935169677734376,1.505181396484375,-1.7101313171311883
1758790045.4819512,herder,1,2.714227783203125,2.71342919921875,1.2686852022074357
1758790045.4819512,herder,2,2.36584228515625,2.7882841796875,0.37742355587067955
1758790045.4819512,target,1,2.630243408203125,2.97998828125,3.0571962796968553
1758790045.4819512,target,2,2.200858154296875,1.9195576171875,1.0651632359102723
1758790045.4819512,target,3,1.6023560791015625,1.0391927490234374,1.7824222922891713
1758790045.4819512,target,4,1.257243408203125,2.890763916015625,-0.7742829945348119
1758790045.4819512,target,5,1.8936617431640625,1.5053455810546874,-1.7027030950606847
1758790045.5019255,herder,1,2.716285400390625,2.712978515625,1.2680499051293974
1758790045.5019255,herder,2,2.36873486328125,2.789476318359375,0.3742653464234682
1758790045.5019255,target,1,2.63290234375,2.981086181640625,3.0574434210460146
1758790045.5019255,target,2,2.20086767578125,1.9195408935546876,1.0653464613932697
1758790045.5019255,target,3,1.602311279296875,1.0391895751953124,1.7826028546110786
1758790045.5019255,target,4,1.25721826171875,2.8904970703125,-0.776490089288215
1758790045.5019255,target,5,1.8935018310546874,1.505246337890625,-1.7086339548082912
1758790045.5219676,herder,1,2.7186015625,2.713768798828125,1.2656844854491889
1758790045.5219676,herder,2,2.371068603515625,2.79087060546875,0.3695467908935794
1758790045.5219676,target,1,2.63652587890625,2.981134765625,3.057253271344183
1758790045.5219676,target,2,2.20086474609375,1.919541015625,1.0652995231790572
1758790045.5219676,target,3,1.602317626953125,1.0392156982421874,1.783708199621516
1758790045.5219676,target,4,1.2573232421875,2.89059619140625,-0.7795161726558448
1758790045.5219676,target,5,1.893969970703125,1.5050833740234375,-1.7153087686064112
1758790045.5419118,herder,1,2.720508056640625,2.7148447265625,1.2625170548067033
1758790045.5419118,herder,2,2.372134033203125,2.792447021484375,0.36412246438530604
1758790045.5419118,target,1,2.639262939453125,2.980552978515625,3.050747701433337
1758790045.5419118,target,2,2.20085791015625,1.9195582275390626,1.065365036941873
1758790045.5419118,target,3,1.602309326171875,1.039207275390625,1.783438155086982
1758790045.5419118,target,4,1.25765234375,2.890504150390625,-0.7796302891085547
1758790045.5419118,target,5,1.894818603515625,1.50461474609375,-1.7332824428033562
1758790045.561948,herder,1,2.721965087890625,2.714537353515625,1.260562560882694
1758790045.561948,herder,2,2.37338818359375,2.793810546875,0.3604102175628173
1758790045.561948,target,1,2.641841552734375,2.98104443359375,3.0448487996188116
1758790045.561948,target,2,2.20086376953125,1.9195322265625,1.0652056467506317
1758790045.561948,target,3,1.602336669921875,1.03912548828125,1.7830758320206765
1758790045.561948,target,4,1.258192626953125,2.890226806640625,-0.7841077952702776
1758790045.561948,target,5,1.8962918701171876,1.5036663818359375,-1.7567615367637672
1758790045.5819442,herder,1,2.723471923828125,2.714132568359375,1.2591219238910156
1758790045.5819442,herder,2,2.375848388671875,2.794916259765625,0.35780607878039694
1758790045.5819442,target,1,2.64389501953125,2.982593505859375,3.036430547413071
1758790045.5819442,target,2,2.20085107421875,1.9195496826171874,1.0651045797872634
1758790045.5819442,target,3,1.6023582763671875,1.039234130859375,1.7846901071154282
1758790045.5819442,target,4,1.2581866455078126,2.891018310546875,-0.7934053566889351
1758790045.5819442,target,5,1.897698486328125,1.502956298828125,-1.7767103443831693
1758790045.6018705,herder,1,2.72500146484375,2.714775390625,1.25689405648111
1758790045.6018705,herder,2,2.378558349609375,2.796851318359375,0.3560773876273129
1758790045.6018705,target,1,2.64657373046875,2.98300634765625,3.028483674720275
1758790045.6018705,target,2,2.20085498046875,1.9195384521484375,1.0650071746703935
1758790045.6018705,target,3,1.602161376953125,1.0392860107421875,1.7817351967279307
1758790045.6018705,target,4,1.258368408203125,2.89176513671875,-0.8047863090283615
1758790045.6018705,target,5,1.897846435546875,1.50236572265625,-1.7765360404898236
1758790045.6220317,herder,1,2.7268349609375,2.715312744140625,1.2543338265671622
1758790045.6220317,herder,2,2.38060546875,2.7985625,0.35183547135352106
1758790045.6220317,target,1,2.649508544921875,2.983098388671875,3.018472852182667
1758790045.6220317,target,2,2.200844482421875,1.9195614013671876,1.0652782844693638
1758790045.6220317,target,3,1.6023299560546875,1.03916015625,1.7823069774139708
1758790045.6220317,target,4,1.258839599609375,2.892336181640625,-0.8166283211315077
1758790045.6220317,target,5,1.8980775146484374,1.5017677001953125,-1.7809101494222241
1758790045.6418731,herder,1,2.72871337890625,2.715342041015625,1.2526495103357416
1758790045.6418731,herder,2,2.38178662109375,2.799825927734375,0.3453212794586464
1758790045.6418731,target,1,2.651016357421875,2.984339111328125,3.013932961472409
1758790045.6418731,target,2,2.200845703125,1.9195689697265625,1.0654122414721947
1758790045.6418731,target,3,1.6022122802734375,1.039243408203125,1.7808731314830721
1758790045.6418731,target,4,1.2595882568359376,2.893172119140625,-0.8298268143358859
1758790045.6418731,target,5,1.8988529052734375,1.5012513427734375,-1.807351077988967
1758790045.6619298,herder,1,2.730143310546875,2.715443359375,1.2517178034283774
1758790045.6619298,herder,2,2.3831689453125,2.80097021484375,0.3392433799293539
1758790045.6619298,target,1,2.65374755859375,2.984400146484375,3.0104980162984245
1758790045.6619298,target,2,2.20085498046875,1.9195694580078124,1.0654594460025164
1758790045.6619298,target,3,1.6023621826171874,1.039239013671875,1.782651057826809
1758790045.6619298,target,4,1.2599058837890624,2.8941845703125,-0.846718313023877
1758790045.6619298,target,5,1.8998616943359374,1.500373291015625,-1.8342300965550276
1758790045.6819355,herder,1,2.731565185546875,2.7157255859375,1.2500270956103405
1758790045.6819355,herder,2,2.385084228515625,2.8022412109375,0.334515403467109
1758790045.6819355,target,1,2.6564072265625,2.984939453125,3.0085536423865578
1758790045.6819355,target,2,2.200862548828125,1.919562255859375,1.0660035298132196
1758790045.6819355,target,3,1.602382080078125,1.039151123046875,1.7801528795662602
1758790045.6819355,target,4,1.26037890625,2.89476123046875,-0.8574538482731227
1758790045.6819355,target,5,1.901741943359375,1.4994051513671875,-1.8659801699128977
1758790045.7020042,herder,1,2.7328388671875,2.715248291015625,1.249656783060765
1758790045.7020042,herder,2,2.386722900390625,2.8034638671875,0.3307019565231973
1758790045.7020042,target,1,2.65833251953125,2.984794189453125,3.0028049428575128
1758790045.7020042,target,2,2.20087255859375,1.9195421142578124,1.065694203652607
1758790045.7020042,target,3,1.6022835693359374,1.03923046875,1.7811694081543434
1758790045.7020042,target,4,1.2607542724609375,2.89451806640625,-0.8604258028915966
1758790045.7020042,target,5,1.903286865234375,1.4985010986328124,-1.8927807583848557
1758790045.7220395,herder,1,2.7344443359375,2.715501708984375,1.2488185531076625
1758790045.7220395,herder,2,2.388404052734375,2.8046328125,0.3274347239188608
1758790045.7220395,target,1,2.661052490234375,2.9857509765625,3.00113061348018
1758790045.7220395,target,2,2.20084716796875,1.9195738525390624,1.0651824106701209
1758790045.7220395,target,3,1.6022666015625,1.0391741943359376,1.7815045669775298
1758790045.7220395,target,4,1.26088232421875,2.894116943359375,-0.8594343745967874
1758790045.7220395,target,5,1.9038062744140625,1.49860546875,-1.8945164736253148
1758790045.7419229,herder,1,2.7359638671875,2.71681640625,1.246864724973926
1758790045.7419229,herder,2,2.3902783203125,2.806418212890625,0.32473104949069875
1758790045.7419229,target,1,2.663005615234375,2.9866650390625,2.994948085009561
1758790045.7419229,target,2,2.20085595703125,1.919554931640625,1.0652410667931298
1758790045.7419229,target,3,1.6024639892578125,1.03915673828125,1.7849520290086374
1758790045.7419229,target,4,1.260795654296875,2.893835205078125,-0.8558138070948247
1758790045.7419229,target,5,1.9038087158203125,1.498477783203125,-1.899479141158623
1758790045.761862,herder,1,2.73738671875,2.7177099609375,1.2447716135151783
1758790045.761862,herder,2,2.39180224609375,2.807755615234375,0.32013173699861824
1758790045.761862,target,1,2.66492724609375,2.987200927734375,2.9900507980810143
1758790045.761862,target,2,2.200857177734375,1.9195546875,1.0653641048354916
1758790045.761862,target,3,1.602336669921875,1.039205810546875,1.7853616231842917
1758790045.761862,target,4,1.260612548828125,2.893643310546875,-0.8531434554698022
1758790045.761862,target,5,1.903677978515625,1.4981116943359376,-1.909154405398881
1758790045.7819707,herder,1,2.738787109375,2.717343505859375,1.2441747991148915
1758790045.7819707,herder,2,2.392657470703125,2.809091552734375,0.31499067096178845
1758790045.7819707,target,1,2.667218017578125,2.987611083984375,2.98607895963127
1758790045.7819707,target,2,2.200867431640625,1.9195675048828125,1.0652459936411465
1758790045.7819707,target,3,1.6024114990234375,1.0391490478515626,1.7841212559065873
1758790045.7819707,target,4,1.2598021240234376,2.89337255859375,-0.8391880918836235
1758790045.7819707,target,5,1.9035595703125,1.4973448486328125,-1.910030851713626
1758790045.801999,herder,1,2.7402412109375,2.717432861328125,1.2433550781313651
1758790045.801999,herder,2,2.394246826171875,2.810491455078125,0.31011046155373184
1758790045.801999,target,1,2.6695791015625,2.98871923828125,2.984362552308714
1758790045.801999,target,2,2.200857421875,1.919549560546875,1.0652061793828498
1758790045.801999,target,3,1.6024591064453124,1.039157470703125,1.7848640115346104
1758790045.801999,target,4,1.25968310546875,2.8931015625,-0.8216399908288734
1758790045.801999,target,5,1.9024852294921875,1.49719189453125,-1.8927008635521534
1758790045.8219697,herder,1,2.741534423828125,2.718146484375,1.2422623831361055
1758790045.8219697,herder,2,2.3960556640625,2.8119384765625,0.306939568801829
1758790045.8219697,target,1,2.6711357421875,2.98873828125,2.977337932301412
1758790045.8219697,target,2,2.200861328125,1.919551025390625,1.0651384685121346
1758790045.8219697,target,3,1.60235302734375,1.0392083740234375,1.7829449376530992
1758790045.8219697,target,4,1.2594466552734376,2.892358642578125,-0.8230215722233792
1758790045.8219697,target,5,1.9011441650390626,1.4973896484375,-1.8654414124243748
1758790045.8419716,herder,1,2.742609619140625,2.71842529296875,1.2429297713052794
1758790045.8419716,herder,2,2.397895751953125,2.813390380859375,0.3038265998036354
1758790045.8419716,target,1,2.67355126953125,2.9892255859375,2.971053404761043
1758790045.8419716,target,2,2.20086328125,1.919560791015625,1.0655768914065888
1758790045.8419716,target,3,1.6024259033203125,1.0391754150390624,1.7840030115541878
1758790045.8419716,target,4,1.2598524169921874,2.892873291015625,-0.8309796967717813
1758790045.8419716,target,5,1.9000302734375,1.4973017578125,-1.8590114762884875
1758790045.861857,herder,1,2.74415869140625,2.7190185546875,1.2439237961821514
1758790045.861857,herder,2,2.39903515625,2.8145791015625,0.3014998292487468
1758790045.861857,target,1,2.675472412109375,2.9908017578125,2.9610508380228144
1758790045.861857,target,2,2.200854248046875,1.919545166015625,1.0651442608875055
1758790045.861857,target,3,1.6023819580078125,1.039198486328125,1.7840080715602589
1758790045.861857,target,4,1.2601082763671876,2.893744140625,-0.8403534245976149
1758790045.861857,target,5,1.90038720703125,1.4972666015625,-1.8710433717773565
1758790045.8819454,herder,1,2.74537841796875,2.720323486328125,1.2456416682433071
1758790045.8819454,herder,2,2.400173095703125,2.816045654296875,0.3012101106116598
1758790045.8819454,target,1,2.676154541015625,2.9917109375,2.9506988645495675
1758790045.8819454,target,2,2.200866455078125,1.919531982421875,1.0652338096791594
1758790045.8819454,target,3,1.602384033203125,1.0391719970703126,1.7841759838669884
1758790045.8819454,target,4,1.2601964111328126,2.89430615234375,-0.84686918109963
1758790045.8819454,target,5,1.9013109130859376,1.496568115234375,-1.888603457057012
1758790045.9019141,herder,1,2.747549072265625,2.72213330078125,1.2469414240133203
1758790045.9019141,herder,2,2.40209521484375,2.817341796875,0.30177723076579216
1758790045.9019141,target,1,2.678311279296875,2.993686279296875,2.9444409686200994
1758790045.9019141,target,2,2.200873046875,1.919542724609375,1.0651091071611165
1758790045.9019141,target,3,1.6023470458984375,1.0391456298828126,1.7832044627013275
1758790045.9019141,target,4,1.2599942626953125,2.89441015625,-0.8447228064190807
1758790045.9019141,target,5,1.9016689453125,1.4954036865234375,-1.8997324077782896
1758790045.9218976,herder,1,2.750019775390625,2.7244951171875,1.2483217404063083
1758790045.9218976,herder,2,2.404115234375,2.818868408203125,0.30292368832555766
1758790045.9218976,target,1,2.679582275390625,2.99567724609375,2.935058385783641
1758790045.9218976,target,2,2.200862548828125,1.9195504150390625,1.065159440905719
1758790045.9218976,target,3,1.6023704833984376,1.0391368408203125,1.7841938270462918
1758790045.9218976,target,4,1.2598914794921876,2.894486328125,-0.8452709515504462
1758790045.9218976,target,5,1.902074462890625,1.494305419921875,-1.9103066220445037
1758790045.9418793,herder,1,2.75228857421875,2.72752099609375,1.249704320486223
1758790045.9418793,herder,2,2.40607568359375,2.820241943359375,0.303690279245337
1758790045.9418793,target,1,2.68126708984375,2.996722900390625,2.932530779593047
1758790045.9418793,target,2,2.200856689453125,1.9195570068359376,1.0652890036927514
1758790045.9418793,target,3,1.602348388671875,1.03919384765625,1.7837107296245516
1758790045.9418793,target,4,1.2600830078125,2.894367919921875,-0.8518586799809207
1758790045.9418793,target,5,1.90213525390625,1.4941492919921875,-1.9149848639733913
1758790045.961953,herder,1,2.754591552734375,2.729625,1.2503484059958587
1758790045.961953,herder,2,2.407974853515625,2.821654296875,0.3060596270881532
1758790045.961953,target,1,2.683041015625,2.999056640625,2.9354493378316646
1758790045.961953,target,2,2.20086328125,1.919534423828125,1.0653182984647422
1758790045.961953,target,3,1.602380859375,1.0391668701171874,1.783775311280986
1758790045.961953,target,4,1.2597850341796875,2.894193359375,-0.8431044034246395
1758790045.961953,target,5,1.9020357666015626,1.4944373779296876,-1.9136088086381475
1758790045.9819586,herder,1,2.756691650390625,2.730862548828125,1.251138299575176
1758790045.9819586,herder,2,2.40991552734375,2.823163818359375,0.3091699662147704
1758790045.9819586,target,1,2.684541015625,3.001207763671875,2.9404563469971228
1758790045.9819586,target,2,2.200860595703125,1.9195689697265625,1.0654805515541552
1758790045.9819586,target,3,1.6023245849609375,1.039189208984375,1.783157058433924
1758790045.9819586,target,4,1.2591654052734376,2.89357470703125,-0.8221725564678619
1758790045.9819586,target,5,1.9022313232421875,1.4947703857421875,-1.9062626119292183
1758790046.0018759,herder,1,2.7588916015625,2.7322177734375,1.2516933023463488
1758790046.0018759,herder,2,2.412073486328125,2.824521484375,0.31220703512189674
1758790046.0018759,target,1,2.68621630859375,3.002798828125,2.943225235582478
1758790046.0018759,target,2,2.2008466796875,1.9195589599609375,1.0652537168083076
1758790046.0018759,target,3,1.6022926025390625,1.0391741943359376,1.7824465270550909
1758790046.0018759,target,4,1.2585552978515624,2.892249267578125,-0.8048394390921085
1758790046.0018759,target,5,1.902885498046875,1.4946207275390626,-1.923318028182304
1758790046.0219648,herder,1,2.76084814453125,2.73460693359375,1.2515079463344791
1758790046.0219648,herder,2,2.4140703125,2.82584912109375,0.31463054500338244
1758790046.0219648,target,1,2.68835400390625,3.004542724609375,2.9381010473290567
1758790046.0219648,target,2,2.200876953125,1.9195372314453125,1.0654990605237313
1758790046.0219648,target,3,1.602287841796875,1.039177001953125,1.7835485431141658
1758790046.0219648,target,4,1.258099853515625,2.89144140625,-0.794507971959255
1758790046.0219648,target,5,1.9036287841796875,1.4943876953125,-1.9526908307931148
1758790046.0419726,herder,1,2.762983642578125,2.73741259765625,1.2502587906251774
1758790046.0419726,herder,2,2.4157666015625,2.82752783203125,0.3180105957693974
1758790046.0419726,target,1,2.68967724609375,3.0061669921875,2.9293134146801223
1758790046.0419726,target,2,2.2008779296875,1.9195196533203125,1.0652730247262108
1758790046.0419726,target,3,1.602320556640625,1.0391859130859376,1.78313801683213
1758790046.0419726,target,4,1.2580557861328125,2.8916064453125,-0.7925277119516995
1758790046.0419726,target,5,1.9043211669921876,1.4939931640625,-1.9602342345807642
1758790046.0619366,herder,1,2.76477880859375,2.739089111328125,1.2500519961665328
1758790046.0619366,herder,2,2.417447998046875,2.82890087890625,0.3211422068952216
1758790046.0619366,target,1,2.69068310546875,3.007987060546875,2.9204855682987274
1758790046.0619366,target,2,2.200873291015625,1.919541259765625,1.0653075792413547
1758790046.0619366,target,3,1.6022705078125,1.0392115478515624,1.7832051284916
1758790046.0619366,target,4,1.258169189453125,2.891709716796875,-0.7909402016259032
1758790046.0619366,target,5,1.9046800537109374,1.49474560546875,-1.9421274023293156
1758790046.0819423,herder,1,2.767139892578125,2.74041748046875,1.249179011961205
1758790046.0819423,herder,2,2.419444091796875,2.8302548828125,0.32529720424893593
1758790046.0819423,target,1,2.692779052734375,3.009762939453125,2.9070429963804436
1758790046.0819423,target,2,2.2008681640625,1.9195411376953124,1.065082875024379
1758790046.0819423,target,3,1.6022952880859376,1.0391732177734374,1.783375570801365
1758790046.0819423,target,4,1.2580107421875,2.891393798828125,-0.785000952920863
1758790046.0819423,target,5,1.9039737548828124,1.49525390625,-1.9375996290020172
1758790046.1018717,herder,1,2.768944580078125,2.7428310546875,1.248950779055785
1758790046.1018717,herder,2,2.42206103515625,2.831519287109375,0.326709212258896
1758790046.1018717,target,1,2.69433154296875,3.011323974609375,2.8948635617671843
1758790046.1018717,target,2,2.200886474609375,1.919516357421875,1.0654077140983416
1758790046.1018717,target,3,1.602410400390625,1.0391331787109375,1.7845126074287745
1758790046.1018717,target,4,1.2576781005859374,2.89099609375,-0.7791955946396265
1758790046.1018717,target,5,1.9038770751953125,1.49566796875,-1.9428640326868314
1758790046.1219912,herder,1,2.7712119140625,2.744766845703125,1.247686975960488
1758790046.1219912,herder,2,2.42405908203125,2.833252197265625,0.32964331670037716
1758790046.1219912,target,1,2.69567822265625,3.012587890625,2.8817014207116856
1758790046.1219912,target,2,2.200861328125,1.9195550537109376,1.0651725569740875
1758790046.1219912,target,3,1.6023719482421874,1.0391474609375,1.7839219182989947
1758790046.1219912,target,4,1.2580386962890624,2.891193603515625,-0.7885984840793965
1758790046.1219912,target,5,1.903734619140625,1.49509912109375,-1.9435784256492452
1758790046.1419477,herder,1,2.77329345703125,2.74551708984375,1.24795755312724
1758790046.1419477,herder,2,2.426253662109375,2.8345869140625,0.331032820999126
1758790046.1419477,target,1,2.69787890625,3.01411083984375,2.869485234475383
1758790046.1419477,target,2,2.2008701171875,1.919562255859375,1.0650519157767069
1758790046.1419477,target,3,1.6023016357421875,1.0391634521484374,1.7839313725208645
1758790046.1419477,target,4,1.258631103515625,2.892098388671875,-0.8117001415343161
1758790046.1419477,target,5,1.902950439453125,1.49433984375,-1.936150070420687
1758790046.1618545,herder,1,2.77540087890625,2.747091064453125,1.2472598049216392
1758790046.1618545,herder,2,2.4285703125,2.8358154296875,0.3323841422257458
1758790046.1618545,target,1,2.699278564453125,3.0159755859375,2.856782755024032
1758790046.1618545,target,2,2.200855224609375,1.91956396484375,1.065169228022725
1758790046.1618545,target,3,1.602374267578125,1.039201171875,1.784500889519978
1758790046.1618545,target,4,1.2595242919921874,2.893297607421875,-0.8320020843142627
1758790046.1618545,target,5,1.9023338623046875,1.49348095703125,-1.9333705291909715
1758790046.1819549,herder,1,2.777680419921875,2.7495625,1.2459653754738063
1758790046.1819549,herder,2,2.430764404296875,2.8374296875,0.3345884073704908
1758790046.1819549,target,1,2.70103466796875,3.01698681640625,2.8435170170021293
1758790046.1819549,target,2,2.200861572265625,1.9195274658203125,1.0651094400562526
1758790046.1819549,target,3,1.6023868408203126,1.03916455078125,1.785543517086744
1758790046.1819549,target,4,1.2602257080078125,2.894597900390625,-0.8503164433936559
1758790046.1819549,target,5,1.9022412109375,1.4930770263671875,-1.9366849663256296
1758790046.2019565,herder,1,2.779773681640625,2.751745849609375,1.2450982502228765
1758790046.2019565,herder,2,2.432448974609375,2.838642822265625,0.3362770512386828
1758790046.2019565,target,1,2.701945556640625,3.018621337890625,2.8303431580378344
1758790046.2019565,target,2,2.20085595703125,1.9195792236328124,1.0655640416543293
1758790046.2019565,target,3,1.6023138427734376,1.0392017822265625,1.7847621456229148
1758790046.2019565,target,4,1.2604359130859375,2.894876220703125,-0.8546471428002882
1758790046.2019565,target,5,1.9024287109375,1.492664794921875,-1.9389284132279123
1758790046.2219093,herder,1,2.781901123046875,2.7527724609375,1.2449519095209767
1758790046.2219093,herder,2,2.43373681640625,2.83970947265625,0.3386787897782571
1758790046.2219093,target,1,2.703592529296875,3.020087646484375,2.8241561021933625
1758790046.2219093,target,2,2.200864990234375,1.919538818359375,1.065139400618516
1758790046.2219093,target,3,1.602369140625,1.0391988525390625,1.7840691911072761
1758790046.2219093,target,4,1.2596298828125,2.895298583984375,-0.8459316152378676
1758790046.2219093,target,5,1.902295166015625,1.492868408203125,-1.9370451588630628
1758790046.241827,herder,1,2.78402392578125,2.7546142578125,1.2446046333148302
1758790046.241827,herder,2,2.435980712890625,2.84090185546875,0.3398978850567545
1758790046.241827,target,1,2.705227783203125,3.021951904296875,2.8210370079246614
1758790046.241827,target,2,2.2008701171875,1.9195208740234375,1.0654476615146928
1758790046.241827,target,3,1.6023277587890625,1.0391982421875,1.7845063490002127
1758790046.241827,target,4,1.2592530517578124,2.89457568359375,-0.8375575715062225
1758790046.241827,target,5,1.9012548828125,1.492992431640625,-1.921594563482859
1758790046.2620084,herder,1,2.786161376953125,2.75585888671875,1.2443280640356256
1758790046.2620084,herder,2,2.438659423828125,2.842580322265625,0.3401610719514816
1758790046.2620084,target,1,2.706817626953125,3.023576171875,2.8227440941834026
1758790046.2620084,target,2,2.200840087890625,1.91958349609375,1.0652327444147234
1758790046.2620084,target,3,1.60237548828125,1.039158203125,1.7843652014624385
1758790046.2620084,target,4,1.2592572021484374,2.894429931640625,-0.8379059795558321
1758790046.2620084,target,5,1.900354248046875,1.493162353515625,-1.8928860864059684
1758790046.2819464,herder,1,2.788412841796875,2.755758056640625,1.2460904108869855
1758790046.2819464,herder,2,2.441168212890625,2.843323486328125,0.3357587002220125
1758790046.2819464,target,1,2.70866796875,3.025844482421875,2.827634989525333
1758790046.2819464,target,2,2.200857421875,1.9195458984375,1.0650750186991633
1758790046.2819464,target,3,1.6024283447265626,1.039108642578125,1.7840312410617425
1758790046.2819464,target,4,1.25965087890625,2.894896484375,-0.8474337712507268
1758790046.2819464,target,5,1.89864013671875,1.49374267578125,-1.8700613311253897
1758790046.3018718,herder,1,2.790458740234375,2.75612060546875,1.2445835943422185
1758790046.3018718,herder,2,2.442949462890625,2.844814208984375,0.3313794314149998
1758790046.3018718,target,1,2.71051025390625,3.02800341796875,2.840638406179863
1758790046.3018718,target,2,2.20086669921875,1.91956884765625,1.0654101109433227
1758790046.3018718,target,3,1.60234814453125,1.039176025390625,1.7836710485243092
1758790046.3018718,target,4,1.259747802734375,2.895245361328125,-0.8496870052700156
1758790046.3018718,target,5,1.89717919921875,1.49347314453125,-1.8525073711162414
1758790046.3219337,herder,1,2.791927490234375,2.755976806640625,1.2432701232925916
1758790046.3219337,herder,2,2.444623291015625,2.84608837890625,0.325619047266672
1758790046.3219337,target,1,2.711763916015625,3.03069482421875,2.853309194014242
1758790046.3219337,target,2,2.200864013671875,1.919547119140625,1.065245594166983
1758790046.3219337,target,3,1.6023101806640625,1.0392376708984374,1.7842914319002432
1758790046.3219337,target,4,1.259596435546875,2.89502978515625,-0.8477387031955409
1758790046.3219337,target,5,1.8957186279296876,1.4927977294921875,-1.8264014682146308
1758790046.3419588,herder,1,2.793779296875,2.755611328125,1.2414377353045625
1758790046.3419588,herder,2,2.446293212890625,2.847457763671875,0.3204043781152151
1758790046.3419588,target,1,2.7139208984375,3.03315771484375,2.8691233108832415
1758790046.3419588,target,2,2.200871826171875,1.919508056640625,1.065260641027142
1758790046.3419588,target,3,1.602364501953125,1.0390621337890624,1.7824244228180433
1758790046.3419588,target,4,1.259229248046875,2.8947607421875,-0.841742196527064
1758790046.3419588,target,5,1.894538330078125,1.493132080078125,-1.811047545581997
1758790046.3619664,herder,1,2.794839599609375,2.756451416015625,1.2379547200729024
1758790046.3619664,herder,2,2.447471923828125,2.84882421875,0.31537459892243697
1758790046.3619664,target,1,2.714291259765625,3.034928955078125,2.883235135183462
1758790046.3619664,target,2,2.200846435546875,1.919557373046875,1.065195393580435
1758790046.3619664,target,3,1.6023809814453125,1.0391221923828124,1.7836662548343472
1758790046.3619664,target,4,1.2582318115234374,2.894809326171875,-0.8284257252863952
1758790046.3619664,target,5,1.89401513671875,1.4932862548828125,-1.8118008206963259
1758790046.3819528,herder,1,2.79583349609375,2.75726904296875,1.2364549609050244
1758790046.3819528,herder,2,2.44883984375,2.8501708984375,0.31217740745476963
1758790046.3819528,target,1,2.716044189453125,3.0366279296875,2.89331573254163
1758790046.3819528,target,2,2.200843994140625,1.9195654296875,1.0654764902334928
1758790046.3819528,target,3,1.6023505859375,1.0391798095703124,1.7849835874675548
1758790046.3819528,target,4,1.2579852294921876,2.8946005859375,-0.8241588751668976
1758790046.3819528,target,5,1.8944046630859375,1.493130615234375,-1.8090195484119016
1758790046.401938,herder,1,2.797000732421875,2.757490478515625,1.2371266101319423
1758790046.401938,herder,2,2.450359375,2.8515390625,0.31140948495444526
1758790046.401938,target,1,2.716987060546875,3.037796630859375,2.8995123757660264
1758790046.401938,target,2,2.20086083984375,1.9195626220703126,1.0649911957038531
1758790046.401938,target,3,1.6023541259765626,1.0391661376953125,1.7848709357534445
1758790046.401938,target,4,1.258131103515625,2.89432421875,-0.8209642137022658
1758790046.401938,target,5,1.894336669921875,1.493333740234375,-1.806498466965978
1758790046.422007,herder,1,2.79792626953125,2.758251953125,1.2382500646377923
1758790046.422007,herder,2,2.452016845703125,2.85308349609375,0.31220333998588423
1758790046.422007,target,1,2.71890380859375,3.038588623046875,2.8961812938745553
1758790046.422007,target,2,2.20084765625,1.919558349609375,1.0652932647504954
1758790046.422007,target,3,1.6024261474609376,1.03912890625,1.783307926509677
1758790046.422007,target,4,1.2577476806640624,2.89349365234375,-0.8091464363650391
1758790046.422007,target,5,1.8944512939453124,1.49345654296875,-1.8100617765045042
1758790046.4419541,herder,1,2.799637939453125,2.7594990234375,1.2391747141682676
1758790046.4419541,herder,2,2.453738525390625,2.854553466796875,0.31393912180537065
1758790046.4419541,target,1,2.72119580078125,3.03894189453125,2.8844561945432634
1758790046.4419541,target,2,2.200865234375,1.919550048828125,1.0652643028736408
1758790046.4419541,target,3,1.6023350830078125,1.0392149658203125,1.783777974442076
1758790046.4419541,target,4,1.2575877685546875,2.8925322265625,-0.8034635834939463
1758790046.4419541,target,5,1.8952052001953126,1.49329248046875,-1.8273647335809124
1758790046.4618886,herder,1,2.801602783203125,2.761529296875,1.2404069588046474
1758790046.4618886,herder,2,2.454943115234375,2.856052001953125,0.31709816349042264
1758790046.4618886,target,1,2.72376611328125,3.038959716796875,2.869964070839379
1758790046.4618886,target,2,2.20085400390625,1.9195716552734374,1.0655889422105214
1758790046.4618886,target,3,1.6023447265625,1.039212158203125,1.7822184273077257
1758790046.4618886,target,4,1.25878955078125,2.89280859375,-0.8172615542597014
1758790046.4618886,target,5,1.8960712890625,1.4928060302734374,-1.8443471792201296
1758790046.4819407,herder,1,2.8037470703125,2.764334716796875,1.2402812576011957
1758790046.4819407,herder,2,2.455904296875,2.857549560546875,0.3214696092617332
1758790046.4819407,target,1,2.72535986328125,3.039216064453125,2.8520894662349856
1758790046.4819407,target,2,2.200848388671875,1.9195911865234374,1.0651214908601854
1758790046.4819407,target,3,1.60244140625,1.039132080078125,1.784064397417314
1758790046.4819407,target,4,1.2591378173828125,2.892970458984375,-0.8253567650252152
1758790046.4819407,target,5,1.89701904296875,1.49291845703125,-1.84963275503561
1758790046.5018654,herder,1,2.805570556640625,2.768185546875,1.2407594281749195
1758790046.5018654,herder,2,2.458084228515625,2.8590322265625,0.326021450907383
1758790046.5018654,target,1,2.727909912109375,3.039349853515625,2.838737175477655
1758790046.5018654,target,2,2.200865234375,1.919550048828125,1.0651086411079256
1758790046.5018654,target,3,1.60241162109375,1.0391805419921876,1.784430315751091
1758790046.5018654,target,4,1.2589276123046875,2.893122802734375,-0.8242013525862844
1758790046.5018654,target,5,1.8963302001953124,1.493095703125,-1.8464048706363794
1758790046.5219839,herder,1,2.80775439453125,2.77206103515625,1.24057673532414
1758790046.5219839,herder,2,2.460347900390625,2.860519775390625,0.33117623222382675
1758790046.5219839,target,1,2.7290947265625,3.04021923828125,2.8219842943244027
1758790046.5219839,target,2,2.2008798828125,1.9195263671875,1.0653979269813354
1758790046.5219839,target,3,1.602419189453125,1.03915576171875,1.784017392624074
1758790046.5219839,target,4,1.25891064453125,2.892892333984375,-0.8236221816282193
1758790046.5219839,target,5,1.896072021484375,1.492929931640625,-1.8462438825484841
1758790046.5419457,herder,1,2.8097666015625,2.77442138671875,1.2423595885158936
1758790046.5419457,herder,2,2.4616796875,2.861842529296875,0.33603323884088604
1758790046.5419457,target,1,2.730173828125,3.04100244140625,2.8111822466269323
1758790046.5419457,target,2,2.2008681640625,1.919539794921875,1.0652369388934402
1758790046.5419457,target,3,1.602373291015625,1.039151123046875,1.7827413389877627
1758790046.5419457,target,4,1.2589908447265625,2.892933837890625,-0.8238183234425037
1758790046.5419457,target,5,1.8963392333984375,1.492476806640625,-1.848121943749208
1758790046.5618424,herder,1,2.81239599609375,2.77625732421875,1.2441906449233775
1758790046.5618424,herder,2,2.463181396484375,2.86327734375,0.34083358670575387
1758790046.5618424,target,1,2.7322216796875,3.042915283203125,2.803979727458813
1758790046.5618424,target,2,2.20087744140625,1.9195389404296874,1.065435877026869
1758790046.5618424,target,3,1.6023533935546874,1.03920849609375,1.7844078120398799
1758790046.5618424,target,4,1.2594112548828125,2.89319873046875,-0.8305699694380726
1758790046.5618424,target,5,1.89580810546875,1.4913963623046875,-1.8431414330365963
1758790046.5819461,herder,1,2.81335205078125,2.777206298828125,1.2439573520118865
1758790046.5819461,herder,2,2.464134521484375,2.863845458984375,0.34214942131084836
1758790046.5819461,target,1,2.733089599609375,3.044096435546875,2.7990198562446493
1758790046.5819461,target,2,2.2008681640625,1.9195362548828125,1.0654645060085874
1758790046.5819461,target,3,1.60239990234375,1.0391904296875,1.7832466738046053
1758790046.5819461,target,4,1.2594891357421876,2.893427978515625,-0.8347482028722979
1758790046.5819461,target,5,1.89553857421875,1.49102685546875,-1.8406208842228908
1758790046.6018603,herder,1,2.81335205078125,2.777206298828125,1.2439573520118865
1758790046.6018603,herder,2,2.464134521484375,2.863845458984375,0.34214942131084836
1758790046.6018603,target,1,2.733089599609375,3.044096435546875,2.7990198562446493
1758790046.6018603,target,2,2.2008681640625,1.9195362548828125,1.0654645060085874
1758790046.6018603,target,3,1.60239990234375,1.0391904296875,1.7832466738046053
1758790046.6018603,target,4,1.2594891357421876,2.893427978515625,-0.8347482028722979
1758790046.6018603,target,5,1.89553857421875,1.49102685546875,-1.8406208842228908
1758790046.621893,herder,1,2.81335205078125,2.777206298828125,1.2439573520118865
1758790046.621893,herder,2,2.464134521484375,2.863845458984375,0.34214942131084836
1758790046.621893,target,1,2.733089599609375,3.044096435546875,2.7990198562446493
1758790046.621893,target,2,2.2008681640625,1.9195362548828125,1.0654645060085874
1758790046.621893,target,3,1.60239990234375,1.0391904296875,1.7832466738046053
1758790046.621893,target,4,1.2594891357421876,2.893427978515625,-0.8347482028722979
1758790046.621893,target,5,1.89553857421875,1.49102685546875,-1.8406208842228908
1758790046.6419616,herder,1,2.820948974609375,2.783878662109375,1.246543680904517
1758790046.6419616,herder,2,2.471966552734375,2.8683994140625,0.35112420760538815
1758790046.6419616,target,1,2.736727294921875,3.049894775390625,2.787535506675901
1758790046.6419616,target,2,2.200865966796875,1.9195628662109374,1.0653701635269714
1758790046.6419616,target,3,1.60246484375,1.0392017822265625,1.7846134080760339
1758790046.6419616,target,4,1.2598143310546874,2.893919921875,-0.8420638398077183
1758790046.6419616,target,5,1.89636279296875,1.49024267578125,-1.8626835759575433
1758790046.6618595,herder,1,2.82327685546875,2.7852568359375,1.2459087833006421
1758790046.6618595,herder,2,2.47352880859375,2.869637939453125,0.3530780357391248
1758790046.6618595,target,1,2.738016357421875,3.05266943359375,2.784006285599328
1758790046.6618595,target,2,2.20087353515625,1.9195228271484375,1.065533615038875
1758790046.6618595,target,3,1.6023634033203125,1.0391787109375,1.7838406918857475
1758790046.6618595,target,4,1.2604718017578125,2.894335693359375,-0.8561658769909332
1758790046.6618595,target,5,1.897767578125,1.48972021484375,-1.8934687860524777
1758790046.6818361,herder,1,2.824963623046875,2.788067626953125,1.2453274152346778
1758790046.6818361,herder,2,2.47502734375,2.8713916015625,0.35617179668795623
1758790046.6818361,target,1,2.739630859375,3.05405419921875,2.7784663778997447
1758790046.6818361,target,2,2.20085400390625,1.919557861328125,1.0651510519482852
1758790046.6818361,target,3,1.6024158935546875,1.0391690673828125,1.784616071237124
1758790046.6818361,target,4,1.2610706787109376,2.8947763671875,-0.8685088962741506
1758790046.6818361,target,5,1.900025634765625,1.4891846923828125,-1.9296817847651027
1758790046.7018635,herder,1,2.8268427734375,2.790920654296875,1.2448630930986224
1758790046.7018635,herder,2,2.477017578125,2.87281201171875,0.3582053532068271
1758790046.7018635,target,1,2.73990625,3.05579248046875,2.773804514411561
1758790046.7018635,target,2,2.2008603515625,1.9195546875,1.0650993200441103
1758790046.7018635,target,3,1.6023800048828125,1.039203857421875,1.7854566980352076
1758790046.7018635,target,4,1.2615531005859375,2.8950400390625,-0.8793044192269504
1758790046.7018635,target,5,1.90111083984375,1.4885206298828124,-1.952000006806348
1758790046.7220242,herder,1,2.828827392578125,2.792103759765625,1.2458306195226483
1758790046.7220242,herder,2,2.4784951171875,2.8742470703125,0.3613274435317542
1758790046.7220242,target,1,2.740944091796875,3.05759814453125,2.767642225965227
1758790046.7220242,target,2,2.200863037109375,1.919569091796875,1.0653234250498405
1758790046.7220242,target,3,1.602405029296875,1.039162841796875,1.7843940967602658
1758790046.7220242,target,4,1.2617513427734375,2.89513330078125,-0.8806761469254228
1758790046.7220242,target,5,1.9014136962890624,1.4889580078125,-1.94674612260784
1758790046.741947,herder,1,2.831013916015625,2.79343896484375,1.24592143331582
1758790046.741947,herder,2,2.480541259765625,2.875314208984375,0.36403145085505256
1758790046.741947,target,1,2.742268310546875,3.0597939453125,2.760080978998274
1758790046.741947,target,2,2.200859375,1.919575927734375,1.0649899307023354
1758790046.741947,target,3,1.60235009765625,1.0391739501953126,1.7852204756465175
1758790046.741947,target,4,1.2617567138671875,2.895169921875,-0.8829992889233262
1758790046.741947,target,5,1.9008797607421875,1.4891552734375,-1.9296507589384033
1758790046.7619367,herder,1,2.832875732421875,2.7957509765625,1.2455979924014298
1758790046.7619367,herder,2,2.48304638671875,2.8768779296875,0.3666265681792803
1758790046.7619367,target,1,2.7433740234375,3.061847412109375,2.75699490792709
1758790046.7619367,target,2,2.200871337890625,1.9195703125,1.0651770843479407
1758790046.7619367,target,3,1.6023321533203125,1.0391253662109374,1.7837927549861259
1758790046.7619367,target,4,1.262412841796875,2.89553515625,-0.8978761062466724
1758790046.7619367,target,5,1.9001075439453126,1.4896907958984376,-1.9161606495946613
1758790046.7817862,herder,1,2.83508740234375,2.798197265625,1.245048715426601
1758790046.7817862,herder,2,2.485223876953125,2.878645751953125,0.36964110008568185
1758790046.7817862,target,1,2.744374755859375,3.063182373046875,2.7554537366042613
1758790046.7817862,target,2,2.200865234375,1.9195595703125,1.0655710324521908
1758790046.7817862,target,3,1.602306884765625,1.03919091796875,1.7842082081161783
1758790046.7817862,target,4,1.2631162109375,2.896055908203125,-0.9106973626826409
1758790046.7817862,target,5,1.90026708984375,1.4895345458984375,-1.9268774761372491
1758790046.801908,herder,1,2.836770751953125,2.80038525390625,1.2445616232632255
1758790046.801908,herder,2,2.486440185546875,2.8801982421875,0.37073472718732287
1758790046.801908,target,1,2.745593017578125,3.06556201171875,2.746179810740278
1758790046.801908,target,2,2.20084521484375,1.9195687255859375,1.0649794112160296
1758790046.801908,target,3,1.60234130859375,1.039154541015625,1.7839569388673293
1758790046.801908,target,4,1.2635146484375,2.8966865234375,-0.9210821596163231
1758790046.801908,target,5,1.9003814697265624,1.489809814453125,-1.9251918283252836
1758790046.8219538,herder,1,2.838369384765625,2.802765380859375,1.2438094134133326
1758790046.8219538,herder,2,2.486963134765625,2.8819150390625,0.37256371964496204
1758790046.8219538,target,1,2.746238037109375,3.06718701171875,2.7346840095788423
1758790046.8219538,target,2,2.200843994140625,1.919575439453125,1.0652316791502874
1758790046.8219538,target,3,1.602144287109375,1.0392447509765625,1.7809570210574095
1758790046.8219538,target,4,1.263788330078125,2.896830810546875,-0.9285867478310846
1758790046.8219538,target,5,1.90047607421875,1.4897047119140625,-1.921794833196833
1758790046.8418655,herder,1,2.8402138671875,2.80515380859375,1.2433140654505779
1758790046.8418655,herder,2,2.488619140625,2.8833115234375,0.374169772229848
1758790046.8418655,target,1,2.746685791015625,3.068568603515625,2.721973274328112
1758790046.8418655,target,2,2.200852783203125,1.91955615234375,1.0652526515438716
1758790046.8418655,target,3,1.6024034423828124,1.039231689453125,1.7855441828770167
1758790046.8418655,target,4,1.2643714599609375,2.89705078125,-0.9377980894094508
1758790046.8418655,target,5,1.9011048583984376,1.489439453125,-1.93930351946745
1758790046.8620121,herder,1,2.841792236328125,2.806741455078125,1.2442331223427643
1758790046.8620121,herder,2,2.490685546875,2.884961669921875,0.3769598329458695
1758790046.8620121,target,1,2.747176025390625,3.069812255859375,2.709055877776792
1758790046.8620121,target,2,2.200857421875,1.919560546875,1.0651733559224146
1758790046.8620121,target,3,1.6022347412109375,1.0391884765625,1.7817201498677717
1758790046.8620121,target,4,1.2650289306640625,2.897346435546875,-0.9532390974097301
1758790046.8620121,target,5,1.902378662109375,1.4893194580078124,-1.972844701816453
1758790046.881884,herder,1,2.843880615234375,2.80794921875,1.2454443280065322
1758790046.881884,herder,2,2.493291259765625,2.88646337890625,0.37825036752060825
1758790046.881884,target,1,2.7481181640625,3.071149658203125,2.6941544262133625
1758790046.881884,target,2,2.200866455078125,1.9195537109375,1.0655635090221112
1758790046.881884,target,3,1.6023431396484376,1.039202880859375,1.7829240318385422
1758790046.881884,target,4,1.2656529541015624,2.89757470703125,-0.957510208586972
1758790046.881884,target,5,1.9043594970703126,1.4888406982421876,-1.9986089211502065
1758790046.9019597,herder,1,2.84619091796875,2.80999609375,1.2461926762728446
1758790046.9019597,herder,2,2.495303955078125,2.8878046875,0.3793495539710248
1758790046.9019597,target,1,2.748082763671875,3.07181005859375,2.6798729585517034
1758790046.9019597,target,2,2.20087646484375,1.9195498046875,1.0655083150085194
1758790046.9019597,target,3,1.6023807373046874,1.0391939697265624,1.783779306022621
1758790046.9019597,target,4,1.2650794677734376,2.897447509765625,-0.9467150185293085
1758790046.9019597,target,5,1.9053026123046874,1.4886248779296876,-2.0094691589174953
1758790046.9219563,herder,1,2.84811669921875,2.812318359375,1.2463318264398011
1758790046.9219563,herder,2,2.49674951171875,2.8891953125,0.381690605727259
1758790046.9219563,target,1,2.749068603515625,3.073232421875,2.664775232015935
1758790046.9219563,target,2,2.2008740234375,1.9195145263671876,1.0654628415329062
1758790046.9219563,target,3,1.6023839111328124,1.039192626953125,1.7844209946872756
1758790046.9219563,target,4,1.2657298583984375,2.897447021484375,-0.9571156612714767
1758790046.9219563,target,5,1.905091796875,1.4886251220703124,-2.011530046127053
1758790046.9419563,herder,1,2.850444580078125,2.81452978515625,1.2460627140116487
1758790046.9419563,herder,2,2.49828466796875,2.890539306640625,0.38363844174854295
1758790046.9419563,target,1,2.749747802734375,3.074803955078125,2.6483097059443024
1758790046.9419563,target,2,2.200854248046875,1.9195802001953124,1.0650519157767069
1758790046.9419563,target,3,1.602411376953125,1.039186767578125,1.785336855786154
1758790046.9419563,target,4,1.266546630859375,2.897712158203125,-0.9765645935542709
1758790046.9419563,target,5,1.9047445068359374,1.488764892578125,-2.004312879572938
1758790046.9619389,herder,1,2.852552734375,2.816514892578125,1.245868569568182
1758790046.9619389,herder,2,2.500200439453125,2.89210888671875,0.3860015311627975
1758790046.9619389,target,1,2.749715087890625,3.075845703125,2.6375228382650455
1758790046.9619389,target,2,2.2008828125,1.9195316162109375,1.0653196300452872
1758790046.9619389,target,3,1.602351318359375,1.0392181396484375,1.7844613415777903
1758790046.9619389,target,4,1.2675772705078125,2.8984619140625,-0.9938682164209518
1758790046.9619389,target,5,1.90410302734375,1.489083251953125,-1.9921896376586794
1758790046.9819968,herder,1,2.854733642578125,2.818186279296875,1.246588555168885
1758790046.9819968,herder,2,2.502431396484375,2.893380859375,0.38700960421441977
1758790046.9819968,target,1,2.750275146484375,3.077806396484375,2.6277080243836672
1758790046.9819968,target,2,2.200882568359375,1.9195140380859375,1.0649531790792923
1758790046.9819968,target,3,1.602265625,1.0392598876953125,1.7843030166509852
1758790046.9819968,target,4,1.2679522705078126,2.898633544921875,-0.9977719445258172
1758790046.9819968,target,5,1.903505859375,1.4898870849609376,-1.9730785273601619
1758790047.0019655,herder,1,2.856966064453125,2.8204326171875,1.2473008176024265
1758790047.0019655,herder,2,2.5043740234375,2.894871337890625,0.38703703477364754
1758790047.0019655,target,1,2.7508359375,3.07970947265625,2.6265319724462883
1758790047.0019655,target,2,2.200862060546875,1.9195618896484374,1.0654562502092082
1758790047.0019655,target,3,1.6023226318359376,1.039213623046875,1.7843610735627489
1758790047.0019655,target,4,1.2670955810546876,2.89789306640625,-0.9816790612697136
1758790047.0019655,target,5,1.9026591796875,1.4900894775390625,-1.9612330531475983
1758790047.0220199,herder,1,2.859037353515625,2.822414306640625,1.2477349128601094
1758790047.0220199,herder,2,2.505903076171875,2.89665625,0.38888460277989
1758790047.0220199,target,1,2.75114794921875,3.08138232421875,2.614621250787018
1758790047.0220199,target,2,2.200875,1.919544921875,1.065352919558913
1758790047.0220199,target,3,1.6023125,1.0391865234375,1.7857788073690526
1758790047.0220199,target,4,1.2666065673828124,2.89700732421875,-0.9629033095314642
1758790047.0220199,target,5,1.9024945068359376,1.4899903564453125,-1.9592777602752622
1758790047.0419092,herder,1,2.860930908203125,2.823838623046875,1.2481338543914033
1758790047.0419092,herder,2,2.50778466796875,2.897800537109375,0.39026638391147767
1758790047.0419092,target,1,2.751699951171875,3.083570556640625,2.6025984100458555
1758790047.0419092,target,2,2.200882568359375,1.9195074462890624,1.0655794214096244
1758790047.0419092,target,3,1.6023814697265626,1.039073974609375,1.7838690545513567
1758790047.0419092,target,4,1.2659263916015624,2.896321533203125,-0.9449764403906775
1758790047.0419092,target,5,1.902716796875,1.4900841064453125,-1.954063290860887
1758790047.0618224,herder,1,2.86302001953125,2.82566943359375,1.2494956618148152
1758790047.0618224,herder,2,2.50961767578125,2.899387451171875,0.3902424487511806
1758790047.0618224,target,1,2.752112060546875,3.08483056640625,2.5902133793964417
1758790047.0618224,target,2,2.200865234375,1.919504150390625,1.0654143054220395
1758790047.0618224,target,3,1.602294921875,1.039183349609375,1.7839775783657774
1758790047.0618224,target,4,1.2654185791015624,2.89589208984375,-0.9351357938467257
1758790047.0618224,target,5,1.90282421875,1.4898660888671875,-1.961188844673503
1758790047.081939,herder,1,2.865271728515625,2.827797119140625,1.251756286106129
1758790047.081939,herder,2,2.511353271484375,2.9011904296875,0.38972576221019156
1758790047.081939,target,1,2.751923828125,3.086908447265625,2.581151441155229
1758790047.081939,target,2,2.200881591796875,1.9194869384765625,1.0658887475702372
1758790047.081939,target,3,1.602319091796875,1.0391656494140624,1.7844621405261174
1758790047.081939,target,4,1.2653262939453125,2.895620849609375,-0.9324008605652688
1758790047.081939,target,5,1.903751953125,1.4896796875,-1.9928900490253703
1758790047.1019464,herder,1,2.867181640625,2.8293642578125,1.2537507274464894
1758790047.1019464,herder,2,2.513361572265625,2.9025673828125,0.3900312933662509
1758790047.1019464,target,1,2.752381103515625,3.0878994140625,2.5700095741026647
1758790047.1019464,target,2,2.200884033203125,1.919483154296875,1.0653644377306277
1758790047.1019464,target,3,1.60225732421875,1.0391837158203125,1.7857171551898172
1758790047.1019464,target,4,1.265284912109375,2.89569140625,-0.9322414703740276
1758790047.1019464,target,5,1.90448388671875,1.489244384765625,-2.004235647901326
1758790047.1219158,herder,1,2.86910888671875,2.831873779296875,1.2538968018322803
1758790047.1219158,herder,2,2.515841552734375,2.903737548828125,0.3920183444345863
1758790047.1219158,target,1,2.752302001953125,3.09029296875,2.5633535355902297
1758790047.1219158,target,2,2.2008642578125,1.91954833984375,1.065230014674606
1758790047.1219158,target,3,1.602319091796875,1.0391463623046875,1.7849460368961847
1758790047.1219158,target,4,1.2651578369140626,2.895779296875,-0.9306917103566833
1758790047.1219158,target,5,1.9049200439453124,1.489675537109375,-1.9851062949493412
1758790047.141977,herder,1,2.871193603515625,2.8340986328125,1.2537318190027498
1758790047.141977,herder,2,2.517794921875,2.90550439453125,0.39579041251306085
1758790047.141977,target,1,2.752808349609375,3.090808349609375,2.5557571348968877
1758790047.141977,target,2,2.20085888671875,1.919570068359375,1.0657831532330155
1758790047.141977,target,3,1.602352783203125,1.039142822265625,1.7852636188561768
1758790047.141977,target,4,1.2651754150390624,2.895793701171875,-0.9317452568839186
1758790047.141977,target,5,1.9043316650390625,1.490098876953125,-1.97711374904385
1758790047.1618922,herder,1,2.873625,2.835315673828125,1.2541463400264206
1758790047.1618922,herder,2,2.5194169921875,2.9068427734375,0.39736976690801873
1758790047.1618922,target,1,2.752029296875,3.09358984375,2.541107352056471
1758790047.1618922,target,2,2.200864013671875,1.919565185546875,1.0652428644268657
1758790047.1618922,target,3,1.6024366455078125,1.0390972900390625,1.783391416609851
1758790047.1618922,target,4,1.2655802001953125,2.89569580078125,-0.9368204429732826
1758790047.1618922,target,5,1.904204345703125,1.49041748046875,-1.9897710879147241
1758790047.182005,herder,1,2.87560986328125,2.837020263671875,1.2539920098412505
1758790047.182005,herder,2,2.52111376953125,2.908255126953125,0.3992301180874936
1758790047.182005,target,1,2.752080078125,3.094341552734375,2.533384983843568
1758790047.182005,target,2,2.200866943359375,1.9195333251953124,1.0651665648616349
1758790047.182005,target,3,1.60241064453125,1.0391859130859376,1.7842906329519164
1758790047.182005,target,4,1.266038330078125,2.895359375,-0.939741264898827
1758790047.182005,target,5,1.9046905517578125,1.4901141357421874,-2.0121537584543496
1758790047.2019532,herder,1,2.8774814453125,2.83941845703125,1.2539302245039607
1758790047.2019532,herder,2,2.52343505859375,2.90958642578125,0.40114835973116403
1758790047.2019532,target,1,2.75100390625,3.097358642578125,2.5209088730848737
1758790047.2019532,target,2,2.200855712890625,1.919576171875,1.0654392059782318
1758790047.2019532,target,3,1.602350830078125,1.039192626953125,1.7837468154573222
1758790047.2019532,target,4,1.2654930419921875,2.895209228515625,-0.931624882002647
1758790047.2019532,target,5,1.9055294189453125,1.4896612548828125,-2.0411904701355925
1758790047.2223864,herder,1,2.879741943359375,2.840765380859375,1.2552012181342012
1758790047.2223864,herder,2,2.525852783203125,2.911191650390625,0.40279539170732354
1758790047.2223864,target,1,2.7507412109375,3.09784619140625,2.5108887294834505
1758790047.2223864,target,2,2.200869384765625,1.919541259765625,1.0652290159891973
1758790047.2223864,target,3,1.6022684326171874,1.0392276611328124,1.7822839410705416
1758790047.2223864,target,4,1.264980712890625,2.89496923828125,-0.9132769670935189
1758790047.2223864,target,5,1.9064539794921875,1.4885743408203125,-2.064280476260743
1758790047.241964,herder,1,2.88221240234375,2.841845703125,1.2563422495032455
1758790047.241964,herder,2,2.528024658203125,2.91263232421875,0.40407740416657406
1758790047.241964,target,1,2.749290771484375,3.100703857421875,2.496114310704018
1758790047.241964,target,2,2.2008564453125,1.91955712890625,1.0653449966546702
1758790047.241964,target,3,1.6023934326171876,1.03922802734375,1.7848616146896292
1758790047.241964,target,4,1.2641319580078125,2.894234619140625,-0.8988239918576588
1758790047.241964,target,5,1.9067841796875,1.4871075439453125,-2.074413404734331
1758790047.2618594,herder,1,2.884302734375,2.844281005859375,1.2562517020261827
1758790047.2618594,herder,2,2.529986083984375,2.91368115234375,0.40483204415096163
1758790047.2618594,target,1,2.74885009765625,3.103378173828125,2.4838001201396005
1758790047.2618594,target,2,2.200872314453125,1.9195390625,1.0649762154227214
1758790047.2618594,target,3,1.60234619140625,1.0392432861328125,1.7860990524901346
1758790047.2618594,target,4,1.2631260986328126,2.893724609375,-0.8814497952220909
1758790047.2618594,target,5,1.9061412353515625,1.4864427490234375,-2.0644832759777523
1758790047.2819645,herder,1,2.886345947265625,2.846941162109375,1.2558648778778487
1758790047.2819645,herder,2,2.531100830078125,2.91525048828125,0.40781784720710396
1758790047.2819645,target,1,2.748277099609375,3.10613623046875,2.4804962024912482
1758790047.2819645,target,2,2.200875,1.9195169677734376,1.0652995897580844
1758790047.2819645,target,3,1.6022940673828125,1.0392208251953126,1.7860781466755775
1758790047.2819645,target,4,1.263199462890625,2.893901123046875,-0.8918736074657428
1758790047.2819645,target,5,1.905907470703125,1.485804931640625,-2.0614632513016025
1758790047.3019338,herder,1,2.888056884765625,2.84837109375,1.2573273527904658
1758790047.3019338,herder,2,2.53235888671875,2.916474609375,0.40976994428613206
1758790047.3019338,target,1,2.748090576171875,3.109654052734375,2.4826789293206772
1758790047.3019338,target,2,2.20088134765625,1.9195108642578125,1.0653473934996514
1758790047.3019338,target,3,1.6023905029296874,1.03918994140625,1.7841739864961708
1758790047.3019338,target,4,1.263695556640625,2.894434814453125,-0.903668548196622
1758790047.3019338,target,5,1.905775146484375,1.4859825439453125,-2.0814942174406337
1758790047.3220258,herder,1,2.890269287109375,2.850055419921875,1.257751993826279
1758790047.3220258,herder,2,2.534188720703125,2.917629638671875,0.41153555350982735
1758790047.3220258,target,1,2.747211669921875,3.113459716796875,2.4890942180705693
1758790047.3220258,target,2,2.2008525390625,1.919558349609375,1.0652929318553592
1758790047.3220258,target,3,1.6023875732421875,1.0392203369140625,1.7849015621059805
1758790047.3220258,target,4,1.26387109375,2.89491357421875,-0.9031735997080308
1758790047.3220258,target,5,1.9062327880859375,1.4848138427734374,-2.0928249026144847
1758790047.3418796,herder,1,2.892199951171875,2.852732177734375,1.2581101889928945
1758790047.3418796,herder,2,2.53618896484375,2.91922412109375,0.4141673558780709
1758790047.3418796,target,1,2.746671630859375,3.117291748046875,2.500246205135276
1758790047.3418796,target,2,2.200852783203125,1.91955908203125,1.0648438563165445
1758790047.3418796,target,3,1.60243017578125,1.039195068359375,1.7845351111399856
1758790047.3418796,target,4,1.26363427734375,2.894772216796875,-0.9013392143491842
1758790047.3418796,target,5,1.9058360595703125,1.4850418701171875,-2.077134090103956
1758790047.3619788,herder,1,2.893854736328125,2.8545458984375,1.258915129432371
1758790047.3619788,herder,2,2.537681640625,2.920771728515625,0.4171542907776765
1758790047.3619788,target,1,2.745297119140625,3.120917724609375,2.5152688305283037
1758790047.3619788,target,2,2.200859619140625,1.9195540771484374,1.0648348015688383
1758790047.3619788,target,3,1.6024837646484376,1.03917431640625,1.784421394161439
1758790047.3619788,target,4,1.2638299560546875,2.894346923828125,-0.9011021264331399
1758790047.3619788,target,5,1.9052225341796876,1.4849814453125,-2.053115972338913
1758790047.3818688,herder,1,2.895821533203125,2.85664208984375,1.258108457938186
1758790047.3818688,herder,2,2.539263916015625,2.92217578125,0.42030670784951696
1758790047.3818688,target,1,2.744103271484375,3.12530029296875,2.5313865477615725
1758790047.3818688,target,2,2.20085400390625,1.9195523681640625,1.0649973875533876
1758790047.3818688,target,3,1.602431640625,1.0391702880859375,1.7845761238207727
1758790047.3818688,target,4,1.26352490234375,2.8936884765625,-0.8903769109331183
1758790047.3818688,target,5,1.90403466796875,1.4858258056640625,-2.042205267668967
1758790047.4019191,herder,1,2.89731884765625,2.859169677734375,1.2581898175094879
1758790047.4019191,herder,2,2.541014892578125,2.92337841796875,0.42303052243342276
1758790047.4019191,target,1,2.74320263671875,3.129728515625,2.552837777709943
1758790047.4019191,target,2,2.200860595703125,1.919561279296875,1.0652582441821608
1758790047.4019191,target,3,1.6023851318359374,1.0391767578125,1.783573976302576
1758790047.4019191,target,4,1.263193115234375,2.893105712890625,-0.8813167703256415
1758790047.4019191,target,5,1.9037333984375,1.4857799072265625,-2.0482877944406535
1758790047.4219575,herder,1,2.899150634765625,2.860361328125,1.2596574855862306
1758790047.4219575,herder,2,2.543281982421875,2.92470458984375,0.4262698584253406
1758790047.4219575,target,1,2.7411552734375,3.13337060546875,2.5733284054531214
1758790047.4219575,target,2,2.200857666015625,1.9195687255859375,1.064897052959319
1758790047.4219575,target,3,1.6023228759765624,1.0391763916015626,1.7840902300798878
1758790047.4219575,target,4,1.26318212890625,2.892743408203125,-0.8769676951074875
1758790047.4219575,target,5,1.90338916015625,1.484893310546875,-2.044909840913997
1758790047.4419465,herder,1,2.902168701171875,2.86205517578125,1.2600807950414987
1758790047.4419465,herder,2,2.545720458984375,2.92602734375,0.4290785612689927
1758790047.4419465,target,1,2.739562744140625,3.13908203125,2.590929237097455
1758790047.4419465,target,2,2.200859619140625,1.91956494140625,1.065288670797615
1758790047.4419465,target,3,1.6023424072265624,1.0391424560546876,1.7830191066894578
1758790047.4419465,target,4,1.263256591796875,2.892841064453125,-0.878461195846804
1758790047.4419465,target,5,1.9029605712890625,1.4839661865234375,-2.041477825217212
1758790047.4619708,herder,1,2.9037509765625,2.8646748046875,1.2616885453915796
1758790047.4619708,herder,2,2.54702783203125,2.927322265625,0.4309535931239766
1758790047.4619708,target,1,2.738166748046875,3.142955322265625,2.61435227151692
1758790047.4619708,target,2,2.200863037109375,1.9195628662109374,1.0652383370530125
1758790047.4619708,target,3,1.60229931640625,1.0391649169921875,1.7838059376335218
1758790047.4619708,target,4,1.263085205078125,2.892834716796875,-0.876292184296989
1758790047.4619708,target,5,1.903027587890625,1.4836624755859376,-2.0502239125531414
1758790047.4819567,herder,1,2.905385009765625,2.866129638671875,1.26260387385824
1758790047.4819567,herder,2,2.547978271484375,2.928419921875,0.4325541529391142
1758790047.4819567,target,1,2.73538134765625,3.1479658203125,2.6419556698994824
1758790047.4819567,target,2,2.200868896484375,1.919533203125,1.0654244254341818
1758790047.4819567,target,3,1.6023114013671875,1.0391397705078125,1.7852678799139208
1758790047.4819567,target,4,1.26332080078125,2.892846435546875,-0.881124822990074
1758790047.4819567,target,5,1.903781005859375,1.4833599853515624,-2.072350120679792
1758790047.5019312,herder,1,2.9079404296875,2.8684921875,1.2631259865899498
1758790047.5019312,herder,2,2.549947021484375,2.92991796875,0.43627039450323807
1758790047.5019312,target,1,2.73383837890625,3.153606689453125,2.6691801004589264
1758790047.5019312,target,2,2.20086865234375,1.9195460205078125,1.0651121032173427
1758790047.5019312,target,3,1.6024122314453124,1.0391563720703125,1.784651491279622
1758790047.5019312,target,4,1.264057373046875,2.893166015625,-0.8939727110369433
1758790047.5019312,target,5,1.90522021484375,1.4827061767578125,-2.0973412243490954
1758790047.521987,herder,1,2.90942431640625,2.871278564453125,1.2651590437661164
1758790047.521987,herder,2,2.55226025390625,2.93116552734375,0.43879507121663314
1758790047.521987,target,1,2.731510986328125,3.15788623046875,2.697443696475719
1758790047.521987,target,2,2.200865478515625,1.91954541015625,1.065099453202165
1758790047.521987,target,3,1.6024144287109374,1.03913720703125,1.7833976750384126
1758790047.521987,target,4,1.2641669921875,2.893371337890625,-0.8980681201612671
1758790047.521987,target,5,1.906537353515625,1.4815699462890626,-2.116725441817401
1758790047.5419664,herder,1,2.91153662109375,2.872019775390625,1.268008359816392
1758790047.5419664,herder,2,2.554341064453125,2.932436767578125,0.44192438536601714
1758790047.5419664,target,1,2.7283447265625,3.162392333984375,2.720122643686616
1758790047.5419664,target,2,2.20086328125,1.91953857421875,1.0650878018723957
1758790047.5419664,target,3,1.6022998046875,1.0391259765625,1.7809828537199834
1758790047.5419664,target,4,1.263861572265625,2.89322900390625,-0.8901941515033116
1758790047.5419664,target,5,1.9064891357421876,1.4812149658203124,-2.1207625277138518
1758790047.5619648,herder,1,2.9145419921875,2.8733408203125,1.2694629784037934
1758790047.5619648,herder,2,2.55662548828125,2.93400927734375,0.443646418616376
1758790047.5619648,target,1,2.7256533203125,3.16728271484375,2.7365785823783244
1758790047.5619648,target,2,2.2008642578125,1.9195653076171875,1.065360309830938
1758790047.5619648,target,3,1.602282470703125,1.03914697265625,1.7818912579678094
1758790047.5619648,target,4,1.2634234619140625,2.892482666015625,-0.8780715088002982
1758790047.5619648,target,5,1.906214111328125,1.4813060302734375,-2.1188346654007435
1758790047.5819407,herder,1,2.9160830078125,2.876294189453125,1.2706155945235797
1758790047.5819407,herder,2,2.558600830078125,2.935709716796875,0.4445139433414693
1758790047.5819407,target,1,2.722941162109375,3.171178955078125,2.757167480765727
1758790047.5819407,target,2,2.20087939453125,1.9195350341796875,1.0653762887974787
1758790047.5819407,target,3,1.602297607421875,1.0392274169921876,1.7830838215039468
1758790047.5819407,target,4,1.2627244873046874,2.892040771484375,-0.8669828383905079
1758790047.5819407,target,5,1.9062261962890625,1.4812489013671875,-2.1185197466018417
1758790047.601941,herder,1,2.918528564453125,2.879814453125,1.2698392830658216
1758790047.601941,herder,2,2.56069580078125,2.937186767578125,0.4473077324830169
1758790047.601941,target,1,2.719650146484375,3.175800048828125,2.770164505833641
1758790047.601941,target,2,2.200856689453125,1.91956982421875,1.0653435984950979
1758790047.601941,target,3,1.602269287109375,1.0392430419921874,1.7828148422338488
1758790047.601941,target,4,1.262256103515625,2.891681640625,-0.8539368777375641
1758790047.601941,target,5,1.905413330078125,1.4804776611328125,-2.1096302480412117
1758790047.6218925,herder,1,2.9205068359375,2.88202392578125,1.2722482454298527
1758790047.6218925,herder,2,2.562250244140625,2.938515625,0.45045219336110076
1758790047.6218925,target,1,2.716394287109375,3.179885498046875,2.790729968403451
1758790047.6218925,target,2,2.200845947265625,1.9195924072265624,1.0652872060590155
1758790047.6218925,target,3,1.602287841796875,1.03923828125,1.7844735921188046
1758790047.6218925,target,4,1.2617952880859375,2.891188720703125,-0.8411972471890065
1758790047.6218925,target,5,1.9036878662109376,1.481095703125,-2.089024172264778
1758790047.6419377,herder,1,2.92265380859375,2.8829833984375,1.2750747914528084
1758790047.6419377,herder,2,2.56362939453125,2.93945361328125,0.45412745553395095
1758790047.6419377,target,1,2.712741943359375,3.184467041015625,2.8128965234206165
1758790047.6419377,target,2,2.200843505859375,1.919567626953125,1.0651141005881604
1758790047.6419377,target,3,1.602306396484375,1.039179931640625,1.7846980965986985
1758790047.6419377,target,4,1.261005859375,2.890746826171875,-0.8314058691252212
1758790047.6419377,target,5,1.9024754638671875,1.481399658203125,-2.06140346333513
1758790047.661997,herder,1,2.9246826171875,2.885337890625,1.2760443152476517
1758790047.661997,herder,2,2.566090576171875,2.940686767578125,0.45852663147011197
1758790047.661997,target,1,2.710238525390625,3.188681884765625,2.8410738330180907
1758790047.661997,target,2,2.20083984375,1.9195531005859374,1.065061170261495
1758790047.661997,target,3,1.6022987060546876,1.0391817626953126,1.7831095210084662
1758790047.661997,target,4,1.261512939453125,2.890798095703125,-0.8358570099921524
1758790047.661997,target,5,1.9012469482421874,1.4819063720703125,-2.0359485701619895
1758790047.6819575,herder,1,2.926076904296875,2.8885107421875,1.2763973172501417
1758790047.6819575,herder,2,2.56858447265625,2.9423671875,0.4633927594139048
1758790047.6819575,target,1,2.706380615234375,3.192456787109375,2.8728309637528495
1758790047.6819575,target,2,2.20087353515625,1.9195360107421875,1.0656423385903775
1758790047.6819575,target,3,1.6023795166015624,1.03918115234375,1.7833505370871183
1758790047.6819575,target,4,1.262177978515625,2.890914306640625,-0.8454882654953967
1758790047.6819575,target,5,1.9007174072265625,1.482188720703125,-2.033987152019146
1758790047.7019436,herder,1,2.9279912109375,2.89077587890625,1.2767283481736384
1758790047.7019436,herder,2,2.57075732421875,2.944024169921875,0.4691588693585762
1758790047.7019436,target,1,2.7029267578125,3.19619287109375,2.895049184095163
1758790047.7019436,target,2,2.200870849609375,1.9195440673828126,1.065286007636525
1758790047.7019436,target,3,1.6023629150390626,1.0391839599609376,1.7825555835017297
1758790047.7019436,target,4,1.26153173828125,2.890819580078125,-0.8367105531215228
1758790047.7019436,target,5,1.9000672607421876,1.4816727294921874,-2.0260394803780226
1758790047.7220478,herder,1,2.929745849609375,2.892674560546875,1.278154204621267
1758790047.7220478,herder,2,2.572322265625,2.945272705078125,0.47389466885652326
1758790047.7220478,target,1,2.69905615234375,3.200388427734375,2.916690830061474
1758790047.7220478,target,2,2.200864501953125,1.9195252685546875,1.0650362697053029
1758790047.7220478,target,3,1.602292236328125,1.03918115234375,1.7836799701139612
1758790047.7220478,target,4,1.2607320556640624,2.890523193359375,-0.8176861287164873
1758790047.7220478,target,5,1.8992940673828125,1.4811732177734376,-2.0130616300699575
1758790047.7419965,herder,1,2.93123388671875,2.895752685546875,1.2799856605029145
1758790047.7419965,herder,2,2.573412353515625,2.946563720703125,0.478423107974094
1758790047.7419965,target,1,2.6959404296875,3.2044365234375,2.9440779797635215
1758790047.7419965,target,2,2.2008544921875,1.919568603515625,1.0653649703628458
1758790047.7419965,target,3,1.602329345703125,1.03917431640625,1.7841295117059666
1758790047.7419965,target,4,1.2605830078125,2.889694580078125,-0.8017357911577302
1758790047.7419965,target,5,1.8985650634765625,1.48084228515625,-2.0157410364426864
1758790047.761965,herder,1,2.932742919921875,2.898983642578125,1.2821892931469006
1758790047.761965,herder,2,2.57483154296875,2.94793115234375,0.48208099302083146
1758790047.761965,target,1,2.692306884765625,3.20793994140625,2.9696832083801974
1758790047.761965,target,2,2.200869873046875,1.9195362548828125,1.0652802818401812
1758790047.761965,target,3,1.6023515625,1.0391041259765625,1.7842058112711972
1758790047.761965,target,4,1.2603187255859376,2.889547607421875,-0.8014084886597594
1758790047.761965,target,5,1.8990303955078125,1.4796861572265625,-2.029259108977874
1758790047.7819674,herder,1,2.9344560546875,2.900755859375,1.2849934686166995
1758790047.7819674,herder,2,2.57687109375,2.949254638671875,0.4875293545579428
1758790047.7819674,target,1,2.688290771484375,3.211574951171875,2.992296375512169
1758790047.7819674,target,2,2.200847900390625,1.919560791015625,1.0651768180318317
1758790047.7819674,target,3,1.6022833251953126,1.0391827392578126,1.7852614883273046
1758790047.7819674,target,4,1.2608404541015625,2.8899052734375,-0.8159599342769251
1758790047.7819674,target,5,1.899974609375,1.4782762451171876,-2.0534612511742414
1758790047.8019402,herder,1,2.9368046875,2.901575927734375,1.2882457209399043
1758790047.8019402,herder,2,2.57963720703125,2.9504794921875,0.4913033201386941
1758790047.8019402,target,1,2.684216064453125,3.2145703125,3.013840017150365
1758790047.8019402,target,2,2.200851806640625,1.9195694580078124,1.0653171666212788
1758790047.8019402,target,3,1.602371826171875,1.03915869140625,1.7838687882352477
1758790047.8019402,target,4,1.261101318359375,2.89075390625,-0.8332248081497453
1758790047.8019402,target,5,1.9015206298828125,1.476917236328125,-2.091473747835433
1758790047.8220248,herder,1,2.939213623046875,2.903930908203125,1.2915778680958114
1758790047.8220248,herder,2,2.581970458984375,2.9521943359375,0.49392616762777225
1758790047.8220248,target,1,2.679996337890625,3.21798779296875,3.0353333250439585
1758790047.8220248,target,2,2.200863037109375,1.919568603515625,1.0654573154736442
1758790047.8220248,target,3,1.6023111572265625,1.0391898193359375,1.785407163238932
1758790047.8220248,target,4,1.2619644775390626,2.89176416015625,-0.847305406886185
1758790047.8220248,target,5,1.9029515380859374,1.4749322509765626,-2.1289300433029616
1758790047.8420534,herder,1,2.94114990234375,2.907501708984375,1.2938753771682228
1758790047.8420534,herder,2,2.58366064453125,2.953699951171875,0.49486859375852404
1758790047.8420534,target,1,2.67575927734375,3.220768310546875,3.055756574811558
1758790047.8420534,target,2,2.20084228515625,1.91957177734375,1.0651424632537696
1758790047.8420534,target,3,1.6023653564453124,1.0391888427734375,1.7833120544093666
1758790047.8420534,target,4,1.2625718994140624,2.891697265625,-0.8567943830081919
1758790047.8420534,target,5,1.90453173828125,1.473031494140625,-2.1769569577692325
1758790047.8618264,herder,1,2.94289599609375,2.9103271484375,1.297142276877423
1758790047.8618264,herder,2,2.58503759765625,2.955069580078125,0.49695980771499515
1758790047.8618264,target,1,2.671578125,3.224200927734375,3.0840409434848537
1758790047.8618264,target,2,2.2008505859375,1.91955126953125,1.0653363413811274
1758790047.8618264,target,3,1.6024063720703126,1.0392008056640625,1.7845967633192208
1758790047.8618264,target,4,1.2631385498046874,2.8912490234375,-0.858411454422088
1758790047.8618264,target,5,1.9065018310546875,1.470861083984375,-2.2205172184552224
1758790047.8820002,herder,1,2.945232666015625,2.911906005859375,1.3003202270062144
1758790047.8820002,herder,2,2.586621826171875,2.9563896484375,0.5004169569945679
1758790047.8820002,target,1,2.667775634765625,3.227325927734375,3.1044578016658373
1758790047.8820002,target,2,2.200851318359375,1.9195728759765625,1.0652439296913017
1758790047.8820002,target,3,1.602400634765625,1.0391572265625,1.7845174011187366
1758790047.8820002,target,4,1.2635205078125,2.891108642578125,-0.8635049497439462
1758790047.8820002,target,5,1.908943603515625,1.468662841796875,-2.2757869989801276
1758790047.9018683,herder,1,2.947484619140625,2.91480126953125,1.303173138323962
1758790047.9018683,herder,2,2.589235107421875,2.957572509765625,0.5030862766446679
1758790047.9018683,target,1,2.662656005859375,3.230017578125,3.128253944954022
1758790047.9018683,target,2,2.20085595703125,1.9195323486328124,1.0650377344439024
1758790047.9018683,target,3,1.6023690185546875,1.039206298828125,1.7853227410323764
1758790047.9018683,target,4,1.263408203125,2.89183154296875,-0.8731695613398438
1758790047.9018683,target,5,1.91049462890625,1.46687255859375,-2.3156212309849877
1758790047.9220033,herder,1,2.94914013671875,2.917421142578125,1.3070483040261363
1758790047.9220033,herder,2,2.59097412109375,2.9590146484375,0.506549451326207
1758790047.9220033,target,1,2.6582685546875,3.23210107421875,-3.1270885456610036
1758790047.9220033,target,2,2.200879638671875,1.91949951171875,1.065329084267157
1758790047.9220033,target,3,1.602343017578125,1.03919140625,1.784786779862998
1758790047.9220033,target,4,1.263504150390625,2.89239208984375,-0.8742587942256862
1758790047.9220033,target,5,1.91188916015625,1.4658792724609375,-2.3285098653965353
1758790047.941955,herder,1,2.951257080078125,2.918883056640625,1.3111350578769172
1758790047.941955,herder,2,2.592298828125,2.960493408203125,0.5091443356238393
1758790047.941955,target,1,2.653417724609375,3.23424853515625,-3.102259628502086
1758790047.941955,target,2,2.2008798828125,1.919490966796875,1.0651656327552534
1758790047.941955,target,3,1.602254150390625,1.03920263671875,1.7842711918759586
1758790047.941955,target,4,1.263380615234375,2.892184814453125,-0.8710121345407706
1758790047.941955,target,5,1.9117969970703126,1.46597607421875,-2.323263438049079
1758790047.9619217,herder,1,2.952885498046875,2.9215048828125,1.3142725279571397
1758790047.9619217,herder,2,2.59438037109375,2.961998046875,0.5126935636981015
1758790047.9619217,target,1,2.648876953125,3.236795166015625,-3.0787484434505394
1758790047.9619217,target,2,2.200877685546875,1.9195302734375,1.0654418025602945
1758790047.9619217,target,3,1.602218017578125,1.039147216796875,1.7836860953844682
1758790047.9619217,target,4,1.2633980712890625,2.892168212890625,-0.871201418715248
1758790047.9619217,target,5,1.912738525390625,1.46643603515625,-2.333266537419526
1758790047.9819806,herder,1,2.954447265625,2.92525439453125,1.3162781545740783
1758790047.9819806,herder,2,2.5972685546875,2.963369384765625,0.5169858802955231
1758790047.9819806,target,1,2.644254150390625,3.23900341796875,-3.055104632976707
1758790047.9819806,target,2,2.200864990234375,1.919554931640625,1.0653903369722288
1758790047.9819806,target,3,1.6023480224609374,1.0391131591796876,1.7835719789317583
1758790047.9819806,target,4,1.2633885498046875,2.89214990234375,-0.871680188500217
1758790047.9819806,target,5,1.913237060546875,1.46658056640625,-2.350717965726706
1758790048.0018725,herder,1,2.95631103515625,2.92744189453125,1.3191000400651263
1758790048.0018725,herder,2,2.599179443359375,2.965166748046875,0.5223502191002425
1758790048.0018725,target,1,2.639167236328125,3.240877685546875,-3.025794148335404
1758790048.0018725,target,2,2.200868408203125,1.9195521240234374,1.0654636404812332
1758790048.0018725,target,3,1.6024786376953124,1.0390474853515625,1.781525472792087
1758790048.0018725,target,4,1.263557373046875,2.8922470703125,-0.8750589409752005
1758790048.0018725,target,5,1.913450927734375,1.4652711181640625,-2.36496854071972
1758790048.022045,herder,1,2.958660400390625,2.929385498046875,1.3233696199247413
1758790048.022045,herder,2,2.600924072265625,2.966546875,0.5263343746700283
1758790048.022045,target,1,2.63427197265625,3.242163818359375,-3.005198858361385
1758790048.022045,target,2,2.200849609375,1.919570068359375,1.0650982547796743
1758790048.022045,target,3,1.6023016357421875,1.0391923828125,1.784057739514589
1758790048.022045,target,4,1.26386279296875,2.8926396484375,-0.8869517528761401
1758790048.022045,target,5,1.91410009765625,1.464334228515625,-2.376970076172162
1758790048.0419397,herder,1,2.96045361328125,2.932776123046875,1.327513631738959
1758790048.0419397,herder,2,2.602709228515625,2.967804931640625,0.529471811460737
1758790048.0419397,target,1,2.628931884765625,3.244512939453125,-2.981527084696107
1758790048.0419397,target,2,2.200837890625,1.9195694580078124,1.065243463638111
1758790048.0419397,target,3,1.6023089599609375,1.0391405029296874,1.7847584171973887
1758790048.0419397,target,4,1.263664794921875,2.893213134765625,-0.8895824899799476
1758790048.0419397,target,5,1.91387109375,1.46469287109375,-2.3719446911951825
1758790048.0618703,herder,1,2.9621240234375,2.93585498046875,1.331779483173048
1758790048.0618703,herder,2,2.6044296875,2.968982177734375,0.5328671088239926
1758790048.0618703,target,1,2.624197021484375,3.245723388671875,-2.9597783796539745
1758790048.0618703,target,2,2.200856201171875,1.9195657958984376,1.064984071747937
1758790048.0618703,target,3,1.6024542236328125,1.0390716552734376,1.782618833577619
1758790048.0618703,target,4,1.2625616455078126,2.89346630859375,-0.8724799357755678
1758790048.0618703,target,5,1.9137261962890626,1.4650040283203125,-2.3588006596350963
1758790048.081901,herder,1,2.964549560546875,2.9381357421875,1.336485555135327
1758790048.081901,herder,2,2.60639599609375,2.970257080078125,0.5366875465657658
1758790048.081901,target,1,2.61912255859375,3.247224853515625,-2.9351031268899543
1758790048.081901,target,2,2.20086767578125,1.91952978515625,1.065106377420999
1758790048.081901,target,3,1.6024080810546875,1.03918505859375,1.7831344215646583
1758790048.081901,target,4,1.262543212890625,2.893090087890625,-0.8647343314821541
1758790048.081901,target,5,1.91343310546875,1.4659407958984374,-2.350149647150083
1758790048.1019666,herder,1,2.96652587890625,2.94051611328125,1.3405352910469561
1758790048.1019666,herder,2,2.608829833984375,2.971673095703125,0.5414088318357719
1758790048.1019666,target,1,2.61432470703125,3.248136962890625,-2.912065984512442
1758790048.1019666,target,2,2.200850341796875,1.9195589599609375,1.0651569109026833
1758790048.1019666,target,3,1.6024803466796875,1.0391453857421875,1.783927244621175
1758790048.1019666,target,4,1.2624273681640625,2.89268701171875,-0.8663646521224734
1758790048.1019666,target,5,1.913687255859375,1.4659013671875,-2.357272537801609
1758790048.1219664,herder,1,2.96793798828125,2.9431181640625,1.343708846959949
1758790048.1219664,herder,2,2.61134716796875,2.973148193359375,0.5453640255287031
1758790048.1219664,target,1,2.608783203125,3.249244384765625,-2.8914744229639493
1758790048.1219664,target,2,2.20085693359375,1.91958251953125,1.0652101075454576
1758790048.1219664,target,3,1.6024830322265624,1.0391612548828124,1.7841994196845812
1758790048.1219664,target,4,1.263306396484375,2.892624755859375,-0.8741030658809438
1758790048.1219664,target,5,1.9137601318359374,1.465716064453125,-2.3553734376282733
1758790048.1419532,herder,1,2.97025634765625,2.9456728515625,1.3481838896976637
1758790048.1419532,herder,2,2.61330615234375,2.974820068359375,0.5486080553420423
1758790048.1419532,target,1,2.604163818359375,3.24920849609375,-2.8796838098698414
1758790048.1419532,target,2,2.200869873046875,1.919538818359375,1.0652224912445265
1758790048.1419532,target,3,1.60245166015625,1.0391224365234375,1.784954026379455
1758790048.1419532,target,4,1.2638638916015625,2.892851806640625,-0.8892062518969467
1758790048.1419532,target,5,1.913559814453125,1.464656005859375,-2.356924995279354
1758790048.1619012,herder,1,2.97206005859375,2.948543701171875,1.3534191317685413
1758790048.1619012,herder,2,2.6144462890625,2.97632666015625,0.550492175234246
1758790048.1619012,target,1,2.600452392578125,3.249431396484375,-2.874422468820281
1758790048.1619012,target,2,2.200846435546875,1.919562255859375,1.0653649703628458
1758790048.1619012,target,3,1.6024644775390624,1.039139892578125,1.7847958346107042
1758790048.1619012,target,4,1.2645592041015625,2.893685546875,-0.9063871030373749
1758790048.1619012,target,5,1.9135736083984376,1.4645631103515624,-2.358279745325877
1758790048.181828,herder,1,2.973145263671875,2.95144970703125,1.359002315835838
1758790048.181828,herder,2,2.61565234375,2.97728857421875,0.551687901274178
1758790048.181828,target,1,2.59609033203125,3.248795166015625,-2.873707143751486
1758790048.181828,target,2,2.20087060546875,1.9195408935546876,1.0653500566607412
1758790048.181828,target,3,1.6024114990234375,1.0392093505859374,1.7852122198471383
1758790048.181828,target,4,1.2652369384765625,2.89427294921875,-0.9226364470075206
1758790048.181828,target,5,1.913590576171875,1.46443212890625,-2.3566195307023214
1758790048.2019196,herder,1,2.974740234375,2.9529560546875,1.3648566097021047
1758790048.2019196,herder,2,2.61747119140625,2.978387451171875,0.5554100350822136
1758790048.2019196,target,1,2.591519775390625,3.2474306640625,-2.8732253779102903
1758790048.2019196,target,2,2.200875,1.919556640625,1.06543634308006
1758790048.2019196,target,3,1.6023974609375,1.039208740234375,1.7854831964880538
1758790048.2019196,target,4,1.2653846435546876,2.894674560546875,-0.926424727079131
1758790048.2019196,target,5,1.914166015625,1.463931396484375,-2.3726208677959537
1758790048.2219355,herder,1,2.976974609375,2.954547119140625,1.3703375283835422
1758790048.2219355,herder,2,2.620074462890625,2.97949951171875,0.5599270891861242
1758790048.2219355,target,1,2.587856689453125,3.24608056640625,-2.87647629865295
1758790048.2219355,target,2,2.200864501953125,1.9195418701171876,1.065494266833769
1758790048.2219355,target,3,1.602434814453125,1.0391446533203126,1.7832996707102977
1758790048.2219355,target,4,1.26505224609375,2.894767333984375,-0.9168755635164885
1758790048.2219355,target,5,1.91489892578125,1.4632098388671875,-2.398573638934885
1758790048.2419262,herder,1,2.978482177734375,2.957890380859375,1.374129070827488
1758790048.2419262,herder,2,2.6217548828125,2.9806494140625,0.5626284000588189
1758790048.2419262,target,1,2.58397265625,3.24430224609375,-2.8826068954823123
1758790048.2419262,target,2,2.200865966796875,1.919545654296875,1.0650076407235844
1758790048.2419262,target,3,1.6022694091796874,1.0392252197265626,1.7805492910945184
1758790048.2419262,target,4,1.265010009765625,2.894876953125,-0.9207560555408429
1758790048.2419262,target,5,1.915487548828125,1.4623973388671876,-2.4157417069020806
1758790048.2619882,herder,1,2.98011083984375,2.96090673828125,1.3775744023297236
1758790048.2619882,herder,2,2.622333984375,2.981697265625,0.5645468081500574
1758790048.2619882,target,1,2.5799404296875,3.242458984375,-2.88554169900358
1758790048.2619882,target,2,2.20085107421875,1.919552978515625,1.0650486534043717
1758790048.2619882,target,3,1.6023828125,1.0392271728515625,1.7838454855757095
1758790048.2619882,target,4,1.2656488037109375,2.894675048828125,-0.9324478653585088
1758790048.2619882,target,5,1.9161094970703125,1.4619906005859375,-2.4254100469235045
1758790048.282301,herder,1,2.981683837890625,2.962531982421875,1.382984480926165
1758790048.282301,herder,2,2.623286865234375,2.98256396484375,0.5684360886060091
1758790048.282301,target,1,2.57458251953125,3.2409296875,-2.8931607365661876
1758790048.282301,target,2,2.20087255859375,1.9195234375,1.0650447252417636
1758790048.282301,target,3,1.6024189453125,1.0392218017578125,1.7842570771221813
1758790048.282301,target,4,1.2660543212890625,2.89426904296875,-0.932364441837362
1758790048.282301,target,5,1.916975830078125,1.462237548828125,-2.439113874944725
1758790048.3020399,herder,1,2.98333447265625,2.96409912109375,1.3896031020252844
1758790048.3020399,herder,2,2.625158203125,2.983585693359375,0.5730966870926751
1758790048.3020399,target,1,2.570174072265625,3.23958251953125,-2.895368763425972
1758790048.3020399,target,2,2.200869140625,1.9195518798828124,1.0648382636782554
1758790048.3020399,target,3,1.602384765625,1.039101806640625,1.7830934088838712
1758790048.3020399,target,4,1.266048095703125,2.89390625,-0.9310381876145026
1758790048.3020399,target,5,1.917021240234375,1.462638671875,-2.4362033061893773
1758790048.3220353,herder,1,2.98506640625,2.966329833984375,1.3964387707532453
1758790048.3220353,herder,2,2.627321533203125,2.98481005859375,0.5786222803013987
1758790048.3220353,target,1,2.565865478515625,3.2378251953125,-2.8994918694256326
1758790048.3220353,target,2,2.200872314453125,1.9195494384765626,1.0651690948646704
1758790048.3220353,target,3,1.6023570556640625,1.0392115478515624,1.7840922274507054
1758790048.3220353,target,4,1.2653653564453125,2.893999267578125,-0.9244113107160039
1758790048.3220353,target,5,1.9165267333984375,1.462458984375,-2.429133412443544
1758790048.3419435,herder,1,2.986287841796875,2.96861865234375,1.4026147744791937
1758790048.3419435,herder,2,2.629049560546875,2.9860771484375,0.5827929903055445
1758790048.3419435,target,1,2.561005615234375,3.2361640625,-2.90223332745176
1758790048.3419435,target,2,2.200865966796875,1.9195311279296876,1.065095525039557
1758790048.3419435,target,3,1.6024171142578125,1.0391815185546875,1.78510436182299
1758790048.3419435,target,4,1.2657152099609374,2.893956298828125,-0.9155779382753474
1758790048.3419435,target,5,1.9162769775390625,1.462520751953125,-2.4303608633899616
1758790048.3619783,herder,1,2.987957763671875,2.970814697265625,1.4096087681339597
1758790048.3619783,herder,2,2.63019140625,2.98714404296875,0.587316302838017
1758790048.3619783,target,1,2.55521044921875,3.234950439453125,-2.9095871141697964
1758790048.3619783,target,2,2.20084619140625,1.9195633544921875,1.065045324453009
1758790048.3619783,target,3,1.6024097900390626,1.03916650390625,1.7836264405760505
1758790048.3619783,target,4,1.265748291015625,2.893298583984375,-0.9154608257664111
1758790048.3619783,target,5,1.9166507568359374,1.4628416748046875,-2.4313283898139875
1758790048.381921,herder,1,2.989271728515625,2.972619140625,1.4190097267819395
1758790048.381921,herder,2,2.631012939453125,2.987552490234375,0.5919461418140924
1758790048.381921,target,1,2.54980810546875,3.2325693359375,-2.9115123133218144
1758790048.381921,target,2,2.200857666015625,1.9195513916015625,1.0652481241700185
1758790048.381921,target,3,1.602418212890625,1.0391016845703125,1.7836919543388665
1758790048.381921,target,4,1.2657738037109374,2.89308837890625,-0.9176495447082927
1758790048.381921,target,5,1.9168837890625,1.463516357421875,-2.4141603218467917
1758790048.401938,herder,1,2.9905634765625,2.97521923828125,1.430533624292876
1758790048.401938,herder,2,2.63243359375,2.987932861328125,0.5976345873234744
1758790048.401938,target,1,2.54493701171875,3.23201123046875,-2.907757256184803
1758790048.401938,target,2,2.20085498046875,1.9195814208984374,1.0650496520897803
1758790048.401938,target,3,1.602248779296875,1.039186279296875,1.781884600065084
1758790048.401938,target,4,1.26565185546875,2.8931142578125,-0.9172417481663744
1758790048.401938,target,5,1.9167935791015625,1.4635,-2.4044829270776615
1758790048.4220388,herder,1,2.99203076171875,2.97825927734375,1.4424801654688078
1758790048.4220388,herder,2,2.633560546875,2.988858154296875,0.6027961264111843
1758790048.4220388,target,1,2.5389912109375,3.230487548828125,-2.908905344930736
1758790048.4220388,target,2,2.200868408203125,1.9195389404296874,1.0649423266978502
1758790048.4220388,target,3,1.6023262939453125,1.0391495361328125,1.7830497330419939
1758790048.4220388,target,4,1.2657830810546875,2.89324609375,-0.9192190121177036
1758790048.4220388,target,5,1.9168609619140624,1.4636171875,-2.417126284352813
1758790048.4419749,herder,1,2.99300146484375,2.9799443359375,1.452548911760125
1758790048.4419749,herder,2,2.634335693359375,2.989634033203125,0.6072332856823925
1758790048.4419749,target,1,2.533794921875,3.22864697265625,-2.9047854347243836
1758790048.4419749,target,2,2.200863525390625,1.919578857421875,1.065287072900961
1758790048.4419749,target,3,1.602265625,1.0391722412109374,1.7824712944532286
1758790048.4419749,target,4,1.2656390380859375,2.89317529296875,-0.9158972512900478
1758790048.4419749,target,5,1.916980712890625,1.4632855224609376,-2.434000871967882
1758790048.4618444,herder,1,2.994334716796875,2.981514404296875,1.462725782391699
1758790048.4618444,herder,2,2.635664794921875,2.99032763671875,0.6133343214236551
1758790048.4618444,target,1,2.52774560546875,3.2269716796875,-2.9098920461146105
1758790048.4618444,target,2,2.20084814453125,1.919585205078125,1.0650154304697728
1758790048.4618444,target,3,1.6024415283203124,1.0391400146484375,1.7848304557048753
1758790048.4618444,target,4,1.26523583984375,2.89326513671875,-0.9138483483053954
1758790048.4618444,target,5,1.9170535888671876,1.4623026123046876,-2.4339811645758154
1758790048.4819665,herder,1,2.995593017578125,2.984221923828125,1.4732886782232804
1758790048.4819665,herder,2,2.637045166015625,2.99127978515625,0.6192578574782638
1758790048.4819665,target,1,2.521921142578125,3.22552734375,-2.915784290026411
1758790048.4819665,target,2,2.20086083984375,1.9195673828125,1.0650200910016805
1758790048.4819665,target,3,1.60234716796875,1.0391658935546875,1.7841620022712654
1758790048.4819665,target,4,1.26580517578125,2.8935087890625,-0.9233732771021183
1758790048.4819665,target,5,1.91620361328125,1.4627662353515625,-2.41878862950524
1758790048.501939,herder,1,2.99651171875,2.986283203125,1.484413900519032
1758790048.501939,herder,2,2.63790869140625,2.99240234375,0.6254672838758926
1758790048.501939,target,1,2.516009765625,3.223435546875,-2.919950539235731
1758790048.501939,target,2,2.200864013671875,1.9195565185546875,1.0655295537182126
1758790048.501939,target,3,1.60237353515625,1.0391754150390624,1.7843380372193196
1758790048.501939,target,4,1.2666309814453125,2.89410546875,-0.9439821491976965
1758790048.501939,target,5,1.91599658203125,1.4629075927734374,-2.408248636859034
1758790048.5219111,herder,1,2.99757421875,2.98834619140625,1.4951861208122934
1758790048.5219111,herder,2,2.63872021484375,2.99268896484375,0.6322022185356212
1758790048.5219111,target,1,2.5103974609375,3.222201416015625,-2.923290409558799
1758790048.5219111,target,2,2.20084765625,1.9195604248046876,1.065098387937729
1758790048.5219111,target,3,1.602396240234375,1.039162841796875,1.7843906346508487
1758790048.5219111,target,4,1.26753759765625,2.89483642578125,-0.9603518680491138
1758790048.5219111,target,5,1.9159951171875,1.462840576171875,-2.421297593568204
1758790048.541983,herder,1,2.99841748046875,2.991052978515625,1.5053306340366233
1758790048.541983,herder,2,2.63944970703125,2.99306494140625,0.6386087188539158
1758790048.541983,target,1,2.504656982421875,3.22020654296875,-2.927596741041457
1758790048.541983,target,2,2.20085986328125,1.9195653076171875,1.065368765367399
1758790048.541983,target,3,1.6021756591796874,1.039255126953125,1.7812989709413758
1758790048.541983,target,4,1.268620849609375,2.895402587890625,-0.9779244701858926
1758790048.541983,target,5,1.9165517578125,1.46216796875,-2.446868467406818
1758790048.5621572,herder,1,2.99970361328125,2.993335205078125,1.513756076777307
1758790048.5621572,herder,2,2.640522705078125,2.994063232421875,0.6454417244207866
1758790048.5621572,target,1,2.498448486328125,3.219183837890625,-2.9304306107574103
1758790048.5621572,target,2,2.200869384765625,1.91952978515625,1.0655932032682656
1758790048.5621572,target,3,1.6023931884765625,1.0391864013671874,1.783123502604189
1758790048.5621572,target,4,1.269304443359375,2.8957333984375,-0.9889926342552892
1758790048.5621572,target,5,1.9181981201171876,1.461005615234375,-2.475989068662398
1758790048.5822866,herder,1,3.000470458984375,2.995453369140625,1.5216599394184986
1758790048.5822866,herder,2,2.641628173828125,2.994473876953125,0.6511956171139573
1758790048.5822866,target,1,2.4922626953125,3.217739501953125,-2.934223484781901
1758790048.5822866,target,2,2.20083837890625,1.91956201171875,1.065259309446597
1758790048.5822866,target,3,1.60235595703125,1.0391861572265626,1.78298368664696
1758790048.5822866,target,4,1.2694896240234375,2.895778564453125,-0.993825472685456
1758790048.5822866,target,5,1.9195064697265625,1.4591409912109374,-2.5162238400952064
1758790048.6020274,herder,1,3.00126025390625,2.997675537109375,1.5285452761007894
1758790048.6020274,herder,2,2.642481201171875,2.99524462890625,0.6568634897039185
1758790048.6020274,target,1,2.486201171875,3.215981201171875,-2.934082603560236
1758790048.6020274,target,2,2.200859130859375,1.9195611572265625,1.0653296834784023
1758790048.6020274,target,3,1.602291015625,1.039187255859375,1.7836188505669437
1758790048.6020274,target,4,1.269835205078125,2.89553759765625,-0.9992472026116666
1758790048.6020274,target,5,1.9209267578125,1.4574898681640625,-2.5557528738391433
1758790048.621864,herder,1,3.0027509765625,2.998890625,1.53420928710717
1758790048.621864,herder,2,2.643468994140625,2.9961337890625,0.6643084231102622
1758790048.621864,target,1,2.480556396484375,3.214460205078125,-2.9382656306844237
1758790048.621864,target,2,2.200856689453125,1.91953955078125,1.065292332644114
1758790048.621864,target,3,1.6022957763671875,1.0392115478515624,1.7837975486760882
1758790048.621864,target,4,1.2699453125,2.89563916015625,-0.9991920751771018
1758790048.621864,target,5,1.921671630859375,1.456130859375,-2.577343120796416
