time,type,id,x,y,yaw
1758795021.5426886,herder,1,1.4145595703125,2.2185478515625,-2.7311936706541844
1758795021.5426886,herder,2,0.18880746459960937,-3.140353759765625,1.7860022465845102
1758795021.5426886,target,1,-0.7527249755859375,-2.06408154296875,-2.917310547647135
1758795021.5426886,target,2,0.44969073486328126,2.64680517578125,-0.31828410241334854
1758795021.5426886,target,3,-2.76262646484375,-1.482958984375,0.043724103349678786
1758795021.5426886,target,4,-2.07126318359375,1.50328955078125,-0.6467414136117725
1758795021.5426886,target,5,2.90249755859375,-0.6899669189453125,-0.5543426401173098
1758795021.5624647,herder,1,1.4145709228515626,2.21856005859375,-2.7312711686419058
1758795021.5624647,herder,2,0.188830078125,-3.140350341796875,1.786057906651293
1758795021.5624647,target,1,-0.75268505859375,-2.06407568359375,-2.9175233342182323
1758795021.5624647,target,2,0.44969268798828127,2.646809814453125,-0.31808712836122355
1758795021.5624647,target,3,-2.76262451171875,-1.482975830078125,0.04261083959618762
1758795021.5624647,target,4,-2.071248046875,1.5032764892578125,-0.6463360139148352
1758795021.5624647,target,5,2.90253076171875,-0.6899345092773438,-0.5537539150688342
1758795021.5823798,herder,1,1.4145809326171874,2.2185654296875,-2.7312607823136545
1758795021.5823798,herder,2,0.1888243408203125,-3.140345458984375,1.7860121002805436
1758795021.5823798,target,1,-0.752650390625,-2.064078369140625,-2.917244234935992
1758795021.5823798,target,2,0.4496937255859375,2.64680517578125,-0.31856663051549233
1758795021.5823798,target,3,-2.762605712890625,-1.4829637451171875,0.04336674042090378
1758795021.5823798,target,4,-2.07124169921875,1.50332421875,-0.6474779773902613
1758795021.5823798,target,5,2.9025322265625,-0.6898964233398438,-0.5541849144017499
1758795021.602506,herder,1,1.4145765380859374,2.218543701171875,-2.7313004634138967
1758795021.602506,herder,2,0.18882757568359376,-3.140363037109375,1.7860974545934805
1758795021.602506,target,1,-0.7527002563476562,-2.06409033203125,-2.917186710656446
1758795021.602506,target,2,0.44968576049804687,2.646809326171875,-0.3182954208479814
1758795021.602506,target,3,-2.762629638671875,-1.482994140625,0.04327260599874788
1758795021.602506,target,4,-2.071204833984375,1.503327880859375,-0.6457607045403508
1758795021.602506,target,5,2.90253466796875,-0.6899071044921875,-0.5549327966148714
1758795021.6225405,herder,1,1.4145709228515626,2.218541015625,-2.7315377510670227
1758795021.6225405,herder,2,0.18882989501953126,-3.1403681640625,1.7860203560799228
1758795021.6225405,target,1,-0.7527031860351563,-2.064067626953125,-2.917810422983743
1758795021.6225405,target,2,0.4496832580566406,2.646809814453125,-0.31896530573067716
1758795021.6225405,target,3,-2.76262255859375,-1.4829876708984375,0.041695269780553594
1758795021.6225405,target,4,-2.071204345703125,1.503376220703125,-0.6454966521182695
1758795021.6225405,target,5,2.902540283203125,-0.6899174194335937,-0.5539525203071268
1758795021.642258,herder,1,1.4145452880859375,2.218535888671875,-2.731343872939665
1758795021.642258,herder,2,0.18882008361816408,-3.140361572265625,1.7860874677393928
1758795021.642258,target,1,-0.7526585693359376,-2.06409716796875,-2.9181651560409416
1758795021.642258,target,2,0.4496813049316406,2.6468203125,-0.31842724732194033
1758795021.642258,target,3,-2.76262451171875,-1.4829573974609376,0.04265273861027513
1758795021.642258,target,4,-2.071221435546875,1.5033389892578124,-0.6457824758822622
1758795021.642258,target,5,2.902542236328125,-0.6899318237304688,-0.5534541097091186
1758795021.6627133,herder,1,1.414551025390625,2.2185517578125,-2.7312099159368337
1758795021.6627133,herder,2,0.18881776428222657,-3.1403642578125,1.7860583061254565
1758795021.6627133,target,1,-0.75262548828125,-2.064116943359375,-2.9179054978346586
1758795021.6627133,target,2,0.4496777038574219,2.64681689453125,-0.3180962496879571
1758795021.6627133,target,3,-2.762628173828125,-1.4829552001953126,0.04353360826914326
1758795021.6627133,target,4,-2.07125439453125,1.503302001953125,-0.6456236849022663
1758795021.6627133,target,5,2.902524658203125,-0.689919189453125,-0.5543066874425938
1758795021.6824691,herder,1,1.4145706787109376,2.21856982421875,-2.731284484447356
1758795021.6824691,herder,2,0.18882154846191407,-3.140351806640625,1.786146723073647
1758795021.6824691,target,1,-0.7526387329101563,-2.0640869140625,-2.9183579689038632
1758795021.6824691,target,2,0.4496799011230469,2.64680859375,-0.31860314911194004
1758795021.6824691,target,3,-2.762680908203125,-1.483050537109375,0.04419599468889481
1758795021.6824691,target,4,-2.071255859375,1.5033099365234375,-0.6466672445754138
1758795021.6824691,target,5,2.902520263671875,-0.6899320678710937,-0.5539017537988472
1758795021.7023401,herder,1,1.4145797119140624,2.21858203125,-2.731181952745388
1758795021.7023401,herder,2,0.1888355255126953,-3.14034033203125,1.785976280763882
1758795021.7023401,target,1,-0.752656494140625,-2.064076171875,-2.9181941844968233
1758795021.7023401,target,2,0.44968447875976564,2.646806640625,-0.3189659715209497
1758795021.7023401,target,3,-2.762636474609375,-1.4829715576171876,0.04307438775105113
1758795021.7023401,target,4,-2.071281005859375,1.503325439453125,-0.6465475354844148
1758795021.7023401,target,5,2.90250537109375,-0.68991552734375,-0.5545316579756783
1758795021.7222502,herder,1,1.41458837890625,2.2185546875,-2.731314045535456
1758795021.7222502,herder,2,0.18883705139160156,-3.14035791015625,1.7859862676179696
1758795021.7222502,target,1,-0.75266650390625,-2.064082275390625,-2.9175933753549015
1758795021.7222502,target,2,0.4496825866699219,2.64680712890625,-0.31861906149945324
1758795021.7222502,target,3,-2.76261962890625,-1.482947265625,0.04284250964388929
1758795021.7222502,target,4,-2.071253173828125,1.5032947998046875,-0.6444528261290129
1758795021.7222502,target,5,2.902504150390625,-0.68994482421875,-0.5560103781709447
1758795021.742259,herder,1,1.4145751953125,2.218539794921875,-2.7314253656690215
1758795021.742259,herder,2,0.18882075500488282,-3.140361572265625,1.7859006469889236
1758795021.742259,target,1,-0.7526824340820313,-2.064078125,-2.9179941810989583
1758795021.742259,target,2,0.44969088745117186,2.646798583984375,-0.3182311387971696
1758795021.742259,target,3,-2.7625009765625,-1.4828167724609376,0.047518729234824204
1758795021.742259,target,4,-2.071241943359375,1.5032982177734375,-0.6460471940946161
1758795021.742259,target,5,2.902510498046875,-0.689970458984375,-0.5556627024906349
1758795021.7626958,herder,1,1.414556640625,2.218540283203125,-2.7312325528060994
1758795021.7626958,herder,2,0.18882322692871092,-3.14036181640625,1.7860488519035866
1758795021.7626958,target,1,-0.7526693725585938,-2.06407470703125,-2.917838386175189
1758795021.7626958,target,2,0.44968438720703124,2.646801513671875,-0.3185420295649227
1758795021.7626958,target,3,-2.762596923828125,-1.4829168701171875,0.044881284294021044
1758795021.7626958,target,4,-2.0712861328125,1.5033248291015624,-0.6477243197910936
1758795021.7626958,target,5,2.902498779296875,-0.6899483032226562,-0.5553331363057376
1758795021.7822843,herder,1,1.4145484619140625,2.218543701171875,-2.7312695707452517
1758795021.7822843,herder,2,0.18880464172363282,-3.140364990234375,1.7858845348643286
1758795021.7822843,target,1,-0.752680908203125,-2.064076904296875,-2.9165661941224577
1758795021.7822843,target,2,0.4496952209472656,2.646811767578125,-0.31851669624505335
1758795021.7822843,target,3,-2.762633544921875,-1.482998046875,0.04168447149457116
1758795021.7822843,target,4,-2.07127587890625,1.5032935791015625,-0.6461945334819248
1758795021.7822843,target,5,2.902506103515625,-0.6898961791992188,-0.5570529058691699
1758795021.8024964,herder,1,1.4145531005859375,2.218555419921875,-2.731253059146493
1758795021.8024964,herder,2,0.18880877685546876,-3.140362060546875,1.7859565733718155
1758795021.8024964,target,1,-0.7526803588867188,-2.064074462890625,-2.9174237319934635
1758795021.8024964,target,2,0.4496929626464844,2.64679833984375,-0.3184765158021068
1758795021.8024964,target,3,-2.762681884765625,-1.483015380859375,0.043560040142962296
1758795021.8024964,target,4,-2.07127880859375,1.5032684326171875,-0.6458722244109979
1758795021.8024964,target,5,2.902516845703125,-0.6899097290039062,-0.556573403714901
1758795021.8224773,herder,1,1.4145677490234374,2.218565185546875,-2.731321236070399
1758795021.8224773,herder,2,0.1888129425048828,-3.140355712890625,1.7859168922715731
1758795021.8224773,target,1,-0.7527041015625,-2.064080078125,-2.917646105944485
1758795021.8224773,target,2,0.44968365478515626,2.646811279296875,-0.31876443680545796
1758795021.8224773,target,3,-2.7626669921875,-1.4829993896484375,0.042813630990818745
1758795021.8224773,target,4,-2.07127197265625,1.503305908203125,-0.6471396893527939
1758795021.8224773,target,5,2.902490966796875,-0.68996240234375,-0.5562703692723637
1758795021.842288,herder,1,1.4145877685546875,2.218555419921875,-2.7312597170492183
1758795021.842288,herder,2,0.1888352813720703,-3.140352294921875,1.7860440582136246
1758795021.842288,target,1,-0.752693359375,-2.064062744140625,-2.9166868353198385
1758795021.842288,target,2,0.44968817138671874,2.6468095703125,-0.31812787472590176
1758795021.842288,target,3,-2.762674560546875,-1.483026611328125,0.043577292433398966
1758795021.842288,target,4,-2.071299560546875,1.5033115234375,-0.6469054643349215
1758795021.842288,target,5,2.9025107421875,-0.6899466552734375,-0.555868564842898
1758795021.8626585,herder,1,1.4145738525390625,2.2185458984375,-2.7313289592375605
1758795021.8626585,herder,2,0.18884048461914063,-3.140368896484375,1.7860023797425648
1758795021.8626585,target,1,-0.75268701171875,-2.064083740234375,-2.9174471678110563
1758795021.8626585,target,2,0.449692626953125,2.646800048828125,-0.31843846588803226
1758795021.8626585,target,3,-2.762616455078125,-1.4829775390625,0.043875678827596326
1758795021.8626585,target,4,-2.0712724609375,1.503351806640625,-0.6478408330887845
1758795021.8626585,target,5,2.902494873046875,-0.689936279296875,-0.555668295128924
1758795021.8823042,herder,1,1.4145567626953126,2.21854345703125,-2.7311286895235867
1758795021.8823042,herder,2,0.18882861328125,-3.140361328125,1.7860524471710582
1758795021.8823042,target,1,-0.7526912231445313,-2.06405859375,-2.91820856556671
1758795021.8823042,target,2,0.44968743896484376,2.64682177734375,-0.3192883804604174
1758795021.8823042,target,3,-2.762622802734375,-1.4829495849609375,0.0429376926857244
1758795021.8823042,target,4,-2.071280517578125,1.5033228759765624,-0.6478795155036179
1758795021.8823042,target,5,2.902505859375,-0.6899598999023437,-0.5556131011153321
1758795021.902437,herder,1,1.41454443359375,2.21853564453125,-2.731316708696546
1758795021.902437,herder,2,0.18882479858398438,-3.140364501953125,1.7860370008367357
1758795021.902437,target,1,-0.7527310791015625,-2.06405419921875,-2.9171555516716925
1758795021.902437,target,2,0.44969021606445314,2.6468056640625,-0.3184852376546768
1758795021.902437,target,3,-2.76266357421875,-1.482976806640625,0.04337019420794248
1758795021.902437,target,4,-2.071291015625,1.5033203125,-0.6481715976961724
1758795021.902437,target,5,2.902505615234375,-0.6899456176757812,-0.5559543519195121
1758795021.9224315,herder,1,1.4145576171875,2.218552490234375,-2.7312314875416637
1758795021.9224315,herder,2,0.1888279266357422,-3.14036181640625,1.7858740153780228
1758795021.9224315,target,1,-0.7526422729492187,-2.0640947265625,-2.917442107804985
1758795021.9224315,target,2,0.4496796875,2.646813720703125,-0.3187875397279144
1758795021.9224315,target,3,-2.762629150390625,-1.482939697265625,0.04471104588252693
1758795021.9224315,target,4,-2.07125732421875,1.5033199462890625,-0.6466644482562692
1758795021.9224315,target,5,2.90250244140625,-0.6899371948242188,-0.5559155363466243
1758795021.9423163,herder,1,1.4145684814453126,2.2185595703125,-2.731424034088476
1758795021.9423163,herder,2,0.18881889343261718,-3.140353271484375,1.7860588387576743
1758795021.9423163,target,1,-0.7526737670898438,-2.064096435546875,-2.9172905739389594
1758795021.9423163,target,2,0.4496837463378906,2.646797607421875,-0.3184548443287363
1758795021.9423163,target,3,-2.762611083984375,-1.4829432373046876,0.04394669784372818
1758795021.9423163,target,4,-2.071291015625,1.50329541015625,-0.6463765605424316
1758795021.9423163,target,5,2.902494140625,-0.6899153442382813,-0.5561169379040615
1758795021.9627533,herder,1,1.41458642578125,2.21855029296875,-2.731311116058257
1758795021.9627533,herder,2,0.1888291015625,-3.14034814453125,1.7861818768000362
1758795021.9627533,target,1,-0.7527193603515625,-2.064078369140625,-2.9171193326808673
1758795021.9627533,target,2,0.44969863891601564,2.64680322265625,-0.3185391999562645
1758795021.9627533,target,3,-2.762606689453125,-1.482936767578125,0.04404613362092901
1758795021.9627533,target,4,-2.07127587890625,1.503251708984375,-0.6453474485181978
1758795021.9627533,target,5,2.902526123046875,-0.6899398193359375,-0.5557270844099875
1758795021.9823718,herder,1,1.414586181640625,2.21855615234375,-2.7312695707452517
1758795021.9823718,herder,2,0.1888421630859375,-3.140347412109375,1.786067760347326
1758795021.9823718,target,1,-0.7527100219726562,-2.064076904296875,-2.9170487589119802
1758795021.9823718,target,2,0.44970455932617187,2.64680517578125,-0.3183667935651955
1758795021.9823718,target,3,-2.762600830078125,-1.4829332275390625,0.044392415302855766
1758795021.9823718,target,4,-2.071223876953125,1.5032569580078126,-0.644188107916659
1758795021.9823718,target,5,2.902539794921875,-0.6899102172851562,-0.5561234626487322
1758795022.0023012,herder,1,1.4145750732421876,2.21853857421875,-2.7312306885933366
1758795022.0023012,herder,2,0.18882818603515625,-3.140366455078125,1.7859146285846466
1758795022.0023012,target,1,-0.7527117309570313,-2.06406640625,-2.9174972352395496
1758795022.0023012,target,2,0.4496968994140625,2.646810302734375,-0.3183775460780967
1758795022.0023012,target,3,-2.762625,-1.4829539794921875,0.04331772993446791
1758795022.0023012,target,4,-2.0712509765625,1.5033204345703124,-0.6476054096484215
1758795022.0023012,target,5,2.902556396484375,-0.6899013061523438,-0.5558326454576955
1758795022.0222945,herder,1,1.414552001953125,2.21853125,-2.731381423511035
1758795022.0222945,herder,2,0.18883671569824217,-3.140368896484375,1.7860191576574322
1758795022.0222945,target,1,-0.7526490478515625,-2.0640986328125,-2.9168098733622
1758795022.0222945,target,2,0.4496832275390625,2.646804443359375,-0.3180993456127243
1758795022.0222945,target,3,-2.7626533203125,-1.482978515625,0.04345393814065786
1758795022.0222945,target,4,-2.071239990234375,1.50327880859375,-0.648067667834632
1758795022.0222945,target,5,2.902556396484375,-0.6899168090820312,-0.5558585779888102
1758795022.0423546,herder,1,1.414545166015625,2.218539306640625,-2.731279690757394
1758795022.0423546,herder,2,0.1888236389160156,-3.140361328125,1.7859954555237305
1758795022.0423546,target,1,-0.752676513671875,-2.0641005859375,-2.9171496927172944
1758795022.0423546,target,2,0.44968597412109373,2.64681396484375,-0.31873264531994516
1758795022.0423546,target,3,-2.762667236328125,-1.4829501953125,0.04236365663513623
1758795022.0423546,target,4,-2.071256103515625,1.503300048828125,-0.6464679069678214
1758795022.0423546,target,5,2.90255810546875,-0.6899196166992188,-0.5554537442136045
1758795022.0623367,herder,1,1.4145545654296876,2.218554931640625,-2.731247999140422
1758795022.0623367,herder,2,0.1888145751953125,-3.1403515625,1.785926346493443
1758795022.0623367,target,1,-0.7526766967773437,-2.064098876953125,-2.918045047475779
1758795022.0623367,target,2,0.44969036865234374,2.646811767578125,-0.31843527009472417
1758795022.0623367,target,3,-2.762504150390625,-1.482864990234375,0.03984409818446111
1758795022.0623367,target,4,-2.071274169921875,1.503296875,-0.6464270940241159
1758795022.0623367,target,5,2.902544677734375,-0.6899561767578125,-0.5545911130470143
1758795022.0824356,herder,1,1.4145745849609375,2.21856640625,-2.731247732824313
1758795022.0824356,herder,2,0.1888353271484375,-3.140347412109375,1.7860617682348734
1758795022.0824356,target,1,-0.7526712646484375,-2.064078369140625,-2.917186710656446
1758795022.0824356,target,2,0.44968743896484376,2.646808349609375,-0.3185627689319117
1758795022.0824356,target,3,-2.762648193359375,-1.482955322265625,0.0441636996994884
1758795022.0824356,target,4,-2.071243408203125,1.5032900390625,-0.6464546577413982
1758795022.0824356,target,5,2.90256005859375,-0.6899193725585937,-0.5554674927827321
1758795022.102301,herder,1,1.4145948486328126,2.218562744140625,-2.7314053919608456
1758795022.102301,herder,2,0.18883352661132813,-3.140340576171875,1.785926346493443
1758795022.102301,target,1,-0.752633544921875,-2.0641083984375,-2.917569406905091
1758795022.102301,target,2,0.449684326171875,2.6468037109375,-0.3183526122323908
1758795022.102301,target,3,-2.76262646484375,-1.48291064453125,0.04173527545355363
1758795022.102301,target,4,-2.071263427734375,1.5033094482421876,-0.6462934699164212
1758795022.102301,target,5,2.90256982421875,-0.6899091796875,-0.555546355640512
1758795022.1223025,herder,1,1.4145953369140625,2.218553466796875,-2.731490879431837
1758795022.1223025,herder,2,0.18882463073730468,-3.140354248046875,1.7860613687607099
1758795022.1223025,target,1,-0.7526942749023438,-2.0640947265625,-2.9174266614706625
1758795022.1223025,target,2,0.449683837890625,2.646813232421875,-0.3188506566457493
1758795022.1223025,target,3,-2.762634033203125,-1.4829595947265626,0.04238543213823683
1758795022.1223025,target,4,-2.071234130859375,1.5033013916015625,-0.6450375897253671
1758795022.1223025,target,5,2.902563232421875,-0.6899231567382812,-0.5553862663694846
1758795022.1422853,herder,1,1.4145555419921876,2.218537841796875,-2.7313308234503233
1758795022.1422853,herder,2,0.18881159973144532,-3.140351806640625,1.7859270122837154
1758795022.1422853,target,1,-0.7526581420898437,-2.06408984375,-2.918049042217414
1758795022.1422853,target,2,0.4496917724609375,2.6468046875,-0.318278010432355
1758795022.1422853,target,3,-2.762609130859375,-1.4829156494140625,0.04227740350533129
1758795022.1422853,target,4,-2.071236083984375,1.503290771484375,-0.6464432061487109
1758795022.1422853,target,5,2.90254736328125,-0.6899485473632813,-0.5537716250900833
1758795022.162373,herder,1,1.4145562744140625,2.218552490234375,-2.7312653096875077
1758795022.162373,herder,2,0.1888111114501953,-3.1403466796875,1.7859933249948585
1758795022.162373,target,1,-0.7526908569335937,-2.0640888671875,-2.917477794163592
1758795022.162373,target,2,0.44967742919921877,2.6468193359375,-0.31843819957192326
1758795022.162373,target,3,-2.762654052734375,-1.48294580078125,0.04317864634653853
1758795022.162373,target,4,-2.07124169921875,1.5033348388671874,-0.6463648426336354
1758795022.162373,target,5,2.90257958984375,-0.6899387817382813,-0.5543657097502527
1758795022.18243,herder,1,1.4145596923828125,2.218552734375,-2.7313401445141388
1758795022.18243,herder,2,0.18880935668945312,-3.1403447265625,1.786097055119317
1758795022.18243,target,1,-0.7526556396484375,-2.0640888671875,-2.917410948820231
1758795022.18243,target,2,0.4496903076171875,2.6467998046875,-0.3182018107356651
1758795022.18243,target,3,-2.762719970703125,-1.4830235595703125,0.042458232143347666
1758795022.18243,target,4,-2.071280029296875,1.5033133544921875,-0.6467953426238466
1758795022.18243,target,5,2.902544189453125,-0.68994775390625,-0.5548822298436735
1758795022.202417,herder,1,1.4145670166015625,2.21855517578125,-2.7314200393468413
1758795022.202417,herder,2,0.18881329345703124,-3.14033837890625,1.7860877340555017
1758795022.202417,target,1,-0.7526786499023438,-2.06407470703125,-2.916916399805803
1758795022.202417,target,2,0.4496958312988281,2.64680419921875,-0.31844805326795655
1758795022.202417,target,3,-2.762656494140625,-1.4829879150390626,0.043182320676605
1758795022.202417,target,4,-2.0712763671875,1.503259765625,-0.6460800175550514
1758795022.202417,target,5,2.902556884765625,-0.689948974609375,-0.5544290596946829
1758795022.2223155,herder,1,1.41458203125,2.21856591796875,-2.731277826544631
1758795022.2223155,herder,2,0.18882986450195313,-3.140343994140625,1.7859239496484618
1758795022.2223155,target,1,-0.7526515502929687,-2.0640859375,-2.9176240017074373
1758795022.2223155,target,2,0.44968212890625,2.6468154296875,-0.3186747881452632
1758795022.2223155,target,3,-2.762672607421875,-1.4830062255859375,0.04384429513862542
1758795022.2223155,target,4,-2.071268310546875,1.50330078125,-0.6458882699565657
1758795022.2223155,target,5,2.902568115234375,-0.689947265625,-0.5543688722540472
1758795022.2428727,herder,1,1.414580078125,2.218561279296875,-2.731273565486887
1758795022.2428727,herder,2,0.18884207153320312,-3.14034814453125,1.7860389982075533
1758795022.2428727,target,1,-0.7526441650390625,-2.06409521484375,-2.917235180188286
1758795022.2428727,target,2,0.4496849365234375,2.64680712890625,-0.31840357847775225
1758795022.2428727,target,3,-2.7626669921875,-1.4829783935546874,0.042536603980801654
1758795022.2428727,target,4,-2.071256591796875,1.503241455078125,-0.6451076974410634
1758795022.2428727,target,5,2.902550048828125,-0.689945068359375,-0.5538437967556243
1758795022.262465,herder,1,1.4145787353515624,2.218548095703125,-2.7314352193650544
1758795022.262465,herder,2,0.1888239288330078,-3.1403447265625,1.7860925277454638
1758795022.262465,target,1,-0.7526577758789063,-2.06407861328125,-2.917912422053493
1758795022.262465,target,2,0.44968447875976564,2.6467978515625,-0.3183387637947224
1758795022.262465,target,3,-2.762676513671875,-1.4829825439453126,0.042945811165859944
1758795022.262465,target,4,-2.07124853515625,1.5032984619140626,-0.6469247056737972
1758795022.262465,target,5,2.90258251953125,-0.6899027099609375,-0.5552550058172574
1758795022.282536,herder,1,1.4145546875,2.218543212890625,-2.7313643792800586
1758795022.282536,herder,2,0.18882232666015625,-3.140345458984375,1.7860372671528448
1758795022.282536,target,1,-0.7526663818359375,-2.06407666015625,-2.9170010883284676
1758795022.282536,target,2,0.44969342041015625,2.64680712890625,-0.3182860332051389
1758795022.282536,target,3,-2.762626953125,-1.4829097900390624,0.04328593844895509
1758795022.282536,target,4,-2.07127294921875,1.503314208984375,-0.6468109221162236
1758795022.282536,target,5,2.902572265625,-0.6899144897460937,-0.5551660229473351
1758795022.3023372,herder,1,1.4145478515625,2.2185478515625,-2.7313193718576363
1758795022.3023372,herder,2,0.18882034301757813,-3.140337890625,1.7859828055085527
1758795022.3023372,target,1,-0.7526658325195312,-2.06408203125,-2.917445836230511
1758795022.3023372,target,2,0.4496843566894531,2.64681591796875,-0.31852528493956883
1758795022.3023372,target,3,-2.762478759765625,-1.4827711181640626,0.047162156931997816
1758795022.3023372,target,4,-2.071275634765625,1.5032596435546874,-0.646010442471573
1758795022.3023372,target,5,2.902543701171875,-0.6899332885742188,-0.5552160237968014
1758795022.3222706,herder,1,1.4145596923828125,2.21856005859375,-2.73124054228937
1758795022.3222706,herder,2,0.18881326293945314,-3.140338134765625,1.7859489833627087
1758795022.3222706,target,1,-0.7526842041015624,-2.064095947265625,-2.9166594047606105
1758795022.3222706,target,2,0.4496863098144531,2.646815673828125,-0.31848327357337286
1758795022.3222706,target,3,-2.7625751953125,-1.4828779296875,0.044202303051726934
1758795022.3222706,target,4,-2.07125439453125,1.5032796630859375,-0.6451816001613131
1758795022.3222706,target,5,2.902567626953125,-0.6899445190429687,-0.5547221405726461
1758795022.342881,herder,1,1.4145789794921875,2.218566650390625,-2.7312621138941995
1758795022.342881,herder,2,0.18881884765625,-3.140330810546875,1.786030209775956
1758795022.342881,target,1,-0.7526519165039063,-2.064080078125,-2.9164207855269395
1758795022.342881,target,2,0.44967218017578126,2.6468095703125,-0.31834532182890674
1758795022.342881,target,3,-2.76262939453125,-1.482932861328125,0.043601348268182946
1758795022.342881,target,4,-2.071237060546875,1.5032850341796875,-0.6466357526955236
1758795022.342881,target,5,2.9025576171875,-0.6899540405273438,-0.5548432478232175
1758795022.3623376,herder,1,1.4145950927734374,2.2185693359375,-2.7312639781069623
1758795022.3623376,herder,2,0.18884431457519532,-3.140340576171875,1.7860180923929962
1758795022.3623376,target,1,-0.752672607421875,-2.0640634765625,-2.9169459608939032
1758795022.3623376,target,2,0.4496873779296875,2.6468115234375,-0.3183729521252163
1758795022.3623376,target,3,-2.762642578125,-1.4829278564453126,0.043122728286025265
1758795022.3623376,target,4,-2.071206787109375,1.503280029296875,-0.6476158625557
1758795022.3623376,target,5,2.902545166015625,-0.689938232421875,-0.555095981810666
1758795022.3823428,herder,1,1.414582763671875,2.218551513671875,-2.731291142350081
1758795022.3823428,herder,2,0.18882936096191405,-3.14035205078125,1.7860010481620197
1758795022.3823428,target,1,-0.7526754760742187,-2.064056884765625,-2.917214673847892
1758795022.3823428,target,2,0.44968084716796874,2.646811767578125,-0.3185214899350155
1758795022.3823428,target,3,-2.762598388671875,-1.4828648681640626,0.04429907566783769
1758795022.3823428,target,4,-2.071210693359375,1.5033013916015625,-0.6470418181827334
1758795022.3823428,target,5,2.9025498046875,-0.6899345703125,-0.5549197138360163
1758795022.4022756,herder,1,1.4145589599609374,2.218539306640625,-2.7313361497725035
1758795022.4022756,herder,2,0.1888166046142578,-3.140352783203125,1.7860095702775078
1758795022.4022756,target,1,-0.7526830444335938,-2.064058837890625,-2.91740588881416
1758795022.4022756,target,2,0.4496905212402344,2.64680615234375,-0.3183260804900309
1758795022.4022756,target,3,-2.76261767578125,-1.4829097900390624,0.04235090675141748
1758795022.4022756,target,4,-2.071224853515625,1.5033172607421874,-0.6470975448285434
1758795022.4022756,target,5,2.90255908203125,-0.6899287109375,-0.5549105592197693
1758795022.4223423,herder,1,1.414564208984375,2.21854638671875,-2.731278625492958
1758795022.4223423,herder,2,0.18882638549804687,-3.140350830078125,1.7860802772044495
1758795022.4223423,target,1,-0.7526986694335938,-2.064081787109375,-2.9166527468578853
1758795022.4223423,target,2,0.4496822509765625,2.646806884765625,-0.31835480934029015
1758795022.4223423,target,3,-2.762643310546875,-1.4829735107421875,0.04190563037834543
1758795022.4223423,target,4,-2.07122705078125,1.503282470703125,-0.6467438104567536
1758795022.4223423,target,5,2.9025634765625,-0.6898839111328126,-0.556047196373015
1758795022.4428985,herder,1,1.41455615234375,2.218551513671875,-2.7314735688847516
1758795022.4428985,herder,2,0.18881399536132812,-3.140345458984375,1.7858250132139655
1758795022.4428985,target,1,-0.7526983642578124,-2.06408349609375,-2.917810689299852
1758795022.4428985,target,2,0.4496827697753906,2.64680419921875,-0.3186290150640274
1758795022.4428985,target,3,-2.762635986328125,-1.4829119873046874,0.04324466777443727
1758795022.4428985,target,4,-2.07124267578125,1.503305419921875,-0.6466788293261557
1758795022.4428985,target,5,2.9025498046875,-0.6898861083984374,-0.5563622150404578
1758795022.4623141,herder,1,1.4145657958984375,2.218563232421875,-2.731323366599271
1758795022.4623141,herder,2,0.18882209777832032,-3.140337646484375,1.7859680249645027
1758795022.4623141,target,1,-0.752668701171875,-2.064107666015625,-2.9173632782367185
1758795022.4623141,target,2,0.4497021484375,2.64680859375,-0.3183029442780609
1758795022.4623141,target,3,-2.762674560546875,-1.48290283203125,0.04256343948997341
1758795022.4623141,target,4,-2.071230712890625,1.5032965087890624,-0.6461727621400134
1758795022.4623141,target,5,2.902567626953125,-0.6899274291992188,-0.5549599608579903
1758795022.482452,herder,1,1.414585693359375,2.218573974609375,-2.7312386780766067
1758795022.482452,herder,2,0.18882810974121095,-3.140349853515625,1.78611103671504
1758795022.482452,target,1,-0.7526849975585937,-2.0640810546875,-2.9175190731604883
1758795022.482452,target,2,0.4496924438476563,2.6468173828125,-0.31820973363990807
1758795022.482452,target,3,-2.762638916015625,-1.4829234619140625,0.04321997111651599
1758795022.482452,target,4,-2.0712587890625,1.503312255859375,-0.6466785630100467
1758795022.482452,target,5,2.9025576171875,-0.6899238891601562,-0.5559608433746692
1758795022.502377,herder,1,1.4145859375,2.218560546875,-2.7313729013955466
1758795022.502377,herder,2,0.18884288024902343,-3.1403447265625,1.7860389982075533
1758795022.502377,target,1,-0.7526812744140625,-2.064083984375,-2.916368054937356
1758795022.502377,target,2,0.44968853759765626,2.646810302734375,-0.3180748112411819
1758795022.502377,target,3,-2.762516357421875,-1.48276708984375,0.03962236505657679
1758795022.502377,target,4,-2.071251953125,1.5032943115234374,-0.6467203746391609
1758795022.502377,target,5,2.902537353515625,-0.6899456787109375,-0.5544921100334905
1758795022.5224617,herder,1,1.4145689697265624,2.218538818359375,-2.7314421435838887
1758795022.5224617,herder,2,0.18883474731445313,-3.14036083984375,1.7861384672742677
1758795022.5224617,target,1,-0.7526876831054687,-2.06409716796875,-2.9171981622491336
1758795022.5224617,target,2,0.4496924438476563,2.64681494140625,-0.3188049168540272
1758795022.5224617,target,3,-2.762614013671875,-1.4829093017578125,0.043064296867233245
1758795022.5224617,target,4,-2.07124755859375,1.50329296875,-0.6467963413092555
1758795022.5224617,target,5,2.9025234375,-0.6899861450195313,-0.5532365960270863
1758795022.5428786,herder,1,1.4145511474609376,2.218540771484375,-2.731490346799619
1758795022.5428786,herder,2,0.1888146209716797,-3.14036572265625,1.7861034467059331
1758795022.5428786,target,1,-0.7526701049804687,-2.064101806640625,-2.9168673976417456
1758795022.5428786,target,2,0.4496871337890625,2.6468076171875,-0.318471688822631
1758795022.5428786,target,3,-2.762660400390625,-1.4829608154296876,0.043211640415731084
1758795022.5428786,target,4,-2.07122412109375,1.5033115234375,-0.6467693102241912
1758795022.5428786,target,5,2.90233251953125,-0.6906528930664062,-0.5449721746638115
1758795022.5623612,herder,1,1.4145450439453124,2.21853759765625,-2.7312618475780903
1758795022.5623612,herder,2,0.18881707763671876,-3.140342041015625,1.7859995834234201
1758795022.5623612,target,1,-0.7526651611328125,-2.06407958984375,-2.9165787109795813
1758795022.5623612,target,2,0.449680908203125,2.646816162109375,-0.3184208224458105
1758795022.5623612,target,3,-2.7627197265625,-1.4830260009765626,0.04300799181612409
1758795022.5623612,target,4,-2.071201904296875,1.503302734375,-0.6459776190111378
1758795022.5623612,target,5,2.902039306640625,-0.6908738403320313,-0.5343695311529608
1758795022.5823662,herder,1,1.41455859375,2.218551025390625,-2.7312711686419058
1758795022.5823662,herder,2,0.18881585693359376,-3.140340087890625,1.786049784009968
1758795022.5823662,target,1,-0.752678466796875,-2.064069091796875,-2.9167201248334647
1758795022.5823662,target,2,0.4496820068359375,2.646825927734375,-0.3186944622478161
1758795022.5823662,target,3,-2.762703369140625,-1.4830272216796876,0.042332426910165845
1758795022.5823662,target,4,-2.0711865234375,1.5032967529296875,-0.6470536692495843
1758795022.5823662,target,5,2.901171630859375,-0.691439697265625,-0.5165031157689189
1758795022.6022725,herder,1,1.4145738525390625,2.218572509765625,-2.7312306885933366
1758795022.6022725,herder,2,0.188822509765625,-3.1403603515625,1.7861307441071066
1758795022.6022725,target,1,-0.7527005004882813,-2.064064453125,-2.917482854169663
1758795022.6022725,target,2,0.44968792724609374,2.64679931640625,-0.3186238551894154
1758795022.6022725,target,3,-2.7625830078125,-1.48289501953125,0.038350293678332835
1758795022.6022725,target,4,-2.0712392578125,1.5032996826171876,-0.6470375571249893
1758795022.6022725,target,5,2.900325439453125,-0.6914158325195312,-0.5211939078444436
1758795022.6222866,herder,1,1.414587646484375,2.218558349609375,-2.731412848811898
1758795022.6222866,herder,2,0.18882916259765625,-3.140360595703125,1.7861632346724055
1758795022.6222866,target,1,-0.7527017822265625,-2.0640654296875,-2.917742246059837
1758795022.6222866,target,2,0.4496881408691406,2.64680859375,-0.3183273122020351
1758795022.6222866,target,3,-2.76264404296875,-1.48294091796875,0.04067553707678385
1758795022.6222866,target,4,-2.071240966796875,1.5032730712890625,-0.645369952229409
1758795022.6222866,target,5,2.90023779296875,-0.6912654418945312,-0.5319167264994842
1758795022.6425786,herder,1,1.4145870361328126,2.218544677734375,-2.7313651782283856
1758795022.6425786,herder,2,0.18882807922363282,-3.140356689453125,1.7860591050737833
1758795022.6425786,target,1,-0.7526517333984375,-2.064101318359375,-2.917858093567255
1758795022.6425786,target,2,0.44969610595703124,2.6468154296875,-0.31786785033496917
1758795022.6425786,target,3,-2.7626923828125,-1.4829949951171875,0.043561987579509416
1758795022.6425786,target,4,-2.071224609375,1.503266357421875,-0.6451927188588642
1758795022.6425786,target,5,2.900565673828125,-0.6916801147460937,-0.5230753312860438
1758795022.662521,herder,1,1.41456640625,2.218544677734375,-2.7312884791889913
1758795022.662521,herder,2,0.18882559204101562,-3.140358154296875,1.7860662956087265
1758795022.662521,target,1,-0.7526249389648437,-2.064095703125,-2.9176322575068165
1758795022.662521,target,2,0.44968667602539064,2.646805419921875,-0.31831998850903737
1758795022.662521,target,3,-2.762635498046875,-1.4829674072265624,0.04444469232281618
1758795022.662521,target,4,-2.07124072265625,1.503290771484375,-0.6461985282235598
1758795022.662521,target,5,2.900408935546875,-0.6922806396484374,-0.4971553503180342
1758795022.6824203,herder,1,1.414552734375,2.218547119140625,-2.7313393455658117
1758795022.6824203,herder,2,0.18881500244140625,-3.140349365234375,1.786062966657364
1758795022.6824203,target,1,-0.752703369140625,-2.064060302734375,-2.9168918987237746
1758795022.6824203,target,2,0.44969198608398436,2.646821533203125,-0.3182953209794405
1758795022.6824203,target,3,-2.762525146484375,-1.482863037109375,0.038985124703180475
1758795022.6824203,target,4,-2.07126611328125,1.5033433837890624,-0.647589164365772
1758795022.6824203,target,5,2.899317138671875,-0.6943111572265624,-0.459421686622974
1758795022.7023911,herder,1,1.4145567626953126,2.218560791015625,-2.7315097878755767
1758795022.7023911,herder,2,0.1888268280029297,-3.140360595703125,1.7862625705810655
1758795022.7023911,target,1,-0.7526766967773437,-2.06409765625,-2.916468189794343
1758795022.7023911,target,2,0.44968017578125,2.646829345703125,-0.3192776945265435
1758795022.7023911,target,3,-2.762671630859375,-1.482949462890625,0.043373718735197624
1758795022.7023911,target,4,-2.071267333984375,1.5032781982421874,-0.6458291477803659
1758795022.7023911,target,5,2.896587646484375,-0.6972601318359375,-0.3969987885681707
1758795022.7223008,herder,1,1.414550048828125,2.218552490234375,-2.7312730328546686
1758795022.7223008,herder,2,0.18884646606445313,-3.14035986328125,1.7865196987843126
1758795022.7223008,target,1,-0.7526903076171875,-2.0640947265625,-2.9173848498415484
1758795022.7223008,target,2,0.44968643188476565,2.6468076171875,-0.3184889660802029
1758795022.7223008,target,3,-2.762685791015625,-1.48297998046875,0.04292761844666334
1758795022.7223008,target,4,-2.07126025390625,1.5032825927734375,-0.6460576470018947
1758795022.7223008,target,5,2.895937744140625,-0.698619384765625,-0.37117604626946266
1758795022.7426112,herder,1,1.4145758056640625,2.21855419921875,-2.73121364436236
1758795022.7426112,herder,2,0.1888752746582031,-3.14023388671875,1.7885584817568227
1758795022.7426112,target,1,-0.752669677734375,-2.06409033203125,-2.917416807774629
1758795022.7426112,target,2,0.4496937255859375,2.6468193359375,-0.3182077029795769
1758795022.7426112,target,3,-2.762706787109375,-1.482988525390625,0.04196183972210291
1758795022.7426112,target,4,-2.0712763671875,1.503289306640625,-0.6465940742244639
1758795022.7426112,target,5,2.894515380859375,-0.701547119140625,-0.3161568026241069
1758795022.7624903,herder,1,1.414576904296875,2.21855615234375,-2.7312879465567734
1758795022.7624903,herder,2,0.1888566436767578,-3.139630615234375,1.7907715686226786
1758795022.7624903,target,1,-0.7527013549804688,-2.064072265625,-2.9169667335504057
1758795022.7624903,target,2,0.4496910095214844,2.646820068359375,-0.3187482581018357
1758795022.7624903,target,3,-2.762649658203125,-1.4829249267578124,0.042670731592389974
1758795022.7624903,target,4,-2.07127783203125,1.5033111572265625,-0.6465330878355011
1758795022.7624903,target,5,2.89343994140625,-0.7048667602539063,-0.2553732799573291
1758795022.7824545,herder,1,1.41456591796875,2.21855517578125,-2.731383820356016
1758795022.7824545,herder,2,0.18842401123046876,-3.13825634765625,1.7923994258389895
1758795022.7824545,target,1,-0.7527114868164062,-2.064075439453125,-2.9176921786313432
1758795022.7824545,target,2,0.44968634033203125,2.646821533203125,-0.31859639134067397
1758795022.7824545,target,3,-2.7625712890625,-1.4828587646484375,0.03944789471566298
1758795022.7824545,target,4,-2.071282958984375,1.5033260498046874,-0.6473506117111282
1758795022.7824545,target,5,2.891973388671875,-0.7085430908203125,-0.18872025011655758
1758795022.802296,herder,1,1.414554443359375,2.21852294921875,-2.731716715492276
1758795022.802296,herder,2,0.18799656677246093,-3.136184326171875,1.79432941868097
1758795022.802296,target,1,-0.7526893310546875,-2.064078857421875,-2.9177888513789134
1758795022.802296,target,2,0.4496771850585938,2.646818359375,-0.3188506899352629
1758795022.802296,target,3,-2.762654296875,-1.482911865234375,0.04142686891575484
1758795022.802296,target,4,-2.07129248046875,1.5032938232421875,-0.6471211138041906
1758795022.802296,target,5,2.890703125,-0.7123319091796875,-0.12081900499524431
1758795022.8222902,herder,1,1.414520751953125,2.2184296875,-2.7337732084860353
1758795022.8222902,herder,2,0.18745681762695313,-3.133421630859375,1.7966029593035706
1758795022.8222902,target,1,-0.7526466064453124,-2.064079345703125,-2.916900953471481
1758795022.8222902,target,2,0.44967825317382815,2.646806640625,-0.31845574314560415
1758795022.8222902,target,3,-2.762653564453125,-1.4829617919921876,0.04298625792491552
1758795022.8222902,target,4,-2.0712685546875,1.5032430419921874,-0.6455509806045071
1758795022.8222902,target,5,2.889638427734375,-0.7166720581054687,-0.04482527468734532
1758795022.8425772,herder,1,1.4142069091796876,2.217973876953125,-2.738705382824862
1758795022.8425772,herder,2,0.18676754760742187,-3.12987548828125,1.7988139156405545
1758795022.8425772,target,1,-0.7526492919921876,-2.064080322265625,-2.917381920364349
1758795022.8425772,target,2,0.4496763610839844,2.646820556640625,-0.31860444740297145
1758795022.8425772,target,3,-2.762631591796875,-1.4829271240234374,0.04202282611106573
1758795022.8425772,target,4,-2.071265869140625,1.503268798828125,-0.6458372704216906
1758795022.8425772,target,5,2.888758056640625,-0.7211983032226562,0.032113819550882966
1758795022.8624768,herder,1,1.413239501953125,2.217375244140625,-2.7459787420779773
1758795022.8624768,herder,2,0.18580850219726563,-3.126395263671875,1.8005158087351696
1758795022.8624768,target,1,-0.7526671142578125,-2.06409033203125,-2.9179909853056505
1758795022.8624768,target,2,0.4496844482421875,2.6468330078125,-0.3183449223547432
1758795022.8624768,target,3,-2.762699951171875,-1.4829862060546875,0.04107141181163492
1758795022.8624768,target,4,-2.07127001953125,1.503297607421875,-0.6463076512492258
1758795022.8624768,target,5,2.88813427734375,-0.7258668823242187,0.1175871924334059
1758795022.8825407,herder,1,1.4121119384765626,2.21666357421875,-2.754864379055027
1758795022.8825407,herder,2,0.18503199768066406,-3.12352392578125,1.802612515461389
1758795022.8825407,target,1,-0.7527108154296875,-2.06407373046875,-2.9172194675378544
1758795022.8825407,target,2,0.44968255615234376,2.646824462890625,-0.3185313769205624
1758795022.8825407,target,3,-2.7626650390625,-1.482976806640625,0.04294997235506319
1758795022.8825407,target,4,-2.071265869140625,1.5032445068359375,-0.644723136979656
1758795022.8825407,target,5,2.887808837890625,-0.7310072631835938,0.1994189671637329
1758795022.9022894,herder,1,1.409420166015625,2.21519287109375,-2.768481920656929
1758795022.9022894,herder,2,0.18373092651367187,-3.11808251953125,1.808541910470396
1758795022.9022894,target,1,-0.7526714477539063,-2.064080322265625,-2.91671053745354
1758795022.9022894,target,2,0.44967376708984375,2.646821533203125,-0.31853939969334627
1758795022.9022894,target,3,-2.7625859375,-1.48285009765625,0.03934880431716601
1758795022.9022894,target,4,-2.071278076171875,1.5033204345703124,-0.6471044690473776
1758795022.9022894,target,5,2.88857177734375,-0.7387893676757813,0.3347617791574549
1758795022.9223447,herder,1,1.408315185546875,2.214498046875,-2.773016485045007
1758795022.9223447,herder,2,0.18324566650390625,-3.11612158203125,1.8115518151344034
1758795022.9223447,target,1,-0.7526865844726562,-2.064073486328125,-2.9161584641595666
1758795022.9223447,target,2,0.44969705200195315,2.6468115234375,-0.3186532831194608
1758795022.9223447,target,3,-2.762654296875,-1.4829188232421875,0.042051642346298226
1758795022.9223447,target,4,-2.071279052734375,1.5033243408203125,-0.6472569350197847
1758795022.9223447,target,5,2.88882470703125,-0.7413624877929688,0.3760744650414726
1758795022.942456,herder,1,1.406281494140625,2.2134130859375,-2.7865783665801263
1758795022.942456,herder,2,0.1818487243652344,-3.110115478515625,1.818750472718942
1758795022.942456,target,1,-0.7526634521484376,-2.06408935546875,-2.9167741870035933
1758795022.942456,target,2,0.44967083740234376,2.64681494140625,-0.31833253865567435
1758795022.942456,target,3,-2.7626689453125,-1.4829681396484375,0.04192931170610112
1758795022.942456,target,4,-2.071276611328125,1.5032838134765625,-0.6468626540203984
1758795022.942456,target,5,2.890531005859375,-0.7492100219726563,0.5177255732882926
1758795022.9624887,herder,1,1.4058380126953125,2.2129814453125,-2.791469528238166
1758795022.9624887,herder,2,0.18133738708496094,-3.10776806640625,1.8221843526284902
1758795022.9624887,target,1,-0.7526831665039062,-2.06407373046875,-2.9168338418120108
1758795022.9624887,target,2,0.44968878173828125,2.64681396484375,-0.3184009486061758
1758795022.9624887,target,3,-2.762648193359375,-1.48294091796875,0.04359918861098646
1758795022.9624887,target,4,-2.0712763671875,1.50328857421875,-0.6454899942155443
1758795022.9624887,target,5,2.8912783203125,-0.7518092651367188,0.5667493089505803
1758795022.982683,herder,1,1.40307421875,2.211130126953125,-2.811097824420377
1758795022.982683,herder,2,0.17986325073242188,-3.100302734375,1.830527104217327
1758795022.982683,target,1,-0.7526409301757813,-2.06411767578125,-2.9163568696607776
1758795022.982683,target,2,0.4496954650878906,2.6468212890625,-0.318374849627493
1758795022.982683,target,3,-2.762647216796875,-1.482951904296875,0.04351389671588747
1758795022.982683,target,4,-2.071276611328125,1.503345703125,-0.6465092525437449
1758795022.982683,target,5,2.894319091796875,-0.7596824951171876,0.7043193558534492
1758795023.0023143,herder,1,1.401812744140625,2.21024169921875,-2.8192308520733698
1758795023.0023143,herder,2,0.17922993469238283,-3.097705322265625,1.8335481941579128
1758795023.0023143,target,1,-0.7526884765625,-2.0640693359375,-2.9165134635328744
1758795023.0023143,target,2,0.4496864624023437,2.646818603515625,-0.31850401294036185
1758795023.0023143,target,3,-2.762631591796875,-1.4829290771484376,0.0438236431566097
1758795023.0023143,target,4,-2.07125439453125,1.5032965087890624,-0.6466684429979044
1758795023.0023143,target,5,2.895524169921875,-0.7620252075195313,0.7515818099288128
1758795023.0222929,herder,1,1.398677001953125,2.20834521484375,-2.8350143425898335
1758795023.0222929,herder,2,0.17753872680664062,-3.09221484375,1.8392630715411138
1758795023.0222929,target,1,-0.7526802978515625,-2.06407373046875,-2.917137974808498
1758795023.0222929,target,2,0.4496799011230469,2.646833740234375,-0.3187177649073543
1758795023.0222929,target,3,-2.762527587890625,-1.4828338623046875,0.0476762635356808
1758795023.0222929,target,4,-2.071270263671875,1.503281494140625,-0.6463484641929313
1758795023.0222929,target,5,2.89904248046875,-0.7669141235351562,0.8473022776719041
1758795023.042431,herder,1,1.394912109375,2.206861572265625,-2.8509917112336547
1758795023.042431,herder,2,0.17600640869140624,-3.087033935546875,1.8440940457585175
1758795023.042431,target,1,-0.7526925048828125,-2.064070556640625,-2.917004816753994
1758795023.042431,target,2,0.4496801452636719,2.646842529296875,-0.319073197044339
1758795023.042431,target,3,-2.7626005859375,-1.482905029296875,0.044653117967628504
1758795023.042431,target,4,-2.0712802734375,1.50329150390625,-0.6458147001314523
1758795023.042431,target,5,2.902408447265625,-0.7715464477539062,0.9455365031679213
1758795023.062484,herder,1,1.389888916015625,2.20399169921875,-2.874721009178479
1758795023.062484,herder,2,0.17321417236328124,-3.077956298828125,1.8533679716225007
1758795023.062484,target,1,-0.7526778564453125,-2.06405810546875,-2.9166301099886196
1758795023.062484,target,2,0.449685546875,2.646806884765625,-0.3181611642395278
1758795023.062484,target,3,-2.76268408203125,-1.4829771728515626,0.04198108106097874
1758795023.062484,target,4,-2.071276123046875,1.5033065185546874,-0.6468958769549972
1758795023.062484,target,5,2.907999267578125,-0.7780175170898438,1.0931898105900482
1758795023.082561,herder,1,1.387337890625,2.202825927734375,-2.8904064953668276
1758795023.082561,herder,2,0.17138499450683595,-3.071641845703125,1.860023344344663
1758795023.082561,target,1,-0.7526939086914063,-2.064069091796875,-2.9168484891980064
1758795023.082561,target,2,0.4496796875,2.6468212890625,-0.31868231157534266
1758795023.082561,target,3,-2.7627060546875,-1.483000244140625,0.04237470043128165
1758795023.082561,target,4,-2.07127685546875,1.5033095703125,-0.6463507278798579
1758795023.082561,target,5,2.912333251953125,-0.782385986328125,1.1889307180945057
1758795023.1023128,herder,1,1.38592333984375,2.201953369140625,-2.897580252395174
1758795023.1023128,herder,2,0.1705355224609375,-3.068243896484375,1.86474472948321
1758795023.1023128,target,1,-0.7526771850585937,-2.064099365234375,-2.9173523592762494
1758795023.1023128,target,2,0.44968624877929686,2.646813232421875,-0.31842664811069504
1758795023.1023128,target,3,-2.76266357421875,-1.4829481201171875,0.040990609839686235
1758795023.1023128,target,4,-2.0712734375,1.5033145751953125,-0.6460136382648811
1758795023.1023128,target,5,2.914230224609375,-0.7838611450195313,1.2402390464979178
1758795023.1223423,herder,1,1.382144775390625,2.200406494140625,-2.911934158038483
1758795023.1223423,herder,2,0.16841329956054688,-3.06146728515625,1.872390531814773
1758795023.1223423,target,1,-0.7526620483398437,-2.06409326171875,-2.9173664740300267
1758795023.1223423,target,2,0.44968423461914064,2.646836669921875,-0.31862824940521406
1758795023.1223423,target,3,-2.762672119140625,-1.4829595947265626,0.04227100359633669
1758795023.1223423,target,4,-2.07128515625,1.50335009765625,-0.6464366814040402
1758795023.1223423,target,5,2.919470458984375,-0.7869503784179688,1.3363675770990366
1758795023.1424563,herder,1,1.3760782470703126,2.1985390625,-2.93136218450672
1758795023.1424563,herder,2,0.16549739074707032,-3.051061279296875,1.8815424849008304
1758795023.1424563,target,1,-0.752506103515625,-2.063990234375,-2.9207500201949723
1758795023.1424563,target,2,0.44967538452148437,2.646834228515625,-0.31870458225995846
1758795023.1424563,target,3,-2.76263330078125,-1.4829254150390625,0.04198212135827955
1758795023.1424563,target,4,-2.07127099609375,1.5033507080078126,-0.6463799560728215
1758795023.1424563,target,5,2.92710595703125,-0.7912178344726563,1.4791501626244903
1758795023.16241,herder,1,1.3740799560546875,2.1977958984375,-2.937958568210737
1758795023.16241,herder,2,0.16458514404296876,-3.047630615234375,1.8851444102751624
1758795023.16241,target,1,-0.7519761352539063,-2.063751953125,-2.9270742288355835
1758795023.16241,target,2,0.4496803894042969,2.646836669921875,-0.3188963298584441
1758795023.16241,target,3,-2.76267041015625,-1.4830819091796874,0.04464765432620464
1758795023.16241,target,4,-2.07125146484375,1.503343017578125,-0.6461541200123828
1758795023.16241,target,5,2.9292470703125,-0.7924069213867188,1.5295113377862157
1758795023.1825545,herder,1,1.368407470703125,2.195753662109375,-2.9571991081382327
1758795023.1825545,herder,2,0.16060653686523438,-3.037379638671875,1.8942075469388657
1758795023.1825545,target,1,-0.750950927734375,-2.062992431640625,-2.957376208350723
1758795023.1825545,target,2,0.44989102172851564,2.647012939453125,-0.3239471480238339
1758795023.1825545,target,3,-2.762228271484375,-1.4838927001953126,0.059179991762549025
1758795023.1825545,target,4,-2.07121728515625,1.5033558349609375,-0.6450476431584822
1758795023.1825545,target,5,2.938460693359375,-0.7951788940429687,1.6748558842803256
1758795023.2022955,herder,1,1.36637548828125,2.195272216796875,-2.9625525945615103
1758795023.2022955,herder,2,0.15998487854003907,-3.033991943359375,1.8976277115688
1758795023.2022955,target,1,-0.7506343994140625,-2.062989013671875,-2.955488559770075
1758795023.2022955,target,2,0.4501470947265625,2.6471015625,-0.32845394895754776
1758795023.2022955,target,3,-2.76233203125,-1.4844842529296876,0.07179178225640437
1758795023.2022955,target,4,-2.071197998046875,1.50346484375,-0.6475934254235162
1758795023.2022955,target,5,2.941093505859375,-0.7956258544921875,1.7228761408438715
1758795023.222661,herder,1,1.3592574462890625,2.19323095703125,-2.980664753135139
1758795023.222661,herder,2,0.15632133483886718,-3.024484619140625,1.905409601432066
1758795023.222661,target,1,-0.7516619873046875,-2.06408447265625,-2.926320554247091
1758795023.222661,target,2,0.451557861328125,2.647342041015625,-0.3401093400473068
1758795023.222661,target,3,-2.762751953125,-1.4872083740234374,0.114859649423974
1758795023.222661,target,4,-2.070749755859375,1.5041358642578124,-0.6667792373906105
1758795023.222661,target,5,2.94994580078125,-0.7964015502929688,1.8744803143221582
1758795023.2423747,herder,1,1.3548624267578124,2.192009521484375,-2.993128080720601
1758795023.2423747,herder,2,0.1542346649169922,-3.017003173828125,1.9118358091424272
1758795023.2423747,target,1,-0.7530211791992187,-2.064823486328125,-2.9046243134784335
1758795023.2423747,target,2,0.45282598876953123,2.647277587890625,-0.3474915227204656
1758795023.2423747,target,3,-2.76268505859375,-1.489056640625,0.1489138481450887
1758795023.2423747,target,4,-2.069903076171875,1.5043238525390625,-0.6833411698937043
1758795023.2423747,target,5,2.95661279296875,-0.7963074340820312,1.9748151747070026
1758795023.2626317,herder,1,1.3504451904296875,2.190706298828125,-3.005592473570499
1758795023.2626317,herder,2,0.15165065002441405,-3.0101689453125,1.9178196657957263
1758795023.2626317,target,1,-0.7545322265625,-2.065415771484375,-2.8795807455356552
1758795023.2626317,target,2,0.4542920837402344,2.647327392578125,-0.35870209932915414
1758795023.2626317,target,3,-2.7624580078125,-1.491339599609375,0.19181550909350217
1758795023.2626317,target,4,-2.069001708984375,1.505262451171875,-0.7040329994572384
1758795023.2626317,target,5,2.96227001953125,-0.7958878784179687,2.0751734709094394
1758795023.282466,herder,1,1.345447509765625,2.18945556640625,-3.017662452262956
1758795023.282466,herder,2,0.14967587280273437,-3.004754150390625,1.9239563878955959
1758795023.282466,target,1,-0.7558765258789063,-2.06579296875,-2.8490396141546266
1758795023.282466,target,2,0.4558154602050781,2.647615966796875,-0.37414124311667046
1758795023.282466,target,3,-2.762087890625,-1.4945360107421874,0.24174703314761375
1758795023.282466,target,4,-2.06796875,1.50645263671875,-0.7259516807559449
1758795023.282466,target,5,2.968712158203125,-0.7942747192382813,2.174501922718343
1758795023.3022852,herder,1,1.3413822021484374,2.188094482421875,-3.029330293630811
1758795023.3022852,herder,2,0.14768806457519532,-2.998789794921875,1.9301776653600755
1758795023.3022852,target,1,-0.7578134155273437,-2.0670537109375,-2.815776998455646
1758795023.3022852,target,2,0.4572453002929687,2.648099365234375,-0.3926946209038983
1758795023.3022852,target,3,-2.761720947265625,-1.4975516357421874,0.2975310201447426
1758795023.3022852,target,4,-2.067049072265625,1.507553466796875,-0.7503453042346891
1758795023.3022852,target,5,2.9747529296875,-0.7922582397460938,2.2774695841568398
1758795023.3222883,herder,1,1.339196533203125,2.187479248046875,-3.0358566361981594
1758795023.3222883,herder,2,0.14618408203125,-2.9954443359375,1.9330841062157333
1758795023.3222883,target,1,-0.7588057250976562,-2.067610595703125,-2.794535891917283
1758795023.3222883,target,2,0.45804876708984377,2.6482080078125,-0.40149520317363324
1758795023.3222883,target,3,-2.7614599609375,-1.499261474609375,0.32506654120902145
1758795023.3222883,target,4,-2.066628173828125,1.507958984375,-0.7628973150844506
1758795023.3222883,target,5,2.97776123046875,-0.791226318359375,2.3299005681177745
1758795023.342602,herder,1,1.3342117919921874,2.186465576171875,-3.0470552285819426
1758795023.342602,herder,2,0.14352920532226562,-2.988690673828125,1.9384378589551197
1758795023.342602,target,1,-0.76073046875,-2.068502685546875,-2.758879893346648
1758795023.342602,target,2,0.4599833984375,2.648873046875,-0.42405044655189583
1758795023.342602,target,3,-2.760787109375,-1.5028634033203125,0.39049904432220967
1758795023.342602,target,4,-2.065353759765625,1.508718017578125,-0.782129665791594
1758795023.342602,target,5,2.982861083984375,-0.7885597534179688,2.432701781988141
1758795023.3624573,herder,1,1.326373779296875,2.185318115234375,-3.063817697115119
1758795023.3624573,herder,2,0.14011030578613282,-2.979646728515625,1.948629510130744
1758795023.3624573,target,1,-0.7639473266601563,-2.069662353515625,-2.6970950886890277
1758795023.3624573,target,2,0.4626943664550781,2.649524169921875,-0.4575797445445343
1758795023.3624573,target,3,-2.759146728515625,-1.5087528076171874,0.49205063643008395
1758795023.3624573,target,4,-2.063498779296875,1.5105003662109375,-0.82447765554938
1758795023.3624573,target,5,2.9906513671875,-0.7833226928710938,2.580980466213246
1758795023.382656,herder,1,1.3214229736328125,2.184325927734375,-3.075147317024534
1758795023.382656,herder,2,0.1375801544189453,-2.973501953125,1.9538208100436354
1758795023.382656,target,1,-0.7666250610351563,-2.0706748046875,-2.653447476319283
1758795023.382656,target,2,0.465060302734375,2.650147705078125,-0.48583128975739465
1758795023.382656,target,3,-2.75765576171875,-1.5125423583984374,0.5624701417110409
1758795023.382656,target,4,-2.062501953125,1.5119290771484375,-0.8555247209584965
1758795023.382656,target,5,2.99536279296875,-0.7790377807617187,2.6835656977192075
1758795023.4022954,herder,1,1.316206787109375,2.18343896484375,-3.086972817528922
1758795023.4022954,herder,2,0.1351577911376953,-2.96655224609375,1.9597850924629223
1758795023.4022954,target,1,-0.7695963134765625,-2.0709501953125,-2.6053236227893333
1758795023.4022954,target,2,0.4674263610839844,2.6508076171875,-0.5110486955403277
1758795023.4022954,target,3,-2.756013916015625,-1.5166671142578125,0.6396417590407576
1758795023.4022954,target,4,-2.06114501953125,1.5130565185546876,-0.8840572296663602
1758795023.4022954,target,5,2.999918212890625,-0.77454638671875,2.792896183634121
1758795023.422397,herder,1,1.311475341796875,2.182938232421875,-3.098733070586603
1758795023.422397,herder,2,0.13235897827148438,-2.96027880859375,1.9664744204889835
1758795023.422397,target,1,-0.7727976684570312,-2.07151708984375,-2.5578932564072403
1758795023.422397,target,2,0.469422119140625,2.651034423828125,-0.5377574382441915
1758795023.422397,target,3,-2.754373291015625,-1.520763671875,0.7203372045458397
1758795023.422397,target,4,-2.059646240234375,1.5137587890625,-0.913644549902977
1758795023.422397,target,5,3.003478271484375,-0.7695105590820313,2.8919178392854477
1758795023.442491,herder,1,1.306243896484375,2.181948486328125,-3.109457087664134
1758795023.442491,herder,2,0.12993658447265624,-2.954220703125,1.9724546818748108
1758795023.442491,target,1,-0.7754083251953126,-2.071892822265625,-2.507712909883531
1758795023.442491,target,2,0.472214111328125,2.65134716796875,-0.5655284493278606
1758795023.442491,target,3,-2.751908935546875,-1.52489404296875,0.7989091119767201
1758795023.442491,target,4,-2.058111572265625,1.5154937744140624,-0.9460806535576517
1758795023.442491,target,5,3.0063671875,-0.7642593383789062,2.9923190123814347
1758795023.4627962,herder,1,1.300619873046875,2.18105615234375,-3.120278842753671
1758795023.4627962,herder,2,0.1270767517089844,-2.9473134765625,1.9781185597231368
1758795023.4627962,target,1,-0.7786171264648437,-2.071986083984375,-2.4573727736944173
1758795023.4627962,target,2,0.4745101623535156,2.651625,-0.5904799384759493
1758795023.4627962,target,3,-2.74838916015625,-1.5287431640625,0.8733573807757217
1758795023.4627962,target,4,-2.056688232421875,1.516942138671875,-0.9797986698030359
1758795023.4627962,target,5,3.00879833984375,-0.758550048828125,3.0969362357991264
1758795023.4823399,herder,1,1.2973909912109376,2.180679443359375,-3.1255119542956766
1758795023.4823399,herder,2,0.1256579360961914,-2.9441337890625,1.98056454002632
1758795023.4823399,target,1,-0.78014990234375,-2.072056396484375,-2.4304969509216647
1758795023.4823399,target,2,0.475743896484375,2.651814697265625,-0.6068208951875937
1758795023.4823399,target,3,-2.74691064453125,-1.5303873291015626,0.9142574764278588
1758795023.4823399,target,4,-2.055924072265625,1.5174764404296874,-0.9975626200641369
1758795023.4823399,target,5,3.009949462890625,-0.755685546875,-3.1352585912531485
1758795023.5023627,herder,1,1.289391357421875,2.179875244140625,-3.1409700065269326
1758795023.5023627,herder,2,0.12199525451660156,-2.935329833984375,1.990003315561779
1758795023.5023627,target,1,-0.7850890502929687,-2.07212451171875,-2.3473695732881494
1758795023.5023627,target,2,0.4795416564941406,2.652216796875,-0.6498505210263855
1758795023.5023627,target,3,-2.741970458984375,-1.5359400634765625,1.0472850360384067
1758795023.5023627,target,4,-2.0532724609375,1.5189549560546876,-1.048687057194279
1758795023.5023627,target,5,3.0124580078125,-0.7466309204101562,-2.9870632639701635
1758795023.5222566,herder,1,1.284460205078125,2.179125244140625,3.132690771330094
1758795023.5222566,herder,2,0.11917317962646484,-2.928263916015625,1.9956681255164865
1758795023.5222566,target,1,-0.7886093139648438,-2.0721650390625,-2.2934805086303958
1758795023.5222566,target,2,0.4825488586425781,2.65246435546875,-0.6838596207789154
1758795023.5222566,target,3,-2.738249267578125,-1.5396842041015626,1.1260100752319666
1758795023.5222566,target,4,-2.05104150390625,1.5204205322265625,-1.083699436308469
1758795023.5222566,target,5,3.013228515625,-0.7411314697265625,-2.8836143693226894
1758795023.5424204,herder,1,1.27891064453125,2.178886474609375,3.1226099076558174
1758795023.5424204,herder,2,0.11613597869873046,-2.92238671875,2.000472601281044
1758795023.5424204,target,1,-0.7915690307617187,-2.07232275390625,-2.2323990448166655
1758795023.5424204,target,2,0.4851983947753906,2.65210888671875,-0.7150614824263928
1758795023.5424204,target,3,-2.734216796875,-1.5430367431640626,1.2116556048342064
1758795023.5424204,target,4,-2.049435791015625,1.521557373046875,-1.1170047957429454
1758795023.5424204,target,5,3.01353515625,-0.7347379760742188,-2.784831865537252
1758795023.5623965,herder,1,1.2730589599609374,2.17855224609375,3.1128883044125923
1758795023.5623965,herder,2,0.11313908386230469,-2.916668701171875,2.0052050385381146
1758795023.5623965,target,1,-0.7950477905273438,-2.071330322265625,-2.1786878793197295
1758795023.5623965,target,2,0.48793853759765626,2.652403076171875,-0.7436040445673715
1758795023.5623965,target,3,-2.729688232421875,-1.5460125732421874,1.3005621751912482
1758795023.5623965,target,4,-2.047551513671875,1.5223472900390624,-1.1562465409842904
1758795023.5623965,target,5,3.01280126953125,-0.7289192504882812,-2.681262862324616
1758795023.5824747,herder,1,1.267344970703125,2.17806640625,3.103545668992485
1758795023.5824747,herder,2,0.11070247650146485,-2.910404052734375,2.0110529408177653
1758795023.5824747,target,1,-0.7988892822265625,-2.070633544921875,-2.119560909430008
1758795023.5824747,target,2,0.49059014892578123,2.652287353515625,-0.7772794502353145
1758795023.5824747,target,3,-2.724839111328125,-1.5483685302734376,1.392057071811738
1758795023.5824747,target,4,-2.045674072265625,1.5228995361328126,-1.1892269947657772
1758795023.5824747,target,5,3.01147314453125,-0.72312548828125,-2.5780706964062254
1758795023.6024108,herder,1,1.2644825439453125,2.177997314453125,3.0978584884846208
1758795023.6024108,herder,2,0.10922752380371094,-2.90740380859375,2.014595877173952
1758795023.6024108,target,1,-0.8003472290039062,-2.069971435546875,-2.087182862687097
1758795023.6024108,target,2,0.4919958801269531,2.65233837890625,-0.79587503912582
1758795023.6024108,target,3,-2.72259228515625,-1.5495303955078126,1.4392528137017953
1758795023.6024108,target,4,-2.044519287109375,1.523287841796875,-1.1988488626261788
1758795023.6024108,target,5,3.010705322265625,-0.7199239501953125,-2.524610400683975
1758795023.6224098,herder,1,1.255781982421875,2.177196533203125,3.083399920610472
1758795023.6224098,herder,2,0.10521670532226562,-2.899184814453125,2.0252824768381674
1758795023.6224098,target,1,-0.8049263916015625,-2.067493896484375,-2.0016503842731317
1758795023.6224098,target,2,0.4965606994628906,2.651635009765625,-0.835078501426495
1758795023.6224098,target,3,-2.714293701171875,-1.55165087890625,1.5710525228917622
1758795023.6224098,target,4,-2.0433048095703126,1.523909423828125,-1.2175545066487319
1758795023.6224098,target,5,3.007813720703125,-0.71139794921875,-2.3742653697690774
1758795023.6423233,herder,1,1.2512783203125,2.176978271484375,3.0731651262251884
1758795023.6423233,herder,2,0.10243457794189453,-2.8927978515625,2.031465138466841
1758795023.6423233,target,1,-0.8084076538085937,-2.06629296875,-1.9437792279954371
1758795023.6423233,target,2,0.49968972778320314,2.6514541015625,-0.8676931034532321
1758795023.6423233,target,3,-2.709197265625,-1.5535787353515624,1.6715534313705729
1758795023.6423233,target,4,-2.0433687744140623,1.524239013671875,-1.223855945262023
1758795023.6423233,target,5,3.0051552734375,-0.7061194458007812,-2.274226919213559
1758795023.6627538,herder,1,1.245603759765625,2.176784912109375,3.0634520450974514
1758795023.6627538,herder,2,0.09934598541259766,-2.88662255859375,2.0369175613246147
1758795023.6627538,target,1,-0.811539306640625,-2.065009521484375,-1.8824068138326155
1758795023.6627538,target,2,0.5025119934082031,2.6510947265625,-0.9005798805433753
1758795023.6627538,target,3,-2.7033671875,-1.5546090087890625,1.766721892398718
1758795023.6627538,target,4,-2.043709228515625,1.5239130859375,-1.2184205666352257
1758795023.6627538,target,5,3.001724365234375,-0.700575927734375,-2.17806762910185
1758795023.682388,herder,1,1.238810302734375,2.176974853515625,3.054743508332892
1758795023.682388,herder,2,0.09632140350341797,-2.8805986328125,2.042013520070481
1758795023.682388,target,1,-0.8146456909179688,-2.0627060546875,-1.8285973776914555
1758795023.682388,target,2,0.5055070495605469,2.650543212890625,-0.9372323674148907
1758795023.682388,target,3,-2.697451171875,-1.554576171875,1.860101774438766
1758795023.682388,target,4,-2.043575439453125,1.5236552734375,-1.217569287192782
1758795023.682388,target,5,2.997560302734375,-0.6960563354492187,-2.0745066153724836
1758795023.702736,herder,1,1.233216552734375,2.17696826171875,3.047272808843002
1758795023.702736,herder,2,0.09355975341796875,-2.875490478515625,2.0469595428469765
1758795023.702736,target,1,-0.8174266357421875,-2.060260498046875,-1.7676629203698975
1758795023.702736,target,2,0.5085534362792968,2.64994482421875,-0.9672387360490314
1758795023.702736,target,3,-2.69148974609375,-1.5545401611328125,1.954815767026889
1758795023.702736,target,4,-2.04368798828125,1.523752685546875,-1.2159708579065163
1758795023.702736,target,5,2.9936572265625,-0.6916925659179688,-1.9704906005708773
1758795023.7227507,herder,1,1.230601806640625,2.176932861328125,3.043923617456118
1758795023.7227507,herder,2,0.09242195129394531,-2.8732509765625,2.0492273576732334
1758795023.7227507,target,1,-0.8188214111328125,-2.05948095703125,-1.7364810324305957
1758795023.7227507,target,2,0.5097589721679687,2.649720458984375,-0.9848770516857079
1758795023.7227507,target,3,-2.68840234375,-1.554222412109375,2.0034080705925836
1758795023.7227507,target,4,-2.043681396484375,1.5236080322265626,-1.2150592578653823
1758795023.7227507,target,5,2.99134228515625,-0.6895741577148438,-1.9183291285122583
1758795023.742897,herder,1,1.2211619873046875,2.1776328125,3.0311923758649946
1758795023.742897,herder,2,0.08803711700439452,-2.864184814453125,2.058486636151221
1758795023.742897,target,1,-0.8230875854492188,-2.056159912109375,-1.6456770929549271
1758795023.742897,target,2,0.5135984497070313,2.6478330078125,-1.0341049852245774
1758795023.742897,target,3,-2.68057666015625,-1.5521036376953126,2.1440667851486994
1758795023.742897,target,4,-2.042976806640625,1.5231199951171874,-1.2242721973404023
1758795023.742897,target,5,2.983436767578125,-0.6838831176757812,-1.7674123169113212
1758795023.7625828,herder,1,1.2148724365234376,2.177272705078125,3.0229605449355597
1758795023.7625828,herder,2,0.0853924560546875,-2.8586240234375,2.065911262954253
1758795023.7625828,target,1,-0.8254894409179687,-2.05344775390625,-1.5815688134042671
1758795023.7625828,target,2,0.5165184936523437,2.64673388671875,-1.0653820811728496
1758795023.7625828,target,3,-2.67487353515625,-1.5502833251953125,2.2404825376733832
1758795023.7625828,target,4,-2.042466064453125,1.5229781494140624,-1.2391737820618862
1758795023.7625828,target,5,2.977562744140625,-0.6807179565429687,-1.662225310178407
1758795023.7823296,herder,1,1.21181787109375,2.177308349609375,3.017631559594311
1758795023.7823296,herder,2,0.08429956817626953,-2.856192626953125,2.067560824933448
1758795023.7823296,target,1,-0.8269598388671875,-2.052199462890625,-1.551490805736803
1758795023.7823296,target,2,0.5178497924804687,2.646176513671875,-1.084392457403135
1758795023.7823296,target,3,-2.67230126953125,-1.5494058837890625,2.28974276204047
1758795023.7823296,target,4,-2.0419971923828126,1.522988037109375,-1.2430172561470885
1758795023.7823296,target,5,2.97500341796875,-0.6798788452148438,-1.6139425990894338
1758795023.8024547,herder,1,1.203322998046875,2.177831787109375,3.0039935116520153
1758795023.8024547,herder,2,0.07960383605957032,-2.848474853515625,2.0784120079530304
1758795023.8024547,target,1,-0.8309948120117188,-2.048816162109375,-1.4590167979415458
1758795023.8024547,target,2,0.5215775756835938,2.64439697265625,-1.1320242919216925
1758795023.8024547,target,3,-2.664668701171875,-1.54541064453125,2.434565728435088
1758795023.8024547,target,4,-2.0419443359375,1.5237176513671875,-1.2417270877569997
1758795023.8024547,target,5,2.96590869140625,-0.6778285522460937,-1.463966282827458
1758795023.822266,herder,1,1.1963792724609374,2.177889404296875,2.994854608055299
1758795023.822266,herder,2,0.07666900634765625,-2.843390625,2.0832380553224175
1758795023.822266,target,1,-0.8332652587890625,-2.0454375,-1.3960972203434427
1758795023.822266,target,2,0.5241629028320313,2.643444091796875,-1.163429885392561
1758795023.822266,target,3,-2.659521728515625,-1.542180908203125,2.5354462705272893
1758795023.822266,target,4,-2.04169775390625,1.52355908203125,-1.2471536779521997
1758795023.822266,target,5,2.9595146484375,-0.6765629272460938,-1.3614329829627534
1758795023.842656,herder,1,1.1905069580078125,2.178483642578125,2.9860225006161603
1758795023.842656,herder,2,0.074029052734375,-2.838328369140625,2.0887671772195855
1758795023.842656,target,1,-0.8352265625,-2.0421419677734374,-1.3313204873591729
1758795023.842656,target,2,0.5270618286132812,2.64199365234375,-1.1928599459668088
1758795023.842656,target,3,-2.654726806640625,-1.538525634765625,2.636495390716493
1758795023.842656,target,4,-2.0408756103515624,1.52375341796875,-1.2660622548498166
1758795023.842656,target,5,2.953654296875,-0.6755635986328125,-1.2573093764531078
1758795023.862573,herder,1,1.1872825927734374,2.17855859375,2.982781433569534
1758795023.862573,herder,2,0.07236109924316406,-2.835233154296875,2.093437163349094
1758795023.862573,target,1,-0.8361734619140625,-2.0407874755859376,-1.3021893666172866
1758795023.862573,target,2,0.5281354370117187,2.64118798828125,-1.208496163674991
1758795023.862573,target,3,-2.65280908203125,-1.5361451416015626,2.6841097815299104
1758795023.862573,target,4,-2.040255615234375,1.524074462890625,-1.276630743319687
1758795023.862573,target,5,2.95049609375,-0.6757594604492188,-1.2099057748399697
1758795023.8824136,herder,1,1.18138623046875,2.179067626953125,2.9744041940445807
1758795023.8824136,herder,2,0.06930010223388672,-2.8295771484375,2.0989553662857925
1758795023.8824136,target,1,-0.8384269409179688,-2.037486083984375,-1.2428603959588829
1758795023.8824136,target,2,0.5304190673828125,2.639729248046875,-1.2400982984343072
1758795023.8824136,target,3,-2.649111083984375,-1.53174951171875,2.782939689582751
1758795023.8824136,target,4,-2.039398193359375,1.524384765625,-1.2868028202612993
1758795023.8824136,target,5,2.94466943359375,-0.6761310424804687,-1.102688573829061
1758795023.9023871,herder,1,1.175286376953125,2.179761962890625,2.966304189589105
1758795023.9023871,herder,2,0.06598884582519532,-2.823921142578125,2.104643079425875
1758795023.9023871,target,1,-0.83927880859375,-2.0343709716796874,-1.1802976819468505
1758795023.9023871,target,2,0.5329175415039062,2.638000732421875,-1.2698150482999018
1758795023.9023871,target,3,-2.646037353515625,-1.52755615234375,2.8770581993511324
1758795023.9023871,target,4,-2.0400035400390624,1.524637939453125,-1.277296533592207
1758795023.9023871,target,5,2.938166748046875,-0.6769199829101562,-0.9992278946937635
1758795023.922392,herder,1,1.16973291015625,2.18025390625,2.958851865910736
1758795023.922392,herder,2,0.06337892532348632,-2.818872314453125,2.110856766881248
1758795023.922392,target,1,-0.8412606811523438,-2.030925048828125,-1.1142253876712842
1758795023.922392,target,2,0.5356293334960938,2.636621337890625,-1.304351853422431
1758795023.922392,target,3,-2.64264599609375,-1.52202880859375,2.964301492449365
1758795023.922392,target,4,-2.0405953369140626,1.5245264892578125,-1.2718799302510948
1758795023.922392,target,5,2.932053955078125,-0.6782799072265625,-0.9025935632226115
1758795023.9425988,herder,1,1.163411865234375,2.18114697265625,2.950783819388341
1758795023.9425988,herder,2,0.06002505111694336,-2.8136533203125,2.1170217184886724
1758795023.9425988,target,1,-0.8424537353515625,-2.027604248046875,-1.0531895970702487
1758795023.9425988,target,2,0.5376061401367187,2.635172119140625,-1.3403651150533
1758795023.9425988,target,3,-2.639714599609375,-1.516337890625,3.0697163326135355
1758795023.9425988,target,4,-2.03957275390625,1.5242021484375,-1.2839307341837034
1758795023.9425988,target,5,2.926006103515625,-0.6803468017578125,-0.8005839739862709
1758795023.9623704,herder,1,1.156733154296875,2.181487060546875,2.9417176200893844
1758795023.9623704,herder,2,0.05659882354736328,-2.80830224609375,2.12282874124559
1758795023.9623704,target,1,-0.8433362426757812,-2.023899169921875,-0.9923401611664915
1758795023.9623704,target,2,0.5405836181640625,2.63366015625,-1.3763908935412923
1758795023.9623704,target,3,-2.63744287109375,-1.51051171875,-3.109319668551886
1758795023.9623704,target,4,-2.038517822265625,1.5240198974609376,-1.300710380105911
1758795023.9623704,target,5,2.920644287109375,-0.6833170166015625,-0.6949662675260636
1758795023.9823806,herder,1,1.14769091796875,2.182675048828125,2.928642298085422
1758795023.9823806,herder,2,0.051620498657226566,-2.80057421875,2.129493701347677
1758795023.9823806,target,1,-0.8449027709960938,-2.018186279296875,-0.8930405380763883
1758795023.9823806,target,2,0.5440703735351563,2.6303515625,-1.425554445160809
1758795023.9823806,target,3,-2.635219482421875,-1.5014210205078125,-2.9662434695162507
1758795023.9823806,target,4,-2.0374671630859376,1.5239862060546876,-1.3131161834118272
1758795023.9823806,target,5,2.91282861328125,-0.6885488891601562,-0.5428517990934041
1758795024.0023057,herder,1,1.1429388427734375,2.18319970703125,2.9201534721107945
1758795024.0023057,herder,2,0.04854302597045899,-2.7956064453125,2.135213638736949
1758795024.0023057,target,1,-0.8454093017578125,-2.0140302734375,-0.8329570273021378
1758795024.0023057,target,2,0.5465108032226562,2.628392333984375,-1.458324109742016
1758795024.0023057,target,3,-2.635153564453125,-1.4952276611328126,-2.866561349914585
1758795024.0023057,target,4,-2.037710205078125,1.5240731201171875,-1.3103154700514454
1758795024.0023057,target,5,2.908241455078125,-0.6926414794921875,-0.44374608742017224
1758795024.0226336,herder,1,1.1364698486328124,2.184022216796875,2.9113847479055996
1758795024.0226336,herder,2,0.045608524322509766,-2.790083251953125,2.1411227937216712
1758795024.0226336,target,1,-0.8453572998046875,-2.01065771484375,-0.774119210127772
1758795024.0226336,target,2,0.5488138427734375,2.626422607421875,-1.4946204653967605
1758795024.0226336,target,3,-2.635549072265625,-1.4894310302734375,-2.771413528384888
1758795024.0226336,target,4,-2.037689453125,1.5239527587890624,-1.310551292965972
1758795024.0226336,target,5,2.9040517578125,-0.6972415771484375,-0.34580454332795485
1758795024.0428846,herder,1,1.1292791748046875,2.1853212890625,2.903399525693106
1758795024.0428846,herder,2,0.042050472259521486,-2.7847998046875,2.1477041305655296
1758795024.0428846,target,1,-0.8454376220703125,-2.00709716796875,-0.7113020976526097
1758795024.0428846,target,2,0.551129150390625,2.624309326171875,-1.528585090359086
1758795024.0428846,target,3,-2.6366845703125,-1.4834937744140626,-2.6702219290773654
1758795024.0428846,target,4,-2.0371075439453126,1.52382568359375,-1.3219751887779758
1758795024.0428846,target,5,2.900126220703125,-0.7020723876953125,-0.24034188277746069
1758795024.0625184,herder,1,1.12204736328125,2.186326416015625,2.8956736953707862
1758795024.0625184,herder,2,0.03865650177001953,-2.779782958984375,2.1521438864188007
1758795024.0625184,target,1,-0.8454754028320313,-2.0031856689453127,-0.6516995537712276
1758795024.0625184,target,2,0.5533744506835937,2.622163818359375,-1.566520222190611
1758795024.0625184,target,3,-2.638536865234375,-1.47736474609375,-2.569174939417034
1758795024.0625184,target,4,-2.0367314453125,1.523851318359375,-1.3250736435482284
1758795024.0625184,target,5,2.896846923828125,-0.707510009765625,-0.14579313933497703
1758795024.0824084,herder,1,1.1165726318359375,2.187326416015625,2.8875574456326607
1758795024.0824084,herder,2,0.0352308578491211,-2.774745849609375,2.157140509256007
1758795024.0824084,target,1,-0.8451632080078125,-1.999603759765625,-0.5859652146379924
1758795024.0824084,target,2,0.5557650146484375,2.61972607421875,-1.6004169365451395
1758795024.0824084,target,3,-2.640115966796875,-1.4718426513671874,-2.4632019006883827
1758795024.0824084,target,4,-2.037215087890625,1.5241103515625,-1.318708954859048
1758795024.0824084,target,5,2.894361572265625,-0.7130084228515625,-0.04192443063116571
1758795024.10239,herder,1,1.110462890625,2.188381103515625,2.879231072484528
1758795024.10239,herder,2,0.03188236236572266,-2.7692138671875,2.1616399199176963
1758795024.10239,target,1,-0.8443978881835937,-1.996205078125,-0.5228191351891782
1758795024.10239,target,2,0.5577586669921875,2.61695751953125,-1.6332972554696392
1758795024.10239,target,3,-2.642772216796875,-1.4667232666015626,-2.3663336770944947
1758795024.10239,target,4,-2.0373316650390625,1.52376513671875,-1.3141902362794562
1758795024.10239,target,5,2.892324462890625,-0.7185192260742187,0.05333458619642048
1758795024.1229167,herder,1,1.107216064453125,2.188903564453125,2.875156436016707
1758795024.1229167,herder,2,0.030294649124145506,-2.766904296875,2.1637930856590253
1758795024.1229167,target,1,-0.8443033447265625,-1.994188720703125,-0.495967746919427
1758795024.1229167,target,2,0.5583118896484375,2.615626953125,-1.6512779870434726
1758795024.1229167,target,3,-2.644623779296875,-1.4635057373046876,-2.3151501177881526
1758795024.1229167,target,4,-2.0374747314453123,1.5236553955078125,-1.3115715499795813
1758795024.1229167,target,5,2.891555419921875,-0.7215631713867188,0.10931779428784405
1758795024.1424057,herder,1,1.097464599609375,2.191010986328125,2.863063820454984
1758795024.1424057,herder,2,0.024620985031127928,-2.75844189453125,2.171153530279786
1758795024.1424057,target,1,-0.8430982666015625,-1.9886636962890625,-0.40162982596673674
1758795024.1424057,target,2,0.561335693359375,2.611849609375,-1.7054988815730499
1758795024.1424057,target,3,-2.648939453125,-1.4554254150390624,-2.169887596655617
1758795024.1424057,target,4,-2.0376353759765626,1.523617431640625,-1.3083989261729698
1758795024.1424057,target,5,2.8901650390625,-0.7307709350585937,0.2587268489152546
1758795024.1625066,herder,1,1.091858642578125,2.19192724609375,2.856306315505017
1758795024.1625066,herder,2,0.020849954605102538,-2.75271728515625,2.1755766413762445
1758795024.1625066,target,1,-0.8415051879882812,-1.9853037109375,-0.34211220363461453
1758795024.1625066,target,2,0.5631608276367187,2.609426513671875,-1.742458896971442
1758795024.1625066,target,3,-2.652543212890625,-1.450589599609375,-2.0731021973716306
1758795024.1625066,target,4,-2.0375057373046874,1.5236424560546875,-1.3099173274684786
1758795024.1625066,target,5,2.8900322265625,-0.7368673706054687,0.3595438912602145
1758795024.1824102,herder,1,1.08571435546875,2.19307177734375,2.8485898062465123
1758795024.1824102,herder,2,0.01641820526123047,-2.747168212890625,2.1798925602388266
1758795024.1824102,target,1,-0.83953662109375,-1.9816470947265625,-0.2799908087047218
1758795024.1824102,target,2,0.564617431640625,2.60634033203125,-1.7723781802379373
1758795024.1824102,target,3,-2.6572177734375,-1.446714599609375,-1.9718368285019123
1758795024.1824102,target,4,-2.03746337890625,1.523595458984375,-1.3103086789906657
1758795024.1824102,target,5,2.890176025390625,-0.7426553955078125,0.46613002296131545
1758795024.2027805,herder,1,1.079100341796875,2.1945625,2.8415063303791195
1758795024.2027805,herder,2,0.01285366153717041,-2.74195458984375,2.18308355985696
1758795024.2027805,target,1,-0.8378972778320313,-1.9787325439453125,-0.2159297003948699
1758795024.2027805,target,2,0.566090087890625,2.603658447265625,-1.804580192032794
1758795024.2027805,target,3,-2.6623212890625,-1.443394287109375,-1.8738874946635067
1758795024.2027805,target,4,-2.0375577392578124,1.5235589599609376,-1.309266717214172
1758795024.2027805,target,5,2.89095068359375,-0.7490869140625,0.5627513049431261
1758795024.2225237,herder,1,1.0732796630859376,2.1958935546875,2.8355496379689393
1758795024.2225237,herder,2,0.00941678237915039,-2.737301513671875,2.1870813641273323
1758795024.2225237,target,1,-0.8359004516601563,-1.975667236328125,-0.15364195776538814
1758795024.2225237,target,2,0.5673794555664062,2.601002685546875,-1.8395834498202503
1758795024.2225237,target,3,-2.667375244140625,-1.4399722900390626,-1.775860529679325
1758795024.2225237,target,4,-2.0371173095703123,1.523383544921875,-1.3146994326798793
1758795024.2225237,target,5,2.892833984375,-0.7557442626953125,0.6647745428800533
1758795024.2429845,herder,1,1.0672445068359375,2.197281982421875,2.8287319455783364
1758795024.2429845,herder,2,0.0052814908027648926,-2.73148974609375,2.191217919090498
1758795024.2429845,target,1,-0.8335545654296875,-1.97321875,-0.08740196756493107
1758795024.2429845,target,2,0.56862060546875,2.598174072265625,-1.876500455167038
1758795024.2429845,target,3,-2.672561279296875,-1.4375848388671875,-1.6754424455104158
1758795024.2429845,target,4,-2.0366343994140625,1.5227708740234376,-1.3222293875040239
1758795024.2429845,target,5,2.89463037109375,-0.7611920166015625,0.7693838433935021
1758795024.2623954,herder,1,1.0606827392578124,2.199158447265625,2.822632241417619
1758795024.2623954,herder,2,0.0007440198063850403,-2.725082763671875,2.195230770221029
1758795024.2623954,target,1,-0.8308785400390625,-1.970024169921875,-0.02030722957082928
1758795024.2623954,target,2,0.5695046997070312,2.595388916015625,-1.908718712244544
1758795024.2623954,target,3,-2.677862060546875,-1.4354608154296875,-1.5765460915883778
1758795024.2623954,target,4,-2.037263916015625,1.5231990966796876,-1.3159784157933898
1758795024.2623954,target,5,2.897747314453125,-0.766846435546875,0.872418683070496
1758795024.282442,herder,1,1.0576741943359376,2.199998046875,2.8192497605171094
1758795024.282442,herder,2,-0.001046640992164612,-2.72246728515625,2.1959085447184545
1758795024.282442,target,1,-0.8298639526367187,-1.9686522216796876,0.010056840088709284
1758795024.282442,target,2,0.5701927490234375,2.593960693359375,-1.9222274637159165
1758795024.282442,target,3,-2.680981201171875,-1.4344158935546876,-1.523959046387564
1758795024.282442,target,4,-2.0374215087890626,1.5235111083984374,-1.3107184063243744
1758795024.282442,target,5,2.899360107421875,-0.7695814208984375,0.9234120926750062
1758795024.302337,herder,1,1.051370849609375,2.20139306640625,2.8129652329767403
1758795024.302337,herder,2,-0.004980438709259033,-2.716763916015625,2.199020182136103
1758795024.302337,target,1,-0.8268953247070312,-1.965575439453125,0.08247369642157697
1758795024.302337,target,2,0.5711170043945313,2.591139404296875,-1.9584870677476178
1758795024.302337,target,3,-2.687030029296875,-1.433018798828125,-1.4288525038547633
1758795024.302337,target,4,-2.0374063720703126,1.523457763671875,-1.309765527286344
1758795024.302337,target,5,2.90275439453125,-0.7745369262695313,1.0229788308224443
1758795024.3224418,herder,1,1.04576416015625,2.20285791015625,2.807140633356628
1758795024.3224418,herder,2,-0.009037653923034667,-2.71185888671875,2.201449650840528
1758795024.3224418,target,1,-0.8243119506835938,-1.96321435546875,0.1480674622611479
1758795024.3224418,target,2,0.5718238525390625,2.588221923828125,-1.991622251188438
1758795024.3224418,target,3,-2.693456787109375,-1.4320462646484375,-1.3343959057859964
1758795024.3224418,target,4,-2.03733935546875,1.523291259765625,-1.3113164191471516
1758795024.3224418,target,5,2.906716064453125,-0.7794118041992187,1.1294502135700766
1758795024.343101,herder,1,1.0359117431640625,2.205530517578125,2.797914111760049
1758795024.343101,herder,2,-0.01507535457611084,-2.70315576171875,2.204329460085285
1758795024.343101,target,1,-0.8190985107421875,-1.9604732666015625,0.24369222265256443
1758795024.343101,target,2,0.5728513793945312,2.58403173828125,-2.0392492920170335
1758795024.343101,target,3,-2.70200439453125,-1.4317781982421875,-1.1946438644229982
1758795024.343101,target,4,-2.037388427734375,1.523296875,-1.3098873669062152
1758795024.343101,target,5,2.913998046875,-0.7853602905273438,1.2853322227073576
1758795024.3626215,herder,1,1.0295772705078126,2.206835205078125,2.7903560605864035
1758795024.3626215,herder,2,-0.01963432312011719,-2.69754052734375,2.207089027606825
1758795024.3626215,target,1,-0.8157467041015625,-1.9581783447265626,0.3065435567477342
1758795024.3626215,target,2,0.573377685546875,2.580938232421875,-2.070129843278993
1758795024.3626215,target,3,-2.708696044921875,-1.432075439453125,-1.0800926506651474
1758795024.3626215,target,4,-2.03797802734375,1.5231055908203126,-1.3001899984289096
1758795024.3626215,target,5,2.919285400390625,-0.7887918701171875,1.382245720039777
1758795024.3824065,herder,1,1.0267069091796874,2.20769873046875,2.7869296375279076
1758795024.3824065,herder,2,-0.021662666320800782,-2.69443310546875,2.210152461808743
1758795024.3824065,target,1,-0.8143202514648438,-1.957153564453125,0.34195098252012385
1758795024.3824065,target,2,0.5732030029296875,2.579513671875,-2.086017063919915
1758795024.3824065,target,3,-2.711810302734375,-1.4329971923828124,-1.037760906190011
1758795024.3824065,target,4,-2.0383536376953124,1.52298974609375,-1.2883646310825763
1758795024.3824065,target,5,2.921697509765625,-0.7903119506835937,1.4398287222875248
1758795024.4027097,herder,1,1.0181744384765625,2.21006689453125,2.775685238773375
1758795024.4027097,herder,2,-0.02774017906188965,-2.686582275390625,2.212520145175878
1758795024.4027097,target,1,-0.808491455078125,-1.9556834716796876,0.4347463007008993
1758795024.4027097,target,2,0.5738349609375,2.5751826171875,-2.133623864724226
1758795024.4027097,target,3,-2.71997607421875,-1.4364503173828125,-0.8775639768755563
1758795024.4027097,target,4,-2.03969775390625,1.522303955078125,-1.27138191912725
1758795024.4027097,target,5,2.93042138671875,-0.7950548095703125,1.592354882135197
1758795024.4228632,herder,1,1.0128150634765625,2.211666748046875,2.769674217876957
1758795024.4228632,herder,2,-0.03219051361083984,-2.680546142578125,2.214431495890228
1758795024.4228632,target,1,-0.8044165649414062,-1.9544918212890625,0.5003038392272667
1758795024.4228632,target,2,0.574050048828125,2.57277685546875,-2.164975928657184
1758795024.4228632,target,3,-2.72531884765625,-1.4394044189453126,-0.7776836515097613
1758795024.4228632,target,4,-2.039940673828125,1.5221441650390626,-1.2664666558613453
1758795024.4228632,target,5,2.93664306640625,-0.7970543823242188,1.6967292252614736
1758795024.442925,herder,1,1.0062478637695313,2.2138251953125,2.7630501372976033
1758795024.442925,herder,2,-0.03636640167236328,-2.675440673828125,2.2173967926059768
1758795024.442925,target,1,-0.8006195678710938,-1.9535887451171876,0.5652448892507945
1758795024.442925,target,2,0.574036865234375,2.56993115234375,-2.1961603465995214
1758795024.442925,target,3,-2.7309248046875,-1.4422802734375,-0.6758434393187497
1758795024.442925,target,4,-2.0408760986328125,1.522742919921875,-1.2539641798078593
1758795024.442925,target,5,2.942741455078125,-0.798056640625,1.800020194456306
1758795024.462584,herder,1,1.0000850219726563,2.215890869140625,2.756755756061201
1758795024.462584,herder,2,-0.04017825698852539,-2.670241943359375,2.220957572141467
1758795024.462584,target,1,-0.7964953002929688,-1.953090576171875,0.6352915519791403
1758795024.462584,target,2,0.5740015258789063,2.567144775390625,-2.225361375320022
1758795024.462584,target,3,-2.735385986328125,-1.4456171875,-0.5761996026577537
1758795024.462584,target,4,-2.0416116943359377,1.5227474365234375,-1.2493792816751788
1758795024.462584,target,5,2.949413818359375,-0.7982932739257812,1.9011161862806947
1758795024.4823716,herder,1,0.997467041015625,2.216689208984375,2.7535751427713193
1758795024.4823716,herder,2,-0.04198772430419922,-2.667460205078125,2.2211614371229125
1758795024.4823716,target,1,-0.79439208984375,-1.9527711181640626,0.6657416032508884
1758795024.4823716,target,2,0.5736802368164062,2.565552734375,-2.2375506636293148
1758795024.4823716,target,3,-2.737646484375,-1.448018310546875,-0.5315733451664322
1758795024.4823716,target,4,-2.0413009033203124,1.52256103515625,-1.2491465213959059
1758795024.4823716,target,5,2.95234375,-0.7984974365234375,1.9547244206014993
1758795024.5024266,herder,1,0.9877769165039062,2.219320068359375,2.742303846089777
1758795024.5024266,herder,2,-0.04953021621704102,-2.6584892578125,2.2269574077613066
1758795024.5024266,target,1,-0.78828271484375,-1.952426025390625,0.7700403126022066
1758795024.5024266,target,2,0.5734884643554687,2.561184814453125,-2.2841240247726207
1758795024.5024266,target,3,-2.7435419921875,-1.4543258056640624,-0.37855346854217287
1758795024.5024266,target,4,-2.040833251953125,1.5220909423828124,-1.2513078097785597
1758795024.5024266,target,5,2.961619873046875,-0.7970783081054688,2.1112972537255468
1758795024.5223765,herder,1,0.981457275390625,2.22178125,2.7351426059185537
1758795024.5223765,herder,2,-0.05350769805908203,-2.6531943359375,2.2280295964161727
1758795024.5223765,target,1,-0.784407958984375,-1.952967041015625,0.83661467932228
1758795024.5223765,target,2,0.5734234008789062,2.5581923828125,-2.316917391487529
1758795024.5223765,target,3,-2.747577880859375,-1.459279296875,-0.28210126400006874
1758795024.5223765,target,4,-2.0410142822265627,1.5221873779296875,-1.2520321895950612
1758795024.5223765,target,5,2.96816259765625,-0.7955567626953125,2.2132868692537118
1758795024.5426314,herder,1,0.9754110717773438,2.2236337890625,2.729540380249463
1758795024.5426314,herder,2,-0.057539680480957034,-2.6483447265625,2.2297914106353143
1758795024.5426314,target,1,-0.7801572875976562,-1.953226318359375,0.904913043374016
1758795024.5426314,target,2,0.5734129638671875,2.55547412109375,-2.3488257897722047
1758795024.5426314,target,3,-2.750931640625,-1.464287841796875,-0.18452011218236636
1758795024.5426314,target,4,-2.0406595458984373,1.5220670166015624,-1.256005492783405
1758795024.5426314,target,5,2.974307373046875,-0.7934965209960938,2.3180319244037273
1758795024.5627148,herder,1,0.9703267822265625,2.225590087890625,2.7244140614671695
1758795024.5627148,herder,2,-0.061422935485839845,-2.643031982421875,2.231441372088673
1758795024.5627148,target,1,-0.7762080078125,-1.9538197021484376,0.9731111394107107
1758795024.5627148,target,2,0.5728973388671875,2.552789794921875,-2.381350976165342
1758795024.5627148,target,3,-2.753685791015625,-1.470292236328125,-0.08378238210362031
1758795024.5627148,target,4,-2.0409139404296877,1.5217000732421875,-1.2494846096962915
1758795024.5627148,target,5,2.98033544921875,-0.7911181030273438,2.4257187072938446
1758795024.5822504,herder,1,0.9641580200195312,2.227826171875,2.7184584343214255
1758795024.5822504,herder,2,-0.06609934997558593,-2.636995849609375,2.2338250344223485
1758795024.5822504,target,1,-0.7724251098632813,-1.9548353271484376,1.034518640720894
1758795024.5822504,target,2,0.5718899536132812,2.5497822265625,-2.4058275571120427
1758795024.5822504,target,3,-2.755943359375,-1.4756539306640626,0.014686531342568072
1758795024.5822504,target,4,-2.0421785888671873,1.521713134765625,-1.2323120143552426
1758795024.5822504,target,5,2.985685302734375,-0.787459716796875,2.536679580428105
1758795024.6023316,herder,1,0.9577129516601562,2.229895751953125,2.711894541182707
1758795024.6023316,herder,2,-0.07051258087158203,-2.63148388671875,2.2358997700695746
1758795024.6023316,target,1,-0.7690462646484375,-1.9562655029296876,1.101050596600608
1758795024.6023316,target,2,0.5714669799804688,2.54660693359375,-2.435611818111271
1758795024.6023316,target,3,-2.7574443359375,-1.4813685302734374,0.11532180774164362
1758795024.6023316,target,4,-2.042976806640625,1.5214500732421874,-1.2185594504860733
1758795024.6023316,target,5,2.99073681640625,-0.7834382934570312,2.635796843562565
1758795024.6224756,herder,1,0.9520611572265625,2.23204541015625,2.705100018293588
1758795024.6224756,herder,2,-0.07452957916259766,-2.62671044921875,2.2378497366197307
1758795024.6224756,target,1,-0.7643208618164062,-1.957678955078125,1.1687487507216674
1758795024.6224756,target,2,0.5711612548828126,2.544363037109375,-2.4714931201101265
1758795024.6224756,target,3,-2.758325927734375,-1.4873565673828124,0.21467308783451602
1758795024.6224756,target,4,-2.043037841796875,1.5210537109375,-1.2152418175581072
1758795024.6224756,target,5,2.99548974609375,-0.7790421752929687,2.738135466351585
1758795024.6423554,herder,1,0.9461638793945313,2.234197021484375,2.6990024446617427
1758795024.6423554,herder,2,-0.07888058471679688,-2.621425048828125,2.239075323353385
1758795024.6423554,target,1,-0.7609700927734375,-1.9589498291015626,1.2359722629574474
1758795024.6423554,target,2,0.57055712890625,2.541641357421875,-2.5023540971380736
1758795024.6423554,target,3,-2.759080322265625,-1.49328076171875,0.3221957867119706
1758795024.6423554,target,4,-2.04316845703125,1.5207979736328125,-1.2104638402463959
1758795024.6423554,target,5,2.9996005859375,-0.7741463623046875,2.8455154530841247
1758795024.662677,herder,1,0.9403418579101562,2.236854248046875,2.6930787754490795
1758795024.662677,herder,2,-0.08353639221191406,-2.61600048828125,2.2404353997220885
1758795024.662677,target,1,-0.7574435424804687,-1.9605518798828125,1.303598578308102
1758795024.662677,target,2,0.56983935546875,2.53852490234375,-2.534659040109062
1758795024.662677,target,3,-2.758890869140625,-1.499373779296875,0.41707376344421526
1758795024.662677,target,4,-2.0435599365234376,1.520681884765625,-1.2057994467551767
1758795024.662677,target,5,3.003833984375,-0.7687827758789062,2.9481166635566267
1758795024.6822612,herder,1,0.9350980224609375,2.238786376953125,2.687016089227514
1758795024.6822612,herder,2,-0.08795767974853516,-2.61053662109375,2.2424756474331984
1758795024.6822612,target,1,-0.7539210815429688,-1.9631776123046876,1.3674023253881114
1758795024.6822612,target,2,0.5685298461914062,2.53609228515625,-2.5647719351868057
1758795024.6822612,target,3,-2.75766259765625,-1.5059971923828126,0.5177474444987449
1758795024.6822612,target,4,-2.0434853515625,1.5207225341796875,-1.2070175766377789
1758795024.6822612,target,5,3.00733740234375,-0.7633646240234375,3.0532452139036135
1758795024.7022855,herder,1,0.9290858154296875,2.24116796875,2.6817009523239337
1758795024.7022855,herder,2,-0.09158313751220704,-2.6056025390625,2.2440895230537863
1758795024.7022855,target,1,-0.7499927978515625,-1.965427490234375,1.4356924336404684
1758795024.7022855,target,2,0.5675711059570312,2.53341650390625,-2.5979618465880274
1758795024.7022855,target,3,-2.75633251953125,-1.51169580078125,0.6191819573871965
1758795024.7022855,target,4,-2.04279443359375,1.5207276611328124,-1.2166370476531996
1758795024.7022855,target,5,3.00977587890625,-0.757271484375,-3.128007069920972
1758795024.7223547,herder,1,0.9228651123046875,2.243737548828125,2.677104069966348
1758795024.7223547,herder,2,-0.09579133605957031,-2.60047802734375,2.2461404234092566
1758795024.7223547,target,1,-0.746760986328125,-1.9677171630859376,1.5092213792311746
1758795024.7223547,target,2,0.5665961303710938,2.530675048828125,-2.6277032306937054
1758795024.7223547,target,3,-2.75427880859375,-1.5176986083984374,0.7209338192090448
1758795024.7223547,target,4,-2.041973388671875,1.5206025390625,-1.2360312519755927
1758795024.7223547,target,5,3.011452880859375,-0.7512178955078125,-3.0280264099611083
1758795024.7426074,herder,1,0.9165146484375,2.2459970703125,2.671588130716576
1758795024.7426074,herder,2,-0.100260498046875,-2.59468798828125,2.2481215489441664
1758795024.7426074,target,1,-0.743599853515625,-1.97031640625,1.5768350445666512
1758795024.7426074,target,2,0.565255126953125,2.52796240234375,-2.6577932225860743
1758795024.7426074,target,3,-2.751708740234375,-1.5233846435546874,0.8245823177802202
1758795024.7426074,target,4,-2.041112060546875,1.5209150390625,-1.247151680581382
1758795024.7426074,target,5,3.0125888671875,-0.7449931030273438,-2.925619077615964
1758795024.7624185,herder,1,0.9113536987304688,2.2483515625,2.664266035615512
1758795024.7624185,herder,2,-0.10482381439208985,-2.58932666015625,2.251363148623011
1758795024.7624185,target,1,-0.74073779296875,-1.97336279296875,1.6444420519994027
1758795024.7624185,target,2,0.5640677490234375,2.525266357421875,-2.6906031008997418
1758795024.7624185,target,3,-2.7484619140625,-1.528584716796875,0.9220478884066131
1758795024.7624185,target,4,-2.041033935546875,1.521199951171875,-1.2470519451985587
1758795024.7624185,target,5,3.013154541015625,-0.7385796508789062,-2.8192114109974122
1758795024.7828872,herder,1,0.9057861328125,2.250559326171875,2.6581295798317517
1758795024.7828872,herder,2,-0.10858042907714843,-2.584829345703125,2.2538414863334384
1758795024.7828872,target,1,-0.7381544189453125,-1.9761009521484374,1.7095788443630513
1758795024.7828872,target,2,0.5628026733398438,2.522785400390625,-2.722431071719497
1758795024.7828872,target,3,-2.744357666015625,-1.5333115234375,1.0185444678703808
1758795024.7828872,target,4,-2.0416832275390626,1.5209652099609374,-1.2361866474251988
1758795024.7828872,target,5,3.013050537109375,-0.7327952270507813,-2.706892858339429
1758795024.8024588,herder,1,0.899096435546875,2.2533232421875,2.652336671828611
1758795024.8024588,herder,2,-0.11239691925048828,-2.580020751953125,2.2559903910170234
1758795024.8024588,target,1,-0.7356671752929688,-1.979919677734375,1.7772528302972184
1758795024.8024588,target,2,0.5618294067382813,2.5203994140625,-2.7577187551113735
1758795024.8024588,target,3,-2.740266845703125,-1.5379503173828124,1.1230298648141135
1758795024.8024588,target,4,-2.0429443359375,1.5205338134765625,-1.2176213519920929
1758795024.8024588,target,5,3.012091796875,-0.7262335815429688,-2.606124169013011
1758795024.8223803,herder,1,0.893682861328125,2.256207275390625,2.6472763994413517
1758795024.8223803,herder,2,-0.11719168853759766,-2.5746845703125,2.258853289188859
1758795024.8223803,target,1,-0.7338301391601563,-1.9829962158203125,1.8425555375967788
1758795024.8223803,target,2,0.5602030029296875,2.517641845703125,-2.791165395241679
1758795024.8223803,target,3,-2.73566796875,-1.5419407958984375,1.2256462553048286
1758795024.8223803,target,4,-2.043731689453125,1.52021142578125,-1.205786796739999
1758795024.8223803,target,5,3.01075146484375,-0.7199899291992188,-2.4996661686498567
1758795024.8425205,herder,1,0.8887549438476563,2.258097900390625,2.6430736649250974
1758795024.8425205,herder,2,-0.12159178161621094,-2.56918115234375,2.2608277568210435
1758795024.8425205,target,1,-0.7312280883789063,-1.9863531494140625,1.9079824813611916
1758795024.8425205,target,2,0.5582916259765625,2.515318603515625,-2.821009843681543
1758795024.8425205,target,3,-2.73069189453125,-1.5455281982421876,1.3154630941224597
1758795024.8425205,target,4,-2.043699462890625,1.520134765625,-1.1997085310260565
1758795024.8425205,target,5,3.009337158203125,-0.7138428344726563,-2.3956042143194463
1758795024.8626268,herder,1,0.8866026000976562,2.259115478515625,2.641303728064631
1758795024.8626268,herder,2,-0.12336652374267579,-2.567052490234375,2.262291962788369
1758795024.8626268,target,1,-0.7303450317382812,-1.9877728271484374,1.935641140336373
1758795024.8626268,target,2,0.5575883178710938,2.51395068359375,-2.8360657585881968
1758795024.8626268,target,3,-2.7282685546875,-1.546947021484375,1.3672281546528202
1758795024.8626268,target,4,-2.0436925048828125,1.5200631103515625,-1.1985708286083745
1758795024.8626268,target,5,3.0080927734375,-0.7104540405273437,-2.33976438416321
1758795024.8824522,herder,1,0.8773592529296875,2.26361767578125,2.6345273146709243
1758795024.8824522,herder,2,-0.12956492614746093,-2.56015869140625,2.264183872426761
1758795024.8824522,target,1,-0.7279681396484375,-1.9923299560546874,2.0335589157158616
1758795024.8824522,target,2,0.5548795166015625,2.50995458984375,-2.8854665978608396
1758795024.8824522,target,3,-2.719719482421875,-1.55076123046875,1.5097882330691978
1758795024.8824522,target,4,-2.043274658203125,1.5197598876953125,-1.2065280876294224
1758795024.8824522,target,5,3.00318994140625,-0.7019633178710938,-2.1897253504575627
1758795024.902397,herder,1,0.8738209838867188,2.265271240234375,2.631194634882799
1758795024.902397,herder,2,-0.1319265594482422,-2.55732568359375,2.265716521634102
1758795024.902397,target,1,-0.7273163452148438,-1.9941741943359375,2.06438061111773
1758795024.902397,target,2,0.5540525512695312,2.508888671875,-2.9010261165296276
1758795024.902397,target,3,-2.7172158203125,-1.5518583984375,1.560961006573125
1758795024.902397,target,4,-2.0429166259765625,1.5198851318359374,-1.214225821602242
1758795024.902397,target,5,3.001383056640625,-0.699351806640625,-2.133332648059026
1758795024.9223166,herder,1,0.8679423828125,2.26769287109375,2.626093083498643
1758795024.9223166,herder,2,-0.13549006652832032,-2.5533046875,2.267305363540443
1758795024.9223166,target,1,-0.7255682373046874,-1.9975645751953126,2.120625641233822
1758795024.9223166,target,2,0.5520204467773437,2.506669677734375,-2.927966920432978
1758795024.9223166,target,3,-2.710944580078125,-1.55368896484375,1.6585263125823413
1758795024.9223166,target,4,-2.0421776123046875,1.5202860107421876,-1.2267125850052965
1758795024.9223166,target,5,2.997275390625,-0.694369873046875,-2.0276666718040612
1758795024.9425719,herder,1,0.8608605346679687,2.27055224609375,2.619292169022908
1758795024.9425719,herder,2,-0.14025093078613282,-2.54766748046875,2.2718343352902317
1758795024.9425719,target,1,-0.7239196166992188,-2.002799072265625,2.2081827878665203
1758795024.9425719,target,2,0.5491930541992187,2.503261474609375,-2.9751333675510443
1758795024.9425719,target,3,-2.70254296875,-1.555268310546875,1.8055337368610969
1758795024.9425719,target,4,-2.0423216552734376,1.52106982421875,-1.2293417907914772
1758795024.9425719,target,5,2.9901162109375,-0.687677001953125,-1.8767537217867043
1758795024.9624474,herder,1,0.8559019165039062,2.2735439453125,2.613892609912772
1758795024.9624474,herder,2,-0.1445124969482422,-2.54239013671875,2.2769268319266813
1758795024.9624474,target,1,-0.7233270263671875,-2.0062734375,2.2658036070017475
1758795024.9624474,target,2,0.5475323486328125,2.501006591796875,-3.010209862268478
1758795024.9624474,target,3,-2.696573974609375,-1.555662841796875,1.9017723891732903
1758795024.9624474,target,4,-2.0421807861328123,1.5207916259765626,-1.230327027236752
1758795024.9624474,target,5,2.984434814453125,-0.6843519287109375,-1.7700636269345495
1758795024.9825916,herder,1,0.8525453491210937,2.275303955078125,2.612228666863691
1758795024.9825916,herder,2,-0.1464867706298828,-2.539724365234375,2.2787455046350966
1758795024.9825916,target,1,-0.7229778442382813,-2.0078555908203124,2.297883512860624
1758795024.9825916,target,2,0.5465818481445313,2.499861572265625,-3.027211482667544
1758795024.9825916,target,3,-2.69359326171875,-1.5555557861328124,1.9507212900089466
1758795024.9825916,target,4,-2.041861572265625,1.5206407470703125,-1.2348735758497353
1758795024.9825916,target,5,2.98151513671875,-0.6824703369140624,-1.7206815629475918
1758795025.00235,herder,1,0.8430413208007812,2.279685546875,2.6066946181185062
1758795025.00235,herder,2,-0.15270075988769533,-2.533091064453125,2.284680359124338
1758795025.00235,target,1,-0.7226085205078125,-2.0134300537109375,2.3808047618257673
1758795025.00235,target,2,0.5433369750976562,2.496691650390625,-3.076391812201928
1758795025.00235,target,3,-2.684566162109375,-1.553937255859375,2.1049627919147387
1758795025.00235,target,4,-2.04076953125,1.5205018310546874,-1.2518648099205498
1758795025.00235,target,5,2.972964111328125,-0.6784715576171875,-1.5599039979364726
1758795025.0226724,herder,1,0.837471923828125,2.282733154296875,2.6033464919960587
1758795025.0226724,herder,2,-0.15504522705078125,-2.529876220703125,2.2876926606333265
1758795025.0226724,target,1,-0.7224450073242188,-2.0165682373046874,2.438137027456884
1758795025.0226724,target,2,0.5411359252929687,2.494555419921875,-3.105901767608878
1758795025.0226724,target,3,-2.67893505859375,-1.5524117431640625,2.2098782893745197
1758795025.0226724,target,4,-2.0408369140625,1.52064892578125,-1.253540604036482
1758795025.0226724,target,5,2.966502197265625,-0.6766273193359374,-1.4576057220379672
1758795025.0426075,herder,1,0.8318663330078125,2.285140380859375,2.6000953049372897
1758795025.0426075,herder,2,-0.15871170043945312,-2.525906005859375,2.2910722120566374
1758795025.0426075,target,1,-0.7228270874023438,-2.0200133056640626,2.4954591730758584
1758795025.0426075,target,2,0.5391342163085937,2.49293017578125,3.14115855833211
1758795025.0426075,target,3,-2.67281494140625,-1.5499964599609375,2.3141319913034155
1758795025.0426075,target,4,-2.0409931640625,1.5206392822265624,-1.251093558468863
1758795025.0426075,target,5,2.960076171875,-0.6757808837890625,-1.3521035301900421
1758795025.0626981,herder,1,0.8260675048828126,2.288513427734375,2.595361536099674
1758795025.0626981,herder,2,-0.163362548828125,-2.521122314453125,2.294701834306306
1758795025.0626981,target,1,-0.7233905029296875,-2.0234552001953126,2.5518809039302774
1758795025.0626981,target,2,0.5363706665039063,2.49067822265625,3.109892514502362
1758795025.0626981,target,3,-2.667238525390625,-1.54746044921875,2.416089782056554
1758795025.0626981,target,4,-2.040335205078125,1.520527587890625,-1.2601740056796515
1758795025.0626981,target,5,2.95404248046875,-0.6755414428710937,-1.2449640269039364
1758795025.0824053,herder,1,0.8202342529296875,2.291403564453125,2.5902493320711577
1758795025.0824053,herder,2,-0.1672740020751953,-2.516521484375,2.2972147931109053
1758795025.0824053,target,1,-0.7242222900390625,-2.026779541015625,2.6091362042058908
1758795025.0824053,target,2,0.5339498291015625,2.48902783203125,3.0762685078434577
1758795025.0824053,target,3,-2.661916748046875,-1.543873291015625,2.51765369128447
1758795025.0824053,target,4,-2.0394632568359374,1.5208419189453124,-1.2722346633082933
1758795025.0824053,target,5,2.947667236328125,-0.6752372436523437,-1.1386519677685183
1758795025.1027837,herder,1,0.8148593139648438,2.293721435546875,2.5845629505116205
1758795025.1027837,herder,2,-0.17018380737304686,-2.513481689453125,2.301524054070762
1758795025.1027837,target,1,-0.7250309448242187,-2.02969287109375,2.6669606220064543
1758795025.1027837,target,2,0.5312399291992187,2.48749755859375,3.045589691034072
1758795025.1027837,target,3,-2.657160400390625,-1.540260986328125,2.61351737051518
1758795025.1027837,target,4,-2.0393797607421873,1.52116748046875,-1.2738782331750358
1758795025.1027837,target,5,2.941175537109375,-0.67600439453125,-1.0316703899350543
1758795025.122317,herder,1,0.8121541748046875,2.295204833984375,2.581642261744131
1758795025.122317,herder,2,-0.17132467651367186,-2.512189697265625,2.304507327123869
1758795025.122317,target,1,-0.725528564453125,-2.0314263916015625,2.700430165322134
1758795025.122317,target,2,0.5303987426757812,2.48672314453125,3.0275041640713436
1758795025.122317,target,3,-2.65483056640625,-1.5381864013671875,2.665137421924186
1758795025.122317,target,4,-2.039633056640625,1.521232421875,-1.2713773917533968
1758795025.122317,target,5,2.937818115234375,-0.6766796875,-0.979978899229807
1758795025.1424427,herder,1,0.8069771118164063,2.29827490234375,2.576500496627515
1758795025.1424427,herder,2,-0.17455123901367187,-2.508103759765625,2.3112818763048124
1758795025.1424427,target,1,-0.726182861328125,-2.034788818359375,2.7593659202455876
1758795025.1424427,target,2,0.5274771118164062,2.484642578125,2.9952407664133607
1758795025.1424427,target,3,-2.650776123046875,-1.53348291015625,2.7646863834713478
1758795025.1424427,target,4,-2.0399273681640624,1.521150634765625,-1.2692940008326279
1758795025.1424427,target,5,2.931812255859375,-0.6785938720703125,-0.8730864707138333
1758795025.162461,herder,1,0.798804931640625,2.302510498046875,2.567878246282274
1758795025.162461,herder,2,-0.17943672180175782,-2.502786865234375,2.3203462113910063
1758795025.162461,target,1,-0.7281939086914062,-2.0394359130859376,2.8444619065568895
1758795025.162461,target,2,0.5238889770507813,2.482487548828125,2.9473368899894514
1758795025.162461,target,3,-2.64585546875,-1.5261845703125,2.9097096195799397
1758795025.162461,target,4,-2.0384224853515627,1.5215040283203125,-1.2935415499255813
1758795025.162461,target,5,2.922506103515625,-0.68252880859375,-0.7163587081933703
1758795025.1824265,herder,1,0.7964837646484375,2.304065673828125,2.5655008423771606
1758795025.1824265,herder,2,-0.18054452514648436,-2.501583984375,2.3227079026456887
1758795025.1824265,target,1,-0.7288031616210937,-2.0412122802734376,2.8787032339564744
1758795025.1824265,target,2,0.5222039184570313,2.4819306640625,2.9321345012228432
1758795025.1824265,target,3,-2.644658935546875,-1.52333154296875,2.9572960472019116
1758795025.1824265,target,4,-2.037906494140625,1.521827392578125,-1.2991198071448613
1758795025.1824265,target,5,2.91967138671875,-0.6840208129882812,-0.657260234127313
1758795025.202308,herder,1,0.7904276733398438,2.30694970703125,2.5605028879594087
1758795025.202308,herder,2,-0.18341587829589845,-2.49810009765625,2.3294334496625746
1758795025.202308,target,1,-0.7304985961914062,-2.044576904296875,2.937512755044258
1758795025.202308,target,2,0.519827880859375,2.480696044921875,2.8930286437761197
1758795025.202308,target,3,-2.642152099609375,-1.51787744140625,3.0620434991969083
1758795025.202308,target,4,-2.0379473876953127,1.5224666748046876,-1.3019719195142816
1758795025.202308,target,5,2.914658935546875,-0.6877892456054687,-0.5558584448307557
1758795025.2223163,herder,1,0.7849288940429687,2.31012841796875,2.5547453999987666
1758795025.2223163,herder,2,-0.18678424072265626,-2.49445068359375,2.3364186548857435
1758795025.2223163,target,1,-0.7319459838867187,-2.047480224609375,2.9958056228805665
1758795025.2223163,target,2,0.5173739013671875,2.479321044921875,2.8632814007160436
1758795025.2223163,target,3,-2.64014306640625,-1.512050048828125,-3.1187059798138703
1758795025.2223163,target,4,-2.0382369384765626,1.52274365234375,-1.3020751170065221
1758795025.2223163,target,5,2.909372314453125,-0.6921729736328125,-0.45152285069833986
1758795025.2423959,herder,1,0.7803960571289063,2.312908935546875,2.5500803407172747
1758795025.2423959,herder,2,-0.18951261901855468,-2.4918125,2.3428033172830993
1758795025.2423959,target,1,-0.73432666015625,-2.050182373046875,3.0544649416828697
1758795025.2423959,target,2,0.5142822265625,2.478251220703125,2.8320643590503525
1758795025.2423959,target,3,-2.638723876953125,-1.5059945068359375,-3.02106251002666
1758795025.2423959,target,4,-2.0374678955078127,1.52255126953125,-1.313625512970305
1758795025.2423959,target,5,2.904962646484375,-0.6961752319335938,-0.344821270963984
1758795025.2624323,herder,1,0.7721779174804687,2.31724609375,2.5431172397311537
1758795025.2624323,herder,2,-0.19339822387695313,-2.487982421875,2.3537587630593584
1758795025.2624323,target,1,-0.7369943237304688,-2.05417724609375,3.1408658769283107
1758795025.2624323,target,2,0.5102764892578125,2.4766943359375,2.779918333326056
1758795025.2624323,target,3,-2.637764404296875,-1.4960389404296874,-2.868884957965679
1758795025.2624323,target,4,-2.0360816650390623,1.5225711669921875,-1.3328705802716534
1758795025.2624323,target,5,2.899156005859375,-0.7040421142578125,-0.19177517884774428
1758795025.2825491,herder,1,0.7660740356445312,2.320675048828125,2.5389512568379424
1758795025.2825491,herder,2,-0.19630894470214844,-2.48492431640625,2.3632595902482163
1758795025.2825491,target,1,-0.7396633911132813,-2.05663720703125,-3.08898137362306
1758795025.2825491,target,2,0.5075979919433594,2.47564453125,2.74647462267295
1758795025.2825491,target,3,-2.638249755859375,-1.4898375244140625,-2.763109259473803
1758795025.2825491,target,4,-2.035566162109375,1.5224600830078125,-1.3416486255406637
1758795025.2825491,target,5,2.8964736328125,-0.709901611328125,-0.08146037194918022
1758795025.3024604,herder,1,0.760788330078125,2.32333837890625,2.5349575804672595
1758795025.3024604,herder,2,-0.1981932830810547,-2.48222021484375,2.372591573023963
1758795025.3024604,target,1,-0.7422601318359375,-2.05869482421875,-3.032220356045765
1758795025.3024604,target,2,0.5046159362792969,2.47480908203125,2.714613362339569
1758795025.3024604,target,3,-2.639125244140625,-1.4837684326171876,-2.6646061212867154
1758795025.3024604,target,4,-2.03500732421875,1.5221397705078126,-1.3537247295036279
1758795025.3024604,target,5,2.894015380859375,-0.7156044921875,0.02132389339756163
1758795025.3223193,herder,1,0.7583262939453125,2.324925048828125,2.533021462354772
1758795025.3223193,herder,2,-0.19931849670410157,-2.481128173828125,2.377536796852131
1758795025.3223193,target,1,-0.7435696411132813,-2.059965087890625,-3.003995908496996
1758795025.3223193,target,2,0.5031173400878907,2.474400390625,2.696227164489771
1758795025.3223193,target,3,-2.639556396484375,-1.4806546630859374,-2.612966096169534
1758795025.3223193,target,4,-2.034870849609375,1.5220634765625,-1.355540472734844
1758795025.3223193,target,5,2.892815673828125,-0.7186605224609375,0.07568548189528994
1758795025.3423388,herder,1,0.7518419799804688,2.329081298828125,2.527512447323834
1758795025.3423388,herder,2,-0.2035655975341797,-2.476358642578125,2.3926177454730317
1758795025.3423388,target,1,-0.7472897338867187,-2.062629150390625,-2.9168844418727224
1758795025.3423388,target,2,0.49927859497070315,2.473985595703125,2.660258510807161
1758795025.3423388,target,3,-2.64229736328125,-1.471826416015625,-2.462073519334516
1758795025.3423388,target,4,-2.0359566650390626,1.521511962890625,-1.3308548336425725
1758795025.3423388,target,5,2.890639892578125,-0.7284796752929688,0.23045779341822697
1758795025.362567,herder,1,0.746283203125,2.332390625,2.524317452964066
1758795025.362567,herder,2,-0.20598033142089844,-2.47433447265625,2.402609925883009
1758795025.362567,target,1,-0.7501175537109375,-2.06426123046875,-2.8629690119201774
1758795025.362567,target,2,0.49716070556640624,2.47384375,2.643055022797467
1758795025.362567,target,3,-2.644513916015625,-1.46621044921875,-2.3588749618295095
1758795025.362567,target,4,-2.037190673828125,1.5214161376953126,-1.3103805843400977
1758795025.362567,target,5,2.89003955078125,-0.7350563354492188,0.3365769564669393
1758795025.3827207,herder,1,0.740085693359375,2.33603125,2.518979146559002
1758795025.3827207,herder,2,-0.20778353881835937,-2.472394287109375,2.414178963974422
1758795025.3827207,target,1,-0.7528822631835937,-2.06586279296875,-2.814030497412772
1758795025.3827207,target,2,0.4961681213378906,2.47381201171875,2.629274229420743
1758795025.3827207,target,3,-2.647231201171875,-1.4608175048828125,-2.259846381959349
1758795025.3827207,target,4,-2.037633056640625,1.5211756591796874,-1.307458297675954
1758795025.3827207,target,5,2.89006494140625,-0.74157177734375,0.44644433565761327
1758795025.4024525,herder,1,0.7351256103515625,2.33872314453125,2.512797683352819
1758795025.4024525,herder,2,-0.21013446044921874,-2.46999072265625,2.4258942096096807
1758795025.4024525,target,1,-0.7558317260742188,-2.06751806640625,-2.7584564507333256
1758795025.4024525,target,2,0.4956611022949219,2.47333251953125,2.620673284364223
1758795025.4024525,target,3,-2.650893310546875,-1.455345703125,-2.1580429213913805
1758795025.4024525,target,4,-2.037034912109375,1.52081982421875,-1.3143727959721812
1758795025.4024525,target,5,2.891420654296875,-0.7481509399414062,0.5543293908908867
1758795025.4223459,herder,1,0.7313106079101562,2.341214599609375,2.5076979961814265
1758795025.4223459,herder,2,-0.21240760803222655,-2.46810791015625,2.4375202393484217
1758795025.4223459,target,1,-0.7587642211914063,-2.068847412109375,-2.69948367787072
1758795025.4223459,target,2,0.4930018310546875,2.4746123046875,2.6152652031385992
1758795025.4223459,target,3,-2.65511328125,-1.4508931884765626,-2.0565204243184154
1758795025.4223459,target,4,-2.0369691162109373,1.52096533203125,-1.3132223103812668
1758795025.4223459,target,5,2.893107666015625,-0.7549158935546875,0.6593557424310419
1758795025.4423635,herder,1,0.7273893432617188,2.343526611328125,2.5062391165362814
1758795025.4423635,herder,2,-0.21452938842773436,-2.465392578125,2.4489063182729462
1758795025.4423635,target,1,-0.7620086059570312,-2.07066162109375,-2.6447884743509995
1758795025.4423635,target,2,0.4856881103515625,2.4791708984375,2.6068320372307543
1758795025.4423635,target,3,-2.659903564453125,-1.4467789306640626,-1.9540666198122496
1758795025.4423635,target,4,-2.0372772216796875,1.5210263671875,-1.3100412976172218
1758795025.4423635,target,5,2.89540380859375,-0.761127197265625,0.7675314816972975
1758795025.4623485,herder,1,0.7238746337890625,2.346119873046875,2.505926727740415
1758795025.4623485,herder,2,-0.21690875244140626,-2.463530517578125,2.4608508620780607
1758795025.4623485,target,1,-0.7652942504882813,-2.071416015625,-2.591562536804676
1758795025.4623485,target,2,0.478704833984375,2.482,2.590865321231293
1758795025.4623485,target,3,-2.664839599609375,-1.44291943359375,-1.8503896254174104
1758795025.4623485,target,4,-2.0375390625,1.5205399169921876,-1.3024282521670667
1758795025.4623485,target,5,2.898614501953125,-0.76667431640625,0.8716441692464737
1758795025.4824088,herder,1,0.7228026123046875,2.347002197265625,2.506018340481914
1758795025.4824088,herder,2,-0.21808433532714844,-2.46250927734375,2.4667548238986576
1758795025.4824088,target,1,-0.7669172973632813,-2.071627685546875,-2.5638624656745437
1758795025.4824088,target,2,0.4772005615234375,2.482636962890625,2.582999142319526
1758795025.4824088,target,3,-2.667500732421875,-1.44116845703125,-1.7978390655235308
1758795025.4824088,target,4,-2.03759716796875,1.5202763671875,-1.3016356954266592
1758795025.4824088,target,5,2.900271728515625,-0.7691720581054687,0.9180472878170961
1758795025.502433,herder,1,0.7220973510742188,2.34749951171875,2.504283823663945
1758795025.502433,herder,2,-0.21986415100097656,-2.460583740234375,2.478496168512599
1758795025.502433,target,1,-0.769622802734375,-2.07254541015625,-2.5121582583750914
1758795025.502433,target,2,0.47390792846679686,2.483459716796875,2.5730311966754686
1758795025.502433,target,3,-2.673208251953125,-1.4382576904296875,-1.703279669436687
1758795025.502433,target,4,-2.0371170654296873,1.5199447021484376,-1.3051003348467978
1758795025.502433,target,5,2.9038662109375,-0.774321533203125,1.0310841616001005
1758795025.522424,herder,1,0.7215536499023437,2.3473291015625,2.502613755344356
1758795025.522424,herder,2,-0.2218806610107422,-2.45862841796875,2.4917198285892783
1758795025.522424,target,1,-0.7722284545898438,-2.0728115234375,-2.473327771785082
1758795025.522424,target,2,0.47202780151367185,2.484453369140625,2.565573812991029
1758795025.522424,target,3,-2.678693603515625,-1.43583740234375,-1.6074512770904201
1758795025.522424,target,4,-2.0373853759765623,1.5199188232421874,-1.301156060114336
1758795025.522424,target,5,2.90802978515625,-0.7789847412109375,1.1345779970909695
1758795025.5423317,herder,1,0.7215006713867187,2.34741650390625,2.5024379867124114
1758795025.5423317,herder,2,-0.22327133178710937,-2.4569052734375,2.5043338910924384
1758795025.5423317,target,1,-0.774000732421875,-2.07340380859375,-2.4487582465163378
1758795025.5423317,target,2,0.47214697265625,2.484702392578125,2.56332930082431
1758795025.5423317,target,3,-2.684666748046875,-1.4343585205078124,-1.5075141598143793
1758795025.5423317,target,4,-2.038194580078125,1.520054931640625,-1.2909128767716187
1758795025.5423317,target,5,2.9124619140625,-0.7829102172851562,1.2341124444101905
1758795025.562848,herder,1,0.7221785888671876,2.34688623046875,2.502402832986022
1758795025.562848,herder,2,-0.2267449188232422,-2.453768798828125,2.5242687171161178
1758795025.562848,target,1,-0.7745534057617187,-2.073113037109375,-2.441737621250671
1758795025.562848,target,2,0.4702286376953125,2.486591552734375,2.5638424919663683
1758795025.562848,target,3,-2.69367138671875,-1.4324468994140624,-1.3607590700489087
1758795025.562848,target,4,-2.0384891357421875,1.5188402099609375,-1.2768488562129647
1758795025.562848,target,5,2.91986328125,-0.7889381103515625,1.3963082758598315
1758795025.582556,herder,1,0.7221194458007812,2.347169189453125,2.5002296935365176
1758795025.582556,herder,2,-0.22946778869628906,-2.45176318359375,2.5374308581716165
1758795025.582556,target,1,-0.7741949462890625,-2.0731904296875,-2.4446149004923927
1758795025.582556,target,2,0.4689918518066406,2.48669677734375,2.553855637878571
1758795025.582556,target,3,-2.69962548828125,-1.432070068359375,-1.2599965059929978
1758795025.582556,target,4,-2.03904638671875,1.5182205810546876,-1.2693716319784036
1758795025.582556,target,5,2.92540283203125,-0.7919408569335937,1.4960366013064101
1758795025.602313,herder,1,0.722052734375,2.34710302734375,2.499011563653915
1758795025.602313,herder,2,-0.23053742980957032,-2.45102490234375,2.5429436016280804
1758795025.602313,target,1,-0.774270751953125,-2.07314892578125,-2.444687871106261
1758795025.602313,target,2,0.4680718078613281,2.486824951171875,2.555577371523307
1758795025.602313,target,3,-2.7028623046875,-1.43215283203125,-1.2149435435160183
1758795025.602313,target,4,-2.0392103271484374,1.5180228271484375,-1.2661313638801042
1758795025.602313,target,5,2.92849267578125,-0.7932264404296875,1.550113685137123
1758795025.622438,herder,1,0.7214033203125,2.347467529296875,2.4966935482411103
1758795025.622438,herder,2,-0.2330275115966797,-2.449063720703125,2.5556151884107865
1758795025.622438,target,1,-0.7741729736328125,-2.07311181640625,-2.445398668801203
1758795025.622438,target,2,0.46730517578125,2.486933349609375,2.549357558797427
1758795025.622438,target,3,-2.70949755859375,-1.4326568603515626,-1.1001588371095947
1758795025.622438,target,4,-2.039276611328125,1.5179970703125,-1.2621226406492625
1758795025.622438,target,5,2.934569580078125,-0.7952495727539063,1.654680707968267
1758795025.642506,herder,1,0.7192212524414062,2.348460205078125,2.4930418217543937
1758795025.642506,herder,2,-0.23593293762207032,-2.446909423828125,2.574225624424369
1758795025.642506,target,1,-0.7741553344726563,-2.07313134765625,-2.445658327007486
1758795025.642506,target,2,0.4672681884765625,2.4869169921875,2.545894117799779
1758795025.642506,target,3,-2.717891845703125,-1.4354173583984375,-0.94595761551529
1758795025.642506,target,4,-2.0396986083984374,1.5174696044921876,-1.2540804267894412
1758795025.642506,target,5,2.944002197265625,-0.797179931640625,1.8098640367935657
1758795025.6625264,herder,1,0.717157958984375,2.349778564453125,2.4903658774910817
1758795025.6625264,herder,2,-0.23876832580566407,-2.444666015625,2.587025042939399
1758795025.6625264,target,1,-0.7741436157226562,-2.073097412109375,-2.445426099360431
1758795025.6625264,target,2,0.46746786499023435,2.486819580078125,2.5478305022283756
1758795025.6625264,target,3,-2.72322412109375,-1.437555908203125,-0.841618825589566
1758795025.6625264,target,4,-2.0401278076171874,1.5169886474609375,-1.2450408591013853
1758795025.6625264,target,5,2.950385986328125,-0.7975658569335937,1.9147904532138156
1758795025.6824179,herder,1,0.7144617309570312,2.351423095703125,2.487481940346635
1758795025.6824179,herder,2,-0.24137092590332032,-2.442817138671875,2.5995807822146864
1758795025.6824179,target,1,-0.7741381225585937,-2.073095458984375,-2.4453509982176906
1758795025.6824179,target,2,0.4672622985839844,2.48683056640625,2.5474597902046368
1758795025.6824179,target,3,-2.728734375,-1.4403936767578125,-0.7461138075786622
1758795025.6824179,target,4,-2.0404654541015623,1.516397705078125,-1.2356538820491285
1758795025.6824179,target,5,2.956790771484375,-0.7971536254882813,2.015623857354723
1758795025.702324,herder,1,0.7144617309570312,2.351423095703125,2.487481940346635
1758795025.702324,herder,2,-0.24137092590332032,-2.442817138671875,2.5995807822146864
1758795025.702324,target,1,-0.7741381225585937,-2.073095458984375,-2.4453509982176906
1758795025.702324,target,2,0.4672622985839844,2.48683056640625,2.5474597902046368
1758795025.702324,target,3,-2.728734375,-1.4403936767578125,-0.7461138075786622
1758795025.702324,target,4,-2.0404654541015623,1.516397705078125,-1.2356538820491285
1758795025.702324,target,5,2.956790771484375,-0.7971536254882813,2.015623857354723
1758795025.7223752,herder,1,0.7144617309570312,2.351423095703125,2.487481940346635
1758795025.7223752,herder,2,-0.24137092590332032,-2.442817138671875,2.5995807822146864
1758795025.7223752,target,1,-0.7741381225585937,-2.073095458984375,-2.4453509982176906
1758795025.7223752,target,2,0.4672622985839844,2.48683056640625,2.5474597902046368
1758795025.7223752,target,3,-2.728734375,-1.4403936767578125,-0.7461138075786622
1758795025.7223752,target,4,-2.0404654541015623,1.516397705078125,-1.2356538820491285
1758795025.7223752,target,5,2.956790771484375,-0.7971536254882813,2.015623857354723
1758795025.742315,herder,1,0.7144617309570312,2.351423095703125,2.487481940346635
1758795025.742315,herder,2,-0.24137092590332032,-2.442817138671875,2.5995807822146864
1758795025.742315,target,1,-0.7741381225585937,-2.073095458984375,-2.4453509982176906
1758795025.742315,target,2,0.4672622985839844,2.48683056640625,2.5474597902046368
1758795025.742315,target,3,-2.728734375,-1.4403936767578125,-0.7461138075786622
1758795025.742315,target,4,-2.0404654541015623,1.516397705078125,-1.2356538820491285
1758795025.742315,target,5,2.956790771484375,-0.7971536254882813,2.015623857354723
1758795025.7624707,herder,1,0.6986357421875,2.362404052734375,2.481536965845251
1758795025.7624707,herder,2,-0.2515917053222656,-2.4355439453125,2.6457610607810964
1758795025.7624707,target,1,-0.7741508178710937,-2.07310009765625,-2.445138211646593
1758795025.7624707,target,2,0.45712225341796875,2.49361328125,2.5607300556003927
1758795025.7624707,target,3,-2.746583984375,-1.455864990234375,-0.35758327206569823
1758795025.7624707,target,4,-2.040946533203125,1.5156317138671875,-1.2250634225002648
1758795025.7624707,target,5,2.98173876953125,-0.7893184204101562,2.447008017047938
1758795025.782683,herder,1,0.6978009643554688,2.3630703125,2.4801971295008323
1758795025.782683,herder,2,-0.2549494323730469,-2.43410595703125,2.65589119293554
1758795025.782683,target,1,-0.7741493530273438,-2.073081298828125,-2.444688403738479
1758795025.782683,target,2,0.45740155029296875,2.4935400390625,2.5602232560449503
1758795025.782683,target,3,-2.7502421875,-1.4607740478515625,-0.26115104123176963
1758795025.782683,target,4,-2.0406646728515625,1.515817138671875,-1.2266538623032601
1758795025.782683,target,5,2.98739599609375,-0.7858908081054687,2.5559022771762967
1758795025.802596,herder,1,0.69849560546875,2.36296484375,2.4783853810112513
1758795025.802596,herder,2,-0.2576520080566406,-2.432327392578125,2.6651163829515743
1758795025.802596,target,1,-0.7741517333984375,-2.0730693359375,-2.4450737631482133
1758795025.802596,target,2,0.456289306640625,2.494338134765625,2.5640861712061103
1758795025.802596,target,3,-2.7530986328125,-1.4663250732421875,-0.16865423011967842
1758795025.802596,target,4,-2.040703125,1.515845458984375,-1.2282538894861799
1758795025.802596,target,5,2.99244873046875,-0.782147705078125,2.6568832204415944
1758795025.8223763,herder,1,0.6991969604492188,2.3612431640625,2.479379805362287
1758795025.8223763,herder,2,-0.26077044677734373,-2.4305087890625,2.674281385526973
1758795025.8223763,target,1,-0.7741668701171875,-2.0730751953125,-2.445392543530696
1758795025.8223763,target,2,0.4558557434082031,2.494739501953125,2.5644046852724838
1758795025.8223763,target,3,-2.7559306640625,-1.471586669921875,-0.07713624722148901
1758795025.8223763,target,4,-2.0406890869140626,1.5158973388671875,-1.2272448177491488
1758795025.8223763,target,5,2.997002197265625,-0.7777714233398437,2.7632714459841887
1758795025.8423834,herder,1,0.6996455078125,2.36136376953125,2.4782269229263916
1758795025.8423834,herder,2,-0.26351705932617187,-2.4288046875,2.683719362114105
1758795025.8423834,target,1,-0.7741658325195313,-2.07304736328125,-2.445424767779886
1758795025.8423834,target,2,0.4556808166503906,2.49498779296875,2.564781256250621
1758795025.8423834,target,3,-2.758305419921875,-1.4763428955078124,0.004856830806815426
1758795025.8423834,target,4,-2.040158935546875,1.515951171875,-1.2366670816858492
1758795025.8423834,target,5,3.001467529296875,-0.7723110961914063,2.868872174792447
1758795025.8624709,herder,1,0.6994751586914062,2.3613388671875,2.47672143796217
1758795025.8624709,herder,2,-0.2647547607421875,-2.427769775390625,2.688220903304666
1758795025.8624709,target,1,-0.7741836547851563,-2.073090087890625,-2.4450106462303784
1758795025.8624709,target,2,0.4556653137207031,2.4949208984375,2.5641599407683056
1758795025.8624709,target,3,-2.75921435546875,-1.4784107666015625,0.03533982725378284
1758795025.8624709,target,4,-2.039537353515625,1.5160821533203126,-1.2468552707520562
1758795025.8624709,target,5,3.002850341796875,-0.7697731323242187,2.91851988909814
1758795025.8824813,herder,1,0.69914697265625,2.36146875,2.476723035858824
1758795025.8824813,herder,2,-0.27047027587890626,-2.425197021484375,2.701261604214457
1758795025.8824813,target,1,-0.77414990234375,-2.0730771484375,-2.4458807009585075
1758795025.8824813,target,2,0.45515606689453125,2.495121826171875,2.5654305349243822
1758795025.8824813,target,3,-2.761189697265625,-1.4833299560546875,0.11376405824102903
1758795025.8824813,target,4,-2.0384801025390624,1.516707763671875,-1.2619673783577108
1758795025.8824813,target,5,3.007137451171875,-0.7612391967773438,3.0773111354102234
1758795025.902386,herder,1,0.6985723266601562,2.362062255859375,2.475112356031544
1758795025.902386,herder,2,-0.2737822265625,-2.423325439453125,2.7076332171224715
1758795025.902386,target,1,-0.7741834106445312,-2.07307763671875,-2.4457403523690604
1758795025.902386,target,2,0.4541823425292969,2.49587548828125,2.5654622265413543
1758795025.902386,target,3,-2.76232958984375,-1.4855484619140624,0.14912054273519249
1758795025.902386,target,4,-2.03874462890625,1.51689697265625,-1.2633002904832955
1758795025.902386,target,5,3.009700927734375,-0.755174072265625,-3.1013964979927913
1758795025.9223616,herder,1,0.69700732421875,2.3629990234375,2.47366386271465
1758795025.9223616,herder,2,-0.27572705078125,-2.422427001953125,2.714843459457752
1758795025.9223616,target,1,-0.77418115234375,-2.0730673828125,-2.445266842327244
1758795025.9223616,target,2,0.4525155029296875,2.49731640625,2.5656651594164184
1758795025.9223616,target,3,-2.7633515625,-1.4873306884765625,0.17728392067121437
1758795025.9223616,target,4,-2.038363037109375,1.5166771240234376,-1.2671753230274154
1758795025.9223616,target,5,3.01128076171875,-0.7493252563476562,-3.0025519425539553
1758795025.942329,herder,1,0.695891357421875,2.363885009765625,2.472869441761479
1758795025.942329,herder,2,-0.2767008056640625,-2.422012939453125,2.718578542886588
1758795025.942329,target,1,-0.7741465454101563,-2.0730615234375,-2.4446343415683502
1758795025.942329,target,2,0.45163119506835936,2.49782666015625,2.562733019056241
1758795025.942329,target,3,-2.76375048828125,-1.488194091796875,0.18755365240104838
1758795025.942329,target,4,-2.0383056640625,1.516784423828125,-1.2750862430454957
1758795025.942329,target,5,3.011814208984375,-0.74621826171875,-2.9477872305297836
1758795025.9624114,herder,1,0.6927398681640625,2.366170654296875,2.4725405413668544
1758795025.9624114,herder,2,-0.279646484375,-2.420280517578125,2.725762153610968
1758795025.9624114,target,1,-0.7741612548828125,-2.07306298828125,-2.4450239620358287
1758795025.9624114,target,2,0.45062411499023436,2.498068115234375,2.562424891318119
1758795025.9624114,target,3,-2.764453125,-1.4889869384765626,0.201619570461979
1758795025.9624114,target,4,-2.03767724609375,1.5169447021484375,-1.2872383802575817
1758795025.9624114,target,5,3.01220703125,-0.7402589111328125,-2.86191599802516
1758795025.982404,herder,1,0.6912885131835937,2.367140625,2.4714896580007095
1758795025.982404,herder,2,-0.2863935546875,-2.417371826171875,2.7357764382579925
1758795025.982404,target,1,-0.7741242065429688,-2.0730947265625,-2.4457925503264257
1758795025.982404,target,2,0.45061553955078126,2.4981787109375,2.559871186148842
1758795025.982404,target,3,-2.7660341796875,-1.4899466552734375,0.21801395684299316
1758795025.982404,target,4,-2.0374659423828123,1.51724755859375,-1.2874114857284369
1758795025.982404,target,5,3.013251953125,-0.7332929077148438,-2.764452557927639
1758795026.0023956,herder,1,0.6920299072265625,2.3667626953125,2.4715607644018145
1758795026.0023956,herder,2,-0.2887505187988281,-2.41615576171875,2.7393626509818936
1758795026.0023956,target,1,-0.7741659545898437,-2.073097412109375,-2.4459206483748583
1758795026.0023956,target,2,0.45036663818359374,2.4981630859375,2.5628158433661428
1758795026.0023956,target,3,-2.766450439453125,-1.49011474609375,0.21611592193409368
1758795026.0023956,target,4,-2.037635498046875,1.517125244140625,-1.286659275878544
1758795026.0023956,target,5,3.01360791015625,-0.7317353515625,-2.7263254121815197
1758795026.0222783,herder,1,0.6939129638671875,2.3649755859375,2.47252030134257
1758795026.0222783,herder,2,-0.29187957763671873,-2.4144443359375,2.7480703887981255
1758795026.0222783,target,1,-0.7741624755859375,-2.07305029296875,-2.445430893050393
1758795026.0222783,target,2,0.450452880859375,2.49822216796875,2.5594999414928847
1758795026.0222783,target,3,-2.766509765625,-1.489899658203125,0.21282746726482066
1758795026.0222783,target,4,-2.038326171875,1.5169207763671875,-1.2728684956477323
1758795026.0222783,target,5,3.01415478515625,-0.7267525024414062,-2.651935067136227
1758795026.0425396,herder,1,0.69465234375,2.364429443359375,2.472111506115243
1758795026.0425396,herder,2,-0.2948383483886719,-2.4136513671875,2.7546542556450193
1758795026.0425396,target,1,-0.7741647338867188,-2.07303759765625,-2.4446700279269575
1758795026.0425396,target,2,0.44998077392578123,2.498517333984375,2.559269311742484
1758795026.0425396,target,3,-2.766364501953125,-1.49001220703125,0.21375711022234006
1758795026.0425396,target,4,-2.039400634765625,1.516834228515625,-1.2531022477210552
1758795026.0425396,target,5,3.014095947265625,-0.7242537841796876,-2.6138635814568905
1758795026.062625,herder,1,0.6949838256835937,2.36388525390625,2.470973537381452
1758795026.062625,herder,2,-0.2987230834960938,-2.411941650390625,2.760850366237198
1758795026.062625,target,1,-0.7741307373046875,-2.0730703125,-2.445293207622036
1758795026.062625,target,2,0.44932147216796875,2.498861083984375,2.5598621314011356
1758795026.062625,target,3,-2.76647314453125,-1.4900277099609376,0.2135575895224227
1758795026.062625,target,4,-2.041128173828125,1.516531982421875,-1.2326650163577326
1758795026.062625,target,5,3.014699462890625,-0.72184619140625,-2.586693745699793
1758795026.0824172,herder,1,0.6948965454101562,2.36398291015625,2.4697572717116127
1758795026.0824172,herder,2,-0.3024659423828125,-2.410651123046875,2.7674552720567034
1758795026.0824172,target,1,-0.77415869140625,-2.073066162109375,-2.4446655005531044
1758795026.0824172,target,2,0.44835848999023437,2.499709228515625,2.5590892820527946
1758795026.0824172,target,3,-2.76631298828125,-1.48990283203125,0.21598020058704054
1758795026.0824172,target,4,-2.0421807861328123,1.5161004638671876,-1.2110735709779696
1758795026.0824172,target,5,3.015230712890625,-0.720169189453125,-2.568371996348375
1758795026.103014,herder,1,0.6942536010742187,2.36439208984375,2.4690472729649975
1758795026.103014,herder,2,-0.305632080078125,-2.408978515625,2.7740207630920755
1758795026.103014,target,1,-0.7741361083984375,-2.0730634765625,-2.445256455998993
1758795026.103014,target,2,0.44702618408203126,2.500830810546875,2.5587159068679655
1758795026.103014,target,3,-2.76635546875,-1.489989501953125,0.21515089222358985
1758795026.103014,target,4,-2.043464111328125,1.515926513671875,-1.188891436468427
1758795026.103014,target,5,3.016016357421875,-0.7187144775390625,-2.556691638123396
1758795026.1223981,herder,1,0.6926596069335937,2.365744384765625,2.4686701693546422
1758795026.1223981,herder,2,-0.30851461791992185,-2.407615966796875,2.7806765352884018
1758795026.1223981,target,1,-0.77417626953125,-2.07306298828125,-2.4455235710563277
1758795026.1223981,target,2,0.4459380187988281,2.501698974609375,2.561616888243389
1758795026.1223981,target,3,-2.76645166015625,-1.490009521484375,0.2142882111227291
1758795026.1223981,target,4,-2.0448936767578125,1.5157332763671876,-1.1677513968934325
1758795026.1223981,target,5,3.01662158203125,-0.7181847534179687,-2.552870001959133
1758795026.1423664,herder,1,0.689997314453125,2.367685302734375,2.469721585353006
1758795026.1423664,herder,2,-0.31141748046875,-2.406478759765625,2.787060931369649
1758795026.1423664,target,1,-0.7741815185546875,-2.073047607421875,-2.444997330424928
1758795026.1423664,target,2,0.4452969055175781,2.502185791015625,2.5631767016938483
1758795026.1423664,target,3,-2.766391357421875,-1.4899639892578125,0.21382595293651863
1758795026.1423664,target,4,-2.046101318359375,1.5157015380859375,-1.1438734945597822
1758795026.1423664,target,5,3.016963134765625,-0.7181681518554688,-2.5547880105762077
1758795026.1624465,herder,1,0.6865885009765625,2.37026708984375,2.470737048676653
1758795026.1624465,herder,2,-0.31482138061523435,-2.404900390625,2.79333134415624
1758795026.1624465,target,1,-0.7741446533203125,-2.07305908203125,-2.4452223675370397
1758795026.1624465,target,2,0.44469635009765623,2.502591064453125,2.560338570920151
1758795026.1624465,target,3,-2.766423095703125,-1.4899984130859374,0.21338103858690727
1758795026.1624465,target,4,-2.048002197265625,1.515537353515625,-1.1201785513930202
1758795026.1624465,target,5,3.01694873046875,-0.718150146484375,-2.556214665972163
1758795026.1823432,herder,1,0.6857188720703125,2.370891357421875,2.47019030170486
1758795026.1823432,herder,2,-0.31639105224609376,-2.4043408203125,2.796694383980792
1758795026.1823432,target,1,-0.7741673583984375,-2.073052734375,-2.445599471147395
1758795026.1823432,target,2,0.44453561401367186,2.502474609375,2.55947437514642
1758795026.1823432,target,3,-2.766313232421875,-1.4898577880859376,0.21625127709649697
1758795026.1823432,target,4,-2.048951904296875,1.515470458984375,-1.1048778254031606
1758795026.1823432,target,5,3.016868896484375,-0.7181514282226562,-2.5553850912926035
1758795026.2023332,herder,1,0.6865986938476563,2.370618896484375,2.470398827218213
1758795026.2023332,herder,2,-0.31940216064453125,-2.40344384765625,2.8023421497045233
1758795026.2023332,target,1,-0.7741863403320313,-2.073039794921875,-2.445400266697857
1758795026.2023332,target,2,0.4443800048828125,2.50257763671875,2.56111195290071
1758795026.2023332,target,3,-2.766271484375,-1.4898756103515625,0.21522980501564026
1758795026.2023332,target,4,-2.0504072265625,1.5149434814453124,-1.0766027112146532
1758795026.2023332,target,5,3.01696142578125,-0.7181590576171875,-2.555567784143383
1758795026.222391,herder,1,0.6873739013671875,2.36912109375,2.4715210833015724
1758795026.222391,herder,2,-0.3232334289550781,-2.40180224609375,2.8099766336014533
1758795026.222391,target,1,-0.7741950073242188,-2.07301953125,-2.4448740260664574
1758795026.222391,target,2,0.44378018188476565,2.5028779296875,2.558352918011388
1758795026.222391,target,3,-2.7664111328125,-1.4899541015625,0.21158849814668854
1758795026.222391,target,4,-2.0531962890625,1.51386083984375,-1.0323004272699396
1758795026.222391,target,5,3.016885986328125,-0.7181888427734375,-2.5553179796331333
1758795026.2425895,herder,1,0.6876159057617187,2.369420166015625,2.469158859414672
1758795026.2425895,herder,2,-0.3262926025390625,-2.40057421875,2.8158555617078034
1758795026.2425895,target,1,-0.774183349609375,-2.07303173828125,-2.445901207298901
1758795026.2425895,target,2,0.4433265686035156,2.502992919921875,2.5560519468295593
1758795026.2425895,target,3,-2.766369384765625,-1.489968505859375,0.21298930423531343
1758795026.2425895,target,4,-2.054962158203125,1.5133477783203124,-1.0028242274298065
1758795026.2425895,target,5,3.01690673828125,-0.7182179565429687,-2.554962980259826
1758795026.2628117,herder,1,0.6869996948242187,2.369231201171875,2.4681982572094805
1758795026.2628117,herder,2,-0.32945269775390623,-2.399401123046875,2.8207507181074782
1758795026.2628117,target,1,-0.7741868286132813,-2.07306103515625,-2.4452604507406277
1758795026.2628117,target,2,0.4428443603515625,2.50333984375,2.553746448273878
1758795026.2628117,target,3,-2.766398193359375,-1.4900045166015625,0.21507522515911798
1758795026.2628117,target,4,-2.0563740234375,1.5129051513671874,-0.974590591975277
1758795026.2628117,target,5,3.016905029296875,-0.718206298828125,-2.5542782815435667
1758795026.2824519,herder,1,0.6864632568359375,2.3698544921875,2.4658876986477276
1758795026.2824519,herder,2,-0.33295120239257814,-2.398226806640625,2.8240889905338924
1758795026.2824519,target,1,-0.77417041015625,-2.073065673828125,-2.445262314953391
1758795026.2824519,target,2,0.4420543212890625,2.503739501953125,2.552049482027279
1758795026.2824519,target,3,-2.76637646484375,-1.489958740234375,0.2141378257449237
1758795026.2824519,target,4,-2.058033203125,1.5123416748046874,-0.94428588272002
1758795026.2824519,target,5,3.016896240234375,-0.7181915283203125,-2.5544151680235965
1758795026.302295,herder,1,0.6850369262695313,2.3705986328125,2.4644985938231425
1758795026.302295,herder,2,-0.33534463500976563,-2.397451171875,2.8271790563467114
1758795026.302295,target,1,-0.7741490478515625,-2.07308056640625,-2.445571774272058
1758795026.302295,target,2,0.4409793395996094,2.504402099609375,2.551378631748688
1758795026.302295,target,3,-2.76635888671875,-1.489982177734375,0.21418043632236497
1758795026.302295,target,4,-2.05992724609375,1.511574462890625,-0.9166999280425977
1758795026.302295,target,5,3.016910888671875,-0.718204345703125,-2.5545741587406745
1758795026.3224387,herder,1,0.6831726684570313,2.37195703125,2.463337988220086
1758795026.3224387,herder,2,-0.3375906677246094,-2.397160400390625,2.83110402316127
1758795026.3224387,target,1,-0.77415869140625,-2.073064208984375,-2.4459491441985226
1758795026.3224387,target,2,0.44007745361328127,2.505216552734375,2.553215147636407
1758795026.3224387,target,3,-2.7664072265625,-1.490018310546875,0.21315035890223596
1758795026.3224387,target,4,-2.061291259765625,1.510867431640625,-0.888465959692932
1758795026.3224387,target,5,3.016894287109375,-0.7181939697265625,-2.555006922417812
1758795026.342355,herder,1,0.6803394165039063,2.374164306640625,2.4627204011632964
1758795026.342355,herder,2,-0.3409056396484375,-2.39578857421875,2.834598623143672
1758795026.342355,target,1,-0.7741575927734375,-2.073038330078125,-2.4459632589523
1758795026.342355,target,2,0.439673095703125,2.50564697265625,2.554372291130046
1758795026.342355,target,3,-2.7664111328125,-1.49001025390625,0.21465526129996929
1758795026.342355,target,4,-2.063449951171875,1.510166748046875,-0.8559562196341166
1758795026.342355,target,5,3.016932373046875,-0.7181929321289062,-2.555070838283974
1758795026.3623598,herder,1,0.679014892578125,2.375083251953125,2.462275653261253
1758795026.3623598,herder,2,-0.34287362670898436,-2.3950927734375,2.8357562992695295
1758795026.3623598,target,1,-0.7741761474609375,-2.073055419921875,-2.4457725766182503
1758795026.3623598,target,2,0.43947296142578124,2.505875244140625,2.5539501800972686
1758795026.3623598,target,3,-2.766352294921875,-1.4899759521484375,0.21163039299958686
1758795026.3623598,target,4,-2.064468017578125,1.5097197265625,-0.8370218100739257
1758795026.3623598,target,5,3.016915771484375,-0.7181585083007812,-2.555100665688183
1758795026.3824434,herder,1,0.6796099243164062,2.375030029296875,2.4620479529880512
1758795026.3824434,herder,2,-0.346564453125,-2.393719482421875,2.842385439854955
1758795026.3824434,target,1,-0.7741836547851563,-2.07304150390625,-2.4453166434396287
1758795026.3824434,target,2,0.43933819580078126,2.5059443359375,2.551738691128067
1758795026.3824434,target,3,-2.7663759765625,-1.490020263671875,0.21384675888253488
1758795026.3824434,target,4,-2.066336181640625,1.5078592529296875,-0.7907021150244501
1758795026.3824434,target,5,3.01693798828125,-0.7182257690429688,-2.5566958991811406
1758795026.4024813,herder,1,0.6809801025390625,2.37333056640625,2.4623169322581493
1758795026.4024813,herder,2,-0.3491028137207031,-2.39305810546875,2.845810531332906
1758795026.4024813,target,1,-0.7741761474609375,-2.0730517578125,-2.4451776264307266
1758795026.4024813,target,2,0.4386325988769531,2.506710205078125,2.553458294243931
1758795026.4024813,target,3,-2.7663505859375,-1.489953857421875,0.21288146285592202
1758795026.4024813,target,4,-2.068327880859375,1.5065946044921874,-0.7551026420479522
1758795026.4024813,target,5,3.016930419921875,-0.7182490844726562,-2.55688125519301
1758795026.4224305,herder,1,0.6818648071289063,2.372758544921875,2.4609808243392566
1758795026.4224305,herder,2,-0.3519822998046875,-2.392182861328125,2.8478225495364606
1758795026.4224305,target,1,-0.7742117309570312,-2.0730615234375,-2.4446055794285773
1758795026.4224305,target,2,0.43708383178710936,2.507597412109375,2.5473852216941144
1758795026.4224305,target,3,-2.766389892578125,-1.4900030517578124,0.21387207555764742
1758795026.4224305,target,4,-2.0703134765625,1.5050838623046876,-0.7176893566320285
1758795026.4224305,target,5,3.016928466796875,-0.7182252197265625,-2.557313219921821
1758795026.4423592,herder,1,0.6822262573242187,2.372151123046875,2.460626091282058
1758795026.4423592,herder,2,-0.35413528442382813,-2.391560302734375,2.8495930190291454
1758795026.4423592,target,1,-0.77419873046875,-2.073049560546875,-2.445307855008031
1758795026.4423592,target,2,0.43522714233398435,2.508504150390625,2.539414646867616
1758795026.4423592,target,3,-2.766279052734375,-1.48990283203125,0.2187295981621679
1758795026.4423592,target,4,-2.071872802734375,1.5034869384765626,-0.6779697737120962
1758795026.4423592,target,5,3.016932373046875,-0.7182291870117188,-2.556935583679248
1758795026.4624825,herder,1,0.68195556640625,2.372482666015625,2.4593251370895546
1758795026.4624825,herder,2,-0.35600564575195315,-2.391212158203125,2.851844988046916
1758795026.4624825,target,1,-0.7741780395507812,-2.073051513671875,-2.4453310245095152
1758795026.4624825,target,2,0.4332999267578125,2.509153076171875,2.5374018297157344
1758795026.4624825,target,3,-2.76630126953125,-1.4899012451171876,0.21513769293143714
1758795026.4624825,target,4,-2.07377783203125,1.5017877197265626,-0.6410556978425078
1758795026.4624825,target,5,3.01691748046875,-0.7182427978515625,-2.556807751946924
1758795026.4825058,herder,1,0.6804232788085938,2.374015625,2.459543516298941
1758795026.4825058,herder,2,-0.35876022338867186,-2.390425048828125,2.8542455614535136
1758795026.4825058,target,1,-0.7741903686523437,-2.07302783203125,-2.4450103799142693
1758795026.4825058,target,2,0.4315921325683594,2.510427734375,2.5390476632694035
1758795026.4825058,target,3,-2.766358642578125,-1.48995166015625,0.21391774877034228
1758795026.4825058,target,4,-2.0754951171875,1.5003280029296875,-0.6026932618140799
1758795026.4825058,target,5,3.016920166015625,-0.718219970703125,-2.5565480937406413
1758795026.5024066,herder,1,0.6777862548828125,2.37619140625,2.461228764636743
1758795026.5024066,herder,2,-0.3624101257324219,-2.389301513671875,2.8564903399363413
1758795026.5024066,target,1,-0.7741802368164062,-2.07305126953125,-2.445362449810378
1758795026.5024066,target,2,0.4298296203613281,2.511923828125,2.537990654632751
1758795026.5024066,target,3,-2.766352294921875,-1.4899505615234374,0.21344390583338993
1758795026.5024066,target,4,-2.07697607421875,1.49854150390625,-0.5628461800569601
1758795026.5024066,target,5,3.01690478515625,-0.7182380981445312,-2.5565033526343277
1758795026.5224602,herder,1,0.676014892578125,2.377531494140625,2.4616498104050843
1758795026.5224602,herder,2,-0.363617919921875,-2.38892041015625,2.857150004938354
1758795026.5224602,target,1,-0.7741900634765625,-2.073042724609375,-2.4453382150444583
1758795026.5224602,target,2,0.4289386291503906,2.512686279296875,2.5341434521220223
1758795026.5224602,target,3,-2.766371337890625,-1.4900037841796876,0.21403824016491155
1758795026.5224602,target,4,-2.077593505859375,1.497481201171875,-0.5445247303111647
1758795026.5224602,target,5,3.016904052734375,-0.7182604370117187,-2.5564681989079387
1758795026.5423625,herder,1,0.6699699096679688,2.3814306640625,2.460752857749946
1758795026.5423625,herder,2,-0.365101806640625,-2.38833203125,2.8613998774059026
1758795026.5423625,target,1,-0.7741888427734375,-2.07303515625,-2.445060447342763
1758795026.5423625,target,2,0.4249808044433594,2.5154404296875,2.536610338239763
1758795026.5423625,target,3,-2.766343017578125,-1.4899617919921875,0.21301635196513452
1758795026.5423625,target,4,-2.08023095703125,1.4947947998046875,-0.4818576536739147
1758795026.5423625,target,5,3.016895751953125,-0.7182325439453126,-2.5560255815347674
1758795026.562392,herder,1,0.6677097778320312,2.38266064453125,2.4596945175327485
1758795026.562392,herder,2,-0.3660661926269531,-2.388077392578125,2.862664612607581
1758795026.562392,target,1,-0.7741419677734375,-2.07304296875,-2.4458154535118006
1758795026.562392,target,2,0.4235210266113281,2.516693115234375,2.53570646136579
1758795026.562392,target,3,-2.7662412109375,-1.489883056640625,0.2120098601654095
1758795026.562392,target,4,-2.08109423828125,1.4937403564453124,-0.4644421447519369
1758795026.562392,target,5,3.01691845703125,-0.7182277221679687,-2.5563187955707853
1758795026.5824547,herder,1,0.6608941650390625,2.38746826171875,2.455784464420294
1758795026.5824547,herder,2,-0.370412109375,-2.386874267578125,2.86602845138046
1758795026.5824547,target,1,-0.7741649780273437,-2.0730673828125,-2.4461835023744496
1758795026.5824547,target,2,0.4172784423828125,2.52116650390625,2.5381512432464826
1758795026.5824547,target,3,-2.7663916015625,-1.4899710693359376,0.21478778685371436
1758795026.5824547,target,4,-2.082929443359375,1.4902589111328124,-0.40063177305871595
1758795026.5824547,target,5,3.0168876953125,-0.7182115478515625,-2.556978726888907
1758795026.6024222,herder,1,0.6583975219726562,2.389140380859375,2.4549479655219
1758795026.6024222,herder,2,-0.3721980285644531,-2.386462646484375,2.8664753298113754
1758795026.6024222,target,1,-0.774159912109375,-2.073046875,-2.445878037797417
1758795026.6024222,target,2,0.41489907836914064,2.52265185546875,2.5395448754449212
1758795026.6024222,target,3,-2.766326416015625,-1.489953857421875,0.21583397639843838
1758795026.6024222,target,4,-2.083548095703125,1.4895335693359375,-0.38218125986859247
1758795026.6024222,target,5,3.016925048828125,-0.7182198486328125,-2.5571049607245766
1758795026.6224542,herder,1,0.6506484985351563,2.3950546875,2.4508504258687043
1758795026.6224542,herder,2,-0.37556640625,-2.3856005859375,2.869047677108283
1758795026.6224542,target,1,-0.774165283203125,-2.07305224609375,-2.445324100290681
1758795026.6224542,target,2,0.40827389526367186,2.5284345703125,2.5382694875988823
1758795026.6224542,target,3,-2.76635205078125,-1.4899449462890626,0.2144735172003282
1758795026.6224542,target,4,-2.08576513671875,1.4865087890625,-0.32171951364052354
1758795026.6224542,target,5,3.01689013671875,-0.718239990234375,-2.555762461219068
1758795026.6424425,herder,1,0.6450189208984375,2.399319580078125,2.4486706285164743
1758795026.6424425,herder,2,-0.37730218505859375,-2.38496923828125,2.8714122978401644
1758795026.6424425,target,1,-0.7741629638671875,-2.073082763671875,-2.446066056970377
1758795026.6424425,target,2,0.40291510009765624,2.53173828125,2.5406953610358354
1758795026.6424425,target,3,-2.766374267578125,-1.4899908447265624,0.21484005139010717
1758795026.6424425,target,4,-2.0872607421875,1.4841378173828126,-0.2789002941726048
1758795026.6424425,target,5,3.016908203125,-0.7182153930664062,-2.5563363724339796
1758795026.662719,herder,1,0.6389041137695313,2.4038505859375,2.4462865667086353
1758795026.662719,herder,2,-0.37998004150390624,-2.384089111328125,2.873403010754999
1758795026.662719,target,1,-0.774166748046875,-2.07305517578125,-2.4453206381812636
1758795026.662719,target,2,0.39831143188476564,2.535386962890625,2.541792583404948
1758795026.662719,target,3,-2.76637060546875,-1.489980712890625,0.2145420436641273
1758795026.662719,target,4,-2.088542724609375,1.4816669921875,-0.23710992041281095
1758795026.662719,target,5,3.01690966796875,-0.7182369995117187,-2.5564658020629576
1758795026.682777,herder,1,0.6329862670898437,2.407975341796875,2.4431528250539394
1758795026.682777,herder,2,-0.38282669067382813,-2.38333251953125,2.875536469104261
1758795026.682777,target,1,-0.7741643676757812,-2.073037841796875,-2.4454234361993405
1758795026.682777,target,2,0.39324267578125,2.539754150390625,2.5429510584791326
1758795026.682777,target,3,-2.766309326171875,-1.4899144287109376,0.21399225070183725
1758795026.682777,target,4,-2.089376220703125,1.47913916015625,-0.19205469424890492
1758795026.682777,target,5,3.016915283203125,-0.7182203979492188,-2.5558751129331783
1758795026.7024472,herder,1,0.6274231567382812,2.4114169921875,2.439906698001242
1758795026.7024472,herder,2,-0.3839811096191406,-2.38319091796875,2.877446754554175
1758795026.7024472,target,1,-0.77417578125,-2.073031494140625,-2.4452426075613243
1758795026.7024472,target,2,0.3875068969726562,2.5434677734375,2.5443223201244143
1758795026.7024472,target,3,-2.766377685546875,-1.4899644775390626,0.21235503913219742
1758795026.7024472,target,4,-2.09027783203125,1.4768221435546875,-0.1510011006494383
1758795026.7024472,target,5,3.016890625,-0.7182302856445313,-2.5563179966224583
1758795026.722392,herder,1,0.6250070190429687,2.4132470703125,2.438440095188935
1758795026.722392,herder,2,-0.38456570434570314,-2.383043212890625,2.877878452966877
1758795026.722392,target,1,-0.7741829223632812,-2.073032958984375,-2.4453419434699843
1758795026.722392,target,2,0.3850069580078125,2.54525634765625,2.544720995339599
1758795026.722392,target,3,-2.766340576171875,-1.4899229736328126,0.21285085314814292
1758795026.722392,target,4,-2.090770263671875,1.4753634033203125,-0.130741502130824
1758795026.722392,target,5,3.016908447265625,-0.7182283325195312,-2.5562657986650925
1758795026.7423434,herder,1,0.6179991455078125,2.418696044921875,2.4347979560821424
1758795026.7423434,herder,2,-0.38849319458007814,-2.381841552734375,2.8786339917681323
1758795026.7423434,target,1,-0.7741790161132812,-2.073044921875,-2.4451150421451096
1758795026.7423434,target,2,0.37697662353515626,2.551506591796875,2.549689388669251
1758795026.7423434,target,3,-2.766376953125,-1.489945556640625,0.21361859255614232
1758795026.7423434,target,4,-2.0921044921875,1.4714793701171875,-0.05821932297833019
1758795026.7423434,target,5,3.016884033203125,-0.7182640991210938,-2.5559568719786436
1758795026.7625985,herder,1,0.6129867553710937,2.422291748046875,2.43229138886416
1758795026.7625985,herder,2,-0.3917548828125,-2.381023193359375,2.878021464717414
1758795026.7625985,target,1,-0.7741858520507813,-2.07303564453125,-2.445541414235631
1758795026.7625985,target,2,0.3721949768066406,2.555245361328125,2.5508537226978336
1758795026.7625985,target,3,-2.76637646484375,-1.4899630126953125,0.21272789832956532
1758795026.7625985,target,4,-2.09267041015625,1.4691650390625,-0.019886081853352274
1758795026.7625985,target,5,3.016893310546875,-0.7182027587890625,-2.5566626096675145
1758795026.782772,herder,1,0.6077323608398437,2.42675634765625,2.4283139577761266
1758795026.782772,herder,2,-0.3938112182617188,-2.380726318359375,2.87817832490562
1758795026.782772,target,1,-0.774186279296875,-2.073056640625,-2.444829817592362
1758795026.782772,target,2,0.3668676452636719,2.55937841796875,2.551039078709703
1758795026.782772,target,3,-2.766385498046875,-1.489970947265625,0.21514396800475566
1758795026.782772,target,4,-2.093100341796875,1.4663145751953126,0.02785631754293036
1758795026.782772,target,5,3.016919921875,-0.71821923828125,-2.5573640862986413
1758795026.8023515,herder,1,0.6024041748046876,2.430929443359375,2.4261621236153426
1758795026.8023515,herder,2,-0.39535147094726564,-2.380453857421875,2.878797509859063
1758795026.8023515,target,1,-0.7741932373046875,-2.073029541015625,-2.444973628291226
1758795026.8023515,target,2,0.36221282958984374,2.5625810546875,2.5579736838721607
1758795026.8023515,target,3,-2.76626416015625,-1.4898575439453126,0.21693266350615056
1758795026.8023515,target,4,-2.09410009765625,1.463967041015625,0.06986029138631077
1758795026.8023515,target,5,3.01691064453125,-0.7182234497070312,-2.5567574182023214
1758795026.8222797,herder,1,0.5975554809570313,2.434737060546875,2.423745571242205
1758795026.8222797,herder,2,-0.39763278198242186,-2.379813720703125,2.8796214919003336
1758795026.8222797,target,1,-0.77419384765625,-2.073033447265625,-2.4454926783876827
1758795026.8222797,target,2,0.35692388916015627,2.56605908203125,2.5598623977172448
1758795026.8222797,target,3,-2.766330322265625,-1.489955810546875,0.21407808771272188
1758795026.8222797,target,4,-2.094897216796875,1.461121826171875,0.11633489918744498
1758795026.8222797,target,5,3.0169169921875,-0.7182177734375,-2.557215481909815
1758795026.8422837,herder,1,0.5927710571289062,2.437809814453125,2.4216006613002548
1758795026.8422837,herder,2,-0.4005530700683594,-2.378829833984375,2.8803796938626793
1758795026.8422837,target,1,-0.7741774291992187,-2.0730390625,-2.4458937504478486
1758795026.8422837,target,2,0.35191763305664064,2.57068310546875,2.5609407116426177
1758795026.8422837,target,3,-2.766514404296875,-1.4896231689453125,0.20529411691028626
1758795026.8422837,target,4,-2.09515380859375,1.45840869140625,0.15872398484980227
1758795026.8422837,target,5,3.0169189453125,-0.7181911010742188,-2.5567278571142213
1758795026.8625808,herder,1,0.5908193969726563,2.43957568359375,2.419289570106284
1758795026.8625808,herder,2,-0.40235028076171875,-2.378171142578125,2.880846812317879
1758795026.8625808,target,1,-0.7741917724609375,-2.0730498046875,-2.445629564867713
1758795026.8625808,target,2,0.3494757080078125,2.57255126953125,2.5651277335084406
1758795026.8625808,target,3,-2.766626220703125,-1.48884716796875,0.19176740574631262
1758795026.8625808,target,4,-2.09540087890625,1.4572025146484375,0.1809441859181761
1758795026.8625808,target,5,3.016931640625,-0.7182042846679687,-2.556810148791905
1758795026.8824673,herder,1,0.583287353515625,2.445065185546875,2.4168511798122077
1758795026.8824673,herder,2,-0.40514617919921875,-2.377591552734375,2.8819562852280063
1758795026.8824673,target,1,-0.7741881103515625,-2.073033203125,-2.4454511330746778
1758795026.8824673,target,2,0.34202337646484376,2.577743408203125,2.5692319310643614
1758795026.8824673,target,3,-2.767005126953125,-1.486447021484375,0.14611310149519324
1758795026.8824673,target,4,-2.09576416015625,1.452816650390625,0.24714554363807018
1758795026.8824673,target,5,3.016908935546875,-0.7182222900390625,-2.5559222508844726
1758795026.9028194,herder,1,0.5782111206054688,2.449328857421875,2.4138167740661713
1758795026.9028194,herder,2,-0.40642709350585937,-2.377500244140625,2.8812625317640403
1758795026.9028194,target,1,-0.7741504516601563,-2.07303173828125,-2.445471639415071
1758795026.9028194,target,2,0.3368502197265625,2.581209716796875,2.574082612673832
1758795026.9028194,target,3,-2.767120361328125,-1.4854462890625,0.1375881896877951
1758795026.9028194,target,4,-2.095751708984375,1.4503663330078125,0.28700404369836374
1758795026.9028194,target,5,3.01689453125,-0.7182366943359375,-2.5554165165934664
1758795026.9223228,herder,1,0.5724527587890625,2.453510009765625,2.4113895690486733
1758795026.9223228,herder,2,-0.408884033203125,-2.377013916015625,2.8801365472551548
1758795026.9223228,target,1,-0.7741539916992187,-2.073043701171875,-2.445439947798099
1758795026.9223228,target,2,0.3321030578613281,2.58505810546875,2.582390077378225
1758795026.9223228,target,3,-2.7665703125,-1.4857183837890624,0.1475984296589145
1758795026.9223228,target,4,-2.09558154296875,1.447870849609375,0.32987414618785976
1758795026.9223228,target,5,3.0168974609375,-0.7182286987304688,-2.555294277499432
1758795026.9422605,herder,1,0.5672378540039062,2.457649169921875,2.4091828737694336
1758795026.9422605,herder,2,-0.4112425537109375,-2.376344482421875,2.879059298594218
1758795026.9422605,target,1,-0.7741676025390625,-2.07302587890625,-2.4454892162782658
1758795026.9422605,target,2,0.32697506713867186,2.5891259765625,2.5863715032078933
1758795026.9422605,target,3,-2.766418701171875,-1.48669091796875,0.17046819236191546
1758795026.9422605,target,4,-2.09549658203125,1.4447452392578124,0.3712479849084084
1758795026.9422605,target,5,3.0168837890625,-0.7182372436523438,-2.5554498061070925
1758795026.962667,herder,1,0.5626389770507813,2.4614169921875,2.407723727808179
1758795026.962667,herder,2,-0.4126389465332031,-2.37587109375,2.8789719469104633
1758795026.962667,target,1,-0.7741825561523438,-2.07303515625,-2.445164310625276
1758795026.962667,target,2,0.32160382080078126,2.592815673828125,2.5918834477160306
1758795026.962667,target,3,-2.766188232421875,-1.4885850830078124,0.2046707541228828
1758795026.962667,target,4,-2.095249755859375,1.4427662353515625,0.4016329551810176
1758795026.962667,target,5,3.01687841796875,-0.7182081909179687,-2.5553518017789774
1758795026.982412,herder,1,0.5578553466796875,2.465162109375,2.4061849533303312
1758795026.982412,herder,2,-0.41347412109375,-2.375682373046875,2.8791511776518255
1758795026.982412,target,1,-0.7741729125976563,-2.073056884765625,-2.4450340820479712
1758795026.982412,target,2,0.316791748046875,2.5969892578125,2.59671016087569
1758795026.982412,target,3,-2.76562451171875,-1.490718017578125,0.23902411738057586
1758795026.982412,target,4,-2.095668701171875,1.4411947021484375,0.4240578035344072
1758795026.982412,target,5,3.016893310546875,-0.7181918334960937,-2.5550484677308174
1758795027.0022879,herder,1,0.5531949462890625,2.469409912109375,2.404288782634195
1758795027.0022879,herder,2,-0.4151455078125,-2.375310791015625,2.8797461278393492
1758795027.0022879,target,1,-0.7741558837890625,-2.07302685546875,-2.445574437433148
1758795027.0022879,target,2,0.31187078857421874,2.600537841796875,2.6044482417390244
1758795027.0022879,target,3,-2.765002197265625,-1.492337890625,0.265734075151687
1758795027.0022879,target,4,-2.095834228515625,1.4406580810546874,0.4300536111230979
1758795027.0022879,target,5,3.016876953125,-0.7182020874023437,-2.554863378035057
1758795027.0228014,herder,1,0.5479866333007812,2.4733740234375,2.4032373666358318
1758795027.0228014,herder,2,-0.41779733276367187,-2.37458447265625,2.8810697189011187
1758795027.0228014,target,1,-0.7741407470703126,-2.073072265625,-2.446071649608666
1758795027.0228014,target,2,0.3066785583496094,2.60410693359375,2.6119879171011475
1758795027.0228014,target,3,-2.76456884765625,-1.49317822265625,0.2803538974298405
1758795027.0228014,target,4,-2.09595703125,1.4408809814453125,0.4269505623999649
1758795027.0228014,target,5,3.016883056640625,-0.7182188720703125,-2.5554556650614906
1758795027.0424137,herder,1,0.5454812622070313,2.4755224609375,2.4015848751794375
1758795027.0424137,herder,2,-0.4189818115234375,-2.374215087890625,2.8811208515940483
1758795027.0424137,target,1,-0.7741689453125,-2.073041748046875,-2.444967769336828
1758795027.0424137,target,2,0.30409332275390627,2.606152587890625,2.614252402976042
1758795027.0424137,target,3,-2.764623779296875,-1.4929476318359376,0.27741817844694844
1758795027.0424137,target,4,-2.096076416015625,1.4410416259765626,0.4268474314867515
1758795027.0424137,target,5,3.0168828125,-0.7182020874023437,-2.554460974394346
1758795027.062502,herder,1,0.53796826171875,2.48105126953125,2.399185367037276
1758795027.062502,herder,2,-0.4210048828125,-2.37357421875,2.879999660775125
1758795027.062502,target,1,-0.7741685180664063,-2.073022216796875,-2.4454796288983416
1758795027.062502,target,2,0.29658807373046875,2.6119208984375,2.6247937272027935
1758795027.062502,target,3,-2.764744140625,-1.49220703125,0.2494160882044445
1758795027.062502,target,4,-2.096164794921875,1.44107763671875,0.42419325856535134
1758795027.062502,target,5,3.016885986328125,-0.718223876953125,-2.555038880350893
1758795027.0825317,herder,1,0.5332066650390626,2.485322021484375,2.3967784020440623
1758795027.0825317,herder,2,-0.42163104248046873,-2.3734033203125,2.8791527755484796
1758795027.0825317,target,1,-0.774166259765625,-2.07305419921875,-2.445198665403338
1758795027.0825317,target,2,0.2913992004394531,2.615734130859375,2.630926987193246
1758795027.0825317,target,3,-2.764509521484375,-1.49186962890625,0.256182364941252
1758795027.0825317,target,4,-2.096107666015625,1.4410404052734376,0.4252692422247706
1758795027.0825317,target,5,3.016891845703125,-0.7181920776367188,-2.555291348022233
1758795027.102379,herder,1,0.5281061401367187,2.489572021484375,2.396148564446259
1758795027.102379,herder,2,-0.42342013549804686,-2.37306494140625,2.8780955005957183
1758795027.102379,target,1,-0.7741995849609375,-2.07305078125,-2.445073496832104
1758795027.102379,target,2,0.28630645751953127,2.619188232421875,2.6414832251221023
1758795027.102379,target,3,-2.7641748046875,-1.492729248046875,0.27249118062749056
1758795027.102379,target,4,-2.09616357421875,1.4411099853515625,0.4238692184397159
1758795027.102379,target,5,3.01689599609375,-0.718200439453125,-2.555507330386638
1758795027.1223028,herder,1,0.5228746337890625,2.4939599609375,2.394586620466927
1758795027.1223028,herder,2,-0.4260457763671875,-2.3726826171875,2.876821976962442
1758795027.1223028,target,1,-0.774161865234375,-2.07303369140625,-2.445475367840597
1758795027.1223028,target,2,0.28077737426757815,2.62268994140625,2.6520077714339862
1758795027.1223028,target,3,-2.764754638671875,-1.49454931640625,0.30060806975773374
1758795027.1223028,target,4,-2.09617529296875,1.441042724609375,0.42402374836196777
1758795027.1223028,target,5,3.016891845703125,-0.7182017211914062,-2.5554071955296513
1758795027.142373,herder,1,0.5178848876953125,2.49838330078125,2.393271817836755
1758795027.142373,herder,2,-0.4278663024902344,-2.372451171875,2.875499983797327
1758795027.142373,target,1,-0.7741925048828125,-2.073041015625,-2.445399201433421
1758795027.142373,target,2,0.2754533386230469,2.626378662109375,2.660192464412127
1758795027.142373,target,3,-2.76416064453125,-1.4961927490234375,0.32860022308042036
1758795027.142373,target,4,-2.09615234375,1.4410543212890625,0.42355643016968614
1758795027.142373,target,5,3.0168837890625,-0.7181996459960938,-2.5551536625938756
1758795027.1626754,herder,1,0.512774658203125,2.50226416015625,2.39232027037927
1758795027.1626754,herder,2,-0.4293360290527344,-2.372048095703125,2.8742152748874727
1758795027.1626754,target,1,-0.7741869506835938,-2.0729912109375,-2.4454066582844733
1758795027.1626754,target,2,0.26977206420898436,2.630065185546875,2.6716147623274766
1758795027.1626754,target,3,-2.763345458984375,-1.4972894287109375,0.3424359774441409
1758795027.1626754,target,4,-2.096163330078125,1.4410570068359374,0.4234690784859315
1758795027.1626754,target,5,3.0168837890625,-0.7182265014648438,-2.5553842923442764
1758795027.1824753,herder,1,0.5078221130371093,2.506273193359375,2.390809991725086
1758795027.1824753,herder,2,-0.4309983825683594,-2.371409912109375,2.873681311088912
1758795027.1824753,target,1,-0.7742021484375,-2.07300439453125,-2.4450679041938153
1758795027.1824753,target,2,0.265032470703125,2.633164306640625,2.681173646428098
1758795027.1824753,target,3,-2.76159375,-1.4970723876953125,0.3555186897201279
1758795027.1824753,target,4,-2.0961396484375,1.4410679931640624,0.4244512855854664
1758795027.1824753,target,5,3.01688037109375,-0.7182167358398438,-2.554353382686307
1758795027.2023604,herder,1,0.5026769714355469,2.51038525390625,2.389533538614611
1758795027.2023604,herder,2,-0.432529052734375,-2.370837890625,2.873743895374529
1758795027.2023604,target,1,-0.7741876220703126,-2.073020751953125,-2.444957649324686
1758795027.2023604,target,2,0.260013916015625,2.63731298828125,2.6860232627731326
1758795027.2023604,target,3,-2.760126953125,-1.4977340087890625,0.3821070242532065
1758795027.2023604,target,4,-2.09613037109375,1.441092041015625,0.4243949930179248
1758795027.2023604,target,5,3.016896240234375,-0.7182164306640625,-2.554698528363581
1758795027.2224967,herder,1,0.49792950439453126,2.51497119140625,2.3882062191273152
1758795027.2224967,herder,2,-0.4342108154296875,-2.370358642578125,2.873964937745005
1758795027.2224967,target,1,-0.7741658325195313,-2.073024658203125,-2.4456292985516037
1758795027.2224967,target,2,0.2544470520019531,2.641119873046875,2.6970548749565677
1758795027.2224967,target,3,-2.759010986328125,-1.4999100341796876,0.41861113976249076
1758795027.2224967,target,4,-2.09615380859375,1.441057861328125,0.4239506445900451
1758795027.2224967,target,5,3.016895263671875,-0.7182163696289062,-2.5548436706429904
1758795027.242348,herder,1,0.49267330932617187,2.5194267578125,2.3879018198147195
1758795027.242348,herder,2,-0.4359571533203125,-2.37006005859375,2.8740312504561483
1758795027.242348,target,1,-0.774198974609375,-2.073010986328125,-2.4454889499621566
1758795027.242348,target,2,0.24937770080566407,2.64423583984375,2.71094618951853
1758795027.242348,target,3,-2.757809326171875,-1.501905029296875,0.45860882327925456
1758795027.242348,target,4,-2.09610986328125,1.44109130859375,0.42460521629647296
1758795027.242348,target,5,3.016895751953125,-0.7182246704101563,-2.5554830956207186
1758795027.262396,herder,1,0.49015103149414063,2.52164892578125,2.3871947505453033
1758795027.262396,herder,2,-0.4365831298828125,-2.370006591796875,2.87391806610982
1758795027.262396,target,1,-0.774168701171875,-2.07302734375,-2.4458490093415355
1758795027.262396,target,2,0.24681401062011718,2.645865966796875,2.7160171145501497
1758795027.262396,target,3,-2.75714111328125,-1.5028006591796874,0.47318690050732104
1758795027.262396,target,4,-2.09613525390625,1.44109912109375,0.4243902326174763
1758795027.262396,target,5,3.01689208984375,-0.718185302734375,-2.5553821618154045
1758795027.2824812,herder,1,0.48298379516601564,2.5276142578125,2.3861593135134807
1758795027.2824812,herder,2,-0.4380931701660156,-2.3698505859375,2.8726551951209043
1758795027.2824812,target,1,-0.7741474609375,-2.0730185546875,-2.4454777646855783
1758795027.2824812,target,2,0.23869483947753906,2.65208935546875,2.731512451036667
1758795027.2824812,target,3,-2.753591064453125,-1.5039581298828124,0.5164414968791973
1758795027.2824812,target,4,-2.096111083984375,1.44112060546875,0.42356055806937576
1758795027.2824812,target,5,3.016902099609375,-0.7181838989257813,-2.5550252982293338
1758795027.3024075,herder,1,0.4781997375488281,2.53187841796875,2.38518219970953
1758795027.3024075,herder,2,-0.43967758178710936,-2.3694677734375,2.871744127711988
1758795027.3024075,target,1,-0.7741767578125,-2.073051513671875,-2.445103590552422
1758795027.3024075,target,2,0.23331968688964844,2.655270263671875,2.739512054319047
1758795027.3024075,target,3,-2.753294677734375,-1.5042681884765625,0.517656297810437
1758795027.3024075,target,4,-2.09608837890625,1.441096435546875,0.424286302755936
1758795027.3024075,target,5,3.016900390625,-0.71816015625,-2.5554769703502114
1758795027.3228004,herder,1,0.4729346008300781,2.536421630859375,2.384968081557888
1758795027.3228004,herder,2,-0.4409034729003906,-2.3690263671875,2.871540662204706
1758795027.3228004,target,1,-0.7741594848632812,-2.073037353515625,-2.445332622406169
1758795027.3228004,target,2,0.22789498901367186,2.65842431640625,2.7531149485349538
1758795027.3228004,target,3,-2.7532998046875,-1.5045372314453125,0.5209188698828657
1758795027.3228004,target,4,-2.096119140625,1.4411131591796875,0.42501827258154423
1758795027.3228004,target,5,3.016882568359375,-0.7182077026367187,-2.555009319262793
1758795027.3423467,herder,1,0.4680650634765625,2.5405283203125,2.3852887261531337
1758795027.3423467,herder,2,-0.4419537353515625,-2.368579833984375,2.8715510485329574
1758795027.3423467,target,1,-0.774156982421875,-2.073033935546875,-2.4452069212027174
1758795027.3423467,target,2,0.22230711364746095,2.661628173828125,2.767805477740049
1758795027.3423467,target,3,-2.753421142578125,-1.5045806884765625,0.522333174869266
1758795027.3423467,target,4,-2.09612109375,1.4411064453125,0.42444446123517304
1758795027.3423467,target,5,3.0168798828125,-0.718214599609375,-2.5547033220535433
1758795027.3625357,herder,1,0.46349188232421873,2.54450732421875,2.3852391913568582
1758795027.3625357,herder,2,-0.4437199401855469,-2.368053955078125,2.8713574367217087
1758795027.3625357,target,1,-0.7741629028320313,-2.073028564453125,-2.4456593922719216
1758795027.3625357,target,2,0.216686279296875,2.664964111328125,2.7778120392199126
1758795027.3625357,target,3,-2.753151611328125,-1.504390869140625,0.5197341293824304
1758795027.3625357,target,4,-2.096114990234375,1.4410711669921874,0.4236046666749302
1758795027.3625357,target,5,3.016887451171875,-0.7182074584960938,-2.553958169580539
1758795027.3823009,herder,1,0.45815087890625,2.548660400390625,2.3847196086281834
1758795027.3823009,herder,2,-0.4450484619140625,-2.367888916015625,2.871356105141164
1758795027.3823009,target,1,-0.774145751953125,-2.0730302734375,-2.445464182564019
1758795027.3823009,target,2,0.21066261291503907,2.668281494140625,2.7942514663128626
1758795027.3823009,target,3,-2.753137939453125,-1.5043138427734375,0.516504447349464
1758795027.3823009,target,4,-2.09612744140625,1.4410877685546875,0.42414292482074883
1758795027.3823009,target,5,3.0168837890625,-0.718218017578125,-2.5546141061570258
1758795027.4024105,herder,1,0.4532606201171875,2.55305859375,2.3835707209339234
1758795027.4024105,herder,2,-0.44586834716796875,-2.367813720703125,2.8715095032199525
1758795027.4024105,target,1,-0.7741344604492187,-2.0730126953125,-2.4454474046491517
1758795027.4024105,target,2,0.20563607788085939,2.671403076171875,2.8082841947287083
1758795027.4024105,target,3,-2.75283544921875,-1.5040653076171875,0.5183269816414597
1758795027.4024105,target,4,-2.09610009765625,1.4411114501953124,0.4256897553608941
1758795027.4024105,target,5,3.016881103515625,-0.718184326171875,-2.5543874711482597
1758795027.4223597,herder,1,0.4482839965820313,2.55748876953125,2.3825254302060674
1758795027.4223597,herder,2,-0.44718011474609376,-2.3676611328125,2.8716522486543807
1758795027.4223597,target,1,-0.7741307983398438,-2.0730380859375,-2.4451693706313473
1758795027.4223597,target,2,0.20023776245117186,2.674761474609375,2.8247001860040655
1758795027.4223597,target,3,-2.753227783203125,-1.504135986328125,0.5158482111673549
1758795027.4223597,target,4,-2.09609033203125,1.4411103515625,0.42611403021205735
1758795027.4223597,target,5,3.016892578125,-0.7182040405273438,-2.554221556212348
1758795027.4422746,herder,1,0.44300469970703127,2.56239697265625,2.382184012954319
1758795027.4422746,herder,2,-0.44835568237304685,-2.367462158203125,2.8723116473402843
1758795027.4422746,target,1,-0.774162353515625,-2.073033203125,-2.4455776332264563
1758795027.4422746,target,2,0.19475172424316406,2.677689208984375,2.8402671615239057
1758795027.4422746,target,3,-2.7542177734375,-1.50365625,0.49196801185726424
1758795027.4422746,target,4,-2.09613134765625,1.4410771484375,0.42406279696145105
1758795027.4422746,target,5,3.01688720703125,-0.718242431640625,-2.554627954594694
1758795027.4623694,herder,1,0.44048388671875,2.56463037109375,2.3812279381229806
1758795027.4623694,herder,2,-0.4487992553710938,-2.36722265625,2.872671440403554
1758795027.4623694,target,1,-0.7741534423828125,-2.07302685546875,-2.445174164321309
1758795027.4623694,target,2,0.19191651916503907,2.6790126953125,2.847981273937429
1758795027.4623694,target,3,-2.754904052734375,-1.5032132568359375,0.4815545193628364
1758795027.4623694,target,4,-2.09611962890625,1.441105712890625,0.4244656666553528
1758795027.4623694,target,5,3.01689404296875,-0.7182110595703125,-2.554866041196147
1758795027.4824786,herder,1,0.43297821044921875,2.570959228515625,2.381282000293109
1758795027.4824786,herder,2,-0.45063961791992185,-2.36657568359375,2.872977437612804
1758795027.4824786,target,1,-0.774185791015625,-2.073003662109375,-2.4456809638767516
1758795027.4824786,target,2,0.18336134338378907,2.683422607421875,2.874513016297344
1758795027.4824786,target,3,-2.75492138671875,-1.501146728515625,0.4538369712380506
1758795027.4824786,target,4,-2.096108154296875,1.4411009521484375,0.42383489695116755
1758795027.4824786,target,5,3.016899169921875,-0.7182023315429688,-2.5557888265138593
1758795027.502421,herder,1,0.4308250732421875,2.573132080078125,2.380664679552429
1758795027.502421,herder,2,-0.45100906372070315,-2.366378173828125,2.872874106962509
1758795027.502421,target,1,-0.77415966796875,-2.07303759765625,-2.445232487549182
1758795027.502421,target,2,0.1807270050048828,2.684900390625,2.884386153406594
1758795027.502421,target,3,-2.754609130859375,-1.500466064453125,0.44739188837346344
1758795027.502421,target,4,-2.096129638671875,1.4411064453125,0.4232615849475007
1758795027.502421,target,5,3.0168955078125,-0.7181924438476562,-2.5548527253906967
1758795027.5223658,herder,1,0.42317999267578127,2.57916796875,2.379187157779653
1758795027.5223658,herder,2,-0.45214639282226565,-2.36603173828125,2.8725968718930317
1758795027.5223658,target,1,-0.7741801147460937,-2.073007568359375,-2.445801605074132
1758795027.5223658,target,2,0.17194685363769532,2.689394287109375,2.9139352572815684
1758795027.5223658,target,3,-2.752990234375,-1.4981966552734376,0.42612611430550357
1758795027.5223658,target,4,-2.096114501953125,1.4411107177734375,0.4242490517901885
1758795027.5223658,target,5,3.016884033203125,-0.7181996459960938,-2.554836480108047
1758795027.542425,herder,1,0.4176795654296875,2.58399951171875,2.37817595551375
1758795027.542425,herder,2,-0.45390911865234373,-2.365599609375,2.8723968684951666
1758795027.542425,target,1,-0.7741650390625,-2.073035888671875,-2.4445360709241264
1758795027.542425,target,2,0.16618177795410155,2.69174072265625,2.930916105024132
1758795027.542425,target,3,-2.751368408203125,-1.4968448486328125,0.41556648084625764
1758795027.542425,target,4,-2.096119140625,1.4411217041015625,0.42442205739250277
1758795027.542425,target,5,3.016893798828125,-0.7182077026367187,-2.554954191828229
1758795027.5624597,herder,1,0.41466445922851564,2.586226318359375,2.378684885598064
1758795027.5624597,herder,2,-0.45473858642578124,-2.3653837890625,2.8721497271460072
1758795027.5624597,target,1,-0.77416748046875,-2.073051513671875,-2.4453187739685007
1758795027.5624597,target,2,0.16302120971679687,2.69303125,2.942350919796605
1758795027.5624597,target,3,-2.7508232421875,-1.4961640625,0.4090826822773235
1758795027.5624597,target,4,-2.0961162109375,1.44108349609375,0.4247688342559447
1758795027.5624597,target,5,3.016876220703125,-0.718216064453125,-2.5552825595906357
1758795027.582688,herder,1,0.4074395751953125,2.5928916015625,2.3782518556048173
1758795027.582688,herder,2,-0.4556459655761719,-2.3652314453125,2.8715372000952892
1758795027.582688,target,1,-0.77417529296875,-2.073026611328125,-2.4456284996032767
1758795027.582688,target,2,0.15411013793945313,2.69698291015625,2.973715234270577
1758795027.582688,target,3,-2.750988037109375,-1.4953563232421876,0.39071469379147883
1758795027.582688,target,4,-2.096095703125,1.4411107177734375,0.42420724016107425
1758795027.582688,target,5,3.016884765625,-0.7181979370117187,-2.5555784367877434
1758795027.6024811,herder,1,0.4022467041015625,2.597102783203125,2.378579690735006
1758795027.6024811,herder,2,-0.45613824462890623,-2.365086181640625,2.8707747370751995
1758795027.6024811,target,1,-0.774176513671875,-2.073024658203125,-2.4454777646855783
1758795027.6024811,target,2,0.14841419982910156,2.699890380859375,2.9959054914214445
1758795027.6024811,target,3,-2.749512939453125,-1.4949674072265624,0.3948275133314291
1758795027.6024811,target,4,-2.096105712890625,1.441093505859375,0.42356029175326676
1758795027.6024811,target,5,3.016892333984375,-0.7181831665039062,-2.5557534064713616
1758795027.622395,herder,1,0.399905029296875,2.599298828125,2.378548531750252
1758795027.622395,herder,2,-0.4568230895996094,-2.364945556640625,2.870430390346252
1758795027.622395,target,1,-0.7741503295898438,-2.073033935546875,-2.445168837999129
1758795027.622395,target,2,0.14579566955566406,2.701306884765625,3.0032206623036743
1758795027.622395,target,3,-2.748663818359375,-1.494745361328125,0.3896234635348189
1758795027.622395,target,4,-2.096130126953125,1.4411239013671875,0.4243516500711838
1758795027.622395,target,5,3.016902099609375,-0.7181852416992187,-2.554892406490939
1758795027.642367,herder,1,0.39168978881835936,2.60626220703125,2.3791599935365344
1758795027.642367,herder,2,-0.45866897583007815,-2.36452392578125,2.869758474803225
1758795027.642367,target,1,-0.7741760864257813,-2.073028076171875,-2.4456577943752675
1758795027.642367,target,2,0.1372506103515625,2.70500732421875,3.0412082584086733
1758795027.642367,target,3,-2.746484375,-1.49342529296875,0.38425256669591523
1758795027.642367,target,4,-2.0961240234375,1.441109619140625,0.42411432912854413
1758795027.642367,target,5,3.01688818359375,-0.7182174682617187,-2.5553416817668353
1758795027.6622627,herder,1,0.38646832275390625,2.6111669921875,2.379180766193037
1758795027.6622627,herder,2,-0.4591327514648437,-2.364377197265625,2.868976837023287
1758795027.6622627,target,1,-0.7741842651367188,-2.073021484375,-2.4457858924237006
1758795027.6622627,target,2,0.1312255096435547,2.707327880859375,3.0676337406410936
1758795027.6622627,target,3,-2.745462890625,-1.4933134765625,0.40382966360616945
1758795027.6622627,target,4,-2.0961064453125,1.44110009765625,0.4243642002178208
1758795027.6622627,target,5,3.01687548828125,-0.7182057495117188,-2.5553249038519676
1758795027.68244,herder,1,0.38372689819335937,2.6133369140625,2.3799735892495533
1758795027.68244,herder,2,-0.45957208251953124,-2.36426123046875,2.86873981568627
1758795027.68244,target,1,-0.7741759033203125,-2.073022216796875,-2.4456093248434283
1758795027.68244,target,2,0.1283076629638672,2.708546142578125,3.077219256352616
1758795027.68244,target,3,-2.74458251953125,-1.493857177734375,0.4181838022760739
1758795027.68244,target,4,-2.096123046875,1.441100341796875,0.4238782731874222
1758795027.68244,target,5,3.01688525390625,-0.71820703125,-2.554660977792211
1758795027.7023501,herder,1,0.37883944702148437,2.617632080078125,2.3802492264223765
1758795027.7023501,herder,2,-0.4609813537597656,-2.363875732421875,2.8684039910728107
1758795027.7023501,target,1,-0.7741481323242188,-2.07305419921875,-2.445291077093164
1758795027.7023501,target,2,0.12238627624511719,2.710751953125,3.107916182657414
1758795027.7023501,target,3,-2.742792236328125,-1.495196533203125,0.45870882497818705
1758795027.7023501,target,4,-2.09611376953125,1.44109033203125,0.42375460264430165
1758795027.7023501,target,5,3.016885498046875,-0.7182286987304688,-2.555200534229061
1758795027.7223864,herder,1,0.37131365966796875,2.62365771484375,2.37958263720153
1758795027.7223864,herder,2,-0.46247174072265623,-2.363323486328125,2.8691677856734454
1758795027.7223864,target,1,-0.7741544189453125,-2.072990234375,-2.4459219799554037
1758795027.7223864,target,2,0.11422551727294922,2.71444140625,-3.14045255432713
1758795027.7223864,target,3,-2.7402587890625,-1.4986614990234375,0.5259605001424947
1758795027.7223864,target,4,-2.09610986328125,1.441100341796875,0.42533299164336436
1758795027.7223864,target,5,3.016907470703125,-0.7181963500976563,-2.5552857553839434
1758795027.7422853,herder,1,0.3662411804199219,2.628177734375,2.3793378926973516
1758795027.7422853,herder,2,-0.4632024536132813,-2.36299951171875,2.8699403687056777
1758795027.7422853,target,1,-0.7741920776367187,-2.072997802734375,-2.445601601676267
1758795027.7422853,target,2,0.10835108947753906,2.715859130859375,-3.106666627473949
1758795027.7422853,target,3,-2.738142822265625,-1.5009620361328124,0.5740582879832754
1758795027.7422853,target,4,-2.09611083984375,1.4410870361328125,0.42484423500430757
1758795027.7422853,target,5,3.016896484375,-0.718179443359375,-2.556400021984033
1758795027.7626724,herder,1,0.3614978942871094,2.63291748046875,2.379964001869629
1758795027.7626724,herder,2,-0.46404629516601564,-2.36269873046875,2.871231735518257
1758795027.7626724,target,1,-0.7741813354492187,-2.07303173828125,-2.4456961438949647
1758795027.7626724,target,2,0.10223056793212891,2.717569091796875,-3.088042076706589
1758795027.7626724,target,3,-2.73643505859375,-1.5027786865234376,0.620094422955685
1758795027.7626724,target,4,-2.096130615234375,1.441130859375,0.4236325299978351
1758795027.7626724,target,5,3.016896484375,-0.71816845703125,-2.5555877578515585
1758795027.7826366,herder,1,0.3562608337402344,2.637360107421875,2.3810212768223904
1758795027.7826366,herder,2,-0.46474945068359375,-2.362494140625,2.8718333436085057
1758795027.7826366,target,1,-0.7741746826171875,-2.073042236328125,-2.4457600597611266
1758795027.7826366,target,2,0.09665235137939453,2.71892431640625,-3.0588176121684953
1758795027.7826366,target,3,-2.735782470703125,-1.5038675537109376,0.6339277471849107
1758795027.7826366,target,4,-2.0961103515625,1.44113037109375,0.4236392544795876
1758795027.7826366,target,5,3.0169111328125,-0.7181682739257812,-2.5556902895535267
1758795027.8027222,herder,1,0.35154055786132815,2.641982421875,2.3812961150468865
1758795027.8027222,herder,2,-0.4653827819824219,-2.362371337890625,2.8718868731464164
1758795027.8027222,target,1,-0.7741725463867187,-2.073031494140625,-2.444893999774633
1758795027.8027222,target,2,0.09083260345458985,2.7206513671875,-3.027118272029391
1758795027.8027222,target,3,-2.73585400390625,-1.50322412109375,0.6250860523658477
1758795027.8027222,target,4,-2.096088134765625,1.4411256103515624,0.42397970633544063
1758795027.8027222,target,5,3.016888916015625,-0.7182069702148437,-2.555730769602096
1758795027.8224142,herder,1,0.3489443359375,2.64399560546875,2.3810811979469175
1758795027.8224142,herder,2,-0.4658354187011719,-2.362290771484375,2.8716738202592103
1758795027.8224142,target,1,-0.7741574096679688,-2.073054443359375,-2.4461914918577197
1758795027.8224142,target,2,0.08787354278564453,2.72155810546875,-3.0159846607762058
1758795027.8224142,target,3,-2.73602587890625,-1.503089599609375,0.61233237364254
1758795027.8224142,target,4,-2.09610400390625,1.4411361083984375,0.42331644606595636
1758795027.8224142,target,5,3.016890869140625,-0.718202880859375,-2.555668451632588
1758795027.8423457,herder,1,0.3411642761230469,2.6502939453125,2.3815565722014966
1758795027.8423457,herder,2,-0.46727584838867187,-2.362041015625,2.8705465041697797
1758795027.8423457,target,1,-0.77417822265625,-2.07306298828125,-2.445029554674118
1758795027.8423457,target,2,0.07928372192382813,2.72308935546875,-2.9694248817544597
1758795027.8423457,target,3,-2.73681005859375,-1.501582763671875,0.5827992487341063
1758795027.8423457,target,4,-2.0960625,1.4411649169921874,0.42499120820696634
1758795027.8423457,target,5,3.016867919921875,-0.7182178955078125,-2.554793869530606
1758795027.862481,herder,1,0.33849652099609373,2.652310302734375,2.380711018555396
1758795027.862481,herder,2,-0.46768502807617185,-2.362013671875,2.869944097131204
1758795027.862481,target,1,-0.7741865844726562,-2.073004150390625,-2.446362200483594
1758795027.862481,target,2,0.07626449584960937,2.72384326171875,-2.9501566449516274
1758795027.862481,target,3,-2.73756884765625,-1.5009443359375,0.5663584234815838
1758795027.862481,target,4,-2.096082763671875,1.4411217041015625,0.42385114223381704
1758795027.862481,target,5,3.016876708984375,-0.7182009887695312,-2.5553451438762522
1758795027.882452,herder,1,0.3340719604492188,2.656736083984375,2.3812511076244642
1758795027.882452,herder,2,-0.4686517333984375,-2.361849853515625,2.869272714220395
1758795027.882452,target,1,-0.774173828125,-2.073022216796875,-2.4458953483445027
1758795027.882452,target,2,0.07062315368652344,2.725580810546875,-2.916302008542322
1758795027.882452,target,3,-2.73877294921875,-1.4991912841796875,0.5295142555906102
1758795027.882452,target,4,-2.0960947265625,1.441093505859375,0.4228089141412145
1758795027.882452,target,5,3.016872314453125,-0.7182068481445313,-2.5555526041251695
1758795027.9024649,herder,1,0.32917889404296874,2.660958740234375,2.381435664688007
1758795027.9024649,herder,2,-0.46955276489257813,-2.361559326171875,2.8690234423423635
1758795027.9024649,target,1,-0.7741884765625,-2.07302001953125,-2.4449488608930885
1758795027.9024649,target,2,0.06464674377441407,2.726669189453125,-2.884984033071317
1758795027.9024649,target,3,-2.739626220703125,-1.498171142578125,0.5171441719328147
1758795027.9024649,target,4,-2.096079833984375,1.44107861328125,0.4235814305944193
1758795027.9024649,target,5,3.0168818359375,-0.7182041625976563,-2.555070838283974
1758795027.922423,herder,1,0.3240249328613281,2.665392578125,2.38143486573968
1758795027.922423,herder,2,-0.47002392578125,-2.361380126953125,2.868808258926285
1758795027.922423,target,1,-0.7741851196289062,-2.07302587890625,-2.4451155747773274
1758795027.922423,target,2,0.059132522583007815,2.727462890625,-2.847939195992206
1758795027.922423,target,3,-2.7399462890625,-1.4980306396484375,0.5083149273918477
1758795027.922423,target,4,-2.096098388671875,1.441049560546875,0.4232137479164202
1758795027.922423,target,5,3.016871826171875,-0.7182127685546875,-2.555134487834027
1758795027.9422774,herder,1,0.3165868225097656,2.67196337890625,2.383024506594348
1758795027.9422774,herder,2,-0.47100177001953125,-2.36109814453125,2.868552595461637
1758795027.9422774,target,1,-0.7741851196289062,-2.07301171875,-2.4453707056097573
1758795027.9422774,target,2,0.051286914825439456,2.7286416015625,-2.800560228619151
1758795027.9422774,target,3,-2.74032177734375,-1.498025146484375,0.5019548659450613
1758795027.9422774,target,4,-2.0960908203125,1.44110498046875,0.4223992866760467
1758795027.9422774,target,5,3.016876220703125,-0.7182217407226562,-2.555162983657691
1758795027.9623175,herder,1,0.311349365234375,2.6760458984375,2.3835720525144684
1758795027.9623175,herder,2,-0.47193670654296876,-2.36093359375,2.868407453182228
1758795027.9623175,target,1,-0.7741906127929687,-2.07301318359375,-2.4458143882473644
1758795027.9623175,target,2,0.045445659637451175,2.729064453125,-2.765868826995343
1758795027.9623175,target,3,-2.74047216796875,-1.498214599609375,0.5042790399178871
1758795027.9623175,target,4,-2.096085693359375,1.44108251953125,0.4228306189040987
1758795027.9623175,target,5,3.016876708984375,-0.7182088012695312,-2.554737410515496
1758795027.9825377,herder,1,0.30693936157226565,2.680462646484375,2.3847856550232174
1758795027.9825377,herder,2,-0.4725201110839844,-2.36073876953125,2.8683603152309334
1758795027.9825377,target,1,-0.7741957397460938,-2.073006591796875,-2.4456844259861685
1758795027.9825377,target,2,0.03995775604248047,2.730326171875,-2.7263493806313304
1758795027.9825377,target,3,-2.74063916015625,-1.4976756591796876,0.49546897013676877
1758795027.9825377,target,4,-2.096091552734375,1.4410799560546874,0.4233179773835832
1758795027.9825377,target,5,3.016872802734375,-0.7182213134765625,-2.5543853406193877
1758795028.0023065,herder,1,0.30213284301757815,2.684702392578125,2.3868053963939335
1758795028.0023065,herder,2,-0.4730464782714844,-2.360595703125,2.868211710842107
1758795028.0023065,target,1,-0.77416796875,-2.073027587890625,-2.4454412793786444
1758795028.0023065,target,2,0.03459071731567383,2.73005615234375,-2.690521608170385
1758795028.0023065,target,3,-2.74108056640625,-1.497289794921875,0.4713884012441633
1758795028.0023065,target,4,-2.096084716796875,1.4411009521484375,0.42384128853778374
1758795028.0023065,target,5,3.016888427734375,-0.7182232666015625,-2.5547134420656854
1758795028.0224445,herder,1,0.2971260681152344,2.688664794921875,2.3882690697290414
1758795028.0224445,herder,2,-0.47365887451171873,-2.3604208984375,2.8681768234318272
1758795028.0224445,target,1,-0.7741373901367188,-2.07302734375,-2.4454492688619145
1758795028.0224445,target,2,0.029245019912719727,2.730217529296875,-2.6501355691876607
1758795028.0224445,target,3,-2.741078857421875,-1.4962008056640625,0.45478948409143105
1758795028.0224445,target,4,-2.096097900390625,1.4410947265625,0.4242597044345488
1758795028.0224445,target,5,3.0168857421875,-0.7182267456054687,-2.5552149152989476
1758795028.042373,herder,1,0.2924863586425781,2.693383544921875,2.389584404991431
1758795028.042373,herder,2,-0.4740811767578125,-2.360291015625,2.8681962645077848
1758795028.042373,target,1,-0.7741610107421875,-2.073010498046875,-2.44522503069813
1758795028.042373,target,2,0.023929943084716798,2.7303427734375,-2.616245779051966
1758795028.042373,target,3,-2.740541015625,-1.4952945556640624,0.4473437517367603
1758795028.042373,target,4,-2.09611181640625,1.4411033935546875,0.42466187504866443
1758795028.042373,target,5,3.01688037109375,-0.7182272338867187,-2.554758183171999
1758795028.0623732,herder,1,0.2899371337890625,2.6954208984375,2.390574834600832
1758795028.0623732,herder,2,-0.47424664306640624,-2.36028271484375,2.868136343383258
1758795028.0623732,target,1,-0.77413818359375,-2.073034423828125,-2.44537256982252
1758795028.0623732,target,2,0.021115137100219727,2.73036474609375,-2.598819384459033
1758795028.0623732,target,3,-2.73997412109375,-1.4956427001953125,0.4590413872193107
1758795028.0623732,target,4,-2.096102783203125,1.4411085205078125,0.4235868567851403
1758795028.0623732,target,5,3.01690625,-0.7181610107421875,-2.5562021491150397
1758795028.08268,herder,1,0.28291543579101563,2.701597900390625,2.3952007454142996
1758795028.08268,herder,2,-0.47513232421875,-2.3600947265625,2.8685288933279356
1758795028.08268,target,1,-0.7741783447265626,-2.07302392578125,-2.4456836270378415
1758795028.08268,target,2,0.013771965026855468,2.729409912109375,-2.5402855005440723
1758795028.08268,target,3,-2.73888037109375,-1.4971158447265625,0.49981508258820995
1758795028.08268,target,4,-2.096070068359375,1.4411197509765625,0.4250942725411524
1758795028.08268,target,5,3.01689013671875,-0.7182013549804688,-2.555572311517236
1758795028.102498,herder,1,0.2786538391113281,2.7056181640625,2.3978540528083454
1758795028.102498,herder,2,-0.47586770629882813,-2.359924560546875,2.868735554628526
1758795028.102498,target,1,-0.7741778564453125,-2.07301025390625,-2.4457358249952073
1758795028.102498,target,2,0.009064027786254883,2.72917626953125,-2.5057091474793554
1758795028.102498,target,3,-2.73799365234375,-1.4988775634765625,0.5378581723124237
1758795028.102498,target,4,-2.096086181640625,1.441116455078125,0.42555160387934626
1758795028.102498,target,5,3.01690625,-0.7181981201171875,-2.5563078766103158
1758795028.1222882,herder,1,0.2763336486816406,2.707493896484375,2.397774157975643
1758795028.1222882,herder,2,-0.47619033813476563,-2.359814208984375,2.86908602662798
1758795028.1222882,target,1,-0.7741548461914063,-2.07300439453125,-2.4456199774877887
1758795028.1222882,target,2,0.007201435565948486,2.729283447265625,-2.4846387495668667
1758795028.1222882,target,3,-2.73749462890625,-1.4999864501953124,0.5491713472021076
1758795028.1222882,target,4,-2.096070068359375,1.4411199951171876,0.4259760784675913
1758795028.1222882,target,5,3.016896240234375,-0.71820068359375,-2.5555781704716343
1758795028.142273,herder,1,0.2694035949707031,2.713748779296875,2.400861560627372
1758795028.142273,herder,2,-0.4773163146972656,-2.35950732421875,2.869178172001697
1758795028.142273,target,1,-0.77417822265625,-2.073043701171875,-2.445460720454602
1758795028.142273,target,2,0.0002003166675567627,2.728811279296875,-2.4259496033603543
1758795028.142273,target,3,-2.7373974609375,-1.5017322998046876,0.5637472606117884
1758795028.142273,target,4,-2.096056396484375,1.44115478515625,0.42652938347356883
1758795028.142273,target,5,3.01689599609375,-0.7182027587890625,-2.555166712083217
1758795028.1625173,herder,1,0.26472491455078123,2.717648193359375,2.4029034062351355
1758795028.1625173,herder,2,-0.47801104736328126,-2.359306396484375,2.868980032816595
1758795028.1625173,target,1,-0.7741914672851562,-2.073025634765625,-2.4455142499925127
1758795028.1625173,target,2,-0.0042376861572265626,2.728099365234375,-2.3835286429887
1758795028.1625173,target,3,-2.737509765625,-1.5019959716796876,0.5776289877938264
1758795028.1625173,target,4,-2.096083251953125,1.4411361083984375,0.42612058824624166
1758795028.1625173,target,5,3.016870849609375,-0.7182014770507813,-2.5554924166845336
1758795028.1823974,herder,1,0.25997811889648437,2.721466796875,2.4046392546336492
1758795028.1823974,herder,2,-0.4782513122558594,-2.35926708984375,2.869007463375823
1758795028.1823974,target,1,-0.774189208984375,-2.07301611328125,-2.4454545951840947
1758795028.1823974,target,2,-0.008927834510803223,2.7274052734375,-2.340160662533414
1758795028.1823974,target,3,-2.737591064453125,-1.5025035400390625,0.6050283880368886
1758795028.1823974,target,4,-2.09609326171875,1.441140380859375,0.42578053586455217
1758795028.1823974,target,5,3.01685302734375,-0.7182008666992188,-2.5558639276565995
1758795028.2025838,herder,1,0.25560606384277346,2.725372314453125,2.4066565991593842
1758795028.2025838,herder,2,-0.47852642822265623,-2.35922265625,2.8690695150292216
1758795028.2025838,target,1,-0.77418115234375,-2.073022216796875,-2.4457470102717855
1758795028.2025838,target,2,-0.013079128265380859,2.7265078125,-2.3028614935702
1758795028.2025838,target,3,-2.737022705078125,-1.5039447021484376,0.6345572518875783
1758795028.2025838,target,4,-2.096061767578125,1.4411368408203125,0.4256135223746906
1758795028.2025838,target,5,3.0168798828125,-0.7182056274414063,-2.555413320800158
1758795028.2222648,herder,1,0.2539945983886719,2.726839599609375,2.4082771326826977
1758795028.2222648,herder,2,-0.4788374938964844,-2.359142578125,2.8690681834486766
1758795028.2222648,target,1,-0.7741776733398438,-2.07300927734375,-2.445804534551331
1758795028.2222648,target,2,-0.01517958927154541,2.726224609375,-2.282929863339829
1758795028.2222648,target,3,-2.73660791015625,-1.5046236572265625,0.6431987435716946
1758795028.2222648,target,4,-2.096058349609375,1.4411712646484376,0.4257569335993914
1758795028.2222648,target,5,3.01689501953125,-0.7182140502929687,-2.5552870869644884
1758795028.2427723,herder,1,0.24825595092773436,2.731750244140625,2.413231144942463
1758795028.2427723,herder,2,-0.4797584228515625,-2.3588974609375,2.8692005425548537
1758795028.2427723,target,1,-0.7741595458984375,-2.073004638671875,-2.4448106428325134
1758795028.2427723,target,2,-0.021169628143310547,2.724703857421875,-2.2258201048177884
1758795028.2427723,target,3,-2.734326416015625,-1.5042310791015625,0.6634270499475005
1758795028.2427723,target,4,-2.096079833984375,1.4411373291015626,0.4242427933616268
1758795028.2427723,target,5,3.016877197265625,-0.7181975708007813,-2.5552537974508627
1758795028.262507,herder,1,0.2437036895751953,2.735158935546875,2.4153265200881373
1758795028.262507,herder,2,-0.4802236022949219,-2.358792724609375,2.868740082002379
1758795028.262507,target,1,-0.7741898193359374,-2.072994873046875,-2.444757113294603
1758795028.262507,target,2,-0.024934568405151368,2.723468017578125,-2.184181714332454
1758795028.262507,target,3,-2.733535888671875,-1.504336181640625,0.669452252176723
1758795028.262507,target,4,-2.096096923828125,1.441133056640625,0.42431379989419105
1758795028.262507,target,5,3.0168994140625,-0.7181652221679687,-2.55511211728087
1758795028.2824562,herder,1,0.2395255584716797,2.738504638671875,2.4189369675779577
1758795028.2824562,herder,2,-0.4809068908691406,-2.358693603515625,2.8683781584102372
1758795028.2824562,target,1,-0.7741820068359375,-2.0730244140625,-2.445197067506684
1758795028.2824562,target,2,-0.02839814567565918,2.722606689453125,-2.150062093394686
1758795028.2824562,target,3,-2.73334130859375,-1.505071533203125,0.6888903320780752
1758795028.2824562,target,4,-2.09607666015625,1.4411229248046875,0.4236342610525437
1758795028.2824562,target,5,3.016903564453125,-0.718191650390625,-2.5555480767513163
1758795028.302269,herder,1,0.23588059997558594,2.74162744140625,2.4234305192852483
1758795028.302269,herder,2,-0.481528564453125,-2.3585712890625,2.8685376817595327
1758795028.302269,target,1,-0.7741806640625,-2.073021240234375,-2.4454450078041705
1758795028.302269,target,2,-0.031697525024414065,2.7214833984375,-2.111200048345759
1758795028.302269,target,3,-2.732139892578125,-1.5062864990234375,0.7228938391923159
1758795028.302269,target,4,-2.09608056640625,1.4411510009765625,0.424262800359316
1758795028.302269,target,5,3.016878173828125,-0.7181950073242187,-2.5546407377679263
1758795028.3229923,herder,1,0.2324309387207031,2.744392578125,2.42839092313163
1758795028.3229923,herder,2,-0.48187664794921875,-2.3584267578125,2.8684708364161717
1758795028.3229923,target,1,-0.7741727294921875,-2.073031982421875,-2.445353395062672
1758795028.3229923,target,2,-0.03519200897216797,2.720662841796875,-2.075136053496124
1758795028.3229923,target,3,-2.730619384765625,-1.5081239013671874,0.759322753690319
1758795028.3229923,target,4,-2.096077392578125,1.4411397705078124,0.423836994190526
1758795028.3229923,target,5,3.016880859375,-0.7182014770507813,-2.554605850357646
1758795028.3425622,herder,1,0.22881246948242187,2.747275634765625,2.432623751368202
1758795028.3425622,herder,2,-0.48230264282226565,-2.358296875,2.868275094076051
1758795028.3425622,target,1,-0.7741641235351563,-2.073004150390625,-2.4452375475552532
1758795028.3425622,target,2,-0.03818638610839844,2.719765380859375,-2.041419368831285
1758795028.3425622,target,3,-2.729852783203125,-1.50840087890625,0.7666824659417802
1758795028.3425622,target,4,-2.096073974609375,1.4411329345703126,0.4241287101984305
1758795028.3425622,target,5,3.0168916015625,-0.7181859130859375,-2.5547363452510603
1758795028.3624911,herder,1,0.2250634765625,2.7503076171875,2.4380864273961724
1758795028.3624911,herder,2,-0.48288861083984375,-2.358085205078125,2.8681541865625615
1758795028.3624911,target,1,-0.7741637573242187,-2.073019775390625,-2.4454801615305595
1758795028.3624911,target,2,-0.04090935516357422,2.71899267578125,-2.0095704921969726
1758795028.3624911,target,3,-2.729676025390625,-1.5081431884765626,0.7556918664391322
1758795028.3624911,target,4,-2.096064697265625,1.441114501953125,0.42378889084333643
1758795028.3624911,target,5,3.01688720703125,-0.7181974487304688,-2.5549768286974945
1758795028.3827324,herder,1,0.22206500244140626,2.753329833984375,2.4441563041526813
1758795028.3827324,herder,2,-0.48341455078125,-2.357918212890625,2.868070829620442
1758795028.3827324,target,1,-0.774195556640625,-2.072994873046875,-2.4455214405274557
1758795028.3827324,target,2,-0.04357518768310547,2.717707275390625,-1.9757523410946014
1758795028.3827324,target,3,-2.73009375,-1.507275146484375,0.7430086949056843
1758795028.3827324,target,4,-2.09608056640625,1.4411180419921874,0.4241768135456201
1758795028.3827324,target,5,3.0168876953125,-0.7181932983398438,-2.5549198370501665
1758795028.4027023,herder,1,0.21919281005859376,2.755587646484375,2.450539102337274
1758795028.4027023,herder,2,-0.48388446044921873,-2.35779345703125,2.867926752605469
1758795028.4027023,target,1,-0.7741466064453125,-2.073048095703125,-2.445999477943125
1758795028.4027023,target,2,-0.04598351287841797,2.717092529296875,-1.9461802008761981
1758795028.4027023,target,3,-2.730001953125,-1.50688623046875,0.748921911211069
1758795028.4027023,target,4,-2.096056640625,1.441142822265625,0.4228917717406296
1758795028.4027023,target,5,3.016874755859375,-0.7182174682617187,-2.5545158355128015
1758795028.4227092,herder,1,0.21613229370117187,2.75836376953125,2.456596728552768
1758795028.4227092,herder,2,-0.4845693054199219,-2.357637939453125,2.868009044283152
1758795028.4227092,target,1,-0.7741592407226563,-2.073023681640625,-2.445423169883232
1758795028.4227092,target,2,-0.048243820190429686,2.71612353515625,-1.9109678849431704
1758795028.4227092,target,3,-2.729643798828125,-1.506659912109375,0.7517879385971851
1758795028.4227092,target,4,-2.096085205078125,1.44111865234375,0.4233752353470199
1758795028.4227092,target,5,3.016865234375,-0.7182084350585938,-2.5549480665577216
1758795028.4423552,herder,1,0.21331593322753906,2.760607666015625,2.463818688796845
1758795028.4423552,herder,2,-0.48555133056640626,-2.357378662109375,2.8685198385802293
1758795028.4423552,target,1,-0.7741863403320313,-2.073024169921875,-2.4452604507406277
1758795028.4423552,target,2,-0.05058721923828125,2.7149033203125,-1.884419497826443
1758795028.4423552,target,3,-2.729353271484375,-1.5062279052734375,0.7479339450256769
1758795028.4423552,target,4,-2.09608837890625,1.4410992431640626,0.4229749955246946
1758795028.4423552,target,5,3.016876220703125,-0.7182149047851563,-2.555005058205049
1758795028.4624343,herder,1,0.21104209899902343,2.7624736328125,2.4716869982374843
1758795028.4624343,herder,2,-0.4864453125,-2.357130126953125,2.86901358864633
1758795028.4624343,target,1,-0.7741815185546875,-2.073003173828125,-2.4447411343280625
1758795028.4624343,target,2,-0.05263742446899414,2.71380224609375,-1.8591113448293655
1758795028.4624343,target,3,-2.729418701171875,-1.5060341796875,0.7502463012211654
1758795028.4624343,target,4,-2.096091796875,1.4410989990234375,0.42361022602370574
1758795028.4624343,target,5,3.01687353515625,-0.7182026977539062,-2.5549432728677592
1758795028.4827902,herder,1,0.20828086853027344,2.764684814453125,2.480172095786586
1758795028.4827902,herder,2,-0.4874511413574219,-2.356829345703125,2.8694317049374725
1758795028.4827902,target,1,-0.774154541015625,-2.073008056640625,-2.4455824269164186
1758795028.4827902,target,2,-0.05485503387451172,2.71245068359375,-1.8348150598884636
1758795028.4827902,target,3,-2.729421142578125,-1.505986572265625,0.7468132202599442
1758795028.4827902,target,4,-2.0960830078125,1.441151611328125,0.42305512338399237
1758795028.4827902,target,5,3.0168779296875,-0.7182256469726562,-2.5546210303758596
1758795028.5026877,herder,1,0.20504144287109374,2.7670087890625,2.4896835756198037
1758795028.5026877,herder,2,-0.48849542236328125,-2.356548095703125,2.869508670292976
1758795028.5026877,target,1,-0.7741843872070312,-2.073018310546875,-2.4459890916148734
1758795028.5026877,target,2,-0.05623653793334961,2.71144677734375,-1.8090126241930673
1758795028.5026877,target,3,-2.729043701171875,-1.5061905517578125,0.7537500891093282
1758795028.5026877,target,4,-2.09605419921875,1.4411649169921874,0.4240911596270604
1758795028.5026877,target,5,3.01686962890625,-0.7182449951171875,-2.5543544479507427
1758795028.5225,herder,1,0.20353558349609374,2.768853271484375,2.4991782775381544
1758795028.5225,herder,2,-0.48909832763671873,-2.356377197265625,2.8693906922566854
1758795028.5225,target,1,-0.774181396484375,-2.073,-2.44519813277112
1758795028.5225,target,2,-0.05796207046508789,2.710088623046875,-1.78619825524074
1758795028.5225,target,3,-2.728671142578125,-1.5062615966796875,0.7706369938444388
1758795028.5225,target,4,-2.096072509765625,1.4411229248046875,0.42358515901994537
1758795028.5225,target,5,3.016871826171875,-0.7182562866210938,-2.554279080491894
1758795028.5425506,herder,1,0.20175852966308594,2.770386962890625,2.509281778081697
1758795028.5425506,herder,2,-0.4897046813964844,-2.356303466796875,2.869412530177624
1758795028.5425506,target,1,-0.7741837158203125,-2.072978759765625,-2.444898793464595
1758795028.5425506,target,2,-0.06009322738647461,2.709446044921875,-1.7661546390865313
1758795028.5425506,target,3,-2.727497314453125,-1.506388427734375,0.788455139433723
1758795028.5425506,target,4,-2.0960830078125,1.44111376953125,0.42313132308068224
1758795028.5425506,target,5,3.01688916015625,-0.7181962890625,-2.555512656708818
1758795028.5625992,herder,1,0.1992999725341797,2.772439453125,2.5198457391777143
1758795028.5625992,herder,2,-0.4904154052734375,-2.356227294921875,2.869208798354233
1758795028.5625992,target,1,-0.7741942138671875,-2.072999755859375,-2.4448748250147845
1758795028.5625992,target,2,-0.06144211196899414,2.708779052734375,-1.745259077699606
1758795028.5625992,target,3,-2.726253173828125,-1.506605224609375,0.8028870756969714
1758795028.5625992,target,4,-2.096074462890625,1.44113232421875,0.4227765567339701
1758795028.5625992,target,5,3.01686865234375,-0.7182138061523438,-2.554761112649198
1758795028.582451,herder,1,0.1974220428466797,2.774087890625,2.530661901628962
1758795028.582451,herder,2,-0.49074453735351564,-2.356194580078125,2.8687994704946878
1758795028.582451,target,1,-0.7741640625,-2.07303125,-2.445533424752361
1758795028.582451,target,2,-0.06283314132690429,2.70755419921875,-1.72405632068094
1758795028.582451,target,3,-2.724460205078125,-1.50659130859375,0.8250994370848863
1758795028.582451,target,4,-2.096083251953125,1.4411512451171875,0.4235289996104583
1758795028.582451,target,5,3.016880126953125,-0.7182198486328125,-2.555290815390015
1758795028.602462,herder,1,0.1956565399169922,2.775436279296875,2.5417470433503078
1758795028.602462,herder,2,-0.49089105224609375,-2.35616845703125,2.868142734969874
1758795028.602462,target,1,-0.774210205078125,-2.07299072265625,-2.4453443403149655
1758795028.602462,target,2,-0.06471947479248047,2.706620361328125,-1.6986966355167696
1758795028.602462,target,3,-2.7226298828125,-1.50728515625,0.8540230975778553
1758795028.602462,target,4,-2.09610009765625,1.441096435546875,0.42417381748939376
1758795028.602462,target,5,3.016876953125,-0.7182333374023437,-2.555473774556903
1758795028.6223626,herder,1,0.19344265747070313,2.777014404296875,2.553999981209653
1758795028.6223626,herder,2,-0.4912713928222656,-2.356064697265625,2.8687581914977915
1758795028.6223626,target,1,-0.7742028198242188,-2.072988037109375,-2.445587753238599
1758795028.6223626,target,2,-0.06634053802490235,2.705531982421875,-1.6781934909164675
1758795028.6223626,target,3,-2.72070263671875,-1.5086973876953125,0.8949649382800795
1758795028.6223626,target,4,-2.096100830078125,1.441111572265625,0.4244509194008165
1758795028.6223626,target,5,3.01688330078125,-0.7182342529296875,-2.554818370612635
1758795028.6425817,herder,1,0.19146128845214844,2.778740234375,2.567333097207135
1758795028.6425817,herder,2,-0.4918221130371094,-2.355717529296875,2.8699936319274792
1758795028.6425817,target,1,-0.7741785888671875,-2.072994384765625,-2.4455195763146924
1758795028.6425817,target,2,-0.06769020080566407,2.704426025390625,-1.6576498662675963
1758795028.6425817,target,3,-2.7184111328125,-1.5095335693359375,0.9358786160537761
1758795028.6425817,target,4,-2.096083984375,1.4411295166015625,0.42360236969849
1758795028.6425817,target,5,3.016886962890625,-0.7182185668945312,-2.5552940111833227
1758795028.662439,herder,1,0.18963179016113282,2.780375,2.580614547879469
1758795028.662439,herder,2,-0.4923327331542969,-2.355591796875,2.870119865763149
1758795028.662439,target,1,-0.7741903686523437,-2.072976806640625,-2.4449805525100605
1758795028.662439,target,2,-0.06908670806884766,2.70347607421875,-1.6365576304341687
1758795028.662439,target,3,-2.7173408203125,-1.510148681640625,0.9389736087146117
1758795028.662439,target,4,-2.09607421875,1.4411396484375,0.42337377060842035
1758795028.662439,target,5,3.016892822265625,-0.7182091674804687,-2.555397075517509
1758795028.6825686,herder,1,0.1878308563232422,2.781854248046875,2.5935697613182684
1758795028.6825686,herder,2,-0.4927331237792969,-2.355582275390625,2.8703030912461465
1758795028.6825686,target,1,-0.7742015380859375,-2.072991943359375,-2.4452612496889548
1758795028.6825686,target,2,-0.07019335174560547,2.70231884765625,-1.6194408283179569
1758795028.6825686,target,3,-2.7176630859375,-1.509851318359375,0.9290289657300923
1758795028.6825686,target,4,-2.096072509765625,1.441140625,0.4241335371779063
1758795028.6825686,target,5,3.01688818359375,-0.7181822509765625,-2.555505998806093
1758795028.702381,herder,1,0.18666841125488282,2.782944580078125,2.6061678448548884
1758795028.702381,herder,2,-0.4934892578125,-2.355508544921875,2.869288160554717
1758795028.702381,target,1,-0.7741651611328125,-2.073014404296875,-2.4458996094022467
1758795028.702381,target,2,-0.0712616195678711,2.70136572265625,-1.6041244562566932
1758795028.702381,target,3,-2.718669921875,-1.509357666015625,0.9095713115947281
1758795028.702381,target,4,-2.0960693359375,1.4411063232421875,0.4241898963244751
1758795028.702381,target,5,3.0168955078125,-0.718193359375,-2.5563049471331167
1758795028.7224236,herder,1,0.18523348999023437,2.78387060546875,2.618246878295052
1758795028.7224236,herder,2,-0.4943220520019531,-2.355372314453125,2.8686593882213494
1758795028.7224236,target,1,-0.7741971435546875,-2.07301953125,-2.4453912119501506
1758795028.7224236,target,2,-0.07223310852050781,2.700400146484375,-1.591879774196727
1758795028.7224236,target,3,-2.720017333984375,-1.507908447265625,0.8765042384987866
1758795028.7224236,target,4,-2.096072021484375,1.441150146484375,0.42526737801200754
1758795028.7224236,target,5,3.01689697265625,-0.7182045288085938,-2.556575790615978
1758795028.7424986,herder,1,0.18335882568359374,2.785188720703125,2.63092059560663
1758795028.7424986,herder,2,-0.49481256103515625,-2.3551728515625,2.8687344893640896
1758795028.7424986,target,1,-0.7741915283203125,-2.07301953125,-2.445608259578992
1758795028.7424986,target,2,-0.07330392456054688,2.69965966796875,-1.57659642533298
1758795028.7424986,target,3,-2.7213828125,-1.5060972900390626,0.8378146997094696
1758795028.7424986,target,4,-2.096102294921875,1.441141845703125,0.42336385033335977
1758795028.7424986,target,5,3.016885009765625,-0.718218017578125,-2.5552551290314076
1758795028.762546,herder,1,0.1817301025390625,2.786526611328125,2.6445740898832484
1758795028.762546,herder,2,-0.49518930053710936,-2.35502734375,2.8690040012664055
1758795028.762546,target,1,-0.7741820068359375,-2.0730205078125,-2.4454625846673648
1758795028.762546,target,2,-0.07446421051025391,2.699204345703125,-1.5582459138417892
1758795028.762546,target,3,-2.723342529296875,-1.50422802734375,0.789474797236087
1758795028.762546,target,4,-2.09610400390625,1.44114990234375,0.4226758559552514
1758795028.762546,target,5,3.01687451171875,-0.7182051391601563,-2.5550165097977366
1758795028.7823381,herder,1,0.18034228515625,2.787697265625,2.6572259692738878
1758795028.7823381,herder,2,-0.4955079345703125,-2.354899169921875,2.8692679205304326
1758795028.7823381,target,1,-0.774191650390625,-2.07301708984375,-2.444994933579947
1758795028.7823381,target,2,-0.07511029052734375,2.698444091796875,-1.5488922263031584
1758795028.7823381,target,3,-2.7252333984375,-1.5020516357421876,0.7430800010438712
1758795028.7823381,target,4,-2.096071044921875,1.4411280517578124,0.424234138088084
1758795028.7823381,target,5,3.016881103515625,-0.7182247924804688,-2.5549765623813854
1758795028.802391,herder,1,0.17973077392578124,2.788225341796875,2.6634649567596163
1758795028.802391,herder,2,-0.4957433166503906,-2.354855224609375,2.8694918923781083
1758795028.802391,target,1,-0.7741708374023437,-2.073008544921875,-2.4454199740899236
1758795028.802391,target,2,-0.07547807312011719,2.697793212890625,-1.5395396040289635
1758795028.802391,target,3,-2.725759033203125,-1.5009036865234375,0.7250972055201929
1758795028.802391,target,4,-2.096089599609375,1.4411488037109375,0.42413849731543657
1758795028.802391,target,5,3.016865478515625,-0.7182109375,-2.555098268843202
1758795028.8222451,herder,1,0.1770023651123047,2.790306396484375,2.6811555369326854
1758795028.8222451,herder,2,-0.49661758422851565,-2.354566162109375,2.871355572508946
1758795028.8222451,target,1,-0.7741827392578124,-2.0730244140625,-2.445228492807547
1758795028.8222451,target,2,-0.07679212188720703,2.696420166015625,-1.520327826241241
1758795028.8222451,target,3,-2.726062255859375,-1.4975234375,0.6809516486056306
1758795028.8222451,target,4,-2.096091552734375,1.441129150390625,0.4251113167721289
1758795028.8222451,target,5,3.01689794921875,-0.7182112426757813,-2.555644749498886
1758795028.8422763,herder,1,0.1749235534667969,2.79138623046875,2.6874307434092395
1758795028.8422763,herder,2,-0.4973479309082031,-2.354380615234375,2.872607790853501
1758795028.8422763,target,1,-0.7741751708984375,-2.073040771484375,-2.4454442088558435
1758795028.8422763,target,2,-0.07733195495605469,2.695665771484375,-1.5098417626071086
1758795028.8422763,target,3,-2.7258642578125,-1.4948175048828125,0.6399806462894702
1758795028.8422763,target,4,-2.096096435546875,1.441098388671875,0.4241650290577965
1758795028.8422763,target,5,3.0168681640625,-0.7182080688476562,-2.5551568583871838
1758795028.8624148,herder,1,0.17483450317382812,2.7914560546875,2.6887596607931887
1758795028.8624148,herder,2,-0.4976612854003906,-2.35427880859375,2.873315392755135
1758795028.8624148,target,1,-0.7741950073242188,-2.073011962890625,-2.4451201021511806
1758795028.8624148,target,2,-0.07768195343017578,2.695229248046875,-1.5000081734400454
1758795028.8624148,target,3,-2.726299072265625,-1.4934671630859375,0.6174881203548789
1758795028.8624148,target,4,-2.096121337890625,1.4410916748046876,0.4241244491406864
1758795028.8624148,target,5,3.016878662109375,-0.7182244873046875,-2.5559131961367663
1758795028.8823938,herder,1,0.1758297119140625,2.790307373046875,2.68983850735078
1758795028.8823938,herder,2,-0.49877462768554687,-2.3538818359375,2.875943400118825
1758795028.8823938,target,1,-0.7741624755859375,-2.073026123046875,-2.4453802929896815
1758795028.8823938,target,2,-0.07856104278564453,2.694620849609375,-1.4872861197546823
1758795028.8823938,target,3,-2.72743798828125,-1.4904163818359375,0.5772598070877142
1758795028.8823938,target,4,-2.096080078125,1.4410203857421875,0.4256957141838332
1758795028.8823938,target,5,3.01688330078125,-0.7182254028320313,-2.5545967956099402
1758795028.902403,herder,1,0.1761276397705078,2.790384033203125,2.6908622264738065
1758795028.902403,herder,2,-0.4993125915527344,-2.35357568359375,2.8795160307211667
1758795028.902403,target,1,-0.7741897583007813,-2.073012451171875,-2.4451826864367976
1758795028.902403,target,2,-0.07877169036865235,2.6944287109375,-1.484552917527934
1758795028.902403,target,3,-2.727141845703125,-1.4902371826171874,0.5727140574230579
1758795028.902403,target,4,-2.096039794921875,1.44104150390625,0.4247307510523566
1758795028.902403,target,5,3.016871826171875,-0.71823388671875,-2.5545659029412953
1758795028.92242,herder,1,0.17580484008789063,2.790464111328125,2.6923780977662797
1758795028.92242,herder,2,-0.49935992431640625,-2.353444580078125,2.8824758679566806
1758795028.92242,target,1,-0.7741856689453125,-2.072991943359375,-2.4451501958714985
1758795028.92242,target,2,-0.07851250457763671,2.69470068359375,-1.4867160701233508
1758795028.92242,target,3,-2.726692138671875,-1.49085205078125,0.588864931011898
1758795028.92242,target,4,-2.09603515625,1.4413651123046876,0.419796512763685
1758795028.92242,target,5,3.01686328125,-0.7182327270507812,-2.5543443279386007
1758795028.9422908,herder,1,0.17613330078125,2.790552490234375,2.693809546852197
1758795028.9422908,herder,2,-0.49976864624023437,-2.353372314453125,2.883420757511441
1758795028.9422908,target,1,-0.7741962280273438,-2.073002197265625,-2.444899592412922
1758795028.9422908,target,2,-0.07827999877929688,2.694789794921875,-1.4885905360566032
1758795028.9422908,target,3,-2.7257880859375,-1.4917574462890626,0.5999904862027858
1758795028.9422908,target,4,-2.095698486328125,1.4418397216796874,0.41222001919949136
1758795028.9422908,target,5,3.01688427734375,-0.7182340087890625,-2.554891074910394
1758795028.9623156,herder,1,0.1766090087890625,2.79069287109375,2.695650590113769
1758795028.9623156,herder,2,-0.5002105407714844,-2.353353759765625,2.8826092923272935
1758795028.9623156,target,1,-0.774173828125,-2.073009033203125,-2.445597340618523
1758795028.9623156,target,2,-0.07848219299316406,2.694706298828125,-1.4875413837451665
1758795028.9623156,target,3,-2.72572509765625,-1.4916953125,0.5964958862203839
1758795028.9623156,target,4,-2.0956826171875,1.4421888427734375,0.4060656536574
1758795028.9623156,target,5,3.016877685546875,-0.718201904296875,-2.554382677458298
1758795028.9825275,herder,1,0.1763860321044922,2.79100146484375,2.7080686439606994
1758795028.9825275,herder,2,-0.5012777709960937,-2.35356982421875,2.877562602061593
1758795028.9825275,target,1,-0.7741612548828125,-2.073012451171875,-2.4452487328318315
1758795028.9825275,target,2,-0.07924052429199219,2.694664306640625,-1.4818020052799368
1758795028.9825275,target,3,-2.725681640625,-1.4915257568359375,0.6052202687934289
1758795028.9825275,target,4,-2.096791259765625,1.4417943115234375,0.4051756252210955
1758795028.9825275,target,5,3.016880126953125,-0.7182169799804687,-2.555576306258871
1758795029.0023506,herder,1,0.17535501098632814,2.7917470703125,2.7186397955916597
1758795029.0023506,herder,2,-0.5012823181152344,-2.353643798828125,2.8724687738445986
1758795029.0023506,target,1,-0.7741775512695312,-2.072999755859375,-2.4452892128804007
1758795029.0023506,target,2,-0.0795164566040039,2.69456982421875,-1.4785352387287911
1758795029.0023506,target,3,-2.72553271484375,-1.491583740234375,0.6135394514066184
1758795029.0023506,target,4,-2.0972568359375,1.441004150390625,0.41548435561614233
1758795029.0023506,target,5,3.01687744140625,-0.7181987915039062,-2.5550540603691068
1758795029.022517,herder,1,0.17402467346191405,2.7925595703125,2.7298612911608178
1758795029.022517,herder,2,-0.5012851867675782,-2.35366943359375,2.866427925543972
1758795029.022517,target,1,-0.7742007446289062,-2.073001708984375,-2.4453099855369036
1758795029.022517,target,2,-0.07980478668212891,2.694435791015625,-1.475666881076721
1758795029.022517,target,3,-2.72553466796875,-1.4914901123046875,0.6079266396721946
1758795029.022517,target,4,-2.096710693359375,1.4404732666015625,0.42671553843376536
1758795029.022517,target,5,3.016875732421875,-0.718205322265625,-2.55483035483754
1758795029.0422878,herder,1,0.17236117553710936,2.793552001953125,2.7409126107363195
1758795029.0422878,herder,2,-0.5015868225097656,-2.35351220703125,2.8592424506068292
1758795029.0422878,target,1,-0.7741990966796874,-2.072988037109375,-2.4457209112931024
1758795029.0422878,target,2,-0.08060207366943359,2.6941572265625,-1.465291871260045
1758795029.0422878,target,3,-2.725260498046875,-1.4916314697265625,0.611183019895089
1758795029.0422878,target,4,-2.096598876953125,1.44015478515625,0.43178506530581295
1758795029.0422878,target,5,3.016876953125,-0.7182233276367187,-2.5547011915246713
1758795029.062763,herder,1,0.1702108154296875,2.794958740234375,2.752464870912865
1758795029.062763,herder,2,-0.5016397399902344,-2.353762451171875,2.8511834588321405
1758795029.062763,target,1,-0.7741714477539062,-2.073028076171875,-2.4468921695405195
1758795029.062763,target,2,-0.08147013092041015,2.694096435546875,-1.4502101236908171
1758795029.062763,target,3,-2.725446044921875,-1.491715576171875,0.6186336125187493
1758795029.062763,target,4,-2.096883056640625,1.4407215576171875,0.4214591242322215
1758795029.062763,target,5,3.016873046875,-0.7182073974609375,-2.5548876128009765
1758795029.082461,herder,1,0.1674981689453125,2.7965224609375,2.7621430646303224
1758795029.082461,herder,2,-0.5013582153320313,-2.354035888671875,2.842959351069867
1758795029.082461,target,1,-0.7741588745117187,-2.0730185546875,-2.446239961389559
1758795029.082461,target,2,-0.08231069946289063,2.693717529296875,-1.438085683354068
1758795029.082461,target,3,-2.725165771484375,-1.4919212646484374,0.6185750895537947
1758795029.082461,target,4,-2.09689892578125,1.4416253662109375,0.40670651008421393
1758795029.082461,target,5,3.016860595703125,-0.7182208862304688,-2.5549075865091524
1758795029.10289,herder,1,0.16671894836425782,2.797230224609375,2.766102386222943
1758795029.10289,herder,2,-0.50147021484375,-2.354257568359375,2.8361043744240026
1758795029.10289,target,1,-0.7741713256835937,-2.073005615234375,-2.445420240406033
1758795029.10289,target,2,-0.08258946990966796,2.69264599609375,-1.4256533815953056
1758795029.10289,target,3,-2.724669921875,-1.4921151123046874,0.6315369608953194
1758795029.10289,target,4,-2.09665283203125,1.4421993408203124,0.40299852431946936
1758795029.10289,target,5,3.016885498046875,-0.7182266845703125,-2.555255395347517
1758795029.1224227,herder,1,0.16707722473144532,2.796747802734375,2.7669173135165073
1758795029.1224227,herder,2,-0.5016700744628906,-2.354302978515625,2.831103490529052
1758795029.1224227,target,1,-0.7742041015625,-2.072997802734375,-2.4453272960839887
1758795029.1224227,target,2,-0.0833077392578125,2.691618408203125,-1.4081107400207902
1758795029.1224227,target,3,-2.724158203125,-1.4927158203125,0.6520897068709242
1758795029.1224227,target,4,-2.096037841796875,1.4423665771484375,0.4041759744164206
1758795029.1224227,target,5,3.016889892578125,-0.7182135009765624,-2.5556492768727392
1758795029.1422942,herder,1,0.1673984832763672,2.795739013671875,2.767102935844486
1758795029.1422942,herder,2,-0.5015462951660157,-2.354428466796875,2.829244604088177
1758795029.1422942,target,1,-0.7742055053710938,-2.07298095703125,-2.445016238868668
1758795029.1422942,target,2,-0.08397599029541016,2.69089501953125,-1.396900030254047
1758795029.1422942,target,3,-2.72342626953125,-1.4934405517578124,0.6608090294378981
1758795029.1422942,target,4,-2.095597412109375,1.442598388671875,0.40066486283526015
1758795029.1422942,target,5,3.01686376953125,-0.71820849609375,-2.5553872218214755
1758795029.162422,herder,1,0.16700248718261718,2.7959228515625,2.766155383128636
1758795029.162422,herder,2,-0.5016103820800781,-2.354260009765625,2.8317594271055384
1758795029.162422,target,1,-0.7741851196289062,-2.073021728515625,-2.4456894859922396
1758795029.162422,target,2,-0.08397388458251953,2.690352783203125,-1.396321059033064
1758795029.162422,target,3,-2.7234365234375,-1.493365234375,0.6578865430366724
1758795029.162422,target,4,-2.095500244140625,1.4427003173828126,0.3984339660796144
1758795029.162422,target,5,3.016871826171875,-0.7182024536132813,-2.555262053250242
1758795029.1828282,herder,1,0.16679525756835936,2.79566357421875,2.7675354332055147
1758795029.1828282,herder,2,-0.5018830261230469,-2.35382470703125,2.8398791389530813
1758795029.1828282,target,1,-0.7741535034179687,-2.073006103515625,-2.4455603226793707
1758795029.1828282,target,2,-0.08365518951416015,2.690269287109375,-1.3976182848000414
1758795029.1828282,target,3,-2.723698974609375,-1.4930201416015625,0.6432528057418232
1758795029.1828282,target,4,-2.095575927734375,1.442060546875,0.41310432183945217
1758795029.1828282,target,5,3.016864501953125,-0.7182199096679688,-2.555464187176979
1758795029.2023602,herder,1,0.16736973571777344,2.796079833984375,2.7712380260690517
1758795029.2023602,herder,2,-0.5020433044433594,-2.353269287109375,2.8529992020633563
1758795029.2023602,target,1,-0.7741490478515625,-2.073005615234375,-2.4456447448859264
1758795029.2023602,target,2,-0.08378034210205078,2.690362548828125,-1.3981212227719029
1758795029.2023602,target,3,-2.72372998046875,-1.492304443359375,0.6405670743615056
1758795029.2023602,target,4,-2.095669921875,1.4409024658203125,0.42908272245819595
1758795029.2023602,target,5,3.016874267578125,-0.7182027587890625,-2.55525992272137
1758795029.2224624,herder,1,0.1671575927734375,2.796634521484375,2.7791281734306295
1758795029.2224624,herder,2,-0.5019190063476563,-2.352884033203125,2.8688306294794415
1758795029.2224624,target,1,-0.7741717529296875,-2.073016357421875,-2.445924376800385
1758795029.2224624,target,2,-0.084213623046875,2.69019921875,-1.3944431309903944
1758795029.2224624,target,3,-2.723386474609375,-1.4929283447265624,0.652767681105431
1758795029.2224624,target,4,-2.0953955078125,1.440063720703125,0.44131102607745826
1758795029.2224624,target,5,3.016875732421875,-0.718237548828125,-2.5554508713715283
1758795029.2424574,herder,1,0.16618023681640626,2.79747314453125,2.7891653612630294
1758795029.2424574,herder,2,-0.5016586608886718,-2.352697265625,2.8872194904903297
1758795029.2424574,target,1,-0.7741851196289062,-2.0730126953125,-2.44560612905012
1758795029.2424574,target,2,-0.08443434143066406,2.689892822265625,-1.3908380098227542
1758795029.2424574,target,3,-2.72242431640625,-1.49419091796875,0.6783604594440108
1758795029.2424574,target,4,-2.095193359375,1.43996044921875,0.44523838973699814
1758795029.2424574,target,5,3.0168623046875,-0.718228759765625,-2.5554191797545567
1758795029.2628841,herder,1,0.1646923828125,2.79806494140625,2.8018412091034794
1758795029.2628841,herder,2,-0.5014397583007812,-2.352279296875,2.907934889029511
1758795029.2628841,target,1,-0.7741914672851562,-2.07297998046875,-2.44559015008358
1758795029.2628841,target,2,-0.08439029693603516,2.6894833984375,-1.3866684316620717
1758795029.2628841,target,3,-2.721044677734375,-1.4957054443359374,0.7161005813047144
1758795029.2628841,target,4,-2.09520703125,1.4400531005859376,0.44542810667515265
1758795029.2628841,target,5,3.016885986328125,-0.7182017211914062,-2.5552234374144356
1758795029.2824016,herder,1,0.16306935119628907,2.798855712890625,2.814630507606367
1758795029.2824016,herder,2,-0.5013524169921875,-2.35162353515625,2.9295682791964426
1758795029.2824016,target,1,-0.7741929321289063,-2.07296630859375,-2.445410653026108
1758795029.2824016,target,2,-0.08475721740722657,2.688643798828125,-1.38197647445357
1758795029.2824016,target,3,-2.720053466796875,-1.4973953857421876,0.7539893741332718
1758795029.2824016,target,4,-2.095335693359375,1.4399163818359375,0.44814493046119697
1758795029.2824016,target,5,3.01688623046875,-0.7182258911132813,-2.554966975001461
1758795029.3024733,herder,1,0.1614019775390625,2.79983056640625,2.8284571073538403
1758795029.3024733,herder,2,-0.5020320739746094,-2.350808837890625,2.9508314899718533
1758795029.3024733,target,1,-0.7742133178710937,-2.073000732421875,-2.445324100290681
1758795029.3024733,target,2,-0.08515519714355468,2.68790966796875,-1.3754906119347912
1758795029.3024733,target,3,-2.71922509765625,-1.4987808837890626,0.7699144116616731
1758795029.3024733,target,4,-2.09494482421875,1.440414306640625,0.444779926555341
1758795029.3024733,target,5,3.01688427734375,-0.7182002563476563,-2.5552849564356164
1758795029.322287,herder,1,0.15997689819335936,2.801025146484375,2.8420094015090354
1758795029.322287,herder,2,-0.5026018981933593,-2.35028515625,2.9703394112727928
1758795029.322287,target,1,-0.7741749877929688,-2.073021240234375,-2.445505461560915
1758795029.322287,target,2,-0.0859847412109375,2.687243408203125,-1.363513178090214
1758795029.322287,target,3,-2.7191416015625,-1.498720703125,0.7692994211869466
1758795029.322287,target,4,-2.094688720703125,1.44097705078125,0.43753150114793143
1758795029.322287,target,5,3.016861572265625,-0.7182246704101563,-2.554927560217328
1758795029.3424535,herder,1,0.15858468627929687,2.801744873046875,2.8490971384341726
1758795029.3424535,herder,2,-0.5022617797851563,-2.350032470703125,2.9860909438561754
1758795029.3424535,target,1,-0.7741768188476562,-2.073020263671875,-2.4457254386669556
1758795029.3424535,target,2,-0.08659872436523437,2.6865361328125,-1.3492069430304174
1758795029.3424535,target,3,-2.71988134765625,-1.4979063720703125,0.7500721970649015
1758795029.3424535,target,4,-2.094634521484375,1.44141552734375,0.4312353888568206
1758795029.3424535,target,5,3.016869140625,-0.7182274169921875,-2.5545469944975556
1758795029.3624353,herder,1,0.15823782348632812,2.8017490234375,2.85035681362978
1758795029.3624353,herder,2,-0.5023330688476563,-2.350055419921875,2.9908641274779244
1758795029.3624353,target,1,-0.77416943359375,-2.073032958984375,-2.4457462113234585
1758795029.3624353,target,2,-0.08680215454101563,2.686086669921875,-1.3421957719866204
1758795029.3624353,target,3,-2.720309326171875,-1.4973084716796874,0.7332625905804303
1758795029.3624353,target,4,-2.094922607421875,1.441734130859375,0.42427128918529067
1758795029.3624353,target,5,3.016885498046875,-0.7182085571289063,-2.555703339042868
1758795029.382637,herder,1,0.15894914245605468,2.800856689453125,2.8501043459584405
1758795029.382637,herder,2,-0.5029071044921875,-2.35007275390625,2.9981641183419407
1758795029.382637,target,1,-0.7742325439453125,-2.073016845703125,-2.445913191523806
1758795029.382637,target,2,-0.08741836547851563,2.685050537109375,-1.330152424905064
1758795029.382637,target,3,-2.7219560546875,-1.49535400390625,0.697170233065186
1758795029.382637,target,4,-2.095204345703125,1.442972900390625,0.4002567001086919
1758795029.382637,target,5,3.016887451171875,-0.7181681518554688,-2.5559243814133445
1758795029.4022868,herder,1,0.15884104919433595,2.80071923828125,2.8504348442497194
1758795029.4022868,herder,2,-0.5027957153320313,-2.349678955078125,2.9991659995440285
1758795029.4022868,target,1,-0.774203125,-2.0730087890625,-2.4449461977319986
1758795029.4022868,target,2,-0.08751626586914063,2.684696044921875,-1.3280302849904344
1758795029.4022868,target,3,-2.722509765625,-1.4956563720703124,0.7098797698934256
1758795029.4022868,target,4,-2.095291015625,1.4431002197265625,0.40064638715519774
1758795029.4022868,target,5,3.016887451171875,-0.7182064208984374,-2.555601339973118
1758795029.4224174,herder,1,0.15834214782714845,2.80094970703125,2.850332845179969
1758795029.4224174,herder,2,-0.5028066101074219,-2.3493916015625,2.999046689927193
1758795029.4224174,target,1,-0.7741806640625,-2.0730029296875,-2.445191741184504
1758795029.4224174,target,2,-0.08722489929199219,2.684756591796875,-1.327455974301359
1758795029.4224174,target,3,-2.7222216796875,-1.4959384765625,0.7259344367878865
1758795029.4224174,target,4,-2.095242919921875,1.4428272705078125,0.4044118639099744
1758795029.4224174,target,5,3.016897216796875,-0.7181779174804688,-2.555604535766426
1758795029.4422982,herder,1,0.15844393920898436,2.801125732421875,2.850328051490007
1758795029.4422982,herder,2,-0.5028289184570313,-2.34928955078125,2.9984416197275268
1758795029.4422982,target,1,-0.77414892578125,-2.07300341796875,-2.445931833651437
1758795029.4422982,target,2,-0.08728553771972657,2.684982177734375,-1.329173446888351
1758795029.4422982,target,3,-2.7218505859375,-1.495743896484375,0.7242489887130027
1758795029.4422982,target,4,-2.095320556640625,1.44266796875,0.40337712595793773
1758795029.4422982,target,5,3.016907958984375,-0.7181703491210938,-2.5562554123368413
1758795029.4629257,herder,1,0.15923390197753906,2.80146337890625,2.856368367158416
1758795029.4629257,herder,2,-0.5027120666503906,-2.349889404296875,2.9905275039161383
1758795029.4629257,target,1,-0.774145751953125,-2.0729990234375,-2.4458599283020046
1758795029.4629257,target,2,-0.08760939788818359,2.684708984375,-1.3283582532786777
1758795029.4629257,target,3,-2.721121337890625,-1.4946944580078125,0.7172359534564425
1758795029.4629257,target,4,-2.095618408203125,1.4425728759765626,0.40459309202215427
1758795029.4629257,target,5,3.01690966796875,-0.71818603515625,-2.556069257376645
1758795029.4823272,herder,1,0.15892790222167968,2.801751708984375,2.8646350854981306
1758795029.4823272,herder,2,-0.5028778076171875,-2.350677001953125,2.9792426251130366
1758795029.4823272,target,1,-0.7741802978515625,-2.073013671875,-2.445670311232391
1758795029.4823272,target,2,-0.08814131927490235,2.68448486328125,-1.3219785177293384
1758795029.4823272,target,3,-2.721140625,-1.4944410400390624,0.7178145917822895
1758795029.4823272,target,4,-2.09606884765625,1.44297607421875,0.39610583065466715
1758795029.4823272,target,5,3.016908935546875,-0.718175048828125,-2.5557155895838823
1758795029.5022495,herder,1,0.15788705444335938,2.801987060546875,2.876507723953813
1758795029.5022495,herder,2,-0.5031185913085937,-2.351087890625,2.9632854964935
1758795029.5022495,target,1,-0.7741819458007813,-2.07300732421875,-2.445356324539871
1758795029.5022495,target,2,-0.08830638885498047,2.68402001953125,-1.3180495561731445
1758795029.5022495,target,3,-2.720283203125,-1.49402978515625,0.720479949980268
1758795029.5022495,target,4,-2.096712158203125,1.4434071044921875,0.3748304359172694
1758795029.5022495,target,5,3.01687841796875,-0.7181673583984375,-2.5552138500345114
1758795029.522274,herder,1,0.1564227294921875,2.802647705078125,2.889928457951158
1758795029.522274,herder,2,-0.5032918090820313,-2.35133837890625,2.9443562800974346
1758795029.522274,target,1,-0.7741799926757813,-2.07300439453125,-2.4455398163389774
1758795029.522274,target,2,-0.08885047912597656,2.68324755859375,-1.3060721223285676
1758795029.522274,target,3,-2.719365478515625,-1.4931661376953125,0.715012413683308
1758795029.522274,target,4,-2.09760302734375,1.444057861328125,0.36626724116920134
1758795029.522274,target,5,3.016890380859375,-0.71819873046875,-2.5550572561624145
1758795029.5422668,herder,1,0.1544913330078125,2.803343017578125,2.9043516057828094
1758795029.5422668,herder,2,-0.5034347839355469,-2.351560302734375,2.923697340573363
1758795029.5422668,target,1,-0.7741842651367188,-2.0729951171875,-2.4461294402043205
1758795029.5422668,target,2,-0.08965623474121094,2.6822646484375,-1.2873547603972182
1758795029.5422668,target,3,-2.71880615234375,-1.4931844482421874,0.7253246394772856
1758795029.5422668,target,4,-2.0978232421875,1.4438839111328126,0.37188827541349073
1758795029.5422668,target,5,3.016890625,-0.7182151489257812,-2.555364052319992
1758795029.5623386,herder,1,0.15179457092285156,2.8042822265625,2.917686053360836
1758795029.5623386,herder,2,-0.502911376953125,-2.3519775390625,2.902177667384978
1758795029.5623386,target,1,-0.7741790161132812,-2.0729921875,-2.4452950718347988
1758795029.5623386,target,2,-0.09077901458740234,2.681614501953125,-1.2743809048307881
1758795029.5623386,target,3,-2.7183544921875,-1.4938629150390625,0.7546272012143458
1758795029.5623386,target,4,-2.097413330078125,1.44383642578125,0.3716766539753703
1758795029.5623386,target,5,3.016885009765625,-0.7181968383789062,-2.5556183842040943
1758795029.582535,herder,1,0.14898605346679689,2.8052119140625,2.930144587256336
1758795029.582535,herder,2,-0.502734375,-2.352769775390625,2.8799522565077216
1758795029.582535,target,1,-0.7741473999023437,-2.072998779296875,-2.4457856261075914
1758795029.582535,target,2,-0.09109770202636719,2.6803447265625,-1.255651425516479
1758795029.582535,target,3,-2.71680126953125,-1.4949888916015626,0.7846916933392776
1758795029.582535,target,4,-2.097337158203125,1.443694580078125,0.36882114607556005
1758795029.582535,target,5,3.016881591796875,-0.71821240234375,-2.5549075865091524
1758795029.6023414,herder,1,0.1483470458984375,2.8055341796875,2.9358022066761
1758795029.6023414,herder,2,-0.5030351257324219,-2.3529912109375,2.8698418317453447
1758795029.6023414,target,1,-0.7741829833984375,-2.073003662109375,-2.4456631206974477
1758795029.6023414,target,2,-0.09139849853515625,2.67939892578125,-1.2465893541172117
1758795029.6023414,target,3,-2.716146240234375,-1.4954564208984376,0.7922431531892244
1758795029.6023414,target,4,-2.097376220703125,1.44375439453125,0.36965611365632717
1758795029.6023414,target,5,3.0168662109375,-0.7182173461914062,-2.55466923359159
1758795029.6222343,herder,1,0.1470511474609375,2.806226806640625,2.9545956018565716
1758795029.6222343,herder,2,-0.5033736572265625,-2.3538125,2.840066092861605
1758795029.6222343,target,1,-0.77418017578125,-2.07302392578125,-2.4461502128608235
1758795029.6222343,target,2,-0.0924167709350586,2.67670263671875,-1.2195360316578054
1758795029.6222343,target,3,-2.715267822265625,-1.4958939208984374,0.8065712261699598
1758795029.6222343,target,4,-2.097584228515625,1.444120361328125,0.36777275942293675
1758795029.6222343,target,5,3.01687744140625,-0.7182191162109375,-2.5549720350075322
1758795029.6423376,herder,1,0.14596640014648438,2.806418212890625,2.9605182058047985
1758795029.6423376,herder,2,-0.5034023742675782,-2.35407763671875,2.831370339270278
1758795029.6423376,target,1,-0.774212158203125,-2.073001953125,-2.445331823457842
1758795029.6423376,target,2,-0.09250384521484376,2.6759951171875,-1.2129933106497532
1758795029.6423376,target,3,-2.714818603515625,-1.49576171875,0.8132885173874667
1758795029.6423376,target,4,-2.097461669921875,1.443951416015625,0.3682765629221525
1758795029.6423376,target,5,3.0168642578125,-0.7182123413085938,-2.555366182848864
1758795029.6623363,herder,1,0.14300888061523437,2.807164306640625,2.979090025982575
1758795029.6623363,herder,2,-0.5037123413085938,-2.35447998046875,2.8064450156798992
1758795029.6623363,target,1,-0.7741694946289063,-2.0730048828125,-2.4454354204242463
1758795029.6623363,target,2,-0.09296688079833984,2.674670166015625,-1.1969556214072417
1758795029.6623363,target,3,-2.712749755859375,-1.495151123046875,0.8293647558867572
1758795029.6623363,target,4,-2.0968662109375,1.442874267578125,0.39373861334072296
1758795029.6623363,target,5,3.016873046875,-0.7182138061523438,-2.555470578763595
1758795029.6823487,herder,1,0.14206907653808593,2.80768505859375,2.9916782558231616
1758795029.6823487,herder,2,-0.5044631042480469,-2.354640380859375,2.7933092399191928
1758795029.6823487,target,1,-0.774190185546875,-2.072981689453125,-2.445860993566441
1758795029.6823487,target,2,-0.09343944549560547,2.67372119140625,-1.1857016352727847
1758795029.6823487,target,3,-2.712733642578125,-1.4952100830078126,0.8227551895353441
1758795029.6823487,target,4,-2.0963955078125,1.4423104248046874,0.3980155168933357
1758795029.6823487,target,5,3.016881591796875,-0.7182163696289062,-2.5556737779547682
1758795029.7023635,herder,1,0.14166822814941407,2.80806640625,2.9989225866203952
1758795029.7023635,herder,2,-0.5048940124511718,-2.354629150390625,2.788255625434658
1758795029.7023635,target,1,-0.7741961669921875,-2.072993408203125,-2.4453765645641554
1758795029.7023635,target,2,-0.09370243072509765,2.673146728515625,-1.176835173055584
1758795029.7023635,target,3,-2.712716064453125,-1.49537255859375,0.8163767855665498
1758795029.7023635,target,4,-2.09619287109375,1.4423590087890625,0.3990829451477531
1758795029.7023635,target,5,3.016883056640625,-0.71820947265625,-2.5552884185450337
1758795029.7222407,herder,1,0.13950736999511718,2.809360595703125,3.021938157393078
1758795029.7222407,herder,2,-0.5052895812988282,-2.35482861328125,2.7818605767090507
1758795029.7222407,target,1,-0.7741882934570312,-2.073013671875,-2.445596541670196
1758795029.7222407,target,2,-0.09470642852783204,2.671833984375,-1.1559751648692111
1758795029.7222407,target,3,-2.712153076171875,-1.4950970458984374,0.8370449129963822
1758795029.7222407,target,4,-2.095871826171875,1.4421468505859374,0.41179747540303663
1758795029.7222407,target,5,3.016873046875,-0.7182422485351563,-2.554899330709773
1758795029.7422488,herder,1,0.1373091278076172,2.809997802734375,3.0392175454938393
1758795029.7422488,herder,2,-0.5052640380859375,-2.354879150390625,2.7801926389183342
1758795029.7422488,target,1,-0.7741771240234375,-2.072998779296875,-2.4458527377670616
1758795029.7422488,target,2,-0.09492471313476562,2.670748291015625,-1.1432780117400405
1758795029.7422488,target,3,-2.711324951171875,-1.4960723876953126,0.8560690045062815
1758795029.7422488,target,4,-2.0963037109375,1.440938720703125,0.4257366269960795
1758795029.7422488,target,5,3.016879150390625,-0.7182300415039062,-2.5551097204358895
1758795029.76244,herder,1,0.13642231750488282,2.8103251953125,3.0475985134443184
1758795029.76244,herder,2,-0.5053899536132812,-2.354873046875,2.780021397660242
1758795029.76244,target,1,-0.774166259765625,-2.073008056640625,-2.4459155883687873
1758795029.76244,target,2,-0.09526644134521485,2.669673828125,-1.1291724458683812
1758795029.76244,target,3,-2.710891845703125,-1.496902099609375,0.8613267502883705
1758795029.76244,target,4,-2.09643359375,1.440162109375,0.4300102681763569
1758795029.76244,target,5,3.016877685546875,-0.7181985473632813,-2.5553595249461387
1758795029.7824104,herder,1,0.13538876342773437,2.810824462890625,3.0641995944154363
1758795029.7824104,herder,2,-0.5054797668457032,-2.354749755859375,2.7809002408199683
1758795029.7824104,target,1,-0.7741924438476563,-2.073016845703125,-2.4448527207777366
1758795029.7824104,target,2,-0.09562921142578125,2.669222900390625,-1.1243691685263144
1758795029.7824104,target,3,-2.711144287109375,-1.4969300537109376,0.860545578561623
1758795029.7824104,target,4,-2.096437744140625,1.440462158203125,0.426883883504172
1758795029.7824104,target,5,3.016883544921875,-0.7181937866210938,-2.554958452885973
1758795029.8022559,herder,1,0.13365060424804687,2.81109716796875,3.0871877346288916
1758795029.8022559,herder,2,-0.5055469055175781,-2.354336181640625,2.787834579666317
1758795029.8022559,target,1,-0.7741654663085937,-2.073018310546875,-2.445032217835208
1758795029.8022559,target,2,-0.09617206573486328,2.6682333984375,-1.1087420055658384
1758795029.8022559,target,3,-2.711177734375,-1.4962071533203125,0.8605554988366835
1758795029.8022559,target,4,-2.096911865234375,1.4411898193359376,0.41205580202877434
1758795029.8022559,target,5,3.0169072265625,-0.7181409912109376,-2.555511857760491
1758795029.822412,herder,1,0.13225509643554687,2.811172607421875,3.1001176480373354
1758795029.822412,herder,2,-0.5052412719726562,-2.353904541015625,2.799607882213339
1758795029.822412,target,1,-0.7741585083007813,-2.073031005859375,-2.444629547878388
1758795029.822412,target,2,-0.09610037231445312,2.667700439453125,-1.1002855369984552
1758795029.822412,target,3,-2.711681884765625,-1.4952822265625,0.8338125012232985
1758795029.822412,target,4,-2.09707080078125,1.4411094970703124,0.4114091865161031
1758795029.822412,target,5,3.01689990234375,-0.7181763916015625,-2.555635428435071
1758795029.8422904,herder,1,0.1323426818847656,2.8115234375,3.112174310924342
1758795029.8422904,herder,2,-0.5048095397949218,-2.353789794921875,2.8145442211870484
1758795029.8422904,target,1,-0.7741683349609375,-2.073016357421875,-2.445260184424519
1758795029.8422904,target,2,-0.09624237060546875,2.666827880859375,-1.0932818893847376
1758795029.8422904,target,3,-2.712801513671875,-1.4943408203125,0.8008237250634053
1758795029.8422904,target,4,-2.096934814453125,1.44121484375,0.4111497946259294
1758795029.8422904,target,5,3.016888427734375,-0.7181952514648438,-2.5553387522896363
1758795029.8623188,herder,1,0.13229441833496094,2.811828857421875,3.1183856015347335
1758795029.8623188,herder,2,-0.5047110595703125,-2.353691162109375,2.8232426379394653
1758795029.8623188,target,1,-0.77418701171875,-2.072999267578125,-2.4458846957001423
1758795029.8623188,target,2,-0.09624700927734375,2.666463134765625,-1.0941235814472572
1758795029.8623188,target,3,-2.71344580078125,-1.4936202392578124,0.7916351535123594
1758795029.8623188,target,4,-2.09672607421875,1.441305908203125,0.4090745263464851
1758795029.8623188,target,5,3.01689404296875,-0.7181781616210937,-2.5554255713411727
1758795029.8826857,herder,1,0.13108352661132813,2.812533203125,3.139539356389342
1758795029.8826857,herder,2,-0.5041949462890625,-2.35274169921875,2.853854875721599
1758795029.8826857,target,1,-0.7741815185546875,-2.073023193359375,-2.4456764365028985
1758795029.8826857,target,2,-0.0961693115234375,2.664886474609375,-1.0817243028860117
1758795029.8826857,target,3,-2.713992919921875,-1.49215625,0.772139682489516
1758795029.8826857,target,4,-2.096365966796875,1.441364501953125,0.4149983620067165
1758795029.8826857,target,5,3.0168603515625,-0.7182108764648437,-2.5548053211232933
1758795029.9023483,herder,1,0.13058624267578126,2.812548583984375,-3.1368998974329645
1758795029.9023483,herder,2,-0.5040535278320313,-2.352489501953125,2.8656614677822474
1758795029.9023483,target,1,-0.774156982421875,-2.073000732421875,-2.444959513537449
1758795029.9023483,target,2,-0.09609903717041016,2.6644619140625,-1.082855214242914
1758795029.9023483,target,3,-2.71431787109375,-1.4921844482421875,0.7672382010822525
1758795029.9023483,target,4,-2.096309326171875,1.4408521728515624,0.42428933210167596
1758795029.9023483,target,5,3.016864013671875,-0.7182284545898437,-2.5547872116278807
1758795029.922291,herder,1,0.12942779541015625,2.81284912109375,-3.1164300423462885
1758795029.922291,herder,2,-0.5037204895019531,-2.351310546875,2.9032852760823418
1758795029.922291,target,1,-0.774177490234375,-2.073000244140625,-2.445150728503717
1758795029.922291,target,2,-0.09659630584716797,2.66320166015625,-1.0784167233911606
1758795029.922291,target,3,-2.714961669921875,-1.4923328857421876,0.7622479032526347
1758795029.922291,target,4,-2.09566064453125,1.4397943115234375,0.450443804403667
1758795029.922291,target,5,3.016874755859375,-0.7182214965820313,-2.55458614296558
1758795029.942358,herder,1,0.12912225341796876,2.81348046875,-3.1033493940201464
1758795029.942358,herder,2,-0.5038350830078125,-2.350939208984375,2.929448436947389
1758795029.942358,target,1,-0.7741961669921875,-2.072990234375,-2.4450181030814306
1758795029.942358,target,2,-0.09685039520263672,2.66318359375,-1.078092350370389
1758795029.942358,target,3,-2.71477197265625,-1.492244873046875,0.7626736095528839
1758795029.942358,target,4,-2.095037841796875,1.4391651611328125,0.46471122389057573
1758795029.942358,target,5,3.016861328125,-0.718234619140625,-2.553984534875331
1758795029.962573,herder,1,0.128841064453125,2.81379736328125,-3.0968720536168557
1758795029.962573,herder,2,-0.5041572265625,-2.35061865234375,2.942377551407506
1758795029.962573,target,1,-0.7741668090820313,-2.073020751953125,-2.4453406118894394
1758795029.962573,target,2,-0.09690457153320313,2.6632060546875,-1.0763958501769813
1758795029.962573,target,3,-2.714382568359375,-1.4920804443359375,0.7614872378662809
1758795029.962573,target,4,-2.094707275390625,1.4387176513671875,0.47220232985231875
1758795029.962573,target,5,3.01687255859375,-0.7182174682617187,-2.555099067791529
1758795029.982322,herder,1,0.1271932373046875,2.814246826171875,-3.0789247447147026
1758795029.982322,herder,2,-0.5048245239257813,-2.3497509765625,2.978001325728951
1758795029.982322,target,1,-0.7741873168945312,-2.0730068359375,-2.445255124418448
1758795029.982322,target,2,-0.09682740783691406,2.663160888671875,-1.0761406527655244
1758795029.982322,target,3,-2.712459716796875,-1.4917738037109376,0.7823944505829752
1758795029.982322,target,4,-2.094218017578125,1.436896484375,0.5043537415864638
1758795029.982322,target,5,3.01688525390625,-0.7182128295898438,-2.5549113149346785
1758795030.002428,herder,1,0.1268279266357422,2.814189208984375,-3.074972081024807
1758795030.002428,herder,2,-0.5044024353027343,-2.34955859375,2.989155177006421
1758795030.002428,target,1,-0.77418994140625,-2.0729580078125,-2.4448367418111965
1758795030.002428,target,2,-0.09675249481201172,2.66321875,-1.076603177267844
1758795030.002428,target,3,-2.712080322265625,-1.491969482421875,0.7925865678117902
1758795030.002428,target,4,-2.093964111328125,1.4361219482421874,0.5147974942487777
1758795030.002428,target,5,3.016873779296875,-0.718221923828125,-2.554899863341991
1758795030.022406,herder,1,0.126939697265625,2.814061279296875,-3.0723552589376952
1758795030.022406,herder,2,-0.5043414306640625,-2.3487353515625,3.0081717450862406
1758795030.022406,target,1,-0.7741719970703125,-2.073004638671875,-2.445665517542429
1758795030.022406,target,2,-0.09691132354736329,2.663181640625,-1.0760028341791128
1758795030.022406,target,3,-2.71062060546875,-1.492579833984375,0.8068546530889714
1758795030.022406,target,4,-2.0936455078125,1.4357738037109375,0.520714139374066
1758795030.022406,target,5,3.016851318359375,-0.7182284545898437,-2.5546231609047316
1758795030.0427315,herder,1,0.1274556884765625,2.813696533203125,-3.0770269761219122
1758795030.0427315,herder,2,-0.5047830505371094,-2.34835400390625,3.02714543627251
1758795030.0427315,target,1,-0.7741907958984375,-2.07301318359375,-2.4456881544116946
1758795030.0427315,target,2,-0.09682860565185547,2.663416015625,-1.0757783296992192
1758795030.0427315,target,3,-2.71049853515625,-1.4918988037109375,0.8031116467558923
1758795030.0427315,target,4,-2.094298583984375,1.436594482421875,0.5085220547456286
1758795030.0427315,target,5,3.01686572265625,-0.7182349243164062,-2.554539803962612
1758795030.0624783,herder,1,0.12755473327636718,2.813563720703125,-3.0784522999373225
1758795030.0624783,herder,2,-0.5045369262695313,-2.348375244140625,3.029834163709054
1758795030.0624783,target,1,-0.7741598510742187,-2.073018310546875,-2.4463339709760388
1758795030.0624783,target,2,-0.09664076232910156,2.663488037109375,-1.0759099564360963
1758795030.0624783,target,3,-2.710201904296875,-1.491946533203125,0.8113620532339305
1758795030.0624783,target,4,-2.09438330078125,1.436744384765625,0.5038048973753122
1758795030.0624783,target,5,3.016886962890625,-0.7182321166992187,-2.554736611567169
1758795030.0824807,herder,1,0.12793312072753907,2.81368359375,-3.0756892703063654
1758795030.0824807,herder,2,-0.5045424499511719,-2.348394287109375,3.0342542121702585
1758795030.0824807,target,1,-0.774208251953125,-2.0729951171875,-2.445474036260052
1758795030.0824807,target,2,-0.09703675842285156,2.66328564453125,-1.0761019037716637
1758795030.0824807,target,3,-2.708902099609375,-1.4931971435546876,0.8585881551604146
1758795030.0824807,target,4,-2.0941904296875,1.4372384033203125,0.4974120457576042
1758795030.0824807,target,5,3.01688623046875,-0.7182181396484375,-2.5546924030930738
1758795030.1024737,herder,1,0.1274206237792969,2.814205322265625,-3.06979303165293
1758795030.1024737,herder,2,-0.504748046875,-2.34821728515625,3.033790289508367
1758795030.1024737,target,1,-0.7741864013671875,-2.0729912109375,-2.4454205067221415
1758795030.1024737,target,2,-0.09719407653808594,2.663089111328125,-1.0748276477690881
1758795030.1024737,target,3,-2.707647216796875,-1.494458251953125,0.895088708691741
1758795030.1024737,target,4,-2.094072021484375,1.4372174072265624,0.49914516441600054
1758795030.1024737,target,5,3.016884521484375,-0.7182203979492188,-2.554369361652847
1758795030.1226137,herder,1,0.12657819366455078,2.8148212890625,-3.0582740609900103
1758795030.1226137,herder,2,-0.5047588500976562,-2.34831494140625,3.0320267442345163
1758795030.1226137,target,1,-0.774172119140625,-2.072994140625,-2.445734493414662
1758795030.1226137,target,2,-0.09722847747802735,2.6630771484375,-1.0727631652920586
1758795030.1226137,target,3,-2.70559619140625,-1.4960701904296876,0.9339556805886844
1758795030.1226137,target,4,-2.094099609375,1.4369775390625,0.49955316069500066
1758795030.1226137,target,5,3.0168935546875,-0.7181896362304687,-2.5549368812811433
1758795030.1422975,herder,1,0.12627433776855468,2.81521435546875,-3.0510715418218908
1758795030.1422975,herder,2,-0.5048604736328125,-2.34829736328125,3.030331642200681
1758795030.1422975,target,1,-0.77416552734375,-2.07302294921875,-2.4460612632804146
1758795030.1422975,target,2,-0.09734253692626953,2.662917236328125,-1.0724712162575587
1758795030.1422975,target,3,-2.7045556640625,-1.49629345703125,0.9487004717009898
1758795030.1422975,target,4,-2.094219970703125,1.437218505859375,0.4944632939301276
1758795030.1422975,target,5,3.0168935546875,-0.7182140502929687,-2.5548436706429904
1758795030.1625843,herder,1,0.12511441802978515,2.8155341796875,-3.0269238612698155
1758795030.1625843,herder,2,-0.505523193359375,-2.348560302734375,3.021197265977818
1758795030.1625843,target,1,-0.7741456298828125,-2.073005859375,-2.4462881646052894
1758795030.1625843,target,2,-0.09807984161376954,2.662645263671875,-1.0712385055679883
1758795030.1625843,target,3,-2.702712646484375,-1.4951961669921876,0.965905624186365
1758795030.1625843,target,4,-2.094257080078125,1.43817529296875,0.47717608279366436
1758795030.1625843,target,5,3.016868408203125,-0.7182284545898437,-2.5548503285457156
1758795030.1826026,herder,1,0.12380675506591797,2.815426513671875,-3.0106333048818006
1758795030.1826026,herder,2,-0.5056904296875,-2.349072021484375,3.009574165716276
1758795030.1826026,target,1,-0.7741690063476563,-2.07302392578125,-2.4460559369582344
1758795030.1826026,target,2,-0.09854084014892578,2.662394775390625,-1.0696663749974873
1758795030.1826026,target,3,-2.702750732421875,-1.494297119140625,0.9480628443569976
1758795030.1826026,target,4,-2.094507568359375,1.4390494384765624,0.4637395029878331
1758795030.1826026,target,5,3.01688427734375,-0.718186279296875,-2.555433827140552
1758795030.202714,herder,1,0.12339337921142578,2.81531005859375,-2.9944937497275936
1758795030.202714,herder,2,-0.5057445373535157,-2.349333984375,2.9942625873449744
1758795030.202714,target,1,-0.7741875,-2.073012451171875,-2.4460596653837605
1758795030.202714,target,2,-0.09883051300048828,2.661694091796875,-1.0679875182463012
1758795030.202714,target,3,-2.702987548828125,-1.492803466796875,0.9285902099405018
1758795030.202714,target,4,-2.094702880859375,1.4394791259765625,0.4575890988978632
1758795030.202714,target,5,3.01690087890625,-0.71818115234375,-2.5560231846897863
1758795030.2224143,herder,1,0.12353631591796875,2.81548681640625,-2.987486706583486
1758795030.2224143,herder,2,-0.5057532348632813,-2.349516845703125,2.9848283391833688
1758795030.2224143,target,1,-0.774180419921875,-2.0730009765625,-2.4457504723812025
1758795030.2224143,target,2,-0.09884496307373047,2.66125,-1.0640076237342597
1758795030.2224143,target,3,-2.70343212890625,-1.4922296142578124,0.9154457789062521
1758795030.2224143,target,4,-2.094638916015625,1.4390892333984375,0.4631126614462557
1758795030.2224143,target,5,3.01687890625,-0.718207763671875,-2.5555731104655632
1758795030.242444,herder,1,0.12345541381835938,2.8159951171875,-2.9736121699363913
1758795030.242444,herder,2,-0.505573486328125,-2.349853271484375,2.9645377148380554
1758795030.242444,target,1,-0.7741742553710937,-2.07301025390625,-2.4455134510441856
1758795030.242444,target,2,-0.09900366973876953,2.660557373046875,-1.0630001498938826
1758795030.242444,target,3,-2.7046455078125,-1.4901983642578125,0.8835903109482421
1758795030.242444,target,4,-2.094240478515625,1.43865185546875,0.47990792015035405
1758795030.242444,target,5,3.016915771484375,-0.7182191772460937,-2.555343545979598
1758795030.2628012,herder,1,0.12213235473632812,2.816640625,-2.952258678000027
1758795030.2628012,herder,2,-0.5060162048339844,-2.3506103515625,2.9311392779234806
1758795030.2628012,target,1,-0.774205322265625,-2.073005615234375,-2.446241026653995
1758795030.2628012,target,2,-0.09905075836181641,2.660019775390625,-1.0567473139704857
1758795030.2628012,target,3,-2.706187255859375,-1.4880191650390624,0.8411526392407477
1758795030.2628012,target,4,-2.093386962890625,1.437526123046875,0.49601471842315326
1758795030.2628012,target,5,3.016881591796875,-0.7182257690429688,-2.5554181144901205
1758795030.2828083,herder,1,0.12145014190673828,2.817038818359375,-2.939615320724876
1758795030.2828083,herder,2,-0.5062131958007813,-2.351289306640625,2.90888004490038
1758795030.2828083,target,1,-0.774212158203125,-2.073009765625,-2.44589881045392
1758795030.2828083,target,2,-0.09917526245117188,2.659410400390625,-1.0531911283878757
1758795030.2828083,target,3,-2.706757080078125,-1.487364990234375,0.8400741255782929
1758795030.2828083,target,4,-2.09302783203125,1.43678271484375,0.5137697803841161
1758795030.2828083,target,5,3.016858642578125,-0.7182094116210938,-2.5548311537858672
1758795030.3027518,herder,1,0.1214249496459961,2.817153076171875,-2.9297967784179715
1758795030.3027518,herder,2,-0.5059943542480468,-2.351967041015625,2.887632546775401
1758795030.3027518,target,1,-0.7741973266601563,-2.07299560546875,-2.445944883140778
1758795030.3027518,target,2,-0.09945921325683593,2.658690185546875,-1.0511900957238172
1758795030.3027518,target,3,-2.7069736328125,-1.4869501953125,0.82177041914326
1758795030.3027518,target,4,-2.092306884765625,1.4363232421875,0.52765027585415
1758795030.3027518,target,5,3.01686962890625,-0.7182014770507813,-2.5548069190199474
1758795030.3224554,herder,1,0.1213094482421875,2.817132080078125,-2.920805946577864
1758795030.3224554,herder,2,-0.5061108703613282,-2.352324951171875,2.866793044929422
1758795030.3224554,target,1,-0.7741961669921875,-2.072989990234375,-2.4457057312748893
1758795030.3224554,target,2,-0.09952394866943359,2.6579453125,-1.0486920506213229
1758795030.3224554,target,3,-2.70710546875,-1.4863935546875,0.7927050119012714
1758795030.3224554,target,4,-2.09131689453125,1.4356707763671874,0.5408013980806384
1758795030.3224554,target,5,3.0168759765625,-0.718201416015625,-2.554922766527366
1758795030.3425217,herder,1,0.12065119171142578,2.8170341796875,-2.911729360950656
1758795030.3425217,herder,2,-0.506267578125,-2.352540283203125,2.8468092167416854
1758795030.3425217,target,1,-0.774177978515625,-2.073026611328125,-2.4455163805213846
1758795030.3425217,target,2,-0.0993394546508789,2.65692333984375,-1.0439208643703914
1758795030.3425217,target,3,-2.709294921875,-1.48501171875,0.7505055599532846
1758795030.3425217,target,4,-2.090579833984375,1.435328369140625,0.5528042984031392
1758795030.3425217,target,5,3.01688623046875,-0.7181954345703125,-2.555097736210984
1758795030.362429,herder,1,0.11946892547607423,2.81687548828125,-2.902654106903993
1758795030.362429,herder,2,-0.5064224853515625,-2.35304052734375,2.8272826533131155
1758795030.362429,target,1,-0.7741878662109375,-2.073019287109375,-2.4453155781751925
1758795030.362429,target,2,-0.09918572998046875,2.655881591796875,-1.0389735100133513
1758795030.362429,target,3,-2.710281494140625,-1.48261181640625,0.7107227935364901
1758795030.362429,target,4,-2.08975390625,1.4354215087890625,0.5595911314146108
1758795030.362429,target,5,3.01689013671875,-0.718226318359375,-2.5553637860038827
1758795030.383415,herder,1,0.11802618408203125,2.816953369140625,-2.8914605745262807
1758795030.383415,herder,2,-0.5072518005371094,-2.353632568359375,2.8085795392935977
1758795030.383415,target,1,-0.7741543579101563,-2.07300341796875,-2.4452806907649127
1758795030.383415,target,2,-0.09924878692626952,2.6549404296875,-1.0345692407816054
1758795030.383415,target,3,-2.711476806640625,-1.4798707275390626,0.664427532990016
1758795030.383415,target,4,-2.089115966796875,1.43600390625,0.5578965620129933
1758795030.383415,target,5,3.016867431640625,-0.718233642578125,-2.5551206393963586
1758795030.4024687,herder,1,0.1169586410522461,2.817241943359375,-2.8793509147335814
1758795030.4024687,herder,2,-0.5078564147949218,-2.35403564453125,2.792116676383055
1758795030.4024687,target,1,-0.7741683959960938,-2.07299462890625,-2.445031152570772
1758795030.4024687,target,2,-0.09959591674804688,2.65365966796875,-1.0299813465926988
1758795030.4024687,target,3,-2.71382861328125,-1.4777598876953124,0.6078119240082395
1758795030.4024687,target,4,-2.088789794921875,1.436447509765625,0.5557988898908788
1758795030.4024687,target,5,3.016857177734375,-0.7182222900390625,-2.554565370309077
1758795030.422528,herder,1,0.11624439239501953,2.81735400390625,-2.8680300832557637
1758795030.422528,herder,2,-0.5075183410644531,-2.3545322265625,2.7796181950712042
1758795030.422528,target,1,-0.7741748657226563,-2.073021240234375,-2.4455073257736784
1758795030.422528,target,2,-0.09978453063964844,2.652042724609375,-1.0261694975454412
1758795030.422528,target,3,-2.715668212890625,-1.475123046875,0.5497647660720045
1758795030.422528,target,4,-2.0887470703125,1.43630712890625,0.5575855047976721
1758795030.422528,target,5,3.016865478515625,-0.7182147827148437,-2.555039412983111
1758795030.44241,herder,1,0.11573145294189453,2.81720703125,-2.862788715914379
1758795030.44241,herder,2,-0.5073087158203125,-2.35468310546875,2.7746476712126804
1758795030.44241,target,1,-0.7741807250976562,-2.073008056640625,-2.4458364924844123
1758795030.44241,target,2,-0.09981991577148437,2.65154345703125,-1.022041531276791
1758795030.44241,target,3,-2.716279296875,-1.4732113037109376,0.522777589876173
1758795030.44241,target,4,-2.088585205078125,1.436318115234375,0.558357022565468
1758795030.44241,target,5,3.01686474609375,-0.7182371215820312,-2.5550484677308174
1758795030.4626353,herder,1,0.11403826904296875,2.816681396484375,-2.8472105551179605
1758795030.4626353,herder,2,-0.5071219482421875,-2.35469580078125,2.764859222626094
1758795030.4626353,target,1,-0.7741814575195313,-2.07301220703125,-2.445126227421688
1758795030.4626353,target,2,-0.09986762237548828,2.650028076171875,-1.0142875380259435
1758795030.4626353,target,3,-2.71881591796875,-1.4683927001953125,0.43211905899602254
1758795030.4626353,target,4,-2.087604248046875,1.436661865234375,0.5648687843258481
1758795030.4626353,target,5,3.0168876953125,-0.7182261962890625,-2.5555134556571453
1758795030.482452,herder,1,0.11362198638916016,2.81690380859375,-2.8366657687817916
1758795030.482452,herder,2,-0.506720703125,-2.35490869140625,2.7623252248488837
1758795030.482452,target,1,-0.7742266235351563,-2.072990966796875,-2.4447427322247166
1758795030.482452,target,2,-0.09999213409423828,2.6486337890625,-1.011245409112746
1758795030.482452,target,3,-2.7194599609375,-1.4663623046875,0.39881030403115625
1758795030.482452,target,4,-2.08711083984375,1.4357239990234374,0.5813947641542258
1758795030.482452,target,5,3.016860595703125,-0.7182301635742188,-2.5550117161077743
1758795030.5023963,herder,1,0.1129803466796875,2.8170166015625,-2.8262394931141315
1758795030.5023963,herder,2,-0.5065732727050781,-2.355012451171875,2.76284427494534
1758795030.5023963,target,1,-0.774180908203125,-2.073021240234375,-2.4452386128196895
1758795030.5023963,target,2,-0.09961576843261719,2.64747314453125,-1.0063162308301457
1758795030.5023963,target,3,-2.720255859375,-1.4656861572265625,0.3846694179855399
1758795030.5023963,target,4,-2.0866064453125,1.4353231201171874,0.5887756485363531
1758795030.5023963,target,5,3.01687353515625,-0.718222900390625,-2.555035950873694
1758795030.5224404,herder,1,0.11189485931396484,2.816981201171875,-2.815404155903035
1758795030.5224404,herder,2,-0.5068730163574219,-2.355000732421875,2.7647012971734526
1758795030.5224404,target,1,-0.7742064208984375,-2.072998291015625,-2.4452679075916803
1758795030.5224404,target,2,-0.09915602111816406,2.646503173828125,-0.9999147239388949
1758795030.5224404,target,3,-2.720450439453125,-1.4657264404296875,0.3856367113829703
1758795030.5224404,target,4,-2.086212890625,1.4359267578125,0.5863134895295475
1758795030.5224404,target,5,3.01687890625,-0.71822265625,-2.555032488764277
1758795030.5427163,herder,1,0.1112729721069336,2.8168740234375,-2.805394931262081
1758795030.5427163,herder,2,-0.5067283325195312,-2.35501318359375,2.7682052182196695
1758795030.5427163,target,1,-0.7742015991210938,-2.073009033203125,-2.445131820059977
1758795030.5427163,target,2,-0.09911107635498047,2.645733642578125,-0.9959134575591053
1758795030.5427163,target,3,-2.72036328125,-1.4656468505859375,0.3813741223212167
1758795030.5427163,target,4,-2.085747314453125,1.4361756591796875,0.5891699295357393
1758795030.5427163,target,5,3.016900390625,-0.7182014770507813,-2.555290815390015
1758795030.562882,herder,1,0.11087886047363281,2.81700439453125,-2.7964099583763717
1758795030.562882,herder,2,-0.5063184204101563,-2.354729248046875,2.777272216466953
1758795030.562882,target,1,-0.77419189453125,-2.07300830078125,-2.4454170446127246
1758795030.562882,target,2,-0.09927589416503907,2.644875,-0.9948095772872675
1758795030.562882,target,3,-2.720553466796875,-1.46530517578125,0.37788900985019813
1758795030.562882,target,4,-2.085363525390625,1.4360072021484376,0.5900705440373769
1758795030.562882,target,5,3.0168857421875,-0.7182186889648438,-2.555338219657418
1758795030.582627,herder,1,0.11020201873779296,2.816981689453125,-2.7874659981714496
1758795030.582627,herder,2,-0.5057834777832031,-2.3541474609375,2.7904790986287655
1758795030.582627,target,1,-0.7742106323242187,-2.073004638671875,-2.445265777062808
1758795030.582627,target,2,-0.09911762237548828,2.6439365234375,-0.9902205512548975
1758795030.582627,target,3,-2.720714111328125,-1.4652811279296876,0.3644070564372946
1758795030.582627,target,4,-2.085306396484375,1.4361444091796876,0.5901388541193374
1758795030.582627,target,5,3.016861083984375,-0.7181968994140625,-2.5551786963081224
1758795030.6023722,herder,1,0.10983783721923829,2.81711865234375,-2.780345504364905
1758795030.6023722,herder,2,-0.5058601989746093,-2.353836669921875,2.806975251052934
1758795030.6023722,target,1,-0.7741688232421875,-2.07301123046875,-2.445793615590862
1758795030.6023722,target,2,-0.09891172790527344,2.643259765625,-0.9878226410093901
1758795030.6023722,target,3,-2.720580078125,-1.4644537353515625,0.35026733552465517
1758795030.6023722,target,4,-2.08520556640625,1.436328125,0.5901889215478309
1758795030.6023722,target,5,3.01689599609375,-0.718208251953125,-2.55544501241713
1758795030.6223834,herder,1,0.11002880859375,2.81744482421875,-2.7760437002561
1758795030.6223834,herder,2,-0.5060284118652344,-2.35336865234375,2.8263039416125113
1758795030.6223834,target,1,-0.7741961059570313,-2.07301611328125,-2.445606927998447
1758795030.6223834,target,2,-0.09887473297119141,2.642658447265625,-0.9858140183362251
1758795030.6223834,target,3,-2.7204189453125,-1.4633931884765625,0.33885792065107856
1758795030.6223834,target,4,-2.08494384765625,1.436468017578125,0.5891944306177681
1758795030.6223834,target,5,3.016896240234375,-0.7182134399414063,-2.5554492734748746
1758795030.6424122,herder,1,0.11010967254638672,2.8174658203125,-2.7744447383376163
1758795030.6424122,herder,2,-0.5057920837402343,-2.35312744140625,2.8366335445326016
1758795030.6424122,target,1,-0.7741703491210937,-2.07300244140625,-2.445664452277993
1758795030.6424122,target,2,-0.09882064056396485,2.6424326171875,-0.9831685006883677
1758795030.6424122,target,3,-2.71998291015625,-1.4628702392578126,0.33625384844768547
1758795030.6424122,target,4,-2.085003662109375,1.436562255859375,0.5876805566961125
1758795030.6424122,target,5,3.0168798828125,-0.7182130737304687,-2.555000264515087
1758795030.6626687,herder,1,0.10952725982666016,2.81713427734375,-2.771909408979861
1758795030.6626687,herder,2,-0.5050449829101562,-2.352160400390625,2.872638949838255
1758795030.6626687,target,1,-0.7742144165039062,-2.07300537109375,-2.4446479236899097
1758795030.6626687,target,2,-0.09846338653564453,2.64173193359375,-0.9783224130317777
1758795030.6626687,target,3,-2.71772607421875,-1.46156591796875,0.3211978336724906
1758795030.6626687,target,4,-2.08583544921875,1.436512939453125,0.5820715399662422
1758795030.6626687,target,5,3.016880859375,-0.7182044067382812,-2.55519813738408
1758795030.6823125,herder,1,0.10917414093017579,2.81689306640625,-2.7705567894622094
1758795030.6823125,herder,2,-0.5045778503417969,-2.35140966796875,2.8979277949174294
1758795030.6823125,target,1,-0.7741592407226563,-2.073017333984375,-2.4458644556758578
1758795030.6823125,target,2,-0.09838408660888671,2.64119140625,-0.9731261862708696
1758795030.6823125,target,3,-2.71556982421875,-1.46057275390625,0.3251856510887753
1758795030.6823125,target,4,-2.08605810546875,1.4359320068359376,0.5884888260869515
1758795030.6823125,target,5,3.016885498046875,-0.7181880493164062,-2.5559246477294537
1758795030.7023141,herder,1,0.10895046234130859,2.8169697265625,-2.768900036948071
1758795030.7023141,herder,2,-0.5041836853027344,-2.350926513671875,2.923382821248625
1758795030.7023141,target,1,-0.774174560546875,-2.07305322265625,-2.4459155883687873
1758795030.7023141,target,2,-0.09845233154296874,2.64085107421875,-0.9719112521815755
1758795030.7023141,target,3,-2.71346630859375,-1.46020361328125,0.33390504023477646
1758795030.7023141,target,4,-2.085697021484375,1.4358798828125,0.5930249217926563
1758795030.7023141,target,5,3.01687255859375,-0.7182047119140625,-2.555669250580915
1758795030.7223914,herder,1,0.10883707427978516,2.816986328125,-2.767637165959156
1758795030.7223914,herder,2,-0.5041852722167969,-2.35076025390625,2.9363918305414436
1758795030.7223914,target,1,-0.7741923217773438,-2.07300244140625,-2.446041289572239
1758795030.7223914,target,2,-0.09849629211425781,2.640629150390625,-0.9727852350723122
1758795030.7223914,target,3,-2.712584716796875,-1.4600960693359375,0.33651913258177096
1758795030.7223914,target,4,-2.08553369140625,1.436219482421875,0.5904742792586329
1758795030.7223914,target,5,3.016901611328125,-0.7181897583007812,-2.556040495236872
1758795030.7423842,herder,1,0.10830067443847656,2.817026123046875,-2.763739896019934
1758795030.7423842,herder,2,-0.5046656494140624,-2.349905029296875,2.9734630329153466
1758795030.7423842,target,1,-0.7742014770507812,-2.0730068359375,-2.445355525591544
1758795030.7423842,target,2,-0.09848566436767578,2.64011083984375,-0.9707651608064598
1758795030.7423842,target,3,-2.71000244140625,-1.4591959228515625,0.32074988997713927
1758795030.7423842,target,4,-2.0853798828125,1.437008056640625,0.5760957393752406
1758795030.7423842,target,5,3.0169072265625,-0.7182164916992188,-2.5553797649704233
1758795030.76266,herder,1,0.10803870391845703,2.81689892578125,-2.7600080083844056
1758795030.76266,herder,2,-0.5050191650390625,-2.349327392578125,2.9972218919482705
1758795030.76266,target,1,-0.7741924438476563,-2.073023193359375,-2.4457195797125575
1758795030.76266,target,2,-0.09848802185058594,2.639846435546875,-0.9698409773291751
1758795030.76266,target,3,-2.708415283203125,-1.4579573974609374,0.30683970026095103
1758795030.76266,target,4,-2.08571875,1.4370531005859375,0.5745122237910795
1758795030.76266,target,5,3.016882080078125,-0.7182188720703125,-2.5546761578104245
1758795030.7825086,herder,1,0.10786226654052734,2.81686962890625,-2.7582849431591243
1758795030.7825086,herder,2,-0.5049427490234375,-2.34890283203125,3.0077107519015476
1758795030.7825086,target,1,-0.7741319580078125,-2.073025146484375,-2.4452692391722253
1758795030.7825086,target,2,-0.09846810150146484,2.639780517578125,-0.9695174698357577
1758795030.7825086,target,3,-2.70820361328125,-1.457522216796875,0.30108470901383066
1758795030.7825086,target,4,-2.08619140625,1.4367938232421875,0.5765686502058114
1758795030.7825086,target,5,3.016875732421875,-0.7182307739257813,-2.5552548627152984
1758795030.802497,herder,1,0.1072424545288086,2.816668701171875,-2.753872351548972
1758795030.802497,herder,2,-0.5051149291992187,-2.34822119140625,3.0312363180229807
1758795030.802497,target,1,-0.7741931762695312,-2.07300439453125,-2.4463440909881813
1758795030.802497,target,2,-0.09864111328125,2.63935498046875,-0.969314603539721
1758795030.802497,target,3,-2.707940673828125,-1.4567762451171875,0.29460560426631777
1758795030.802497,target,4,-2.08625,1.43663671875,0.5772404991698111
1758795030.802497,target,5,3.016898681640625,-0.7182020263671876,-2.555996020446668
1758795030.822525,herder,1,0.10708271789550781,2.816652587890625,-2.7524779204022067
1758795030.822525,herder,2,-0.5051402587890625,-2.3482265625,3.0354084261866987
1758795030.822525,target,1,-0.7741615600585937,-2.073009765625,-2.44559813956685
1758795030.822525,target,2,-0.09862193298339844,2.63920703125,-0.9681929466676068
1758795030.822525,target,3,-2.7081962890625,-1.4570875244140624,0.29851542435217676
1758795030.822525,target,4,-2.0859375,1.436772705078125,0.5782477732731064
1758795030.822525,target,5,3.016887451171875,-0.7182457885742187,-2.5558522097478034
1758795030.8422558,herder,1,0.10664572906494141,2.816522216796875,-2.748931122462439
1758795030.8422558,herder,2,-0.505072265625,-2.34816748046875,3.0419193224197247
1758795030.8422558,target,1,-0.7741754150390625,-2.07299462890625,-2.445232487549182
1758795030.8422558,target,2,-0.09881033325195313,2.638838134765625,-0.9690640000811445
1758795030.8422558,target,3,-2.7079609375,-1.4573489990234374,0.3140585645802607
1758795030.8422558,target,4,-2.085250244140625,1.436177001953125,0.5949537162121462
1758795030.8422558,target,5,3.01688525390625,-0.7182291259765625,-2.5550141129527555
1758795030.8624837,herder,1,0.10634814453125,2.8165263671875,-2.7455140204677586
1758795030.8624837,herder,2,-0.5052981262207031,-2.348021240234375,3.042234374376681
1758795030.8624837,target,1,-0.7741732177734375,-2.073007080078125,-2.4453949403756767
1758795030.8624837,target,2,-0.09892401885986328,2.638602783203125,-0.9687315044190481
1758795030.8624837,target,3,-2.707951416015625,-1.457265625,0.3076244006761429
1758795030.8624837,target,4,-2.084989501953125,1.4352835693359376,0.6016873192913298
1758795030.8624837,target,5,3.016882568359375,-0.71821826171875,-2.555769651754011
1758795030.8823032,herder,1,0.10594881439208985,2.816461181640625,-2.7424255525515937
1758795030.8823032,herder,2,-0.5053011474609375,-2.347845458984375,3.041087084579075
1758795030.8823032,target,1,-0.7741852416992188,-2.07300341796875,-2.4455533984605364
1758795030.8823032,target,2,-0.09908210754394531,2.638380615234375,-0.9680973391844729
1758795030.8823032,target,3,-2.707816162109375,-1.457318115234375,0.3184978210908274
1758795030.8823032,target,4,-2.085155029296875,1.435521484375,0.602206835440977
1758795030.8823032,target,5,3.016867431640625,-0.7182146606445312,-2.5551778973597954
1758795030.9024932,herder,1,0.10568203735351563,2.81633447265625,-2.740042556008191
1758795030.9024932,herder,2,-0.5052620239257812,-2.348017333984375,3.0381805105653625
1758795030.9024932,target,1,-0.7741893310546875,-2.073019287109375,-2.4457997408613688
1758795030.9024932,target,2,-0.09922613525390625,2.6382578125,-0.9666998454024539
1758795030.9024932,target,3,-2.707510498046875,-1.4571959228515625,0.3180248103917157
1758795030.9024932,target,4,-2.085317626953125,1.4352852783203125,0.6070039209335094
1758795030.9024932,target,5,3.01685302734375,-0.7182313232421875,-2.5551462057428234
1758795030.9227858,herder,1,0.10543155670166016,2.8162880859375,-2.7378755418291933
1758795030.9227858,herder,2,-0.5053516540527344,-2.348306640625,3.0324680300271423
1758795030.9227858,target,1,-0.7742005004882813,-2.07301416015625,-2.4457113239131782
1758795030.9227858,target,2,-0.09940621948242187,2.637996337890625,-0.9653928990974975
1758795030.9227858,target,3,-2.707359619140625,-1.4561156005859375,0.2924626916951855
1758795030.9227858,target,4,-2.085353759765625,1.434889404296875,0.6074406793522824
1758795030.9227858,target,5,3.016872314453125,-0.7182317504882813,-2.5550420761442014
1758795030.9423134,herder,1,0.10505810546875,2.8161796875,-2.7353644472373575
1758795030.9423134,herder,2,-0.5056687316894531,-2.348824462890625,3.022481708571563
1758795030.9423134,target,1,-0.7741875610351563,-2.0729892578125,-2.4453177087040645
1758795030.9423134,target,2,-0.09965921020507812,2.637693115234375,-0.9659827226999228
1758795030.9423134,target,3,-2.706724853515625,-1.4551768798828124,0.2767701481299481
1758795030.9423134,target,4,-2.085310302734375,1.435483642578125,0.598269418348322
1758795030.9423134,target,5,3.016863037109375,-0.7182451171875,-2.554665238849955
1758795030.9624608,herder,1,0.10452450561523438,2.816007568359375,-2.7328901042685647
1758795030.9624608,herder,2,-0.5058514099121094,-2.349132080078125,3.0093115780327944
1758795030.9624608,target,1,-0.7741819458007813,-2.073005615234375,-2.4455464742417026
1758795030.9624608,target,2,-0.10007209777832031,2.637233154296875,-0.9631279471694124
1758795030.9624608,target,3,-2.70679052734375,-1.4546409912109375,0.27337551655696496
1758795030.9624608,target,4,-2.0850537109375,1.43594091796875,0.594576612601791
1758795030.9624608,target,5,3.01685400390625,-0.718228515625,-2.554871101202218
1758795030.9824133,herder,1,0.10359029388427735,2.815550048828125,-2.7317433471031767
1758795030.9824133,herder,2,-0.505675537109375,-2.349391845703125,2.9927166223321837
1758795030.9824133,target,1,-0.7741902465820313,-2.073002685546875,-2.4456143848494993
1758795030.9824133,target,2,-0.10063758087158203,2.636603515625,-0.9619078864950198
1758795030.9824133,target,3,-2.706505615234375,-1.454923828125,0.2774869212925861
1758795030.9824133,target,4,-2.08501806640625,1.4354749755859375,0.6025177594982437
1758795030.9824133,target,5,3.016859130859375,-0.7182188110351563,-2.5553581933655938
1758795031.0027375,herder,1,0.10245685577392578,2.814793701171875,-2.7324456226826306
1758795031.0027375,herder,2,-0.5055751037597657,-2.349734619140625,2.9721532902912458
1758795031.0027375,target,1,-0.7741715087890625,-2.07301953125,-2.4459504757790675
1758795031.0027375,target,2,-0.10097746276855468,2.6362587890625,-0.9600511971620438
1758795031.0027375,target,3,-2.70662890625,-1.456485595703125,0.304398946411407
1758795031.0027375,target,4,-2.08464892578125,1.4351029052734374,0.6112249646822578
1758795031.0027375,target,5,3.016866455078125,-0.7182267456054687,-2.5549198370501665
1758795031.0225015,herder,1,0.10227599334716797,2.8144384765625,-2.734034198272863
1758795031.0225015,herder,2,-0.5056609802246094,-2.350182861328125,2.949545183165345
1758795031.0225015,target,1,-0.7741740112304687,-2.073014892578125,-2.446232770854616
1758795031.0225015,target,2,-0.10137971496582031,2.6359873046875,-0.9601641151922632
1758795031.0225015,target,3,-2.70642822265625,-1.45768603515625,0.32189285213797403
1758795031.0225015,target,4,-2.0841884765625,1.4354754638671876,0.6094547615056821
1758795031.0225015,target,5,3.016869873046875,-0.7182110595703125,-2.555133156253482
1758795031.0423474,herder,1,0.10234761810302734,2.81416552734375,-2.736020916446062
1758795031.0423474,herder,2,-0.5056423645019531,-2.350905029296875,2.92669392943192
1758795031.0423474,target,1,-0.7742135620117188,-2.072973876953125,-2.445397337220658
1758795031.0423474,target,2,-0.10169807434082032,2.635746337890625,-0.9598977990832552
1758795031.0423474,target,3,-2.7069267578125,-1.457543212890625,0.3004857307951582
1758795031.0423474,target,4,-2.084081298828125,1.435548583984375,0.6088086786252289
1758795031.0423474,target,5,3.01687109375,-0.7182161254882813,-2.555536625158629
1758795031.062364,herder,1,0.10200018310546875,2.814023193359375,-2.738167424284666
1758795031.062364,herder,2,-0.5058365478515625,-2.351576416015625,2.9045169880865034
1758795031.062364,target,1,-0.7741968383789063,-2.07298486328125,-2.4456756375545714
1758795031.062364,target,2,-0.10171458435058593,2.63590673828125,-0.9578455005682129
1758795031.062364,target,3,-2.70734521484375,-1.4572191162109376,0.29216631515537334
1758795031.062364,target,4,-2.084378662109375,1.4353243408203125,0.6078457461540835
1758795031.062364,target,5,3.01686669921875,-0.7182190551757812,-2.555440485043277
1758795031.0825024,herder,1,0.10200848388671875,2.814058349609375,-2.7403639995517635
1758795031.0825024,herder,2,-0.5063472290039063,-2.35195458984375,2.8836063798394194
1758795031.0825024,target,1,-0.7741981811523437,-2.07304296875,-2.4453190402846094
1758795031.0825024,target,2,-0.10186100769042969,2.63599462890625,-0.9567276387006521
1758795031.0825024,target,3,-2.708074951171875,-1.4568172607421874,0.30296030679054625
1758795031.0825024,target,4,-2.084417724609375,1.435027099609375,0.6111689717203389
1758795031.0825024,target,5,3.016856689453125,-0.7182552490234375,-2.5545419344914846
1758795031.1023555,herder,1,0.10214881896972657,2.814180908203125,-2.742651122295923
1758795031.1023555,herder,2,-0.5063047790527344,-2.352278564453125,2.863740796004082
1758795031.1023555,target,1,-0.7742178955078125,-2.07302197265625,-2.4457810987337383
1758795031.1023555,target,2,-0.10198362731933594,2.636085205078125,-0.9557131740624137
1758795031.1023555,target,3,-2.707379638671875,-1.4563316650390625,0.2957523614317059
1758795031.1023555,target,4,-2.08451708984375,1.4349437255859374,0.6099728129167298
1758795031.1023555,target,5,3.01688330078125,-0.7182235107421875,-2.5554306313472437
1758795031.1224048,herder,1,0.10203584289550781,2.8140400390625,-2.7453094896960404
1758795031.1224048,herder,2,-0.5064053649902344,-2.352672119140625,2.844574558271
1758795031.1224048,target,1,-0.7741963500976563,-2.072993408203125,-2.4449328819265483
1758795031.1224048,target,2,-0.10201830291748047,2.63623681640625,-0.9552287450601283
1758795031.1224048,target,3,-2.706787841796875,-1.4549637451171875,0.27045592634342475
1758795031.1224048,target,4,-2.084207763671875,1.435405029296875,0.6077284339080655
1758795031.1224048,target,5,3.0168779296875,-0.7182164306640625,-2.555277499584564
1758795031.142373,herder,1,0.10179511260986328,2.813847900390625,-2.7475401534250907
1758795031.142373,herder,2,-0.5070256652832031,-2.353062255859375,2.825422168975586
1758795031.142373,target,1,-0.7741884155273437,-2.072989501953125,-2.4451376790143753
1758795031.142373,target,2,-0.1021957015991211,2.63629541015625,-0.9530906927579855
1758795031.142373,target,3,-2.706664794921875,-1.453393798828125,0.236482329857177
1758795031.142373,target,4,-2.083614990234375,1.43534033203125,0.6157754414578489
1758795031.142373,target,5,3.016906982421875,-0.7182802124023437,-2.5565472947923142
1758795031.1624873,herder,1,0.10146769714355469,2.813602783203125,-2.7495905211483427
1758795031.1624873,herder,2,-0.5076969604492187,-2.353697265625,2.8066737812175373
1758795031.1624873,target,1,-0.7741932373046875,-2.072985107421875,-2.4452700381205523
1758795031.1624873,target,2,-0.10221388244628907,2.636343505859375,-0.9526221761432133
1758795031.1624873,target,3,-2.70766015625,-1.451088623046875,0.1941190102783662
1758795031.1624873,target,4,-2.08358642578125,1.4342451171875,0.6285018227799833
1758795031.1624873,target,5,3.016896728515625,-0.7182719116210937,-2.556476454707318
1758795031.182379,herder,1,0.10116558837890625,2.813440185546875,-2.7517098647438276
1758795031.182379,herder,2,-0.5074002075195313,-2.354452880859375,2.7886689480358386
1758795031.182379,target,1,-0.7741983032226563,-2.07299462890625,-2.4457491408006575
1758795031.182379,target,2,-0.10229070281982422,2.636337646484375,-0.9518434678404741
1758795031.182379,target,3,-2.70768896484375,-1.4486251220703126,0.15617665462238467
1758795031.182379,target,4,-2.083616943359375,1.4333582763671875,0.6426685081986598
1758795031.182379,target,5,3.01688623046875,-0.7182944946289063,-2.555880439255358
1758795031.202428,herder,1,0.10091979217529297,2.81333447265625,-2.7545866113533313
1758795031.202428,herder,2,-0.5069485168457031,-2.355144775390625,2.7715157937707473
1758795031.202428,target,1,-0.7741593627929687,-2.073012939453125,-2.4463957563133287
1758795031.202428,target,2,-0.10271446228027344,2.63603173828125,-0.9505993721372435
1758795031.202428,target,3,-2.70814013671875,-1.4480057373046875,0.15456762262602924
1758795031.202428,target,4,-2.083606689453125,1.43324853515625,0.6420918672436304
1758795031.202428,target,5,3.016886474609375,-0.7183073120117187,-2.5556522063499383
1758795031.222373,herder,1,0.10033387756347656,2.813048828125,-2.7557994149137537
1758795031.222373,herder,2,-0.5073057250976563,-2.354955322265625,2.7555333651208547
1758795031.222373,target,1,-0.774174560546875,-2.073006103515625,-2.4462972193529957
1758795031.222373,target,2,-0.10350623321533203,2.635740966796875,-0.9479848803160855
1758795031.222373,target,3,-2.7082275390625,-1.4487559814453126,0.17349262789862074
1758795031.222373,target,4,-2.08408740234375,1.4335447998046875,0.6297770108889406
1758795031.222373,target,5,3.0168818359375,-0.7183023681640625,-2.5554511376876374
1758795031.2422953,herder,1,0.09905772399902343,2.812655517578125,-2.7566063527240474
1758795031.2422953,herder,2,-0.5073351745605469,-2.355208251953125,2.7426862760223125
1758795031.2422953,target,1,-0.7741901245117188,-2.07299658203125,-2.4453051918469413
1758795031.2422953,target,2,-0.10443549346923828,2.6353857421875,-0.9457261202375349
1758795031.2422953,target,3,-2.7083154296875,-1.4497034912109374,0.1834880706809334
1758795031.2422953,target,4,-2.08496484375,1.43308349609375,0.6313415514503349
1758795031.2422953,target,5,3.01691064453125,-0.7182735595703125,-2.556150217473783
1758795031.2624018,herder,1,0.09788509368896485,2.81199609375,-2.757419415804849
1758795031.2624018,herder,2,-0.5068957214355468,-2.355555908203125,2.7346200937126803
1758795031.2624018,target,1,-0.7741903686523437,-2.07298681640625,-2.445161381148077
1758795031.2624018,target,2,-0.10498388671875,2.634788330078125,-0.9457414999928301
1758795031.2624018,target,3,-2.708533447265625,-1.4502547607421874,0.1858599318820284
1758795031.2624018,target,4,-2.085200439453125,1.43234423828125,0.6462859464863417
1758795031.2624018,target,5,3.016874755859375,-0.7182481689453125,-2.5559608667202784
1758795031.2825997,herder,1,0.0975374526977539,2.81172998046875,-2.756424192505486
1758795031.2825997,herder,2,-0.5072257080078125,-2.355608154296875,2.731202192769673
1758795031.2825997,target,1,-0.7741486206054687,-2.072997314453125,-2.4456063953662293
1758795031.2825997,target,2,-0.10576712799072266,2.6342333984375,-0.9447217090324115
1758795031.2825997,target,3,-2.70848486328125,-1.4504954833984376,0.1941152984975969
1758795031.2825997,target,4,-2.084885986328125,1.43218115234375,0.6482040882614714
1758795031.2825997,target,5,3.016887451171875,-0.7182495727539062,-2.556372058792587
1758795031.3025634,herder,1,0.09718721771240234,2.811650634765625,-2.7540308096338317
1758795031.3025634,herder,2,-0.5073900756835937,-2.355784423828125,2.7301558367773806
1758795031.3025634,target,1,-0.7742008056640625,-2.07298779296875,-2.445740618685169
1758795031.3025634,target,2,-0.1064865951538086,2.633512451171875,-0.9477191634183229
1758795031.3025634,target,3,-2.708554931640625,-1.4503289794921874,0.19707928027755742
1758795031.3025634,target,4,-2.08467578125,1.432295654296875,0.6420360074397661
1758795031.3025634,target,5,3.01689208984375,-0.71827734375,-2.5563014850237
1758795031.32282,herder,1,0.09649790191650391,2.81149169921875,-2.752020389326931
1758795031.32282,herder,2,-0.50745703125,-2.355739990234375,2.7298634216896898
1758795031.32282,target,1,-0.7742093505859375,-2.072964599609375,-2.4457528692261836
1758795031.32282,target,2,-0.10681615447998047,2.633360595703125,-0.9501552900254729
1758795031.32282,target,3,-2.708720703125,-1.4494271240234375,0.16954166197392007
1758795031.32282,target,4,-2.084703125,1.432880126953125,0.6345427376596373
1758795031.32282,target,5,3.0168828125,-0.7182623901367188,-2.556379515643639
1758795031.3423963,herder,1,0.09577416229248047,2.811337646484375,-2.7513229074374395
1758795031.3423963,herder,2,-0.5074879760742188,-2.355733642578125,2.732323117272487
1758795031.3423963,target,1,-0.7741954956054687,-2.072979248046875,-2.445932099967546
1758795031.3423963,target,2,-0.10719103240966797,2.63317431640625,-0.9469350622143763
1758795031.3423963,target,3,-2.708578857421875,-1.448072021484375,0.1381624171530866
1758795031.3423963,target,4,-2.08521728515625,1.4336708984375,0.6219690220469917
1758795031.3423963,target,5,3.016859130859375,-0.7182694702148438,-2.5555123903927095
1758795031.3625405,herder,1,0.0950848388671875,2.81119775390625,-2.750001713220651
1758795031.3625405,herder,2,-0.5069276123046875,-2.35558984375,2.7373532959394287
1758795031.3625405,target,1,-0.7741759643554688,-2.072994384765625,-2.44601678849021
1758795031.3625405,target,2,-0.10767407989501954,2.63273828125,-0.9446709758136455
1758795031.3625405,target,3,-2.709205322265625,-1.4462647705078124,0.1211575094145502
1758795031.3625405,target,4,-2.085705078125,1.43373046875,0.616937245483396
1758795031.3625405,target,5,3.0168544921875,-0.7182697143554687,-2.5548782917371615
1758795031.3828282,herder,1,0.09451283264160157,2.8110498046875,-2.749564155853551
1758795031.3828282,herder,2,-0.5062508544921875,-2.355400146484375,2.7483577438797453
1758795031.3828282,target,1,-0.774177978515625,-2.07298193359375,-2.44556058899548
1758795031.3828282,target,2,-0.10807696533203125,2.632451171875,-0.9450842984148258
1758795031.3828282,target,3,-2.709524169921875,-1.446015380859375,0.1265476392699513
1758795031.3828282,target,4,-2.085808349609375,1.4330328369140626,0.6323930340277254
1758795031.3828282,target,5,3.0168642578125,-0.718254638671875,-2.555235155323232
1758795031.402624,herder,1,0.09419210052490234,2.810812744140625,-2.74946242309991
1758795031.402624,herder,2,-0.5058410034179688,-2.35513623046875,2.7634307030173755
1758795031.402624,target,1,-0.7741959838867187,-2.072993896484375,-2.4452942728864717
1758795031.402624,target,2,-0.10854290771484375,2.63211962890625,-0.9450581328571157
1758795031.402624,target,3,-2.709194580078125,-1.4463980712890625,0.13553669844345823
1758795031.402624,target,4,-2.085132568359375,1.4327427978515626,0.6412855286445817
1758795031.402624,target,5,3.01688330078125,-0.7182451782226562,-2.5553909502470016
1758795031.4223752,herder,1,0.09383688354492188,2.810475830078125,-2.749297040796216
1758795031.4223752,herder,2,-0.5054699401855469,-2.355080322265625,2.7810408557255246
1758795031.4223752,target,1,-0.774189208984375,-2.0729970703125,-2.4454524646552227
1758795031.4223752,target,2,-0.1089736099243164,2.631794677734375,-0.9451303711016841
1758795031.4223752,target,3,-2.70884814453125,-1.4466419677734375,0.12978229808520472
1758795031.4223752,target,4,-2.085061767578125,1.43299658203125,0.6343057163226202
1758795031.4223752,target,5,3.0168564453125,-0.7182395629882813,-2.555132623621264
1758795031.4423833,herder,1,0.09336962127685547,2.81027099609375,-2.748732716961228
1758795031.4423833,herder,2,-0.5049993286132812,-2.354603759765625,2.8023061970298073
1758795031.4423833,target,1,-0.7741880493164063,-2.072966064453125,-2.445521706843565
1758795031.4423833,target,2,-0.10929273986816407,2.631519775390625,-0.9450852971002346
1758795031.4423833,target,3,-2.709098388671875,-1.4472467041015624,0.14316137025624712
1758795031.4423833,target,4,-2.085375244140625,1.433644775390625,0.6186428670035372
1758795031.4423833,target,5,3.016864990234375,-0.7182116088867188,-2.55546392086087
1758795031.4627075,herder,1,0.09302206420898437,2.8102373046875,-2.7487713327970345
1758795031.4627075,herder,2,-0.505176513671875,-2.353803466796875,2.827438181920776
1758795031.4627075,target,1,-0.7741874389648438,-2.07299365234375,-2.445465247828455
1758795031.4627075,target,2,-0.10955701446533203,2.631168212890625,-0.942665948407952
1758795031.4627075,target,3,-2.709460693359375,-1.44824169921875,0.1713935243274203
1758795031.4627075,target,4,-2.08567529296875,1.4341273193359374,0.6164319106665535
1758795031.4627075,target,5,3.016888427734375,-0.7182261352539062,-2.5554804324596283
1758795031.4824317,herder,1,0.09239197540283203,2.809942138671875,-2.7500536448619077
1758795031.4824317,herder,2,-0.5049832763671875,-2.352659912109375,2.8543651373864583
1758795031.4824317,target,1,-0.7741995239257813,-2.07300341796875,-2.4448162354708027
1758795031.4824317,target,2,-0.1098498306274414,2.630747314453125,-0.9411645913434199
1758795031.4824317,target,3,-2.709500244140625,-1.450324951171875,0.20261635836848205
1758795031.4824317,target,4,-2.08568798828125,1.433498046875,0.6297686219315067
1758795031.4824317,target,5,3.01686669921875,-0.7182267456054687,-2.5549099833541336
1758795031.5023143,herder,1,0.09200087738037109,2.809669677734375,-2.750634746611763
1758795031.5023143,herder,2,-0.5048153686523438,-2.352210205078125,2.867599716423607
1758795031.5023143,target,1,-0.7742083740234375,-2.07300439453125,-2.4457440807945865
1758795031.5023143,target,2,-0.11008732604980469,2.630602294921875,-0.9399513883088343
1758795031.5023143,target,3,-2.709377685546875,-1.45122314453125,0.21664445954193354
1758795031.5023143,target,4,-2.085485107421875,1.433400146484375,0.6314015391538889
1758795031.5023143,target,5,3.0168671875,-0.71823876953125,-2.554605317725428
1758795031.5224624,herder,1,0.09122486877441406,2.809203369140625,-2.750868572155472
1758795031.5224624,herder,2,-0.5043308715820313,-2.351961669921875,2.893552753878647
1758795031.5224624,target,1,-0.7742153930664063,-2.072981201171875,-2.445260184424519
1758795031.5224624,target,2,-0.11067967224121093,2.630280029296875,-0.9399228924851705
1758795031.5224624,target,3,-2.709099609375,-1.4524898681640626,0.23471312536601008
1758795031.5224624,target,4,-2.08568310546875,1.4338839111328125,0.618634611204158
1758795031.5224624,target,5,3.01687890625,-0.71820947265625,-2.5552431448065023
1758795031.5423522,herder,1,0.09030448913574218,2.8086513671875,-2.7508264942102487
1758795031.5423522,herder,2,-0.50433642578125,-2.351256591796875,2.9300923892989705
1758795031.5423522,target,1,-0.7742178344726562,-2.072974365234375,-2.445470307834526
1758795031.5423522,target,2,-0.11177418518066407,2.629740478515625,-0.9383878464328488
1758795031.5423522,target,3,-2.708812744140625,-1.4530068359375,0.25566519570231544
1758795031.5423522,target,4,-2.085831298828125,1.43444580078125,0.6062067036611942
1758795031.5423522,target,5,3.016879638671875,-0.7182245483398437,-2.555271640630166
1758795031.5623507,herder,1,0.08996726226806641,2.808558349609375,-2.750166296576018
1758795031.5623507,herder,2,-0.504096435546875,-2.350777587890625,2.953343916144234
1758795031.5623507,target,1,-0.7742374877929687,-2.072991943359375,-2.445794414539189
1758795031.5623507,target,2,-0.11253660583496093,2.629207763671875,-0.9382094812188407
1758795031.5623507,target,3,-2.7075791015625,-1.4529544677734374,0.2585334368410876
1758795031.5623507,target,4,-2.086487548828125,1.433700439453125,0.6196258397618855
1758795031.5623507,target,5,3.016877685546875,-0.7182427978515625,-2.5553528670434136
1758795031.5823016,herder,1,0.08944263458251953,2.8083095703125,-2.7499793426674946
1758795031.5823016,herder,2,-0.5038768920898438,-2.349994384765625,2.9750939527669114
1758795031.5823016,target,1,-0.7741806640625,-2.073007568359375,-2.4459877600343285
1758795031.5823016,target,2,-0.11324346160888672,2.628810546875,-0.9364711693963187
1758795031.5823016,target,3,-2.706498291015625,-1.4526639404296875,0.2571647051988413
1758795031.5823016,target,4,-2.086251708984375,1.4329560546875,0.6335871288814896
1758795031.5823016,target,5,3.016883056640625,-0.7182344970703125,-2.5547203662845197
1758795031.6023905,herder,1,0.08856355285644531,2.8079501953125,-2.749804372983876
1758795031.6023905,herder,2,-0.5036381225585937,-2.34949658203125,2.995116663106563
1758795031.6023905,target,1,-0.7741859741210938,-2.073001220703125,-2.4457270365636097
1758795031.6023905,target,2,-0.11377024841308593,2.628435302734375,-0.9363788242855202
1758795031.6023905,target,3,-2.706373779296875,-1.452200927734375,0.2546844866308937
1758795031.6023905,target,4,-2.08575244140625,1.4321953125,0.643876052015929
1758795031.6023905,target,5,3.016882568359375,-0.7182188720703125,-2.5547826842540275
1758795031.6226263,herder,1,0.08789549255371094,2.807670166015625,-2.749287453416292
1758795031.6226263,herder,2,-0.5035120849609375,-2.348982421875,3.0126823410245076
1758795031.6226263,target,1,-0.7741625366210938,-2.073012939453125,-2.4453443403149655
1758795031.6226263,target,2,-0.11419241333007812,2.6279189453125,-0.9351479778087128
1758795031.6226263,target,3,-2.707359375,-1.4520426025390625,0.23970130931151257
1758795031.6226263,target,4,-2.085321044921875,1.4316510009765624,0.6564618184325073
1758795031.6226263,target,5,3.016878662109375,-0.7182092895507812,-2.5553533996756315
1758795031.6424155,herder,1,0.08741577911376953,2.80736669921875,-2.7492448428388503
1758795031.6424155,herder,2,-0.5038871765136719,-2.34884716796875,3.026174980371285
1758795031.6424155,target,1,-0.7742091674804688,-2.072994384765625,-2.44515525587757
1758795031.6424155,target,2,-0.11459645080566407,2.627652099609375,-0.9362507928161147
1758795031.6424155,target,3,-2.70751611328125,-1.45108251953125,0.2212151929865661
1758795031.6424155,target,4,-2.084697265625,1.430985595703125,0.6713881705521288
1758795031.6424155,target,5,3.016874267578125,-0.71820166015625,-2.5549419412872143
1758795031.662571,herder,1,0.08698043060302735,2.80710595703125,-2.7489827877875865
1758795031.662571,herder,2,-0.5044009094238281,-2.348663818359375,3.0342930943221735
1758795031.662571,target,1,-0.77418310546875,-2.072995361328125,-2.4451371463821574
1758795031.662571,target,2,-0.11494036102294922,2.627494140625,-0.9363880787703083
1758795031.662571,target,3,-2.70723974609375,-1.4511805419921875,0.23086301002283935
1758795031.662571,target,4,-2.083874755859375,1.4303826904296875,0.6867277121148763
1758795031.662571,target,5,3.01685986328125,-0.7182117919921875,-2.55553369568143
1758795031.6826994,herder,1,0.08673343658447266,2.806989013671875,-2.7488725329184573
1758795031.6826994,herder,2,-0.5045212097167969,-2.348622802734375,3.0378481480613204
1758795031.6826994,target,1,-0.7742088012695313,-2.072978759765625,-2.445066039981052
1758795031.6826994,target,2,-0.1154759521484375,2.627115966796875,-0.9361998598602669
1758795031.6826994,target,3,-2.706707763671875,-1.452006591796875,0.2540406507926103
1758795031.6826994,target,4,-2.0831865234375,1.429860107421875,0.6998718768330169
1758795031.6826994,target,5,3.016850830078125,-0.7182249755859375,-2.5548103811293643
1758795031.7025356,herder,1,0.08651038360595703,2.8068623046875,-2.749131658492522
1758795031.7025356,herder,2,-0.5045284729003906,-2.348548095703125,3.0381986200607747
1758795031.7025356,target,1,-0.7742081298828125,-2.072987548828125,-2.4457954798036248
1758795031.7025356,target,2,-0.11582612609863281,2.626893310546875,-0.9357028474218309
1758795031.7025356,target,3,-2.70647412109375,-1.4528272705078125,0.2713188904051513
1758795031.7025356,target,4,-2.083001220703125,1.4296214599609376,0.7040221470757964
1758795031.7025356,target,5,3.01689501953125,-0.7181614990234375,-2.5559992162399756
1758795031.7223573,herder,1,0.08537232208251953,2.806179931640625,-2.750650991894412
1758795031.7223573,herder,2,-0.5048683166503907,-2.348275390625,3.0367637088654402
1758795031.7223573,target,1,-0.7741712036132813,-2.073004638671875,-2.4450175704492128
1758795031.7223573,target,2,-0.11716216278076172,2.62604443359375,-0.9271074950036001
1758795031.7223573,target,3,-2.70568603515625,-1.455776611328125,0.3094706038123267
1758795031.7223573,target,4,-2.082752197265625,1.4293514404296874,0.7122883327832933
1758795031.7223573,target,5,3.0168828125,-0.718222900390625,-2.555863128708273
1758795031.742583,herder,1,0.08466587829589843,2.805802001953125,-2.7531176116960436
1758795031.742583,herder,2,-0.5048531188964843,-2.34846533203125,3.0336384893262323
1758795031.742583,target,1,-0.77419677734375,-2.0729833984375,-2.4457536681745107
1758795031.742583,target,2,-0.11789352416992188,2.62539111328125,-0.9232140866479588
1758795031.742583,target,3,-2.70551025390625,-1.4560927734375,0.31283823758975915
1758795031.742583,target,4,-2.082364501953125,1.429367919921875,0.7153787314912485
1758795031.742583,target,5,3.016895751953125,-0.7182184448242187,-2.5558253118207936
1758795031.762629,herder,1,0.08370879364013672,2.805328369140625,-2.7548260295353297
1758795031.762629,herder,2,-0.5044567260742188,-2.3488330078125,3.0279904572863923
1758795031.762629,target,1,-0.7741930541992188,-2.073002685546875,-2.445892685183413
1758795031.762629,target,2,-0.11878543090820312,2.625120849609375,-0.9184437659243816
1758795031.762629,target,3,-2.705108642578125,-1.4560816650390624,0.31721214678507803
1758795031.762629,target,4,-2.08229150390625,1.4295584716796874,0.7106466937083412
1758795031.762629,target,5,3.016879638671875,-0.7182005004882812,-2.55530013645383
1758795031.7824805,herder,1,0.0828311538696289,2.8050859375,-2.7558241823118914
1758795031.7824805,herder,2,-0.5039885559082031,-2.349248779296875,3.018379108912296
1758795031.7824805,target,1,-0.7741961059570313,-2.072990234375,-2.445337416096131
1758795031.7824805,target,2,-0.11960878753662109,2.624604736328125,-0.9165278878361786
1758795031.7824805,target,3,-2.7043994140625,-1.456701904296875,0.3386342151195119
1758795031.7824805,target,4,-2.08256005859375,1.4303382568359375,0.698070181776551
1758795031.7824805,target,5,3.016889404296875,-0.7182076416015625,-2.555964328829696
1758795031.8025124,herder,1,0.0821856460571289,2.804755859375,-2.756131511101686
1758795031.8025124,herder,2,-0.5037406311035156,-2.349627197265625,3.0045562375903487
1758795031.8025124,target,1,-0.7741781005859375,-2.072993896484375,-2.445456992029076
1758795031.8025124,target,2,-0.12028055572509766,2.624185791015625,-0.9151097545557114
1758795031.8025124,target,3,-2.70400048828125,-1.45828173828125,0.3657735243926143
1758795031.8025124,target,4,-2.083283935546875,1.4306365966796875,0.6918038303106218
1758795031.8025124,target,5,3.016890869140625,-0.7181982421875,-2.5563907009202174
1758795031.822335,herder,1,0.08153501892089844,2.804489990234375,-2.7566327180188392
1758795031.822335,herder,2,-0.5038177795410156,-2.34983251953125,2.987518930832676
1758795031.822335,target,1,-0.7741993408203125,-2.073010009765625,-2.44512569478947
1758795031.822335,target,2,-0.12097996520996093,2.62358984375,-0.9121899313155758
1758795031.822335,target,3,-2.703780029296875,-1.4593900146484375,0.3736148027481891
1758795031.822335,target,4,-2.0835859375,1.430699951171875,0.6851131041249885
1758795031.822335,target,5,3.0168759765625,-0.7181942749023438,-2.555838094994026
1758795031.8428292,herder,1,0.08112106323242188,2.804189208984375,-2.7563163344813377
1758795031.8428292,herder,2,-0.5040639953613282,-2.350200439453125,2.9671745106333427
1758795031.8428292,target,1,-0.7741553955078125,-2.073005859375,-2.4459478126179772
1758795031.8428292,target,2,-0.12154342651367188,2.623133544921875,-0.9095687815916925
1758795031.8428292,target,3,-2.703549072265625,-1.4595421142578124,0.387657551307636
1758795031.8428292,target,4,-2.08403564453125,1.4312086181640624,0.6709954874493966
1758795031.8428292,target,5,3.0168974609375,-0.7181851196289063,-2.5553462091406884
1758795031.8625858,herder,1,0.08095814514160156,2.8042001953125,-2.7565448337028666
1758795031.8625858,herder,2,-0.5045440063476563,-2.35085888671875,2.94453471189047
1758795031.8625858,target,1,-0.774171875,-2.072995361328125,-2.4457049323265623
1758795031.8625858,target,2,-0.12178997039794921,2.623134521484375,-0.9093724400403265
1758795031.8625858,target,3,-2.703076904296875,-1.4595638427734374,0.4004244126783396
1758795031.8625858,target,4,-2.08469873046875,1.4322386474609374,0.6544694410419917
1758795031.8625858,target,5,3.0169228515625,-0.7182332153320312,-2.556433844129877
1758795031.8827536,herder,1,0.08073821258544922,2.80406005859375,-2.7560356373024435
1758795031.8827536,herder,2,-0.5045506896972656,-2.35141748046875,2.923084813522645
1758795031.8827536,target,1,-0.7741270141601563,-2.073025146484375,-2.4465893681245774
1758795031.8827536,target,2,-0.12213469696044922,2.622921630859375,-0.9075480415355677
1758795031.8827536,target,3,-2.703764892578125,-1.459761474609375,0.38415016815200165
1758795031.8827536,target,4,-2.08496923828125,1.433155029296875,0.6405447703873761
1758795031.8827536,target,5,3.016901123046875,-0.7182545166015625,-2.5556878927085456
1758795031.9023354,herder,1,0.08003449249267579,2.803946044921875,-2.7539855358953007
1758795031.9023354,herder,2,-0.5045453796386719,-2.352093505859375,2.9018405111909735
1758795031.9023354,target,1,-0.7741841430664063,-2.07298291015625,-2.4456790996639883
1758795031.9023354,target,2,-0.12266860961914063,2.622536376953125,-0.906486505525062
1758795031.9023354,target,3,-2.703810791015625,-1.459344970703125,0.3798750622331247
1758795031.9023354,target,4,-2.0846396484375,1.4337655029296874,0.6343101105384189
1758795031.9023354,target,5,3.01690087890625,-0.7182589111328125,-2.5559390287993398
1758795031.922312,herder,1,0.0795864715576172,2.803799072265625,-2.752787113404765
1758795031.922312,herder,2,-0.5050437316894532,-2.352155029296875,2.89146084084239
1758795031.922312,target,1,-0.7742042236328125,-2.072971435546875,-2.4449555187958136
1758795031.922312,target,2,-0.1230299072265625,2.62230224609375,-0.9056200460644048
1758795031.922312,target,3,-2.703740966796875,-1.459268310546875,0.38160541786189006
1758795031.922312,target,4,-2.084612548828125,1.4338201904296874,0.6327582199922025
1758795031.922312,target,5,3.016895751953125,-0.718255126953125,-2.556280446051088
1758795031.9423416,herder,1,0.07827168273925782,2.802998779296875,-2.7514917518505504
1758795031.9423416,herder,2,-0.5055708618164062,-2.3525078125,2.8610579275219363
1758795031.9423416,target,1,-0.7742039184570313,-2.0729833984375,-2.4455137173602943
1758795031.9423416,target,2,-0.12399899291992188,2.621557373046875,-0.9057428843696848
1758795031.9423416,target,3,-2.7040556640625,-1.4580853271484375,0.35792858419054063
1758795031.9423416,target,4,-2.084902099609375,1.4338697509765626,0.6296477144180171
1758795031.9423416,target,5,3.016904541015625,-0.7182740478515625,-2.5565931011630636
1758795031.9627562,herder,1,0.07779622650146484,2.80269921875,-2.7512009346595137
1758795031.9627562,herder,2,-0.5053403930664062,-2.35274609375,2.851466819172125
1758795031.9627562,target,1,-0.7741741943359375,-2.072992431640625,-2.4455214405274557
1758795031.9627562,target,2,-0.12438859558105468,2.621264892578125,-0.9038571665808268
1758795031.9627562,target,3,-2.704182373046875,-1.4574359130859376,0.33987325081667125
1758795031.9627562,target,4,-2.085160400390625,1.4340518798828126,0.6211224031364555
1758795031.9627562,target,5,3.016896728515625,-0.7182275390625,-2.556390434604108
1758795031.9826322,herder,1,0.07696019744873046,2.80227978515625,-2.7502200924300375
1758795031.9826322,herder,2,-0.5056355590820313,-2.353595703125,2.825319637273618
1758795031.9826322,target,1,-0.7741708374023437,-2.07301953125,-2.446174980258961
1758795031.9826322,target,2,-0.12511083984375,2.62062841796875,-0.9054352892637806
1758795031.9826322,target,3,-2.70318408203125,-1.45477880859375,0.30718344777865303
1758795031.9826322,target,4,-2.086302001953125,1.435043701171875,0.6014262629254747
1758795031.9826322,target,5,3.01688525390625,-0.7182587890625,-2.556441833613147
1758795032.0024784,herder,1,0.07661985778808594,2.802029296875,-2.74982754248536
1758795032.0024784,herder,2,-0.5067040405273437,-2.35384423828125,2.808280199987073
1758795032.0024784,target,1,-0.7741561279296875,-2.073005615234375,-2.446213596094767
1758795032.0024784,target,2,-0.1253929443359375,2.620279296875,-0.9054935459126261
1758795032.0024784,target,3,-2.70341552734375,-1.4537568359375,0.3006292418883999
1758795032.0024784,target,4,-2.086760009765625,1.4350966796875,0.5969829783837592
1758795032.0024784,target,5,3.016890380859375,-0.718260986328125,-2.5569347847309207
1758795032.0223572,herder,1,0.07596331024169922,2.801780517578125,-2.749238184936125
1758795032.0223572,herder,2,-0.5067017517089843,-2.354445556640625,2.792146503787264
1758795032.0223572,target,1,-0.7741586303710938,-2.073013916015625,-2.446023446392936
1758795032.0223572,target,2,-0.12585711669921876,2.6197802734375,-0.9047017881205455
1758795032.0223572,target,3,-2.70341943359375,-1.4538865966796874,0.2917473666263902
1758795032.0223572,target,4,-2.0868544921875,1.4350218505859376,0.5947488525452919
1758795032.0223572,target,5,3.0168876953125,-0.7182681884765625,-2.5561313090300435
1758795032.0424786,herder,1,0.07546063995361328,2.801466064453125,-2.7505564496757144
1758795032.0424786,herder,2,-0.5061801147460937,-2.35507958984375,2.7776096389770664
1758795032.0424786,target,1,-0.7741885375976563,-2.07297998046875,-2.4454482035974783
1758795032.0424786,target,2,-0.12631787872314454,2.619287841796875,-0.9043625679766967
1758795032.0424786,target,3,-2.702501953125,-1.4537520751953126,0.28695990180329567
1758795032.0424786,target,4,-2.087125244140625,1.4355096435546875,0.5810161292262437
1758795032.0424786,target,5,3.016891357421875,-0.7182576904296875,-2.5562740544644718
1758795032.062368,herder,1,0.07513502502441406,2.80105908203125,-2.751680037339619
1758795032.062368,herder,2,-0.5061870727539063,-2.355232421875,2.7644016915508183
1758795032.062368,target,1,-0.7741815185546875,-2.072995361328125,-2.445410653026108
1758795032.062368,target,2,-0.1269636459350586,2.6190126953125,-0.8980792388588182
1758795032.062368,target,3,-2.701573486328125,-1.4531802978515624,0.2910472215758084
1758795032.062368,target,4,-2.08778076171875,1.4364478759765624,0.5642912778434643
1758795032.062368,target,5,3.016900634765625,-0.7182716064453125,-2.5572429124690426
1758795032.0826645,herder,1,0.0745090103149414,2.8008037109375,-2.7527437038789966
1758795032.0826645,herder,2,-0.50639306640625,-2.355249267578125,2.752851295587036
1758795032.0826645,target,1,-0.7741907348632813,-2.07299169921875,-2.446068986447576
1758795032.0826645,target,2,-0.1281077880859375,2.618146240234375,-0.891519606777844
1758795032.0826645,target,3,-2.701758544921875,-1.4534931640625,0.290887132304781
1758795032.0826645,target,4,-2.088121826171875,1.436751953125,0.5603129812280767
1758795032.0826645,target,5,3.0168916015625,-0.7182587890625,-2.5567624782083924
1758795032.1024091,herder,1,0.07411585998535156,2.800599365234375,-2.7533144193006005
1758795032.1024091,herder,2,-0.5062512817382813,-2.35537646484375,2.7491700080122192
1758795032.1024091,target,1,-0.7741641235351563,-2.0730263671875,-2.4450468652212036
1758795032.1024091,target,2,-0.12862057495117188,2.617814208984375,-0.8917961094780215
1758795032.1024091,target,3,-2.7018154296875,-1.4535811767578124,0.2943278698541361
1758795032.1024091,target,4,-2.0880927734375,1.4364637451171876,0.5657778543639466
1758795032.1024091,target,5,3.01686083984375,-0.7182841796875,-2.555435957669424
1758795032.1224837,herder,1,0.07270723724365234,2.800055419921875,-2.7545229618032785
1758795032.1224837,herder,2,-0.5057407531738282,-2.355654052734375,2.7437278383246424
1758795032.1224837,target,1,-0.7742130737304688,-2.0729404296875,-2.4450319515190992
1758795032.1224837,target,2,-0.1296402587890625,2.6171923828125,-0.8882820018406347
1758795032.1224837,target,3,-2.70048095703125,-1.4536015625,0.30140368913339494
1758795032.1224837,target,4,-2.087587158203125,1.436365478515625,0.5726727784261617
1758795032.1224837,target,5,3.016888916015625,-0.71828125,-2.5560839047626405
1758795032.1424682,herder,1,0.0717319107055664,2.799626953125,-2.755411924975147
1758795032.1424682,herder,2,-0.505938232421875,-2.355808837890625,2.7438980143182983
1758795032.1424682,target,1,-0.7741654663085937,-2.072968505859375,-2.4451789580112715
1758795032.1424682,target,2,-0.13024150085449218,2.616844482421875,-0.885763783292883
1758795032.1424682,target,3,-2.698982177734375,-1.453127685546875,0.30327539203701626
1758795032.1424682,target,4,-2.086983642578125,1.4369998779296875,0.5658128749322812
1758795032.1424682,target,5,3.016896484375,-0.7182464599609375,-2.5567353139652735
1758795032.1626358,herder,1,0.07080622100830078,2.7991875,-2.756692905459475
1758795032.1626358,herder,2,-0.5059173278808594,-2.355810546875,2.745251166468168
1758795032.1626358,target,1,-0.7741707153320313,-2.072983642578125,-2.4449504587897426
1758795032.1626358,target,2,-0.13098085021972655,2.61640087890625,-0.8821392876283124
1758795032.1626358,target,3,-2.698240478515625,-1.45377001953125,0.32068054792025635
1758795032.1626358,target,4,-2.086691650390625,1.4376077880859375,0.5602201700640875
1758795032.1626358,target,5,3.0169033203125,-0.718232421875,-2.5573683473563853
1758795032.1824439,herder,1,0.07033406829833984,2.79883935546875,-2.757464156911162
1758795032.1824439,herder,2,-0.5059935607910157,-2.355662109375,2.7497947856039517
1758795032.1824439,target,1,-0.7742025756835937,-2.072969482421875,-2.445435686740355
1758795032.1824439,target,2,-0.13200274658203126,2.61583740234375,-0.8793853793240888
1758795032.1824439,target,3,-2.696896728515625,-1.4542044677734376,0.33792458255754665
1758795032.1824439,target,4,-2.086209716796875,1.438139892578125,0.5591686209076697
1758795032.1824439,target,5,3.016910400390625,-0.7182437744140625,-2.557285256730375
1758795032.2023108,herder,1,0.07021979522705078,2.79867333984375,-2.7576825361205484
1758795032.2023108,herder,2,-0.5057585754394531,-2.355284912109375,2.7595209162210304
1758795032.2023108,target,1,-0.7741893920898437,-2.072989990234375,-2.445999744259234
1758795032.2023108,target,2,-0.13286665344238283,2.615395751953125,-0.8775205007707607
1758795032.2023108,target,3,-2.695122802734375,-1.4542567138671876,0.3481412008683904
1758795032.2023108,target,4,-2.0856201171875,1.43825,0.5638153043776399
1758795032.2023108,target,5,3.016896728515625,-0.7182402954101562,-2.556142494306622
1758795032.2224607,herder,1,0.06982527160644532,2.798540771484375,-2.7575379264733573
1758795032.2224607,herder,2,-0.5051221618652344,-2.355101806640625,2.772444171726749
1758795032.2224607,target,1,-0.7741430053710937,-2.0730234375,-2.4453715045580844
1758795032.2224607,target,2,-0.1331630401611328,2.615179931640625,-0.8795329850275064
1758795032.2224607,target,3,-2.69262646484375,-1.45435302734375,0.36532867662203017
1758795032.2224607,target,4,-2.0848125,1.4387734375,0.5606959437928302
1758795032.2224607,target,5,3.0168955078125,-0.718240234375,-2.555736362240385
1758795032.2423165,herder,1,0.06945551300048829,2.7983759765625,-2.7572039660726615
1758795032.2423165,herder,2,-0.5048850402832031,-2.355043212890625,2.7795875687186684
1758795032.2423165,target,1,-0.77416015625,-2.0730205078125,-2.4450114451787055
1758795032.2423165,target,2,-0.13314747619628906,2.615116943359375,-0.8778750340908775
1758795032.2423165,target,3,-2.69175048828125,-1.4542733154296874,0.3717338453597797
1758795032.2423165,target,4,-2.08451025390625,1.439030029296875,0.5592752139303001
1758795032.2423165,target,5,3.016884765625,-0.7182548828125,-2.556218660713798
1758795032.2627647,herder,1,0.06854460144042969,2.798212890625,-2.75698958160491
1758795032.2627647,herder,2,-0.504501953125,-2.354629150390625,2.806535563156962
1758795032.2627647,target,1,-0.7742015991210938,-2.0729833984375,-2.4444007823407503
1758795032.2627647,target,2,-0.13304322814941405,2.61509326171875,-0.8783577986174816
1758795032.2627647,target,3,-2.690651123046875,-1.4537947998046874,0.35458924649969026
1758795032.2627647,target,4,-2.084724609375,1.4391571044921876,0.555249346599941
1758795032.2627647,target,5,3.01689013671875,-0.7182493286132813,-2.555207724764004
1758795032.2823913,herder,1,0.06825874328613281,2.798079345703125,-2.75647692309507
1758795032.2823913,herder,2,-0.5046992797851563,-2.3538662109375,2.829079754416701
1758795032.2823913,target,1,-0.7741734008789063,-2.07300634765625,-2.4450260925647007
1758795032.2823913,target,2,-0.1335516662597656,2.614481201171875,-0.8757734670956687
1758795032.2823913,target,3,-2.69069140625,-1.4528292236328124,0.33528578939144166
1758795032.2823913,target,4,-2.085284423828125,1.439510009765625,0.5422698318161945
1758795032.2823913,target,5,3.016873779296875,-0.71823291015625,-2.5555291683075767
1758795032.3022625,herder,1,0.06760968017578126,2.797625732421875,-2.75598556987395
1758795032.3022625,herder,2,-0.5048006896972657,-2.352795166015625,2.854285508869865
1758795032.3022625,target,1,-0.77415283203125,-2.073006591796875,-2.4455131847280764
1758795032.3022625,target,2,-0.13450909423828125,2.613835693359375,-0.8706145245900218
1758795032.3022625,target,3,-2.6907041015625,-1.4529373779296875,0.34972897751029564
1758795032.3022625,target,4,-2.08556982421875,1.43992236328125,0.5365920722406865
1758795032.3022625,target,5,3.016882568359375,-0.718274658203125,-2.5566562180808985
1758795032.3223152,herder,1,0.06702219390869141,2.7972041015625,-2.7553354922518616
1758795032.3223152,herder,2,-0.5039624328613281,-2.35204052734375,2.880205789443497
1758795032.3223152,target,1,-0.7741647338867188,-2.072989013671875,-2.4461819044777955
1758795032.3223152,target,2,-0.13534577941894532,2.612895751953125,-0.8719302593265754
1758795032.3223152,target,3,-2.690095703125,-1.4529462890625,0.35913815866814097
1758795032.3223152,target,4,-2.085642822265625,1.4396671142578126,0.5393593296398742
1758795032.3223152,target,5,3.0169033203125,-0.7182714233398437,-2.556580051673722
1758795032.3425958,herder,1,0.06648281860351563,2.79702197265625,-2.7552236394860783
1758795032.3425958,herder,2,-0.5036519470214844,-2.35166796875,2.9062626901810504
1758795032.3425958,target,1,-0.7741981811523437,-2.072973388671875,-2.4456761701867893
1758795032.3425958,target,2,-0.13569786071777343,2.6129189453125,-0.8725009081691522
1758795032.3425958,target,3,-2.690320556640625,-1.452581298828125,0.339921786927538
1758795032.3425958,target,4,-2.08568994140625,1.440040283203125,0.534446596377005
1758795032.3425958,target,5,3.016892333984375,-0.718267333984375,-2.5560154615226254
1758795032.36256,herder,1,0.06569699096679688,2.796747802734375,-2.7547610484047316
1758795032.36256,herder,2,-0.5042794494628906,-2.351224365234375,2.93118508429423
1758795032.36256,target,1,-0.7741838989257812,-2.072999267578125,-2.4456527343691965
1758795032.36256,target,2,-0.136058349609375,2.612553955078125,-0.8729670945179705
1758795032.36256,target,3,-2.690540283203125,-1.4515782470703125,0.32134750332575307
1758795032.36256,target,4,-2.086054443359375,1.4404908447265625,0.5213394495980165
1758795032.36256,target,5,3.016881103515625,-0.7182874755859375,-2.556648228597628
1758795032.382552,herder,1,0.06533804321289062,2.79667041015625,-2.754465970155951
1758795032.382552,herder,2,-0.5042499694824218,-2.35101806640625,2.943413521071547
1758795032.382552,target,1,-0.7741804809570313,-2.072995849609375,-2.4455459416094842
1758795032.382552,target,2,-0.13629048156738283,2.612458740234375,-0.872140981947828
1758795032.382552,target,3,-2.69088525390625,-1.451109619140625,0.3165337730764076
1758795032.382552,target,4,-2.0862412109375,1.4408331298828125,0.5184964918448433
1758795032.382552,target,5,3.01689208984375,-0.7182481079101563,-2.5562594070784765
1758795032.4022896,herder,1,0.06477841949462891,2.796609619140625,-2.7542129698523934
1758795032.4022896,herder,2,-0.5033201904296875,-2.350154052734375,2.9771075688671202
1758795032.4022896,target,1,-0.7741791381835937,-2.072976806640625,-2.444832747069561
1758795032.4022896,target,2,-0.13714129638671874,2.6119228515625,-0.8715092135582339
1758795032.4022896,target,3,-2.690572265625,-1.45034814453125,0.3086763160172106
1758795032.4022896,target,4,-2.08679833984375,1.43990478515625,0.532960352751659
1758795032.4022896,target,5,3.01686669921875,-0.718274169921875,-2.5560623331578105
1758795032.4224036,herder,1,0.06455960845947266,2.796510009765625,-2.754238269882749
1758795032.4224036,herder,2,-0.5037138366699219,-2.3498173828125,2.9878699354643485
1758795032.4224036,target,1,-0.7741696166992188,-2.07297216796875,-2.4459075988855172
1758795032.4224036,target,2,-0.13741358947753907,2.611890869140625,-0.8715519572937297
1758795032.4224036,target,3,-2.690774658203125,-1.4501473388671875,0.29303956567681033
1758795032.4224036,target,4,-2.0866181640625,1.440062255859375,0.5383104769340601
1758795032.4224036,target,5,3.016906494140625,-0.7182508544921875,-2.555945420385956
1758795032.4423308,herder,1,0.06405551147460938,2.79629296875,-2.7534816658170573
1758795032.4423308,herder,2,-0.5043941650390625,-2.349189453125,3.0051125719420666
1758795032.4423308,target,1,-0.7741946411132813,-2.072964111328125,-2.445934496812527
1758795032.4423308,target,2,-0.13774505615234375,2.611705078125,-0.8721115540177826
1758795032.4423308,target,3,-2.691185302734375,-1.4488466796875,0.2588276994967845
1758795032.4423308,target,4,-2.08640185546875,1.4395732421875,0.547151206357228
1758795032.4423308,target,5,3.0169052734375,-0.7182406005859375,-2.5568916415212612
1758795032.4627366,herder,1,0.06356264495849609,2.796271728515625,-2.752188168475606
1758795032.4627366,herder,2,-0.5036840209960938,-2.3490693359375,3.0154219348378724
1758795032.4627366,target,1,-0.774219970703125,-2.0729873046875,-2.4452170412148595
1758795032.4627366,target,2,-0.1380823974609375,2.6113525390625,-0.8731875376772018
1758795032.4627366,target,3,-2.691404296875,-1.44643896484375,0.22773594291562513
1758795032.4627366,target,4,-2.08622802734375,1.4390703125,0.5479034827861481
1758795032.4627366,target,5,3.01690869140625,-0.7182452392578125,-2.556602688542988
1758795032.482511,herder,1,0.06252410507202148,2.7959794921875,-2.7504986590800597
1758795032.482511,herder,2,-0.5032670288085938,-2.348918212890625,3.0233253980049004
1758795032.482511,target,1,-0.7741919555664063,-2.073005859375,-2.445806132447985
1758795032.482511,target,2,-0.13887884521484375,2.610656005859375,-0.8715854465444374
1758795032.482511,target,3,-2.691593505859375,-1.4427177734375,0.15553336806107604
1758795032.482511,target,4,-2.086664306640625,1.4399984130859376,0.5266752260000448
1758795032.482511,target,5,3.01686865234375,-0.7182599487304687,-2.5560828394982043
1758795032.5024924,herder,1,0.06204433441162109,2.79582861328125,-2.750474157998031
1758795032.5024924,herder,2,-0.50367529296875,-2.3489736328125,3.024013292514468
1758795032.5024924,target,1,-0.77416259765625,-2.07301123046875,-2.4452330201814
1758795032.5024924,target,2,-0.13919590759277345,2.61026904296875,-0.8708827049117928
1758795032.5024924,target,3,-2.69196337890625,-1.4400792236328126,0.1237182886054727
1758795032.5024924,target,4,-2.087704345703125,1.441158447265625,0.508303775404783
1758795032.5024924,target,5,3.016869384765625,-0.7182474365234375,-2.5559869656989616
1758795032.5223513,herder,1,0.06158774185180664,2.795610595703125,-2.750660579274337
1758795032.5223513,herder,2,-0.5036388549804688,-2.348962646484375,3.0224649306566955
1758795032.5223513,target,1,-0.7741817016601562,-2.072995849609375,-2.4455459416094842
1758795032.5223513,target,2,-0.13948432922363282,2.609956787109375,-0.868814960062428
1758795032.5223513,target,3,-2.6919580078125,-1.4390352783203124,0.1181943016157815
1758795032.5223513,target,4,-2.08798095703125,1.4420123291015625,0.4933321828361437
1758795032.5223513,target,5,3.01687353515625,-0.7182564697265625,-2.556715872889316
1758795032.5427606,herder,1,0.060876667022705076,2.795339111328125,-2.7503588431228305
1758795032.5427606,herder,2,-0.5035565185546875,-2.3489951171875,3.0197383863326728
1758795032.5427606,target,1,-0.7742095947265625,-2.0729794921875,-2.4449629756468663
1758795032.5427606,target,2,-0.14009664916992187,2.6095009765625,-0.8660365506761756
1758795032.5427606,target,3,-2.691718505859375,-1.438905517578125,0.10981826051331878
1758795032.5427606,target,4,-2.08822021484375,1.44159814453125,0.4979906175044239
1758795032.5427606,target,5,3.016885986328125,-0.7182702026367187,-2.556311338719733
1758795032.5626905,herder,1,0.06017355346679688,2.79508203125,-2.7500083711233763
1758795032.5626905,herder,2,-0.5037298583984375,-2.349030029296875,3.0157345899498473
1758795032.5626905,target,1,-0.7741803588867188,-2.073021240234375,-2.445466845725109
1758795032.5626905,target,2,-0.14070175170898438,2.609000732421875,-0.8650226852491824
1758795032.5626905,target,3,-2.691431884765625,-1.4385516357421875,0.08959535536109874
1758795032.5626905,target,4,-2.088052978515625,1.440990478515625,0.5114001329356773
1758795032.5626905,target,5,3.01688037109375,-0.7182785034179687,-2.5562245196681963
1758795032.5825133,herder,1,0.05988909149169922,2.794968505859375,-2.750404116861362
1758795032.5825133,herder,2,-0.503738525390625,-2.34908740234375,3.012256767882313
1758795032.5825133,target,1,-0.7741614990234374,-2.0729931640625,-2.4451515274520434
1758795032.5825133,target,2,-0.1408750457763672,2.608828125,-0.8638274585519549
1758795032.5825133,target,3,-2.690943115234375,-1.4378658447265624,0.08131929931281169
1758795032.5825133,target,4,-2.087752685546875,1.4406182861328125,0.5163478534773673
1758795032.5825133,target,5,3.0169091796875,-0.718239501953125,-2.5564269199110425
1758795032.6023126,herder,1,0.05924833297729492,2.794576171875,-2.750134338642937
1758795032.6023126,herder,2,-0.5035289001464843,-2.34958544921875,3.0014523233398616
1758795032.6023126,target,1,-0.774182861328125,-2.072981689453125,-2.4452892128804007
1758795032.6023126,target,2,-0.14130819702148437,2.608606201171875,-0.8621987358082897
1758795032.6023126,target,3,-2.689858642578125,-1.436336669921875,0.061544649945133215
1758795032.6023126,target,4,-2.087450927734375,1.43993115234375,0.5272212406025383
1758795032.6023126,target,5,3.016895263671875,-0.718254638671875,-2.5559126635045484
1758795032.6224196,herder,1,0.05840595245361328,2.794239013671875,-2.7495580305830436
1758795032.6224196,herder,2,-0.5036750183105468,-2.3500068359375,2.986614787642594
1758795032.6224196,target,1,-0.7741897583007813,-2.07298779296875,-2.4457925503264257
1758795032.6224196,target,2,-0.14193545532226562,2.6080322265625,-0.8591580050546644
1758795032.6224196,target,3,-2.6885634765625,-1.4348878173828126,0.04210639527383458
1758795032.6224196,target,4,-2.087082763671875,1.4398182373046875,0.530375055833951
1758795032.6224196,target,5,3.016883056640625,-0.71826318359375,-2.556095888987546
1758795032.6426406,herder,1,0.05764906311035156,2.79385546875,-2.7486762579461184
1758795032.6426406,herder,2,-0.5039605407714843,-2.350692138671875,2.9583083147322506
1758795032.6426406,target,1,-0.7741880493164063,-2.072982666015625,-2.4456860238828226
1758795032.6426406,target,2,-0.14294485473632812,2.606936767578125,-0.8587912877725605
1758795032.6426406,target,3,-2.6871044921875,-1.432302734375,-0.003330879293571778
1758795032.6426406,target,4,-2.08696728515625,1.4398284912109376,0.5315501090859212
1758795032.6426406,target,5,3.0168798828125,-0.7182508544921875,-2.5559281098388706
1758795032.662458,herder,1,0.05724702453613281,2.793671142578125,-2.7485327135633635
1758795032.662458,herder,2,-0.5039337158203125,-2.350980224609375,2.9474428838008366
1758795032.662458,target,1,-0.7741571655273437,-2.073015869140625,-2.445701736533254
1758795032.662458,target,2,-0.14309669494628907,2.606867919921875,-0.8579262930505027
1758795032.662458,target,3,-2.686978759765625,-1.4313563232421875,-0.021980416701725805
1758795032.662458,target,4,-2.087037353515625,1.439793701171875,0.5304349436689642
1758795032.662458,target,5,3.0168935546875,-0.7182429809570312,-2.5568927067856975
1758795032.6824005,herder,1,0.055912204742431644,2.79312646484375,-2.7475247070907685
1758795032.6824005,herder,2,-0.5038722229003906,-2.351609375,2.9150724270670323
1758795032.6824005,target,1,-0.7741692504882812,-2.0730068359375,-2.445829568265578
1758795032.6824005,target,2,-0.14368011474609374,2.606583740234375,-0.8579734975808244
1758795032.6824005,target,3,-2.686061767578125,-1.430493896484375,-0.021036925306537984
1758795032.6824005,target,4,-2.08704052734375,1.43995361328125,0.527301102145727
1758795032.6824005,target,5,3.01689892578125,-0.7182274780273438,-2.556953160542442
1758795032.7022812,herder,1,0.055447891235351564,2.79295751953125,-2.7475899545374753
1758795032.7022812,herder,2,-0.5043086853027344,-2.351899658203125,2.8927330328951206
1758795032.7022812,target,1,-0.774201171875,-2.072979736328125,-2.445660457536358
1758795032.7022812,target,2,-0.14411593627929686,2.60630029296875,-0.85502651009757
1758795032.7022812,target,3,-2.686005126953125,-1.4311993408203125,-0.006897875385657552
1758795032.7022812,target,4,-2.08699951171875,1.4401890869140626,0.5237473799871253
1758795032.7022812,target,5,3.0168984375,-0.7182329711914063,-2.5566961654972493
1758795032.722341,herder,1,0.05501811599731445,2.7926318359375,-2.747138016100489
1758795032.722341,herder,2,-0.5038188781738281,-2.3526494140625,2.8714586368431316
1758795032.722341,target,1,-0.7742120971679688,-2.072982177734375,-2.4453022623697422
1758795032.722341,target,2,-0.14479840087890625,2.605642333984375,-0.8539916056979652
1758795032.722341,target,3,-2.685199951171875,-1.431684814453125,-0.009607489911407259
1758795032.722341,target,4,-2.086671875,1.44080419921875,0.5190354823599617
1758795032.722341,target,5,3.016890380859375,-0.718264892578125,-2.55619948595395
1758795032.7427561,herder,1,0.054521957397460935,2.792323974609375,-2.7466115091529804
1758795032.7427561,herder,2,-0.5036228637695312,-2.35336572265625,2.851340052704237
1758795032.7427561,target,1,-0.7741618041992188,-2.073001953125,-2.446447421638476
1758795032.7427561,target,2,-0.14517648315429688,2.605234375,-0.8533497838752561
1758795032.7427561,target,3,-2.684837158203125,-1.4313785400390624,-0.015467249499692411
1758795032.7427561,target,4,-2.08659619140625,1.4412039794921876,0.516363466259258
1758795032.7427561,target,5,3.0168994140625,-0.7182721557617188,-2.5558287739302106
1758795032.7628088,herder,1,0.054144298553466794,2.79205078125,-2.746973432745122
1758795032.7628088,herder,2,-0.5044926147460937,-2.353482177734375,2.832742133547778
1758795032.7628088,target,1,-0.7741620483398437,-2.072983154296875,-2.4458857609645785
1758795032.7628088,target,2,-0.14570669555664062,2.60459033203125,-0.8504169111457791
1758795032.7628088,target,3,-2.68482373046875,-1.4315821533203126,-0.0017564644902724933
1758795032.7628088,target,4,-2.08642822265625,1.4413974609375,0.5134677779165012
1758795032.7628088,target,5,3.016880615234375,-0.7182528686523437,-2.55566525583928
1758795032.7825232,herder,1,0.05392949676513672,2.792035400390625,-2.7469310884837896
1758795032.7825232,herder,2,-0.504926025390625,-2.353756103515625,2.8155338518481217
1758795032.7825232,target,1,-0.7741529541015625,-2.072999755859375,-2.4449872104127857
1758795032.7825232,target,2,-0.14621322631835937,2.604251953125,-0.8492805403086423
1758795032.7825232,target,3,-2.684914306640625,-1.4327386474609376,0.023354301976800253
1758795032.7825232,target,4,-2.0863876953125,1.442013671875,0.5028825781107905
1758795032.7825232,target,5,3.016896728515625,-0.7182667846679688,-2.5563467587622313
1758795032.8023984,herder,1,0.05382768630981445,2.79199609375,-2.7465601101439416
1758795032.8023984,herder,2,-0.5049019165039063,-2.35390771484375,2.8069435594359624
1758795032.8023984,target,1,-0.7742119140625,-2.07298095703125,-2.4449667040723924
1758795032.8023984,target,2,-0.14656352233886719,2.604008544921875,-0.8487821297106339
1758795032.8023984,target,3,-2.684837158203125,-1.4336019287109374,0.03829820391188657
1758795032.8023984,target,4,-2.086432861328125,1.442473876953125,0.4971600774289691
1758795032.8023984,target,5,3.01691455078125,-0.7182371215820312,-2.55721415032927
1758795032.8224523,herder,1,0.05335951232910156,2.791627197265625,-2.747619515625575
1758795032.8224523,herder,2,-0.5047870178222656,-2.354904541015625,2.7868185837104513
1758795032.8224523,target,1,-0.7742055053710938,-2.07298291015625,-2.4451800232757077
1758795032.8224523,target,2,-0.1470572509765625,2.603726318359375,-0.8463199707038285
1758795032.8224523,target,3,-2.683965087890625,-1.435781005859375,0.07837693907195127
1758795032.8224523,target,4,-2.086873291015625,1.4442908935546874,0.4728416216719923
1758795032.8224523,target,5,3.0168955078125,-0.7182388916015625,-2.5571880513505874
1758795032.842794,herder,1,0.05301988983154297,2.791472412109375,-2.74670818190055
1758795032.842794,herder,2,-0.5049667053222656,-2.35507470703125,2.778796609874915
1758795032.842794,target,1,-0.7741880493164063,-2.07300390625,-2.4454146477677434
1758795032.842794,target,2,-0.14736024475097656,2.60339599609375,-0.8475396984830847
1758795032.842794,target,3,-2.683146728515625,-1.4368916015625,0.09926501031831063
1758795032.842794,target,4,-2.086868896484375,1.4451607666015625,0.46027902475689775
1758795032.842794,target,5,3.016886474609375,-0.7182508544921875,-2.556691638123396
1758795032.8625515,herder,1,0.05262673187255859,2.791360595703125,-2.746163032825411
1758795032.8625515,herder,2,-0.5047930908203125,-2.35514697265625,2.7757651336060776
1758795032.8625515,target,1,-0.77420751953125,-2.072997802734375,-2.4458431503871374
1758795032.8625515,target,2,-0.14754319763183593,2.603296142578125,-0.8455961900985721
1758795032.8625515,target,3,-2.681791015625,-1.4380013427734375,0.12279791677749813
1758795032.8625515,target,4,-2.08684423828125,1.4452301025390626,0.4573513451915464
1758795032.8625515,target,5,3.01688037109375,-0.7182833251953125,-2.556707350773828
1758795032.8826618,herder,1,0.05186795425415039,2.790956787109375,-2.7458423882301655
1758795032.8826618,herder,2,-0.5046598205566406,-2.355034912109375,2.7742588496935285
1758795032.8826618,target,1,-0.7741926879882812,-2.07297998046875,-2.445760326077236
1758795032.8826618,target,2,-0.1481231689453125,2.6026904296875,-0.8443303230534303
1758795032.8826618,target,3,-2.681139892578125,-1.439819580078125,0.1619499551019993
1758795032.8826618,target,4,-2.08681884765625,1.445131591796875,0.45744448925067194
1758795032.8826618,target,5,3.01690087890625,-0.7182662963867188,-2.556671131783003
1758795032.9023433,herder,1,0.051495311737060546,2.7908037109375,-2.7453323928814153
1758795032.9023433,herder,2,-0.5047418823242188,-2.354996826171875,2.7741142400463374
1758795032.9023433,target,1,-0.7741950073242188,-2.07300439453125,-2.445396271956222
1758795032.9023433,target,2,-0.1484266357421875,2.60227392578125,-0.8449251400828994
1758795032.9023433,target,3,-2.680247314453125,-1.4410306396484376,0.17973271393829904
1758795032.9023433,target,4,-2.086703369140625,1.445219482421875,0.45722854017578013
1758795032.9023433,target,5,3.016887451171875,-0.71825830078125,-2.5560633984222467
1758795032.9223027,herder,1,0.05084892272949219,2.790498779296875,-2.7445424993020975
1758795032.9223027,herder,2,-0.5046868896484376,-2.3551201171875,2.7750562001238985
1758795032.9223027,target,1,-0.7741886596679688,-2.073002685546875,-2.445291876041491
1758795032.9223027,target,2,-0.14895713806152344,2.6019208984375,-0.8440327148016139
1758795032.9223027,target,3,-2.6794638671875,-1.4424227294921874,0.199369648749296
1758795032.9223027,target,4,-2.08671142578125,1.4453350830078124,0.4567128856097135
1758795032.9223027,target,5,3.016883056640625,-0.7182896728515625,-2.555467915602505
1758795032.942378,herder,1,0.049730697631835935,2.789946044921875,-2.744279378986398
1758795032.942378,herder,2,-0.5045168762207031,-2.35506005859375,2.7821854823620407
1758795032.942378,target,1,-0.7741812133789062,-2.072993896484375,-2.4449075818961923
1758795032.942378,target,2,-0.14985005187988282,2.601187255859375,-0.8400261886786714
1758795032.942378,target,3,-2.67914697265625,-1.4432794189453124,0.2087903147893423
1758795032.942378,target,4,-2.086944580078125,1.4448426513671875,0.462901506061326
1758795032.942378,target,5,3.016881591796875,-0.7182413330078125,-2.5567299876430933
1758795032.9625216,herder,1,0.04885218048095703,2.78955908203125,-2.743452201151819
1758795032.9625216,herder,2,-0.5044504089355468,-2.35472509765625,2.7931675597492003
1758795032.9625216,target,1,-0.7741847534179688,-2.072999267578125,-2.445128091634451
1758795032.9625216,target,2,-0.15065789794921874,2.6006162109375,-0.8370629559127675
1758795032.9625216,target,3,-2.67834423828125,-1.4427900390625,0.21635958452907914
1758795032.9625216,target,4,-2.087140380859375,1.4435028076171874,0.4797499281186851
1758795032.9625216,target,5,3.016864990234375,-0.7182451171875,-2.5560519468295593
1758795032.9825754,herder,1,0.04790031433105469,2.789138671875,-2.7434897517231893
1758795032.9825754,herder,2,-0.5046993408203125,-2.3540966796875,2.807742241446877
1758795032.9825754,target,1,-0.774168212890625,-2.072989013671875,-2.4451864148623237
1758795032.9825754,target,2,-0.15137680053710936,2.60005859375,-0.8390634559446077
1758795032.9825754,target,3,-2.6785634765625,-1.4424119873046874,0.19644195253918784
1758795032.9825754,target,4,-2.086644287109375,1.4431416015625,0.49466279798528817
1758795032.9825754,target,5,3.016884765625,-0.7182739868164062,-2.5560468868234882
1758795033.0023487,herder,1,0.04742522048950195,2.788888916015625,-2.743148068155332
1758795033.0023487,herder,2,-0.5048918151855468,-2.35381298828125,2.816219615828817
1758795033.0023487,target,1,-0.7741790771484375,-2.07300048828125,-2.4457185144481217
1758795033.0023487,target,2,-0.15143318176269532,2.600101318359375,-0.8369949787259432
1758795033.0023487,target,3,-2.67853515625,-1.4421678466796874,0.1833973567563026
1758795033.0023487,target,4,-2.086284423828125,1.4432012939453125,0.49574920126247235
1758795033.0023487,target,5,3.0168837890625,-0.7182594604492187,-2.5558860318936474
1758795033.0223835,herder,1,0.04625636291503906,2.788480712890625,-2.7425802822109273
1758795033.0223835,herder,2,-0.5047238159179688,-2.352794677734375,2.8454760382999917
1758795033.0223835,target,1,-0.7741976318359375,-2.07296923828125,-2.445674305974026
1758795033.0223835,target,2,-0.15176568603515625,2.5996748046875,-0.8336884644955281
1758795033.0223835,target,3,-2.67876318359375,-1.43923779296875,0.1347401136719019
1758795033.0223835,target,4,-2.085818603515625,1.443066650390625,0.4927277451372366
1758795033.0223835,target,5,3.01688671875,-0.7182473754882812,-2.556582714834812
1758795033.0423598,herder,1,0.04609366989135742,2.78847509765625,-2.7417885244188467
1758795033.0423598,herder,2,-0.5040619201660156,-2.35229736328125,2.8684284921548397
1758795033.0423598,target,1,-0.7742162475585938,-2.072979248046875,-2.4454852215366305
1758795033.0423598,target,2,-0.15230303955078126,2.599095947265625,-0.8298854038798676
1758795033.0423598,target,3,-2.67892138671875,-1.4377264404296874,0.11545905208394518
1758795033.0423598,target,4,-2.086083251953125,1.44353662109375,0.489833554822593
1758795033.0423598,target,5,3.016871826171875,-0.7182664184570312,-2.556434643078204
1758795033.062457,herder,1,0.045846115112304686,2.78827880859375,-2.7412098195139722
1758795033.062457,herder,2,-0.5038371276855469,-2.351783203125,2.893379382091683
1758795033.062457,target,1,-0.7741890869140625,-2.073004638671875,-2.4458724451591283
1758795033.062457,target,2,-0.15299240112304688,2.598532470703125,-0.8289686106746079
1758795033.062457,target,3,-2.67908154296875,-1.4372646484375,0.12082771852543592
1758795033.062457,target,4,-2.086314453125,1.4442197265625,0.4789645952027343
1758795033.062457,target,5,3.01688623046875,-0.7182708740234375,-2.5563914998685444
1758795033.08248,herder,1,0.04520344924926758,2.78789794921875,-2.7415752052155313
1758795033.08248,herder,2,-0.5042569885253906,-2.351261962890625,2.9190964634741423
1758795033.08248,target,1,-0.7741878662109375,-2.07299853515625,-2.4454865531171754
1758795033.08248,target,2,-0.15332533264160156,2.598296630859375,-0.8302791522470359
1758795033.08248,target,3,-2.67930712890625,-1.4369371337890624,0.10436202600623488
1758795033.08248,target,4,-2.08626904296875,1.4443472900390626,0.4774130708411678
1758795033.08248,target,5,3.016885498046875,-0.7182536010742188,-2.5563696619476057
1758795033.1023545,herder,1,0.04458628845214844,2.787473876953125,-2.7432897483253242
1758795033.1023545,herder,2,-0.5038796997070313,-2.350729248046875,2.9442151325596604
1758795033.1023545,target,1,-0.7741849975585937,-2.0729794921875,-2.445392543530696
1758795033.1023545,target,2,-0.1535312805175781,2.59812890625,-0.8291716101286992
1758795033.1023545,target,3,-2.679838134765625,-1.4361005859375,0.06655022350031607
1758795033.1023545,target,4,-2.08623095703125,1.4436876220703125,0.4923938513155679
1758795033.1023545,target,5,3.01689208984375,-0.7182400512695313,-2.5563363724339796
1758795033.1223605,herder,1,0.044253963470458985,2.787301025390625,-2.7442420947311366
1758795033.1223605,herder,2,-0.5035293273925782,-2.35032470703125,2.9563716639875453
1758795033.1223605,target,1,-0.77418115234375,-2.072995361328125,-2.4453153118590834
1758795033.1223605,target,2,-0.1536494598388672,2.598156494140625,-0.8276085343059044
1758795033.1223605,target,3,-2.679578125,-1.4349635009765624,0.052316875830603515
1758795033.1223605,target,4,-2.085905029296875,1.4438116455078125,0.4953775904218654
1758795033.1223605,target,5,3.016883056640625,-0.7182684936523438,-2.556674061260202
1758795033.1423135,herder,1,0.043733444213867184,2.78714111328125,-2.7439701859838395
1758795033.1423135,herder,2,-0.5039754638671875,-2.3497080078125,2.9803821917434816
1758795033.1423135,target,1,-0.7741517333984375,-2.073017822265625,-2.4449078482123014
1758795033.1423135,target,2,-0.15458547973632814,2.597152587890625,-0.8215728791694034
1758795033.1423135,target,3,-2.67962548828125,-1.4324058837890625,0.009617711872685038
1758795033.1423135,target,4,-2.085289794921875,1.443908447265625,0.49339346883072915
1758795033.1423135,target,5,3.016896484375,-0.7182609252929687,-2.5562482218018983
1758795033.1623828,herder,1,0.04307192993164063,2.78690087890625,-2.7437970805129845
1758795033.1623828,herder,2,-0.5038022155761719,-2.34886962890625,3.0129366729086104
1758795033.1623828,target,1,-0.7741868896484375,-2.0729765625,-2.4458665862047297
1758795033.1623828,target,2,-0.1559671173095703,2.59619775390625,-0.8168765277451031
1758795033.1623828,target,3,-2.679306640625,-1.42914599609375,-0.051286661091230784
1758795033.1623828,target,4,-2.085060791015625,1.4440323486328126,0.4932851780429038
1758795033.1623828,target,5,3.0168984375,-0.7182373046875,-2.5566935023361594
1758795033.1825962,herder,1,0.042534019470214846,2.786614990234375,-2.7436982772365424
1758795033.1825962,herder,2,-0.5036220092773438,-2.348511474609375,3.029668248773142
1758795033.1825962,target,1,-0.7741902465820313,-2.07298828125,-2.4453949403756767
1758795033.1825962,target,2,-0.15668299865722657,2.59559619140625,-0.8167630105036385
1758795033.1825962,target,3,-2.67953125,-1.428007568359375,-0.05848874749567295
1758795033.1825962,target,4,-2.085287841796875,1.4441649169921875,0.49139792893641915
1758795033.1825962,target,5,3.0168955078125,-0.7182649536132812,-2.556613607503457
1758795033.2023983,herder,1,0.042348114013671875,2.78650537109375,-2.744283906360251
1758795033.2023983,herder,2,-0.5037485046386718,-2.348380126953125,3.035726940253072
1758795033.2023983,target,1,-0.7742028198242188,-2.07300634765625,-2.4448460628750115
1758795033.2023983,target,2,-0.15698020935058593,2.595568359375,-0.8168075518728701
1758795033.2023983,target,3,-2.67972998046875,-1.4275894775390625,-0.062238266089855145
1758795033.2023983,target,4,-2.08530615234375,1.4440723876953125,0.4918548608004495
1758795033.2023983,target,5,3.016876953125,-0.7182409057617187,-2.5564887052483325
1758795033.222489,herder,1,0.04185027694702149,2.78609130859375,-2.745093241015526
1758795033.222489,herder,2,-0.50427197265625,-2.3481630859375,3.046126850625941
1758795033.222489,target,1,-0.7741929931640625,-2.07298046875,-2.445430360418175
1758795033.222489,target,2,-0.15738404846191406,2.59530419921875,-0.81549487977157
1758795033.222489,target,3,-2.679998046875,-1.426652587890625,-0.0844030484404201
1758795033.222489,target,4,-2.085364990234375,1.4435716552734374,0.5013547891724393
1758795033.222489,target,5,3.016883056640625,-0.7182665405273437,-2.556482313661716
1758795033.2424095,herder,1,0.04124996948242188,2.78601904296875,-2.744053809242068
1758795033.2424095,herder,2,-0.5044193420410156,-2.34803173828125,3.048315170093659
1758795033.2424095,target,1,-0.7741864624023438,-2.07297509765625,-2.445560056363262
1758795033.2424095,target,2,-0.15766273498535155,2.59495166015625,-0.8137670208563266
1758795033.2424095,target,3,-2.679662109375,-1.427114501953125,-0.0742663998636844
1758795033.2424095,target,4,-2.08517431640625,1.44364501953125,0.49766095145098577
1758795033.2424095,target,5,3.0168779296875,-0.7182792358398438,-2.5557193180094084
1758795033.2626357,herder,1,0.04062405014038086,2.785935791015625,-2.7425536506000263
1758795033.2626357,herder,2,-0.5043231506347656,-2.347908203125,3.048525293503666
1758795033.2626357,target,1,-0.7741937255859375,-2.07298779296875,-2.445602400624594
1758795033.2626357,target,2,-0.15796714782714844,2.594578857421875,-0.8115988748338658
1758795033.2626357,target,3,-2.680110107421875,-1.428106689453125,-0.05019599675630246
1758795033.2626357,target,4,-2.085215087890625,1.4445352783203125,0.482871419232367
1758795033.2626357,target,5,3.016875,-0.7182766723632813,-2.555499607219477
1758795033.2825706,herder,1,0.04000235366821289,2.785745849609375,-2.7407980948094464
1758795033.2825706,herder,2,-0.5042479858398438,-2.347940673828125,3.046178249634979
1758795033.2825706,target,1,-0.7741785278320312,-2.072985107421875,-2.445645810150362
1758795033.2825706,target,2,-0.15842271423339843,2.594035888671875,-0.8127823170432699
1758795033.2825706,target,3,-2.68027880859375,-1.4300087890625,-0.0186925029870492
1758795033.2825706,target,4,-2.0857509765625,1.4455791015625,0.4649409215345951
1758795033.2825706,target,5,3.016876953125,-0.7182573852539063,-2.5562961587015196
1758795033.302576,herder,1,0.039323055267333984,2.785402587890625,-2.740008733862347
1758795033.302576,herder,2,-0.5041393432617187,-2.348230712890625,3.040088132854186
1758795033.302576,target,1,-0.7741997680664062,-2.072976318359375,-2.4453083876402495
1758795033.302576,target,2,-0.15886943054199218,2.5936552734375,-0.8137878600918564
1758795033.302576,target,3,-2.68004638671875,-1.4314732666015626,0.007511607620798767
1758795033.302576,target,4,-2.086220458984375,1.4462918701171874,0.4501798185606129
1758795033.302576,target,5,3.01687939453125,-0.71819580078125,-2.5579766133493598
1758795033.3223445,herder,1,0.0384013786315918,2.78475244140625,-2.739952274847237
1758795033.3223445,herder,2,-0.5041219482421875,-2.3486513671875,3.029971050189084
1758795033.3223445,target,1,-0.7741981811523437,-2.072987548828125,-2.4455435447645035
1758795033.3223445,target,2,-0.15951356506347655,2.593072509765625,-0.8091399116203685
1758795033.3223445,target,3,-2.680447509765625,-1.43245068359375,0.01850633346269045
1758795033.3223445,target,4,-2.086458251953125,1.4468074951171874,0.43801243475128615
1758795033.3223445,target,5,3.01689306640625,-0.7182525634765625,-2.557118010213918
1758795033.3423598,herder,1,0.037402400970458986,2.78432763671875,-2.7395016679907958
1758795033.3423598,herder,2,-0.5042242736816406,-2.348917236328125,3.0163966517968412
1758795033.3423598,target,1,-0.7742071533203125,-2.072989501953125,-2.445260983372846
1758795033.3423598,target,2,-0.1602990264892578,2.5924150390625,-0.8069491953076693
1758795033.3423598,target,3,-2.6804892578125,-1.4323121337890625,0.017242541810663654
1758795033.3423598,target,4,-2.08682421875,1.4476229248046875,0.4268417389799215
1758795033.3423598,target,5,3.01688427734375,-0.718251708984375,-2.557052496451102
1758795033.362391,herder,1,0.03669809341430664,2.784099609375,-2.7381780769290263
1758795033.362391,herder,2,-0.5041270751953125,-2.34919140625,3.0006445865812403
1758795033.362391,target,1,-0.774216552734375,-2.07299365234375,-2.445492145755465
1758795033.362391,target,2,-0.1607604064941406,2.5920927734375,-0.8070671733439597
1758795033.362391,target,3,-2.68061083984375,-1.4317550048828125,0.004937851761345932
1758795033.362391,target,4,-2.08692431640625,1.44845361328125,0.41543122555239526
1758795033.362391,target,5,3.01689306640625,-0.7182476196289063,-2.5567614129439566
1758795033.3823655,herder,1,0.03573141860961914,2.783708740234375,-2.737229991580958
1758795033.3823655,herder,2,-0.5040724487304687,-2.34963916015625,2.982343077254107
1758795033.3823655,target,1,-0.7741731567382812,-2.073001708984375,-2.4456199774877887
1758795033.3823655,target,2,-0.1612447967529297,2.591685546875,-0.8078048689659117
1758795033.3823655,target,3,-2.680203369140625,-1.4313076171875,-0.0010122584277377363
1758795033.3823655,target,4,-2.086586669921875,1.4487999267578124,0.41079379656721304
1758795033.3823655,target,5,3.0168935546875,-0.7182366943359375,-2.556611476974585
1758795033.4023886,herder,1,0.03487237548828125,2.7832958984375,-2.7370467660979605
1758795033.4023886,herder,2,-0.5044463500976563,-2.35023974609375,2.9602604118112787
1758795033.4023886,target,1,-0.7741598510742187,-2.0729951171875,-2.4456527343691965
1758795033.4023886,target,2,-0.16159619140625,2.59152001953125,-0.8071775613711436
1758795033.4023886,target,3,-2.680057861328125,-1.4314954833984375,0.006618469215713508
1758795033.4023886,target,4,-2.085942626953125,1.449004150390625,0.41160393017081515
1758795033.4023886,target,5,3.016872802734375,-0.7182717895507813,-2.5558341002523908
1758795033.4223092,herder,1,0.03459174346923828,2.783173583984375,-2.7370073513138276
1758795033.4223092,herder,2,-0.504725341796875,-2.350884521484375,2.9383910655717664
1758795033.4223092,target,1,-0.7741768798828125,-2.072996337890625,-2.446046083262201
1758795033.4223092,target,2,-0.16204801940917968,2.59110986328125,-0.8069382097681727
1758795033.4223092,target,3,-2.67957666015625,-1.4317469482421874,0.005003605312689718
1758795033.4223092,target,4,-2.085773681640625,1.44870654296875,0.4171849504197261
1758795033.4223092,target,5,3.016884765625,-0.7182625122070313,-2.5562330417836847
1758795033.4423578,herder,1,0.03427501678466797,2.78296728515625,-2.737093904049255
1758795033.4423578,herder,2,-0.5043557739257812,-2.351442138671875,2.9166831068943124
1758795033.4423578,target,1,-0.7741940307617188,-2.072994140625,-2.4456841596700594
1758795033.4423578,target,2,-0.16249697875976563,2.5906494140625,-0.8045403661016926
1758795033.4423578,target,3,-2.679734375,-1.4317633056640624,0.0009715459377403816
1758795033.4423578,target,4,-2.085701171875,1.4483671875,0.4203597047552095
1758795033.4423578,target,5,3.016885498046875,-0.718255615234375,-2.5556932190307258
1758795033.462791,herder,1,0.03376697158813476,2.78272412109375,-2.737102426164743
1758795033.462791,herder,2,-0.5048518371582031,-2.35171240234375,2.8945746087889104
1758795033.462791,target,1,-0.7741826782226563,-2.073008056640625,-2.4454535299196585
1758795033.462791,target,2,-0.16303219604492186,2.590244873046875,-0.8030065850508887
1758795033.462791,target,3,-2.679866943359375,-1.4323779296875,0.024788476641645973
1758795033.462791,target,4,-2.085770263671875,1.4487554931640625,0.41432957567797035
1758795033.462791,target,5,3.016882080078125,-0.7182693481445312,-2.556001080452739
1758795033.4826257,herder,1,0.033290027618408206,2.7825986328125,-2.736985513392889
1758795033.4826257,herder,2,-0.5050412902832031,-2.35202587890625,2.873724187982462
1758795033.4826257,target,1,-0.7742064208984375,-2.072973876953125,-2.445439947798099
1758795033.4826257,target,2,-0.16346505737304687,2.589807373046875,-0.8022170243667075
1758795033.4826257,target,3,-2.6797568359375,-1.4340474853515626,0.055480823557726135
1758795033.4826257,target,4,-2.085762939453125,1.4484608154296874,0.4194730718492949
1758795033.4826257,target,5,3.01689306640625,-0.7182909545898437,-2.5558538076444575
1758795033.5023632,herder,1,0.03265468978881836,2.782291748046875,-2.738034532546271
1758795033.5023632,herder,2,-0.5043312683105469,-2.3527421875,2.854218663526504
1758795033.5023632,target,1,-0.7742090454101562,-2.072954833984375,-2.44523035702031
1758795033.5023632,target,2,-0.1639149169921875,2.58953857421875,-0.8013730686172613
1758795033.5023632,target,3,-2.679761962890625,-1.4360858154296876,0.08755043879570298
1758795033.5023632,target,4,-2.0851279296875,1.44785009765625,0.4350289619610976
1758795033.5023632,target,5,3.01685693359375,-0.7182782592773438,-2.5566575496614434
1758795033.522306,herder,1,0.03196683120727539,2.781959716796875,-2.738009498832024
1758795033.522306,herder,2,-0.5047578735351562,-2.35320068359375,2.8354939779021566
1758795033.522306,target,1,-0.7742142944335938,-2.07297998046875,-2.4451568537742236
1758795033.522306,target,2,-0.16439712524414063,2.58919970703125,-0.7991714333440928
1758795033.522306,target,3,-2.6791865234375,-1.4379581298828126,0.12229179965708538
1758795033.522306,target,4,-2.08443017578125,1.44681201171875,0.4559686319535773
1758795033.522306,target,5,3.01687060546875,-0.7182717895507813,-2.5566045527557506
1758795033.5422826,herder,1,0.031475763320922855,2.781769775390625,-2.738541598417822
1758795033.5422826,herder,2,-0.5059061889648437,-2.353499267578125,2.8178015335163242
1758795033.5422826,target,1,-0.7741808471679688,-2.07298828125,-2.445856732508697
1758795033.5422826,target,2,-0.16506695556640624,2.58860302734375,-0.79672132514122
1758795033.5422826,target,3,-2.678407470703125,-1.43939794921875,0.14926222290518468
1758795033.5422826,target,4,-2.084225830078125,1.44569970703125,0.4762317591606359
1758795033.5422826,target,5,3.01687939453125,-0.7182697143554687,-2.5568184045912843
1758795033.5624852,herder,1,0.031039260864257814,2.781489013671875,-2.73931790987558
1758795033.5624852,herder,2,-0.5059158020019531,-2.35394775390625,2.8009035100836623
1758795033.5624852,target,1,-0.7741993408203125,-2.072965087890625,-2.4455741711170393
1758795033.5624852,target,2,-0.16583364868164063,2.58810009765625,-0.79238862836377
1758795033.5624852,target,3,-2.677146484375,-1.44089306640625,0.1807982114009261
1758795033.5624852,target,4,-2.083768798828125,1.444762939453125,0.4861844249179392
1758795033.5624852,target,5,3.016900146484375,-0.7182667236328125,-2.5568897773084984
1758795033.5824418,herder,1,0.030680036544799803,2.78127880859375,-2.7396049986410906
1758795033.5824418,herder,2,-0.5054073181152344,-2.354572265625,2.788945384156989
1758795033.5824418,target,1,-0.7742127685546875,-2.07298486328125,-2.4453161108074104
1758795033.5824418,target,2,-0.16664894104003905,2.587635009765625,-0.7930682670739583
1758795033.5824418,target,3,-2.676353515625,-1.4429022216796874,0.22038551843846554
1758795033.5824418,target,4,-2.083532958984375,1.44452490234375,0.49187606622062924
1758795033.5824418,target,5,3.016902099609375,-0.718287109375,-2.5566311843666516
1758795033.6023161,herder,1,0.030519802093505858,2.781201416015625,-2.73979035465296
1758795033.6023161,herder,2,-0.5054201354980469,-2.354627685546875,2.7849519741024147
1758795033.6023161,target,1,-0.7741669311523437,-2.073000732421875,-2.4445749530760414
1758795033.6023161,target,2,-0.16690821838378905,2.587524169921875,-0.7926698581748824
1758795033.6023161,target,3,-2.6754833984375,-1.44434375,0.24065848269680068
1758795033.6023161,target,4,-2.08341748046875,1.4443419189453126,0.49868700083996603
1758795033.6023161,target,5,3.016914794921875,-0.7182593994140625,-2.556647163333192
1758795033.6225665,herder,1,0.02977859306335449,2.780838623046875,-2.739391413121666
1758795033.6225665,herder,2,-0.5055194091796875,-2.35455908203125,2.779390228481893
1758795033.6225665,target,1,-0.774195068359375,-2.073010009765625,-2.4462463529761753
1758795033.6225665,target,2,-0.16740127563476562,2.587093017578125,-0.7915190396888319
1758795033.6225665,target,3,-2.673624267578125,-1.4480054931640625,0.31573399251154316
1758795033.6225665,target,4,-2.082935791015625,1.4434627685546875,0.5229117799055993
1758795033.6225665,target,5,3.016876220703125,-0.7182642211914062,-2.5566192001417463
1758795033.6423233,herder,1,0.02951670265197754,2.780770263671875,-2.739306990915111
1758795033.6423233,herder,2,-0.5055971984863281,-2.3545712890625,2.778933230038836
1758795033.6423233,target,1,-0.7741727905273438,-2.072978515625,-2.445730498673027
1758795033.6423233,target,2,-0.16755276489257812,2.58700146484375,-0.7926951582052382
1758795033.6423233,target,3,-2.6732138671875,-1.4491304931640625,0.3410325581286964
1758795033.6423233,target,4,-2.082716552734375,1.4428824462890626,0.5295415529917834
1758795033.6423233,target,5,3.016894287109375,-0.7182551879882813,-2.5568937720501332
1758795033.662704,herder,1,0.028709390640258788,2.780396240234375,-2.7389591820767465
1758795033.662704,herder,2,-0.5055925903320313,-2.354662841796875,2.780615016267221
1758795033.662704,target,1,-0.7742157592773438,-2.072971923828125,-2.4452159759504237
1758795033.662704,target,2,-0.16846791076660156,2.58628271484375,-0.787788749949958
1758795033.662704,target,3,-2.671963623046875,-1.4516038818359376,0.36635945312194534
1758795033.662704,target,4,-2.082459228515625,1.441953369140625,0.539583734251227
1758795033.662704,target,5,3.01687939453125,-0.7182664794921875,-2.5564378388715117
1758795033.6823058,herder,1,0.027907682418823243,2.7799755859375,-2.7388393398276927
1758795033.6823058,herder,2,-0.5052360534667969,-2.354706787109375,2.7856087096272284
1758795033.6823058,target,1,-0.7741958618164062,-2.073006103515625,-2.4453398129411124
1758795033.6823058,target,2,-0.1691855010986328,2.585842041015625,-0.7867805437402812
1758795033.6823058,target,3,-2.671887939453125,-1.451237548828125,0.36865885969663337
1758795033.6823058,target,4,-2.0828125,1.442139892578125,0.5309268628118154
1758795033.6823058,target,5,3.01689111328125,-0.718267578125,-2.5565214621297403
1758795033.7025025,herder,1,0.027036949157714842,2.7796005859375,-2.7383913961323416
1758795033.7025025,herder,2,-0.5050010375976562,-2.354470458984375,2.795048017794905
1758795033.7025025,target,1,-0.7742256469726563,-2.07299267578125,-2.4451525927164797
1758795033.7025025,target,2,-0.16985595703125,2.58532666015625,-0.784909539916446
1758795033.7025025,target,3,-2.67197900390625,-1.4511917724609376,0.37862314349419207
1758795033.7025025,target,4,-2.08274658203125,1.4421910400390625,0.5325352456626551
1758795033.7025025,target,5,3.016886962890625,-0.7182341918945313,-2.556376852482549
1758795033.7223535,herder,1,0.02600710678100586,2.7791650390625,-2.7378078975375053
1758795033.7223535,herder,2,-0.5048957214355468,-2.353981201171875,2.807817342589617
1758795033.7223535,target,1,-0.7742192993164062,-2.07299072265625,-2.4455126520958586
1758795033.7223535,target,2,-0.17035557556152345,2.584852294921875,-0.7854860477134209
1758795033.7223535,target,3,-2.671758544921875,-1.451682861328125,0.3956368479867042
1758795033.7223535,target,4,-2.08259423828125,1.441204345703125,0.5512838331577857
1758795033.7223535,target,5,3.0168896484375,-0.7182471313476563,-2.556214133339945
1758795033.7423959,herder,1,0.025100326538085936,2.778796875,-2.7365266507370682
1758795033.7423959,herder,2,-0.5052518920898438,-2.35336669921875,2.8229891050036895
1758795033.7423959,target,1,-0.7741983032226563,-2.0729814453125,-2.4452495317801586
1758795033.7423959,target,2,-0.17064833068847657,2.584341064453125,-0.7822200801106023
1758795033.7423959,target,3,-2.670937255859375,-1.452329345703125,0.40827687631049275
1758795033.7423959,target,4,-2.081944091796875,1.4405380859375,0.56545481292372
1758795033.7423959,target,5,3.016890380859375,-0.718247802734375,-2.556488971564441
1758795033.7624123,herder,1,0.024628644943237306,2.778585205078125,-2.7357668508780684
1758795033.7624123,herder,2,-0.5050361328125,-2.352809326171875,2.8409369465380605
1758795033.7624123,target,1,-0.7742017822265626,-2.07298779296875,-2.445466313092891
1758795033.7624123,target,2,-0.17109980773925781,2.583786376953125,-0.7816353830932753
1758795033.7624123,target,3,-2.669486083984375,-1.4526322021484375,0.4211238322509805
1758795033.7624123,target,4,-2.08140869140625,1.440616943359375,0.5652384976641783
1758795033.7624123,target,5,3.016892578125,-0.7182494506835938,-2.5565281200324654
1758795033.7827125,herder,1,0.024070274353027343,2.778251953125,-2.7354296946840644
1758795033.7827125,herder,2,-0.5042603149414062,-2.352287109375,2.8618403642502015
1758795033.7827125,target,1,-0.7741650390625,-2.073015625,-2.444931816662112
1758795033.7827125,target,2,-0.17169290161132814,2.58336669921875,-0.779004179936277
1758795033.7827125,target,3,-2.668343994140625,-1.4527381591796875,0.437664692491949
1758795033.7827125,target,4,-2.0808349609375,1.440913330078125,0.5624689432885503
1758795033.7827125,target,5,3.016875732421875,-0.7182630615234376,-2.555982704641217
1758795033.8024702,herder,1,0.023340240478515625,2.777892822265625,-2.7350999953411126
1758795033.8024702,herder,2,-0.5040347290039062,-2.351846923828125,2.8860160079937227
1758795033.8024702,target,1,-0.7742164306640625,-2.072964111328125,-2.4453707056097573
1758795033.8024702,target,2,-0.17211843872070312,2.582896484375,-0.7753891384935763
1758795033.8024702,target,3,-2.6673681640625,-1.453177490234375,0.4458595387717455
1758795033.8024702,target,4,-2.08052294921875,1.441181640625,0.5632744829392721
1758795033.8024702,target,5,3.0168818359375,-0.7182853393554688,-2.5559222508844726
1758795033.8224928,herder,1,0.022676719665527343,2.77760791015625,-2.7349945341619457
1758795033.8224928,herder,2,-0.50415869140625,-2.35125244140625,2.912041749746522
1758795033.8224928,target,1,-0.774165771484375,-2.072985107421875,-2.445670311232391
1758795033.8224928,target,2,-0.17223382568359374,2.58271044921875,-0.7757306889033789
1758795033.8224928,target,3,-2.66686328125,-1.4534091796875,0.45525723504738985
1758795033.8224928,target,4,-2.08004736328125,1.4409295654296874,0.5703395829951433
1758795033.8224928,target,5,3.016900146484375,-0.7182566528320312,-2.556283375528287
1758795033.8425508,herder,1,0.022185277938842774,2.777408935546875,-2.7344235524242326
1758795033.8425508,herder,2,-0.5041917114257812,-2.35082666015625,2.9377590974450905
1758795033.8425508,target,1,-0.7741773681640625,-2.07298046875,-2.4460846990980074
1758795033.8425508,target,2,-0.17226712036132813,2.582828369140625,-0.7768030107162993
1758795033.8425508,target,3,-2.665558837890625,-1.4530650634765625,0.46306389230879363
1758795033.8425508,target,4,-2.08017724609375,1.4401102294921875,0.5849397644602574
1758795033.8425508,target,5,3.01691796875,-0.71819580078125,-2.5571699418551748
1758795033.8624566,herder,1,0.02210732650756836,2.777431884765625,-2.7340171540418865
1758795033.8624566,herder,2,-0.5038650512695313,-2.350444580078125,2.9502762208845716
1758795033.8624566,target,1,-0.7741818237304687,-2.0729775390625,-2.4454902815427015
1758795033.8624566,target,2,-0.17229293823242187,2.582773193359375,-0.7769485524698722
1758795033.8624566,target,3,-2.6646748046875,-1.4526617431640625,0.46545095017285887
1758795033.8624566,target,4,-2.080020263671875,1.439844970703125,0.5886561391824358
1758795033.8624566,target,5,3.016888427734375,-0.7182451171875,-2.5568002950958717
1758795033.8824847,herder,1,0.02202829360961914,2.777359130859375,-2.7340943857134987
1758795033.8824847,herder,2,-0.5042770385742188,-2.34949169921875,2.9862637830109215
1758795033.8824847,target,1,-0.7741963500976563,-2.072981689453125,-2.445573105852603
1758795033.8824847,target,2,-0.17267539978027344,2.582264404296875,-0.7744148210087708
1758795033.8824847,target,3,-2.661196044921875,-1.452412109375,0.49004394454870925
1758795033.8824847,target,4,-2.0802421875,1.4400078125,0.5782546309129133
1758795033.8824847,target,5,3.0168876953125,-0.7182577514648437,-2.5565619421783095
1758795033.9024765,herder,1,0.02160391426086426,2.776942626953125,-2.735313847176646
1758795033.9024765,herder,2,-0.504346435546875,-2.34888037109375,3.006703278061171
1758795033.9024765,target,1,-0.7741838989257812,-2.072979736328125,-2.4448686997442772
1758795033.9024765,target,2,-0.17332658386230468,2.5818486328125,-0.7707231471057029
1758795033.9024765,target,3,-2.659384033203125,-1.4524208984375,0.5076124187857984
1758795033.9024765,target,4,-2.081175048828125,1.4406673583984375,0.5640461338651226
1758795033.9024765,target,5,3.01690576171875,-0.7182586669921875,-2.5569542258068783
1758795033.9223309,herder,1,0.021361616134643553,2.776761474609375,-2.735716783449575
1758795033.9223309,herder,2,-0.5038573913574219,-2.34877734375,3.014203538639161
1758795033.9223309,target,1,-0.7741815795898438,-2.072960693359375,-2.445435154108137
1758795033.9223309,target,2,-0.17378286743164062,2.581583251953125,-0.7685775047944533
1758795033.9223309,target,3,-2.658770263671875,-1.4527596435546875,0.5135682456686245
1758795033.9223309,target,4,-2.081763916015625,1.44121728515625,0.5555531467012917
1758795033.9223309,target,5,3.016890625,-0.7182559814453126,-2.5563598082515724
1758795033.942397,herder,1,0.020451738357543946,2.77648046875,-2.7366361066578704
1758795033.942397,herder,2,-0.5039713134765625,-2.348529541015625,3.031245106454578
1758795033.942397,target,1,-0.7741959838867187,-2.07299853515625,-2.445300664473088
1758795033.942397,target,2,-0.17487855529785157,2.580823486328125,-0.7648261760829677
1758795033.942397,target,3,-2.657853515625,-1.452864013671875,0.5251381159978783
1758795033.942397,target,4,-2.082747314453125,1.4423310546875,0.5309101181864615
1758795033.942397,target,5,3.016902587890625,-0.71825390625,-2.555977112002928
1758795033.9627562,herder,1,0.01980752372741699,2.776063720703125,-2.737655564723153
1758795033.9627562,herder,2,-0.5042613830566406,-2.3482548828125,3.035795117176978
1758795033.9627562,target,1,-0.7741950073242188,-2.0729794921875,-2.4457629892383257
1758795033.9627562,target,2,-0.17557460021972657,2.580162353515625,-0.7626951145786863
1758795033.9627562,target,3,-2.656694580078125,-1.452622802734375,0.5358146289394651
1758795033.9627562,target,4,-2.083340576171875,1.4429345703125,0.5164100382888207
1758795033.9627562,target,5,3.01692236328125,-0.7182508544921875,-2.5567030897160836
1758795033.9824533,herder,1,0.019137971878051756,2.7758017578125,-2.7383543781931894
1758795033.9824533,herder,2,-0.5042660522460938,-2.348219482421875,3.036891007965546
1758795033.9824533,target,1,-0.7741849975585937,-2.0729794921875,-2.4460908243685147
1758795033.9824533,target,2,-0.1763466796875,2.579750244140625,-0.7607942833506423
1758795033.9824533,target,3,-2.65518896484375,-1.45181298828125,0.5298720512830623
1758795033.9824533,target,4,-2.083968505859375,1.4437540283203125,0.499173693529178
1758795033.9824533,target,5,3.016873291015625,-0.7182401733398438,-2.5557534064713616
1758795034.0023234,herder,1,0.01881779670715332,2.7756103515625,-2.7387482597184123
1758795034.0023234,herder,2,-0.5042821350097656,-2.3480947265625,3.0364345421547063
1758795034.0023234,target,1,-0.7741963500976563,-2.0729814453125,-2.4456514027886516
1758795034.0023234,target,2,-0.17670204162597655,2.5796630859375,-0.7591684235051489
1758795034.0023234,target,3,-2.654489501953125,-1.4512364501953126,0.5268678391258848
1758795034.0023234,target,4,-2.0841962890625,1.4440477294921874,0.4944480140433733
1758795034.0023234,target,5,3.01689111328125,-0.7182617797851563,-2.5564620736374315
1758795034.022364,herder,1,0.017851057052612303,2.77500537109375,-2.7393677109879646
1758795034.022364,herder,2,-0.5042363891601562,-2.348224853515625,3.032793201996241
1758795034.022364,target,1,-0.774193115234375,-2.072972900390625,-2.4452806907649127
1758795034.022364,target,2,-0.1774397735595703,2.579041259765625,-0.7540225304888433
1758795034.022364,target,3,-2.65359228515625,-1.4508360595703125,0.5404147403798726
1758795034.022364,target,4,-2.08370361328125,1.4448350830078125,0.4877228332111371
1758795034.022364,target,5,3.016875,-0.7182491455078125,-2.556309208190861
1758795034.0423605,herder,1,0.01710575294494629,2.7747548828125,-2.7386545164480416
1758795034.0423605,herder,2,-0.5045186767578125,-2.348398193359375,3.0278956487515853
1758795034.0423605,target,1,-0.7742138061523437,-2.072959716796875,-2.445191208552286
1758795034.0423605,target,2,-0.1778612060546875,2.578667236328125,-0.7522213680645954
1758795034.0423605,target,3,-2.65247802734375,-1.45132666015625,0.560145534974538
1758795034.0423605,target,4,-2.08328076171875,1.444808349609375,0.4905985145562046
1758795034.0423605,target,5,3.016886474609375,-0.7182211303710937,-2.5567928382448195
1758795034.062378,herder,1,0.016262262344360352,2.774485595703125,-2.7375865888509194
1758795034.062378,herder,2,-0.505029296875,-2.34868115234375,3.02132829350345
1758795034.062378,target,1,-0.7741878051757812,-2.072972900390625,-2.445368042448667
1758795034.062378,target,2,-0.17841519165039063,2.578118408203125,-0.7510363279585374
1758795034.062378,target,3,-2.650999755859375,-1.4525850830078124,0.5871684973975175
1758795034.062378,target,4,-2.083298828125,1.444709716796875,0.4899776651270799
1758795034.062378,target,5,3.0169013671875,-0.7182443237304688,-2.55754704546553
1758795034.0825572,herder,1,0.015733806610107422,2.774221435546875,-2.737286716912177
1758795034.0825572,herder,2,-0.5055603942871094,-2.348853759765625,3.0105009457756235
1758795034.0825572,target,1,-0.7741895141601562,-2.072975341796875,-2.4450356799446253
1758795034.0825572,target,2,-0.17885328674316406,2.577822998046875,-0.7519607777519312
1758795034.0825572,target,3,-2.64983984375,-1.45316357421875,0.6033010617538633
1758795034.0825572,target,4,-2.0839150390625,1.44524267578125,0.47800599036836033
1758795034.0825572,target,5,3.016900146484375,-0.718241943359375,-2.5565853779959022
1758795034.1024115,herder,1,0.015323783874511719,2.773879150390625,-2.7372435737025174
1758795034.1024115,herder,2,-0.5053403930664062,-2.3493974609375,2.995352885495253
1758795034.1024115,target,1,-0.7742032470703125,-2.0729814453125,-2.445808795609075
1758795034.1024115,target,2,-0.17929483032226562,2.57737353515625,-0.7524699075733271
1758795034.1024115,target,3,-2.6499365234375,-1.4539442138671874,0.6030608446235382
1758795034.1024115,target,4,-2.084159912109375,1.4458585205078125,0.46585488513119666
1758795034.1024115,target,5,3.01688818359375,-0.7182193603515625,-2.5563539492971743
1758795034.122381,herder,1,0.014911551475524903,2.773580078125,-2.7373146801036223
1758795034.122381,herder,2,-0.5053274230957031,-2.349663818359375,2.9759461643157366
1758795034.122381,target,1,-0.7741627807617187,-2.072975341796875,-2.445500934187062
1758795034.122381,target,2,-0.17999990844726563,2.5768212890625,-0.7485264317891922
1758795034.122381,target,3,-2.650010498046875,-1.4532889404296876,0.5929189279812711
1758795034.122381,target,4,-2.084301513671875,1.44577685546875,0.4655247197350541
1758795034.122381,target,5,3.01690234375,-0.718244384765625,-2.5563297145312545
1758795034.1423936,herder,1,0.01445170021057129,2.77343017578125,-2.737192707325697
1758795034.1423936,herder,2,-0.5059450073242188,-2.350024658203125,2.95390610945035
1758795034.1423936,target,1,-0.7741838989257812,-2.0729853515625,-2.4454575246612937
1758795034.1423936,target,2,-0.1805000457763672,2.576284912109375,-0.7487045306870913
1758795034.1423936,target,3,-2.649951171875,-1.4530865478515624,0.6003973506383227
1758795034.1423936,target,4,-2.0842578125,1.4453731689453124,0.47336310190294345
1758795034.1423936,target,5,3.01688330078125,-0.7182648315429687,-2.5565259895035934
1758795034.1623101,herder,1,0.013812101364135743,2.7731767578125,-2.736890438541973
1758795034.1623101,herder,2,-0.5056151123046875,-2.350682373046875,2.9320066694905194
1758795034.1623101,target,1,-0.7741837158203125,-2.0729931640625,-2.444855383938827
1758795034.1623101,target,2,-0.1806046600341797,2.576101318359375,-0.7489470780833702
1758795034.1623101,target,3,-2.6496494140625,-1.453220947265625,0.6030523890870771
1758795034.1623101,target,4,-2.08428662109375,1.4451064453125,0.4757747274280647
1758795034.1623101,target,5,3.01688330078125,-0.7182442016601562,-2.5563592756193545
1758795034.1824481,herder,1,0.013178922653198243,2.77293408203125,-2.7361263776252294
1758795034.1824481,herder,2,-0.5055165710449219,-2.35136328125,2.9095591509783505
1758795034.1824481,target,1,-0.7741990966796874,-2.0729892578125,-2.4453669771842312
1758795034.1824481,target,2,-0.18086251831054687,2.5756298828125,-0.7467095567145129
1758795034.1824481,target,3,-2.64992578125,-1.4533072509765625,0.5995019293008107
1758795034.1824481,target,4,-2.08424609375,1.445235595703125,0.48254351752315094
1758795034.1824481,target,5,3.0168818359375,-0.7182467651367187,-2.5563930977651985
1758795034.2023907,herder,1,0.012775782585144044,2.772840087890625,-2.735859795200112
1758795034.2023907,herder,2,-0.506474365234375,-2.351655029296875,2.8875494561493906
1758795034.2023907,target,1,-0.7741986694335937,-2.07298095703125,-2.445460720454602
1758795034.2023907,target,2,-0.18137586975097655,2.574947265625,-0.7439027846626511
1758795034.2023907,target,3,-2.650009521484375,-1.4537598876953124,0.6059521054609827
1758795034.2023907,target,4,-2.084147216796875,1.4451773681640625,0.4800969380087224
1758795034.2023907,target,5,3.016860595703125,-0.7182353515625,-2.5554583282225805
1758795034.222284,herder,1,0.01224239730834961,2.772480712890625,-2.7364171948162657
1758795034.222284,herder,2,-0.506076171875,-2.35216259765625,2.8665818562549785
1758795034.222284,target,1,-0.7742086181640625,-2.0729794921875,-2.445287348667638
1758795034.222284,target,2,-0.18220314025878906,2.5744150390625,-0.7403424711803515
1758795034.222284,target,3,-2.65007080078125,-1.4541370849609374,0.6303012541495226
1758795034.222284,target,4,-2.083880126953125,1.445608642578125,0.4744188455380781
1758795034.222284,target,5,3.01685107421875,-0.7182115478515625,-2.55506391406514
1758795034.242508,herder,1,0.01144290542602539,2.772012939453125,-2.7368813837942665
1758795034.242508,herder,2,-0.5057586059570313,-2.352710205078125,2.846454217368378
1758795034.242508,target,1,-0.77421044921875,-2.07299609375,-2.4455446100289393
1758795034.242508,target,2,-0.18287701416015625,2.57411083984375,-0.738869543360456
1758795034.242508,target,3,-2.649406982421875,-1.4549913330078126,0.6418717569795354
1758795034.242508,target,4,-2.083474609375,1.4460697021484374,0.4695564127302978
1758795034.242508,target,5,3.016863037109375,-0.7182028198242187,-2.555360590210575
1758795034.2627535,herder,1,0.010996381759643554,2.7718154296875,-2.736356474743412
1758795034.2627535,herder,2,-0.5066545715332031,-2.352978515625,2.8269465623835472
1758795034.2627535,target,1,-0.77420068359375,-2.07297119140625,-2.445665517542429
1758795034.2627535,target,2,-0.18353392028808593,2.573614990234375,-0.7375142606817146
1758795034.2627535,target,3,-2.64999658203125,-1.45478662109375,0.6266063844531466
1758795034.2627535,target,4,-2.083517578125,1.4460274658203125,0.4698874769433083
1758795034.2627535,target,5,3.01687109375,-0.7182158203125,-2.555468181918614
1758795034.2825441,herder,1,0.010693553924560548,2.7717421875,-2.7357047992246697
1758795034.2825441,herder,2,-0.5072801818847656,-2.353543701171875,2.808489524448753
1758795034.2825441,target,1,-0.774203857421875,-2.072968017578125,-2.445500401554844
1758795034.2825441,target,2,-0.1842018585205078,2.573187744140625,-0.7344642754433013
1758795034.2825441,target,3,-2.650105224609375,-1.45447314453125,0.6116546657241421
1758795034.2825441,target,4,-2.0835107421875,1.4459434814453125,0.47030432823293294
1758795034.2825441,target,5,3.01686376953125,-0.7182086791992187,-2.554966442369243
1758795034.3023093,herder,1,0.009916009902954102,2.771457763671875,-2.7346555137551785
1758795034.3023093,herder,2,-0.5065657043457031,-2.354348876953125,2.7927347960720623
1758795034.3023093,target,1,-0.7742083740234375,-2.0729619140625,-2.4460266421862435
1758795034.3023093,target,2,-0.18448057556152345,2.572876708984375,-0.7354005763035459
1758795034.3023093,target,3,-2.65082080078125,-1.4543621826171875,0.6084361023887268
1758795034.3023093,target,4,-2.08327001953125,1.4463048095703126,0.46621824017242436
1758795034.3023093,target,5,3.016861328125,-0.7182213134765625,-2.5544857417924836
1758795034.3229942,herder,1,0.009037702560424805,2.77120361328125,-2.7337116894648545
1758795034.3229942,herder,2,-0.5064028930664063,-2.35476806640625,2.781225679105176
1758795034.3229942,target,1,-0.7741885986328125,-2.072975830078125,-2.4455174457858204
1758795034.3229942,target,2,-0.18434024047851563,2.572781982421875,-0.7350146176825663
1758795034.3229942,target,3,-2.651069091796875,-1.45398779296875,0.6003874969422893
1758795034.3229942,target,4,-2.082840576171875,1.4465234375,0.4663081218592145
1758795034.3229942,target,5,3.016866455078125,-0.718241455078125,-2.5553696449582812
1758795034.342366,herder,1,0.00845100975036621,2.771023681640625,-2.7328858432108207
1758795034.342366,herder,2,-0.5067862243652344,-2.354621337890625,2.7722356462133955
1758795034.342366,target,1,-0.7742266235351563,-2.072977783203125,-2.4453153118590834
1758795034.342366,target,2,-0.1844456787109375,2.572753173828125,-0.7336446210388022
1758795034.342366,target,3,-2.65155859375,-1.4536474609375,0.5777602150565401
1758795034.342366,target,4,-2.082610595703125,1.4464224853515626,0.47224627201030506
1758795034.342366,target,5,3.016884521484375,-0.7182139282226563,-2.555609329456388
1758795034.3624759,herder,1,0.007828999519348144,2.7708798828125,-2.731723906027219
1758795034.3624759,herder,2,-0.5068279724121094,-2.35445751953125,2.767582038524591
1758795034.3624759,target,1,-0.7741836547851563,-2.07298486328125,-2.4458921525511945
1758795034.3624759,target,2,-0.18488734436035156,2.57203076171875,-0.7292561976155424
1758795034.3624759,target,3,-2.65243603515625,-1.4528624267578125,0.5703399824693068
1758795034.3624759,target,4,-2.08247021484375,1.4461075439453126,0.4752226874236049
1758795034.3624759,target,5,3.016875244140625,-0.7182078247070313,-2.5553478070373425
1758795034.3827894,herder,1,0.007323373317718506,2.770518310546875,-2.7313782277177268
1758795034.3827894,herder,2,-0.5067752075195312,-2.354475830078125,2.766975903060489
1758795034.3827894,target,1,-0.774201171875,-2.07299072265625,-2.4459552694690294
1758795034.3827894,target,2,-0.18554612731933592,2.57106396484375,-0.7269695409245731
1758795034.3827894,target,3,-2.652465087890625,-1.4531829833984375,0.5739891123739607
1758795034.3827894,target,4,-2.082576171875,1.4456986083984376,0.48027157479720434
1758795034.3827894,target,5,3.0168818359375,-0.7181898803710938,-2.5561520816865464
1758795034.4027028,herder,1,0.006984477996826172,2.770122802734375,-2.7317103239056597
1758795034.4027028,herder,2,-0.50645703125,-2.354844482421875,2.7678318430348403
1758795034.4027028,target,1,-0.7741738891601563,-2.0729697265625,-2.4456572617430496
1758795034.4027028,target,2,-0.1861453399658203,2.5700986328125,-0.7191582231312617
1758795034.4027028,target,3,-2.65222265625,-1.45349755859375,0.5806915564683903
1758795034.4027028,target,4,-2.083001708984375,1.4453770751953126,0.4924990128891124
1758795034.4027028,target,5,3.01688720703125,-0.7182037963867187,-2.556182708039082
1758795034.4226985,herder,1,0.006572894096374512,2.7698486328125,-2.731554795297999
1758795034.4226985,herder,2,-0.5064263610839844,-2.3550146484375,2.769799919080409
1758795034.4226985,target,1,-0.7741392822265625,-2.07298486328125,-2.4461251791465766
1758795034.4226985,target,2,-0.18641546630859376,2.569370361328125,-0.7149181377807192
1758795034.4226985,target,3,-2.65292138671875,-1.452938232421875,0.5626446453414684
1758795034.4226985,target,4,-2.08250390625,1.44515966796875,0.496257465556514
1758795034.4226985,target,5,3.01688134765625,-0.7182094116210938,-2.5558815045197942
1758795034.442366,herder,1,0.0059389109611511235,2.769607177734375,-2.731648804884479
1758795034.442366,herder,2,-0.5066924133300781,-2.354809814453125,2.7740018546483363
1758795034.442366,target,1,-0.7741694946289063,-2.07300732421875,-2.445728900776373
1758795034.442366,target,2,-0.1868261260986328,2.569125,-0.7139492131971212
1758795034.442366,target,3,-2.653546142578125,-1.452499267578125,0.5455639290580272
1758795034.442366,target,4,-2.082132080078125,1.445671142578125,0.4911897696077158
1758795034.442366,target,5,3.016875732421875,-0.7182252807617188,-2.5556873600763277
1758795034.4627283,herder,1,0.005161096572875976,2.76929345703125,-2.7311337495296577
1758795034.4627283,herder,2,-0.5063568420410156,-2.354445556640625,2.7828896221542574
1758795034.4627283,target,1,-0.7741971435546875,-2.072986083984375,-2.4456822954572965
1758795034.4627283,target,2,-0.18723193359375,2.568957763671875,-0.7133873527861417
1758795034.4627283,target,3,-2.653697998046875,-1.451997314453125,0.5465198041522839
1758795034.4627283,target,4,-2.082129638671875,1.4454788818359374,0.4931033840089923
1758795034.4627283,target,5,3.016890869140625,-0.7182039794921875,-2.554936348648925
1758795034.4826128,herder,1,0.004393704414367676,2.769038818359375,-2.729945180735155
1758795034.4826128,herder,2,-0.5056953735351563,-2.3538974609375,2.7960403116170687
1758795034.4826128,target,1,-0.7741783447265626,-2.072991455078125,-2.4456239722294235
1758795034.4826128,target,2,-0.18772988891601564,2.568509033203125,-0.7126053821110672
1758795034.4826128,target,3,-2.653504638671875,-1.45215234375,0.5471462795092114
1758795034.4826128,target,4,-2.08226025390625,1.4454927978515626,0.4914198001468714
1758795034.4826128,target,5,3.016864990234375,-0.7182020263671876,-2.5544133038108336
1758795034.5022984,herder,1,0.003579883098602295,2.768692626953125,-2.728516394810328
1758795034.5022984,herder,2,-0.5058025817871094,-2.353557861328125,2.813144996350321
1758795034.5022984,target,1,-0.7741915893554687,-2.072984375,-2.445628765919386
1758795034.5022984,target,2,-0.18818785095214843,2.567972900390625,-0.7130948045403965
1758795034.5022984,target,3,-2.653229736328125,-1.4528643798828125,0.5588772045053878
1758795034.5022984,target,4,-2.082280029296875,1.4461544189453126,0.48021508249258105
1758795034.5022984,target,5,3.01686279296875,-0.7181762084960938,-2.5556830990185833
1758795034.5223086,herder,1,0.003044576168060303,2.768425537109375,-2.727797074999897
1758795034.5223086,herder,2,-0.5059639892578125,-2.353340576171875,2.822741164706203
1758795034.5223086,target,1,-0.7741624145507813,-2.072975341796875,-2.4453723035064114
1758795034.5223086,target,2,-0.18838511657714843,2.567758544921875,-0.7121863337135432
1758795034.5223086,target,3,-2.653243408203125,-1.4532548828125,0.5696954974855076
1758795034.5223086,target,4,-2.08233447265625,1.4463826904296875,0.4774537506268188
1758795034.5223086,target,5,3.016888916015625,-0.7181914672851563,-2.556275119728908
1758795034.54239,herder,1,0.0021682794094085695,2.767912353515625,-2.7259877233552974
1758795034.54239,herder,2,-0.5063203735351562,-2.352687255859375,2.8445234255780703
1758795034.54239,target,1,-0.774185791015625,-2.073001220703125,-2.445466579409
1758795034.54239,target,2,-0.18882736206054687,2.56722314453125,-0.7134659160382991
1758795034.54239,target,3,-2.652648193359375,-1.454051513671875,0.5831649007517742
1758795034.54239,target,4,-2.082419677734375,1.446343994140625,0.47745155351891944
1758795034.54239,target,5,3.01688818359375,-0.718173828125,-2.555572577833345
1758795034.56238,herder,1,0.0015622723102569581,2.767775390625,-2.7235416098940597
1758795034.56238,herder,2,-0.5054260864257812,-2.3518251953125,2.880882498676486
1758795034.56238,target,1,-0.7741311645507812,-2.073024658203125,-2.4457163839192493
1758795034.56238,target,2,-0.1896281280517578,2.56628125,-0.7137852290529996
1758795034.56238,target,3,-2.6521923828125,-1.4544598388671874,0.5938021653567959
1758795034.56238,target,4,-2.08178662109375,1.4466279296875,0.4757402727814618
1758795034.56238,target,5,3.01686767578125,-0.7182294311523437,-2.5546748262298795
1758795034.5824947,herder,1,0.0008099997639656066,2.767287841796875,-2.7229104407157108
1758795034.5824947,herder,2,-0.5049504699707031,-2.35111572265625,2.906519685226243
1758795034.5824947,target,1,-0.7741690063476563,-2.072984375,-2.445225829646457
1758795034.5824947,target,2,-0.1902626953125,2.5656337890625,-0.7117485766093614
1758795034.5824947,target,3,-2.6517041015625,-1.4546744384765624,0.6202802450207452
1758795034.5824947,target,4,-2.081690673828125,1.4474329833984374,0.4617063126536121
1758795034.5824947,target,5,3.01686865234375,-0.7182279052734375,-2.5556348958028527
1758795034.6028616,herder,1,0.00010570368170738221,2.7669345703125,-2.722880080679284
1758795034.6028616,herder,2,-0.5052841186523438,-2.350555908203125,2.932634909191669
1758795034.6028616,target,1,-0.7741578369140625,-2.072996337890625,-2.4448465955072294
1758795034.6028616,target,2,-0.19080618286132814,2.565045654296875,-0.708238263976528
1758795034.6028616,target,3,-2.650364990234375,-1.4552545166015625,0.6373957821354392
1758795034.6028616,target,4,-2.08213330078125,1.448388671875,0.44499750681640043
1758795034.6028616,target,5,3.016876953125,-0.7182346801757813,-2.555343545979598
1758795034.6224732,herder,1,-4.1483409702777864e-05,2.7668642578125,-2.7225988508681715
1758795034.6224732,herder,2,-0.5051316528320312,-2.35031884765625,2.945874548234889
1758795034.6224732,target,1,-0.7742011108398438,-2.0729765625,-2.4454487362296966
1758795034.6224732,target,2,-0.1910070343017578,2.564935546875,-0.7071120797305608
1758795034.6224732,target,3,-2.649713623046875,-1.4552808837890625,0.6401199296144813
1758795034.6224732,target,4,-2.08247998046875,1.4488087158203125,0.43727560465668847
1758795034.6224732,target,5,3.0168642578125,-0.7182117919921875,-2.5551211720285765
1758795034.6425529,herder,1,-0.0005872127413749695,2.76671142578125,-2.7212819177091276
1758795034.6425529,herder,2,-0.5049939270019531,-2.349393310546875,2.983449620687035
1758795034.6425529,target,1,-0.7741641845703126,-2.07300390625,-2.4453581887526337
1758795034.6425529,target,2,-0.1916727294921875,2.564386474609375,-0.7066324444182375
1758795034.6425529,target,3,-2.6491591796875,-1.4537203369140625,0.6176679503074864
1758795034.6425529,target,4,-2.082521484375,1.449862060546875,0.42014954805568866
1758795034.6425529,target,5,3.01687255859375,-0.71820556640625,-2.5545248902605078
1758795034.662753,herder,1,-0.0013556529283523559,2.766362548828125,-2.720760737083799
1758795034.662753,herder,2,-0.5054503173828125,-2.34883984375,3.007240171336931
1758795034.662753,target,1,-0.7742088012695313,-2.07300390625,-2.445164843257494
1758795034.662753,target,2,-0.19205863952636718,2.564074951171875,-0.706726121109581
1758795034.662753,target,3,-2.64933984375,-1.4523692626953124,0.5909082413582613
1758795034.662753,target,4,-2.08213525390625,1.4505672607421876,0.4124005815213987
1758795034.662753,target,5,3.01687451171875,-0.7182159423828125,-2.5556173189396585
1758795034.6828964,herder,1,-0.0019097340106964112,2.766119140625,-2.720448348287933
1758795034.6828964,herder,2,-0.5051540832519531,-2.34820654296875,3.026540099756735
1758795034.6828964,target,1,-0.7741758422851562,-2.072989990234375,-2.444492927714467
1758795034.6828964,target,2,-0.19233006286621093,2.5638251953125,-0.7055436110065586
1758795034.6828964,target,3,-2.649017578125,-1.4507572021484374,0.578194043998114
1758795034.6828964,target,4,-2.0817060546875,1.4507322998046874,0.4137697792168357
1758795034.6828964,target,5,3.0168798828125,-0.7182268676757813,-2.5550535277368884
1758795034.7027028,herder,1,-0.002403491735458374,2.76580322265625,-2.7205167915279476
1758795034.7027028,herder,2,-0.5055120849609375,-2.34803564453125,3.039792521973187
1758795034.7027028,target,1,-0.7741882934570312,-2.072976806640625,-2.4451826864367976
1758795034.7027028,target,2,-0.1929167938232422,2.56319287109375,-0.7018549997387443
1758795034.7027028,target,3,-2.648434326171875,-1.4495662841796875,0.5691267794347212
1758795034.7027028,target,4,-2.08174462890625,1.450733642578125,0.41016249423080975
1758795034.7027028,target,5,3.016874267578125,-0.7182213134765625,-2.5550551256335425
1758795034.7225811,herder,1,-0.0027507498264312744,2.765654052734375,-2.7201692490056923
1758795034.7225811,herder,2,-0.5054131774902344,-2.34793896484375,3.043714292994438
1758795034.7225811,target,1,-0.77418603515625,-2.07298583984375,-2.4451509948198256
1758795034.7225811,target,2,-0.1932201385498047,2.56284814453125,-0.7017593256765833
1758795034.7225811,target,3,-2.648451171875,-1.4491671142578124,0.5596867388977446
1758795034.7225811,target,4,-2.082190185546875,1.4508277587890626,0.40564727105014853
1758795034.7225811,target,5,3.016858154296875,-0.7182481689453125,-2.5543469910996905
1758795034.7425735,herder,1,-0.003977141618728638,2.7651884765625,-2.7193703006786687
1758795034.7425735,herder,2,-0.5053068237304688,-2.34771728515625,3.0499186593859955
1758795034.7425735,target,1,-0.7741856079101562,-2.072964111328125,-2.445159250619205
1758795034.7425735,target,2,-0.19357246398925781,2.5624443359375,-0.6980373583161158
1758795034.7425735,target,3,-2.64807763671875,-1.4483773193359375,0.5509783020017264
1758795034.7425735,target,4,-2.083396728515625,1.451130126953125,0.39680071596209604
1758795034.7425735,target,5,3.016855224609375,-0.718216064453125,-2.555639156860597
1758795034.7625964,herder,1,-0.004368366241455078,2.765030029296875,-2.719110908788495
1758795034.7625964,herder,2,-0.5054982604980469,-2.347635009765625,3.050470998996078
1758795034.7625964,target,1,-0.7741973266601563,-2.073006591796875,-2.4460090653230493
1758795034.7625964,target,2,-0.19377548217773438,2.562264404296875,-0.6967688281098837
1758795034.7625964,target,3,-2.64796240234375,-1.448283203125,0.5498168974503428
1758795034.7625964,target,4,-2.083501220703125,1.451037841796875,0.39596688022479226
1758795034.7625964,target,5,3.01688232421875,-0.718210693359375,-2.555791755991059
1758795034.7832603,herder,1,-0.00502398157119751,2.76473095703125,-2.718613163980759
1758795034.7832603,herder,2,-0.5055667724609375,-2.3474931640625,3.0490451425484495
1758795034.7832603,target,1,-0.7741726684570313,-2.072991943359375,-2.445196268558357
1758795034.7832603,target,2,-0.19458882141113282,2.5613662109375,-0.6927048442864229
1758795034.7832603,target,3,-2.647843994140625,-1.44776123046875,0.5391010695931637
1758795034.7832603,target,4,-2.08307080078125,1.4514295654296876,0.3930692943797588
1758795034.7832603,target,5,3.016875244140625,-0.718222412109375,-2.5557187853771905
1758795034.8024654,herder,1,-0.005207282543182373,2.7646572265625,-2.718004897987785
1758795034.8024654,herder,2,-0.5056929931640625,-2.347575439453125,3.0477596346902684
1758795034.8024654,target,1,-0.7741670532226562,-2.072973388671875,-2.4449816177744967
1758795034.8024654,target,2,-0.19482960510253905,2.5610615234375,-0.6931618427294804
1758795034.8024654,target,3,-2.647625732421875,-1.447919677734375,0.5473384265818606
1758795034.8024654,target,4,-2.083217529296875,1.4519510498046875,0.38389576968887185
1758795034.8024654,target,5,3.0168857421875,-0.7181712036132812,-2.555628770532346
1758795034.8223171,herder,1,-0.005501685619354248,2.76439208984375,-2.718350043665059
1758795034.8223171,herder,2,-0.5058294067382813,-2.347767333984375,3.04327886615621
1758795034.8223171,target,1,-0.774211181640625,-2.072961181640625,-2.445168305366911
1758795034.8223171,target,2,-0.1952902069091797,2.560571533203125,-0.6916407782728817
1758795034.8223171,target,3,-2.647298095703125,-1.448616455078125,0.5717109777984796
1758795034.8223171,target,4,-2.084056640625,1.4527308349609376,0.36750058435953065
1758795034.8223171,target,5,3.016886962890625,-0.7181936645507813,-2.5547174368073207
1758795034.8423376,herder,1,-0.0063353776931762695,2.764071044921875,-2.71797134215805
1758795034.8423376,herder,2,-0.5059583129882812,-2.348489990234375,3.029173699758714
1758795034.8423376,target,1,-0.7741846923828125,-2.07299462890625,-2.445905734672754
1758795034.8423376,target,2,-0.1959525146484375,2.560037109375,-0.6908822434153998
1758795034.8423376,target,3,-2.64607666015625,-1.449834716796875,0.6010937006843511
1758795034.8423376,target,4,-2.08462451171875,1.45389794921875,0.34878179097909534
1758795034.8423376,target,5,3.01689111328125,-0.718233154296875,-2.554692669409183
1758795034.8624363,herder,1,-0.006769351482391358,2.7639541015625,-2.717872538881608
1758795034.8624363,herder,2,-0.5059657287597656,-2.348666015625,3.0150925018110293
1758795034.8624363,target,1,-0.7741815795898438,-2.072967041015625,-2.4451584516708778
1758795034.8624363,target,2,-0.1963206787109375,2.559708251953125,-0.6899502701919267
1758795034.8624363,target,3,-2.646196044921875,-1.45031005859375,0.5889514837473255
1758795034.8624363,target,4,-2.08400146484375,1.4535660400390624,0.3557274482600765
1758795034.8624363,target,5,3.016879638671875,-0.718243408203125,-2.554536874485413
1758795034.8825316,herder,1,-0.007164865493774414,2.763766357421875,-2.717143631691253
1758795034.8825316,herder,2,-0.5056702575683594,-2.3490498046875,2.998229632104757
1758795034.8825316,target,1,-0.7741786499023438,-2.072966552734375,-2.4453403455733302
1758795034.8825316,target,2,-0.19652462768554688,2.559410888671875,-0.6899132522527746
1758795034.8825316,target,3,-2.646368408203125,-1.4499283447265625,0.5816727315930028
1758795034.8825316,target,4,-2.08341259765625,1.4528177490234375,0.37172299297833766
1758795034.8825316,target,5,3.0168857421875,-0.7182251586914062,-2.554629552491348
1758795034.9028966,herder,1,-0.007777340412139892,2.763490478515625,-2.715597134046244
1758795034.9028966,herder,2,-0.5053670349121093,-2.34949072265625,2.9774913303802006
1758795034.9028966,target,1,-0.7742014770507812,-2.072968994140625,-2.445375499299719
1758795034.9028966,target,2,-0.19679554748535155,2.5590400390625,-0.690122909609591
1758795034.9028966,target,3,-2.64642236328125,-1.4496287841796875,0.5856673400700672
1758795034.9028966,target,4,-2.082671142578125,1.4523936767578125,0.38070556901906594
1758795034.9028966,target,5,3.01688720703125,-0.718228515625,-2.555408793426305
1758795034.922319,herder,1,-0.00837091064453125,2.7631396484375,-2.7150575776093944
1758795034.922319,herder,2,-0.5056578369140625,-2.349990966796875,2.953906908398677
1758795034.922319,target,1,-0.7742198486328125,-2.07298681640625,-2.4451736316890913
1758795034.922319,target,2,-0.1971971435546875,2.558451904296875,-0.6892172351018824
1758795034.922319,target,3,-2.646274169921875,-1.449818603515625,0.5840646497260574
1758795034.922319,target,4,-2.082091796875,1.45250634765625,0.3843005368850503
1758795034.922319,target,5,3.0168642578125,-0.7182301635742188,-2.5550756319739363
1758795034.9423108,herder,1,-0.0086669921875,2.762918701171875,-2.7145883286253225
1758795034.9423108,herder,2,-0.5059537048339844,-2.350304443359375,2.9423692956081267
1758795034.9423108,target,1,-0.7741959228515625,-2.072991943359375,-2.44613503284261
1758795034.9423108,target,2,-0.19739744567871093,2.55812353515625,-0.6875759955010937
1758795034.9423108,target,3,-2.646318115234375,-1.4503759765625,0.5896868491033237
1758795034.9423108,target,4,-2.081820068359375,1.452447265625,0.3854684994706181
1758795034.9423108,target,5,3.016890380859375,-0.7182149047851563,-2.555406662897433
1758795034.962432,herder,1,-0.010271455764770508,2.76220556640625,-2.7133182671014637
1758795034.962432,herder,2,-0.505422119140625,-2.35139697265625,2.9083823000926445
1758795034.962432,target,1,-0.7741444091796875,-2.07298388671875,-2.4459153220526786
1758795034.962432,target,2,-0.1981790008544922,2.55706787109375,-0.6832662684880457
1758795034.962432,target,3,-2.64590771484375,-1.4507821044921876,0.6076625872501134
1758795034.962432,target,4,-2.082050537109375,1.45226806640625,0.38541853191066555
1758795034.962432,target,5,3.0168935546875,-0.718209716796875,-2.5555936168059565
1758795034.982607,herder,1,-0.011041692733764649,2.7618740234375,-2.712966463521464
1758795034.982607,herder,2,-0.5060508422851563,-2.3516884765625,2.8864479727225336
1758795034.982607,target,1,-0.7741822509765625,-2.072990478515625,-2.445830100897796
1758795034.982607,target,2,-0.19871134948730468,2.556451416015625,-0.6790936276921096
1758795034.982607,target,3,-2.646634765625,-1.4502354736328125,0.5880391513368917
1758795034.982607,target,4,-2.0819619140625,1.45243212890625,0.3855450320624443
1758795034.982607,target,5,3.016883056640625,-0.7181767578125,-2.5554191797545567
1758795035.0022883,herder,1,-0.011558414459228516,2.761660400390625,-2.7126474168228727
1758795035.0022883,herder,2,-0.5056487121582032,-2.352198974609375,2.865746156304912
1758795035.0022883,target,1,-0.7741995849609375,-2.072981201171875,-2.4451230316283796
1758795035.0022883,target,2,-0.19943870544433595,2.55575244140625,-0.6746274399650195
1758795035.0022883,target,3,-2.646966796875,-1.450047607421875,0.5727017403030163
1758795035.0022883,target,4,-2.081483154296875,1.4524012451171875,0.38767692580456636
1758795035.0022883,target,5,3.0168837890625,-0.7181881103515625,-2.5553483396695604
1758795035.0224547,herder,1,-0.012268543243408203,2.76130224609375,-2.71152063336566
1758795035.0224547,herder,2,-0.5053502502441406,-2.35267626953125,2.845758067059431
1758795035.0224547,target,1,-0.77419873046875,-2.072970703125,-2.4451419400721193
1758795035.0224547,target,2,-0.2001378173828125,2.555154541015625,-0.6731258165843783
1758795035.0224547,target,3,-2.647055419921875,-1.44959130859375,0.5713600397458344
1758795035.0224547,target,4,-2.08119189453125,1.452709228515625,0.3836893414148771
1758795035.0224547,target,5,3.016880126953125,-0.718218505859375,-2.5554484745265476
1758795035.0424097,herder,1,-0.01305864429473877,2.76096435546875,-2.710780807214836
1758795035.0424097,herder,2,-0.5061657409667969,-2.3530654296875,2.8266179283050317
1758795035.0424097,target,1,-0.7741709594726562,-2.072986572265625,-2.445401065646184
1758795035.0424097,target,2,-0.200700439453125,2.55484375,-0.6734636385686549
1758795035.0424097,target,3,-2.648283447265625,-1.4491448974609376,0.5505135803915076
1758795035.0424097,target,4,-2.081478271484375,1.45304443359375,0.37212822622770686
1758795035.0424097,target,5,3.01686474609375,-0.7182452392578125,-2.555494280897297
1758795035.062515,herder,1,-0.013783498764038086,2.760641845703125,-2.7100252684135806
1758795035.062515,herder,2,-0.5067900085449218,-2.35352099609375,2.8083912538045293
1758795035.062515,target,1,-0.7741885986328125,-2.073007568359375,-2.445199730667774
1758795035.062515,target,2,-0.20086972045898438,2.554633056640625,-0.6730015801195262
1758795035.062515,target,3,-2.648966796875,-1.4483997802734374,0.5244502880673381
1758795035.062515,target,4,-2.0820966796875,1.4533634033203124,0.3672724846121654
1758795035.062515,target,5,3.01687109375,-0.7182272338867187,-2.5550745667095
1758795035.0825472,herder,1,-0.014454519271850586,2.760545654296875,-2.7084015390969594
1758795035.0825472,herder,2,-0.5060166320800781,-2.3544189453125,2.7915254546210573
1758795035.0825472,target,1,-0.7741978759765625,-2.07297314453125,-2.4450298209902273
1758795035.0825472,target,2,-0.20103623962402345,2.554335693359375,-0.6721648814840505
1758795035.0825472,target,3,-2.648778564453125,-1.4476473388671875,0.5244953953583013
1758795035.0825472,target,4,-2.082626220703125,1.4531634521484376,0.36654440965965135
1758795035.0825472,target,5,3.01689599609375,-0.7181991577148438,-2.555765124380158
1758795035.1027586,herder,1,-0.015177704811096192,2.76039208984375,-2.7065636916286957
1758795035.1027586,herder,2,-0.5060734252929687,-2.354966796875,2.776318005848378
1758795035.1027586,target,1,-0.7742030029296875,-2.07301904296875,-2.445196268558357
1758795035.1027586,target,2,-0.20163587951660156,2.553593017578125,-0.6699754301728691
1758795035.1027586,target,3,-2.6481201171875,-1.44704052734375,0.5176089934115744
1758795035.1027586,target,4,-2.082821533203125,1.4530413818359376,0.3676265518790914
1758795035.1027586,target,5,3.016893798828125,-0.718203369140625,-2.5553834933959494
1758795035.1223304,herder,1,-0.015177704811096192,2.76039208984375,-2.7065636916286957
1758795035.1223304,herder,2,-0.5060734252929687,-2.354966796875,2.776318005848378
1758795035.1223304,target,1,-0.7742030029296875,-2.07301904296875,-2.445196268558357
1758795035.1223304,target,2,-0.20163587951660156,2.553593017578125,-0.6699754301728691
1758795035.1223304,target,3,-2.6481201171875,-1.44704052734375,0.5176089934115744
1758795035.1223304,target,4,-2.082821533203125,1.4530413818359376,0.3676265518790914
1758795035.1223304,target,5,3.016893798828125,-0.718203369140625,-2.5553834933959494
1758795035.1424167,herder,1,-0.015177704811096192,2.76039208984375,-2.7065636916286957
1758795035.1424167,herder,2,-0.5060734252929687,-2.354966796875,2.776318005848378
1758795035.1424167,target,1,-0.7742030029296875,-2.07301904296875,-2.445196268558357
1758795035.1424167,target,2,-0.20163587951660156,2.553593017578125,-0.6699754301728691
1758795035.1424167,target,3,-2.6481201171875,-1.44704052734375,0.5176089934115744
1758795035.1424167,target,4,-2.082821533203125,1.4530413818359376,0.3676265518790914
1758795035.1424167,target,5,3.016893798828125,-0.718203369140625,-2.5553834933959494
1758795035.1624863,herder,1,-0.015177704811096192,2.76039208984375,-2.7065636916286957
1758795035.1624863,herder,2,-0.5060734252929687,-2.354966796875,2.776318005848378
1758795035.1624863,target,1,-0.7742030029296875,-2.07301904296875,-2.445196268558357
1758795035.1624863,target,2,-0.20163587951660156,2.553593017578125,-0.6699754301728691
1758795035.1624863,target,3,-2.6481201171875,-1.44704052734375,0.5176089934115744
1758795035.1624863,target,4,-2.082821533203125,1.4530413818359376,0.3676265518790914
1758795035.1624863,target,5,3.016893798828125,-0.718203369140625,-2.5553834933959494
1758795035.1824014,herder,1,-0.016865442276000977,2.759202880859375,-2.7056563526453057
1758795035.1824014,herder,2,-0.5068172302246093,-2.355104736328125,2.743549406531607
1758795035.1824014,target,1,-0.7741840209960937,-2.07297900390625,-2.445420240406033
1758795035.1824014,target,2,-0.20317120361328125,2.550911865234375,-0.6556409656055175
1758795035.1824014,target,3,-2.648048828125,-1.4463057861328126,0.515615184571973
1758795035.1824014,target,4,-2.081638427734375,1.45268603515625,0.3771017794319707
1758795035.1824014,target,5,3.01685693359375,-0.71823779296875,-2.5546010566676842
1758795035.2027445,herder,1,-0.017503137588500976,2.7590166015625,-2.7052787164027325
1758795035.2027445,herder,2,-0.5069960327148437,-2.355254638671875,2.7432556598633715
1758795035.2027445,target,1,-0.77414306640625,-2.073001220703125,-2.44515525587757
1758795035.2027445,target,2,-0.20339314270019532,2.550384521484375,-0.6527566955659345
1758795035.2027445,target,3,-2.6484365234375,-1.445743408203125,0.49266379598156107
1758795035.2027445,target,4,-2.081633544921875,1.45272998046875,0.37821504734665107
1758795035.2027445,target,5,3.01686669921875,-0.7182454833984375,-2.554124084516451
1758795035.2228918,herder,1,-0.017850589752197266,2.75887841796875,-2.7050057423909992
1758795035.2228918,herder,2,-0.5071863098144531,-2.3553095703125,2.7443057442811893
1758795035.2228918,target,1,-0.7741838989257812,-2.072984130859375,-2.445540615287304
1758795035.2228918,target,2,-0.20384657287597657,2.550045654296875,-0.6516036133929575
1758795035.2228918,target,3,-2.649253662109375,-1.443999267578125,0.46608371724786174
1758795035.2228918,target,4,-2.081769287109375,1.4526300048828125,0.3792505176679875
1758795035.2228918,target,5,3.016876708984375,-0.7182182006835938,-2.5551794952564495
1758795035.242371,herder,1,-0.01799289131164551,2.7587001953125,-2.7042616551824312
1758795035.242371,herder,2,-0.5071632995605468,-2.3551484375,2.748411007101547
1758795035.242371,target,1,-0.7742265014648437,-2.072965087890625,-2.445228492807547
1758795035.242371,target,2,-0.20440512084960938,2.549568359375,-0.6528339272375469
1758795035.242371,target,3,-2.649723876953125,-1.44224560546875,0.4419645325194501
1758795035.242371,target,4,-2.081817626953125,1.4524549560546876,0.38179410282512216
1758795035.242371,target,5,3.016842529296875,-0.7182303466796875,-2.55500479188894
1758795035.2623384,herder,1,-0.01828842544555664,2.758455078125,-2.7039127810796306
1758795035.2623384,herder,2,-0.5066692199707031,-2.35474853515625,2.7582122388613652
1758795035.2623384,target,1,-0.77420166015625,-2.072982421875,-2.4453121160657756
1758795035.2623384,target,2,-0.20472900390625,2.549140380859375,-0.6532646269648399
1758795035.2623384,target,3,-2.649666259765625,-1.4414866943359375,0.4313006030140139
1758795035.2623384,target,4,-2.08242724609375,1.451762939453125,0.39182020524948435
1758795035.2623384,target,5,3.016852783203125,-0.7182208251953125,-2.554458577549365
1758795035.2825916,herder,1,-0.018768985748291014,2.758091552734375,-2.7037958683077763
1758795035.2825916,herder,2,-0.5062077941894532,-2.354404296875,2.772046828092109
1758795035.2825916,target,1,-0.7741957397460938,-2.072985107421875,-2.4458540693476065
1758795035.2825916,target,2,-0.20495341491699218,2.54879638671875,-0.6505608526681369
1758795035.2825916,target,3,-2.64952392578125,-1.4413865966796875,0.4286153043973734
1758795035.2825916,target,4,-2.082698974609375,1.4511204833984375,0.39967513230564583
1758795035.2825916,target,5,3.016858642578125,-0.718234375,-2.5542106372518787
1758795035.302319,herder,1,-0.019072404861450197,2.75797216796875,-2.7029247483152115
1758795035.302319,herder,2,-0.5059559936523438,-2.3543212890625,2.779575584493763
1758795035.302319,target,1,-0.7741936645507812,-2.0729892578125,-2.4451821538045797
1758795035.302319,target,2,-0.20503875732421875,2.54853173828125,-0.6488180134717618
1758795035.302319,target,3,-2.64956787109375,-1.441678466796875,0.4306737281829229
1758795035.302319,target,4,-2.082646240234375,1.451199951171875,0.39786265144676514
1758795035.302319,target,5,3.01686279296875,-0.7182330322265625,-2.5546681683271544
1758795035.322661,herder,1,-0.01962494087219238,2.758085205078125,-2.7001305596995
1758795035.322661,herder,2,-0.5053720092773437,-2.35403955078125,2.806974185788498
1758795035.322661,target,1,-0.7741659545898437,-2.07297216796875,-2.4456559301625047
1758795035.322661,target,2,-0.20518077087402345,2.5482705078125,-0.6501193005594018
1758795035.322661,target,3,-2.649929443359375,-1.441541748046875,0.4252036618829274
1758795035.322661,target,4,-2.08221044921875,1.4513994140625,0.393211507181969
1758795035.322661,target,5,3.016876220703125,-0.7182299194335937,-2.5551917457974636
1758795035.3424473,herder,1,-0.01975617027282715,2.758177978515625,-2.69696033273787
1758795035.3424473,herder,2,-0.5056336059570312,-2.35336181640625,2.8296366214006365
1758795035.3424473,target,1,-0.77418212890625,-2.073001220703125,-2.445501200503171
1758795035.3424473,target,2,-0.20515641784667968,2.548112548828125,-0.6502651086290836
1758795035.3424473,target,3,-2.6500595703125,-1.441385986328125,0.41554530871559153
1758795035.3424473,target,4,-2.082322265625,1.451343505859375,0.3956705702640073
1758795035.3424473,target,5,3.0168623046875,-0.7182247314453125,-2.5550830888249885
1758795035.3624897,herder,1,-0.019902158737182617,2.758208984375,-2.694953374540386
1758795035.3624897,herder,2,-0.5058932189941406,-2.352830078125,2.842353748237983
1758795035.3624897,target,1,-0.7741925659179687,-2.072980224609375,-2.4451829527529068
1758795035.3624897,target,2,-0.2051791229248047,2.54804833984375,-0.652346502179035
1758795035.3624897,target,3,-2.6498759765625,-1.44132470703125,0.41946621420948793
1758795035.3624897,target,4,-2.082385498046875,1.4514306640625,0.3925971159184877
1758795035.3624897,target,5,3.0168876953125,-0.7182076416015625,-2.555030091919296
1758795035.3824825,herder,1,-0.020904417037963866,2.757478515625,-2.6927466792611465
1758795035.3824825,herder,2,-0.5048057556152343,-2.351595947265625,2.881047082031853
1758795035.3824825,target,1,-0.7741906127929687,-2.072970458984375,-2.4462972193529957
1758795035.3824825,target,2,-0.20537969970703124,2.54737451171875,-0.6514924929964739
1758795035.3824825,target,3,-2.64960498046875,-1.4414600830078126,0.4233605546715108
1758795035.3824825,target,4,-2.08234814453125,1.45136962890625,0.3951419327876266
1758795035.3824825,target,5,3.01689013671875,-0.7182786254882813,-2.556544631631224
1758795035.4023664,herder,1,-0.0218341064453125,2.75697119140625,-2.690948779209234
1758795035.4023664,herder,2,-0.5044449768066406,-2.351105224609375,2.9067268791590513
1758795035.4023664,target,1,-0.7742210693359375,-2.0729755859375,-2.4449312840298942
1758795035.4023664,target,2,-0.20581451416015625,2.54690478515625,-0.6520935018754775
1758795035.4023664,target,3,-2.649840576171875,-1.4421529541015625,0.4339474189529028
1758795035.4023664,target,4,-2.082357421875,1.45129541015625,0.39568704857325215
1758795035.4023664,target,5,3.016904541015625,-0.7182659912109375,-2.5564570136313605
1758795035.4224973,herder,1,-0.022129810333251954,2.756921142578125,-2.68988404740542
1758795035.4224973,herder,2,-0.5047363891601563,-2.350766357421875,2.9191116434923554
1758795035.4224973,target,1,-0.7741940307617188,-2.072948974609375,-2.445191208552286
1758795035.4224973,target,2,-0.20593841552734374,2.546587890625,-0.6518981590095202
1758795035.4224973,target,3,-2.649829345703125,-1.4426806640625,0.44877160555520623
1758795035.4224973,target,4,-2.0823056640625,1.45137890625,0.39506313650887387
1758795035.4224973,target,5,3.016898193359375,-0.7182357177734375,-2.5562908323793394
1758795035.4422586,herder,1,-0.02270598030090332,2.756706298828125,-2.6865934455625182
1758795035.4422586,herder,2,-0.5043701477050782,-2.350305908203125,2.9555721830283033
1758795035.4422586,target,1,-0.7741819458007813,-2.07300244140625,-2.4455145163086214
1758795035.4422586,target,2,-0.20624244689941407,2.54620703125,-0.6535613696893019
1758795035.4422586,target,3,-2.648613525390625,-1.4452210693359375,0.499737284994866
1758795035.4422586,target,4,-2.081509033203125,1.452071533203125,0.3890913972385347
1758795035.4422586,target,5,3.016897705078125,-0.7182636108398438,-2.5564532852058344
1758795035.4624286,herder,1,-0.023261993408203126,2.756549072265625,-2.683623221998753
1758795035.4624286,herder,2,-0.5041412048339844,-2.349650634765625,2.978403196737444
1758795035.4624286,target,1,-0.7741865234375,-2.07298095703125,-2.4456719091290453
1758795035.4624286,target,2,-0.20620501708984376,2.54598046875,-0.6542580526304667
1758795035.4624286,target,3,-2.647693115234375,-1.44677294921875,0.5272047290037798
1758795035.4624286,target,4,-2.081575927734375,1.4526343994140625,0.3792064756414603
1758795035.4624286,target,5,3.016877685546875,-0.71825390625,-2.5559976183433215
1758795035.4824584,herder,1,-0.02373080825805664,2.7562314453125,-2.682305756207491
1758795035.4824584,herder,2,-0.5048602905273437,-2.34908154296875,2.998316184840184
1758795035.4824584,target,1,-0.7741848754882813,-2.0729765625,-2.44529480551869
1758795035.4824584,target,2,-0.20633163452148437,2.54570361328125,-0.6560196671125268
1758795035.4824584,target,3,-2.647366455078125,-1.4475751953125,0.5364945339657623
1758795035.4824584,target,4,-2.08164453125,1.453024169921875,0.37322155372372523
1758795035.4824584,target,5,3.0168857421875,-0.7182630615234376,-2.556714274992662
1758795035.502395,herder,1,-0.024224115371704102,2.755878173828125,-2.680772840684041
1758795035.502395,herder,2,-0.5041546630859375,-2.34876708984375,3.0109227904922924
1758795035.502395,target,1,-0.774166015625,-2.072988525390625,-2.445894815712285
1758795035.502395,target,2,-0.20661375427246093,2.545285888671875,-0.6537261527817506
1758795035.502395,target,3,-2.64770703125,-1.4474559326171874,0.5350768334489723
1758795035.502395,target,4,-2.08153173828125,1.452797119140625,0.3784739398941204
1758795035.502395,target,5,3.01688037109375,-0.7182674560546874,-2.556186969096826
1758795035.5225375,herder,1,-0.024568614959716798,2.7557861328125,-2.679219418820198
1758795035.5225375,herder,2,-0.5040153503417969,-2.348733154296875,3.018807877847799
1758795035.5225375,target,1,-0.7741878662109375,-2.073000244140625,-2.445706263907107
1758795035.5225375,target,2,-0.206994873046875,2.54441943359375,-0.6537521851814061
1758795035.5225375,target,3,-2.6478515625,-1.4468853759765625,0.5233977402255116
1758795035.5225375,target,4,-2.08140576171875,1.4528758544921876,0.3764237053289229
1758795035.5225375,target,5,3.016896240234375,-0.7182692260742187,-2.5561246511273183
1758795035.5423994,herder,1,-0.024783079147338866,2.755474365234375,-2.680328625414216
1758795035.5423994,herder,2,-0.5044645690917968,-2.348483642578125,3.0226284487476267
1758795035.5423994,target,1,-0.7741580810546875,-2.07298583984375,-2.445937426289726
1758795035.5423994,target,2,-0.20726145935058593,2.544187255859375,-0.6515132656529765
1758795035.5423994,target,3,-2.6474697265625,-1.4461309814453125,0.5165768520416005
1758795035.5423994,target,4,-2.0815771484375,1.45333251953125,0.36666288703864625
1758795035.5423994,target,5,3.016892333984375,-0.718270263671875,-2.5557406232981292
1758795035.562348,herder,1,-0.02508295440673828,2.75501904296875,-2.6809342282461
1758795035.562348,herder,2,-0.5046341247558593,-2.348509765625,3.0232324536828568
1758795035.562348,target,1,-0.7741883544921875,-2.07298486328125,-2.4444742855868364
1758795035.562348,target,2,-0.207563232421875,2.543835693359375,-0.6500143054334254
1758795035.562348,target,3,-2.647206787109375,-1.4459056396484375,0.5158859281862931
1758795035.562348,target,4,-2.081823486328125,1.4536026611328126,0.3634014468096807
1758795035.562348,target,5,3.016874267578125,-0.7182689819335938,-2.55600614045881
1758795035.5824344,herder,1,-0.025938621520996095,2.754412353515625,-2.681837306171746
1758795035.5824344,herder,2,-0.5046510009765625,-2.348484619140625,3.0230529566253854
1758795035.5824344,target,1,-0.7741751098632812,-2.07297998046875,-2.4447453953858065
1758795035.5824344,target,2,-0.20825221252441406,2.543324462890625,-0.6464768951365004
1758795035.5824344,target,3,-2.646408447265625,-1.44520361328125,0.5108830802100384
1758795035.5824344,target,4,-2.082578369140625,1.4532939453125,0.3643013622315321
1758795035.5824344,target,5,3.016859130859375,-0.7182769165039062,-2.554957121305428
1758795035.6022732,herder,1,-0.026523054122924803,2.754093017578125,-2.6826066934106696
1758795035.6022732,herder,2,-0.5044225463867188,-2.34857421875,3.018943699063393
1758795035.6022732,target,1,-0.7741904907226562,-2.072989501953125,-2.4460924222651688
1758795035.6022732,target,2,-0.20909341430664063,2.542405517578125,-0.6421954642100345
1758795035.6022732,target,3,-2.645779052734375,-1.443035400390625,0.4784414172065883
1758795035.6022732,target,4,-2.0830654296875,1.4527501220703125,0.37118243785607885
1758795035.6022732,target,5,3.0168916015625,-0.7182431640625,-2.556108938476887
1758795035.6222725,herder,1,-0.02711299705505371,2.753980712890625,-2.683420289123689
1758795035.6222725,herder,2,-0.5040963134765625,-2.3487275390625,3.012932944483084
1758795035.6222725,target,1,-0.77415283203125,-2.072967041015625,-2.445497738393754
1758795035.6222725,target,2,-0.2095382537841797,2.54194873046875,-0.6380738895280006
1758795035.6222725,target,3,-2.645464111328125,-1.441443603515625,0.4595063085666113
1758795035.6222725,target,4,-2.082843505859375,1.453139404296875,0.36590887955501755
1758795035.6222725,target,5,3.01686474609375,-0.718243408203125,-2.555405065000779
1758795035.6423,herder,1,-0.027816295623779297,2.753504150390625,-2.68436224920125
1758795035.6423,herder,2,-0.5038048400878906,-2.34910693359375,3.0039399821141046
1758795035.6423,target,1,-0.77417333984375,-2.072980712890625,-2.4454090551294545
1758795035.6423,target,2,-0.21016682434082032,2.541307373046875,-0.6336472497430982
1758795035.6423,target,3,-2.645219970703125,-1.44125732421875,0.468955503719835
1758795035.6423,target,4,-2.082665771484375,1.4531204833984375,0.3646003686429207
1758795035.6423,target,5,3.01688037109375,-0.71824951171875,-2.554664706217737
1758795035.6622615,herder,1,-0.028437810897827147,2.7530888671875,-2.6853809083182054
1758795035.6622615,herder,2,-0.5035644226074218,-2.34947607421875,2.9910199224016942
1758795035.6622615,target,1,-0.7741821899414062,-2.07297314453125,-2.4449989283215823
1758795035.6622615,target,2,-0.21089500427246094,2.54091796875,-0.6299481855680054
1758795035.6622615,target,3,-2.644435546875,-1.4419410400390624,0.4939468737052476
1758795035.6622615,target,4,-2.083287353515625,1.4521983642578125,0.378812294510615
1758795035.6622615,target,5,3.016885498046875,-0.718220703125,-2.555211985821748
1758795035.682371,herder,1,-0.028650556564331055,2.752893798828125,-2.6857510877097264
1758795035.682371,herder,2,-0.5037366638183594,-2.349627197265625,2.9832048761828567
1758795035.682371,target,1,-0.7742138061523437,-2.072967529296875,-2.4458247745756156
1758795035.682371,target,2,-0.21124066162109376,2.540575439453125,-0.629179464119354
1758795035.682371,target,3,-2.643985595703125,-1.4427618408203124,0.5130451675410193
1758795035.682371,target,4,-2.083562744140625,1.451920654296875,0.38697514956781687
1758795035.682371,target,5,3.016876953125,-0.718238037109375,-2.554860448557858
1758795035.7023501,herder,1,-0.0296278076171875,2.7525146484375,-2.684153723687897
1758795035.7023501,herder,2,-0.5041925048828125,-2.35030419921875,2.953644587031304
1758795035.7023501,target,1,-0.7741801147460937,-2.07299365234375,-2.4453512645338
1758795035.7023501,target,2,-0.21185403442382814,2.5397900390625,-0.6291094895617122
1758795035.7023501,target,3,-2.642870849609375,-1.44529833984375,0.5528495388521569
1758795035.7023501,target,4,-2.08328271484375,1.4511263427734375,0.3980167153158262
1758795035.7023501,target,5,3.016861328125,-0.7182241821289063,-2.554630884071893
1758795035.7222514,herder,1,-0.030148311614990233,2.752359619140625,-2.683129471932652
1758795035.7222514,herder,2,-0.5039385681152344,-2.350841552734375,2.9320807053688234
1758795035.7222514,target,1,-0.7741629028320313,-2.07299560546875,-2.445340878205548
1758795035.7222514,target,2,-0.21176986694335936,2.539643310546875,-0.6287476325485977
1758795035.7222514,target,3,-2.643286865234375,-1.445923095703125,0.5453156225758908
1758795035.7222514,target,4,-2.083386962890625,1.451728759765625,0.38698087536416054
1758795035.7222514,target,5,3.01686865234375,-0.718215576171875,-2.555006389785594
1758795035.7422493,herder,1,-0.03084189796447754,2.752175537109375,-2.682741449361828
1758795035.7422493,herder,2,-0.5038558654785156,-2.351367919921875,2.909541574115156
1758795035.7422493,target,1,-0.7741458740234375,-2.07299365234375,-2.445974444228878
1758795035.7422493,target,2,-0.21191778564453126,2.53955029296875,-0.6275803024637887
1758795035.7422493,target,3,-2.643249267578125,-1.44537744140625,0.5261923948944134
1758795035.7422493,target,4,-2.084333984375,1.452079833984375,0.37962249469324433
1758795035.7422493,target,5,3.0168779296875,-0.7182329711914063,-2.555060984587941
1758795035.7626767,herder,1,-0.03130854034423828,2.751922607421875,-2.6819899053022076
1758795035.7626767,herder,2,-0.5045698547363281,-2.351610107421875,2.887190462034448
1758795035.7626767,target,1,-0.774141357421875,-2.073005126953125,-2.4459211810070767
1758795035.7626767,target,2,-0.2124049072265625,2.538756103515625,-0.6246778563497658
1758795035.7626767,target,3,-2.644567138671875,-1.44402099609375,0.49474226005431343
1758795035.7626767,target,4,-2.0848076171875,1.4515950927734376,0.38461012936177197
1758795035.7626767,target,5,3.016879638671875,-0.7182255859375,-2.5550836214572064
1758795035.7827768,herder,1,-0.031305133819580076,2.7518994140625,-2.6817816461049633
1758795035.7827768,herder,2,-0.5044129638671875,-2.351961181640625,2.8762525931213836
1758795035.7827768,target,1,-0.7741552124023438,-2.072983154296875,-2.4455946774574326
1758795035.7827768,target,2,-0.21266061401367187,2.53860107421875,-0.6246245931279643
1758795035.7827768,target,3,-2.64490478515625,-1.4428916015625,0.48115351388169775
1758795035.7827768,target,4,-2.08478857421875,1.4511297607421876,0.39378155681330046
1758795035.7827768,target,5,3.016893310546875,-0.7182361450195313,-2.555365383900537
1758795035.8026025,herder,1,-0.0313944263458252,2.75159326171875,-2.682203224505523
1758795035.8026025,herder,2,-0.5038598022460937,-2.353005126953125,2.846023850536221
1758795035.8026025,target,1,-0.77418017578125,-2.072984375,-2.4455808290197645
1758795035.8026025,target,2,-0.2130940399169922,2.53813818359375,-0.6255816000656842
1758795035.8026025,target,3,-2.645477294921875,-1.4403994140625,0.44183999644897526
1758795035.8026025,target,4,-2.083986083984375,1.4509332275390625,0.40381195358492045
1758795035.8026025,target,5,3.016876220703125,-0.7182357788085938,-2.555171505773179
1758795035.8223245,herder,1,-0.0317053108215332,2.751370361328125,-2.682543842808944
1758795035.8223245,herder,2,-0.5040886535644531,-2.3531611328125,2.836286268326455
1758795035.8223245,target,1,-0.7742070922851563,-2.0729736328125,-2.4455946774574326
1758795035.8223245,target,2,-0.2132954559326172,2.538070068359375,-0.6240372995285745
1758795035.8223245,target,3,-2.64561328125,-1.440272705078125,0.4414023392133344
1758795035.8223245,target,4,-2.083943115234375,1.45052099609375,0.410133632222496
1758795035.8223245,target,5,3.0168828125,-0.7182571411132812,-2.554932087591181
1758795035.8423991,herder,1,-0.03238737869262695,2.751131591796875,-2.6819281199649176
1758795035.8423991,herder,2,-0.5050033874511719,-2.353316162109375,2.818485433284257
1758795035.8423991,target,1,-0.7741875610351563,-2.072993408203125,-2.4452125138410064
1758795035.8423991,target,2,-0.21382872009277343,2.537459716796875,-0.6202272481150527
1758795035.8423991,target,3,-2.64570556640625,-1.4401456298828126,0.4372157501111889
1758795035.8423991,target,4,-2.08370166015625,1.450434814453125,0.4135542961951347
1758795035.8423991,target,5,3.016870361328125,-0.718233642578125,-2.555193077378009
1758795035.8626204,herder,1,-0.033304363250732424,2.750776123046875,-2.6814942910233435
1758795035.8626204,herder,2,-0.50481591796875,-2.354109375,2.7944565297167987
1758795035.8626204,target,1,-0.7741885375976563,-2.07298486328125,-2.445128624266669
1758795035.8626204,target,2,-0.21467518615722656,2.53653076171875,-0.6157660538150064
1758795035.8626204,target,3,-2.6472919921875,-1.4393582763671875,0.3948126662083519
1758795035.8626204,target,4,-2.083828369140625,1.4513175048828124,0.397520967878908
1758795035.8626204,target,5,3.016882568359375,-0.7182682495117187,-2.5546173019503335
1758795035.8824675,herder,1,-0.03427506256103516,2.75018408203125,-2.6816183943301413
1758795035.8824675,herder,2,-0.5048836669921875,-2.354687744140625,2.783410003831259
1758795035.8824675,target,1,-0.77417626953125,-2.072972412109375,-2.4452532602056847
1758795035.8824675,target,2,-0.21503135681152344,2.53589599609375,-0.6117013376222458
1758795035.8824675,target,3,-2.64711083984375,-1.439174072265625,0.4035117154615276
1758795035.8824675,target,4,-2.08378369140625,1.45187255859375,0.39037320996070346
1758795035.8824675,target,5,3.016889404296875,-0.7182587890625,-2.554692669409183
1758795035.9025624,herder,1,-0.035121295928955076,2.74977587890625,-2.6817038818011327
1758795035.9025624,herder,2,-0.5051156616210938,-2.354690185546875,2.7777036485635462
1758795035.9025624,target,1,-0.774186767578125,-2.072990966796875,-2.44485724815159
1758795035.9025624,target,2,-0.2152235870361328,2.53519580078125,-0.604166589108139
1758795035.9025624,target,3,-2.646777587890625,-1.4390245361328124,0.40600819595688153
1758795035.9025624,target,4,-2.08398046875,1.4516190185546876,0.39390426196052586
1758795035.9025624,target,5,3.01688037109375,-0.7182202758789062,-2.5547541884303637
1758795035.9223819,herder,1,-0.0357498779296875,2.749426025390625,-2.681744628165811
1758795035.9223819,herder,2,-0.5052202758789063,-2.35452734375,2.775847158967652
1758795035.9223819,target,1,-0.7741788330078125,-2.072990966796875,-2.4451800232757077
1758795035.9223819,target,2,-0.21553240966796874,2.53393115234375,-0.5943218146644976
1758795035.9223819,target,3,-2.647555908203125,-1.4389638671875,0.3899864856809103
1758795035.9223819,target,4,-2.08367822265625,1.451364013671875,0.4021930512477749
1758795035.9223819,target,5,3.016859375,-0.71820556640625,-2.554899330709773
1758795035.9422438,herder,1,-0.036630580902099606,2.7490732421875,-2.68076511751688
1758795035.9422438,herder,2,-0.5052625427246094,-2.354369384765625,2.775616529217251
1758795035.9422438,target,1,-0.7742064208984375,-2.0729921875,-2.4454183761932695
1758795035.9422438,target,2,-0.21580931091308594,2.53328662109375,-0.5871614400206289
1758795035.9422438,target,3,-2.64728369140625,-1.4383707275390625,0.38688829722676665
1758795035.9422438,target,4,-2.08352294921875,1.4514658203125,0.39865404305419583
1758795035.9422438,target,5,3.016866455078125,-0.7182288818359375,-2.554896134916465
1758795035.9625576,herder,1,-0.03748093032836914,2.74877294921875,-2.6797342078589104
1758795035.9625576,herder,2,-0.5051798400878906,-2.354525634765625,2.7759227927426102
1758795035.9625576,target,1,-0.7742089233398437,-2.07297119140625,-2.4454167782966154
1758795035.9625576,target,2,-0.21578155517578124,2.5326767578125,-0.5856377789819672
1758795035.9625576,target,3,-2.64744580078125,-1.4378778076171874,0.3792953253533281
1758795035.9625576,target,4,-2.08298681640625,1.45190771484375,0.3943257072030309
1758795035.9625576,target,5,3.0168701171875,-0.718243896484375,-2.555442082939931
1758795035.9823635,herder,1,-0.037788856506347654,2.748597900390625,-2.6788673489240895
1758795035.9823635,herder,2,-0.5050823974609375,-2.354640625,2.7767739390269996
1758795035.9823635,target,1,-0.7741799926757813,-2.0729609375,-2.4452913434092727
1758795035.9823635,target,2,-0.2159068145751953,2.532575927734375,-0.5871629713382556
1758795035.9823635,target,3,-2.647619873046875,-1.437419189453125,0.3671116629718382
1758795035.9823635,target,4,-2.08279736328125,1.451976318359375,0.3929976886359493
1758795035.9823635,target,5,3.016895263671875,-0.7181808471679687,-2.5553864228731484
1758795036.002547,herder,1,-0.0385010757446289,2.748343017578125,-2.676166903578749
1758795036.002547,herder,2,-0.5047111511230469,-2.3545087890625,2.7875943625359914
1758795036.002547,target,1,-0.7741710205078125,-2.072982666015625,-2.445595742721869
1758795036.002547,target,2,-0.21673152160644532,2.53199609375,-0.5889138665969282
1758795036.002547,target,3,-2.64804345703125,-1.4351297607421876,0.3289289237379634
1758795036.002547,target,4,-2.083215576171875,1.452468017578125,0.38271941814587024
1758795036.002547,target,5,3.016882568359375,-0.718207275390625,-2.5555400872680463
1758795036.0223687,herder,1,-0.03870366287231446,2.74839990234375,-2.673606540506747
1758795036.0223687,herder,2,-0.5044325866699219,-2.35406201171875,2.800741856205495
1758795036.0223687,target,1,-0.7741975708007812,-2.0729775390625,-2.4456593922719216
1758795036.0223687,target,2,-0.21683822631835936,2.5319208984375,-0.5923985463042697
1758795036.0223687,target,3,-2.64816796875,-1.43273876953125,0.2913684653822992
1758795036.0223687,target,4,-2.083655517578125,1.4531864013671876,0.3707167175604512
1758795036.0223687,target,5,3.01689306640625,-0.7182227172851563,-2.555644749498886
1758795036.0422466,herder,1,-0.0388825569152832,2.748467529296875,-2.670852032991278
1758795036.0422466,herder,2,-0.5047937622070312,-2.35346435546875,2.816446517153692
1758795036.0422466,target,1,-0.7741837158203125,-2.07297802734375,-2.445540615287304
1758795036.0422466,target,2,-0.216765380859375,2.53189599609375,-0.5943396578438012
1758795036.0422466,target,3,-2.6480126953125,-1.430330078125,0.24477694480931053
1758795036.0422466,target,4,-2.08384814453125,1.4529515380859375,0.3727703809455522
1758795036.0422466,target,5,3.01686181640625,-0.7182280883789063,-2.5554838945690452
1758795036.0624812,herder,1,-0.039117130279541015,2.74852490234375,-2.6686495987697825
1758795036.0624812,herder,2,-0.5050416870117187,-2.352765625,2.834299017521038
1758795036.0624812,target,1,-0.7742217407226563,-2.072979736328125,-2.4452545917862296
1758795036.0624812,target,2,-0.2166991271972656,2.531771484375,-0.5961191820841921
1758795036.0624812,target,3,-2.648466552734375,-1.4280322265625,0.211783025419562
1758795036.0624812,target,4,-2.083911865234375,1.45222119140625,0.3917357830429289
1758795036.0624812,target,5,3.016873779296875,-0.7182433471679688,-2.5550806919800073
1758795036.0823145,herder,1,-0.039302940368652346,2.7483876953125,-2.6672325307537514
1758795036.0823145,herder,2,-0.5044952697753906,-2.35222021484375,2.8545733965837026
1758795036.0823145,target,1,-0.7741953125,-2.072995849609375,-2.445227960175329
1758795036.0823145,target,2,-0.21687911987304687,2.531650390625,-0.5968408321605763
1758795036.0823145,target,3,-2.6485205078125,-1.426904052734375,0.2057005652269028
1758795036.0823145,target,4,-2.08345166015625,1.451512939453125,0.40623736096868285
1758795036.0823145,target,5,3.01686865234375,-0.7182142944335937,-2.555164048922127
1758795036.1022825,herder,1,-0.03953585433959961,2.74820556640625,-2.6660602072418986
1758795036.1022825,herder,2,-0.5040228271484375,-2.35175634765625,2.8779751257144466
1758795036.1022825,target,1,-0.7742468872070313,-2.072969482421875,-2.4451424727043376
1758795036.1022825,target,2,-0.21694760131835938,2.531516845703125,-0.5989916010569243
1758795036.1022825,target,3,-2.64841259765625,-1.426646240234375,0.18929777324369806
1758795036.1022825,target,4,-2.082847900390625,1.45041162109375,0.42424082928032286
1758795036.1022825,target,5,3.01687841796875,-0.7182400512695313,-2.555591219960976
1758795036.1223211,herder,1,-0.03971669387817383,2.748110107421875,-2.6638479193243696
1758795036.1223211,herder,2,-0.5039695129394531,-2.35122119140625,2.903089267426112
1758795036.1223211,target,1,-0.7741908569335938,-2.072987060546875,-2.4451555221936787
1758795036.1223211,target,2,-0.21698626708984375,2.5312939453125,-0.6007046794281178
1758795036.1223211,target,3,-2.648101318359375,-1.4260084228515626,0.16316585458718863
1758795036.1223211,target,4,-2.08211865234375,1.4496982421875,0.4358613329598019
1758795036.1223211,target,5,3.016884033203125,-0.7182323608398438,-2.5553073269887734
1758795036.1423306,herder,1,-0.03986233520507813,2.748140625,-2.662174655211473
1758795036.1423306,herder,2,-0.50421923828125,-2.35094775390625,2.916594689946122
1758795036.1423306,target,1,-0.7741571044921876,-2.072997314453125,-2.4448772218597656
1758795036.1423306,target,2,-0.217041748046875,2.531229736328125,-0.6017303293429346
1758795036.1423306,target,3,-2.64788525390625,-1.4253056640625,0.15077511478618827
1758795036.1423306,target,4,-2.081843017578125,1.449670654296875,0.4382389033124837
1758795036.1423306,target,5,3.016865234375,-0.7182120361328125,-2.554729687348335
1758795036.1624496,herder,1,-0.04052797317504883,2.74804443359375,-2.657815060507013
1758795036.1624496,herder,2,-0.5033703308105468,-2.350150634765625,2.953582002745687
1758795036.1624496,target,1,-0.7742159423828125,-2.07296484375,-2.4452604507406277
1758795036.1624496,target,2,-0.2172556915283203,2.530901123046875,-0.6063315393372917
1758795036.1624496,target,3,-2.647160400390625,-1.4225931396484375,0.12139798453860595
1758795036.1624496,target,4,-2.081442138671875,1.4505450439453125,0.4274530010291219
1758795036.1624496,target,5,3.01687939453125,-0.7182276000976563,-2.5551142478097426
1758795036.1828942,herder,1,-0.04139769744873047,2.747476318359375,-2.6574789695774452
1758795036.1828942,herder,2,-0.5037352294921875,-2.349443603515625,2.977498787231253
1758795036.1828942,target,1,-0.7742039794921876,-2.07297265625,-2.4452838865582205
1758795036.1828942,target,2,-0.21740609741210937,2.530783935546875,-0.6087322459019436
1758795036.1828942,target,3,-2.64639111328125,-1.4224117431640626,0.12139214222896458
1758795036.1828942,target,4,-2.081482421875,1.449990478515625,0.433441484924815
1758795036.1828942,target,5,3.01688427734375,-0.718283447265625,-2.5562703260389457
1758795036.2023063,herder,1,-0.04237023544311523,2.74655029296875,-2.6582768526400327
1758795036.2023063,herder,2,-0.5041159973144531,-2.348920654296875,2.9996448359080246
1758795036.2023063,target,1,-0.7741887817382812,-2.07298291015625,-2.445934763128636
1758795036.2023063,target,2,-0.21755021667480468,2.53073681640625,-0.607536486572498
1758795036.2023063,target,3,-2.646875,-1.4227530517578124,0.12145405240193052
1758795036.2023063,target,4,-2.081847900390625,1.44955859375,0.4472918200955037
1758795036.2023063,target,5,3.016885498046875,-0.7182930908203125,-2.556236237576993
1758795036.2224708,herder,1,-0.042621063232421874,2.746343017578125,-2.658118660871282
1758795036.2224708,herder,2,-0.5039107971191407,-2.348637451171875,3.0101992096241177
1758795036.2224708,target,1,-0.7741808471679688,-2.072987548828125,-2.445509189986441
1758795036.2224708,target,2,-0.21778610229492187,2.530420166015625,-0.6069979288210567
1758795036.2224708,target,3,-2.64706787109375,-1.4225360107421876,0.11232312996610644
1758795036.2224708,target,4,-2.08169970703125,1.4491900634765624,0.44989153137261184
1758795036.2224708,target,5,3.016890625,-0.7182796630859375,-2.5552948101316497
1758795036.242343,herder,1,-0.04297318267822266,2.7460673828125,-2.6584547518008503
1758795036.242343,herder,2,-0.5038205261230468,-2.348144775390625,3.0335135870711074
1758795036.242343,target,1,-0.774220458984375,-2.072993896484375,-2.445060181026654
1758795036.242343,target,2,-0.21852227783203124,2.5295703125,-0.6038626558487338
1758795036.242343,target,3,-2.646547607421875,-1.4217928466796874,0.09108724155900431
1758795036.242343,target,4,-2.0817802734375,1.44978271484375,0.4344629403609149
1758795036.242343,target,5,3.016906982421875,-0.7182474975585937,-2.557016277460277
1758795036.2623763,herder,1,-0.04352712249755859,2.74560888671875,-2.6596851322244666
1758795036.2623763,herder,2,-0.5040818176269531,-2.347875,3.0418876308027527
1758795036.2623763,target,1,-0.7741819458007813,-2.072978759765625,-2.445831432478341
1758795036.2623763,target,2,-0.21940226745605468,2.52875390625,-0.5988549808930033
1758795036.2623763,target,3,-2.646600341796875,-1.4209459228515624,0.08965330408194318
1758795036.2623763,target,4,-2.081906982421875,1.44964453125,0.43638044963528555
1758795036.2623763,target,5,3.01687744140625,-0.7182765502929688,-2.5563227903124206
1758795036.282304,herder,1,-0.044159503936767576,2.74516259765625,-2.6611485392434653
1758795036.282304,herder,2,-0.5041043395996094,-2.34776513671875,3.0461580096106946
1758795036.282304,target,1,-0.7742062377929687,-2.072966796875,-2.4462631308910425
1758795036.282304,target,2,-0.22022384643554688,2.527896728515625,-0.5928719231880313
1758795036.282304,target,3,-2.646042236328125,-1.4206829833984376,0.08213961950758335
1758795036.282304,target,4,-2.082591064453125,1.4490194091796875,0.45049730065206395
1758795036.282304,target,5,3.0168818359375,-0.7182715454101563,-2.5558024086354187
1758795036.302659,herder,1,-0.0446513557434082,2.744722412109375,-2.6628974371313205
1758795036.302659,herder,2,-0.5042060241699219,-2.347587646484375,3.047103698113782
1758795036.302659,target,1,-0.774217529296875,-2.07297021484375,-2.4456183795911346
1758795036.302659,target,2,-0.22094717407226563,2.5271298828125,-0.5878278295043939
1758795036.302659,target,3,-2.645259033203125,-1.4204786376953125,0.07723067292688912
1758795036.302659,target,4,-2.08229833984375,1.4486329345703124,0.46289611316011864
1758795036.302659,target,5,3.01689208984375,-0.7182819213867188,-2.5552434111226114
1758795036.322543,herder,1,-0.04477347183227539,2.744552001953125,-2.6640910659318937
1758795036.322543,herder,2,-0.5042290344238282,-2.34758056640625,3.047000367463487
1758795036.322543,target,1,-0.7742012939453125,-2.07295703125,-2.445726770247501
1758795036.322543,target,2,-0.2212269287109375,2.526966796875,-0.5861531006528976
1758795036.322543,target,3,-2.6451171875,-1.420697509765625,0.08366370498754366
1758795036.322543,target,4,-2.08204833984375,1.448445068359375,0.4659693011895292
1758795036.322543,target,5,3.016878662109375,-0.7182976684570312,-2.556202948063367
1758795036.342363,herder,1,-0.04486272430419922,2.7444326171875,-2.6674088320179146
1758795036.342363,herder,2,-0.5040334777832032,-2.347796630859375,3.0422799144313215
1758795036.342363,target,1,-0.7741819458007813,-2.072973388671875,-2.4450804210509385
1758795036.342363,target,2,-0.22170008850097656,2.526697265625,-0.5826225479957795
1758795036.342363,target,3,-2.644788330078125,-1.421939208984375,0.11398763061454117
1758795036.342363,target,4,-2.081965087890625,1.4477659912109375,0.468135216814577
1758795036.342363,target,5,3.01687158203125,-0.7182623901367188,-2.5558538076444575
1758795036.3622825,herder,1,-0.04502255630493164,2.74425732421875,-2.6708059603044196
1758795036.3622825,herder,2,-0.5039619750976563,-2.348171875,3.0347524896102125
1758795036.3622825,target,1,-0.7741983032226563,-2.07296142578125,-2.444939007197055
1758795036.3622825,target,2,-0.2221600341796875,2.52663232421875,-0.577132641145663
1758795036.3622825,target,3,-2.645087158203125,-1.4237459716796874,0.14352387641487732
1758795036.3622825,target,4,-2.08227294921875,1.4473072509765625,0.4761389812861603
1758795036.3622825,target,5,3.016896484375,-0.718252197265625,-2.5563856409141463
1758795036.382538,herder,1,-0.045082637786865234,2.744244140625,-2.6727175773348786
1758795036.382538,herder,2,-0.5040774841308594,-2.34833740234375,3.0294791643357466
1758795036.382538,target,1,-0.7742023315429688,-2.072980712890625,-2.4461158580827616
1758795036.382538,target,2,-0.22233045959472655,2.52651708984375,-0.5729840353785648
1758795036.382538,target,3,-2.64507177734375,-1.42459033203125,0.15586832714718074
1758795036.382538,target,4,-2.08242919921875,1.44703662109375,0.48051685193360066
1758795036.382538,target,5,3.016876220703125,-0.7182561645507812,-2.555572844149454
1758795036.4024127,herder,1,-0.04498004150390625,2.7441953125,-2.6771903563856667
1758795036.4024127,herder,2,-0.5043854675292969,-2.3485791015625,3.016218752636024
1758795036.4024127,target,1,-0.7742144165039062,-2.072964111328125,-2.446001874788106
1758795036.4024127,target,2,-0.22272531127929687,2.52625439453125,-0.5660528257464973
1758795036.4024127,target,3,-2.644978271484375,-1.4251064453125,0.15742534427849558
1758795036.4024127,target,4,-2.082199462890625,1.44638671875,0.4868692235027394
1758795036.4024127,target,5,3.016885986328125,-0.718241943359375,-2.5559286424710885
1758795036.422672,herder,1,-0.04549114990234375,2.74387646484375,-2.680800803875487
1758795036.422672,herder,2,-0.5043987426757812,-2.349010986328125,2.9918702697377566
1758795036.422672,target,1,-0.774180908203125,-2.072962890625,-2.4445789478176767
1758795036.422672,target,2,-0.22358065795898438,2.525806396484375,-0.5578449965563866
1758795036.422672,target,3,-2.64471875,-1.424256591796875,0.13795626351757928
1758795036.422672,target,4,-2.082604736328125,1.4467764892578125,0.47433578820158123
1758795036.422672,target,5,3.0169033203125,-0.7182366943359375,-2.5575326643956435
1758795036.4422774,herder,1,-0.046818763732910156,2.74350341796875,-2.6800002576518094
1758795036.4422774,herder,2,-0.504344482421875,-2.34956298828125,2.9723168083821765
1758795036.4422774,target,1,-0.774173828125,-2.0729716796875,-2.4453099855369036
1758795036.4422774,target,2,-0.22371266174316407,2.525177490234375,-0.5542311202466628
1758795036.4422774,target,3,-2.64507666015625,-1.42469189453125,0.1566781445004034
1758795036.4422774,target,4,-2.082740234375,1.446795166015625,0.4753113373983909
1758795036.4422774,target,5,3.0168984375,-0.7182481079101563,-2.5571297281227143
1758795036.4626396,herder,1,-0.047534347534179684,2.743224609375,-2.6796101045521126
1758795036.4626396,herder,2,-0.5049013977050781,-2.350205078125,2.9498642298639366
1758795036.4626396,target,1,-0.774178466796875,-2.072989501953125,-2.4453472697921645
1758795036.4626396,target,2,-0.22363633728027343,2.52504638671875,-0.5491998763152851
1758795036.4626396,target,3,-2.645010498046875,-1.4256448974609375,0.18302732716759287
1758795036.4626396,target,4,-2.082870361328125,1.44606005859375,0.4892203286920886
1758795036.4626396,target,5,3.016886474609375,-0.7182571411132812,-2.5565249242391572
1758795036.482579,herder,1,-0.047725082397460934,2.74308740234375,-2.6789376563768674
1758795036.482579,herder,2,-0.5046865539550781,-2.350798095703125,2.9279219130105556
1758795036.482579,target,1,-0.7741905517578125,-2.0729912109375,-2.445324100290681
1758795036.482579,target,2,-0.22395297241210937,2.524328369140625,-0.5435404925512985
1758795036.482579,target,3,-2.64510400390625,-1.42748828125,0.21681546777343025
1758795036.482579,target,4,-2.0826376953125,1.44530859375,0.5081563361489335
1758795036.482579,target,5,3.01690087890625,-0.7182311401367187,-2.5568247961779003
1758795036.50238,herder,1,-0.04786171340942383,2.7429892578125,-2.6777184612298295
1758795036.50238,herder,2,-0.5045903625488282,-2.351056396484375,2.9169840440974912
1758795036.50238,target,1,-0.77418310546875,-2.072989501953125,-2.445699872320491
1758795036.50238,target,2,-0.2240298309326172,2.52391650390625,-0.5418505171025615
1758795036.50238,target,3,-2.644967041015625,-1.4285130615234376,0.23076453964153365
1758795036.50238,target,4,-2.08254052734375,1.444812744140625,0.5157224766743895
1758795036.50238,target,5,3.0168916015625,-0.718249755859375,-2.556925996299323
1758795036.5224595,herder,1,-0.048319271087646484,2.742905517578125,-2.673402542367247
1758795036.5224595,herder,2,-0.50534423828125,-2.3514306640625,2.8839230296930296
1758795036.5224595,target,1,-0.7741947021484376,-2.072979736328125,-2.4456079932628834
1758795036.5224595,target,2,-0.22405552673339843,2.5234111328125,-0.5432021046452904
1758795036.5224595,target,3,-2.644133056640625,-1.4305028076171875,0.2719777564588369
1758795036.5224595,target,4,-2.08182666015625,1.4434073486328125,0.5418350041892118
1758795036.5224595,target,5,3.016876953125,-0.7182638549804687,-2.555884966629211
1758795036.5423105,herder,1,-0.04840143966674805,2.742955078125,-2.672358583219936
1758795036.5423105,herder,2,-0.5050615844726563,-2.351746826171875,2.8733385622566185
1758795036.5423105,target,1,-0.7741968383789063,-2.07296826171875,-2.44482768706349
1758795036.5423105,target,2,-0.22406681823730468,2.52355029296875,-0.5464639110589058
1758795036.5423105,target,3,-2.644099853515625,-1.431045166015625,0.27467016238663655
1758795036.5423105,target,4,-2.081652099609375,1.442799560546875,0.553318687967688
1758795036.5423105,target,5,3.0168818359375,-0.7182791748046875,-2.5563246545251834
1758795036.5625105,herder,1,-0.04872150039672852,2.743020263671875,-2.668834954781652
1758795036.5625105,herder,2,-0.5047072448730469,-2.352701416015625,2.8441907967579194
1758795036.5625105,target,1,-0.7741911010742187,-2.072975341796875,-2.4457557987033827
1758795036.5625105,target,2,-0.22405682373046876,2.52357763671875,-0.5480047494865984
1758795036.5625105,target,3,-2.64434521484375,-1.4323060302734374,0.3014678047366386
1758795036.5625105,target,4,-2.081184814453125,1.440234130859375,0.5839442082657585
1758795036.5625105,target,5,3.01686376953125,-0.7182656860351563,-2.555428767134481
1758795036.5825715,herder,1,-0.04904995346069336,2.74286767578125,-2.66705303369628
1758795036.5825715,herder,2,-0.5057349243164062,-2.352921875,2.8258453452727994
1758795036.5825715,target,1,-0.7742207641601563,-2.072981201171875,-2.4451059873974033
1758795036.5825715,target,2,-0.22395693969726563,2.523343017578125,-0.5502103129223748
1758795036.5825715,target,3,-2.644291015625,-1.43372998046875,0.33517689939237105
1758795036.5825715,target,4,-2.080510986328125,1.4395933837890624,0.6003281084499805
1758795036.5825715,target,5,3.016859619140625,-0.718253173828125,-2.55574834646529
1758795036.6023047,herder,1,-0.049264514923095706,2.742624267578125,-2.665035422854436
1758795036.6023047,herder,2,-0.5060052490234375,-2.353364990234375,2.8082226757075275
1758795036.6023047,target,1,-0.7742227172851562,-2.072964111328125,-2.445466046776782
1758795036.6023047,target,2,-0.2240707244873047,2.522910400390625,-0.5528240390847194
1758795036.6023047,target,3,-2.6438515625,-1.434716552734375,0.348241635331
1758795036.6023047,target,4,-2.07988818359375,1.4397381591796874,0.6039506733227609
1758795036.6023047,target,5,3.01688037109375,-0.7182718505859375,-2.555737960137039
1758795036.6223419,herder,1,-0.04959792709350586,2.742435546875,-2.662442036584917
1758795036.6223419,herder,2,-0.5052241516113282,-2.354196533203125,2.792581664309383
1758795036.6223419,target,1,-0.7742155151367187,-2.072947265625,-2.4451768274823995
1758795036.6223419,target,2,-0.2240937042236328,2.522671142578125,-0.5555800446283016
1758795036.6223419,target,3,-2.6444560546875,-1.434550048828125,0.3334159174110698
1758795036.6223419,target,4,-2.079742431640625,1.4392764892578125,0.6089949001644527
1758795036.6223419,target,5,3.016875732421875,-0.7182684326171875,-2.5565619421783095
1758795036.6423988,herder,1,-0.04978367614746094,2.74233740234375,-2.6604550520956085
1758795036.6423988,herder,2,-0.5050889587402344,-2.354580810546875,2.785518694782384
1758795036.6423988,target,1,-0.7741936645507812,-2.072961181640625,-2.4454596551901657
1758795036.6423988,target,2,-0.22412667846679687,2.522418701171875,-0.5567336927230102
1758795036.6423988,target,3,-2.6445458984375,-1.4342742919921876,0.3218295354830574
1758795036.6423988,target,4,-2.079835205078125,1.438760498046875,0.618489002871558
1758795036.6423988,target,5,3.016902099609375,-0.7182608032226563,-2.5562844407927234
1758795036.6624446,herder,1,-0.05036648559570313,2.742203125,-2.656185738552103
1758795036.6624446,herder,2,-0.5056224670410157,-2.354723876953125,2.7724833201947727
1758795036.6624446,target,1,-0.7742149047851562,-2.07297021484375,-2.4457227755058657
1758795036.6624446,target,2,-0.2242321319580078,2.522068115234375,-0.5622552246110716
1758795036.6624446,target,3,-2.6447138671875,-1.43343701171875,0.3200597650701589
1758795036.6624446,target,4,-2.07962841796875,1.438062744140625,0.6356945548310966
1758795036.6624446,target,5,3.01690380859375,-0.7182732543945313,-2.556807751946924
1758795036.6828063,herder,1,-0.05135890197753906,2.741846923828125,-2.6533494719911683
1758795036.6828063,herder,2,-0.5058920288085937,-2.354860107421875,2.7608077556597563
1758795036.6828063,target,1,-0.7741786499023438,-2.07297509765625,-2.4454029298589472
1758795036.6828063,target,2,-0.22440281677246093,2.52192578125,-0.5652432913541404
1758795036.6828063,target,3,-2.644577392578125,-1.4331444091796874,0.31923015710108554
1758795036.6828063,target,4,-2.078903564453125,1.4372806396484374,0.6496260831255191
1758795036.6828063,target,5,3.016891357421875,-0.7182583618164062,-2.5567707340077717
1758795036.7023182,herder,1,-0.052382678985595704,2.74117236328125,-2.6531976718090338
1758795036.7023182,herder,2,-0.5056585998535156,-2.35492724609375,2.7531831254588597
1758795036.7023182,target,1,-0.7742036743164062,-2.07297705078125,-2.445265510746699
1758795036.7023182,target,2,-0.22453739929199218,2.52179736328125,-0.564311784183858
1758795036.7023182,target,3,-2.64460009765625,-1.433984619140625,0.3223537454541259
1758795036.7023182,target,4,-2.078457275390625,1.4366258544921875,0.6638485617690327
1758795036.7023182,target,5,3.01689111328125,-0.7182381591796875,-2.556776326646061
1758795036.7222908,herder,1,-0.05298377990722656,2.740861328125,-2.651155559885161
1758795036.7222908,herder,2,-0.5055645751953125,-2.354944580078125,2.7501255502113398
1758795036.7222908,target,1,-0.7741769409179687,-2.072990966796875,-2.4450476641695307
1758795036.7222908,target,2,-0.225062255859375,2.5210283203125,-0.562297102819213
1758795036.7222908,target,3,-2.64394482421875,-1.4352254638671875,0.3604389131235629
1758795036.7222908,target,4,-2.077583251953125,1.4349827880859376,0.6924294734297086
1758795036.7222908,target,5,3.016880859375,-0.7182276611328124,-2.5566620770352966
1758795036.742266,herder,1,-0.05311866760253906,2.740725341796875,-2.650441300080802
1758795036.742266,herder,2,-0.5056871643066406,-2.355075927734375,2.7506219634385305
1758795036.742266,target,1,-0.7742012329101563,-2.072988525390625,-2.445086812637555
1758795036.742266,target,2,-0.22556903076171875,2.520231201171875,-0.5601073851919226
1758795036.742266,target,3,-2.643285400390625,-1.4374388427734375,0.3950093739443679
1758795036.742266,target,4,-2.07644140625,1.4338463134765624,0.7141339034187182
1758795036.742266,target,5,3.016889892578125,-0.71823779296875,-2.5570679427854244
1758795036.7625215,herder,1,-0.053603042602539064,2.740096435546875,-2.6513017674290063
1758795036.7625215,herder,2,-0.505669189453125,-2.355223876953125,2.752460343539012
1758795036.7625215,target,1,-0.7741586303710938,-2.073010986328125,-2.4460583338032156
1758795036.7625215,target,2,-0.22602377319335937,2.51962255859375,-0.55428654728685
1758795036.7625215,target,3,-2.642421142578125,-1.4394588623046876,0.43256663650672394
1758795036.7625215,target,4,-2.075661865234375,1.4332216796875,0.7315535735298992
1758795036.7625215,target,5,3.016893798828125,-0.7182520751953125,-2.5561555437959633
1758795036.7823915,herder,1,-0.054275634765625,2.73968017578125,-2.651553702468128
1758795036.7823915,herder,2,-0.5056616821289063,-2.3551259765625,2.756488374687757
1758795036.7823915,target,1,-0.774211669921875,-2.07297412109375,-2.4452061222543904
1758795036.7823915,target,2,-0.22623468017578124,2.51884130859375,-0.5515145627767275
1758795036.7823915,target,3,-2.641712646484375,-1.44196435546875,0.48039121730917617
1758795036.7823915,target,4,-2.075412353515625,1.4328895263671875,0.7353372596486293
1758795036.7823915,target,5,3.016884033203125,-0.7182616577148437,-2.5556298357967817
1758795036.8024874,herder,1,-0.054443729400634765,2.73966015625,-2.6527436028431755
1758795036.8024874,herder,2,-0.5054487915039062,-2.354754150390625,2.7659079754633673
1758795036.8024874,target,1,-0.77418603515625,-2.072973388671875,-2.4453486013727095
1758795036.8024874,target,2,-0.2263219451904297,2.5186962890625,-0.5471084293322186
1758795036.8024874,target,3,-2.640660400390625,-1.4444442138671876,0.5227007576787241
1758795036.8024874,target,4,-2.075705078125,1.4331632080078125,0.7317715532651222
1758795036.8024874,target,5,3.016873046875,-0.7182527465820312,-2.5565180000203234
1758795036.8222837,herder,1,-0.05466659927368164,2.739300537109375,-2.6544352427675935
1758795036.8222837,herder,2,-0.5047997741699218,-2.3543154296875,2.7792040735216967
1758795036.8222837,target,1,-0.774150146484375,-2.0729990234375,-2.445432757263156
1758795036.8222837,target,2,-0.22638116455078125,2.5175751953125,-0.5353598608938204
1758795036.8222837,target,3,-2.640537109375,-1.4461300048828125,0.5382462614622755
1758795036.8222837,target,4,-2.0757880859375,1.4334891357421875,0.7281723576309074
1758795036.8222837,target,5,3.016878662109375,-0.7182329711914063,-2.5561475543126932
1758795036.8423617,herder,1,-0.05516942977905273,2.738972900390625,-2.6556443179024893
1758795036.8423617,herder,2,-0.5046210021972656,-2.354044921875,2.7952924959829746
1758795036.8423617,target,1,-0.7741893920898437,-2.072968017578125,-2.4452133127893334
1758795036.8423617,target,2,-0.22667131042480468,2.51660498046875,-0.5255258389630802
1758795036.8423617,target,3,-2.64070166015625,-1.4461845703125,0.5340162961238755
1758795036.8423617,target,4,-2.07539599609375,1.4342891845703125,0.7247512608945916
1758795036.8423617,target,5,3.016878173828125,-0.718255126953125,-2.55610015004529
1758795036.862469,herder,1,-0.0549638557434082,2.7390458984375,-2.657942892239337
1758795036.862469,herder,2,-0.5045129089355469,-2.35376611328125,2.8148145320376914
1758795036.862469,target,1,-0.7742025756835937,-2.072955810546875,-2.4449166366438986
1758795036.862469,target,2,-0.22669073486328126,2.515815673828125,-0.5158131905990203
1758795036.862469,target,3,-2.6409306640625,-1.4456151123046874,0.5291736039976753
1758795036.862469,target,4,-2.07535791015625,1.4348814697265626,0.7149828525952082
1758795036.862469,target,5,3.016900146484375,-0.718251953125,-2.55636859668317
1758795036.882386,herder,1,-0.05488258743286133,2.73881005859375,-2.661232695133912
1758795036.882386,herder,2,-0.5048706665039062,-2.35301513671875,2.83775606693207
1758795036.882386,target,1,-0.7741879272460938,-2.07295068359375,-2.4460114621680304
1758795036.882386,target,2,-0.22715170288085937,2.515226806640625,-0.5059804669593115
1758795036.882386,target,3,-2.640663818359375,-1.444984619140625,0.5268497296304722
1758795036.882386,target,4,-2.075929931640625,1.435084228515625,0.7032982333124855
1758795036.882386,target,5,3.0168818359375,-0.7182621459960937,-2.5560940247747825
1758795036.9022837,herder,1,-0.05549203491210938,2.7384833984375,-2.6644937358887137
1758795036.9022837,herder,2,-0.5045359802246093,-2.352044921875,2.862841446503962
1758795036.9022837,target,1,-0.7741925048828125,-2.0729677734375,-2.445730232356918
1758795036.9022837,target,2,-0.227516357421875,2.5149384765625,-0.5067972251761252
1758795036.9022837,target,3,-2.640099609375,-1.4454569091796876,0.5429207083866099
1758795036.9022837,target,4,-2.0767021484375,1.43493212890625,0.702422452788013
1758795036.9022837,target,5,3.016884521484375,-0.7182623291015625,-2.5561877680451532
1758795036.9223616,herder,1,-0.05556406784057617,2.738415283203125,-2.664598664435663
1758795036.9223616,herder,2,-0.5040903015136718,-2.351634033203125,2.875867233711649
1758795036.9223616,target,1,-0.7742145385742187,-2.072978271484375,-2.445306257111377
1758795036.9223616,target,2,-0.22773861694335937,2.51503076171875,-0.5062678886199583
1758795036.9223616,target,3,-2.639552001953125,-1.4458023681640626,0.5558384711225801
1758795036.9223616,target,4,-2.07660693359375,1.43496337890625,0.7043997167393423
1758795036.9223616,target,5,3.016884033203125,-0.7182701416015626,-2.5565270547680297
1758795036.9422474,herder,1,-0.0562078971862793,2.73858642578125,-2.6617219178261595
1758795036.9422474,herder,2,-0.5038403930664063,-2.35089599609375,2.9148660320825512
1758795036.9422474,target,1,-0.7741998901367187,-2.0729765625,-2.4455552626732997
1758795036.9422474,target,2,-0.22803384399414062,2.51491064453125,-0.5076178116870059
1758795036.9422474,target,3,-2.637913818359375,-1.4474373779296874,0.5941895221373479
1758795036.9422474,target,4,-2.076404541015625,1.4356912841796876,0.6947031472103639
1758795036.9422474,target,5,3.0168896484375,-0.71826123046875,-2.556715872889316
1758795036.9624622,herder,1,-0.05711291122436524,2.73841162109375,-2.659141314729873
1758795036.9624622,herder,2,-0.5042860717773437,-2.3505009765625,2.939310388780062
1758795036.9624622,target,1,-0.7741832885742187,-2.072978271484375,-2.445150728503717
1758795036.9624622,target,2,-0.22797564697265624,2.51431396484375,-0.5029090765636368
1758795036.9624622,target,3,-2.6368154296875,-1.447631103515625,0.6052194698451019
1758795036.9624622,target,4,-2.0763896484375,1.4360877685546876,0.691820541646462
1758795036.9624622,target,5,3.0169072265625,-0.7182310791015625,-2.556344628233359
1758795036.9825516,herder,1,-0.0571519775390625,2.738822265625,-2.6568635130495277
1758795036.9825516,herder,2,-0.5035934753417969,-2.350005615234375,2.9628183780383
1758795036.9825516,target,1,-0.7741581420898438,-2.07298876953125,-2.4454151803999613
1758795036.9825516,target,2,-0.22748570251464845,2.5133125,-0.4891764198236159
1758795036.9825516,target,3,-2.635884765625,-1.447169921875,0.6094802612731196
1758795036.9825516,target,4,-2.0765244140625,1.4357552490234375,0.6930509886491059
1758795036.9825516,target,5,3.016892822265625,-0.7182278442382812,-2.5558242465563574
1758795037.0022967,herder,1,-0.0571992073059082,2.738831298828125,-2.6552669479760254
1758795037.0022967,herder,2,-0.5036918334960937,-2.3494033203125,2.9853154313467445
1758795037.0022967,target,1,-0.7741946411132813,-2.072956787109375,-2.4449411377259276
1758795037.0022967,target,2,-0.2271696472167969,2.512135009765625,-0.4804738418819959
1758795037.0022967,target,3,-2.63518212890625,-1.4471177978515626,0.6255810674334662
1758795037.0022967,target,4,-2.076228759765625,1.43580712890625,0.6968567790048836
1758795037.0022967,target,5,3.01688818359375,-0.7182373046875,-2.5554151850129214
1758795037.0222616,herder,1,-0.05733730697631836,2.738549072265625,-2.654000881193802
1758795037.0222616,herder,2,-0.5041504516601563,-2.349031005859375,2.9964037688613985
1758795037.0222616,target,1,-0.7742185668945313,-2.0729580078125,-2.4450886768503177
1758795037.0222616,target,2,-0.2270878448486328,2.51193408203125,-0.4792127685268161
1758795037.0222616,target,3,-2.634769775390625,-1.44728662109375,0.6405652101487426
1758795037.0222616,target,4,-2.075994384765625,1.4360357666015624,0.6971762251776387
1758795037.0222616,target,5,3.016854736328125,-0.7182246704101563,-2.5545033186556783
1758795037.0423725,herder,1,-0.05780786514282227,2.73817138671875,-2.6487555191107814
1758795037.0423725,herder,2,-0.5036508483886719,-2.348430419921875,3.019653964126117
1758795037.0423725,target,1,-0.7741450805664063,-2.07298828125,-2.445797077700279
1758795037.0423725,target,2,-0.22722686767578126,2.51194921875,-0.48470094432222416
1758795037.0423725,target,3,-2.632864013671875,-1.4493011474609374,0.6859662477801953
1758795037.0423725,target,4,-2.075694580078125,1.436546630859375,0.6850225566479258
1758795037.0423725,target,5,3.0168603515625,-0.7182097778320312,-2.555094540417676
1758795037.0624108,herder,1,-0.058272384643554685,2.738193115234375,-2.6424685947254316
1758795037.0624108,herder,2,-0.503818115234375,-2.3483125,3.0284445262522506
1758795037.0624108,target,1,-0.7741913452148438,-2.0729794921875,-2.4455467405578113
1758795037.0624108,target,2,-0.22731068420410155,2.51121337890625,-0.4909750522448282
1758795037.0624108,target,3,-2.632545654296875,-1.4502716064453125,0.6828426261376415
1758795037.0624108,target,4,-2.075705322265625,1.437076171875,0.6805208822993103
1758795037.0624108,target,5,3.016854736328125,-0.7182359008789062,-2.5553177133170246
1758795037.0823555,herder,1,-0.05904013442993164,2.73820751953125,-2.634492693576753
1758795037.0823555,herder,2,-0.504433837890625,-2.3479990234375,3.0330818886584057
1758795037.0823555,target,1,-0.7741831665039063,-2.07298046875,-2.4460157232257744
1758795037.0823555,target,2,-0.2272283630371094,2.510501220703125,-0.4936207363402538
1758795037.0823555,target,3,-2.63269970703125,-1.45073291015625,0.6851348088878726
1758795037.0823555,target,4,-2.0754873046875,1.4375196533203125,0.6824213806322181
1758795037.0823555,target,5,3.01688037109375,-0.7182012329101563,-2.555199468964625
1758795037.102528,herder,1,-0.05912554168701172,2.73845556640625,-2.6268078759352207
1758795037.102528,herder,2,-0.5043088073730468,-2.348,3.0338808369854293
1758795037.102528,target,1,-0.7742286987304687,-2.0729775390625,-2.4459201157426405
1758795037.102528,target,2,-0.22683857727050782,2.50984375,-0.49642774141871093
1758795037.102528,target,3,-2.6321083984375,-1.4513023681640624,0.7140332359295132
1758795037.102528,target,4,-2.074609130859375,1.4374996337890624,0.6910292499075722
1758795037.102528,target,5,3.016870361328125,-0.7182050170898437,-2.5557105295778113
1758795037.1228528,herder,1,-0.05914397048950195,2.73854296875,-2.619327322749297
1758795037.1228528,herder,2,-0.5042762145996094,-2.3479248046875,3.0314917151715193
1758795037.1228528,target,1,-0.7741904907226562,-2.07297265625,-2.445265510746699
1758795037.1228528,target,2,-0.22646934509277344,2.509457275390625,-0.5006767816484188
1758795037.1228528,target,3,-2.630699462890625,-1.451751953125,0.7482934717728376
1758795037.1228528,target,4,-2.07415625,1.436830322265625,0.7061647933308196
1758795037.1228528,target,5,3.01688037109375,-0.7181905517578125,-2.555566186246729
1758795037.1424012,herder,1,-0.05977455902099609,2.7381220703125,-2.6113849774303537
1758795037.1424012,herder,2,-0.5044854736328125,-2.348103515625,3.0279720814748705
1758795037.1424012,target,1,-0.7741475830078125,-2.07301220703125,-2.446572856525819
1758795037.1424012,target,2,-0.22608279418945312,2.50885986328125,-0.5065425936864
1758795037.1424012,target,3,-2.6295029296875,-1.45344140625,0.7791204934968863
1758795037.1424012,target,4,-2.074079345703125,1.4364105224609376,0.7084141657665277
1758795037.1424012,target,5,3.016869384765625,-0.7182219848632813,-2.5557163885322094
1758795037.1625004,herder,1,-0.06045335006713867,2.737956787109375,-2.602249802259164
1758795037.1625004,herder,2,-0.5041582946777343,-2.348354248046875,3.023484921354196
1758795037.1625004,target,1,-0.7741998291015625,-2.072976806640625,-2.4455097226186595
1758795037.1625004,target,2,-0.2256339874267578,2.508514892578125,-0.5141901270726715
1758795037.1625004,target,3,-2.627468994140625,-1.4542432861328125,0.8034649150744914
1758795037.1625004,target,4,-2.07411865234375,1.4365919189453125,0.7034580229778903
1758795037.1625004,target,5,3.016861328125,-0.7182352905273437,-2.5550617835362677
1758795037.1823335,herder,1,-0.06131015777587891,2.737867431640625,-2.5936382045582835
1758795037.1823335,herder,2,-0.5035370483398437,-2.3487509765625,3.016118884095146
1758795037.1823335,target,1,-0.7742216186523437,-2.07296435546875,-2.445477498369469
1758795037.1823335,target,2,-0.22508891296386718,2.508331298828125,-0.5196385218992965
1758795037.1823335,target,3,-2.626056640625,-1.454468994140625,0.823679972223874
1758795037.1823335,target,4,-2.074072021484375,1.43682666015625,0.7008631719697715
1758795037.1823335,target,5,3.016854736328125,-0.7182212524414062,-2.553892123185505
1758795037.2023475,herder,1,-0.06200999450683594,2.737916259765625,-2.585952055336206
1758795037.2023475,herder,2,-0.5031943969726562,-2.349101318359375,3.0043043025512275
1758795037.2023475,target,1,-0.7742201538085938,-2.072968017578125,-2.44502369571972
1758795037.2023475,target,2,-0.2247352752685547,2.507993896484375,-0.5244103406509869
1758795037.2023475,target,3,-2.625632568359375,-1.4540941162109375,0.8244359770783203
1758795037.2023475,target,4,-2.074290283203125,1.4371473388671876,0.6980790367871755
1758795037.2023475,target,5,3.016886474609375,-0.7182191162109375,-2.5550127813722106
1758795037.2222874,herder,1,-0.06207551193237305,2.73834521484375,-2.5791008071158683
1758795037.2222874,herder,2,-0.5035719604492187,-2.34938330078125,2.9880417093546585
1758795037.2222874,target,1,-0.774184814453125,-2.072980712890625,-2.4444362023832484
1758795037.2222874,target,2,-0.22443209838867187,2.50778662109375,-0.5280902300662311
1758795037.2222874,target,3,-2.6258017578125,-1.4535377197265624,0.8174389207883006
1758795037.2222874,target,4,-2.07426708984375,1.4368663330078124,0.7018677829119767
1758795037.2222874,target,5,3.016879638671875,-0.7182197875976563,-2.5553810965509682
1758795037.2422729,herder,1,-0.06234498977661133,2.7383662109375,-2.5740011199444752
1758795037.2422729,herder,2,-0.50382373046875,-2.34975439453125,2.968764950436338
1758795037.2422729,target,1,-0.7741810913085938,-2.07295751953125,-2.445385086679644
1758795037.2422729,target,2,-0.223982177734375,2.50715625,-0.5322128367231874
1758795037.2422729,target,3,-2.625857421875,-1.45365478515625,0.8146990606588271
1758795037.2422729,target,4,-2.074325927734375,1.436693359375,0.7015671120249067
1758795037.2422729,target,5,3.016896240234375,-0.7181952514648438,-2.5561262490239725
1758795037.262347,herder,1,-0.06254297256469726,2.73789306640625,-2.5709334246848132
1758795037.262347,herder,2,-0.5039393310546875,-2.35036474609375,2.946919838962745
1758795037.262347,target,1,-0.7742123413085937,-2.072951416015625,-2.4458253072078335
1758795037.262347,target,2,-0.223522705078125,2.506809814453125,-0.5337365643408762
1758795037.262347,target,3,-2.625501220703125,-1.4542877197265625,0.8332641563548512
1758795037.262347,target,4,-2.07458349609375,1.4362401123046875,0.7040481794754518
1758795037.262347,target,5,3.01689013671875,-0.7182000732421875,-2.5558242465563574
1758795037.2822785,herder,1,-0.062413330078125,2.737819580078125,-2.5710535332499758
1758795037.2822785,herder,2,-0.5036244201660156,-2.350922607421875,2.924713336529228
1758795037.2822785,target,1,-0.774208740234375,-2.07296923828125,-2.4454482035974783
1758795037.2822785,target,2,-0.22330177307128907,2.50668017578125,-0.5327749301607623
1758795037.2822785,target,3,-2.62477783203125,-1.4547235107421874,0.8602526974207415
1758795037.2822785,target,4,-2.07474658203125,1.4362081298828124,0.7018339607661327
1758795037.2822785,target,5,3.016877685546875,-0.7182058715820312,-2.5549147770440954
1758795037.302273,herder,1,-0.062396488189697265,2.737719482421875,-2.57338246762325
1758795037.302273,herder,2,-0.5040036926269531,-2.351268798828125,2.9022676822298226
1758795037.302273,target,1,-0.7742081298828125,-2.07296826171875,-2.445700937584927
1758795037.302273,target,2,-0.2234742431640625,2.506614013671875,-0.5297098647726765
1758795037.302273,target,3,-2.623969482421875,-1.4555728759765625,0.87075727002445
1758795037.302273,target,4,-2.074745361328125,1.43611083984375,0.7012573863901306
1758795037.302273,target,5,3.016873046875,-0.7182177734375,-2.555701474830105
1758795037.3222857,herder,1,-0.06239995956420898,2.737501708984375,-2.5767316590101337
1758795037.3222857,herder,2,-0.5042271728515625,-2.351727294921875,2.880647607868341
1758795037.3222857,target,1,-0.7742157592773438,-2.0729736328125,-2.44572437340252
1758795037.3222857,target,2,-0.22373008728027344,2.506575439453125,-0.5276387909719491
1758795037.3222857,target,3,-2.62316259765625,-1.4561318359375,0.87866625925074
1758795037.3222857,target,4,-2.074728271484375,1.436111328125,0.7015362859352892
1758795037.3222857,target,5,3.01688525390625,-0.7182186279296875,-2.555476437717993
1758795037.3422668,herder,1,-0.06238015747070313,2.737119140625,-2.5794600675469197
1758795037.3422668,herder,2,-0.5035382995605469,-2.3525634765625,2.8606885470787424
1758795037.3422668,target,1,-0.7741837768554688,-2.072973876953125,-2.445600536411831
1758795037.3422668,target,2,-0.2239647216796875,2.5065732421875,-0.5260332710192812
1758795037.3422668,target,3,-2.622628662109375,-1.4570225830078125,0.9120535774677637
1758795037.3422668,target,4,-2.074847412109375,1.4358231201171876,0.7056120542465736
1758795037.3422668,target,5,3.016870361328125,-0.7182044067382812,-2.5550487340469266
1758795037.3622642,herder,1,-0.06265196990966797,2.736760986328125,-2.582937623298345
1758795037.3622642,herder,2,-0.5038524780273438,-2.352943115234375,2.8420091351929266
1758795037.3622642,target,1,-0.7741734619140626,-2.072988037109375,-2.44589881045392
1758795037.3622642,target,2,-0.2240718994140625,2.506561767578125,-0.5257440517248986
1758795037.3622642,target,3,-2.62119384765625,-1.458350341796875,0.9425497014263701
1758795037.3622642,target,4,-2.07523681640625,1.4357452392578125,0.7005203565584511
1758795037.3622642,target,5,3.016877197265625,-0.718215576171875,-2.5558881624225194
1758795037.3825657,herder,1,-0.06274018096923828,2.736245849609375,-2.5867536668243196
1758795037.3825657,herder,2,-0.5047268371582031,-2.35302001953125,2.82468287545698
1758795037.3825657,target,1,-0.7741620483398437,-2.072999755859375,-2.4463448899365083
1758795037.3825657,target,2,-0.22413648986816406,2.506552490234375,-0.5240284100611559
1758795037.3825657,target,3,-2.62021484375,-1.459115478515625,0.9542763320752887
1758795037.3825657,target,4,-2.076093505859375,1.4360281982421874,0.6876427742654275
1758795037.3825657,target,5,3.0168671875,-0.7182362060546875,-2.5555320977847757
1758795037.4023566,herder,1,-0.06288061141967774,2.736141357421875,-2.5889656884257395
1758795037.4023566,herder,2,-0.5047673645019531,-2.35329150390625,2.808543852934991
1758795037.4023566,target,1,-0.7741947631835937,-2.072958251953125,-2.446373119444063
1758795037.4023566,target,2,-0.2242470703125,2.506542724609375,-0.523323471320612
1758795037.4023566,target,3,-2.620245849609375,-1.45890966796875,0.9562229696740822
1758795037.4023566,target,4,-2.076359375,1.4357471923828125,0.6891091107616251
1758795037.4023566,target,5,3.01686767578125,-0.718229248046875,-2.554835414843611
1758795037.4224436,herder,1,-0.06292903137207032,2.73613134765625,-2.5894722216650727
1758795037.4224436,herder,2,-0.5045645141601562,-2.353653076171875,2.80129872318943
1758795037.4224436,target,1,-0.7742080688476562,-2.07295947265625,-2.446397354209983
1758795037.4224436,target,2,-0.22424192810058594,2.50652294921875,-0.5231315905640718
1758795037.4224436,target,3,-2.620200927734375,-1.4584320068359375,0.9537320485275038
1758795037.4224436,target,4,-2.07646142578125,1.4353287353515625,0.6995497674991717
1758795037.4224436,target,5,3.016876953125,-0.7182384643554688,-2.5545746913728924
1758795037.4422462,herder,1,-0.06327644729614258,2.73610546875,-2.5914277808535178
1758795037.4422462,herder,2,-0.5046583251953125,-2.354460205078125,2.786474503297613
1758795037.4422462,target,1,-0.7742090454101562,-2.072965576171875,-2.4453741677191743
1758795037.4422462,target,2,-0.22425642395019532,2.50653271484375,-0.5234407169876026
1758795037.4422462,target,3,-2.618767822265625,-1.456134033203125,0.9476960604958665
1758795037.4422462,target,4,-2.076183349609375,1.4347122802734376,0.7062270447213002
1758795037.4422462,target,5,3.01686669921875,-0.7182421264648438,-2.555135553098463
1758795037.462275,herder,1,-0.06350627136230469,2.735966796875,-2.5928629583649614
1758795037.462275,herder,2,-0.5046064147949219,-2.354531005859375,2.7831250455946206
1758795037.462275,target,1,-0.774200927734375,-2.07298681640625,-2.445835693536085
1758795037.462275,target,2,-0.2242936553955078,2.50649609375,-0.5230481004638977
1758795037.462275,target,3,-2.6181875,-1.4549560546875,0.949714603444092
1758795037.462275,target,4,-2.076091796875,1.4351063232421875,0.6977947443408096
1758795037.462275,target,5,3.016864013671875,-0.7182137451171875,-2.555408260794087
1758795037.4822795,herder,1,-0.06361334991455078,2.73582470703125,-2.594723176386382
1758795037.4822795,herder,2,-0.5046158752441406,-2.35442578125,2.7826557966105487
1758795037.4822795,target,1,-0.7741972045898438,-2.07297314453125,-2.445052191543384
1758795037.4822795,target,2,-0.22431748962402343,2.506460205078125,-0.5222274473739899
1758795037.4822795,target,3,-2.617496826171875,-1.454757080078125,0.9675821506715971
1758795037.4822795,target,4,-2.076424072265625,1.435674560546875,0.6915170078612203
1758795037.4822795,target,5,3.0168564453125,-0.7182319946289063,-2.5547547210625816
1758795037.5024092,herder,1,-0.06366703414916992,2.735648681640625,-2.5958201324393855
1758795037.5024092,herder,2,-0.5046245727539063,-2.35432421875,2.7832161257039014
1758795037.5024092,target,1,-0.7741573486328125,-2.0729990234375,-2.4465504859726623
1758795037.5024092,target,2,-0.2243521728515625,2.5064501953125,-0.521743950478086
1758795037.5024092,target,3,-2.61686279296875,-1.4549212646484375,0.9758039281679171
1758795037.5024092,target,4,-2.076730712890625,1.4358668212890624,0.6893713655499707
1758795037.5024092,target,5,3.016874267578125,-0.7182406005859375,-2.5543501868929988
1758795037.5222363,herder,1,-0.06398307037353515,2.735317138671875,-2.597288333148346
1758795037.5222363,herder,2,-0.5047748718261719,-2.3541591796875,2.7871940894241525
1758795037.5222363,target,1,-0.774224365234375,-2.072974365234375,-2.4450465989050945
1758795037.5222363,target,2,-0.22458291625976562,2.506343505859375,-0.5203658644825108
1758795037.5222363,target,3,-2.615381591796875,-1.455415283203125,0.9939577652126057
1758795037.5222363,target,4,-2.07638525390625,1.434677978515625,0.7114970410444035
1758795037.5222363,target,5,3.01686279296875,-0.7182525024414063,-2.554424755403521
1758795037.5422428,herder,1,-0.06448281860351562,2.735287109375,-2.5958233282326937
1758795037.5422428,herder,2,-0.5049337158203125,-2.3539423828125,2.7943462748476695
1758795037.5422428,target,1,-0.7742264404296875,-2.0729833984375,-2.4453834887829897
1758795037.5422428,target,2,-0.22456944274902343,2.506272216796875,-0.5205857417200105
1758795037.5422428,target,3,-2.615564453125,-1.4552376708984376,0.9978164858950487
1758795037.5422428,target,4,-2.07580615234375,1.43459912109375,0.7153279982724825
1758795037.5422428,target,5,3.01687548828125,-0.7182642211914062,-2.5545701639990392
1758795037.5623229,herder,1,-0.06516796875,2.735266845703125,-2.5938917374940593
1758795037.5623229,herder,2,-0.5052841796875,-2.353474365234375,2.8068436908950845
1758795037.5623229,target,1,-0.7742023315429688,-2.07298291015625,-2.4452836202421118
1758795037.5623229,target,2,-0.2244317932128906,2.506330078125,-0.5196410186128185
1758795037.5623229,target,3,-2.61545556640625,-1.4546373291015624,0.9881309019055667
1758795037.5623229,target,4,-2.075814453125,1.43489013671875,0.709707063896734
1758795037.5623229,target,5,3.01685498046875,-0.7182500610351562,-2.5544114395980704
1758795037.5824914,herder,1,-0.06504175567626953,2.735757568359375,-2.5906141851404985
1758795037.5824914,herder,2,-0.5053727111816406,-2.352971923828125,2.8216695086835553
1758795037.5824914,target,1,-0.7741973876953125,-2.072978759765625,-2.4454865531171754
1758795037.5824914,target,2,-0.22447016906738282,2.506319580078125,-0.5220782104844045
1758795037.5824914,target,3,-2.61522412109375,-1.4538443603515625,0.9812150720287945
1758795037.5824914,target,4,-2.07534033203125,1.4348876953125,0.7148349805756815
1758795037.5824914,target,5,3.0168642578125,-0.718228515625,-2.5545507229230817
1758795037.6023872,herder,1,-0.06538296508789063,2.735847900390625,-2.5862007945820196
1758795037.6023872,herder,2,-0.5051422424316406,-2.35245703125,2.839088979057655
1758795037.6023872,target,1,-0.7741828002929687,-2.073022705078125,-2.445766185031634
1758795037.6023872,target,2,-0.22448193359375,2.5058115234375,-0.5245875407320181
1758795037.6023872,target,3,-2.61490087890625,-1.4542186279296876,0.9961341004554184
1758795037.6023872,target,4,-2.075223388671875,1.4344822998046876,0.7225367092901362
1758795037.6023872,target,5,3.01689892578125,-0.7182206420898437,-2.5558580687022014
1758795037.6222932,herder,1,-0.06594964599609375,2.7353798828125,-2.5811541043163193
1758795037.6222932,herder,2,-0.5046698303222656,-2.35178466796875,2.859567888892037
1758795037.6222932,target,1,-0.7742208862304687,-2.07299609375,-2.4450055862243074
1758795037.6222932,target,2,-0.22450552368164062,2.50549951171875,-0.5287369454474432
1758795037.6222932,target,3,-2.61432373046875,-1.454706298828125,1.0183479265819328
1758795037.6222932,target,4,-2.075177734375,1.4343682861328124,0.7249428087559956
1758795037.6222932,target,5,3.01687646484375,-0.7182334594726563,-2.5556564674076827
1758795037.6423745,herder,1,-0.06588648223876953,2.73554541015625,-2.5769026339521166
1758795037.6423745,herder,2,-0.5046126708984375,-2.351336181640625,2.8831536424541055
1758795037.6423745,target,1,-0.7741700439453125,-2.072990234375,-2.445521706843565
1758795037.6423745,target,2,-0.2244578857421875,2.505158935546875,-0.5309281943923604
1758795037.6423745,target,3,-2.6131201171875,-1.4549593505859375,1.0354490826267404
1758795037.6423745,target,4,-2.07527099609375,1.434307861328125,0.7256603975117174
1758795037.6423745,target,5,3.016856689453125,-0.7182335205078125,-2.55509613831433
1758795037.6623197,herder,1,-0.0657843246459961,2.735697021484375,-2.575894361163413
1758795037.6623197,herder,2,-0.5045199584960938,-2.351031494140625,2.8955019214804762
1758795037.6623197,target,1,-0.7742302856445312,-2.07293603515625,-2.444870830273149
1758795037.6623197,target,2,-0.22441046142578125,2.505103759765625,-0.532317099479864
1758795037.6623197,target,3,-2.612435302734375,-1.4549986572265625,1.044155888336591
1758795037.6623197,target,4,-2.075259521484375,1.434403076171875,0.7240632998059968
1758795037.6623197,target,5,3.0168740234375,-0.718224365234375,-2.5548159737676537
1758795037.6828516,herder,1,-0.06591361999511719,2.7356328125,-2.574446400478737
1758795037.6828516,herder,2,-0.5042009582519531,-2.350425048828125,2.9339595655178745
1758795037.6828516,target,1,-0.7741676025390625,-2.072984375,-2.4457424828979324
1758795037.6828516,target,2,-0.22417568969726562,2.50482470703125,-0.5315200486551169
1758795037.6828516,target,3,-2.610908447265625,-1.4536031494140624,1.0586943510434426
1758795037.6828516,target,4,-2.07520654296875,1.4344078369140625,0.7253472763465513
1758795037.6828516,target,5,3.016854736328125,-0.7182098388671875,-2.5546130408925896
1758795037.7023351,herder,1,-0.06616213989257813,2.735518798828125,-2.574867179930969
1758795037.7023351,herder,2,-0.5039784545898438,-2.350080810546875,2.946785615643805
1758795037.7023351,target,1,-0.7742066650390625,-2.072976806640625,-2.4454375509531183
1758795037.7023351,target,2,-0.2242080535888672,2.504761474609375,-0.5288504293993942
1758795037.7023351,target,3,-2.6105576171875,-1.45272998046875,1.056692186535921
1758795037.7023351,target,4,-2.075240966796875,1.434466064453125,0.722505483726355
1758795037.7023351,target,5,3.016875244140625,-0.7182389526367188,-2.554769634764686
1758795037.722488,herder,1,-0.0662940444946289,2.73520849609375,-2.577212625903002
1758795037.722488,herder,2,-0.5033789978027344,-2.34934130859375,2.970490945138818
1758795037.722488,target,1,-0.7741965942382812,-2.072967529296875,-2.4455491374027925
1758795037.722488,target,2,-0.22419302368164062,2.50430615234375,-0.5226308497001095
1758795037.722488,target,3,-2.60992919921875,-1.4512757568359376,1.0522772646598149
1758795037.722488,target,4,-2.075198486328125,1.434462890625,0.7196308010666962
1758795037.722488,target,5,3.0168427734375,-0.718247314453125,-2.5542729552213865
1758795037.7425218,herder,1,-0.06594939422607422,2.734797607421875,-2.581816432479422
1758795037.7425218,herder,2,-0.5042657470703125,-2.348533447265625,3.00539619859816
1758795037.7425218,target,1,-0.774173828125,-2.0729921875,-2.4455763016459113
1758795037.7425218,target,2,-0.22406602478027343,2.5035283203125,-0.5150614800918318
1758795037.7425218,target,3,-2.60935009765625,-1.45087451171875,1.0657985329883106
1758795037.7425218,target,4,-2.075453857421875,1.43444140625,0.7176171849664873
1758795037.7425218,target,5,3.016864990234375,-0.71826806640625,-2.5545499239747547
1758795037.7625618,herder,1,-0.066185546875,2.73443798828125,-2.583376778562099
1758795037.7625618,herder,2,-0.5037859802246094,-2.3479970703125,3.0257028019100143
1758795037.7625618,target,1,-0.77418310546875,-2.072968994140625,-2.4451083842423844
1758795037.7625618,target,2,-0.22415943908691408,2.5033212890625,-0.5116428467795244
1758795037.7625618,target,3,-2.60825,-1.450474609375,1.085035078174171
1758795037.7625618,target,4,-2.075448974609375,1.4344566650390624,0.7185847779695403
1758795037.7625618,target,5,3.016876708984375,-0.7182293090820312,-2.5546165030020065
1758795037.782715,herder,1,-0.06662911224365234,2.734316650390625,-2.58450409465153
1758795037.782715,herder,2,-0.5034850769042969,-2.347564697265625,3.0422988228750607
1758795037.782715,target,1,-0.7741705932617188,-2.07297412109375,-2.4457115902292874
1758795037.782715,target,2,-0.22427088928222655,2.50322314453125,-0.5102973179282755
1758795037.782715,target,3,-2.60700146484375,-1.4502279052734375,1.09568379437188
1758795037.782715,target,4,-2.0749296875,1.4347774658203125,0.7228853170768276
1758795037.782715,target,5,3.01687109375,-0.7182429809570312,-2.554525422892726
1758795037.8024144,herder,1,-0.06690692138671875,2.73424560546875,-2.583834842269593
1758795037.8024144,herder,2,-0.5043101196289063,-2.347166259765625,3.052648399503327
1758795037.8024144,target,1,-0.774171875,-2.07299609375,-2.445859661985896
1758795037.8024144,target,2,-0.22441719055175782,2.50316650390625,-0.5088274860331471
1758795037.8024144,target,3,-2.606299560546875,-1.4499862060546875,1.102588172655965
1758795037.8024144,target,4,-2.07469775390625,1.4349969482421876,0.7214662516899788
1758795037.8024144,target,5,3.0168837890625,-0.71821337890625,-2.555298005924958
1758795037.82244,herder,1,-0.06704389953613281,2.734548583984375,-2.5810550347237684
1758795037.82244,herder,2,-0.50509326171875,-2.3471083984375,3.05783384046182
1758795037.82244,target,1,-0.7741845703125,-2.07293994140625,-2.4456050637856843
1758795037.82244,target,2,-0.2243653564453125,2.50288427734375,-0.5074359510740671
1758795037.82244,target,3,-2.6056025390625,-1.4497022705078124,1.1204267580066156
1758795037.82244,target,4,-2.074616943359375,1.435470703125,0.714621594793339
1758795037.82244,target,5,3.0168681640625,-0.7182378540039063,-2.5549842855485467
1758795037.8424158,herder,1,-0.06732653045654297,2.734690673828125,-2.5775961210999734
1758795037.8424158,herder,2,-0.504809326171875,-2.34699267578125,3.05907673774256
1758795037.8424158,target,1,-0.7741994018554688,-2.072971923828125,-2.44499147147053
1758795037.8424158,target,2,-0.22431918334960937,2.5028125,-0.5094861190602373
1758795037.8424158,target,3,-2.604504150390625,-1.4490394287109376,1.1260911684871595
1758795037.8424158,target,4,-2.0747548828125,1.4362786865234376,0.7021048708280211
1758795037.8424158,target,5,3.016865966796875,-0.7182520751953125,-2.5551222372930127
1758795037.8624332,herder,1,-0.06764922332763672,2.734647705078125,-2.5759747886283333
1758795037.8624332,herder,2,-0.5045886840820313,-2.3469306640625,3.0586482351231665
1758795037.8624332,target,1,-0.7741769409179687,-2.072998779296875,-2.445188279075087
1758795037.8624332,target,2,-0.22435029602050782,2.5026376953125,-0.5107125380317324
1758795037.8624332,target,3,-2.604120361328125,-1.4486768798828125,1.1268989052457805
1758795037.8624332,target,4,-2.075342041015625,1.4366319580078124,0.6919698784045882
1758795037.8624332,target,5,3.016880615234375,-0.718234619140625,-2.555309723833754
1758795037.8824537,herder,1,-0.06795886993408203,2.734494140625,-2.572617874074288
1758795037.8824537,herder,2,-0.5044708251953125,-2.34693017578125,3.057527576936461
1758795037.8824537,target,1,-0.7741915893554687,-2.072990234375,-2.4449698998657
1758795037.8824537,target,2,-0.22437557983398437,2.502627197265625,-0.5125565773495305
1758795037.8824537,target,3,-2.603545166015625,-1.44801171875,1.1308746052791054
1758795037.8824537,target,4,-2.07630029296875,1.4375155029296875,0.6719935736469311
1758795037.8824537,target,5,3.016873291015625,-0.7182237548828125,-2.5543515184735437
1758795037.9023616,herder,1,-0.06835808563232422,2.73469384765625,-2.562827561274939
1758795037.9023616,herder,2,-0.5048169250488281,-2.347080078125,3.0559672308537835
1758795037.9023616,target,1,-0.7741953735351562,-2.072980224609375,-2.445395473007895
1758795037.9023616,target,2,-0.22434136962890625,2.50212060546875,-0.5180062371776734
1758795037.9023616,target,3,-2.602685302734375,-1.4477091064453125,1.1586504433422504
1758795037.9023616,target,4,-2.076959228515625,1.4388685302734374,0.6431867593467893
1758795037.9023616,target,5,3.0168720703125,-0.718227294921875,-2.55540213552358
1758795037.9223208,herder,1,-0.06844236755371094,2.734741943359375,-2.5593449455174424
1758795037.9223208,herder,2,-0.5047933349609375,-2.347175537109375,3.054907292739932
1758795037.9223208,target,1,-0.7741954345703125,-2.07299853515625,-2.4459819010799304
1758795037.9223208,target,2,-0.22420848083496095,2.501960693359375,-0.5219347992597038
1758795037.9223208,target,3,-2.601971923828125,-1.447750244140625,1.1628925926426374
1758795037.9223208,target,4,-2.077269775390625,1.439361572265625,0.6343447982116172
1758795037.9223208,target,5,3.0168681640625,-0.7182174682617187,-2.555129694144065
1758795037.9423027,herder,1,-0.0684881591796875,2.734938232421875,-2.548916273004801
1758795037.9423027,herder,2,-0.504447021484375,-2.34784033203125,3.0414045333810122
1758795037.9423027,target,1,-0.774181640625,-2.0729677734375,-2.4453778961447004
1758795037.9423027,target,2,-0.2235984191894531,2.501129638671875,-0.5302373038265666
1758795037.9423027,target,3,-2.60037646484375,-1.4474327392578126,1.1804096678706884
1758795037.9423027,target,4,-2.07789794921875,1.43949951171875,0.6291703427926205
1758795037.9423027,target,5,3.016881591796875,-0.7182147827148437,-2.555471111395813
1758795037.9624221,herder,1,-0.06862178039550781,2.734914306640625,-2.5421771438663554
1758795037.9624221,herder,2,-0.5042895812988282,-2.348271240234375,3.026201345666077
1758795037.9624221,target,1,-0.7741661987304688,-2.072979248046875,-2.4454117182905444
1758795037.9624221,target,2,-0.22299485778808595,2.500972412109375,-0.5348887476969854
1758795037.9624221,target,3,-2.59968212890625,-1.4470494384765624,1.1947145713499399
1758795037.9624221,target,4,-2.078192626953125,1.4387381591796875,0.6354512750655179
1758795037.9624221,target,5,3.0168935546875,-0.7181746215820313,-2.554918239153513
1758795037.9824405,herder,1,-0.06870616149902344,2.734980224609375,-2.5364673264892255
1758795037.9824405,herder,2,-0.5045026245117188,-2.348480712890625,3.006650547471587
1758795037.9824405,target,1,-0.77418994140625,-2.07298046875,-2.4448050501942244
1758795037.9824405,target,2,-0.22251766967773437,2.50071435546875,-0.5398861029034918
1758795037.9824405,target,3,-2.599583740234375,-1.4475638427734374,1.1855965735677811
1758795037.9824405,target,4,-2.077923095703125,1.438662841796875,0.6389850900949713
1758795037.9824405,target,5,3.01689990234375,-0.71820947265625,-2.555528901991468
1758795038.0022712,herder,1,-0.06884251403808593,2.734871337890625,-2.532916533807823
1758795038.0022712,herder,2,-0.5042683715820313,-2.34904541015625,2.98490583717109
1758795038.0022712,target,1,-0.7741925048828125,-2.07297509765625,-2.445123564260598
1758795038.0022712,target,2,-0.22227560424804688,2.50039990234375,-0.5411336940056531
1758795038.0022712,target,3,-2.59913916015625,-1.447287109375,1.1948617110001667
1758795038.0022712,target,4,-2.077745361328125,1.4391243896484376,0.6336605655485485
1758795038.0022712,target,5,3.01686669921875,-0.7182113037109376,-2.554901194922536
1758795038.0223033,herder,1,-0.06882156372070312,2.734908935546875,-2.532419321632305
1758795038.0223033,herder,2,-0.504357421875,-2.34961279296875,2.96170437775432
1758795038.0223033,target,1,-0.7741968994140624,-2.072959716796875,-2.4455243700046547
1758795038.0223033,target,2,-0.2221062469482422,2.500369140625,-0.5396916255648888
1758795038.0223033,target,3,-2.5988583984375,-1.447187744140625,1.2083516871858542
1758795038.0223033,target,4,-2.07760400390625,1.4393387451171875,0.6340733555175109
1758795038.0223033,target,5,3.016875244140625,-0.7182024536132813,-2.5555041345933303
1758795038.0423102,herder,1,-0.0687010726928711,2.7349736328125,-2.533041436062948
1758795038.0423102,herder,2,-0.5047417907714844,-2.349946533203125,2.9495960495421656
1758795038.0423102,target,1,-0.7741882934570312,-2.072980712890625,-2.4456322280288028
1758795038.0423102,target,2,-0.2221172637939453,2.50035205078125,-0.5383645723937023
1758795038.0423102,target,3,-2.598326171875,-1.4474312744140625,1.212404618890791
1758795038.0423102,target,4,-2.0776259765625,1.439226318359375,0.6345128436764012
1758795038.0423102,target,5,3.01689453125,-0.7182188110351563,-2.5553885534020204
1758795038.0624626,herder,1,-0.06853710174560547,2.7347568359375,-2.53732513067634
1758795038.0624626,herder,2,-0.5049353942871094,-2.350743896484375,2.9151792198267445
1758795038.0624626,target,1,-0.774185791015625,-2.07296533203125,-2.444586404668729
1758795038.0624626,target,2,-0.22237351989746093,2.500099365234375,-0.5361416318318132
1758795038.0624626,target,3,-2.59798974609375,-1.4484195556640624,1.224608155111916
1758795038.0624626,target,4,-2.07801220703125,1.4393094482421875,0.6274551338925549
1758795038.0624626,target,5,3.01688330078125,-0.7182051391601563,-2.5550524624724527
1758795038.0824714,herder,1,-0.06843450164794922,2.73421875,-2.543200330357164
1758795038.0824714,herder,2,-0.5055559997558594,-2.351099853515625,2.8933508862680193
1758795038.0824714,target,1,-0.7741737060546875,-2.07297412109375,-2.4451371463821574
1758795038.0824714,target,2,-0.2224085235595703,2.500027099609375,-0.5332896526204474
1758795038.0824714,target,3,-2.597822998046875,-1.4481864013671875,1.2327744722785348
1758795038.0824714,target,4,-2.078010498046875,1.439087890625,0.6276555367645834
1758795038.0824714,target,5,3.016881591796875,-0.7182176513671875,-2.5555792357360705
1758795038.102424,herder,1,-0.06848773956298829,2.733503173828125,-2.552161068476954
1758795038.102424,herder,2,-0.5053696594238282,-2.351609619140625,2.873146814658133
1758795038.102424,target,1,-0.7741565551757813,-2.072970703125,-2.4452487328318315
1758795038.102424,target,2,-0.22275230407714844,2.499964599609375,-0.5279724517670223
1758795038.102424,target,3,-2.5984951171875,-1.4481644287109374,1.2084881741917206
1758795038.102424,target,4,-2.077993408203125,1.4391551513671874,0.6299980532594172
1758795038.102424,target,5,3.01686962890625,-0.718239990234375,-2.5553102564659724
1758795038.1222897,herder,1,-0.06832417297363282,2.73323828125,-2.562098654084584
1758795038.1222897,herder,2,-0.5052660827636719,-2.352116943359375,2.8552093594520134
1758795038.1222897,target,1,-0.7741552734375,-2.072968505859375,-2.4454455404363884
1758795038.1222897,target,2,-0.22317127990722657,2.49974853515625,-0.5247218306299852
1758795038.1222897,target,3,-2.59897900390625,-1.4480675048828124,1.198968838033287
1758795038.1222897,target,4,-2.077897216796875,1.4391658935546876,0.6325745950350415
1758795038.1222897,target,5,3.0168740234375,-0.7182227783203124,-2.5552500690253366
1758795038.1423166,herder,1,-0.06822908782958985,2.733395751953125,-2.571097741724071
1758795038.1423166,herder,2,-0.5058852233886719,-2.352269287109375,2.837959798755461
1758795038.1423166,target,1,-0.7741651000976563,-2.072989013671875,-2.4453158444913017
1758795038.1423166,target,2,-0.22322337341308593,2.499706298828125,-0.5220182227808504
1758795038.1423166,target,3,-2.598911376953125,-1.4482425537109376,1.2178123006422517
1758795038.1423166,target,4,-2.077427490234375,1.4391375732421876,0.6386101835925153
1758795038.1423166,target,5,3.01687353515625,-0.7181805419921875,-2.555471111395813
1758795038.1625671,herder,1,-0.06855580139160156,2.73339013671875,-2.5793293063373968
1758795038.1625671,herder,2,-0.5064212036132812,-2.35273486328125,2.8213129114135937
1758795038.1625671,target,1,-0.774198974609375,-2.072966796875,-2.445198931719447
1758795038.1625671,target,2,-0.2231184844970703,2.49984716796875,-0.5223321761838572
1758795038.1625671,target,3,-2.59777490234375,-1.448872314453125,1.2361023583766977
1758795038.1625671,target,4,-2.076984619140625,1.4392161865234374,0.6403497604165551
1758795038.1625671,target,5,3.01687255859375,-0.7182051391601563,-2.5553286322774937
1758795038.182464,herder,1,-0.0684442138671875,2.7333564453125,-2.5862101156458346
1758795038.182464,herder,2,-0.5060086669921875,-2.353333984375,2.8052710942713923
1758795038.182464,target,1,-0.7741998291015625,-2.072958984375,-2.445332622406169
1758795038.182464,target,2,-0.22310325622558594,2.499861572265625,-0.52352533893124
1758795038.182464,target,3,-2.597271728515625,-1.45010205078125,1.2369823999589145
1758795038.182464,target,4,-2.076806396484375,1.439152099609375,0.6393691179241607
1758795038.182464,target,5,3.01687158203125,-0.718208984375,-2.5555869589032314
1758795038.2023537,herder,1,-0.0679043731689453,2.7332685546875,-2.5883819235147945
1758795038.2023537,herder,2,-0.5057447204589843,-2.354107666015625,2.789017822138639
1758795038.2023537,target,1,-0.7741820678710938,-2.07297119140625,-2.4455398163389774
1758795038.2023537,target,2,-0.22316828918457032,2.49972802734375,-0.5233297297491736
1758795038.2023537,target,3,-2.597503173828125,-1.450025390625,1.2337933977115991
1758795038.2023537,target,4,-2.076796875,1.438621337890625,0.6458267509353848
1758795038.2023537,target,5,3.0168701171875,-0.7182058715820312,-2.5550207708554806
1758795038.2222562,herder,1,-0.0684808578491211,2.732810302734375,-2.587321985400943
1758795038.2222562,herder,2,-0.5062768859863281,-2.3542783203125,2.7743619140277147
1758795038.2222562,target,1,-0.7742133178710937,-2.07297021484375,-2.445825040891725
1758795038.2222562,target,2,-0.22314987182617188,2.499662109375,-0.5234994729791526
1758795038.2222562,target,3,-2.597773193359375,-1.4491502685546875,1.2320704656443724
1758795038.2222562,target,4,-2.076890625,1.4381402587890626,0.662529364923062
1758795038.2222562,target,5,3.016875,-0.7182040405273438,-2.5546447325095616
1758795038.2423406,herder,1,-0.06896930694580078,2.7327275390625,-2.5856356717987046
1758795038.2423406,herder,2,-0.5064657592773437,-2.354364990234375,2.7627840875047043
1758795038.2423406,target,1,-0.7741862182617187,-2.072996337890625,-2.445240210716343
1758795038.2423406,target,2,-0.2230704803466797,2.49981005859375,-0.5232826250873929
1758795038.2423406,target,3,-2.5978720703125,-1.44802490234375,1.2237936272925152
1758795038.2423406,target,4,-2.076334716796875,1.43778759765625,0.6732846075643742
1758795038.2423406,target,5,3.01687646484375,-0.7182099609375,-2.5548508611779335
1758795038.262467,herder,1,-0.06900425720214844,2.733406005859375,-2.580145032579288
1758795038.262467,herder,2,-0.5060964660644531,-2.3544697265625,2.75674803289404
1758795038.262467,target,1,-0.7741920166015624,-2.072984619140625,-2.445231688600855
1758795038.262467,target,2,-0.2230416259765625,2.499782470703125,-0.5259839692496011
1758795038.262467,target,3,-2.597751953125,-1.44736328125,1.2263156408448201
1758795038.262467,target,4,-2.076307373046875,1.4377095947265626,0.6669546065483922
1758795038.262467,target,5,3.016866943359375,-0.7182073974609375,-2.5548620464545118
1758795038.2824547,herder,1,-0.06912773895263671,2.73414453125,-2.569249774243665
1758795038.2824547,herder,2,-0.5060306396484375,-2.354487060546875,2.754877694860477
1758795038.2824547,target,1,-0.7741965942382812,-2.072976806640625,-2.444936876668183
1758795038.2824547,target,2,-0.2226304473876953,2.499802734375,-0.5308242312413065
1758795038.2824547,target,3,-2.597215087890625,-1.4457135009765625,1.2260190978574397
1758795038.2824547,target,4,-2.077094970703125,1.4382169189453125,0.6502479312400526
1758795038.2824547,target,5,3.016861328125,-0.7182001342773437,-2.555564055717857
1758795038.3022807,herder,1,-0.06932364654541015,2.734705078125,-2.5547861463634445
1758795038.3022807,herder,2,-0.5061339111328125,-2.354747314453125,2.7556649252787047
1758795038.3022807,target,1,-0.7742005004882813,-2.072966552734375,-2.444829817592362
1758795038.3022807,target,2,-0.22212855529785155,2.499440185546875,-0.5342305807230859
1758795038.3022807,target,3,-2.597349609375,-1.444764892578125,1.2083684651007216
1758795038.3022807,target,4,-2.078021240234375,1.438941162109375,0.6330596898275994
1758795038.3022807,target,5,3.016860595703125,-0.7181934204101562,-2.5551728373537244
1758795038.3224518,herder,1,-0.0694906997680664,2.73487646484375,-2.546030471647591
1758795038.3224518,herder,2,-0.5061906433105469,-2.35472314453125,2.7565344473746154
1758795038.3224518,target,1,-0.7741758422851562,-2.0729873046875,-2.4453842877313168
1758795038.3224518,target,2,-0.22193858337402345,2.49941552734375,-0.5368973037911232
1758795038.3224518,target,3,-2.597513671875,-1.4444449462890625,1.2024517201068925
1758795038.3224518,target,4,-2.0784404296875,1.4393094482421875,0.6248393104908518
1758795038.3224518,target,5,3.016897216796875,-0.7182071533203125,-2.5552998701377208
1758795038.342426,herder,1,-0.06980274963378906,2.734961669921875,-2.518025734888754
1758795038.342426,herder,2,-0.5064414367675781,-2.35456103515625,2.763071975218542
1758795038.342426,target,1,-0.7741736450195312,-2.072991943359375,-2.445270304436661
1758795038.342426,target,2,-0.22135084533691407,2.499682861328125,-0.5431896543671942
1758795038.342426,target,3,-2.59786474609375,-1.4441507568359375,1.2059692232746693
1758795038.342426,target,4,-2.078586669921875,1.4390579833984376,0.622347457237892
1758795038.342426,target,5,3.016875,-0.7182140502929687,-2.555566985195056
1758795038.3623729,herder,1,-0.07006342315673827,2.73481494140625,-2.5087904248605772
1758795038.3623729,herder,2,-0.506308837890625,-2.354411865234375,2.7668533976503453
1758795038.3623729,target,1,-0.77418701171875,-2.0729755859375,-2.445703867062126
1758795038.3623729,target,2,-0.2211343994140625,2.49972998046875,-0.547155034651295
1758795038.3623729,target,3,-2.598119140625,-1.444245849609375,1.1946671670825364
1758795038.3623729,target,4,-2.07837060546875,1.439052490234375,0.6246386413027144
1758795038.3623729,target,5,3.0168671875,-0.7182057495117188,-2.554730486296662
1758795038.3824694,herder,1,-0.07048359680175781,2.735471435546875,-2.4843324860415072
1758795038.3824694,herder,2,-0.5052575378417968,-2.354037353515625,2.783623323034574
1758795038.3824694,target,1,-0.7741514282226563,-2.0730107421875,-2.4443754823103947
1758795038.3824694,target,2,-0.22058367919921876,2.49972705078125,-0.5579981948980934
1758795038.3824694,target,3,-2.599797607421875,-1.4432664794921874,1.156015245443617
1758795038.3824694,target,4,-2.077446044921875,1.4393731689453124,0.6320183938413785
1758795038.3824694,target,5,3.016869873046875,-0.7182289428710937,-2.5541331392641573
1758795038.4022954,herder,1,-0.07073419952392578,2.736174072265625,-2.468645934588723
1758795038.4022954,herder,2,-0.5047606201171875,-2.35374462890625,2.798901345576141
1758795038.4022954,target,1,-0.7742071533203125,-2.07296484375,-2.4457169165514676
1758795038.4022954,target,2,-0.2199268798828125,2.499864501953125,-0.5652752492872214
1758795038.4022954,target,3,-2.601178955078125,-1.4423082275390624,1.1343549573496754
1758795038.4022954,target,4,-2.07687060546875,1.43868310546875,0.6441199975717803
1758795038.4022954,target,5,3.016870361328125,-0.718244873046875,-2.554597594558267
1758795038.4223847,herder,1,-0.07094033813476562,2.736690673828125,-2.4540539423439607
1758795038.4223847,herder,2,-0.5044905090332031,-2.353480712890625,2.817865183066377
1758795038.4223847,target,1,-0.7742181396484376,-2.072976318359375,-2.4454889499621566
1758795038.4223847,target,2,-0.21910369873046875,2.4998193359375,-0.5702957739952115
1758795038.4223847,target,3,-2.60149609375,-1.4416201171875,1.1281788204656726
1758795038.4223847,target,4,-2.0761728515625,1.4378330078125,0.6661910116848392
1758795038.4223847,target,5,3.01687060546875,-0.7182437744140625,-2.554789608472862
1758795038.4427426,herder,1,-0.0707733612060547,2.73728955078125,-2.4417136528008605
1758795038.4427426,herder,2,-0.5048761291503906,-2.352719970703125,2.8400900613114155
1758795038.4427426,target,1,-0.7741876220703126,-2.072979736328125,-2.445578165858674
1758795038.4427426,target,2,-0.2177421112060547,2.49977783203125,-0.5813942981010349
1758795038.4427426,target,3,-2.601248291015625,-1.441637939453125,1.1309893875220878
1758795038.4427426,target,4,-2.075717041015625,1.436998046875,0.6814239602249562
1758795038.4427426,target,5,3.016896484375,-0.7181861572265625,-2.5563278503184916
1758795038.4625084,herder,1,-0.07091481018066406,2.737025634765625,-2.430816530252474
1758795038.4625084,herder,2,-0.5047371826171875,-2.35180712890625,2.864741878257843
1758795038.4625084,target,1,-0.7742074584960937,-2.07298583984375,-2.445150728503717
1758795038.4625084,target,2,-0.21622813415527345,2.499521728515625,-0.587627826106529
1758795038.4625084,target,3,-2.601307861328125,-1.4424248046875,1.1341994287420147
1758795038.4625084,target,4,-2.07569970703125,1.4365040283203125,0.6814984621564512
1758795038.4625084,target,5,3.0168857421875,-0.7182107543945313,-2.555794685468258
1758795038.482336,herder,1,-0.0711083755493164,2.7367099609375,-2.4262004731350397
1758795038.482336,herder,2,-0.5043182373046875,-2.351438720703125,2.8774696577395495
1758795038.482336,target,1,-0.7741924438476563,-2.072989990234375,-2.4457528692261836
1758795038.482336,target,2,-0.2160301055908203,2.49931884765625,-0.5884986797829849
1758795038.482336,target,3,-2.60140869140625,-1.4424102783203125,1.1296251832536948
1758795038.482336,target,4,-2.075708740234375,1.436766845703125,0.6796195354283731
1758795038.482336,target,5,3.01687548828125,-0.7182390747070313,-2.555837296045699
1758795038.5028856,herder,1,-0.07102416229248047,2.73649267578125,-2.4189492181189722
1758795038.5028856,herder,2,-0.5041123657226563,-2.3506533203125,2.916189090512103
1758795038.5028856,target,1,-0.7741912231445313,-2.072989501953125,-2.4454045277556014
1758795038.5028856,target,2,-0.2160474853515625,2.498981689453125,-0.5863332635006414
1758795038.5028856,target,3,-2.60185986328125,-1.442237548828125,1.110751560345385
1758795038.5028856,target,4,-2.075912841796875,1.4369556884765624,0.6773513877069798
1758795038.5028856,target,5,3.01686865234375,-0.71820849609375,-2.554301717361159
1758795038.522724,herder,1,-0.07128112030029297,2.736434326171875,-2.4188413600948238
1758795038.522724,herder,2,-0.5044872131347656,-2.35032568359375,2.940335972115851
1758795038.522724,target,1,-0.7741978759765625,-2.072975341796875,-2.4454388825336633
1758795038.522724,target,2,-0.2161864013671875,2.4989765625,-0.5876738987933873
1758795038.522724,target,3,-2.601337158203125,-1.4421539306640625,1.1275676249954996
1758795038.522724,target,4,-2.076132568359375,1.437136474609375,0.6705153860838826
1758795038.522724,target,5,3.0168759765625,-0.7182431030273437,-2.554835148527502
1758795038.542387,herder,1,-0.07154278564453125,2.73650244140625,-2.4212840114466445
1758795038.542387,herder,2,-0.5036288146972656,-2.349751220703125,2.9631342289435834
1758795038.542387,target,1,-0.7742182006835937,-2.072973876953125,-2.445060713658872
1758795038.542387,target,2,-0.21612973022460938,2.499110107421875,-0.5838987347901455
1758795038.542387,target,3,-2.600197021484375,-1.4423453369140624,1.1501071557233307
1758795038.542387,target,4,-2.0759921875,1.437226806640625,0.671562607603529
1758795038.542387,target,5,3.01689501953125,-0.718237548828125,-2.5552202416211274
1758795038.5625405,herder,1,-0.07101869201660156,2.736704833984375,-2.425570369221127
1758795038.5625405,herder,2,-0.5033030090332031,-2.349197509765625,2.9851066395172823
1758795038.5625405,target,1,-0.7742069702148437,-2.072961669921875,-2.4450391420540423
1758795038.5625405,target,2,-0.21624794006347656,2.49896533203125,-0.5815610785643012
1758795038.5625405,target,3,-2.59958544921875,-1.44295263671875,1.150846049767773
1758795038.5625405,target,4,-2.0759296875,1.4371883544921875,0.6726299359894056
1758795038.5625405,target,5,3.016908447265625,-0.7182052612304688,-2.5550748330256092
1758795038.5825222,herder,1,-0.07053178405761719,2.736549560546875,-2.4350328468902878
1758795038.5825222,herder,2,-0.5041861572265625,-2.34856494140625,3.0046699545688953
1758795038.5825222,target,1,-0.7742052612304687,-2.072975341796875,-2.4453794940413545
1758795038.5825222,target,2,-0.21664241027832032,2.49903173828125,-0.5798298906976952
1758795038.5825222,target,3,-2.5998623046875,-1.442774169921875,1.1546268064093042
1758795038.5825222,target,4,-2.07594482421875,1.437208251953125,0.6724240736371424
1758795038.5825222,target,5,3.01689990234375,-0.7182232055664063,-2.554817571664308
1758795038.6032639,herder,1,-0.06979407501220704,2.736387451171875,-2.447918285508527
1758795038.6032639,herder,2,-0.5039283142089844,-2.34824365234375,3.018170317082834
1758795038.6032639,target,1,-0.7741709594726562,-2.072988037109375,-2.4455507352994466
1758795038.6032639,target,2,-0.2169139404296875,2.49912158203125,-0.575871767527565
1758795038.6032639,target,3,-2.599611083984375,-1.44240234375,1.1603149190235498
1758795038.6032639,target,4,-2.075958984375,1.43724560546875,0.6723622882998526
1758795038.6032639,target,5,3.016876708984375,-0.7182030029296875,-2.5546095787831726
1758795038.6223376,herder,1,-0.06955659484863282,2.736405029296875,-2.45581509077283
1758795038.6223376,herder,2,-0.5038545227050781,-2.348272705078125,3.0222268440552424
1758795038.6223376,target,1,-0.774204833984375,-2.072977783203125,-2.4448660365831874
1758795038.6223376,target,2,-0.21707240295410157,2.498960205078125,-0.5727033381996703
1758795038.6223376,target,3,-2.599696533203125,-1.442498779296875,1.1603261043001283
1758795038.6223376,target,4,-2.076118408203125,1.4375576171875,0.6675030179958668
1758795038.6223376,target,5,3.01689453125,-0.7182222900390625,-2.5542806783885474
1758795038.6422994,herder,1,-0.06969696044921875,2.7358125,-2.48446324725103
1758795038.6422994,herder,2,-0.5039972839355469,-2.348001953125,3.02845544521272
1758795038.6422994,target,1,-0.7741837158203125,-2.0730068359375,-2.4454098540777816
1758795038.6422994,target,2,-0.2174566192626953,2.498793212890625,-0.567396856569633
1758795038.6422994,target,3,-2.599654296875,-1.441967041015625,1.1476055153533646
1758795038.6422994,target,4,-2.07598388671875,1.4376058349609375,0.6703139845264454
1758795038.6422994,target,5,3.0168623046875,-0.7182455444335938,-2.554289466820145
1758795038.6624815,herder,1,-0.06997554016113282,2.73539013671875,-2.4962733014210956
1758795038.6624815,herder,2,-0.5040745849609375,-2.3479560546875,3.0287406697654675
1758795038.6624815,target,1,-0.7742028198242188,-2.07294775390625,-2.4458862935967964
1758795038.6624815,target,2,-0.2173721466064453,2.49893359375,-0.5677715633350071
1758795038.6624815,target,3,-2.599317626953125,-1.4415975341796874,1.1493353716394257
1758795038.6624815,target,4,-2.075990478515625,1.4374925537109375,0.6704288999274823
1758795038.6624815,target,5,3.016882080078125,-0.7182621459960937,-2.554403183798691
1758795038.682578,herder,1,-0.0686580581665039,2.734885009765625,-2.534297649149138
1758795038.682578,herder,2,-0.5042622375488282,-2.347906982421875,3.0267313147230026
1758795038.682578,target,1,-0.774196044921875,-2.07298876953125,-2.44549880365819
1758795038.682578,target,2,-0.21741410827636717,2.4987763671875,-0.5677345453958551
1758795038.682578,target,3,-2.598253662109375,-1.441677734375,1.1679524655557336
1758795038.682578,target,4,-2.075826416015625,1.437490234375,0.6704647194441439
1758795038.682578,target,5,3.016886474609375,-0.7182681274414062,-2.5547555200109087
1758795038.7023807,herder,1,-0.0678465805053711,2.73414892578125,-2.5608637462871147
1758795038.7023807,herder,2,-0.5042959899902344,-2.3481337890625,3.0232886463818573
1758795038.7023807,target,1,-0.7741754760742188,-2.072965576171875,-2.4451419400721193
1758795038.7023807,target,2,-0.21743905639648436,2.498763427734375,-0.568138280617111
1758795038.7023807,target,3,-2.598345947265625,-1.4419208984375,1.1686341016367394
1758795038.7023807,target,4,-2.0760712890625,1.4376026611328125,0.669285538292484
1758795038.7023807,target,5,3.016879150390625,-0.7182535400390625,-2.5546702988560264
1758795038.7222977,herder,1,-0.0678465805053711,2.73414892578125,-2.5608637462871147
1758795038.7222977,herder,2,-0.5042959899902344,-2.3481337890625,3.0232886463818573
1758795038.7222977,target,1,-0.7741754760742188,-2.072965576171875,-2.4451419400721193
1758795038.7222977,target,2,-0.21743905639648436,2.498763427734375,-0.568138280617111
1758795038.7222977,target,3,-2.598345947265625,-1.4419208984375,1.1686341016367394
1758795038.7222977,target,4,-2.0760712890625,1.4376026611328125,0.669285538292484
1758795038.7222977,target,5,3.016879150390625,-0.7182535400390625,-2.5546702988560264
1758795038.742523,herder,1,-0.06749285888671876,2.73314208984375,-2.6138659783018716
1758795038.742523,herder,2,-0.5048858337402343,-2.348629638671875,3.0085065044352635
1758795038.742523,target,1,-0.7741912231445313,-2.072968017578125,-2.445324100290681
1758795038.742523,target,2,-0.21738140869140626,2.498884521484375,-0.5676767548002003
1758795038.742523,target,3,-2.5975517578125,-1.4419208984375,1.1902308733386824
1758795038.742523,target,4,-2.075534423828125,1.43624365234375,0.6941112596580937
1758795038.742523,target,5,3.016881103515625,-0.7182481689453125,-2.554895868600356
1758795038.7624843,herder,1,-0.06714064025878906,2.73246923828125,-2.6410137098219213
1758795038.7624843,herder,2,-0.5048394470214844,-2.3490341796875,2.995219727440749
1758795038.7624843,target,1,-0.774193603515625,-2.07297998046875,-2.4459507420951763
1758795038.7624843,target,2,-0.21738328552246095,2.498864013671875,-0.5678195002346286
1758795038.7624843,target,3,-2.596502685546875,-1.4416373291015625,1.2009466346168343
1758795038.7624843,target,4,-2.074890625,1.4355594482421874,0.7109843825345632
1758795038.7624843,target,5,3.016866455078125,-0.718230712890625,-2.5546119756281533
1758795038.782403,herder,1,-0.06739627838134765,2.731295166015625,-2.6675435879690728
1758795038.782403,herder,2,-0.5047174377441406,-2.349323974609375,2.9782316891632425
1758795038.782403,target,1,-0.7741796264648437,-2.07297314453125,-2.4454082561811274
1758795038.782403,target,2,-0.21738632202148436,2.498909912109375,-0.5673640331091978
1758795038.782403,target,3,-2.59501953125,-1.4410374755859374,1.2169672796283695
1758795038.782403,target,4,-2.074527587890625,1.4347080078125,0.7224419007553294
1758795038.782403,target,5,3.016865234375,-0.718231689453125,-2.554493997591863
1758795038.8024464,herder,1,-0.067119140625,2.730568115234375,-2.692833498312683
1758795038.8024464,herder,2,-0.505030029296875,-2.349777587890625,2.957239055554584
1758795038.8024464,target,1,-0.7741943969726562,-2.072980712890625,-2.445375499299719
1758795038.8024464,target,2,-0.217407470703125,2.49888818359375,-0.5676490579248635
1758795038.8024464,target,3,-2.593518310546875,-1.4410062255859375,1.250022701394542
1758795038.8024464,target,4,-2.074432861328125,1.4351729736328125,0.718681384138083
1758795038.8024464,target,5,3.016872802734375,-0.7182462158203125,-2.5547350136705154
1758795038.822303,herder,1,-0.06688025665283204,2.730273193359375,-2.7044739091213104
1758795038.822303,herder,2,-0.5050117492675781,-2.350005615234375,2.946618635443457
1758795038.822303,target,1,-0.77415087890625,-2.07299365234375,-2.445389347737388
1758795038.822303,target,2,-0.21737232971191406,2.498859130859375,-0.5678282886662258
1758795038.822303,target,3,-2.5928583984375,-1.440954833984375,1.2647121653352011
1758795038.822303,target,4,-2.0744150390625,1.43553759765625,0.7138434857018451
1758795038.822303,target,5,3.01685888671875,-0.7182489013671876,-2.554292396297344
1758795038.8422723,herder,1,-0.06664395141601563,2.729677001953125,-2.729868481695761
1758795038.8422723,herder,2,-0.5050660705566407,-2.35085009765625,2.9127650642985876
1758795038.8422723,target,1,-0.7741891479492188,-2.072977783203125,-2.4451848169656696
1758795038.8422723,target,2,-0.21739456176757813,2.49885888671875,-0.5680345504926525
1758795038.8422723,target,3,-2.5919990234375,-1.44157080078125,1.2663349625454408
1758795038.8422723,target,4,-2.074309326171875,1.43595556640625,0.710756549103307
1758795038.8422723,target,5,3.01687158203125,-0.7182344360351562,-2.5546788209715143
1758795038.8624473,herder,1,-0.0667103042602539,2.729621337890625,-2.739820448373278
1758795038.8624473,herder,2,-0.5058836059570313,-2.351090576171875,2.890195040376275
1758795038.8624473,target,1,-0.7741895751953125,-2.072964111328125,-2.445461519402929
1758795038.8624473,target,2,-0.21738642883300782,2.498888916015625,-0.567429347134932
1758795038.8624473,target,3,-2.591736328125,-1.4412247314453126,1.2779258385577927
1758795038.8624473,target,4,-2.07434716796875,1.4354205322265625,0.7210209711557176
1758795038.8624473,target,5,3.01685888671875,-0.7182503051757813,-2.5548503285457156
1758795038.882328,herder,1,-0.06636878204345703,2.7296416015625,-2.745335588674723
1758795038.882328,herder,2,-0.5053085327148438,-2.3518740234375,2.8694679239282976
1758795038.882328,target,1,-0.77419873046875,-2.072996337890625,-2.4451752295857454
1758795038.882328,target,2,-0.21736167907714843,2.49889990234375,-0.5681887475197681
1758795038.882328,target,3,-2.591140869140625,-1.4413621826171874,1.2944949615958297
1758795038.882328,target,4,-2.073935791015625,1.4353594970703125,0.7262328439880299
1758795038.882328,target,5,3.016868408203125,-0.7182173461914062,-2.5547746947707575
1758795038.9023182,herder,1,-0.0662960205078125,2.7296787109375,-2.746864509456538
1758795038.9023182,herder,2,-0.5049656677246094,-2.352456787109375,2.8495333642207274
1758795038.9023182,target,1,-0.7741818237304687,-2.0730009765625,-2.445297734995889
1758795038.9023182,target,2,-0.21736306762695312,2.49889404296875,-0.5678109781191403
1758795038.9023182,target,3,-2.590406982421875,-1.4422509765625,1.305280098220378
1758795038.9023182,target,4,-2.073836181640625,1.4356602783203125,0.7228194038398481
1758795038.9023182,target,5,3.016862548828125,-0.7182125244140625,-2.554863378035057
1758795038.9222853,herder,1,-0.0663054656982422,2.729665771484375,-2.745357160279553
1758795038.9222853,herder,2,-0.5057184448242188,-2.3526552734375,2.8302728505850565
1758795038.9222853,target,1,-0.77421533203125,-2.072967529296875,-2.445296669731453
1758795038.9222853,target,2,-0.21734007263183594,2.498881103515625,-0.5682511320683031
1758795038.9222853,target,3,-2.59008447265625,-1.4420006103515626,1.319710037112809
1758795038.9222853,target,4,-2.07341748046875,1.43589453125,0.7217697854752206
1758795038.9222853,target,5,3.01687255859375,-0.7182245483398437,-2.55524367743872
1758795038.9423444,herder,1,-0.06655770874023438,2.72968212890625,-2.7432609861855513
1758795038.9423444,herder,2,-0.5060542907714843,-2.353151611328125,2.8120613561027676
1758795038.9423444,target,1,-0.774205810546875,-2.0729814453125,-2.4446449942127106
1758795038.9423444,target,2,-0.21729777526855468,2.498923583984375,-0.5693542799708412
1758795038.9423444,target,3,-2.589233154296875,-1.4411337890625,1.3333010802618648
1758795038.9423444,target,4,-2.073600341796875,1.43596923828125,0.7166850120059324
1758795038.9423444,target,5,3.016872314453125,-0.7182445678710937,-2.554791739001734
1758795038.9623582,herder,1,-0.06664824676513671,2.729703369140625,-2.7403432268952606
1758795038.9623582,herder,2,-0.5052084045410157,-2.353955322265625,2.795005673533573
1758795038.9623582,target,1,-0.7741817626953125,-2.072995361328125,-2.445162979044731
1758795038.9623582,target,2,-0.2172890625,2.498943115234375,-0.5698090147269723
1758795038.9623582,target,3,-2.5878798828125,-1.4403963623046876,1.3502726069406128
1758795038.9623582,target,4,-2.074216552734375,1.4364521484375,0.705198398750257
1758795038.9623582,target,5,3.016885009765625,-0.7182098388671875,-2.55432302264988
1758795038.9825456,herder,1,-0.06689447784423828,2.729853515625,-2.7347223590985394
1758795038.9825456,herder,2,-0.5053578796386718,-2.35454541015625,2.781284801281376
1758795038.9825456,target,1,-0.7742025756835937,-2.072998779296875,-2.445533158436252
1758795038.9825456,target,2,-0.217248046875,2.498941162109375,-0.5702983705772743
1758795038.9825456,target,3,-2.587031982421875,-1.4399989013671874,1.3594485284764808
1758795038.9825456,target,4,-2.074474853515625,1.4371387939453124,0.6918006345173137
1758795038.9825456,target,5,3.01687060546875,-0.7182257080078125,-2.5545198302544367
1758795039.002353,herder,1,-0.06715106201171875,2.7299296875,-2.730233334765102
1758795039.002353,herder,2,-0.5055852966308594,-2.3545546875,2.7760058833686205
1758795039.002353,target,1,-0.774226806640625,-2.072956787109375,-2.4461105317605814
1758795039.002353,target,2,-0.21724000549316405,2.498947021484375,-0.5714661001362469
1758795039.002353,target,3,-2.586752685546875,-1.440498779296875,1.361067996735358
1758795039.002353,target,4,-2.074895751953125,1.43759619140625,0.6823425510639518
1758795039.002353,target,5,3.016869873046875,-0.7182424926757812,-2.5548833517432326
1758795039.0224712,herder,1,-0.06686991882324218,2.730467041015625,-2.711074820199181
1758795039.0224712,herder,2,-0.5063921813964843,-2.3540673828125,2.768924271713991
1758795039.0224712,target,1,-0.7741669311523437,-2.072996337890625,-2.445357922436525
1758795039.0224712,target,2,-0.21711763000488282,2.49903125,-0.5714103069114097
1758795039.0224712,target,3,-2.586702880859375,-1.4404119873046874,1.368434300310517
1758795039.0224712,target,4,-2.075596435546875,1.43791259765625,0.6708081340667096
1758795039.0224712,target,5,3.016882080078125,-0.718242431640625,-2.555166445767108
1758795039.0424638,herder,1,-0.06679539489746093,2.7306943359375,-2.7026866617137584
1758795039.0424638,herder,2,-0.5065086669921876,-2.353997314453125,2.768208680329087
1758795039.0424638,target,1,-0.7741778564453125,-2.07296826171875,-2.446001342155888
1758795039.0424638,target,2,-0.2171540222167969,2.499032958984375,-0.5722533971335015
1758795039.0424638,target,3,-2.586196044921875,-1.4405169677734375,1.3810771249534504
1758795039.0424638,target,4,-2.0753583984375,1.437922607421875,0.6702141825645946
1758795039.0424638,target,5,3.016892578125,-0.718228515625,-2.555232225846033
1758795039.0626597,herder,1,-0.06714957427978516,2.731277587890625,-2.67183394048519
1758795039.0626597,herder,2,-0.5060064392089844,-2.354317138671875,2.769182864655838
1758795039.0626597,target,1,-0.7741905517578125,-2.072998046875,-2.446108667547818
1758795039.0626597,target,2,-0.21715011596679687,2.49899951171875,-0.5717798870916854
1758795039.0626597,target,3,-2.58377001953125,-1.44073291015625,1.4298236255462606
1758795039.0626597,target,4,-2.07521435546875,1.43773193359375,0.6759883818610772
1758795039.0626597,target,5,3.01686181640625,-0.7182418823242187,-2.5546806851842776
1758795039.0825412,herder,1,-0.06765397644042968,2.731964111328125,-2.649138215359426
1758795039.0825412,herder,2,-0.50570947265625,-2.354564208984375,2.772050023885417
1758795039.0825412,target,1,-0.7741932373046875,-2.07296923828125,-2.4454830910077585
1758795039.0825412,target,2,-0.21716165161132814,2.4990537109375,-0.5731988193204797
1758795039.0825412,target,3,-2.581451171875,-1.44057568359375,1.4601738082771307
1758795039.0825412,target,4,-2.074837890625,1.4379080810546876,0.6801929805900944
1758795039.0825412,target,5,3.016859130859375,-0.7182488403320313,-2.5550543266852155
1758795039.102371,herder,1,-0.06784992980957032,2.732443359375,-2.637211514733615
1758795039.102371,herder,2,-0.5056774291992188,-2.354521240234375,2.774410117243445
1758795039.102371,target,1,-0.7741778564453125,-2.07298779296875,-2.444887608188017
1758795039.102371,target,2,-0.2172052001953125,2.4989677734375,-0.5709794074470349
1758795039.102371,target,3,-2.58036669921875,-1.440826416015625,1.4786638694094418
1758795039.102371,target,4,-2.074546875,1.4382232666015624,0.676794720460126
1758795039.102371,target,5,3.016876220703125,-0.7182008666992188,-2.5550130476883193
1758795039.1227448,herder,1,-0.06827860260009766,2.733298583984375,-2.601418895999059
1758795039.1227448,herder,2,-0.505516845703125,-2.35397802734375,2.7878303186085724
1758795039.1227448,target,1,-0.7741892700195312,-2.072970703125,-2.445267374959462
1758795039.1227448,target,2,-0.2171376647949219,2.499000732421875,-0.5714218916621515
1758795039.1227448,target,3,-2.57615771484375,-1.4411414794921875,1.5517202370647134
1758795039.1227448,target,4,-2.07489208984375,1.438704345703125,0.6638324496444378
1758795039.1227448,target,5,3.0168994140625,-0.718203369140625,-2.55566525583928
1758795039.1423254,herder,1,-0.06827613830566406,2.733546142578125,-2.590049594989402
1758795039.1423254,herder,2,-0.5053341979980469,-2.353752197265625,2.7940719692553913
1758795039.1423254,target,1,-0.774178466796875,-2.07296728515625,-2.4451885453911957
1758795039.1423254,target,2,-0.2171619873046875,2.49900537109375,-0.5703808619920395
1758795039.1423254,target,3,-2.575000244140625,-1.44091455078125,1.5670489928250462
1758795039.1423254,target,4,-2.07546923828125,1.438882568359375,0.6577003880764758
1758795039.1423254,target,5,3.01688037109375,-0.7182399291992188,-2.5548420727463363
1758795039.1626284,herder,1,-0.06820429992675782,2.734177978515625,-2.568472131205362
1758795039.1626284,herder,2,-0.5050888977050781,-2.35334130859375,2.809523363583922
1758795039.1626284,target,1,-0.7741854248046875,-2.072987060546875,-2.4453382150444583
1758795039.1626284,target,2,-0.21720330810546876,2.49898046875,-0.5717394070431162
1758795039.1626284,target,3,-2.5741748046875,-1.440967529296875,1.5809331168520653
1758795039.1626284,target,4,-2.07633935546875,1.4394210205078124,0.6419043807028889
1758795039.1626284,target,5,3.016877685546875,-0.7182250366210937,-2.5551800278886674
1758795039.1825762,herder,1,-0.06868241119384766,2.734694580078125,-2.547669380982426
1758795039.1825762,herder,2,-0.5054423828125,-2.3528408203125,2.827841650825923
1758795039.1825762,target,1,-0.7741929321289063,-2.072972900390625,-2.445603732205139
1758795039.1825762,target,2,-0.21717660522460938,2.49897216796875,-0.5722978053446786
1758795039.1825762,target,3,-2.574330810546875,-1.44126123046875,1.572132301555735
1758795039.1825762,target,4,-2.076711181640625,1.4400670166015626,0.6284614758894687
1758795039.1825762,target,5,3.01687255859375,-0.7182303466796875,-2.554900662290318
1758795039.2025344,herder,1,-0.06904459381103516,2.7355,-2.5172427655282705
1758795039.2025344,herder,2,-0.505551025390625,-2.351785400390625,2.860602260659424
1758795039.2025344,target,1,-0.7741828002929687,-2.0729833984375,-2.4454492688619145
1758795039.2025344,target,2,-0.2172122802734375,2.4987783203125,-0.5674005849951591
1758795039.2025344,target,3,-2.5764267578125,-1.4412767333984375,1.5409537425677957
1758795039.2025344,target,4,-2.076050537109375,1.439912353515625,0.6374037050396822
1758795039.2025344,target,5,3.01685595703125,-0.7182239990234375,-2.5544154343397056
1758795039.2223501,herder,1,-0.06911239624023438,2.73619775390625,-2.4973327069027293
1758795039.2223501,herder,2,-0.5049096984863282,-2.3511884765625,2.885711608681127
1758795039.2223501,target,1,-0.774158935546875,-2.072994873046875,-2.4453129150141026
1758795039.2223501,target,2,-0.21708377075195312,2.498638671875,-0.5694587424645996
1758795039.2223501,target,3,-2.57730126953125,-1.4408294677734375,1.531116291817152
1758795039.2223501,target,4,-2.075658447265625,1.4389403076171876,0.6502567196716499
1758795039.2223501,target,5,3.0168759765625,-0.7182279052734375,-2.5542734878536044
1758795039.242378,herder,1,-0.07006352233886719,2.735928466796875,-2.4775757800398672
1758795039.242378,herder,2,-0.504559814453125,-2.35058056640625,2.9111181654804827
1758795039.242378,target,1,-0.7741889038085937,-2.072984130859375,-2.44522769385922
1758795039.242378,target,2,-0.21689883422851564,2.498910888671875,-0.5694731901135133
1758795039.242378,target,3,-2.577595947265625,-1.440841552734375,1.5359219660042
1758795039.242378,target,4,-2.075619384765625,1.438393798828125,0.6612352683703653
1758795039.242378,target,5,3.016877685546875,-0.718230712890625,-2.554689739931984
1758795039.2626655,herder,1,-0.06996975708007812,2.73669482421875,-2.458517134014824
1758795039.2626655,herder,2,-0.5049403076171874,-2.35021484375,2.9371516304004435
1758795039.2626655,target,1,-0.774196044921875,-2.07299951171875,-2.4459222462715124
1758795039.2626655,target,2,-0.21705717468261718,2.49891748046875,-0.5702788629222895
1758795039.2626655,target,3,-2.576964599609375,-1.440544677734375,1.5298401050227861
1758795039.2626655,target,4,-2.075236083984375,1.4379498291015624,0.6753608745292273
1758795039.2626655,target,5,3.0168720703125,-0.7182200927734375,-2.5552918806544507
1758795039.2828088,herder,1,-0.06952925109863281,2.73817333984375,-2.4407892695864937
1758795039.2828088,herder,2,-0.5047586669921875,-2.349483642578125,2.9623278237655075
1758795039.2828088,target,1,-0.7741839599609375,-2.0730009765625,-2.445498004709863
1758795039.2828088,target,2,-0.2169679718017578,2.4986533203125,-0.5719553894075217
1758795039.2828088,target,3,-2.57694970703125,-1.440481689453125,1.524379160049524
1758795039.2828088,target,4,-2.074756591796875,1.437101318359375,0.6885829367092527
1758795039.2828088,target,5,3.016879150390625,-0.71821630859375,-2.554758183171999
1758795039.3024943,herder,1,-0.06974067687988281,2.738497802734375,-2.4237897797163
1758795039.3024943,herder,2,-0.504904052734375,-2.348921875,2.9865854928706033
1758795039.3024943,target,1,-0.7741993408203125,-2.072988525390625,-2.4457057312748893
1758795039.3024943,target,2,-0.21665974426269533,2.498698974609375,-0.5737462986615727
1758795039.3024943,target,3,-2.576672607421875,-1.4399783935546875,1.530986063239847
1758795039.3024943,target,4,-2.074869873046875,1.436795654296875,0.687762616514481
1758795039.3024943,target,5,3.0168701171875,-0.7182210693359375,-2.5549161086246404
1758795039.322433,herder,1,-0.07002407073974609,2.7383671875,-2.416390719259733
1758795039.322433,herder,2,-0.5050171813964843,-2.348725341796875,2.9984562671135224
1758795039.322433,target,1,-0.7741988525390625,-2.07297412109375,-2.4453773635124825
1758795039.322433,target,2,-0.21649127197265625,2.4987294921875,-0.5725419506376116
1758795039.322433,target,3,-2.576198486328125,-1.4399130859375,1.5431929284123342
1758795039.322433,target,4,-2.07539599609375,1.4369344482421875,0.6825998124252535
1758795039.322433,target,5,3.0168720703125,-0.7182537231445313,-2.5554298323989166
1758795039.3422532,herder,1,-0.07135157012939453,2.7371142578125,-2.400094037601211
1758795039.3422532,herder,2,-0.5046478881835937,-2.34787548828125,3.024161896903294
1758795039.3422532,target,1,-0.77418212890625,-2.07297314453125,-2.445226095962566
1758795039.3422532,target,2,-0.2167632293701172,2.49877783203125,-0.5715364741680522
1758795039.3422532,target,3,-2.573348388671875,-1.4401678466796874,1.5950912801552535
1758795039.3422532,target,4,-2.076111572265625,1.437952392578125,0.6591542742945774
1758795039.3422532,target,5,3.0168583984375,-0.7182203979492188,-2.555203996338478
1758795039.3625495,herder,1,-0.0709077377319336,2.73742041015625,-2.396770678876901
1758795039.3625495,herder,2,-0.5046865234375,-2.347779052734375,3.034407343932938
1758795039.3625495,target,1,-0.77417431640625,-2.072994873046875,-2.4454506004424594
1758795039.3625495,target,2,-0.21671920776367187,2.49870361328125,-0.5740582879832754
1758795039.3625495,target,3,-2.57107763671875,-1.4399207763671875,1.6335475926121066
1758795039.3625495,target,4,-2.0769326171875,1.438433837890625,0.6436592041241693
1758795039.3625495,target,5,3.016877685546875,-0.7182249145507813,-2.5556127915658053
1758795039.3825424,herder,1,-0.07089867401123047,2.738065673828125,-2.3972156930950534
1758795039.3825424,herder,2,-0.5050023193359375,-2.3475166015625,3.039236986569797
1758795039.3825424,target,1,-0.7741583251953125,-2.072979736328125,-2.4454484699135874
1758795039.3825424,target,2,-0.21659693908691408,2.498743408203125,-0.5720790266611285
1758795039.3825424,target,3,-2.569728515625,-1.4396051025390626,1.6614460692434498
1758795039.3825424,target,4,-2.077313720703125,1.4386270751953125,0.6407030287351542
1758795039.3825424,target,5,3.016848388671875,-0.7182314453125,-2.5544322122545733
1758795039.402367,herder,1,-0.07110171508789062,2.73821728515625,-2.398717449633749
1758795039.402367,herder,2,-0.5051704406738281,-2.34753466796875,3.0406766914550936
1758795039.402367,target,1,-0.7742070922851563,-2.07297119140625,-2.4452095843638073
1758795039.402367,target,2,-0.21678392028808594,2.4988173828125,-0.570205293097176
1758795039.402367,target,3,-2.569017333984375,-1.4394151611328125,1.6696327595924079
1758795039.402367,target,4,-2.077264404296875,1.43819921875,0.6513061382991956
1758795039.402367,target,5,3.016864990234375,-0.7182481689453125,-2.5547158389106666
1758795039.4222374,herder,1,-0.07079621124267578,2.7382978515625,-2.4020269599203905
1758795039.4222374,herder,2,-0.5052909851074219,-2.34734521484375,3.0393080929709018
1758795039.4222374,target,1,-0.7741885375976563,-2.072993896484375,-2.4453259645034437
1758795039.4222374,target,2,-0.21702577209472657,2.498674560546875,-0.5689389599988434
1758795039.4222374,target,3,-2.568733154296875,-1.4396177978515625,1.6750385771311052
1758795039.4222374,target,4,-2.076988037109375,1.4379090576171876,0.66015216075503
1758795039.4222374,target,5,3.01687890625,-0.7182365112304687,-2.5546074482543
1758795039.4425828,herder,1,-0.07048412322998047,2.737958251953125,-2.4068406235907087
1758795039.4425828,herder,2,-0.5051947937011719,-2.347537109375,3.0370180407495426
1758795039.4425828,target,1,-0.77420361328125,-2.0729970703125,-2.445095334753043
1758795039.4425828,target,2,-0.21715631103515626,2.498744384765625,-0.5676570474081337
1758795039.4425828,target,3,-2.568469482421875,-1.4399793701171875,1.6752139462888869
1758795039.4425828,target,4,-2.076813232421875,1.436849853515625,0.6752639354655484
1758795039.4425828,target,5,3.0168515625,-0.7182192993164063,-2.5544396691056255
1758795039.4624622,herder,1,-0.07050003814697266,2.737278564453125,-2.415690041576933
1758795039.4624622,herder,2,-0.5049808654785156,-2.34769677734375,3.0343844407475635
1758795039.4624622,target,1,-0.7742141723632813,-2.0729814453125,-2.4450189020297577
1758795039.4624622,target,2,-0.21707572937011718,2.498657470703125,-0.5672551763996407
1758795039.4624622,target,3,-2.567642333984375,-1.44051953125,1.6901131341653897
1758795039.4624622,target,4,-2.0765751953125,1.4365035400390624,0.6755012231186744
1758795039.4624622,target,5,3.0168681640625,-0.7182340698242188,-2.554796799007805
1758795039.4824998,herder,1,-0.07025003814697266,2.7367841796875,-2.42919626304527
1758795039.4824998,herder,2,-0.5049030151367188,-2.34784375,3.0299817028334446
1758795039.4824998,target,1,-0.7742069091796875,-2.0729638671875,-2.445321170813482
1758795039.4824998,target,2,-0.21711656188964842,2.4986845703125,-0.5677344122378005
1758795039.4824998,target,3,-2.567092041015625,-1.4407857666015624,1.7081438000096623
1758795039.4824998,target,4,-2.076967529296875,1.4370152587890626,0.6623272975753522
1758795039.4824998,target,5,3.016870361328125,-0.71822021484375,-2.554731817877207
1758795039.5023253,herder,1,-0.06954564666748046,2.73701806640625,-2.445400533013966
1758795039.5023253,herder,2,-0.5046620788574219,-2.348239013671875,3.0201178867880087
1758795039.5023253,target,1,-0.7742041015625,-2.07298486328125,-2.4460175874385373
1758795039.5023253,target,2,-0.21712750244140624,2.498690185546875,-0.5674026489450039
1758795039.5023253,target,3,-2.5671015625,-1.44033935546875,1.708226491161509
1758795039.5023253,target,4,-2.07719482421875,1.437302490234375,0.6615328766221816
1758795039.5023253,target,5,3.01684912109375,-0.7182643432617187,-2.5554210439673195
1758795039.5223503,herder,1,-0.06872364807128906,2.73725244140625,-2.465256795785488
1758795039.5223503,herder,2,-0.504310546875,-2.348690185546875,3.005496866087365
1758795039.5223503,target,1,-0.7742092895507813,-2.072994384765625,-2.4443688244076696
1758795039.5223503,target,2,-0.21707881164550782,2.498666015625,-0.5671537099621088
1758795039.5223503,target,3,-2.56738916015625,-1.4403309326171876,1.7080515214778909
1758795039.5223503,target,4,-2.077243408203125,1.437094970703125,0.6607650207008845
1758795039.5223503,target,5,3.01684912109375,-0.718228515625,-2.555262053250242
1758795039.5423958,herder,1,-0.0687482681274414,2.73688330078125,-2.4901032898076
1758795039.5423958,herder,2,-0.5044917602539063,-2.349015380859375,2.98671518881569
1758795039.5423958,target,1,-0.7741993408203125,-2.072987548828125,-2.445059382078327
1758795039.5423958,target,2,-0.21705792236328125,2.49872119140625,-0.5674834758840879
1758795039.5423958,target,3,-2.567681640625,-1.440593017578125,1.7008270312307785
1758795039.5423958,target,4,-2.076955810546875,1.4373250732421874,0.6599813189711015
1758795039.5423958,target,5,3.016870849609375,-0.7182066040039062,-2.554999998198978
1758795039.5625405,herder,1,-0.06889424133300781,2.73594482421875,-2.5173631404095422
1758795039.5625405,herder,2,-0.5049354553222656,-2.34952978515625,2.9641755249298045
1758795039.5625405,target,1,-0.7741432495117188,-2.0730107421875,-2.4457121228615053
1758795039.5625405,target,2,-0.21709165954589843,2.498748291015625,-0.5687950161419246
1758795039.5625405,target,3,-2.568355224609375,-1.44089306640625,1.6839031751355429
1758795039.5625405,target,4,-2.07645556640625,1.4376263427734375,0.6639325179223975
1758795039.5625405,target,5,3.016852783203125,-0.7182186889648438,-2.5542766836469126
1758795039.582315,herder,1,-0.06770418548583984,2.735376220703125,-2.5442544095166175
1758795039.582315,herder,2,-0.5049753723144531,-2.350048828125,2.941945586678695
1758795039.582315,target,1,-0.7741841430664063,-2.0729912109375,-2.445763255554435
1758795039.582315,target,2,-0.2170718688964844,2.49873193359375,-0.5689097318058798
1758795039.582315,target,3,-2.569486572265625,-1.44082958984375,1.6653392112829821
1758795039.582315,target,4,-2.076310791015625,1.4376234130859376,0.6629321680379365
1758795039.582315,target,5,3.016849365234375,-0.718244140625,-2.5539720180182073
1758795039.6023247,herder,1,-0.06748817443847656,2.734606689453125,-2.570895607797334
1758795039.6023247,herder,2,-0.5045570068359375,-2.350630859375,2.9199859592782285
1758795039.6023247,target,1,-0.774197998046875,-2.0729775390625,-2.445163777993058
1758795039.6023247,target,2,-0.21709649658203126,2.498723388671875,-0.5680507957753019
1758795039.6023247,target,3,-2.570096435546875,-1.4410758056640625,1.6671411060765298
1758795039.6023247,target,4,-2.07647314453125,1.43719384765625,0.6655015192786177
1758795039.6023247,target,5,3.016865234375,-0.7182264404296875,-2.5550346192931492
1758795039.6223316,herder,1,-0.06803791809082031,2.7339697265625,-2.5837142010722123
1758795039.6223316,herder,2,-0.5047445068359375,-2.350847900390625,2.9089037470340817
1758795039.6223316,target,1,-0.7741832885742187,-2.07299072265625,-2.4455286310623987
1758795039.6223316,target,2,-0.21709642028808593,2.498708984375,-0.5674890019433497
1758795039.6223316,target,3,-2.570014892578125,-1.4411561279296874,1.6693501982007504
1758795039.6223316,target,4,-2.07670849609375,1.437156982421875,0.6654816787284966
1758795039.6223316,target,5,3.016886474609375,-0.7182186279296875,-2.5550889477793866
1758795039.642458,herder,1,-0.06771508026123046,2.73337548828125,-2.617110507457915
1758795039.642458,herder,2,-0.5049970092773437,-2.3515283203125,2.8769508739592022
1758795039.642458,target,1,-0.774193603515625,-2.072974853515625,-2.4453158444913017
1758795039.642458,target,2,-0.21707449340820312,2.49869482421875,-0.567195255275114
1758795039.642458,target,3,-2.569814697265625,-1.4408734130859375,1.6630157363899425
1758795039.642458,target,4,-2.0777841796875,1.4374736328125,0.6489573633758002
1758795039.642458,target,5,3.016868408203125,-0.7182423706054688,-2.5551933436941177
