time,type,id,x,y,yaw
1758544333.6188257,herder,1,-4.58003271484375,-3.69032373046875,-0.23383286740195483
1758544333.6188257,herder,2,3.49756982421875,-2.4559453125,-1.5004322818436404
1758544333.6188257,target,1,0.3839497375488281,3.1080205078125,-2.2445284120014315
1758544333.6188257,target,2,2.320373779296875,1.4453878173828125,0.6154785655753323
1758544333.6188257,target,3,2.841996337890625,-2.52296337890625,1.6422550641122298
1758544333.6188257,target,4,-2.13261865234375,1.3453104248046874,-1.5607844389928527
1758544333.6188257,target,5,-0.4204779052734375,-3.242609619140625,3.113249961688625
1758544333.6385274,herder,1,-4.580021484375,-3.690308837890625,-0.23433099503909735
1758544333.6385274,herder,2,3.497535400390625,-2.455955078125,-1.5004597124028682
1758544333.6385274,target,1,0.3839389343261719,3.10800439453125,-2.245250661289061
1758544333.6385274,target,2,2.320334716796875,1.4454046630859374,0.6156814318713691
1758544333.6385274,target,3,2.842101318359375,-2.52304736328125,1.6421603887354774
1758544333.6385274,target,4,-2.132564453125,1.3454051513671874,-1.5602440836076756
1758544333.6385274,target,5,-0.4204888000488281,-3.242646484375,3.1129729929352568
1758544333.6585903,herder,1,-4.5799873046875,-3.69030126953125,-0.234021102956753
1758544333.6585903,herder,2,3.49754052734375,-2.455955810546875,-1.5005031219286367
1758544333.6585903,target,1,0.3839422302246094,3.1080107421875,-2.2448133702380697
1758544333.6585903,target,2,2.3203466796875,1.4453743896484375,0.6151286927871232
1758544333.6585903,target,3,2.842179443359375,-2.523200439453125,1.6433846438885868
1758544333.6585903,target,4,-2.1324609375,1.34539208984375,-1.5597982704411963
1758544333.6585903,target,5,-0.42048919677734375,-3.242621337890625,3.113079785694969
1758544333.6788323,herder,1,-4.5800029296875,-3.690314697265625,-0.23402158565470058
1758544333.6788323,herder,2,3.49755078125,-2.455924072265625,-1.5004835476946246
1758544333.6788323,target,1,0.3839598693847656,3.108015380859375,-2.245055451581158
1758544333.6788323,target,2,2.3203623046875,1.44536474609375,0.6157475448454304
1758544333.6788323,target,3,2.842180908203125,-2.523193115234375,1.643775462778556
1758544333.6788323,target,4,-2.132410888671875,1.3454493408203125,-1.56053010710875
1758544333.6788323,target,5,-0.4205011901855469,-3.242630859375,3.1141032385018863
1758544333.6986747,herder,1,-4.58000146484375,-3.69033642578125,-0.23382328002203054
1758544333.6986747,herder,2,3.49755908203125,-2.455927734375,-1.5004531876581977
1758544333.6986747,target,1,0.3839430236816406,3.1080146484375,-2.244513764615436
1758544333.6986747,target,2,2.320349365234375,1.4453480224609374,0.6171016291016811
1758544333.6986747,target,3,2.84197216796875,-2.522977294921875,1.6448102340201063
1758544333.6986747,target,4,-2.13251708984375,1.345423583984375,-1.5589717583968903
1758544333.6986747,target,5,-0.42051657104492185,-3.242656005859375,3.114203639674982
1758544333.7187746,herder,1,-4.5800244140625,-3.6903173828125,-0.2340429908119621
1758544333.7187746,herder,2,3.497564697265625,-2.455921875,-1.5004277544697875
1758544333.7187746,target,1,0.38395205688476564,3.10799951171875,-2.244923891423308
1758544333.7187746,target,2,2.320322998046875,1.4453778076171875,0.6150258947690461
1758544333.7187746,target,3,2.841989990234375,-2.522947265625,1.644445247792711
1758544333.7187746,target,4,-2.132653076171875,1.3453221435546876,-1.5567747836556294
1758544333.7187746,target,5,-0.4205150146484375,-3.24265087890625,3.11365396322599
1758544333.7387164,herder,1,-4.5800556640625,-3.69032080078125,-0.2341539447608775
1758544333.7387164,herder,2,3.4975546875,-2.4559501953125,-1.5005081819347077
1758544333.7387164,target,1,0.38396682739257815,3.108015380859375,-2.244713235381083
1758544333.7387164,target,2,2.320375,1.4453927001953124,0.6157528045885833
1758544333.7387164,target,3,2.84202001953125,-2.5231015625,1.6445975806070634
1758544333.7387164,target,4,-2.132647216796875,1.3452677001953126,-1.5615715362530256
1758544333.7387164,target,5,-0.42049932861328126,-3.242650146484375,3.113481390387353
1758544333.7586968,herder,1,-4.5800576171875,-3.69032421875,-0.2344585105210417
1758544333.7586968,herder,2,3.4975439453125,-2.45596435546875,-1.5004205639348442
1758544333.7586968,target,1,0.3839562377929687,3.10801318359375,-2.2444671592963594
1758544333.7586968,target,2,2.320326416015625,1.445374755859375,0.6150939385348977
1758544333.7586968,target,3,2.84196630859375,-2.522697998046875,1.6396452994020065
1758544333.7586968,target,4,-2.13266650390625,1.345333984375,-1.5607775147740186
1758544333.7586968,target,5,-0.4204986572265625,-3.242649169921875,3.1134635472080494
1758544333.7787404,herder,1,-4.580037109375,-3.69030078125,-0.23429168012350504
1758544333.7787404,herder,2,3.497532470703125,-2.455962158203125,-1.5005278893267744
1758544333.7787404,target,1,0.38392779541015626,3.108024658203125,-2.245116970602339
1758544333.7787404,target,2,2.320343017578125,1.4453819580078124,0.6144500527623438
1758544333.7787404,target,3,2.84186669921875,-2.522656494140625,1.6403173481030882
1758544333.7787404,target,4,-2.132603759765625,1.3451751708984374,-1.5547531780721502
1758544333.7787404,target,5,-0.42051708984375,-3.2426494140625,3.1136121515968758
1758544333.798744,herder,1,-4.5800126953125,-3.690313720703125,-0.23441555040370735
1758544333.798744,herder,2,3.497509521484375,-2.45593505859375,-1.5002011194610216
1758544333.798744,target,1,0.38397860717773435,3.108028076171875,-2.245118035866775
1758544333.798744,target,2,2.32036865234375,1.4453831787109375,0.615216643682123
1758544333.798744,target,3,2.8419521484375,-2.522897705078125,1.6431525493995864
1758544333.798744,target,4,-2.132763427734375,1.3452850341796876,-1.5526103986590725
1758544333.798744,target,5,-0.4205400390625,-3.242638427734375,3.1146417296743003
1758544333.8190482,herder,1,-4.58003271484375,-3.690322998046875,-0.2343657992255933
1758544333.8190482,herder,2,3.497547607421875,-2.455915283203125,-1.5004521223937617
1758544333.8190482,target,1,0.3839537353515625,3.10801708984375,-2.2443672907554815
1758544333.8190482,target,2,2.3203212890625,1.44538818359375,0.6142077716821738
1758544333.8190482,target,3,2.841899169921875,-2.52290380859375,1.6426414887864003
1758544333.8190482,target,4,-2.132838623046875,1.3453258056640625,-1.5518179750767194
1758544333.8190482,target,5,-0.42053167724609375,-3.2426455078125,3.113757560192394
1758544333.8386636,herder,1,-4.58000634765625,-3.69033935546875,-0.233759064550246
1758544333.8386636,herder,2,3.497538330078125,-2.455908935546875,-1.5002266858074864
1758544333.8386636,target,1,0.38394903564453126,3.1080322265625,-2.2443007117282296
1758544333.8386636,target,2,2.32034716796875,1.4453779296875,0.6146570469580701
1758544333.8386636,target,3,2.84204345703125,-2.5229560546875,1.6420121838208146
1758544333.8386636,target,4,-2.13267919921875,1.3453533935546875,-1.552713596151313
1758544333.8386636,target,5,-0.42046914672851565,-3.2427236328125,3.11214528246846
1758544333.8585546,herder,1,-4.5800380859375,-3.6903310546875,-0.23389002549685065
1758544333.8585546,herder,2,3.497557373046875,-2.455927490234375,-1.5004903387554043
1758544333.8585546,target,1,0.38400064086914065,3.107994873046875,-2.2450700989671537
1758544333.8585546,target,2,2.320349609375,1.4453638916015625,0.6150964685379332
1758544333.8585546,target,3,2.84189208984375,-2.52290576171875,1.6418183056934568
1758544333.8585546,target,4,-2.132708740234375,1.345314697265625,-1.5579682792981484
1758544333.8585546,target,5,-0.42052090454101565,-3.24263330078125,3.1140084299670794
1758544333.8786695,herder,1,-4.5800634765625,-3.690323486328125,-0.23429843789477112
1758544333.8786695,herder,2,3.497540771484375,-2.455947265625,-1.5003466612145944
1758544333.8786695,target,1,0.38396051025390626,3.108002197265625,-2.2448392029006436
1758544333.8786695,target,2,2.320364013671875,1.4453494873046875,0.6140429885897252
1758544333.8786695,target,3,2.8420263671875,-2.523168212890625,1.6459998680790446
1758544333.8786695,target,4,-2.13268212890625,1.3453037109375,-1.558725682312167
1758544333.8786695,target,5,-0.4204582214355469,-3.2427216796875,3.112109862425962
1758544333.8987617,herder,1,-4.58001708984375,-3.690318115234375,-0.23413505296189477
1758544333.8987617,herder,2,3.49751953125,-2.455947265625,-1.5003348101477436
1758544333.8987617,target,1,0.38392703247070314,3.108006103515625,-2.2446019152475176
1758544333.8987617,target,2,2.3203408203125,1.4454022216796876,0.6163763837578253
1758544333.8987617,target,3,2.84197314453125,-2.523059814453125,1.6465214481785366
1758544333.8987617,target,4,-2.1328291015625,1.3453131103515625,-1.5558611862436778
1758544333.8987617,target,5,-0.42052423095703123,-3.242673828125,3.113188975299662
1758544333.9185927,herder,1,-4.5800263671875,-3.690315185546875,-0.23446392006700592
1758544333.9185927,herder,2,3.497547607421875,-2.45591943359375,-1.5003654365002794
1758544333.9185927,target,1,0.38395779418945314,3.108005615234375,-2.2446186931623853
1758544333.9185927,target,2,2.320373291015625,1.445407470703125,0.615484824003894
1758544333.9185927,target,3,2.841949951171875,-2.522983642578125,1.6453741583809305
1758544333.9185927,target,4,-2.132677978515625,1.3453497314453124,-1.5532482257401465
1758544333.9185927,target,5,-0.420540283203125,-3.242635498046875,3.1142750123921963
1758544333.9387412,herder,1,-4.580025390625,-3.690310791015625,-0.2342627848256777
1758544333.9387412,herder,2,3.497545166015625,-2.4559248046875,-1.50038141546682
1758544333.9387412,target,1,0.38398553466796875,3.108022705078125,-2.2448996566573887
1758544333.9387412,target,2,2.3203623046875,1.4454119873046876,0.6143222876090472
1758544333.9387412,target,3,2.842007080078125,-2.522954833984375,1.642622180868497
1758544333.9387412,target,4,-2.13264013671875,1.345513427734375,-1.5582597622794576
1758544333.9387412,target,5,-0.42048260498046874,-3.242728515625,3.1122257099333805
1758544333.9586778,herder,1,-4.58000732421875,-3.690310791015625,-0.23404801752851961
1758544333.9586778,herder,2,3.497552978515625,-2.45591552734375,-1.5004209634090078
1758544333.9586778,target,1,0.3839919738769531,3.1080166015625,-2.2453188382129667
1758544333.9586778,target,2,2.320349609375,1.445389892578125,0.6167011562527605
1758544333.9586778,target,3,2.8418876953125,-2.52290625,1.6423982090208216
1758544333.9586778,target,4,-2.132585693359375,1.3452965087890625,-1.5563211141639344
1758544333.9586778,target,5,-0.42050311279296876,-3.24264892578125,3.1132755280350897
1758544333.9787745,herder,1,-4.58004296875,-3.69033251953125,-0.23421173535653222
1758544333.9787745,herder,2,3.49755517578125,-2.45591845703125,-1.5005175029985232
1758544333.9787745,target,1,0.38395095825195313,3.1079990234375,-2.244144384172242
1758544333.9787745,target,2,2.320358154296875,1.4453846435546875,0.6147851450065029
1758544333.9787745,target,3,2.8419755859375,-2.523001953125,1.6442469754495546
1758544333.9787745,target,4,-2.132457763671875,1.345204345703125,-1.5554550541774406
1758544333.9787745,target,5,-0.420510009765625,-3.24263623046875,3.113081916223841
1758544333.9987893,herder,1,-4.58005908203125,-3.69032373046875,-0.2345093602531054
1758544333.9987893,herder,2,3.497556640625,-2.4559326171875,-1.5005531893571302
1758544333.9987893,target,1,0.383948486328125,3.1080068359375,-2.2444663603480324
1758544333.9987893,target,2,2.32033837890625,1.4454210205078124,0.6151134461898825
1758544333.9987893,target,3,2.84200927734375,-2.523052490234375,1.6441376526868068
1758544333.9987893,target,4,-2.132488525390625,1.3452752685546876,-1.5570781177037893
1758544333.9987893,target,5,-0.4205146484375,-3.242656005859375,3.1136422453171937
1758544334.0186248,herder,1,-4.58003125,-3.69030126953125,-0.23406579412879588
1758544334.0186248,herder,2,3.49755517578125,-2.45595751953125,-1.5004534539743066
1758544334.0186248,target,1,0.38395208740234377,3.10799951171875,-2.244943066183157
1758544334.0186248,target,2,2.32041259765625,1.4454227294921875,0.6151199043555259
1758544334.0186248,target,3,2.8420390625,-2.522794189453125,1.6391551446033774
1758544334.0186248,target,4,-2.132522216796875,1.3453936767578125,-1.5589145004334535
1758544334.0186248,target,5,-0.42050860595703127,-3.242660400390625,3.112844628570715
1758544334.038596,herder,1,-4.5800341796875,-3.690306396484375,-0.23409379060975535
1758544334.038596,herder,2,3.497536865234375,-2.4559482421875,-1.5003546506978647
1758544334.038596,target,1,0.3839656677246094,3.108026123046875,-2.2445726204755267
1758544334.038596,target,2,2.32033251953125,1.445333740234375,0.6159643261581628
1758544334.038596,target,3,2.84192578125,-2.522908935546875,1.6433010206303584
1758544334.038596,target,4,-2.1325087890625,1.3453929443359376,-1.5596881487301215
1758544334.038596,target,5,-0.4205245666503906,-3.24264794921875,3.1138763371770115
1758544334.0585918,herder,1,-4.580015625,-3.69030224609375,-0.23454642812652793
1758544334.0585918,herder,2,3.497536865234375,-2.45591796875,-1.5004914040198403
1758544334.0585918,target,1,0.38399649047851564,3.1079990234375,-2.245044532620689
1758544334.0585918,target,2,2.320335205078125,1.445377197265625,0.6150201023936752
1758544334.0585918,target,3,2.8419921875,-2.522962646484375,1.6448982514941335
1758544334.0585918,target,4,-2.132340576171875,1.3453101806640626,-1.5588545793089268
1758544334.0585918,target,5,-0.4205317993164063,-3.2426328125,3.1146465233642626
1758544334.0786607,herder,1,-4.5800302734375,-3.69033837890625,-0.2346680680093173
1758544334.0786607,herder,2,3.497531982421875,-2.455939208984375,-1.5005831499193936
1758544334.0786607,target,1,0.3840047912597656,3.107981689453125,-2.245062109483883
1758544334.0786607,target,2,2.320342041015625,1.4453726806640625,0.6161499484861414
1758544334.0786607,target,3,2.8419580078125,-2.522963623046875,1.6456087828729664
1758544334.0786607,target,4,-2.132492919921875,1.345353515625,-1.5584794730693892
1758544334.0786607,target,5,-0.4205267333984375,-3.24262646484375,3.1139461119975715
1758544334.0985897,herder,1,-4.5800087890625,-3.690320068359375,-0.23399487082001572
1758544334.0985897,herder,2,3.49755322265625,-2.45592724609375,-1.5005401398677887
1758544334.0985897,target,1,0.38396173095703123,3.108002685546875,-2.2447758196666996
1758544334.0985897,target,2,2.3203564453125,1.4453760986328126,0.6153160461698103
1758544334.0985897,target,3,2.841989990234375,-2.522959716796875,1.6450411300866161
1758544334.0985897,target,4,-2.132420166015625,1.34531103515625,-1.5570918329834034
1758544334.0985897,target,5,-0.42053530883789064,-3.242650390625,3.1141794049090628
1758544334.1185231,herder,1,-4.5800556640625,-3.69033984375,-0.23409517212457082
1758544334.1185231,herder,2,3.497552734375,-2.455951416015625,-1.5004587802964868
1758544334.1185231,target,1,0.38399026489257815,3.108000244140625,-2.2451116442801586
1758544334.1185231,target,2,2.32034130859375,1.4453873291015624,0.6159372284940713
1758544334.1185231,target,3,2.841979248046875,-2.52299853515625,1.6447947876857838
1758544334.1185231,target,4,-2.13238330078125,1.3453253173828126,-1.5550313452480091
1758544334.1185231,target,5,-0.4205210876464844,-3.242652099609375,3.113255021694696
1758544334.1385946,herder,1,-4.5800712890625,-3.690345458984375,-0.23439617590677703
1758544334.1385946,herder,2,3.49755810546875,-2.455947998046875,-1.5005984630956615
1758544334.1385946,target,1,0.38401141357421875,3.107958251953125,-2.2454005972584326
1758544334.1385946,target,2,2.32034814453125,1.4453660888671875,0.6160335683465049
1758544334.1385946,target,3,2.842022216796875,-2.522974609375,1.6433288506637498
1758544334.1385946,target,4,-2.13268212890625,1.34531005859375,-1.5482474750032502
1758544334.1385946,target,5,-0.42054339599609375,-3.242662841796875,3.1139740751890175
1758544334.1585603,herder,1,-4.580044921875,-3.69032568359375,-0.23432037568425065
1758544334.1585603,herder,2,3.4975234375,-2.45595263671875,-1.5003855433665096
1758544334.1585603,target,1,0.38394833374023435,3.1080146484375,-2.2448581113443833
1758544334.1585603,target,2,2.320332763671875,1.44534423828125,0.6136750063061034
1758544334.1585603,target,3,2.841910400390625,-2.522917724609375,1.6433166001227353
1758544334.1585603,target,4,-2.132732421875,1.345402099609375,-1.5516142432533284
1758544334.1585603,target,5,-0.42055322265625,-3.242660400390625,3.114053703705611
1758544334.1787982,herder,1,-4.58002392578125,-3.690310546875,-0.23417145504504477
1758544334.1787982,herder,2,3.497526611328125,-2.45595751953125,-1.5004121749774104
1758544334.1787982,target,1,0.38393450927734374,3.108000244140625,-2.244806446019236
1758544334.1787982,target,2,2.32030615234375,1.445373779296875,0.6157768396174212
1758544334.1787982,target,3,2.841896484375,-2.522820068359375,1.641557315906629
1758544334.1787982,target,4,-2.132563720703125,1.3453663330078125,-1.5543077643798344
1758544334.1787982,target,5,-0.4205298767089844,-3.242646728515625,3.114766631929425
1758544334.1996486,herder,1,-4.58003759765625,-3.690331298828125,-0.2343411816302669
1758544334.1996486,herder,2,3.49753515625,-2.455923583984375,-1.5003431991051774
1758544334.1996486,target,1,0.3839649963378906,3.108009521484375,-2.245155586438145
1758544334.1996486,target,2,2.32032568359375,1.4453643798828124,0.6143697584554778
1758544334.1996486,target,3,2.841884033203125,-2.522814697265625,1.644282262333998
1758544334.1996486,target,4,-2.132398681640625,1.345428466796875,-1.5570994229925101
1758544334.1996486,target,5,-0.4204984436035156,-3.242642333984375,3.1133841850075648
1758544334.2187755,herder,1,-4.58003857421875,-3.69033349609375,-0.23443349345155176
1758544334.2187755,herder,2,3.497534912109375,-2.45591552734375,-1.5003139043331866
1758544334.2187755,target,1,0.38395245361328123,3.10799853515625,-2.2447720912411735
1758544334.2187755,target,2,2.320307861328125,1.4453580322265625,0.6144900667577222
1758544334.2187755,target,3,2.841983154296875,-2.52299462890625,1.6452224913568505
1758544334.2187755,target,4,-2.13226416015625,1.3454559326171875,-1.5592057170986537
1758544334.2187755,target,5,-0.4205026550292969,-3.242653076171875,3.1133048228070805
1758544334.2385771,herder,1,-4.580046875,-3.690322265625,-0.2341895478957005
1758544334.2385771,herder,2,3.497550048828125,-2.455929443359375,-1.5004277544697875
1758544334.2385771,target,1,0.3839433288574219,3.108037841796875,-2.2448360071073354
1758544334.2385771,target,2,2.32036474609375,1.4453740234375,0.615196270499784
1758544334.2385771,target,3,2.84194482421875,-2.523017822265625,1.6431602725667476
1758544334.2385771,target,4,-2.13238232421875,1.345481689453125,-1.5598403483864196
1758544334.2385771,target,5,-0.42052163696289063,-3.242647705078125,3.1134393124421296
1758544334.258592,herder,1,-4.5800029296875,-3.690316650390625,-0.23397250026685906
1758544334.258592,herder,2,3.49755126953125,-2.45593359375,-1.50030897748517
1758544334.258592,target,1,0.3839820556640625,3.1080009765625,-2.245383286711347
1758544334.258592,target,2,2.320338134765625,1.445353515625,0.615373570449356
1758544334.258592,target,3,2.8419873046875,-2.522959716796875,1.6423911516439327
1758544334.258592,target,4,-2.13238037109375,1.3454130859375,-1.5581263379088446
1758544334.258592,target,5,-0.4205237731933594,-3.2426435546875,3.113149560515529
1758544334.2787635,herder,1,-4.5800400390625,-3.690325927734375,-0.23416837576503438
1758544334.2787635,herder,2,3.497535400390625,-2.455939208984375,-1.5004197649865172
1758544334.2787635,target,1,0.38395196533203124,3.10803662109375,-2.2450703652832624
1758544334.2787635,target,2,2.320335693359375,1.4453798828125,0.6155073942941325
1758544334.2787635,target,3,2.841941650390625,-2.522568359375,1.6389080032542183
1758544334.2787635,target,4,-2.1323740234375,1.3452510986328126,-1.5543072317476165
1758544334.2787635,target,5,-0.4205350341796875,-3.24263916015625,3.1141857964956787
1758544334.298771,herder,1,-4.5800341796875,-3.690326416015625,-0.23438655523733912
1758544334.298771,herder,2,3.49752685546875,-2.455958984375,-1.5004602450350863
1758544334.298771,target,1,0.3839420776367187,3.108014892578125,-2.245020297854769
1758544334.298771,target,2,2.320347412109375,1.4453857421875,0.6149425378269266
1758544334.298771,target,3,2.84190234375,-2.5225791015625,1.6371685595882328
1758544334.298771,target,4,-2.1323564453125,1.3453172607421875,-1.554169413161205
1758544334.298771,target,5,-0.4205325622558594,-3.2426318359375,3.1136419790010845
1758544334.3186057,herder,1,-4.580017578125,-3.690319091796875,-0.2346419523858777
1758544334.3186057,herder,2,3.497543701171875,-2.455930419921875,-1.5007569211805212
1758544334.3186057,target,1,0.3839375,3.1080224609375,-2.244763036493467
1758544334.3186057,target,2,2.320339599609375,1.4453779296875,0.6155540661922361
1758544334.3186057,target,3,2.84194384765625,-2.5226796875,1.640378867124269
1758544334.3186057,target,4,-2.132413330078125,1.34548046875,-1.557432051812661
1758544334.3186057,target,5,-0.42051507568359375,-3.242622802734375,3.1131447668255667
1758544334.3386073,herder,1,-4.57997509765625,-3.690302734375,-0.23396908809171238
1758544334.3386073,herder,2,3.497545166015625,-2.45593115234375,-1.5005514583024215
1758544334.3386073,target,1,0.3839510192871094,3.10802734375,-2.2449089777212037
1758544334.3386073,target,2,2.32034521484375,1.44535791015625,0.6160651933844495
1758544334.3386073,target,3,2.84203759765625,-2.52284814453125,1.641284341894896
1758544334.3386073,target,4,-2.132574951171875,1.345342529296875,-1.5511713595640482
1758544334.3386073,target,5,-0.4205312805175781,-3.242642333984375,3.113620940028473
1758544334.3587406,herder,1,-4.58002197265625,-3.6903046875,-0.23417273669131938
1758544334.3587406,herder,2,3.49755029296875,-2.4559296875,-1.500446396597418
1758544334.3587406,target,1,0.38398150634765627,3.108033935546875,-2.2449654367363134
1758544334.3587406,target,2,2.320359130859375,1.445388916015625,0.6143874018976997
1758544334.3587406,target,3,2.842044677734375,-2.52292626953125,1.640984203640044
1758544334.3587406,target,4,-2.132379638671875,1.345288818359375,-1.5538140143137338
1758544334.3587406,target,5,-0.4205126647949219,-3.242632568359375,3.113546105201842
1758544334.3787901,herder,1,-4.58002734375,-3.6903125,-0.23392561198691683
1758544334.3787901,herder,2,3.4975546875,-2.45593505859375,-1.5006217657551997
1758544334.3787901,target,1,0.3839830627441406,3.10802685546875,-2.245320436109621
1758544334.3787901,target,2,2.320375244140625,1.44537841796875,0.6151486664952988
1758544334.3787901,target,3,2.841977294921875,-2.522995849609375,1.6439946409362696
1758544334.3787901,target,4,-2.132280517578125,1.34534912109375,-1.5558963399700667
1758544334.3787901,target,5,-0.4205243225097656,-3.242627197265625,3.1137330591103654
1758544334.3986406,herder,1,-4.5800361328125,-3.690323486328125,-0.2343842416161421
1758544334.3986406,herder,2,3.49755322265625,-2.455952880859375,-1.5006260268129439
1758544334.3986406,target,1,0.3839635009765625,3.108022705078125,-2.245178755939629
1758544334.3986406,target,2,2.32036474609375,1.445393310546875,0.6150709687704957
1758544334.3986406,target,3,2.8419580078125,-2.52291943359375,1.643509945617875
1758544334.3986406,target,4,-2.132232177734375,1.3454041748046874,-1.5570501545123436
1758544334.3986406,target,5,-0.42051870727539065,-3.24264013671875,3.1129476929049007
1758544334.4187245,herder,1,-4.58000244140625,-3.690299072265625,-0.23410888740418473
1758544334.4187245,herder,2,3.4975322265625,-2.45595166015625,-1.5003595775458813
1758544334.4187245,target,1,0.38400473022460935,3.1079716796875,-2.24592470736096
1758544334.4187245,target,2,2.320327392578125,1.4453714599609375,0.6151120480303102
1758544334.4187245,target,3,2.841928466796875,-2.522974609375,1.6433096759039012
1758544334.4187245,target,4,-2.132471923828125,1.3454979248046874,-1.5602874931334438
1758544334.4187245,target,5,-0.420525390625,-3.242660888671875,3.1132994964849003
1758544334.4384658,herder,1,-4.58002197265625,-3.690314697265625,-0.23454018634272306
1758544334.4384658,herder,2,3.497519775390625,-2.45594140625,-1.5003531859592651
1758544334.4384658,target,1,0.38395611572265625,3.108014404296875,-2.244588865758176
1758544334.4384658,target,2,2.320337158203125,1.4454075927734376,0.6151673752019566
1758544334.4384658,target,3,2.841944580078125,-2.5228740234375,1.643655487371448
1758544334.4384658,target,4,-2.13239013671875,1.3454508056640626,-1.5587432591753614
1758544334.4384658,target,5,-0.42055258178710936,-3.24265478515625,3.113897376149623
1758544334.458551,herder,1,-4.58002978515625,-3.690314453125,-0.23439797354051284
1758544334.458551,herder,2,3.49754638671875,-2.45595166015625,-1.5004137728740645
1758544334.458551,target,1,0.3839751892089844,3.1080546875,-2.2444423918982217
1758544334.458551,target,2,2.320376953125,1.4454285888671874,0.6159448850822052
1758544334.458551,target,3,2.841921630859375,-2.522913330078125,1.6429610681172098
1758544334.458551,target,4,-2.132206787109375,1.34535009765625,-1.5594404747487443
1758544334.458551,target,5,-0.42053799438476563,-3.242668701171875,3.113115738369685
1758544334.47859,herder,1,-4.57999365234375,-3.69031396484375,-0.23399105917070553
1758544334.47859,herder,2,3.497536865234375,-2.455906982421875,-1.500346261740431
1758544334.47859,target,1,0.3839384460449219,3.108029541015625,-2.244643460560523
1758544334.47859,target,2,2.320346435546875,1.4453927001953124,0.6158872942236323
1758544334.47859,target,3,2.841957275390625,-2.523013671875,1.6426196508654616
1758544334.47859,target,4,-2.132406005859375,1.34547900390625,-1.558205700109329
1758544334.47859,target,5,-0.42052496337890627,-3.242667236328125,3.1134073545090484
1758544334.4989755,herder,1,-4.5800361328125,-3.690328369140625,-0.23420006738200633
1758544334.4989755,herder,2,3.49753466796875,-2.45593701171875,-1.5001593078319073
1758544334.4989755,target,1,0.38395611572265625,3.1080146484375,-2.2451731633013394
1758544334.4989755,target,2,2.320361572265625,1.4454344482421875,0.6152587882063736
1758544334.4989755,target,3,2.84191943359375,-2.522927734375,1.6442569623036423
1758544334.4989755,target,4,-2.132229736328125,1.3454053955078125,-1.557819674909322
1758544334.4989755,target,5,-0.4205186767578125,-3.242683837890625,3.1128390359324256
1758544334.5185611,herder,1,-4.5800087890625,-3.690317138671875,-0.23393756292230858
1758544334.5185611,herder,2,3.49756591796875,-2.45592919921875,-1.5004198981445716
1758544334.5185611,target,1,0.383951416015625,3.10799267578125,-2.2446314763356177
1758544334.5185611,target,2,2.320344970703125,1.445407958984375,0.6149039219911205
1758544334.5185611,target,3,2.841946044921875,-2.5229814453125,1.6466724494123441
1758544334.5185611,target,4,-2.132525634765625,1.3454072265625,-1.5527890967682167
1758544334.5185611,target,5,-0.42053857421875,-3.242628662109375,3.113420670314499
1758544334.5385263,herder,1,-4.5800400390625,-3.6903173828125,-0.23417606564268198
1758544334.5385263,herder,2,3.49753515625,-2.4559521484375,-1.500283943770923
1758544334.5385263,target,1,0.38396951293945314,3.108010498046875,-2.2447473238430358
1758544334.5385263,target,2,2.320344482421875,1.4453621826171874,0.61459333082899
1758544334.5385263,target,3,2.841872314453125,-2.5228984375,1.6439252655898728
1758544334.5385263,target,4,-2.13276953125,1.345378662109375,-1.5633911410678223
1758544334.5385263,target,5,-0.42053994750976564,-3.242646728515625,3.1137738054750437
1758544334.5585654,herder,1,-4.58002001953125,-3.69030712890625,-0.23409690317927936
1758544334.5585654,herder,2,3.497560546875,-2.45592626953125,-1.5007020600620655
1758544334.5585654,target,1,0.3839564208984375,3.10801171875,-2.245251726553497
1758544334.5585654,target,2,2.320319091796875,1.445385986328125,0.6148938685580054
1758544334.5585654,target,3,2.841851318359375,-2.522916259765625,1.6433560149068684
1758544334.5585654,target,4,-2.132635986328125,1.345451904296875,-1.5611908373751988
1758544334.5585654,target,5,-0.4205124816894531,-3.242657958984375,3.1127258515860974
1758544334.5785897,herder,1,-4.57999560546875,-3.6903173828125,-0.23411879103448846
1758544334.5785897,herder,2,3.497579345703125,-2.455965087890625,-1.5018518798627072
1758544334.5785897,target,1,0.3839480590820312,3.108017578125,-2.244843730274497
1758544334.5785897,target,2,2.320370361328125,1.445431884765625,0.6147088454412722
1758544334.5785897,target,3,2.8419248046875,-2.52298583984375,1.6432918327245976
1758544334.5785897,target,4,-2.13239111328125,1.345359619140625,-1.5602701825863583
1758544334.5785897,target,5,-0.4205277099609375,-3.2426357421875,3.1136829916818716
1758544334.5985894,herder,1,-4.5800048828125,-3.690335205078125,-0.23415191410054634
1758544334.5985894,herder,2,3.49774365234375,-2.456421142578125,-1.503224206772425
1758544334.5985894,target,1,0.38394119262695314,3.107997802734375,-2.2448221586696673
1758544334.5985894,target,2,2.320352783203125,1.44542578125,0.6140806057401225
1758544334.5985894,target,3,2.84199609375,-2.522993408203125,1.645035537448327
1758544334.5985894,target,4,-2.132243896484375,1.345359130859375,-1.5606183908988862
1758544334.5985894,target,5,-0.42051171875,-3.242646484375,3.1130044182361196
1758544334.618571,herder,1,-4.580041015625,-3.690322021484375,-0.2343063607990141
1758544334.618571,herder,2,3.497850341796875,-2.457591796875,-1.5055310369086516
1758544334.618571,target,1,0.3839893798828125,3.107998046875,-2.245323099270711
1758544334.618571,target,2,2.3203447265625,1.445419189453125,0.6143444584251221
1758544334.618571,target,3,2.84195263671875,-2.523053466796875,1.6462258372975378
1758544334.618571,target,4,-2.132245361328125,1.3453199462890626,-1.5635141791101839
1758544334.618571,target,5,-0.4204869689941406,-3.242701171875,3.1124912270940612
1758544334.6385324,herder,1,-4.5800224609375,-3.6903037109375,-0.23400940169271345
1758544334.6385324,herder,2,3.498128662109375,-2.459441162109375,-1.508948272061387
1758544334.6385324,target,1,0.383955810546875,3.108007568359375,-2.244785407046624
1758544334.6385324,target,2,2.32034033203125,1.4453990478515626,0.6149565860016768
1758544334.6385324,target,3,2.842037109375,-2.52313427734375,1.6446312695948528
1758544334.6385324,target,4,-2.132119384765625,1.3452686767578126,-1.5613061522503993
1758544334.6385324,target,5,-0.4205254211425781,-3.242652587890625,3.1138790003381014
1758544334.6586313,herder,1,-4.580041015625,-3.69032958984375,-0.23430100118732033
1758544334.6586313,herder,2,3.498326904296875,-2.462045654296875,-1.5119007856039033
1758544334.6586313,target,1,0.38395941162109376,3.107995361328125,-2.2446011162991906
1758544334.6586313,target,2,2.320359619140625,1.4454019775390625,0.6160710523388477
1758544334.6586313,target,3,2.841980224609375,-2.522944580078125,1.6441380521609703
1758544334.6586313,target,4,-2.132439453125,1.3453372802734376,-1.561367404955471
1758544334.6586313,target,5,-0.42053182983398435,-3.2426259765625,3.1139975110066103
1758544334.6785784,herder,1,-4.580021484375,-3.69037158203125,-0.23300587265970116
1758544334.6785784,herder,2,3.49877099609375,-2.465283203125,-1.5157220222940035
1758544334.6785784,target,1,0.383945556640625,3.108029296875,-2.2447020501045047
1758544334.6785784,target,2,2.32034814453125,1.445406494140625,0.6151975355013017
1758544334.6785784,target,3,2.84200146484375,-2.52299951171875,1.6443640213794635
1758544334.6785784,target,4,-2.132513916015625,1.3453995361328126,-1.5602155877840118
1758544334.6785784,target,5,-0.42053067016601564,-3.2426357421875,3.113452894563689
1758544334.69872,herder,1,-4.5796044921875,-3.69070068359375,-0.22560196857890144
1758544334.69872,herder,2,3.499108154296875,-2.468290283203125,-1.5204286268885006
1758544334.69872,target,1,0.38393960571289065,3.10803515625,-2.2447313448764956
1758544334.69872,target,2,2.3203330078125,1.4453795166015626,0.61553289406157
1758544334.69872,target,3,2.841899658203125,-2.522833740234375,1.6427223157254842
1758544334.69872,target,4,-2.13255078125,1.3452008056640625,-1.5531663335366266
1758544334.69872,target,5,-0.42056103515625,-3.242660400390625,3.113754098082977
1758544334.7186556,herder,1,-4.57896875,-3.6912724609375,-0.2136003831921889
1758544334.7186556,herder,2,3.49912158203125,-2.471616455078125,-1.5247631878787133
1758544334.7186556,target,1,0.3839732666015625,3.108020751953125,-2.24472202381268
1758544334.7186556,target,2,2.320348876953125,1.445366943359375,0.6161817732611677
1758544334.7186556,target,3,2.84200390625,-2.5229970703125,1.6449101025609842
1758544334.7186556,target,4,-2.132750244140625,1.34532177734375,-1.551654057511625
1758544334.7186556,target,5,-0.42051498413085936,-3.242653564453125,3.1129242570873084
1758544334.738788,herder,1,-4.57896826171875,-3.6916162109375,-0.20070219469023076
1758544334.738788,herder,2,3.499423828125,-2.474760986328125,-1.52962292423589
1758544334.738788,target,1,0.38395089721679687,3.108032958984375,-2.245019765222551
1758544334.738788,target,2,2.320391845703125,1.4454271240234375,0.6157793030414296
1758544334.738788,target,3,2.841893798828125,-2.522883544921875,1.6431152651443253
1758544334.738788,target,4,-2.132580078125,1.34532763671875,-1.553369665885854
1758544334.738788,target,5,-0.4205491943359375,-3.24266943359375,3.1138371887089873
1758544334.7586594,herder,1,-4.5783173828125,-3.692140869140625,-0.18497005324853524
1758544334.7586594,herder,2,3.499682861328125,-2.477672607421875,-1.5358573843477656
1758544334.7586594,target,1,0.38392169189453124,3.108022705078125,-2.24488314505863
1758544334.7586594,target,2,2.32036962890625,1.4453955078125,0.6162392309616862
1758544334.7586594,target,3,2.841887939453125,-2.52288623046875,1.6433509549007974
1758544334.7586594,target,4,-2.13251708984375,1.3453162841796875,-1.5546827374613177
1758544334.7586594,target,5,-0.4205360412597656,-3.24262353515625,3.1136185431834917
1758544334.7786992,herder,1,-4.577337890625,-3.692681396484375,-0.1661326326862937
1758544334.7786992,herder,2,3.500048583984375,-2.48170166015625,-1.5424871907234634
1758544334.7786992,target,1,0.3839886779785156,3.108009521484375,-2.2450008567788116
1758544334.7786992,target,2,2.3203330078125,1.4454122314453124,0.6154545305464943
1758544334.7786992,target,3,2.841904052734375,-2.522869873046875,1.6432782506030381
1758544334.7786992,target,4,-2.13247119140625,1.3453829345703125,-1.5566355003306183
1758544334.7786992,target,5,-0.4205054931640625,-3.24263623046875,3.1133050891231897
1758544334.7987025,herder,1,-4.57671142578125,-3.693294677734375,-0.1454961968734332
1758544334.7987025,herder,2,3.500548828125,-2.48642333984375,-1.5490052774914322
1758544334.7987025,target,1,0.3840256958007813,3.10797802734375,-2.245451463635253
1758544334.7987025,target,2,2.320333984375,1.4453775634765624,0.6144718241042552
1758544334.7987025,target,3,2.841951904296875,-2.52287353515625,1.6425472128838114
1758544334.7987025,target,4,-2.132573974609375,1.3453544921875,-1.556783705245281
1758544334.7987025,target,5,-0.4205129089355469,-3.24263427734375,3.113419605050063
1758544334.8186438,herder,1,-4.57537451171875,-3.693897216796875,-0.1222222661854991
1758544334.8186438,herder,2,3.50102734375,-2.49083740234375,-1.556897821697991
1758544334.8186438,target,1,0.3839704895019531,3.108008056640625,-2.2451643748697423
1758544334.8186438,target,2,2.3203701171875,1.4453837890625,0.6155150508822664
1758544334.8186438,target,3,2.841853515625,-2.52282421875,1.6439480356171932
1758544334.8186438,target,4,-2.13244775390625,1.345359130859375,-1.5562337624801799
1758544334.8186438,target,5,-0.42050949096679685,-3.242670166015625,3.1131887089835533
1758544334.8386025,herder,1,-4.5736005859375,-3.694711669921875,-0.09772954814706863
1758544334.8386025,herder,2,3.5016416015625,-2.49596484375,-1.564677581032385
1758544334.8386025,target,1,0.38396066284179686,3.108004638671875,-2.244579278378252
1758544334.8386025,target,2,2.320336669921875,1.4453804931640626,0.615542148546358
1758544334.8386025,target,3,2.84196044921875,-2.523,1.6444740099324837
1758544334.8386025,target,4,-2.13233349609375,1.3453746337890624,-1.5578962407906618
1758544334.8386025,target,5,-0.42052755737304687,-3.242632568359375,3.1141471806598724
1758544334.8585787,herder,1,-4.57243798828125,-3.69567041015625,-0.07294840144020419
1758544334.8585787,herder,2,3.5015244140625,-2.501361083984375,-1.5756400841855327
1758544334.8585787,target,1,0.3839725952148437,3.10802490234375,-2.2447089743233386
1758544334.8585787,target,2,2.320348876953125,1.4453948974609374,0.6153647820177587
1758544334.8585787,target,3,2.842000732421875,-2.523057861328125,1.6453537851985913
1758544334.8585787,target,4,-2.132655517578125,1.3453502197265625,-1.5503841291458207
1758544334.8585787,target,5,-0.42050897216796873,-3.2426494140625,3.113093634132637
1758544334.8788881,herder,1,-4.57106884765625,-3.696166748046875,-0.04692955477791461
1758544334.8788881,herder,2,3.50169775390625,-2.506635498046875,-1.5799548046256247
1758544334.8788881,target,1,0.383953369140625,3.108017578125,-2.24454492360019
1758544334.8788881,target,2,2.320341552734375,1.445383544921875,0.6161544758599945
1758544334.8788881,target,3,2.842020263671875,-2.52307080078125,1.6433745238764446
1758544334.8788881,target,4,-2.132453857421875,1.3452646484375,-1.553900966523325
1758544334.8788881,target,5,-0.42052947998046875,-3.242686279296875,3.1132305206126674
1758544334.8988755,herder,1,-4.568767578125,-3.696991943359375,-0.019198189424379408
1758544334.8988755,herder,2,3.5016640625,-2.51222021484375,-1.587009118879081
1758544334.8988755,target,1,0.3839629821777344,3.1080009765625,-2.2447654333384484
1758544334.8988755,target,2,2.3203408203125,1.4453458251953124,0.6161145284436432
1758544334.8988755,target,3,2.841958984375,-2.52298291015625,1.6434580139766186
1758544334.8988755,target,4,-2.13260888671875,1.34528564453125,-1.556006861155305
1758544334.8988755,target,5,-0.42053488159179686,-3.242658203125,3.1139652867574203
1758544334.9186068,herder,1,-4.56676904296875,-3.697656494140625,0.009563311605933666
1758544334.9186068,herder,2,3.50162939453125,-2.51773388671875,-1.5940019141113566
1758544334.9186068,target,1,0.3839422607421875,3.10801220703125,-2.2449763556967826
1758544334.9186068,target,2,2.32037451171875,1.44540966796875,0.6151499980758438
1758544334.9186068,target,3,2.842028076171875,-2.522957275390625,1.6449102357190388
1758544334.9186068,target,4,-2.13268359375,1.3453990478515625,-1.5581423168753852
1758544334.9186068,target,5,-0.4205623168945313,-3.24262890625,3.1140702153043693
1758544334.9385884,herder,1,-4.564939453125,-3.698188720703125,0.03626587078264144
1758544334.9385884,herder,2,3.501916259765625,-2.523150634765625,-1.601832539822571
1758544334.9385884,target,1,0.383975830078125,3.10800390625,-2.2453483993010668
1758544334.9385884,target,2,2.32033447265625,1.4453394775390624,0.6150346832006434
1758544334.9385884,target,3,2.842046630859375,-2.523137451171875,1.6458813574105362
1758544334.9385884,target,4,-2.132579345703125,1.345396728515625,-1.5569837086431462
1758544334.9385884,target,5,-0.4205233764648437,-3.242629638671875,3.113524799913121
1758544334.9586754,herder,1,-4.561998046875,-3.6986513671875,0.06281031309200416
1758544334.9586754,herder,2,3.502111572265625,-2.527895751953125,-1.6095577043546183
1758544334.9586754,target,1,0.3839603576660156,3.108012451171875,-2.244822424985776
1758544334.9586754,target,2,2.320356201171875,1.4453843994140625,0.6147816163180586
1758544334.9586754,target,3,2.841970458984375,-2.52303173828125,1.642398874811094
1758544334.9586754,target,4,-2.132570556640625,1.3453094482421875,-1.5528369005097837
1758544334.9586754,target,5,-0.4205363464355469,-3.242588134765625,3.1151474639653065
1758544334.9788365,herder,1,-4.558439453125,-3.698855224609375,0.09084813130500723
1758544334.9788365,herder,2,3.502122314453125,-2.5329775390625,-1.6188489407656868
1758544334.9788365,target,1,0.3839962768554688,3.10799658203125,-2.2449750241162376
1758544334.9788365,target,2,2.320338623046875,1.4453480224609374,0.6150976003813965
1758544334.9788365,target,3,2.841940673828125,-2.522998779296875,1.64389384028901
1758544334.9788365,target,4,-2.132455078125,1.34530810546875,-1.551974568948816
1758544334.9788365,target,5,-0.4205107116699219,-3.24263134765625,3.113857695049381
1758544334.998721,herder,1,-4.5556240234375,-3.699533447265625,0.11862424400663957
1758544334.998721,herder,2,3.5023837890625,-2.5383095703125,-1.6270743801085055
1758544334.998721,target,1,0.383944580078125,3.108009033203125,-2.244743861733619
1758544334.998721,target,2,2.32031298828125,1.445382568359375,0.614981752873978
1758544334.998721,target,3,2.84195458984375,-2.522683349609375,1.6390321065610158
1758544334.998721,target,4,-2.132306640625,1.3452841796875,-1.5523451478145005
1758544334.998721,target,5,-0.42052914428710936,-3.2426015625,3.1134656777369214
1758544335.0186365,herder,1,-4.55300341796875,-3.6995751953125,0.14674503633235542
1758544335.0186365,herder,2,3.502220458984375,-2.542418701171875,-1.6367533727742896
1758544335.0186365,target,1,0.38399118041992186,3.107987548828125,-2.2447393343597657
1758544335.0186365,target,2,2.32032666015625,1.4453638916015625,0.6145782173898038
1758544335.0186365,target,3,2.8419013671875,-2.5226630859375,1.6392729894816136
1758544335.0186365,target,4,-2.13222607421875,1.345192626953125,-1.556493553844517
1758544335.0186365,target,5,-0.4205266418457031,-3.242632080078125,3.113755695979631
1758544335.0386012,herder,1,-4.54914208984375,-3.699478759765625,0.17296495581813517
1758544335.0386012,herder,2,3.502307373046875,-2.54665234375,-1.645777494128023
1758544335.0386012,target,1,0.38401998901367185,3.108000244140625,-2.2459034020722393
1758544335.0386012,target,2,2.32036279296875,1.4454365234375,0.6148647735230963
1758544335.0386012,target,3,2.841910400390625,-2.522790771484375,1.6400286614409234
1758544335.0386012,target,4,-2.132556640625,1.34528515625,-1.554005096121947
1758544335.0386012,target,5,-0.42051119995117187,-3.24264697265625,3.11352772939032
1758544335.0587096,herder,1,-4.5453642578125,-3.6990986328125,0.19689627117639852
1758544335.0587096,herder,2,3.502322509765625,-2.551677490234375,-1.6537933426930524
1758544335.0587096,target,1,0.3839676818847656,3.108012451171875,-2.244679413235239
1758544335.0587096,target,2,2.32032275390625,1.4453804931640626,0.6152838219206203
1758544335.0587096,target,3,2.842017578125,-2.52285986328125,1.6418300236022532
1758544335.0587096,target,4,-2.132410400390625,1.34533056640625,-1.5570168649987175
1758544335.0587096,target,5,-0.4204778442382813,-3.2427177734375,3.111948208547794
1758544335.078832,herder,1,-4.5431513671875,-3.69878662109375,0.21839102716383477
1758544335.078832,herder,2,3.502178955078125,-2.55679052734375,-1.6623685882450532
1758544335.078832,target,1,0.38394793701171875,3.108010009765625,-2.2448021849614914
1758544335.078832,target,2,2.32036181640625,1.4454085693359375,0.6160389612477123
1758544335.078832,target,3,2.841975830078125,-2.522966552734375,1.6416922050158416
1758544335.078832,target,4,-2.132295166015625,1.3453385009765626,-1.559764315137298
1758544335.078832,target,5,-0.4205110778808594,-3.242658447265625,3.1134488998220538
1758544335.0989954,herder,1,-4.54099462890625,-3.6988212890625,0.23593088906396245
1758544335.0989954,herder,2,3.5023193359375,-2.56088427734375,-1.6707776525450329
1758544335.0989954,target,1,0.3839285888671875,3.1080068359375,-2.2444607677097435
1758544335.0989954,target,2,2.320350830078125,1.4454034423828126,0.6145806142347849
1758544335.0989954,target,3,2.841978515625,-2.522922607421875,1.643477721368685
1758544335.0989954,target,4,-2.132534423828125,1.3452540283203125,-1.5548731534792584
1758544335.0989954,target,5,-0.42053445434570313,-3.242628662109375,3.113726134891531
1758544335.118729,herder,1,-4.53739013671875,-3.6982421875,0.250630456372007
1758544335.118729,herder,2,3.501967529296875,-2.5646884765625,-1.6792025626534985
1758544335.118729,target,1,0.3839642639160156,3.108013427734375,-2.2448221586696673
1758544335.118729,target,2,2.320345703125,1.4454185791015626,0.6150950037993337
1758544335.118729,target,3,2.8419482421875,-2.522919921875,1.6436186025903503
1758544335.118729,target,4,-2.13248828125,1.3453533935546875,-1.5567996842118217
1758544335.118729,target,5,-0.42052267456054687,-3.242646484375,3.113395370284143
1758544335.1386268,herder,1,-4.53375439453125,-3.697883544921875,0.2644244323961269
1758544335.1386268,herder,2,3.501648681640625,-2.569410888671875,-1.6866516905385591
1758544335.1386268,target,1,0.38396539306640626,3.108030029296875,-2.2448365397395538
1758544335.1386268,target,2,2.3203505859375,1.44535546875,0.613808297518662
1758544335.1386268,target,3,2.841945556640625,-2.52292626953125,1.6419658448178471
1758544335.1386268,target,4,-2.132533447265625,1.345365234375,-1.5559520000368494
1758544335.1386268,target,5,-0.42051251220703123,-3.242648193359375,3.112923191822872
1758544335.1587307,herder,1,-4.531166015625,-3.6974638671875,0.2777235265106828
1758544335.1587307,herder,2,3.501127685546875,-2.574956298828125,-1.6946933717661625
1758544335.1587307,target,1,0.3839440002441406,3.108031494140625,-2.2445334720075025
1758544335.1587307,target,2,2.320329833984375,1.4454049072265625,0.6147509233864955
1758544335.1587307,target,3,2.841974365234375,-2.522943603515625,1.6446871959777447
1758544335.1587307,target,4,-2.132478759765625,1.345364990234375,-1.5560088585261227
1758544335.1587307,target,5,-0.42053555297851564,-3.24264208984375,3.113355156551683
1758544335.1787288,herder,1,-4.52787255859375,-3.696372802734375,0.29209690651946313
1758544335.1787288,herder,2,3.5006083984375,-2.57972607421875,-1.7033648905915695
1758544335.1787288,target,1,0.3840038757324219,3.108009033203125,-2.245419239386063
1758544335.1787288,target,2,2.3203154296875,1.4453502197265624,0.6147945326493455
1758544335.1787288,target,3,2.8419853515625,-2.522951416015625,1.6444909210054057
1758544335.1787288,target,4,-2.13217236328125,1.345161376953125,-1.5574221981166276
1758544335.1787288,target,5,-0.4205360412597656,-3.242663818359375,3.1133461018039768
1758544335.1988432,herder,1,-4.5233291015625,-3.6952783203125,0.30692681891811024
1758544335.1988432,herder,2,3.500576416015625,-2.584132568359375,-1.7114944561351453
1758544335.1988432,target,1,0.3839491577148437,3.108019775390625,-2.2447774175633537
1758544335.1988432,target,2,2.320352783203125,1.4453521728515626,0.6154471402744695
1758544335.1988432,target,3,2.841813232421875,-2.522768310546875,1.6454737606056995
1758544335.1988432,target,4,-2.13254248046875,1.345080810546875,-1.5482666497630988
1758544335.1988432,target,5,-0.4205475769042969,-3.242640625,3.113490711451168
1758544335.2187152,herder,1,-4.51967431640625,-3.694406494140625,0.3244945274963861
1758544335.2187152,herder,2,3.500111328125,-2.588903564453125,-1.7210019412267281
1758544335.2187152,target,1,0.38395806884765626,3.10801416015625,-2.244781412304989
1758544335.2187152,target,2,2.320324951171875,1.4453712158203125,0.615213181572706
1758544335.2187152,target,3,2.841890869140625,-2.522865478515625,1.6423619900299964
1758544335.2187152,target,4,-2.13254541015625,1.345276611328125,-1.5518993346480214
1758544335.2187152,target,5,-0.4205428466796875,-3.242650146484375,3.113117336266339
1758544335.2385757,herder,1,-4.51665966796875,-3.69384375,0.3412381208753369
1758544335.2385757,herder,2,3.49996337890625,-2.593777099609375,-1.730873214123216
1758544335.2385757,target,1,0.3839547424316406,3.10802978515625,-2.245186212790681
1758544335.2385757,target,2,2.32033837890625,1.4454051513671875,0.6150762950926759
1758544335.2385757,target,3,2.841886474609375,-2.522754150390625,1.6444286030358979
1758544335.2385757,target,4,-2.132609619140625,1.345356689453125,-1.5546531763732179
1758544335.2385757,target,5,-0.4205564270019531,-3.242653564453125,3.113965020441311
1758544335.2586985,herder,1,-4.51254052734375,-3.692384765625,0.356539945419146
1758544335.2586985,herder,2,3.499660888671875,-2.598292724609375,-1.7408471518797262
1758544335.2586985,target,1,0.3839359130859375,3.108029052734375,-2.2440895230537863
1758544335.2586985,target,2,2.320364013671875,1.4454027099609374,0.6152221031623577
1758544335.2586985,target,3,2.841801513671875,-2.522673583984375,1.642299006270216
1758544335.2586985,target,4,-2.132462646484375,1.345429931640625,-1.557983459316362
1758544335.2586985,target,5,-0.42055078125,-3.242645751953125,3.1136752685147107
1758544335.2788372,herder,1,-4.50808154296875,-3.69111376953125,0.3709859631466582
1758544335.2788372,herder,2,3.49921484375,-2.602854248046875,-1.7500387860660256
1758544335.2788372,target,1,0.38396463012695314,3.108010498046875,-2.2450722294960257
1758544335.2788372,target,2,2.3203466796875,1.4453955078125,0.6145852081876653
1758544335.2788372,target,3,2.841775634765625,-2.52264453125,1.6443038339388276
1758544335.2788372,target,4,-2.1326904296875,1.34541796875,-1.556418985333995
1758544335.2788372,target,5,-0.4205360412597656,-3.24261767578125,3.1136811274691087
1758544335.298853,herder,1,-4.50449365234375,-3.689698974609375,0.38665836655615193
1758544335.298853,herder,2,3.49877978515625,-2.607396240234375,-1.7582618285638634
1758544335.298853,target,1,0.38396234130859375,3.10802099609375,-2.2450679684382817
1758544335.298853,target,2,2.320369140625,1.4453629150390626,0.6150934724817069
1758544335.298853,target,3,2.8418525390625,-2.52277783203125,1.642740025746733
1758544335.298853,target,4,-2.132693359375,1.3454661865234374,-1.5572308499923055
1758544335.298853,target,5,-0.4205231018066406,-3.24265673828125,3.1132025574212214
1758544335.3186793,herder,1,-4.501138671875,-3.688947998046875,0.40206598517426445
1758544335.3186793,herder,2,3.4984287109375,-2.611962890625,-1.7657346585826257
1758544335.3186793,target,1,0.3839654235839844,3.10802685546875,-2.2445936594481384
1758544335.3186793,target,2,2.3203681640625,1.4453994140625,0.6154468073793331
1758544335.3186793,target,3,2.841941162109375,-2.5229443359375,1.6451477896882738
1758544335.3186793,target,4,-2.132565185546875,1.34545556640625,-1.5567959557862956
1758544335.3186793,target,5,-0.42053631591796875,-3.24264501953125,3.1135516978401307
1758544335.3385994,herder,1,-4.49721630859375,-3.687078369140625,0.4161191200619627
1758544335.3385994,herder,2,3.497817626953125,-2.6167578125,-1.7751541262001815
1758544335.3385994,target,1,0.38396954345703127,3.108007080078125,-2.2451779569913017
1758544335.3385994,target,2,2.320375,1.44540966796875,0.6145109059932521
1758544335.3385994,target,3,2.841931396484375,-2.522871337890625,1.6431795804846507
1758544335.3385994,target,4,-2.13249658203125,1.3454154052734375,-1.5582879917870125
1758544335.3385994,target,5,-0.4205359191894531,-3.242623291015625,3.1138638203198883
1758544335.3587165,herder,1,-4.49323095703125,-3.685716796875,0.42807804493696355
1758544335.3587165,herder,2,3.4974384765625,-2.620162841796875,-1.78505469386866
1758544335.3587165,target,1,0.384017333984375,3.10800341796875,-2.2453406761339054
1758544335.3587165,target,2,2.320369384765625,1.4453956298828126,0.6143097707519238
1758544335.3587165,target,3,2.841927978515625,-2.52292041015625,1.6449861358101059
1758544335.3587165,target,4,-2.13244970703125,1.34543017578125,-1.5592424687216968
1758544335.3587165,target,5,-0.42054037475585937,-3.242615234375,3.113622271609018
1758544335.378853,herder,1,-4.489705078125,-3.683927978515625,0.4411873555343377
1758544335.378853,herder,2,3.496628173828125,-2.62437939453125,-1.7931778678256196
1758544335.378853,target,1,0.3839729919433594,3.108003173828125,-2.2449646377879864
1758544335.378853,target,2,2.3203701171875,1.44541357421875,0.6154932129613278
1758544335.378853,target,3,2.841903564453125,-2.522913330078125,1.6439343203375791
1758544335.378853,target,4,-2.132580078125,1.34529052734375,-1.5587007817559748
1758544335.378853,target,5,-0.42054058837890623,-3.242618408203125,3.113993249948866
1758544335.398675,herder,1,-4.4859775390625,-3.6824365234375,0.4539511542697877
1758544335.398675,herder,2,3.49552783203125,-2.62986279296875,-1.8019326104350917
1758544335.398675,target,1,0.38394879150390626,3.108024169921875,-2.2446437268766317
1758544335.398675,target,2,2.32037646484375,1.445384033203125,0.6157790367253205
1758544335.398675,target,3,2.8419951171875,-2.5229892578125,1.6420904807568628
1758544335.398675,target,4,-2.132667724609375,1.345372314453125,-1.55743498128986
1758544335.398675,target,5,-0.42055258178710936,-3.2426220703125,3.113833460283461
1758544335.418584,herder,1,-4.482134765625,-3.680548583984375,0.46837207170402595
1758544335.418584,herder,2,3.494847412109375,-2.634280029296875,-1.812929601524356
1758544335.418584,target,1,0.3839453430175781,3.108006103515625,-2.245248530760189
1758544335.418584,target,2,2.320352294921875,1.445381103515625,0.6162686588917317
1758544335.418584,target,3,2.84211279296875,-2.523053955078125,1.642316449975356
1758544335.418584,target,4,-2.13257275390625,1.34544384765625,-1.5565956860723216
1758544335.418584,target,5,-0.4205330810546875,-3.2426259765625,3.113382320794802
1758544335.438605,herder,1,-4.47831689453125,-3.67890673828125,0.4810823409015654
1758544335.438605,herder,2,3.49417041015625,-2.6386640625,-1.8231476179947719
1758544335.438605,target,1,0.3839412841796875,3.10802001953125,-2.2441973810779348
1758544335.438605,target,2,2.3203310546875,1.445358154296875,0.6157291690339088
1758544335.438605,target,3,2.841940185546875,-2.52300341796875,1.6428156595216914
1758544335.438605,target,4,-2.132489013671875,1.3455404052734374,-1.5581977106260587
1758544335.438605,target,5,-0.4205480651855469,-3.24263720703125,3.1141892586050957
1758544335.4587243,herder,1,-4.474880859375,-3.67734033203125,0.4933485945663613
1758544335.4587243,herder,2,3.4935888671875,-2.642835205078125,-1.8330023792925012
1758544335.4587243,target,1,0.3839391174316406,3.108007080078125,-2.244325212810258
1758544335.4587243,target,2,2.320328125,1.445333740234375,0.6153293619752607
1758544335.4587243,target,3,2.841882080078125,-2.52302294921875,1.6454979953716191
1758544335.4587243,target,4,-2.132385498046875,1.3452823486328125,-1.5545582346803564
1758544335.4587243,target,5,-0.42053448486328127,-3.24263427734375,3.1137506359735596
1758544335.4786575,herder,1,-4.47085205078125,-3.6751689453125,0.5059352265102938
1758544335.4786575,herder,2,3.493064697265625,-2.646515869140625,-1.8424474132565216
1758544335.4786575,target,1,0.3839662780761719,3.108028564453125,-2.2446525153082293
1758544335.4786575,target,2,2.3203623046875,1.4453868408203125,0.6150864816838454
1758544335.4786575,target,3,2.84197021484375,-2.5231962890625,1.6459808264772506
1758544335.4786575,target,4,-2.132272216796875,1.3452628173828125,-1.5550547810656017
1758544335.4786575,target,5,-0.42053680419921874,-3.242621337890625,3.1137764686361336
1758544335.498642,herder,1,-4.4671494140625,-3.672857421875,0.517791852709922
1758544335.498642,herder,2,3.492166748046875,-2.651698486328125,-1.8531784877109414
1758544335.498642,target,1,0.38394363403320314,3.108011474609375,-2.244416825551757
1758544335.498642,target,2,2.320335205078125,1.44534619140625,0.6157860941022093
1758544335.498642,target,3,2.84198095703125,-2.52315966796875,1.6452380708492276
1758544335.498642,target,4,-2.13243603515625,1.3453082275390624,-1.5578866534107374
1758544335.498642,target,5,-0.42055841064453126,-3.242632568359375,3.114183133334589
1758544335.5187716,herder,1,-4.46339990234375,-3.6711826171875,0.5303814807100808
1758544335.5187716,herder,2,3.491180908203125,-2.6568505859375,-1.86208716103142
1758544335.5187716,target,1,0.383941650390625,3.10801416015625,-2.2443601002205384
1758544335.5187716,target,2,2.320326171875,1.4453831787109375,0.6155620556755064
1758544335.5187716,target,3,2.84190185546875,-2.5230654296875,1.6454188994872438
1758544335.5187716,target,4,-2.132556884765625,1.345375244140625,-1.5562838299086732
1758544335.5187716,target,5,-0.42054953002929685,-3.242627197265625,3.1138387866056414
1758544335.5385647,herder,1,-4.4602578125,-3.66966748046875,0.5424490625575569
1758544335.5385647,herder,2,3.490176513671875,-2.661226806640625,-1.873613588545392
1758544335.5385647,target,1,0.38395645141601564,3.1080205078125,-2.2442959180382673
1758544335.5385647,target,2,2.320337646484375,1.44539111328125,0.6140820704787221
1758544335.5385647,target,3,2.842131103515625,-2.52325244140625,1.6437962354350586
1758544335.5385647,target,4,-2.13253515625,1.345357421875,-1.5544814024829077
1758544335.5385647,target,5,-0.42054684448242186,-3.24261767578125,3.1138699455903955
1758544335.558918,herder,1,-4.4562294921875,-3.667547119140625,0.5537111713333385
1758544335.558918,herder,2,3.489462158203125,-2.66487255859375,-1.8849906127222105
1758544335.558918,target,1,0.38393267822265625,3.108012451171875,-2.244509769873801
1758544335.558918,target,2,2.320378662109375,1.4454088134765626,0.6161099344907629
1758544335.558918,target,3,2.84200244140625,-2.52323095703125,1.6469423607888236
1758544335.558918,target,4,-2.132288818359375,1.3452598876953126,-1.5558113851312931
1758544335.558918,target,5,-0.42052587890625,-3.2426201171875,3.11345795456976
1758544335.578892,herder,1,-4.45168310546875,-3.664600830078125,0.5663130831640253
1758544335.578892,herder,2,3.4883818359375,-2.66911572265625,-1.8949658820592659
1758544335.578892,target,1,0.38394091796875,3.107987060546875,-2.2441624936676545
1758544335.578892,target,2,2.320342529296875,1.4453382568359374,0.6141115649877947
1758544335.578892,target,3,2.84206884765625,-2.523284912109375,1.6466597993971663
1758544335.578892,target,4,-2.132565673828125,1.3453343505859374,-1.5563304352277496
1758544335.578892,target,5,-0.420536865234375,-3.242647705078125,3.1135434420407515
1758544335.5988922,herder,1,-4.4484462890625,-3.66298828125,0.5780218040546131
1758544335.5988922,herder,2,3.48730419921875,-2.673228271484375,-1.9041617773033093
1758544335.5988922,target,1,0.3839306945800781,3.108035400390625,-2.2449025861345877
1758544335.5988922,target,2,2.320314453125,1.445349853515625,0.6147127070248528
1758544335.5988922,target,3,2.84200439453125,-2.52330615234375,1.647527190964205
1758544335.5988922,target,4,-2.132654541015625,1.345373291015625,-1.557690245280344
1758544335.5988922,target,5,-0.4205286865234375,-3.2426328125,3.1132366458831746
1758544335.6190724,herder,1,-4.44509375,-3.6604912109375,0.5898385161274037
1758544335.6190724,herder,2,3.486154541015625,-2.677790771484375,-1.9143889816794861
1758544335.6190724,target,1,0.3839591064453125,3.10800390625,-2.2443659591749365
1758544335.6190724,target,2,2.320333251953125,1.44538427734375,0.6146521866890807
1758544335.6190724,target,3,2.841988037109375,-2.523326904296875,1.6467889627100352
1758544335.6190724,target,4,-2.13238525390625,1.3453035888671876,-1.5581798674467553
1758544335.6190724,target,5,-0.42053536987304685,-3.242622314453125,3.1135402462474437
1758544335.638599,herder,1,-4.440751953125,-3.6579345703125,0.6001846306462526
1758544335.638599,herder,2,3.484801513671875,-2.68268505859375,-1.9246361597638386
1758544335.638599,target,1,0.38394094848632815,3.10802734375,-2.244248247454755
1758544335.638599,target,2,2.320319091796875,1.4453724365234375,0.6146953964777673
1758544335.638599,target,3,2.841976318359375,-2.523211181640625,1.6484908558046503
1758544335.638599,target,4,-2.132407470703125,1.3454083251953124,-1.5580058298695185
1758544335.638599,target,5,-0.42053515625,-3.24264111328125,3.1137551633474128
1758544335.6585631,herder,1,-4.43659228515625,-3.654982666015625,0.6110055202084352
1758544335.6585631,herder,2,3.484104248046875,-2.685798095703125,-1.9341750701562843
1758544335.6585631,target,1,0.3839233703613281,3.108025146484375,-2.2446330742322718
1758544335.6585631,target,2,2.32034765625,1.4453592529296875,0.6147486596995689
1758544335.6585631,target,3,2.84203857421875,-2.523132080078125,1.6488450562296308
1758544335.6585631,target,4,-2.132487548828125,1.345559814453125,-1.5602554020423085
1758544335.6585631,target,5,-0.42055099487304687,-3.242627685546875,3.11389018561468
1758544335.678514,herder,1,-4.432798828125,-3.65260205078125,0.6208635438784998
1758544335.678514,herder,2,3.482643310546875,-2.689801025390625,-1.9432121078413047
1758544335.678514,target,1,0.38393612670898436,3.107993896484375,-2.2447278827670782
1758544335.678514,target,2,2.320365966796875,1.44539990234375,0.6159531408815845
1758544335.678514,target,3,2.841936767578125,-2.523005615234375,1.6466286404124124
1758544335.678514,target,4,-2.13256982421875,1.3454720458984375,-1.5585035746772544
1758544335.678514,target,5,-0.4205208740234375,-3.242606201171875,3.1133562218161193
1758544335.698602,herder,1,-4.4294248046875,-3.65010693359375,0.6304878751629099
1758544335.698602,herder,2,3.480940673828125,-2.694552978515625,-1.9534049574394194
1758544335.698602,target,1,0.3839479675292969,3.107998779296875,-2.2444557077036724
1758544335.698602,target,2,2.320335205078125,1.445333251953125,0.6139865295746154
1758544335.698602,target,3,2.842012451171875,-2.523237060546875,1.6456308871100143
1758544335.698602,target,4,-2.1323916015625,1.3453543701171875,-1.555449594697206
1758544335.698602,target,5,-0.4205209350585937,-3.24263134765625,3.113684323262417
1758544335.71857,herder,1,-4.4255654296875,-3.64781591796875,0.6407092871637158
1758544335.71857,herder,2,3.47955859375,-2.69952197265625,-1.9647789189809843
1758544335.71857,target,1,0.3839713134765625,3.107997802734375,-2.244279672755618
1758544335.71857,target,2,2.320338134765625,1.4453414306640624,0.614894268032169
1758544335.71857,target,3,2.841990478515625,-2.5231689453125,1.6471705936942436
1758544335.71857,target,4,-2.132540771484375,1.3452703857421875,-1.5543162864953228
1758544335.71857,target,5,-0.4205462341308594,-3.242640380859375,3.1134840535484427
1758544335.738565,herder,1,-4.42209326171875,-3.645043701171875,0.650867648825714
1758544335.738565,herder,2,3.47827001953125,-2.70309326171875,-1.9768000286674385
1758544335.738565,target,1,0.38397247314453126,3.108017578125,-2.2447619712290314
1758544335.738565,target,2,2.320321533203125,1.4453692626953125,0.6148840814409994
1758544335.738565,target,3,2.842045654296875,-2.523265869140625,1.647390570800284
1758544335.738565,target,4,-2.132497314453125,1.3453797607421876,-1.5571731925547052
1758544335.738565,target,5,-0.42050521850585937,-3.242616455078125,3.112855281215075
1758544335.7585776,herder,1,-4.4183291015625,-3.6423623046875,0.6613061750343886
1758544335.7585776,herder,2,3.477836669921875,-2.706353759765625,-1.987249074362419
1758544335.7585776,target,1,0.38392919921875,3.108029296875,-2.244715898542173
1758544335.7585776,target,2,2.320369140625,1.4453951416015625,0.6148363442784598
1758544335.7585776,target,3,2.841983642578125,-2.523103759765625,1.6465332992453876
1758544335.7585776,target,4,-2.132591064453125,1.34536865234375,-1.556660001412647
1758544335.7585776,target,5,-0.42051934814453124,-3.24260498046875,3.1134177408373
1758544335.7785392,herder,1,-4.414576171875,-3.63919287109375,0.6700782947699734
1758544335.7785392,herder,2,3.476325439453125,-2.710304931640625,-1.9991167859700847
1758544335.7785392,target,1,0.38395318603515627,3.108018310546875,-2.244581408907124
1758544335.7785392,target,2,2.320341552734375,1.445372314453125,0.6159209166323946
1758544335.7785392,target,3,2.841971923828125,-2.52318505859375,1.6476795237785575
1758544335.7785392,target,4,-2.13270458984375,1.34537841796875,-1.564173977270251
1758544335.7785392,target,5,-0.42056591796875,-3.242632080078125,3.1142699523861253
1758544335.7986786,herder,1,-4.41141064453125,-3.636474365234375,0.6790165957575791
1758544335.7986786,herder,2,3.474608154296875,-2.715297607421875,-2.00942614886589
1758544335.7986786,target,1,0.38395355224609373,3.108027099609375,-2.245145732742112
1758544335.7986786,target,2,2.320330078125,1.445371337890625,0.6159820361794118
1758544335.7986786,target,3,2.84213916015625,-2.52334716796875,1.6477202701432359
1758544335.7986786,target,4,-2.132513427734375,1.3453748779296875,-1.564824188050394
1758544335.7986786,target,5,-0.4205527038574219,-3.2426591796875,3.1137695444172993
1758544335.8185773,herder,1,-4.4079951171875,-3.633870361328125,0.6890744230884268
1758544335.8185773,herder,2,3.4721875,-2.720615478515625,-2.0206461796964486
1758544335.8185773,target,1,0.3839622802734375,3.108017578125,-2.2447364048825666
1758544335.8185773,target,2,2.320361328125,1.4454102783203124,0.6153483369980275
1758544335.8185773,target,3,2.8421728515625,-2.523505615234375,1.648345447209132
1758544335.8185773,target,4,-2.1328505859375,1.3452647705078125,-1.550893858178462
1758544335.8185773,target,5,-0.4205218811035156,-3.242639892578125,3.113276593299526
1758544335.8386369,herder,1,-4.4039033203125,-3.630809326171875,0.6986833080385145
1758544335.8386369,herder,2,3.4707490234375,-2.72373193359375,-2.031841443128869
1758544335.8386369,target,1,0.383953857421875,3.10803759765625,-2.2441648905126357
1758544335.8386369,target,2,2.3203427734375,1.4454119873046876,0.6144221561499251
1758544335.8386369,target,3,2.842165283203125,-2.52329248046875,1.648179798589329
1758544335.8386369,target,4,-2.132734130859375,1.3452828369140626,-1.5525832344159536
1758544335.8386369,target,5,-0.42053851318359375,-3.24262158203125,3.113881130866974
1758544335.8587239,herder,1,-4.39987548828125,-3.627677734375,0.7076527014318469
1758544335.8587239,herder,2,3.469884521484375,-2.726962646484375,-2.042859206874636
1758544335.8587239,target,1,0.38395089721679687,3.108015625,-2.244312962269244
1758544335.8587239,target,2,2.3203642578125,1.4454114990234375,0.6143258162974915
1758544335.8587239,target,3,2.84217138671875,-2.522918212890625,1.6393618059039676
1758544335.8587239,target,4,-2.1326494140625,1.3455406494140625,-1.558437128808057
1758544335.8587239,target,5,-0.42054278564453124,-3.24261669921875,3.113663816922023
1758544335.8785858,herder,1,-4.39666259765625,-3.624597900390625,0.716510774691614
1758544335.8785858,herder,2,3.467733642578125,-2.731360595703125,-2.0550600799346705
1758544335.8785858,target,1,0.38393460083007813,3.10800048828125,-2.2446972564145424
1758544335.8785858,target,2,2.320351806640625,1.4454044189453126,0.6155784341162103
1758544335.8785858,target,3,2.842242431640625,-2.523165283203125,1.6410445242387341
1758544335.8785858,target,4,-2.13230810546875,1.345344970703125,-1.5567682589109586
1758544335.8785858,target,5,-0.42050152587890627,-3.24266455078125,3.11287552123936
1758544335.8985844,herder,1,-4.39330517578125,-3.62133154296875,0.724991810920053
1758544335.8985844,herder,2,3.465774169921875,-2.736068359375,-2.0669078178341604
1758544335.8985844,target,1,0.3839598388671875,3.108012451171875,-2.245421902547153
1758544335.8985844,target,2,2.3203017578125,1.445361328125,0.6152164439450413
1758544335.8985844,target,3,2.841997314453125,-2.522911376953125,1.6448011792724
1758544335.8985844,target,4,-2.132625244140625,1.3452449951171874,-1.5588463235095475
1758544335.8985844,target,5,-0.4205508728027344,-3.242635498046875,3.114127206951697
1758544335.9185755,herder,1,-4.3901123046875,-3.6182109375,0.7318558423136232
1758544335.9185755,herder,2,3.464448974609375,-2.7396015625,-2.0793021695473892
1758544335.9185755,target,1,0.38398980712890624,3.108005859375,-2.245147330638766
1758544335.9185755,target,2,2.32034521484375,1.4453890380859375,0.61528794982031
1758544335.9185755,target,3,2.841951416015625,-2.522880126953125,1.6428930243513582
1758544335.9185755,target,4,-2.13256640625,1.3453468017578125,-1.559531288541916
1758544335.9185755,target,5,-0.42054080200195315,-3.24265087890625,3.113512283055998
1758544335.9389303,herder,1,-4.38712646484375,-3.614873779296875,0.7400271529072862
1758544335.9389303,herder,2,3.463128173828125,-2.74315966796875,-2.092079616983426
1758544335.9389303,target,1,0.3839621276855469,3.107984375,-2.2448597092410374
1758544335.9389303,target,2,2.3203583984375,1.44537451171875,0.6157914204243894
1758544335.9389303,target,3,2.842019287109375,-2.523040283203125,1.6456154407756918
1758544335.9389303,target,4,-2.13238623046875,1.3453369140625,-1.5593920052169048
1758544335.9389303,target,5,-0.4205479736328125,-3.242647216796875,3.113719743304915
1758544335.9587204,herder,1,-4.38329150390625,-3.61231689453125,0.7481746947882201
1758544335.9587204,herder,2,3.461168701171875,-2.747423828125,-2.1049758414040802
1758544335.9587204,target,1,0.38397381591796875,3.1080205078125,-2.244688734299054
1758544335.9587204,target,2,2.320337158203125,1.4453831787109375,0.6160329025562323
1758544335.9587204,target,3,2.842034423828125,-2.5230849609375,1.6437389774716218
1758544335.9587204,target,4,-2.132416015625,1.3453165283203126,-1.5602099951457227
1758544335.9587204,target,5,-0.42054324340820315,-3.242630126953125,3.113825470800191
1758544335.9785595,herder,1,-4.3792783203125,-3.6086884765625,0.7581111485523874
1758544335.9785595,herder,2,3.45984130859375,-2.75054248046875,-2.116672977543926
1758544335.9785595,target,1,0.3840045166015625,3.107992431640625,-2.2449704967423845
1758544335.9785595,target,2,2.320388916015625,1.4454212646484375,0.6164466912106034
1758544335.9785595,target,3,2.841949951171875,-2.52296923828125,1.6431316435850294
1758544335.9785595,target,4,-2.132530517578125,1.345252685546875,-1.5550892690017182
1758544335.9785595,target,5,-0.42051345825195313,-3.24263818359375,3.1134465029770726
1758544335.9990008,herder,1,-4.37508251953125,-3.605464599609375,0.7666530380117348
1758544335.9990008,herder,2,3.458250244140625,-2.753857421875,-2.128187420832993
1758544335.9990008,target,1,0.383970458984375,3.108014892578125,-2.2441262746768293
1758544335.9990008,target,2,2.320351318359375,1.4453795166015626,0.6163761174417163
1758544335.9990008,target,3,2.842090576171875,-2.523117919921875,1.6437323195688966
1758544335.9990008,target,4,-2.13251513671875,1.345318603515625,-1.5573146064085885
1758544335.9990008,target,5,-0.42051498413085936,-3.24265869140625,3.1129293170933794
1758544336.0185668,herder,1,-4.37214697265625,-3.602506103515625,0.7740697419105237
1758544336.0185668,herder,2,3.4561318359375,-2.75766943359375,-2.139621969289357
1758544336.0185668,target,1,0.383953369140625,3.108028076171875,-2.244920961946109
1758544336.0185668,target,2,2.32034375,1.445344482421875,0.615474770570779
1758544336.0185668,target,3,2.84209521484375,-2.523083984375,1.6431570767734396
1758544336.0185668,target,4,-2.132566162109375,1.34544287109375,-1.5576866500128725
1758544336.0185668,target,5,-0.4204812927246094,-3.24269091796875,3.1121354287724268
1758544336.038979,herder,1,-4.3692568359375,-3.599346435546875,0.7814538220859591
1758544336.038979,herder,2,3.4538837890625,-2.761894775390625,-2.151182218949173
1758544336.038979,target,1,0.3839356689453125,3.10801904296875,-2.2446245521167834
1758544336.038979,target,2,2.32034619140625,1.4453753662109374,0.61548056294615
1758544336.038979,target,3,2.841918212890625,-2.522888427734375,1.6447368639320745
1758544336.038979,target,4,-2.132649658203125,1.34541943359375,-1.5519946758150462
1758544336.038979,target,5,-0.42049948120117187,-3.24265771484375,3.112757010570851
1758544336.058676,herder,1,-4.36587353515625,-3.59555126953125,0.7887287792357286
1758544336.058676,herder,2,3.452043212890625,-2.765507080078125,-2.163313184030593
1758544336.058676,target,1,0.3839190673828125,3.1080126953125,-2.2448977924446254
1758544336.058676,target,2,2.32032666015625,1.4453345947265626,0.6156341607620203
1758544336.058676,target,3,2.842017578125,-2.522996826171875,1.6446805380750193
1758544336.058676,target,4,-2.132506591796875,1.345472900390625,-1.5565480154888092
1758544336.058676,target,5,-0.4205096130371094,-3.24265380859375,3.113220666916634
1758544336.0785778,herder,1,-4.36203271484375,-3.591606201171875,0.7949129721820289
1758544336.0785778,herder,2,3.449938232421875,-2.76892626953125,-2.1761524168039195
1758544336.0785778,target,1,0.38395761108398435,3.1080283203125,-2.244950523034209
1758544336.0785778,target,2,2.32039794921875,1.4453857421875,0.6166881067634191
1758544336.0785778,target,3,2.841914306640625,-2.522947998046875,1.6432002199830988
1758544336.0785778,target,4,-2.13257666015625,1.3453519287109375,-1.5522322297842812
1758544336.0785778,target,5,-0.4205238952636719,-3.242656982421875,3.113080584643296
1758544336.099133,herder,1,-4.3589599609375,-3.588559326171875,0.8020454502134791
1758544336.099133,herder,2,3.4479150390625,-2.773181396484375,-2.1883590156602977
1758544336.099133,target,1,0.3839444580078125,3.1080107421875,-2.2445230856792513
1758544336.099133,target,2,2.320345947265625,1.4453798828125,0.6159842332873111
1758544336.099133,target,3,2.841890380859375,-2.522862060546875,1.6435506919825533
1758544336.099133,target,4,-2.132641357421875,1.3452802734375,-1.5516001284995509
1758544336.099133,target,5,-0.42053466796875,-3.242633056640625,3.113153555257164
1758544336.1185784,herder,1,-4.35582275390625,-3.585405029296875,0.810410439197418
1758544336.1185784,herder,2,3.445849365234375,-2.77672216796875,-2.200677467282459
1758544336.1185784,target,1,0.3839410705566406,3.10802197265625,-2.2442498453514093
1758544336.1185784,target,2,2.32035400390625,1.4453797607421874,0.6150948706412792
1758544336.1185784,target,3,2.841862548828125,-2.5225625,1.639659946788002
1758544336.1185784,target,4,-2.132711181640625,1.3453846435546875,-1.5538971049397443
1758544336.1185784,target,5,-0.4205279541015625,-3.242626220703125,3.1132755280350897
1758544336.138519,herder,1,-4.3518515625,-3.581130859375,0.817553703031283
1758544336.138519,herder,2,3.443651611328125,-2.780382568359375,-2.213187533345052
1758544336.138519,target,1,0.38394036865234377,3.107991455078125,-2.2444791435212648
1758544336.138519,target,2,2.3203427734375,1.4453690185546875,0.6157395553621601
1758544336.138519,target,3,2.841905029296875,-2.523022705078125,1.6455348801527168
1758544336.138519,target,4,-2.132748779296875,1.345239990234375,-1.547573162615242
1758544336.138519,target,5,-0.4205560913085937,-3.242625732421875,3.1137793981133326
1758544336.158669,herder,1,-4.34850439453125,-3.57746728515625,0.8238317724060086
1758544336.158669,herder,2,3.441705322265625,-2.783644775390625,-2.2264900229899975
1758544336.158669,target,1,0.3839683532714844,3.108031005859375,-2.244579278378252
1758544336.158669,target,2,2.320355224609375,1.445423095703125,0.6156571971054494
1758544336.158669,target,3,2.842010986328125,-2.52298583984375,1.643927928750963
1758544336.158669,target,4,-2.132641357421875,1.3453175048828125,-1.5509756172239273
1758544336.158669,target,5,-0.4204390869140625,-3.2426611328125,3.1113868141900056
1758544336.1789086,herder,1,-4.34534521484375,-3.573941162109375,0.8306082523787425
1758544336.1789086,herder,2,3.4395341796875,-2.787068115234375,-2.2402886595460254
1758544336.1789086,target,1,0.3839557189941406,3.1079814453125,-2.2446658311136796
1758544336.1789086,target,2,2.32035986328125,1.4453902587890626,0.6157509403758202
1758544336.1789086,target,3,2.842015869140625,-2.523001953125,1.642606335060011
1758544336.1789086,target,4,-2.132735107421875,1.3454461669921876,-1.5549802125550796
1758544336.1789086,target,5,-0.4205195007324219,-3.2426494140625,3.1132246616582693
1758544336.1988676,herder,1,-4.34215234375,-3.570651123046875,0.8387235034314592
1758544336.1988676,herder,2,3.437921142578125,-2.790551025390625,-2.2530366790520167
1758544336.1988676,target,1,0.3839180603027344,3.10801806640625,-2.2442269421660344
1758544336.1988676,target,2,2.32033740234375,1.4453984375,0.6156593942133487
1758544336.1988676,target,3,2.842040283203125,-2.5230498046875,1.6456113128760022
1758544336.1988676,target,4,-2.132732421875,1.34533935546875,-1.5524398231912528
1758544336.1988676,target,5,-0.4205492553710938,-3.24266162109375,3.1142449186718784
1758544336.2187068,herder,1,-4.33876904296875,-3.566853759765625,0.8462766943361146
1758544336.2187068,herder,2,3.43542626953125,-2.79377783203125,-2.2663050802350093
1758544336.2187068,target,1,0.38396051025390626,3.10799853515625,-2.245223497045942
1758544336.2187068,target,2,2.32032080078125,1.4453616943359375,0.61438327399801
1758544336.2187068,target,3,2.841958251953125,-2.523048828125,1.64408039472337
1758544336.2187068,target,4,-2.132549072265625,1.3452596435546875,-1.5551232243056168
1758544336.2187068,target,5,-0.4205321044921875,-3.242605712890625,3.1141152227267916
1758544336.2386286,herder,1,-4.33545458984375,-3.56316357421875,0.852817085078213
1758544336.2386286,herder,2,3.433009765625,-2.79754833984375,-2.280012370365647
1758544336.2386286,target,1,0.383960693359375,3.1080205078125,-2.244878351368668
1758544336.2386286,target,2,2.320321533203125,1.445359619140625,0.6153509335800903
1758544336.2386286,target,3,2.8419462890625,-2.523045166015625,1.6446284732757084
1758544336.2386286,target,4,-2.13236474609375,1.3453604736328124,-1.5580726752128795
1758544336.2386286,target,5,-0.42053292846679685,-3.242621826171875,3.1143604998631877
1758544336.25872,herder,1,-4.33230908203125,-3.559118408203125,0.8592923615316589
1758544336.25872,herder,2,3.4310517578125,-2.80070947265625,-2.2934922265391924
1758544336.25872,target,1,0.38395797729492187,3.108034912109375,-2.2447606396484865
1758544336.25872,target,2,2.320325439453125,1.445364501953125,0.6149469986217525
1758544336.25872,target,3,2.8419697265625,-2.523072021484375,1.6449540447189706
1758544336.25872,target,4,-2.132314208984375,1.3453389892578125,-1.5574914403049698
1758544336.25872,target,5,-0.4205399780273438,-3.2426337890625,3.1139807330917426
1758544336.2786248,herder,1,-4.3288056640625,-3.55510888671875,0.8654180315130047
1758544336.2786248,herder,2,3.428879150390625,-2.8037255859375,-2.3081220356714334
1758544336.2786248,target,1,0.3839637145996094,3.10802001953125,-2.24458513733265
1758544336.2786248,target,2,2.32034228515625,1.445370361328125,0.6152667111106166
1758544336.2786248,target,3,2.8419912109375,-2.522989990234375,1.6445598968776387
1758544336.2786248,target,4,-2.132203369140625,1.345381103515625,-1.5607743189807104
1758544336.2786248,target,5,-0.42054913330078125,-3.242615478515625,3.114057698447246
1758544336.2987275,herder,1,-4.32597802734375,-3.55099755859375,0.8720309268157804
1758544336.2987275,herder,2,3.426620361328125,-2.806751220703125,-2.3211206586360014
1758544336.2987275,target,1,0.383941162109375,3.108026611328125,-2.2450213631192053
1758544336.2987275,target,2,2.320345458984375,1.4454171142578125,0.6153113856379027
1758544336.2987275,target,3,2.841896240234375,-2.522826416015625,1.6424201800998146
1758544336.2987275,target,4,-2.1322587890625,1.3454642333984375,-1.5597300935172904
1758544336.2987275,target,5,-0.4205420227050781,-3.2425986328125,3.1145104358325595
1758544336.3186,herder,1,-4.322431640625,-3.54701025390625,0.8773168355263969
1758544336.3186,herder,2,3.423974609375,-2.81008984375,-2.333943779284733
1758544336.3186,target,1,0.3839613952636719,3.10800146484375,-2.244678081654694
1758544336.3186,target,2,2.3203359375,1.4453721923828124,0.6159085329333256
1758544336.3186,target,3,2.841936767578125,-2.522865234375,1.6430149971292838
1758544336.3186,target,4,-2.132115478515625,1.345409912109375,-1.5602526057231638
1758544336.3186,target,5,-0.42053338623046876,-3.242628173828125,3.113826269748518
1758544336.338756,herder,1,-4.31927783203125,-3.5432451171875,0.8840430483335556
1758544336.338756,herder,2,3.421160888671875,-2.8136318359375,-2.3472760963338875
1758544336.338756,target,1,0.3839734191894531,3.108005859375,-2.24535292667492
1758544336.338756,target,2,2.320352783203125,1.44539306640625,0.6152582555741556
1758544336.338756,target,3,2.84196142578125,-2.522933349609375,1.6436127436359522
1758544336.338756,target,4,-2.132468505859375,1.345263427734375,-1.554023605091523
1758544336.338756,target,5,-0.4204990234375,-3.242623779296875,3.1126531472883383
1758544336.3586981,herder,1,-4.31632568359375,-3.53990869140625,0.8918965772301447
1758544336.3586981,herder,2,3.419505615234375,-2.816110595703125,-2.3607066840272664
1758544336.3586981,target,1,0.38395535278320314,3.10802880859375,-2.2447611722807044
1758544336.3586981,target,2,2.32035302734375,1.44539990234375,0.6148376758590048
1758544336.3586981,target,3,2.841969970703125,-2.523018310546875,1.6447445870992359
1758544336.3586981,target,4,-2.132594482421875,1.34528955078125,-1.5552758234360784
1758544336.3586981,target,5,-0.42050372314453127,-3.242624267578125,3.1128390359324256
1758544336.3787477,herder,1,-4.3127236328125,-3.53568212890625,0.8981662576474365
1758544336.3787477,herder,2,3.417357421875,-2.819123291015625,-2.373949252547685
1758544336.3787477,target,1,0.38396926879882814,3.107970947265625,-2.245009911526518
1758544336.3787477,target,2,2.320346435546875,1.445395263671875,0.6153597220116875
1758544336.3787477,target,3,2.8420048828125,-2.522882568359375,1.644129796361591
1758544336.3787477,target,4,-2.1323642578125,1.3452838134765626,-1.5577878501342954
1758544336.3787477,target,5,-0.4205172424316406,-3.24263916015625,3.1129623402908964
1758544336.3990014,herder,1,-4.3100693359375,-3.53234033203125,0.9035774680873413
1758544336.3990014,herder,2,3.4144970703125,-2.8223564453125,-2.3881071495347643
1758544336.3990014,target,1,0.3839389343261719,3.10800927734375,-2.2448338765784634
1758544336.3990014,target,2,2.320328125,1.445366943359375,0.6153427443597383
1758544336.3990014,target,3,2.84198388671875,-2.52300439453125,1.6435689346360203
1758544336.3990014,target,4,-2.132573974609375,1.3453924560546875,-1.5577007647666499
1758544336.3990014,target,5,-0.4205247802734375,-3.24262158203125,3.1136422453171937
1758544336.4187908,herder,1,-4.30704052734375,-3.527505126953125,0.9091602526804744
1758544336.4187908,herder,2,3.412014404296875,-2.8253330078125,-2.402146535853335
1758544336.4187908,target,1,0.383935791015625,3.10803125,-2.2445265477886682
1758544336.4187908,target,2,2.32036474609375,1.4454110107421876,0.6152092534100981
1758544336.4187908,target,3,2.84198583984375,-2.523047607421875,1.643165865205037
1758544336.4187908,target,4,-2.1325625,1.3454149169921874,-1.557883857091593
1758544336.4187908,target,5,-0.42053033447265625,-3.24264306640625,3.113489379870623
1758544336.4386141,herder,1,-4.303427734375,-3.52290869140625,0.9138782422886316
1758544336.4386141,herder,2,3.409737060546875,-2.828134033203125,-2.416156627399915
1758544336.4386141,target,1,0.38395166015625,3.10800830078125,-2.2447276164509695
1758544336.4386141,target,2,2.3203974609375,1.4454556884765626,0.6156556657878226
1758544336.4386141,target,3,2.84203271484375,-2.523049560546875,1.6409574388710886
1758544336.4386141,target,4,-2.1325322265625,1.345373291015625,-1.5587897313363834
1758544336.4386141,target,5,-0.4205170593261719,-3.242630615234375,3.1132022911051123
1758544336.4586687,herder,1,-4.30121435546875,-3.519027099609375,0.9199038439920175
1758544336.4586687,herder,2,3.40684326171875,-2.831281982421875,-2.4299187786490086
1758544336.4586687,target,1,0.38395559692382814,3.1080185546875,-2.2447899344204774
1758544336.4586687,target,2,2.32035888671875,1.445400390625,0.6155100574552226
1758544336.4586687,target,3,2.841955810546875,-2.5228916015625,1.6420305596323361
1758544336.4586687,target,4,-2.1324951171875,1.3454071044921876,-1.5576790600037658
1758544336.4586687,target,5,-0.42054788208007815,-3.242642333984375,3.114302176635315
1758544336.4786887,herder,1,-4.29786572265625,-3.51481689453125,0.9249986708944209
1758544336.4786887,herder,2,3.404320068359375,-2.834082275390625,-2.443526999187095
1758544336.4786887,target,1,0.3839306640625,3.108020263671875,-2.244569957314437
1758544336.4786887,target,2,2.3203017578125,1.445366943359375,0.6147706973575893
1758544336.4786887,target,3,2.84186669921875,-2.52283447265625,1.6444608272850878
1758544336.4786887,target,4,-2.132540771484375,1.3454310302734376,-1.5597125166540957
1758544336.4786887,target,5,-0.4205332336425781,-3.2426298828125,3.1134409103387837
1758544336.4990857,herder,1,-4.29438720703125,-3.510633544921875,0.9307527633246734
1758544336.4990857,herder,2,3.402382568359375,-2.83630126953125,-2.458827924914037
1758544336.4990857,target,1,0.3839415588378906,3.107984619140625,-2.2449941988760864
1758544336.4990857,target,2,2.320383056640625,1.4454083251953125,0.6160682560197032
1758544336.4990857,target,3,2.841991455078125,-2.52306494140625,1.6446665564792964
1758544336.4990857,target,4,-2.132813232421875,1.345424072265625,-1.5531737903876788
1758544336.4990857,target,5,-0.42051373291015626,-3.242657958984375,3.1130686004183903
1758544336.5186021,herder,1,-4.29164453125,-3.50614404296875,0.9373444864967829
1758544336.5186021,herder,2,3.399304443359375,-2.83912548828125,-2.4722696978839935
1758544336.5186021,target,1,0.3839490966796875,3.10802392578125,-2.244685005873528
1758544336.5186021,target,2,2.3203251953125,1.4453697509765624,0.6156846276646772
1758544336.5186021,target,3,2.842020263671875,-2.523026611328125,1.64548707641115
1758544336.5186021,target,4,-2.1325439453125,1.345371337890625,-1.5554505268035874
1758544336.5186021,target,5,-0.42049923706054687,-3.242649169921875,3.113057415141812
1758544336.5388641,herder,1,-4.28804541015625,-3.501473388671875,0.9424654123778691
1758544336.5388641,herder,2,3.39568798828125,-2.8422451171875,-2.4863495642511335
1758544336.5388641,target,1,0.3839556579589844,3.107991455078125,-2.2447955270587663
1758544336.5388641,target,2,2.32036181640625,1.4453704833984375,0.6161249813509219
1758544336.5388641,target,3,2.841937744140625,-2.522928955078125,1.6442075606654214
1758544336.5388641,target,4,-2.132568603515625,1.3452698974609374,-1.5553316166609155
1758544336.5388641,target,5,-0.42045773315429685,-3.242705078125,3.1118914832165756
1758544336.5586653,herder,1,-4.28527197265625,-3.497095947265625,0.9471369964040316
1758544336.5586653,herder,2,3.39344384765625,-2.845050048828125,-2.500947681766403
1758544336.5586653,target,1,0.383970458984375,3.108020751953125,-2.245250394972952
1758544336.5586653,target,2,2.320358642578125,1.4453472900390625,0.6142740178142895
1758544336.5586653,target,3,2.842024169921875,-2.52296044921875,1.6434233928824475
1758544336.5586653,target,4,-2.132694091796875,1.3453212890625,-1.550894657126789
1758544336.5586653,target,5,-0.42051568603515627,-3.242656005859375,3.1130068150811008
1758544336.5789258,herder,1,-4.2827568359375,-3.493421630859375,0.9520523262489636
1758544336.5789258,herder,2,3.3910556640625,-2.847327880859375,-2.516859802963517
1758544336.5789258,target,1,0.3839603271484375,3.10800537109375,-2.2447955270587663
1758544336.5789258,target,2,2.32035546875,1.4453973388671875,0.6148266903195082
1758544336.5789258,target,3,2.84196240234375,-2.522937744140625,1.6431590741442572
1758544336.5789258,target,4,-2.132650634765625,1.34529052734375,-1.5520657822161512
1758544336.5789258,target,5,-0.42050967407226564,-3.242614990234375,3.1130888404426753
1758544336.5990999,herder,1,-4.27956103515625,-3.4887431640625,0.9569516771273551
1758544336.5990999,herder,2,3.38887841796875,-2.849822509765625,-2.5330004233821604
1758544336.5990999,target,1,0.38394320678710936,3.108025390625,-2.2450147052164797
1758544336.5990999,target,2,2.320327880859375,1.44538671875,0.6148451992890842
1758544336.5990999,target,3,2.841881103515625,-2.52295703125,1.6435789214901082
1758544336.5990999,target,4,-2.132826904296875,1.3451458740234374,-1.5570695955883012
1758544336.5990999,target,5,-0.4205032958984375,-3.24260498046875,3.112874722291033
1758544336.6189008,herder,1,-4.27626904296875,-3.483515380859375,0.9615863097933928
1758544336.6189008,herder,2,3.3852841796875,-2.852701416015625,-2.548987379405906
1758544336.6189008,target,1,0.3839224243164063,3.108022216796875,-2.244420021345065
1758544336.6189008,target,2,2.320367431640625,1.44539404296875,0.615726306135737
1758544336.6189008,target,3,2.84196875,-2.522936279296875,1.6425501423610105
1758544336.6189008,target,4,-2.13259765625,1.345247314453125,-1.5594741637365337
1758544336.6189008,target,5,-0.42049551391601564,-3.242640380859375,3.112886440199829
1758544336.6391973,herder,1,-4.27336474609375,-3.479706298828125,0.9672127702284031
1758544336.6391973,herder,2,3.382234130859375,-2.855216552734375,-2.5632520691526977
1758544336.6391973,target,1,0.3839454650878906,3.10801708984375,-2.244643460560523
1758544336.6391973,target,2,2.320342529296875,1.4454111328125,0.6149256933330319
1758544336.6391973,target,3,2.841888916015625,-2.522811767578125,1.6437356485202592
1758544336.6391973,target,4,-2.132486083984375,1.34537646484375,-1.5613046875117997
1758544336.6391973,target,5,-0.4205295104980469,-3.242636474609375,3.1137775339005698
1758544336.6587002,herder,1,-4.27130126953125,-3.476353271484375,0.9726707857244661
1758544336.6587002,herder,2,3.38001806640625,-2.857304931640625,-2.578091735378837
1758544336.6587002,target,1,0.3839891052246094,3.1080224609375,-2.2453300234895455
1758544336.6587002,target,2,2.320349365234375,1.4453829345703124,0.6141720853235667
1758544336.6587002,target,3,2.84190478515625,-2.522755126953125,1.6420898149665903
1758544336.6587002,target,4,-2.132375,1.3453701171875,-1.5614797903534723
1758544336.6587002,target,5,-0.42053573608398437,-3.24262841796875,3.1135069567338176
1758544336.6789513,herder,1,-4.26824951171875,-3.471573974609375,0.9758939430127617
1758544336.6789513,herder,2,3.377677001953125,-2.859583740234375,-2.593316228382493
1758544336.6789513,target,1,0.38396151733398437,3.108019287109375,-2.2448623724021273
1758544336.6789513,target,2,2.320345947265625,1.4453951416015625,0.6164967586390969
1758544336.6789513,target,3,2.841963134765625,-2.522953857421875,1.643456016605801
1758544336.6789513,target,4,-2.132512939453125,1.3453265380859376,-1.5532482257401465
1758544336.6789513,target,5,-0.4205099792480469,-3.242626953125,3.1132390427281558
1758544336.6990821,herder,1,-4.26487060546875,-3.465993408203125,0.9799436123453634
1758544336.6990821,herder,2,3.374818359375,-2.861921630859375,-2.6083886548879054
1758544336.6990821,target,1,0.3839246826171875,3.10800390625,-2.2443550402144674
1758544336.6990821,target,2,2.320301025390625,1.44536962890625,0.6143112354905234
1758544336.6990821,target,3,2.841933837890625,-2.522991943359375,1.6441341905773896
1758544336.6990821,target,4,-2.1323955078125,1.3454005126953126,-1.557368934894826
1758544336.6990821,target,5,-0.4205312805175781,-3.2426181640625,3.1135687420711076
1758544336.7187366,herder,1,-4.26204443359375,-3.4615478515625,0.9858104896477807
1758544336.7187366,herder,2,3.3716455078125,-2.864267822265625,-2.6237036953686244
1758544336.7187366,target,1,0.3839333801269531,3.10802197265625,-2.2447606396484865
1758544336.7187366,target,2,2.320353515625,1.4453961181640624,0.6149430038801175
1758544336.7187366,target,3,2.84196826171875,-2.522954833984375,1.6451215575515366
1758544336.7187366,target,4,-2.132648681640625,1.34548876953125,-1.557251622648808
1758544336.7187366,target,5,-0.42052163696289063,-3.242644775390625,3.11328884384054
1758544336.7385888,herder,1,-4.25974462890625,-3.458291015625,0.9902335341652116
1758544336.7385888,herder,2,3.36902099609375,-2.8663115234375,-2.6387018196796235
1758544336.7385888,target,1,0.3839504089355469,3.108013427734375,-2.2442943201416137
1758544336.7385888,target,2,2.320310791015625,1.445374267578125,0.6153849554630161
1758544336.7385888,target,3,2.84200341796875,-2.523026611328125,1.644729540239077
1758544336.7385888,target,4,-2.1324580078125,1.34545849609375,-1.5597789625232932
1758544336.7385888,target,5,-0.42048440551757815,-3.242576416015625,3.112121580334758
1758544336.7585797,herder,1,-4.2567119140625,-3.453321533203125,0.9942069705116098
1758544336.7585797,herder,2,3.366056396484375,-2.868440185546875,-2.653128695936801
1758544336.7585797,target,1,0.38396893310546876,3.108017333984375,-2.2448692966209616
1758544336.7585797,target,2,2.320365234375,1.445412353515625,0.6150386779422785
1758544336.7585797,target,3,2.84194384765625,-2.523005615234375,1.6441710753584873
1758544336.7585797,target,4,-2.1324111328125,1.3454783935546875,-1.5594683047821356
1758544336.7585797,target,5,-0.4205242004394531,-3.2426318359375,3.11355995363951
1758544336.7789721,herder,1,-4.2527548828125,-3.44773193359375,0.9987565817598467
1758544336.7789721,herder,2,3.363060791015625,-2.8703466796875,-2.6682075140288295
1758544336.7789721,target,1,0.38400112915039064,3.107986328125,-2.24532336558682
1758544336.7789721,target,2,2.320372802734375,1.44540478515625,0.614526485485629
1758544336.7789721,target,3,2.8419404296875,-2.52296923828125,1.6432818458705098
1758544336.7789721,target,4,-2.1322412109375,1.3453564453125,-1.5596897466267756
1758544336.7789721,target,5,-0.4204953918457031,-3.2427314453125,3.112726117902206
1758544336.7988925,herder,1,-4.250345703125,-3.443369140625,1.0043755187647776
1758544336.7988925,herder,2,3.359970947265625,-2.872308349609375,-2.682822409458966
1758544336.7988925,target,1,0.38395712280273436,3.10801708984375,-2.245006982049319
1758544336.7988925,target,2,2.320354248046875,1.4454222412109374,0.6145540492029113
1758544336.7988925,target,3,2.84193408203125,-2.522884033203125,1.6417470661342972
1758544336.7988925,target,4,-2.13257568359375,1.345463623046875,-1.55565785389445
1758544336.7988925,target,5,-0.4205478515625,-3.242625244140625,3.114307236641386
1758544336.8191454,herder,1,-4.24810791015625,-3.4395517578125,1.0082175946904077
1758544336.8191454,herder,2,3.356861328125,-2.87439599609375,-2.697679386232191
1758544336.8191454,target,1,0.3839689636230469,3.108015380859375,-2.2449965957210676
1758544336.8191454,target,2,2.320331787109375,1.4453863525390624,0.6155755712180385
1758544336.8191454,target,3,2.84200244140625,-2.523022705078125,1.6455615117636175
1758544336.8191454,target,4,-2.132645263671875,1.345311767578125,-1.5524093299967716
1758544336.8191454,target,5,-0.42053024291992186,-3.2426171875,3.113919214070562
1758544336.838767,herder,1,-4.2453720703125,-3.434032470703125,1.0114016035106792
1758544336.838767,herder,2,3.353533203125,-2.8766845703125,-2.7127502148409497
1758544336.838767,target,1,0.38393807983398437,3.1080068359375,-2.244320152804187
1758544336.838767,target,2,2.320353271484375,1.44537109375,0.6163940272000471
1758544336.838767,target,3,2.842055419921875,-2.5229990234375,1.6447997145338005
1758544336.838767,target,4,-2.13253759765625,1.3453572998046874,-1.5571361746155532
1758544336.838767,target,5,-0.42056625366210937,-3.242607177734375,3.114288328197647
1758544336.8587444,herder,1,-4.242072265625,-3.42890966796875,1.014733151455341
1758544336.8587444,herder,2,3.35124365234375,-2.8783359375,-2.7287110718860124
1758544336.8587444,target,1,0.3839560546875,3.10800439453125,-2.244920429313891
1758544336.8587444,target,2,2.320351806640625,1.4453941650390625,0.6161340360986282
1758544336.8587444,target,3,2.841980224609375,-2.522969970703125,1.6451939955331867
1758544336.8587444,target,4,-2.1324482421875,1.3453426513671876,-1.556441222729097
1758544336.8587444,target,5,-0.42055474853515623,-3.242623779296875,3.1144827389572227
1758544336.8788328,herder,1,-4.2400146484375,-3.4247705078125,1.0191327601551792
1758544336.8788328,herder,2,3.34810400390625,-2.8803505859375,-2.7445677993324535
1758544336.8788328,target,1,0.3839590148925781,3.108012451171875,-2.2446032468280626
1758544336.8788328,target,2,2.320368896484375,1.4453953857421875,0.6149388094014006
1758544336.8788328,target,3,2.84192138671875,-2.5228876953125,1.643176784165506
1758544336.8788328,target,4,-2.132619384765625,1.3451883544921874,-1.558763232883537
1758544336.8788328,target,5,-0.420548583984375,-3.242640380859375,3.1138033665631433
1758544336.8988843,herder,1,-4.23730224609375,-3.42071533203125,1.0234349637381477
1758544336.8988843,herder,2,3.344316650390625,-2.88264697265625,-2.759717723825587
1758544336.8988843,target,1,0.3839480590820312,3.10800927734375,-2.2444402613693497
1758544336.8988843,target,2,2.32032470703125,1.4453370361328124,0.6135859235676403
1758544336.8988843,target,3,2.84194677734375,-2.522878662109375,1.6432849085057635
1758544336.8988843,target,4,-2.132542724609375,1.34524365234375,-1.5587399302239988
1758544336.8988843,target,5,-0.4205274353027344,-3.242611083984375,3.1135825905087757
1758544336.9192595,herder,1,-4.234564453125,-3.41521142578125,1.0278921632965587
1758544336.9192595,herder,2,3.34105126953125,-2.884467041015625,-2.7739099755907284
1758544336.9192595,target,1,0.3839399719238281,3.108028564453125,-2.2446248184328925
1758544336.9192595,target,2,2.32035986328125,1.4453458251953124,0.6153355538247951
1758544336.9192595,target,3,2.841915771484375,-2.5229599609375,1.6433818475694422
1758544336.9192595,target,4,-2.13258935546875,1.3453382568359376,-1.5598307610064954
1758544336.9192595,target,5,-0.4205223693847656,-3.2426298828125,3.1139173498577986
1758544336.938779,herder,1,-4.2319072265625,-3.41015380859375,1.031539029514286
1758544336.938779,herder,2,3.338426513671875,-2.886146484375,-2.788451900406997
1758544336.938779,target,1,0.38397323608398437,3.10801611328125,-2.2446040457763896
1758544336.938779,target,2,2.320357666015625,1.44542919921875,0.6157299014032086
1758544336.938779,target,3,2.8419853515625,-2.522957275390625,1.6423775695223735
1758544336.938779,target,4,-2.132607177734375,1.3452421875,-1.5539893834715155
1758544336.938779,target,5,-0.42051470947265623,-3.242625244140625,3.1133128122903506
1758544336.9587138,herder,1,-4.22981494140625,-3.40585693359375,1.0360102106684201
1758544336.9587138,herder,2,3.335238037109375,-2.887947021484375,-2.8033237908823265
1758544336.9587138,target,1,0.3839667053222656,3.10801708984375,-2.244658640578736
1758544336.9587138,target,2,2.320345703125,1.4453428955078125,0.6155125208792309
1758544336.9587138,target,3,2.84218310546875,-2.523196044921875,1.642464921206128
1758544336.9587138,target,4,-2.132674072265625,1.345281982421875,-1.5591824144391155
1758544336.9587138,target,5,-0.4205309753417969,-3.2426201171875,3.1138427813472767
1758544336.978891,herder,1,-4.22710791015625,-3.401344970703125,1.0402011606968506
1758544336.978891,herder,2,3.331142333984375,-2.890030029296875,-2.817624433303834
1758544336.978891,target,1,0.38393679809570314,3.108018310546875,-2.2448349418428997
1758544336.978891,target,2,2.320335693359375,1.445313720703125,0.6147536531266128
1758544336.978891,target,3,2.8419736328125,-2.523039306640625,1.6432638695331518
1758544336.978891,target,4,-2.132521484375,1.345319580078125,-1.5589596410139304
1758544336.978891,target,5,-0.4205349426269531,-3.24261328125,3.113924806708851
1758544336.9990199,herder,1,-4.2239287109375,-3.395735107421875,1.0440854477257584
1758544336.9990199,herder,2,3.327970947265625,-2.891641357421875,-2.830592163599757
1758544336.9990199,target,1,0.38395965576171875,3.107990234375,-2.2453966025167973
1758544336.9990199,target,2,2.320298095703125,1.445345947265625,0.6145617723700726
1758544336.9990199,target,3,2.841990966796875,-2.522947265625,1.644044442048654
1758544336.9990199,target,4,-2.132781494140625,1.345342529296875,-1.5525865633673164
1758544336.9990199,target,5,-0.4205106201171875,-3.242635498046875,3.1134390461260204
1758544337.0187469,herder,1,-4.22090380859375,-3.391296142578125,1.0468442162989715
1758544337.0187469,herder,2,3.32436181640625,-2.893267822265625,-2.844355113797177
1758544337.0187469,target,1,0.3839629821777344,3.1080126953125,-2.2445571741412045
1758544337.0187469,target,2,2.320357177734375,1.4453389892578126,0.6138720802267693
1758544337.0187469,target,3,2.84198681640625,-2.522948974609375,1.6449443241809918
1758544337.0187469,target,4,-2.1327275390625,1.34525,-1.5548218876282742
1758544337.0187469,target,5,-0.42049517822265625,-3.24264697265625,3.1127322431727134
1758544337.0387363,herder,1,-4.218583984375,-3.386796142578125,1.050795548408322
1758544337.0387363,herder,2,3.320187744140625,-2.89519580078125,-2.858158544043167
1758544337.0387363,target,1,0.38394793701171875,3.1080205078125,-2.244231203223779
1758544337.0387363,target,2,2.32035888671875,1.445355224609375,0.6150107147508327
1758544337.0387363,target,3,2.84200537109375,-2.52306201171875,1.6456536571373344
1758544337.0387363,target,4,-2.132734375,1.3453533935546875,-1.5568197910780517
1758544337.0387363,target,5,-0.42050411987304687,-3.242626708984375,3.1130462298652337
1758544337.058705,herder,1,-4.21611474609375,-3.381589599609375,1.0532537126734924
1758544337.058705,herder,2,3.317154541015625,-2.89646142578125,-2.8725689087015858
1758544337.058705,target,1,0.3839513244628906,3.1080283203125,-2.244848523964459
1758544337.058705,target,2,2.3203447265625,1.4453729248046876,0.6149019911993302
1758544337.058705,target,3,2.842041259765625,-2.523146484375,1.6442919828719769
1758544337.058705,target,4,-2.1325185546875,1.34535546875,-1.5572706642506022
1758544337.058705,target,5,-0.4205211181640625,-3.242624755859375,3.11321640585889
1758544337.078635,herder,1,-4.213376953125,-3.3758701171875,1.0551473533665932
1758544337.078635,herder,2,3.31363037109375,-2.898040283203125,-2.886563820229952
1758544337.078635,target,1,0.38394708251953125,3.10800390625,-2.2449651704202043
1758544337.078635,target,2,2.320374755859375,1.445400634765625,0.6151101172385199
1758544337.078635,target,3,2.84199462890625,-2.52294482421875,1.6433132711713727
1758544337.078635,target,4,-2.132700927734375,1.3453709716796876,-1.5552348107552911
1758544337.078635,target,5,-0.42050881958007813,-3.242617919921875,3.1127642011057945
1758544337.0990546,herder,1,-4.210947265625,-3.371281982421875,1.058795418006811
1758544337.0990546,herder,2,3.309564453125,-2.899563720703125,-2.900638360274912
1758544337.0990546,target,1,0.3839837951660156,3.10800244140625,-2.2449981936177212
1758544337.0990546,target,2,2.32033447265625,1.44536181640625,0.6157805680429473
1758544337.0990546,target,3,2.841926513671875,-2.523018310546875,1.6453681662684778
1758544337.0990546,target,4,-2.1325888671875,1.3452647705078125,-1.5527400946041594
1758544337.0990546,target,5,-0.420507080078125,-3.24264453125,3.1132326511415394
1758544337.118678,herder,1,-4.2086435546875,-3.3666435546875,1.0620013313270484
1758544337.118678,herder,2,3.30562841796875,-2.900995361328125,-2.9143041050925445
1758544337.118678,target,1,0.3839398193359375,3.108001220703125,-2.244785939678842
1758544337.118678,target,2,2.32032421875,1.445324462890625,0.6158953502859298
1758544337.118678,target,3,2.8418837890625,-2.522959716796875,1.6436918395203275
1758544337.118678,target,4,-2.13248193359375,1.3452882080078126,-1.5529779148895035
1758544337.118678,target,5,-0.42053033447265625,-3.242622314453125,3.1137796644294418
1758544337.1385667,herder,1,-4.2057412109375,-3.361085693359375,1.066001266126293
1758544337.1385667,herder,2,3.3025478515625,-2.902404541015625,-2.9282915597698587
1758544337.1385667,target,1,0.3839617919921875,3.108032470703125,-2.243880731224324
1758544337.1385667,target,2,2.3203583984375,1.445375244140625,0.6149877449864307
1758544337.1385667,target,3,2.842035888671875,-2.522977294921875,1.643511010882311
1758544337.1385667,target,4,-2.132389404296875,1.3452803955078125,-1.5546519779507273
1758544337.1385667,target,5,-0.42051052856445315,-3.242640869140625,3.1129674002969674
1758544337.1587102,herder,1,-4.20280712890625,-3.35584521484375,1.0693334132822
1758544337.1587102,herder,2,3.2988046875,-2.903398193359375,-2.9429400110297306
1758544337.1587102,target,1,0.38397216796875,3.108022216796875,-2.2451662390825056
1758544337.1587102,target,2,2.320351318359375,1.4453902587890626,0.6145292818047736
1758544337.1587102,target,3,2.842050048828125,-2.522983154296875,1.6436999621616522
1758544337.1587102,target,4,-2.13255859375,1.3453155517578126,-1.5565742476255464
1758544337.1587102,target,5,-0.4205230712890625,-3.2426201171875,3.113658490599843
1758544337.1786928,herder,1,-4.2005,-3.351156982421875,1.0725696866388643
1758544337.1786928,herder,2,3.294701171875,-2.90479833984375,-2.956834255068892
1758544337.1786928,target,1,0.38394683837890625,3.108015625,-2.245158249599235
1758544337.1786928,target,2,2.32034326171875,1.44539306640625,0.6145863400311286
1758544337.1786928,target,3,2.842105712890625,-2.523111328125,1.6452093087094546
1758544337.1786928,target,4,-2.132526611328125,1.3453935546875,-1.5588785477587375
1758544337.1786928,target,5,-0.4205462341308594,-3.242594970703125,3.1140145552375866
1758544337.198748,herder,1,-4.19855517578125,-3.346953125,1.0747588716339367
1758544337.198748,herder,2,3.291059814453125,-2.906079833984375,-2.971367391453563
1758544337.198748,target,1,0.38394204711914065,3.1080009765625,-2.244216289521674
1758544337.198748,target,2,2.320333251953125,1.4454146728515624,0.61543961684439
1758544337.198748,target,3,2.84208984375,-2.52298193359375,1.6437167400765198
1758544337.198748,target,4,-2.13240625,1.3453714599609374,-1.557028050275296
1758544337.198748,target,5,-0.420564453125,-3.24264501953125,3.114422551516587
1758544337.218711,herder,1,-4.19607763671875,-3.341207275390625,1.0763858633228933
1758544337.218711,herder,2,3.287605224609375,-2.90733935546875,-2.9864888201230335
1758544337.218711,target,1,0.38397296142578125,3.108018798828125,-2.244725485922097
1758544337.218711,target,2,2.320339111328125,1.4454053955078126,0.6159114624105247
1758544337.218711,target,3,2.84221728515625,-2.523155517578125,1.6391792462112427
1758544337.218711,target,4,-2.132759765625,1.3452113037109374,-1.5585772110813951
1758544337.218711,target,5,-0.42052871704101563,-3.242618408203125,3.113713618034408
1758544337.2387824,herder,1,-4.19336865234375,-3.335904296875,1.0776750996066007
1758544337.2387824,herder,2,3.28334619140625,-2.908558837890625,-3.000869091061134
1758544337.2387824,target,1,0.3839730224609375,3.108012939453125,-2.2446338731805984
1758544337.2387824,target,2,2.320343017578125,1.4454267578125,0.614720962824232
1758544337.2387824,target,3,2.842046142578125,-2.52289208984375,1.6422759699267868
1758544337.2387824,target,4,-2.132688720703125,1.345161376953125,-1.5593757599342553
1758544337.2387824,target,5,-0.42055352783203126,-3.24261279296875,3.113961025699676
1758544337.2587,herder,1,-4.19140478515625,-3.331797119140625,1.0800033681896026
1758544337.2587,herder,2,3.27968798828125,-2.909693603515625,-3.0149207279207193
1758544337.2587,target,1,0.38394412231445313,3.1080146484375,-2.244387797095875
1758544337.2587,target,2,2.320374267578125,1.4453985595703125,0.6154122528641894
1758544337.2587,target,3,2.841948974609375,-2.522968505859375,1.643910485045823
1758544337.2587,target,4,-2.13263330078125,1.34529638671875,-1.5595973349369499
1758544337.2587,target,5,-0.42055459594726563,-3.242631103515625,3.114300046106443
1758544337.2788525,herder,1,-4.1891181640625,-3.3272509765625,1.0826086055259725
1758544337.2788525,herder,2,3.275983154296875,-2.9106650390625,-3.0290035237650583
1758544337.2788525,target,1,0.38395797729492187,3.108030517578125,-2.2450285536541483
1758544337.2788525,target,2,2.320347412109375,1.4453935546875,0.6152613182094091
1758544337.2788525,target,3,2.84205126953125,-2.523046875,1.6441164805561406
1758544337.2788525,target,4,-2.13264013671875,1.345260009765625,-1.559548199614838
1758544337.2788525,target,5,-0.42050323486328123,-3.242608642578125,3.1131812521325006
1758544337.2987292,herder,1,-4.1866689453125,-3.321594970703125,1.085181951508289
1758544337.2987292,herder,2,3.2721005859375,-2.91134912109375,-3.043103630156483
1758544337.2987292,target,1,0.38393865966796875,3.107997802734375,-2.244788869156041
1758544337.2987292,target,2,2.320380126953125,1.445376220703125,0.6160363646656495
1758544337.2987292,target,3,2.841970947265625,-2.522922607421875,1.643758285389525
1758544337.2987292,target,4,-2.1325234375,1.345396484375,-1.5613615460010728
1758544337.2987292,target,5,-0.4204770812988281,-3.242688232421875,3.1119162506147133
1758544337.3187566,herder,1,-4.18361376953125,-3.315635009765625,1.0882304054290755
1758544337.3187566,herder,2,3.26802294921875,-2.912178466796875,-3.056489743059657
1758544337.3187566,target,1,0.38395486450195315,3.108015869140625,-2.2447667649189937
1758544337.3187566,target,2,2.320355712890625,1.4453905029296874,0.6158306354714408
1758544337.3187566,target,3,2.841958251953125,-2.52293505859375,1.6435594804141505
1758544337.3187566,target,4,-2.132377685546875,1.34536669921875,-1.5618212076052205
1758544337.3187566,target,5,-0.4205079345703125,-3.242614501953125,3.1128989570569523
1758544337.338619,herder,1,-4.1813154296875,-3.311317626953125,1.0913839210548655
1758544337.338619,herder,2,3.263466796875,-2.912970458984375,-3.0699853118836335
1758544337.338619,target,1,0.3839563903808594,3.108044189453125,-2.244856513447729
1758544337.338619,target,2,2.320349365234375,1.445355224609375,0.6151535267642881
1758544337.338619,target,3,2.841940185546875,-2.522873046875,1.6430485529590189
1758544337.338619,target,4,-2.132328125,1.34532177734375,-1.5610705956519817
1758544337.338619,target,5,-0.4205281066894531,-3.242615478515625,3.1136984380161943
1758544337.3587165,herder,1,-4.17935009765625,-3.30710888671875,1.0947847111878695
1758544337.3587165,herder,2,3.259654541015625,-2.913769287109375,-3.085581848491574
1758544337.3587165,target,1,0.3839756164550781,3.107990234375,-2.2443417244090167
1758544337.3587165,target,2,2.320357421875,1.4453785400390624,0.6137143545112094
1758544337.3587165,target,3,2.841836181640625,-2.52281884765625,1.6428148605733643
1758544337.3587165,target,4,-2.132342529296875,1.3454813232421876,-1.561521202508423
1758544337.3587165,target,5,-0.4205576782226563,-3.24265234375,3.1137365212197823
1758544337.3786716,herder,1,-4.1769697265625,-3.301701416015625,1.0967220277228475
1758544337.3786716,herder,2,3.255750244140625,-2.914484375,-3.1006436223526257
1758544337.3786716,target,1,0.3839490051269531,3.10801171875,-2.2445260151564503
1758544337.3786716,target,2,2.3203271484375,1.44532763671875,0.6156007380903398
1758544337.3786716,target,3,2.842060546875,-2.523004638671875,1.6430602708678153
1758544337.3786716,target,4,-2.132410888671875,1.3453570556640626,-1.5567140635827756
1758544337.3786716,target,5,-0.42054104614257815,-3.24264990234375,3.1136134831774207
1758544337.39873,herder,1,-4.17419580078125,-3.295259033203125,1.098854687123783
1758544337.39873,herder,2,3.25123486328125,-2.9151923828125,-3.115543476019401
1758544337.39873,target,1,0.38395477294921876,3.108045166015625,-2.2448621060860185
1758544337.39873,target,2,2.3203408203125,1.44537646484375,0.6151943397079936
1758544337.39873,target,3,2.8420322265625,-2.523014404296875,1.6453350099129063
1758544337.39873,target,4,-2.132688232421875,1.3453841552734376,-1.5573062174511547
1758544337.39873,target,5,-0.42054080200195315,-3.242646240234375,3.113960493067458
1758544337.4185853,herder,1,-4.17174951171875,-3.290140380859375,1.103032587662872
1758544337.4185853,herder,2,3.247391357421875,-2.915833984375,-3.129622809754323
1758544337.4185853,target,1,0.38397061157226564,3.108016845703125,-2.245214708614345
1758544337.4185853,target,2,2.32033251953125,1.445388671875,0.6148191003104014
1758544337.4185853,target,3,2.8419951171875,-2.523130615234375,1.64449784522424
1758544337.4185853,target,4,-2.1325458984375,1.345352294921875,-1.5588212897953009
1758544337.4185853,target,5,-0.4205405578613281,-3.2426484375,3.1138121549947404
1758544337.4387164,herder,1,-4.1699755859375,-3.286096923828125,1.1076225458016236
1758544337.4387164,herder,2,3.243897216796875,-2.916239501953125,3.138906056682121
1758544337.4387164,target,1,0.38393417358398435,3.108027099609375,-2.244751851216889
1758544337.4387164,target,2,2.320320556640625,1.445357421875,0.6148605790443795
1758544337.4387164,target,3,2.841970947265625,-2.52303759765625,1.6428486827192084
1758544337.4387164,target,4,-2.13271728515625,1.345283447265625,-1.5610915014665387
1758544337.4387164,target,5,-0.42049267578125,-3.24267822265625,3.1120880245050233
1758544337.4587119,herder,1,-4.1674453125,-3.28129345703125,1.1116656238105274
1758544337.4587119,herder,2,3.239660888671875,-2.91673876953125,3.123605397271289
1758544337.4587119,target,1,0.38399639892578125,3.107984375,-2.245425098340461
1758544337.4587119,target,2,2.320352294921875,1.445390869140625,0.614814240041412
1758544337.4587119,target,3,2.841927490234375,-2.52300537109375,1.6466566036038581
1758544337.4587119,target,4,-2.13258349609375,1.3452210693359374,-1.5572289857795425
1758544337.4587119,target,5,-0.42054745483398437,-3.242681396484375,3.1145123000453223
1758544337.478697,herder,1,-4.16476953125,-3.275865966796875,1.1147522275139292
1758544337.478697,herder,2,3.235414306640625,-2.917010498046875,3.1085601350089953
1758544337.478697,target,1,0.3839464416503906,3.10800634765625,-2.244748389107472
1758544337.478697,target,2,2.320340087890625,1.445394775390625,0.6152762984905409
1758544337.478697,target,3,2.84186328125,-2.522914794921875,1.6438273944198125
1758544337.478697,target,4,-2.132418701171875,1.34533251953125,-1.5573582822504657
1758544337.478697,target,5,-0.42051077270507814,-3.24265234375,3.1131069499380875
1758544337.4987419,herder,1,-4.162271484375,-3.269820068359375,1.1156367298909717
1758544337.4987419,herder,2,3.232355712890625,-2.917546875,3.0930695922124403
1758544337.4987419,target,1,0.38396487426757814,3.108001708984375,-2.245326561380128
1758544337.4987419,target,2,2.320362060546875,1.445378173828125,0.6158550033954151
1758544337.4987419,target,3,2.842050048828125,-2.523029541015625,1.6424923517653558
1758544337.4987419,target,4,-2.13254931640625,1.3454351806640625,-1.5597488688029755
1758544337.4987419,target,5,-0.4205137634277344,-3.24266064453125,3.1132393090442645
1758544337.5185559,herder,1,-4.16015576171875,-3.264914306640625,1.115989265840271
1758544337.5185559,herder,2,3.228230712890625,-2.917752685546875,3.0782096859620163
1758544337.5185559,target,1,0.383961669921875,3.108017578125,-2.244107898865308
1758544337.5185559,target,2,2.320361572265625,1.4453721923828124,0.6148059176630056
1758544337.5185559,target,3,2.842009765625,-2.522952880859375,1.6455126427576146
1758544337.5185559,target,4,-2.1324970703125,1.34543896484375,-1.5583768082093665
1758544337.5185559,target,5,-0.42049468994140626,-3.242614501953125,3.11309283518431
1758544337.5388923,herder,1,-4.15818359375,-3.259791259765625,1.1167125803923366
1758544337.5388923,herder,2,3.223867431640625,-2.917809814453125,3.063740199127398
1758544337.5388923,target,1,0.38398434448242186,3.108034423828125,-2.244949724085882
1758544337.5388923,target,2,2.320362548828125,1.4454129638671875,0.6159309700655096
1758544337.5388923,target,3,2.841865478515625,-2.52276806640625,1.6450449916701968
1758544337.5388923,target,4,-2.132378173828125,1.345436279296875,-1.5592539203143843
1758544337.5388923,target,5,-0.42053106689453124,-3.24262841796875,3.1140073647026436
1758544337.5586424,herder,1,-4.15542041015625,-3.253818603515625,1.117718589494114
1758544337.5586424,herder,2,3.2202275390625,-2.918139404296875,3.0492853596787746
1758544337.5586424,target,1,0.3839385375976562,3.10803515625,-2.2450376084018546
1758544337.5586424,target,2,2.32035693359375,1.44539599609375,0.6153669125466308
1758544337.5586424,target,3,2.8419248046875,-2.522881591796875,1.6433706622928639
1758544337.5586424,target,4,-2.132542724609375,1.345312255859375,-1.554894991400197
1758544337.5586424,target,5,-0.42052316284179686,-3.242618408203125,3.1137700770495176
1758544337.5787,herder,1,-4.15315087890625,-3.248844970703125,1.1197360671779035
1758544337.5787,herder,2,3.215866455078125,-2.917865478515625,3.03463238104505
1758544337.5787,target,1,0.38396832275390624,3.10802099609375,-2.2447760859828088
1758544337.5787,target,2,2.320329833984375,1.44536572265625,0.6144201587791076
1758544337.5787,target,3,2.842062744140625,-2.523175537109375,1.6435423030251195
1758544337.5787,target,4,-2.132593994140625,1.345390869140625,-1.5572522884390807
1758544337.5787,target,5,-0.42052105712890625,-3.242605712890625,3.1142494460457315
1758544337.5987692,herder,1,-4.15118701171875,-3.244484375,1.1216500810533434
1758544337.5987692,herder,2,3.21233984375,-2.91805712890625,3.0191207992758833
1758544337.5987692,target,1,0.38395333862304687,3.108026611328125,-2.245123628505064
1758544337.5987692,target,2,2.3203349609375,1.4453277587890625,0.6155444122332846
1758544337.5987692,target,3,2.842089599609375,-2.523196044921875,1.6444021045830517
1758544337.5987692,target,4,-2.13255126953125,1.3454788818359376,-1.5575269935055223
1758544337.5987692,target,5,-0.42051324462890627,-3.242642333984375,3.1135032283082915
1758544337.6187553,herder,1,-4.14900048828125,-3.23954052734375,1.1229489047169752
1758544337.6187553,herder,2,3.208229736328125,-2.918035400390625,3.004517621754543
1758544337.6187553,target,1,0.38394818115234375,3.10802978515625,-2.244889536645246
1758544337.6187553,target,2,2.320333251953125,1.44534912109375,0.6159828351277389
1758544337.6187553,target,3,2.842079833984375,-2.52324462890625,1.6436505605234313
1758544337.6187553,target,4,-2.132466064453125,1.3455167236328125,-1.560186026695912
1758544337.6187553,target,5,-0.4205001220703125,-3.242628662109375,3.1132773922478525
1758544337.6388342,herder,1,-4.14680712890625,-3.23355322265625,1.1252574659079102
1758544337.6388342,herder,2,3.2045234375,-2.91770263671875,2.988660894308102
1758544337.6388342,target,1,0.3839488525390625,3.10801416015625,-2.2445049761838387
1758544337.6388342,target,2,2.3203212890625,1.4454085693359375,0.6158755763148359
1758544337.6388342,target,3,2.8421025390625,-2.523314453125,1.6415848796239112
1758544337.6388342,target,4,-2.132435302734375,1.345421142578125,-1.560767394761876
1758544337.6388342,target,5,-0.4205199279785156,-3.242646728515625,3.113661420077042
1758544337.6586175,herder,1,-4.1439775390625,-3.2284814453125,1.1273634936979449
1758544337.6586175,herder,2,3.200456298828125,-2.917844482421875,2.973269421104098
1758544337.6586175,target,1,0.3839872741699219,3.108005859375,-2.2449667683168584
1758544337.6586175,target,2,2.320359619140625,1.445362060546875,0.6169301215274801
1758544337.6586175,target,3,2.8421708984375,-2.52330322265625,1.6423032673279603
1758544337.6586175,target,4,-2.13243798828125,1.345430908203125,-1.5598456747085998
1758544337.6586175,target,5,-0.42052862548828124,-3.24266162109375,3.1138529013594187
1758544337.6788712,herder,1,-4.1422734375,-3.223068603515625,1.1301274554352836
1758544337.6788712,herder,2,3.1964833984375,-2.917740966796875,2.957629208654281
1758544337.6788712,target,1,0.38396731567382814,3.108029052734375,-2.2449068471923317
1758544337.6788712,target,2,2.32035546875,1.445387939453125,0.6167600121128513
1758544337.6788712,target,3,2.842264404296875,-2.5234365234375,1.6450824090835123
1758544337.6788712,target,4,-2.13234228515625,1.345434326171875,-1.5595383459188046
1758544337.6788712,target,5,-0.42053570556640624,-3.2426123046875,3.1135170767459597
1758544337.6987565,herder,1,-4.1399228515625,-3.21755078125,1.1314897954909138
1758544337.6987565,herder,2,3.19284716796875,-2.917380615234375,2.9408755285527013
1758544337.6987565,target,1,0.38394146728515627,3.108001953125,-2.24501736837757
1758544337.6987565,target,2,2.320366943359375,1.445404052734375,0.6152320234374182
1758544337.6987565,target,3,2.842151123046875,-2.52331884765625,1.6424125900907078
1758544337.6987565,target,4,-2.132365478515625,1.345375,-1.5588119687314854
1758544337.6987565,target,5,-0.42053488159179686,-3.242622802734375,3.1142577018451107
1758544337.7185702,herder,1,-4.1379423828125,-3.212547119140625,1.134282386209971
1758544337.7185702,herder,2,3.188897216796875,-2.917145263671875,2.925576999670741
1758544337.7185702,target,1,0.3839560546875,3.108013427734375,-2.2449979273016125
1758544337.7185702,target,2,2.320347900390625,1.4453717041015626,0.6160596673251877
1758544337.7185702,target,3,2.84217529296875,-2.523334228515625,1.6437423064229846
1758544337.7185702,target,4,-2.132692138671875,1.3452376708984375,-1.5631083133600558
1758544337.7185702,target,5,-0.42055377197265625,-3.242613525390625,3.1149248236981757
1758544337.738586,herder,1,-4.13709619140625,-3.210116455078125,1.135495722402611
1758544337.738586,herder,2,3.187225830078125,-2.917116455078125,2.918650383991554
1758544337.738586,target,1,0.3839891052246094,3.108028076171875,-2.2453409424500146
1758544337.738586,target,2,2.32033642578125,1.4453990478515626,0.6141670918965229
1758544337.738586,target,3,2.84226953125,-2.523358642578125,1.6442891865528322
1758544337.738586,target,4,-2.132599365234375,1.34524365234375,-1.5628494541021
1758544337.738586,target,5,-0.420529052734375,-3.242655517578125,3.1132339827220843
1758544337.7585535,herder,1,-4.133263671875,-3.202208984375,1.1382504962341888
1758544337.7585535,herder,2,3.1819912109375,-2.916617919921875,2.8948744807276534
1758544337.7585535,target,1,0.3839315490722656,3.10803662109375,-2.2442959180382673
1758544337.7585535,target,2,2.320309326171875,1.4453182373046876,0.6159045381916906
1758544337.7585535,target,3,2.8419267578125,-2.5231298828125,1.6467671247890965
1758544337.7585535,target,4,-2.1325087890625,1.3451778564453125,-1.5581416510851125
1758544337.7585535,target,5,-0.42053689575195313,-3.24262744140625,3.114030001571909
1758544337.779275,herder,1,-4.13144189453125,-3.196985595703125,1.1405959422062217
1758544337.779275,herder,2,3.17781884765625,-2.916248046875,2.8802137789267674
1758544337.779275,target,1,0.38395709228515623,3.10803125,-2.24504692946567
1758544337.779275,target,2,2.320320068359375,1.4453572998046875,0.6148617108878428
1758544337.779275,target,3,2.84197509765625,-2.523210693359375,1.6474422361254315
1758544337.779275,target,4,-2.132466796875,1.3453115234375,-1.559302789320387
1758544337.779275,target,5,-0.4204998474121094,-3.242613525390625,3.1135064241015997
1758544337.79874,herder,1,-4.1295361328125,-3.191427490234375,1.1422827884406779
1758544337.79874,herder,2,3.174270263671875,-2.9160126953125,2.863539461025672
1758544337.79874,target,1,0.38394854736328127,3.10801171875,-2.244468490876905
1758544337.79874,target,2,2.32036328125,1.4453770751953126,0.6151856844344509
1758544337.79874,target,3,2.841938720703125,-2.523137451171875,1.6457324867056007
1758544337.79874,target,4,-2.13241943359375,1.345438720703125,-1.5597081224382972
1758544337.79874,target,5,-0.4204925231933594,-3.24264306640625,3.1130401045947265
1758544337.8187528,herder,1,-4.127017578125,-3.185389892578125,1.144387617808222
1758544337.8187528,herder,2,3.17114794921875,-2.915735595703125,2.8470158780422756
1758544337.8187528,target,1,0.3839571533203125,3.10802490234375,-2.2446637005848076
1758544337.8187528,target,2,2.32032470703125,1.445337158203125,0.6159563366748926
1758544337.8187528,target,3,2.842080810546875,-2.523164794921875,1.6452312797884479
1758544337.8187528,target,4,-2.132377685546875,1.34558740234375,-1.565853366653655
1758544337.8187528,target,5,-0.4205259704589844,-3.242636474609375,3.1137090906605547
1758544337.8387752,herder,1,-4.12465185546875,-3.180074462890625,1.1470378625670143
1758544337.8387752,herder,2,3.168097412109375,-2.91534423828125,2.830930651374306
1758544337.8387752,target,1,0.38396917724609375,3.10802099609375,-2.2444967203844595
1758544337.8387752,target,2,2.320341552734375,1.445384033203125,0.6152056581426265
1758544337.8387752,target,3,2.841990478515625,-2.522927734375,1.6451382023083496
1758544337.8387752,target,4,-2.13253271484375,1.3455087890625,-1.5611658036609521
1758544337.8387752,target,5,-0.4205848388671875,-3.2426044921875,3.115100059697903
1758544337.858724,herder,1,-4.122408203125,-3.17529541015625,1.149805819045988
1758544337.858724,herder,2,3.164077392578125,-2.914276123046875,2.8148161299343455
1758544337.858724,target,1,0.3839563903808594,3.108017333984375,-2.2447686291317566
1758544337.858724,target,2,2.320368408203125,1.445416015625,0.6155010027075163
1758544337.858724,target,3,2.842054931640625,-2.523138427734375,1.645271227204799
1758544337.858724,target,4,-2.132427734375,1.345408203125,-1.5575095498003824
1758544337.858724,target,5,-0.4205219421386719,-3.242632568359375,3.1136382505755584
1758544337.8787677,herder,1,-4.11985009765625,-3.1694921875,1.151703454480724
1758544337.8787677,herder,2,3.16020849609375,-2.913362548828125,2.798813993892386
1758544337.8787677,target,1,0.3839475402832031,3.108015869140625,-2.2447310785603865
1758544337.8787677,target,2,2.32034716796875,1.4453994140625,0.6166534190902208
1758544337.8787677,target,3,2.84208544921875,-2.523008056640625,1.642864928001858
1758544337.8787677,target,4,-2.13238916015625,1.3453416748046876,-1.5570098076218288
1758544337.8787677,target,5,-0.4204871826171875,-3.24262353515625,3.113567410490562
1758544337.898755,herder,1,-4.1176953125,-3.16426611328125,1.1533974912501235
1758544337.898755,herder,2,3.156883544921875,-2.91278173828125,2.7837263873687603
1758544337.898755,target,1,0.3839481506347656,3.108031494140625,-2.2446977890467603
1758544337.898755,target,2,2.32036669921875,1.4454019775390625,0.6156069965189014
1758544337.898755,target,3,2.841985107421875,-2.522925537109375,1.641758917201148
1758544337.898755,target,4,-2.132343017578125,1.3453538818359374,-1.5571919678403903
1758544337.898755,target,5,-0.4205068359375,-3.242628173828125,3.1129961624367404
1758544337.9185753,herder,1,-4.11583447265625,-3.158911865234375,1.1544441135585246
1758544337.9185753,herder,2,3.15354443359375,-2.911979736328125,2.7678776494055897
1758544337.9185753,target,1,0.3839468688964844,3.10802978515625,-2.244617894214058
1758544337.9185753,target,2,2.320349609375,1.4454041748046875,0.6153321582944052
1758544337.9185753,target,3,2.842031982421875,-2.522979736328125,1.6438188723043243
1758544337.9185753,target,4,-2.132327880859375,1.345427490234375,-1.5604661912425883
1758544337.9185753,target,5,-0.42051806640625,-3.24262890625,3.1134406440226745
1758544337.9389317,herder,1,-4.1139169921875,-3.152948486328125,1.155158639678993
1758544337.9389317,herder,2,3.15031201171875,-2.911385986328125,2.7519942903482484
1758544337.9389317,target,1,0.38394036865234377,3.108016845703125,-2.244844529222824
1758544337.9389317,target,2,2.3203544921875,1.4453587646484376,0.6164515514795929
1758544337.9389317,target,3,2.841994873046875,-2.52305078125,1.643813013349926
1758544337.9389317,target,4,-2.132240478515625,1.345369873046875,-1.5595796249157008
1758544337.9389317,target,5,-0.4205443725585937,-3.24263037109375,3.1139458456814624
1758544337.9587116,herder,1,-4.1121484375,-3.147754150390625,1.1556914050550633
1758544337.9587116,herder,2,3.146703369140625,-2.910560791015625,2.7356976086897262
1758544337.9587116,target,1,0.3839903564453125,3.10804052734375,-2.245357454048773
1758544337.9587116,target,2,2.320351806640625,1.4453690185546875,0.6165815803198159
1758544337.9587116,target,3,2.84200244140625,-2.523073974609375,1.6443074292062994
1758544337.9587116,target,4,-2.132338134765625,1.3452928466796874,-1.5580238062068765
1758544337.9587116,target,5,-0.4205325927734375,-3.242614990234375,3.1137815286422046
1758544337.97868,herder,1,-4.1101455078125,-3.142576416015625,1.1566779730808832
1758544337.97868,herder,2,3.142278564453125,-2.909177978515625,2.7184597659019705
1758544337.97868,target,1,0.3839827880859375,3.107987060546875,-2.2448985913929524
1758544337.97868,target,2,2.32035986328125,1.445386962890625,0.6151123809254465
1758544337.97868,target,3,2.8419794921875,-2.52292626953125,1.6435935688761036
1758544337.97868,target,4,-2.1324306640625,1.3453560791015624,-1.5575577530161127
1758544337.97868,target,5,-0.4205365295410156,-3.2426337890625,3.1134100176701387
1758544337.9986994,herder,1,-4.10776220703125,-3.13736474609375,1.1577638770153629
1758544337.9986994,herder,2,3.13939501953125,-2.908370361328125,2.7004525358752907
1758544337.9986994,target,1,0.3839755554199219,3.108002685546875,-2.245120166395647
1758544337.9986994,target,2,2.32033447265625,1.4453614501953125,0.6147680341964992
1758544337.9986994,target,3,2.8420048828125,-2.522937744140625,1.6448155603422865
1758544337.9986994,target,4,-2.13263671875,1.3452503662109374,-1.5642036715164054
1758544337.9986994,target,5,-0.4205140075683594,-3.2426455078125,3.113457421937542
1758544338.018655,herder,1,-4.10555615234375,-3.131959716796875,1.1590678938431203
1758544338.018655,herder,2,3.136974853515625,-2.908176025390625,2.68345224705677
1758544338.018655,target,1,0.3839627990722656,3.108010009765625,-2.2446631679525892
1758544338.018655,target,2,2.320360595703125,1.445378173828125,0.6156365576070013
1758544338.018655,target,3,2.8420078125,-2.522990966796875,1.6423820968962266
1758544338.018655,target,4,-2.132612060546875,1.3453936767578125,-1.5635037927819326
1758544338.018655,target,5,-0.42049365234375,-3.242641357421875,3.1126435599084137
1758544338.0387669,herder,1,-4.10348486328125,-3.1266318359375,1.1600202402489326
1758544338.0387669,herder,2,3.13362060546875,-2.90701513671875,2.666038901953178
1758544338.0387669,target,1,0.3839329833984375,3.10801171875,-2.2447427964691826
1758544338.0387669,target,2,2.320323486328125,1.4453837890625,0.6148354787511054
1758544338.0387669,target,3,2.841980712890625,-2.5230439453125,1.644720352333316
1758544338.0387669,target,4,-2.132424560546875,1.34538671875,-1.5625009794734632
1758544338.0387669,target,5,-0.4205231018066406,-3.24264306640625,3.113727732788185
1758544338.0585303,herder,1,-4.10179541015625,-3.121146484375,1.1605115934700523
1758544338.0585303,herder,2,3.129301025390625,-2.905579345703125,2.648336071239094
1758544338.0585303,target,1,0.38393951416015626,3.108015869140625,-2.244706577478358
1758544338.0585303,target,2,2.320343505859375,1.445384765625,0.6142760817641343
1758544338.0585303,target,3,2.84203466796875,-2.52305859375,1.6458507310580002
1758544338.0585303,target,4,-2.13272705078125,1.3453824462890625,-1.5531006866157562
1758544338.0585303,target,5,-0.42051312255859374,-3.2426416015625,3.1132504943208428
1758544338.07859,herder,1,-4.0997841796875,-3.115593505859375,1.1610620688673716
1758544338.07859,herder,2,3.126180419921875,-2.90453759765625,2.630655611078167
1758544338.07859,target,1,0.38396798706054686,3.108006591796875,-2.2450269557574942
1758544338.07859,target,2,2.3203359375,1.4453817138671874,0.6148900069744249
1758544338.07859,target,3,2.841975341796875,-2.5229365234375,1.643577323593454
1758544338.07859,target,4,-2.132703125,1.3452320556640625,-1.5586176911299643
1758544338.07859,target,5,-0.42053924560546874,-3.24264404296875,3.1135735357610694
1758544338.0987034,herder,1,-4.09740234375,-3.109627685546875,1.1626209502114495
1758544338.0987034,herder,2,3.1234384765625,-2.903681884765625,2.611903228578483
1758544338.0987034,target,1,0.3839821166992187,3.108031005859375,-2.2453438719272136
1758544338.0987034,target,2,2.32035791015625,1.445333740234375,0.6160223830699265
1758544338.0987034,target,3,2.842085693359375,-2.522994140625,1.644202766975459
1758544338.0987034,target,4,-2.132728271484375,1.345250244140625,-1.5609928313481514
1758544338.0987034,target,5,-0.4205376892089844,-3.242654541015625,3.1133466344361946
1758544338.1188085,herder,1,-4.0951474609375,-3.10413671875,1.1639751676257548
1758544338.1188085,herder,2,3.120557861328125,-2.902686279296875,2.5926038327908967
1758544338.1188085,target,1,0.3839612121582031,3.108031005859375,-2.2451153727056847
1758544338.1188085,target,2,2.320353515625,1.4453592529296875,0.6160797741914178
1758544338.1188085,target,3,2.841886962890625,-2.522808349609375,1.642993159208345
1758544338.1188085,target,4,-2.13255029296875,1.3452684326171875,-1.557951501383281
1758544338.1188085,target,5,-0.4205544128417969,-3.24266162109375,3.114231336550319
1758544338.1386936,herder,1,-4.09293115234375,-3.099186279296875,1.1658617509419669
1758544338.1386936,herder,2,3.1181220703125,-2.90143359375,2.5732418527176937
1758544338.1386936,target,1,0.3839574279785156,3.108006591796875,-2.2450362768213097
1758544338.1386936,target,2,2.320353759765625,1.4453853759765625,0.6151944728660481
1758544338.1386936,target,3,2.841954833984375,-2.522906494140625,1.645462042696903
1758544338.1386936,target,4,-2.132889892578125,1.345287109375,-1.5554908736941022
1758544338.1386936,target,5,-0.42056488037109374,-3.242652587890625,3.1138787340219927
1758544338.1587212,herder,1,-4.09084130859375,-3.093842041015625,1.1679312934250674
1758544338.1587212,herder,2,3.11479638671875,-2.900109130859375,2.553060151660964
1758544338.1587212,target,1,0.3839512634277344,3.10801513671875,-2.24478114598888
1758544338.1587212,target,2,2.320356689453125,1.445405517578125,0.6154215739280047
1758544338.1587212,target,3,2.8419296875,-2.522986572265625,1.6445186178807425
1758544338.1587212,target,4,-2.13267578125,1.345243408203125,-1.5558601209792418
1758544338.1587212,target,5,-0.42055780029296874,-3.242675537109375,3.113681926417436
1758544338.1786876,herder,1,-4.08879931640625,-3.087667236328125,1.1695584848511058
1758544338.1786876,herder,2,3.11175244140625,-2.898528076171875,2.529076521832038
1758544338.1786876,target,1,0.38396646118164063,3.10801953125,-2.24480804391589
1758544338.1786876,target,2,2.320369873046875,1.4454012451171876,0.6150712350866048
1758544338.1786876,target,3,2.84198046875,-2.523010009765625,1.6452882714357755
1758544338.1786876,target,4,-2.1324638671875,1.3453521728515625,-1.5593930704813408
1758544338.1786876,target,5,-0.42053866577148435,-3.242665771484375,3.113791116022129
1758544338.1987512,herder,1,-4.08712060546875,-3.082704833984375,1.1706784772475387
1758544338.1987512,herder,2,3.1082197265625,-2.89718359375,2.5041693077370715
1758544338.1987512,target,1,0.3839648132324219,3.108016357421875,-2.2449270872166163
1758544338.1987512,target,2,2.32035107421875,1.4454119873046876,0.6157306337725084
1758544338.1987512,target,3,2.84189453125,-2.52284130859375,1.643940578766141
1758544338.1987512,target,4,-2.132512939453125,1.3454769287109376,-1.558054299401358
1758544338.1987512,target,5,-0.42054348754882814,-3.242615966796875,3.114026539462492
1758544338.2185705,herder,1,-4.085645751953125,-3.077133544921875,1.1711083114474774
1758544338.2185705,herder,2,3.1055634765625,-2.89632861328125,2.480322031755957
1758544338.2185705,target,1,0.3840021667480469,3.108004638671875,-2.2452709013133454
1758544338.2185705,target,2,2.320339599609375,1.4453916015625,0.6150419403146139
1758544338.2185705,target,3,2.841947998046875,-2.522941162109375,1.6429211207008585
1758544338.2185705,target,4,-2.13232666015625,1.3454598388671875,-1.5601681835166084
1758544338.2185705,target,5,-0.4205117492675781,-3.24261572265625,3.113348498648958
1758544338.2387238,herder,1,-4.083602294921875,-3.071094482421875,1.17264988224447
1758544338.2387238,herder,2,3.102155517578125,-2.894790771484375,2.455333857563853
1758544338.2387238,target,1,0.38395712280273436,3.108026123046875,-2.2451089811190688
1758544338.2387238,target,2,2.320335693359375,1.4453641357421876,0.616065326542504
1758544338.2387238,target,3,2.84204833984375,-2.523080810546875,1.6442649517869126
1758544338.2387238,target,4,-2.1322255859375,1.3452886962890624,-1.5581646874285418
1758544338.2387238,target,5,-0.42052822875976564,-3.2426220703125,3.1139080287939835
1758544338.258594,herder,1,-4.08126220703125,-3.065923095703125,1.1740380549626737
1758544338.258594,herder,2,3.098651123046875,-2.8930654296875,2.430039419846389
1758544338.258594,target,1,0.3839337463378906,3.108031982421875,-2.2448956619157534
1758544338.258594,target,2,2.320337646484375,1.4453955078125,0.6141634300500239
1758544338.258594,target,3,2.842048828125,-2.52299560546875,1.64654608241862
1758544338.258594,target,4,-2.13234375,1.345098388671875,-1.5549915309897124
1758544338.258594,target,5,-0.4205361022949219,-3.2426298828125,3.113719743304915
1758544338.2785933,herder,1,-4.07910546875,-3.06068896484375,1.1759511367317321
1758544338.2785933,herder,2,3.096858154296875,-2.891992919921875,2.4045660177036723
1758544338.2785933,target,1,0.3839844970703125,3.108003173828125,-2.2449941988760864
1758544338.2785933,target,2,2.320362060546875,1.445404541015625,0.6160881631488515
1758544338.2785933,target,3,2.842003173828125,-2.523118896484375,1.6477519617602079
1758544338.2785933,target,4,-2.132550048828125,1.3452452392578125,-1.557499696104349
1758544338.2785933,target,5,-0.42053472900390626,-3.242638916015625,3.113853433991637
1758544338.298611,herder,1,-4.0769609375,-3.055580078125,1.1773721994893984
1758544338.298611,herder,2,3.095060302734375,-2.891344970703125,2.3784273579206534
1758544338.298611,target,1,0.38395626831054686,3.108010986328125,-2.245057049477812
1758544338.298611,target,2,2.32035009765625,1.4453909912109375,0.6154693110905444
1758544338.298611,target,3,2.841959716796875,-2.522937744140625,1.6428164584700184
1758544338.298611,target,4,-2.132561279296875,1.34535791015625,-1.5592364766092441
1758544338.298611,target,5,-0.4205321350097656,-3.242658447265625,3.1142438534074426
1758544338.318887,herder,1,-4.075153564453125,-3.04943115234375,1.1783743470075951
1758544338.318887,herder,2,3.092541015625,-2.88985595703125,2.351517180369839
1758544338.318887,target,1,0.383928955078125,3.108011474609375,-2.244718029071045
1758544338.318887,target,2,2.32032470703125,1.4453564453125,0.6164355059340251
1758544338.318887,target,3,2.841968994140625,-2.522875244140625,1.6435621435752406
1758544338.318887,target,4,-2.132487060546875,1.3453790283203124,-1.5583432523796317
1758544338.318887,target,5,-0.4205188293457031,-3.242624267578125,3.1133341175790714
1758544338.3385491,herder,1,-4.0735693359375,-3.04366455078125,1.1790238919974656
1758544338.3385491,herder,2,3.09028125,-2.8880517578125,2.3238197724007965
1758544338.3385491,target,1,0.38394537353515623,3.107995849609375,-2.245112975860704
1758544338.3385491,target,2,2.3203662109375,1.4453875732421875,0.6162892983901798
1758544338.3385491,target,3,2.842000244140625,-2.52301611328125,1.6435462977667548
1758544338.3385491,target,4,-2.1323837890625,1.3453408203125,-1.555369566706449
1758544338.3385491,target,5,-0.42052606201171877,-3.24262451171875,3.1137676802045364
1758544338.3585777,herder,1,-4.07195849609375,-3.0388466796875,1.1795326889237252
1758544338.3585777,herder,2,3.088202880859375,-2.88707568359375,2.29471435116343
1758544338.3585777,target,1,0.38397137451171875,3.108015625,-2.2444607677097435
1758544338.3585777,target,2,2.320350830078125,1.4453822021484375,0.6157034029503623
1758544338.3585777,target,3,2.842057861328125,-2.523163330078125,1.6449358020655036
1758544338.3585777,target,4,-2.132567138671875,1.3452781982421875,-1.5543778055165036
1758544338.3585777,target,5,-0.420499755859375,-3.242634033203125,3.113655827438753
1758544338.3787124,herder,1,-4.06997412109375,-3.03340576171875,1.1800147210810294
1758544338.3787124,herder,2,3.0865966796875,-2.88627490234375,2.2653697780601734
1758544338.3787124,target,1,0.3839526062011719,3.108021240234375,-2.244846393435587
1758544338.3787124,target,2,2.320330078125,1.445397216796875,0.6152503326699126
1758544338.3787124,target,3,2.842272216796875,-2.52378857421875,1.6420645149362345
1758544338.3787124,target,4,-2.13248486328125,1.3453560791015624,-1.556421115862867
1758544338.3787124,target,5,-0.4204935302734375,-3.24264599609375,3.113131717336225
1758544338.3988569,herder,1,-4.067638671875,-3.0273564453125,1.1808787836967056
1758544338.3988569,herder,2,3.085751220703125,-2.885795654296875,2.2364901928832452
1758544338.3988569,target,1,0.3839559020996094,3.108056884765625,-2.2449771546451096
1758544338.3988569,target,2,2.3203447265625,1.445375244140625,0.6155053303442877
1758544338.3988569,target,3,2.842409423828125,-2.525185546875,1.6399727350580318
1758544338.3988569,target,4,-2.132547119140625,1.3452320556640625,-1.5554687694570546
1758544338.3988569,target,5,-0.4205205993652344,-3.24263720703125,3.1136395821561034
1758544338.4186518,herder,1,-4.065542724609375,-3.021806396484375,1.1821294041446069
1758544338.4186518,herder,2,3.084006591796875,-2.884994140625,2.209837276693732
1758544338.4186518,target,1,0.38397592163085936,3.1080234375,-2.244749987004126
1758544338.4186518,target,2,2.32036279296875,1.4453880615234376,0.616258205984453
1758544338.4186518,target,3,2.842326904296875,-2.52748974609375,1.6390568739591536
1758544338.4186518,target,4,-2.13256396484375,1.3451634521484375,-1.5566757140630785
1758544338.4186518,target,5,-0.420539794921875,-3.24265625,3.1140787374198577
1758544338.438594,herder,1,-4.06393603515625,-3.01598974609375,1.1825195572443035
1758544338.438594,herder,2,3.082475341796875,-2.883700439453125,2.182434148025144
1758544338.438594,target,1,0.38399017333984375,3.10799365234375,-2.245265574991165
1758544338.438594,target,2,2.32035693359375,1.4454154052734376,0.6156030683562935
1758544338.438594,target,3,2.84206591796875,-2.52987109375,1.6355739918855479
1758544338.438594,target,4,-2.13262841796875,1.3453192138671874,-1.5585139610055057
1758544338.438594,target,5,-0.4205148620605469,-3.242659912109375,3.1132057532145296
1758544338.4587169,herder,1,-4.062274658203125,-3.010316650390625,1.1830926695108885
1758544338.4587169,herder,2,3.080944580078125,-2.88314111328125,2.1563608688468867
1758544338.4587169,target,1,0.38394134521484374,3.10801708984375,-2.2446746195452767
1758544338.4587169,target,2,2.320352294921875,1.445390625,0.6153248346014075
1758544338.4587169,target,3,2.84187744140625,-2.532306640625,1.6312138645488703
1758544338.4587169,target,4,-2.132507568359375,1.3454000244140625,-1.5604876296893633
1758544338.4587169,target,5,-0.420524169921875,-3.242624755859375,3.1136853885268527
1758544338.4786289,herder,1,-4.060254150390625,-3.004484619140625,1.1850281218331036
1758544338.4786289,herder,2,3.079728515625,-2.88249072265625,2.130215151686979
1758544338.4786289,target,1,0.38396380615234377,3.10802392578125,-2.2450911379397653
1758544338.4786289,target,2,2.32036669921875,1.445408935546875,0.6153677114949578
1758544338.4786289,target,3,2.84181201171875,-2.535373291015625,1.6254462565760857
1758544338.4786289,target,4,-2.13273388671875,1.34536474609375,-1.5515631105603989
1758544338.4786289,target,5,-0.4205224304199219,-3.2426435546875,3.1134150776762097
1758544338.498709,herder,1,-4.058277099609375,-2.9988037109375,1.186416427709362
1758544338.498709,herder,2,3.078278076171875,-2.881572509765625,2.1040989956151717
1758544338.498709,target,1,0.3839542236328125,3.108036376953125,-2.2447369375147845
1758544338.498709,target,2,2.32033642578125,1.4453798828125,0.6145948621466168
1758544338.498709,target,3,2.842312744140625,-2.539156982421875,1.6219997266513595
1758544338.498709,target,4,-2.132672607421875,1.3452586669921875,-1.5505214151000144
1758544338.498709,target,5,-0.4205514526367187,-3.24262744140625,3.1140704816204785
1758544338.5187893,herder,1,-4.0562451171875,-2.994216064453125,1.1873697062215558
1758544338.5187893,herder,2,3.076377197265625,-2.879686279296875,2.078563541819056
1758544338.5187893,target,1,0.3839906005859375,3.107995361328125,-2.245653331245881
1758544338.5187893,target,2,2.320348388671875,1.44539453125,0.6152368837064076
1758544338.5187893,target,3,2.842771484375,-2.5423818359375,1.6182585179520164
1758544338.5187893,target,4,-2.13266650390625,1.3453687744140626,-1.5533030868586022
1758544338.5187893,target,5,-0.4204991455078125,-3.2427119140625,3.1123189205715334
1758544338.539019,herder,1,-4.054328125,-2.988856689453125,1.1893692075679874
1758544338.539019,herder,2,3.074817626953125,-2.87804443359375,2.0523632298568018
1758544338.539019,target,1,0.38396688842773435,3.108013671875,-2.2449300166938153
1758544338.539019,target,2,2.320349853515625,1.4453704833984375,0.6145970592545161
1758544338.539019,target,3,2.84191796875,-2.546704833984375,1.6135864012936358
1758544338.539019,target,4,-2.132728759765625,1.3454161376953124,-1.5525861638931528
1758544338.539019,target,5,-0.4205443725585937,-3.242653564453125,3.1140020383804634
1758544338.5585802,herder,1,-4.05194287109375,-2.982904052734375,1.1908443324957823
1758544338.5585802,herder,2,3.07368408203125,-2.8770048828125,2.025839210664049
1758544338.5585802,target,1,0.3840183715820312,3.108004150390625,-2.2453369477083793
1758544338.5585802,target,2,2.32032177734375,1.4453956298828126,0.6148885422358253
1758544338.5585802,target,3,2.84217626953125,-2.55071826171875,1.6105567892375616
1758544338.5585802,target,4,-2.132699462890625,1.3454742431640625,-1.5570086091993383
1758544338.5585802,target,5,-0.4205780944824219,-3.24262158203125,3.1146854055161777
1758544338.578706,herder,1,-4.0503193359375,-2.9765361328125,1.1911607160332836
1758544338.578706,herder,2,3.07222265625,-2.875256103515625,1.999315058313241
1758544338.578706,target,1,0.3839635620117188,3.108014892578125,-2.244841866061734
1758544338.578706,target,2,2.32033935546875,1.4454114990234375,0.6148481287662834
1758544338.578706,target,3,2.842489501953125,-2.5554052734375,1.603196744090964
1758544338.578706,target,4,-2.132466552734375,1.3454405517578125,-1.557132179873918
1758544338.578706,target,5,-0.4205535583496094,-3.2426328125,3.1140121583926055
1758544338.5989313,herder,1,-4.049330078125,-2.97201806640625,1.1908113092982653
1758544338.5989313,herder,2,3.070740234375,-2.87386083984375,1.974780953086995
1758544338.5989313,target,1,0.38394735717773437,3.108013427734375,-2.2446069752535887
1758544338.5989313,target,2,2.32038671875,1.4454273681640626,0.6155093250859228
1758544338.5989313,target,3,2.842654541015625,-2.56000048828125,1.5934631566228334
1758544338.5989313,target,4,-2.1324697265625,1.3454349365234375,-1.553784719541743
1758544338.5989313,target,5,-0.42052215576171875,-3.242630126953125,3.1137716749461712
1758544338.6188667,herder,1,-4.047072998046875,-2.966447265625,1.1897618906707195
1758544338.6188667,herder,2,3.069166748046875,-2.872395263671875,1.9505947898571678
1758544338.6188667,target,1,0.38398065185546876,3.10799560546875,-2.244952387246972
1758544338.6188667,target,2,2.320346435546875,1.4454014892578124,0.6148989285640766
1758544338.6188667,target,3,2.84285302734375,-2.564932373046875,1.5895685498447016
1758544338.6188667,target,4,-2.13245458984375,1.3454886474609375,-1.567351794240988
1758544338.6188667,target,5,-0.4205527038574219,-3.24262841796875,3.11375596229574
1758544338.638988,herder,1,-4.044605712890625,-2.96002880859375,1.1919018737646527
1758544338.638988,herder,2,3.067935302734375,-2.8706943359375,1.9280255648831823
1758544338.638988,target,1,0.3839607849121094,3.108005615234375,-2.245049326310651
1758544338.638988,target,2,2.320346435546875,1.4454034423828126,0.6148611782556247
1758544338.638988,target,3,2.843036865234375,-2.569906005859375,1.5790928725388205
1758544338.638988,target,4,-2.1322734375,1.3453409423828124,-1.5652380432837922
1758544338.638988,target,5,-0.42051809692382813,-3.242639892578125,3.113250760636952
1758544338.6587634,herder,1,-4.042388916015625,-2.954304443359375,1.194265162915989
1758544338.6587634,herder,2,3.06654931640625,-2.8688857421875,1.9080206977228342
1758544338.6587634,target,1,0.38393527221679685,3.1080234375,-2.245085811617585
1758544338.6587634,target,2,2.320326904296875,1.4453841552734374,0.6156355589215925
1758544338.6587634,target,3,2.84259375,-2.57513330078125,1.569920546270424
1758544338.6587634,target,4,-2.132544189453125,1.3452979736328126,-1.5602980126197497
1758544338.6587634,target,5,-0.4205374755859375,-3.24263818359375,3.1139109582711826
1758544338.6786578,herder,1,-4.040082275390625,-2.949105224609375,1.195221637221491
1758544338.6786578,herder,2,3.065982421875,-2.86820166015625,1.8914065672623748
1758544338.6786578,target,1,0.3839530334472656,3.108027587890625,-2.2448317460495915
1758544338.6786578,target,2,2.32035595703125,1.44542822265625,0.6146474595781459
1758544338.6786578,target,3,2.84231494140625,-2.57914892578125,1.5467385279296113
1758544338.6786578,target,4,-2.13263818359375,1.3452811279296875,-1.5552132391504614
1758544338.6786578,target,5,-0.42053570556640624,-3.24263720703125,3.1139490414747706
1758544338.6985643,herder,1,-4.03863427734375,-2.943297119140625,1.1975395194762415
1758544338.6985643,herder,2,3.06546044921875,-2.86803125,1.8730083851876715
1758544338.6985643,target,1,0.38394171142578126,3.108012939453125,-2.244819761824686
1758544338.6985643,target,2,2.320357666015625,1.4453909912109375,0.615593414397342
1758544338.6985643,target,3,2.840862548828125,-2.58389599609375,1.515726416509802
1758544338.6985643,target,4,-2.132555908203125,1.345392333984375,-1.560613863525033
1758544338.6985643,target,5,-0.420555908203125,-3.242632080078125,3.1143818051519085
1758544338.718696,herder,1,-4.036554443359375,-2.938084228515625,1.1974341914551287
1758544338.718696,herder,2,3.064844482421875,-2.86776123046875,1.853578627664726
1758544338.718696,target,1,0.3839463806152344,3.10803369140625,-2.2448024512776006
1758544338.718696,target,2,2.32036279296875,1.4453765869140625,0.6159307703284278
1758544338.718696,target,3,2.8390400390625,-2.586383056640625,1.4643617622493348
1758544338.718696,target,4,-2.132545166015625,1.3455645751953125,-1.559383349943362
1758544338.718696,target,5,-0.4205264892578125,-3.24263330078125,3.1137759360039157
1758544338.738741,herder,1,-4.035171630859375,-2.931881103515625,1.197743650773796
1758544338.738741,herder,2,3.064586181640625,-2.868093994140625,1.8343998730745201
1758544338.738741,target,1,0.3839629821777344,3.10801416015625,-2.2450330810280015
1758544338.738741,target,2,2.32035546875,1.4453802490234375,0.6164908996846987
1758544338.738741,target,3,2.836278076171875,-2.58914404296875,1.4147224369010754
1758544338.738741,target,4,-2.132392822265625,1.3455548095703125,-1.559831160480659
1758544338.738741,target,5,-0.4205258178710938,-3.24264111328125,3.1131812521325006
1758544338.7585707,herder,1,-4.03334619140625,-2.925875244140625,1.1963613370099904
1758544338.7585707,herder,2,3.064547119140625,-2.86856884765625,1.8161102148142376
1758544338.7585707,target,1,0.3839740905761719,3.108007080078125,-2.2447686291317566
1758544338.7585707,target,2,2.3203896484375,1.4454090576171874,0.6144684951528926
1758544338.7585707,target,3,2.834258056640625,-2.591943359375,1.3613035533337754
1758544338.7585707,target,4,-2.13227392578125,1.3454906005859375,-1.5606844372939201
1758544338.7585707,target,5,-0.42054110717773435,-3.2426357421875,3.1137429128063987
1758544338.7788196,herder,1,-4.031149658203125,-2.92066943359375,1.195676105661513
1758544338.7788196,herder,2,3.064353271484375,-2.869720703125,1.7996585371802731
1758544338.7788196,target,1,0.3839541320800781,3.108022216796875,-2.244808842864217
1758544338.7788196,target,2,2.320342529296875,1.445387451171875,0.6149380104530735
1758544338.7788196,target,3,2.83197021484375,-2.59499267578125,1.3003836102401585
1758544338.7788196,target,4,-2.132277099609375,1.3454921875,-1.559231150287064
1758544338.7788196,target,5,-0.42054855346679687,-3.2426162109375,3.114396452537904
1758544338.7986588,herder,1,-4.029495849609375,-2.915612548828125,1.1972748012638876
1758544338.7986588,herder,2,3.064093017578125,-2.870541259765625,1.7829599845132582
1758544338.7986588,target,1,0.3839689025878906,3.108017822265625,-2.244702849052832
1758544338.7986588,target,2,2.320360107421875,1.445403564453125,0.6153896159949237
1758544338.7986588,target,3,2.82911474609375,-2.597220703125,1.2416426655504442
1758544338.7986588,target,4,-2.13239501953125,1.3453402099609375,-1.5549206909047162
1758544338.7986588,target,5,-0.42053125,-3.242642578125,3.1136036294813874
1758544338.8188047,herder,1,-4.02740576171875,-2.910582275390625,1.198855520528904
1758544338.8188047,herder,2,3.06384765625,-2.871620361328125,1.7675878192271572
1758544338.8188047,target,1,0.38395761108398435,3.10802490234375,-2.244476746676284
1758544338.8188047,target,2,2.320334228515625,1.4453599853515624,0.6159335000685452
1758544338.8188047,target,3,2.82603125,-2.598716796875,1.1702784704518088
1758544338.8188047,target,4,-2.132585205078125,1.3453306884765626,-1.5596295591861398
1758544338.8188047,target,5,-0.4205387268066406,-3.242631103515625,3.1138744729642487
1758544338.8386827,herder,1,-4.02524365234375,-2.9042451171875,1.1987616441004787
1758544338.8386827,herder,2,3.06372314453125,-2.87378271484375,1.751848803500898
1758544338.8386827,target,1,0.383972412109375,3.1080322265625,-2.244717230122718
1758544338.8386827,target,2,2.320362548828125,1.445393798828125,0.6159361632296352
1758544338.8386827,target,3,2.823564208984375,-2.602389892578125,1.1041617679650657
1758544338.8386827,target,4,-2.1324208984375,1.345344970703125,-1.5591027859225222
1758544338.8386827,target,5,-0.42052780151367186,-3.242647216796875,3.1135567578462022
1758544338.858617,herder,1,-4.023787109375,-2.899251953125,1.1995729761265714
1758544338.858617,herder,2,3.063777099609375,-2.875852294921875,1.7361200409448356
1758544338.858617,target,1,0.38395797729492187,3.108029052734375,-2.24495291987919
1758544338.858617,target,2,2.32040283203125,1.4454110107421876,0.6159019416096277
1758544338.858617,target,3,2.820677978515625,-2.604760009765625,1.0353021427135953
1758544338.858617,target,4,-2.132317626953125,1.345327880859375,-1.5565477491727002
1758544338.858617,target,5,-0.42053594970703123,-3.24264306640625,3.114302975583642
1758544338.8786254,herder,1,-4.021805908203125,-2.893521728515625,1.199881503338857
1758544338.8786254,herder,2,3.06389501953125,-2.877667236328125,1.7210008759622921
1758544338.8786254,target,1,0.3839482116699219,3.108030029296875,-2.244785673362733
1758544338.8786254,target,2,2.320335205078125,1.445393798828125,0.6154017999569108
1758544338.8786254,target,3,2.81734375,-2.607510498046875,0.9638111145680449
1758544338.8786254,target,4,-2.132502197265625,1.345341796875,-1.5612357116395665
1758544338.8786254,target,5,-0.42055368041992186,-3.24264306640625,3.1138696792742864
1758544338.8987894,herder,1,-4.019529052734375,-2.886957275390625,1.200464069827312
1758544338.8987894,herder,2,3.064250244140625,-2.879987548828125,1.707280802658422
1758544338.8987894,target,1,0.38396792602539065,3.107997802734375,-2.2451420043165857
1758544338.8987894,target,2,2.3203623046875,1.445349853515625,0.6143216218187747
1758544338.8987894,target,3,2.814073974609375,-2.610084716796875,0.8918830616876126
1758544338.8987894,target,4,-2.132564697265625,1.3452337646484376,-1.555130947472778
1758544338.8987894,target,5,-0.420524169921875,-3.2426513671875,3.113324796515256
1758544338.9188924,herder,1,-4.017696533203125,-2.88150927734375,1.2011194737715805
1758544338.9188924,herder,2,3.06426171875,-2.883017333984375,1.6944346456662613
1758544338.9188924,target,1,0.3839671936035156,3.10798779296875,-2.244826153411302
1758544338.9188924,target,2,2.3203720703125,1.4454134521484374,0.6160990821093209
1758544338.9188924,target,3,2.811511962890625,-2.613314697265625,0.8143059115029041
1758544338.9188924,target,4,-2.132514892578125,1.345316650390625,-1.5576710705204955
1758544338.9188924,target,5,-0.42054315185546876,-3.24262353515625,3.114240391298025
1758544338.9387827,herder,1,-4.015529052734375,-2.875795654296875,1.2015726106310574
1758544338.9387827,herder,2,3.064420654296875,-2.885697509765625,1.6822703910712153
1758544338.9387827,target,1,0.3839385986328125,3.10797802734375,-2.2444341360988425
1758544338.9387827,target,2,2.3203369140625,1.4453502197265624,0.6170112813617002
1758544338.9387827,target,3,2.808439208984375,-2.616303466796875,0.7363352792671365
1758544338.9387827,target,4,-2.132389404296875,1.345352783203125,-1.5585870647774283
1758544338.9387827,target,5,-0.42050323486328123,-3.242614990234375,3.112871792813834
1758544338.9587379,herder,1,-4.013551025390625,-2.869392333984375,1.2020593033202693
1758544338.9587379,herder,2,3.06458251953125,-2.8890751953125,1.670917734818371
1758544338.9587379,target,1,0.38394448852539065,3.108022216796875,-2.244583539435996
1758544338.9587379,target,2,2.320331298828125,1.4453775634765624,0.6153373514585309
1758544338.9587379,target,3,2.80515087890625,-2.620260986328125,0.6550877604680808
1758544338.9587379,target,4,-2.1324716796875,1.345247314453125,-1.557451892362782
1758544338.9587379,target,5,-0.42052520751953126,-3.242624267578125,3.113093367816528
1758544338.9786756,herder,1,-4.01204345703125,-2.86430126953125,1.2024386706175512
1758544338.9786756,herder,2,3.064510009765625,-2.893063232421875,1.660760971053027
1758544338.9786756,target,1,0.38396453857421875,3.108025146484375,-2.2451931370095153
1758544338.9786756,target,2,2.320337646484375,1.44539013671875,0.6148397398088497
1758544338.9786756,target,3,2.802258056640625,-2.624219970703125,0.5748589673650077
1758544338.9786756,target,4,-2.1323447265625,1.345336669921875,-1.5583223465650744
1758544338.9786756,target,5,-0.42052178955078123,-3.24262060546875,3.1131615447404344
1758544338.9986799,herder,1,-4.01032080078125,-2.858760498046875,1.2029577207140076
1758544338.9986799,herder,2,3.064645751953125,-2.896762451171875,1.6488756825821667
1758544338.9986799,target,1,0.38395452880859376,3.108005615234375,-2.24454492360019
1758544338.9986799,target,2,2.320346435546875,1.4453642578125,0.6168941022737368
1758544338.9986799,target,3,2.79957421875,-2.628410400390625,0.4882377554079039
1758544338.9986799,target,4,-2.132452880859375,1.345411376953125,-1.55813832213375
1758544338.9986799,target,5,-0.42054901123046873,-3.242612548828125,3.1139011045751492
1758544339.0188155,herder,1,-4.0083505859375,-2.85253271484375,1.2041273810647704
1758544339.0188155,herder,2,3.06472265625,-2.90146435546875,1.6369569714396262
1758544339.0188155,target,1,0.383976806640625,3.108000732421875,-2.2450011230949207
1758544339.0188155,target,2,2.320345947265625,1.445416015625,0.6154522002805406
1758544339.0188155,target,3,2.7968076171875,-2.632053466796875,0.40140981557118255
1758544339.0188155,target,4,-2.132676513671875,1.3453370361328125,-1.5631428012961723
1758544339.0188155,target,5,-0.420526123046875,-3.242626708984375,3.11372906436873
1758544339.038721,herder,1,-4.0059462890625,-2.846892578125,1.2043055465416967
1758544339.038721,herder,2,3.06506298828125,-2.90599267578125,1.6249073659295081
1758544339.038721,target,1,0.38396478271484374,3.1080419921875,-2.24481603339916
1758544339.038721,target,2,2.32038330078125,1.445429443359375,0.6156786355522246
1758544339.038721,target,3,2.793640380859375,-2.636758056640625,0.31605839882182846
1758544339.038721,target,4,-2.13264453125,1.345372314453125,-1.559585750186208
1758544339.038721,target,5,-0.4205171203613281,-3.242631591796875,3.1132217321810702
1758544339.0586522,herder,1,-4.0044677734375,-2.84190087890625,1.2055527048801808
1758544339.0586522,herder,2,3.065140380859375,-2.9105283203125,1.6133861315796618
1758544339.0586522,target,1,0.38398004150390624,3.108036376953125,-2.244788869156041
1758544339.0586522,target,2,2.320361328125,1.44539208984375,0.6164441612075678
1758544339.0586522,target,3,2.791277099609375,-2.641333740234375,0.22865967698447592
1758544339.0586522,target,4,-2.13249267578125,1.3453671875,-1.5582375248843554
1758544339.0586522,target,5,-0.42052450561523436,-3.242633544921875,3.1131650068498513
1758544339.0786762,herder,1,-4.00230078125,-2.837080810546875,1.207184823154236
1758544339.0786762,herder,2,3.065005615234375,-2.915689453125,1.6021768865515182
1758544339.0786762,target,1,0.38395880126953125,3.108030029296875,-2.2445941920803563
1758544339.0786762,target,2,2.3203681640625,1.445365478515625,0.6161906948508196
1758544339.0786762,target,3,2.788849853515625,-2.646470947265625,0.14033680495935225
1758544339.0786762,target,4,-2.13232861328125,1.345299560546875,-1.5564770422457586
1758544339.0786762,target,5,-0.4205237731933594,-3.2426240234375,3.1135716715483066
1758544339.0986633,herder,1,-4.000916015625,-2.8312373046875,1.2082507533805402
1758544339.0986633,herder,2,3.06507666015625,-2.92032373046875,1.590690273295843
1758544339.0986633,target,1,0.38395849609375,3.10804443359375,-2.2452445360185536
1758544339.0986633,target,2,2.320347412109375,1.4454034423828126,0.6148888085519343
1758544339.0986633,target,3,2.78749169921875,-2.65118408203125,0.05745496245596383
1758544339.0986633,target,4,-2.132659423828125,1.3453876953125,-1.5572319152567415
1758544339.0986633,target,5,-0.42055194091796877,-3.242624755859375,3.114004435225444
1758544339.1188748,herder,1,-3.99885791015625,-2.824845458984375,1.2071480715311929
1758544339.1188748,herder,2,3.06470654296875,-2.92452880859375,1.5794711745716663
1758544339.1188748,target,1,0.38396047973632813,3.108015380859375,-2.2452469328635347
1758544339.1188748,target,2,2.3203193359375,1.445379638671875,0.6156875571418763
1758544339.1188748,target,3,2.785693359375,-2.655522705078125,-0.026915227153912813
1758544339.1188748,target,4,-2.13251953125,1.3454700927734375,-1.5577259316389511
1758544339.1188748,target,5,-0.4205304565429687,-3.242631103515625,3.113658490599843
1758544339.1385465,herder,1,-3.99687109375,-2.819353271484375,1.206968174999558
1758544339.1385465,herder,2,3.064734619140625,-2.92907861328125,1.5654927746420584
1758544339.1385465,target,1,0.3839165954589844,3.108018798828125,-2.2450940674169644
1758544339.1385465,target,2,2.320355224609375,1.4453851318359374,0.6161458205864517
1758544339.1385465,target,3,2.784208984375,-2.660674560546875,-0.10889085627559072
1758544339.1385465,target,4,-2.132698974609375,1.3453956298828125,-1.553465273368988
1758544339.1385465,target,5,-0.42054559326171875,-3.242644287109375,3.113665947450895
1758544339.1586232,herder,1,-3.995176025390625,-2.81393310546875,1.2072985401327823
1758544339.1586232,herder,2,3.0643310546875,-2.933539794921875,1.5512925333936467
1758544339.1586232,target,1,0.3839344177246094,3.10799267578125,-2.2451033884807794
1758544339.1586232,target,2,2.3203369140625,1.445421875,0.6151504641290346
1758544339.1586232,target,3,2.783859130859375,-2.665870361328125,-0.19223677124368227
1758544339.1586232,target,4,-2.13262646484375,1.3452730712890626,-1.5545371957077447
1758544339.1586232,target,5,-0.4205400695800781,-3.242629638671875,3.113344770223432
1758544339.1787093,herder,1,-3.99311328125,-2.80817822265625,1.2076306363207152
1758544339.1787093,herder,2,3.06402490234375,-2.93794873046875,1.5368940198020788
1758544339.1787093,target,1,0.3839473876953125,3.108011962890625,-2.244509769873801
1758544339.1787093,target,2,2.320366455078125,1.445438232421875,0.6155571288274897
1758544339.1787093,target,3,2.78276513671875,-2.671043212890625,-0.27204355318251866
1758544339.1787093,target,4,-2.132450927734375,1.345312744140625,-1.5579858561613429
1758544339.1787093,target,5,-0.4205338134765625,-3.2426455078125,3.1135668778583443
1758544339.1987395,herder,1,-3.991344482421875,-2.8021279296875,1.2079550093414868
1758544339.1987395,herder,2,3.063795166015625,-2.941410400390625,1.5221876447884979
1758544339.1987395,target,1,0.38395123291015626,3.108036865234375,-2.244980350438418
1758544339.1987395,target,2,2.3203623046875,1.445404541015625,0.6150145763344133
1758544339.1987395,target,3,2.78201513671875,-2.67635693359375,-0.35304264898614035
1758544339.1987395,target,4,-2.132454345703125,1.345379150390625,-1.5567813084003002
1758544339.1987395,target,5,-0.4205376892089844,-3.242620361328125,3.114022012088639
1758544339.2187448,herder,1,-3.98981591796875,-2.7962138671875,1.2077163901078156
1758544339.2187448,herder,2,3.06340380859375,-2.944388916015625,1.5094336331700537
1758544339.2187448,target,1,0.3839530334472656,3.10804296875,-2.244907912456768
1758544339.2187448,target,2,2.320348876953125,1.4453948974609374,0.6161888306380565
1758544339.2187448,target,3,2.782477783203125,-2.68035205078125,-0.4206058474189601
1758544339.2187448,target,4,-2.132462158203125,1.345491455078125,-1.5579175460793824
1758544339.2187448,target,5,-0.420529541015625,-3.24262109375,3.113862488739343
1758544339.2386808,herder,1,-3.9876396484375,-2.790563232421875,1.2073852260262643
1758544339.2386808,herder,2,3.06281689453125,-2.948473388671875,1.4936813016383441
1758544339.2386808,target,1,0.3839538879394531,3.108039794921875,-2.2450919368880924
1758544339.2386808,target,2,2.32034326171875,1.445373046875,0.6153068582640495
1758544339.2386808,target,3,2.780570068359375,-2.685338623046875,-0.48127328955172405
1758544339.2386808,target,4,-2.132465087890625,1.3453624267578126,-1.5565490807532452
1758544339.2386808,target,5,-0.4205092163085937,-3.242620849609375,3.1129988255978303
1758544339.2587261,herder,1,-3.985824462890625,-2.78469384765625,1.2075390235792165
1758544339.2587261,herder,2,3.06196826171875,-2.952505126953125,1.4791192699558453
1758544339.2587261,target,1,0.38396258544921874,3.10800390625,-2.2452368128513926
1758544339.2587261,target,2,2.3203583984375,1.4453834228515625,0.6154372865784361
1758544339.2587261,target,3,2.777643310546875,-2.690705810546875,-0.5213852892582795
1758544339.2587261,target,4,-2.13241552734375,1.34538427734375,-1.5582011727354759
1758544339.2587261,target,5,-0.4204982604980469,-3.24262255859375,3.1125223860788154
1758544339.2785656,herder,1,-3.983483154296875,-2.779119873046875,1.2075500756977402
1758544339.2785656,herder,2,3.06151220703125,-2.955767822265625,1.464398247556269
1758544339.2785656,target,1,0.3839539794921875,3.10802001953125,-2.244717230122718
1758544339.2785656,target,2,2.320345458984375,1.4454345703125,0.6147404039001897
1758544339.2785656,target,3,2.774619873046875,-2.695048583984375,-0.557937707851835
1758544339.2785656,target,4,-2.132653564453125,1.3452420654296875,-1.5585456526224777
1758544339.2785656,target,5,-0.4205121765136719,-3.242632568359375,3.1129793845218727
1758544339.298641,herder,1,-3.9823154296875,-2.77390283203125,1.2081398327211383
1758544339.298641,herder,2,3.06103662109375,-2.959162109375,1.4506311694591587
1758544339.298641,target,1,0.3839709777832031,3.1080234375,-2.2450016557271386
1758544339.298641,target,2,2.32034716796875,1.4453780517578125,0.6155769027985836
1758544339.298641,target,3,2.7722197265625,-2.699360107421875,-0.5934947034089463
1758544339.298641,target,4,-2.132541748046875,1.3453446044921875,-1.5592764240255954
1758544339.298641,target,5,-0.4205210876464844,-3.242641845703125,3.113257152223568
1758544339.318805,herder,1,-3.980185791015625,-2.767724365234375,1.208614541185445
1758544339.318805,herder,2,3.0603310546875,-2.963612060546875,1.437008168377022
1758544339.318805,target,1,0.3839813537597656,3.108018798828125,-2.2448059133870175
1758544339.318805,target,2,2.320374755859375,1.4454322509765625,0.6150778929893299
1758544339.318805,target,3,2.76983447265625,-2.70298193359375,-0.6181660280103586
1758544339.318805,target,4,-2.132459228515625,1.3454266357421876,-1.560358599534549
1758544339.318805,target,5,-0.4205443725585937,-3.24261083984375,3.1140760742587674
1758544339.3386776,herder,1,-3.978147705078125,-2.761594482421875,1.209070607522121
1758544339.3386776,herder,2,3.059453369140625,-2.967309326171875,1.423329906702266
1758544339.3386776,target,1,0.38395510864257815,3.108013427734375,-2.2451973980672593
1758544339.3386776,target,2,2.320359130859375,1.4453946533203126,0.6151881478584592
1758544339.3386776,target,3,2.766484619140625,-2.70824365234375,-0.64021154235598
1758544339.3386776,target,4,-2.1323896484375,1.345440673828125,-1.5589702936582908
1758544339.3386776,target,5,-0.4205272216796875,-3.2426513671875,3.11358152524434
1758544339.358711,herder,1,-3.97674365234375,-2.7562548828125,1.2099904633626344
1758544339.358711,herder,2,3.058591796875,-2.970609130859375,1.4094198168546186
1758544339.358711,target,1,0.3839388427734375,3.10803466796875,-2.2449023198184785
1758544339.358711,target,2,2.320330322265625,1.4453988037109375,0.6153125840603931
1758544339.358711,target,3,2.762304443359375,-2.713090087890625,-0.6559291862144914
1758544339.358711,target,4,-2.1321865234375,1.3453558349609376,-1.5607977547983032
1758544339.358711,target,5,-0.4205401306152344,-3.2426298828125,3.113630527408397
1758544339.378644,herder,1,-3.974457275390625,-2.751181640625,1.210752660066615
1758544339.378644,herder,2,3.057799072265625,-2.97487451171875,1.3953097236091063
1758544339.378644,target,1,0.38394186401367186,3.108038330078125,-2.2452075180794018
1758544339.378644,target,2,2.3203427734375,1.445383056640625,0.6155058629765057
1758544339.378644,target,3,2.75820556640625,-2.717313232421875,-0.6740420105783929
1758544339.378644,target,4,-2.132290771484375,1.345224365234375,-1.5591854770743692
1758544339.378644,target,5,-0.42051034545898436,-3.242566162109375,3.114520289528593
1758544339.398679,herder,1,-3.97284033203125,-2.74579150390625,1.2124727958146972
1758544339.398679,herder,2,3.0568876953125,-2.978593994140625,1.382488467173138
1758544339.398679,target,1,0.3839504089355469,3.10801708984375,-2.2446668963781153
1758544339.398679,target,2,2.320362060546875,1.445386474609375,0.6149652412752196
1758544339.398679,target,3,2.75470751953125,-2.722403076171875,-0.6807740157609223
1758544339.398679,target,4,-2.13229443359375,1.3453348388671875,-1.5580867899666568
1758544339.398679,target,5,-0.4205177917480469,-3.242623046875,3.114367690398131
1758544339.4193983,herder,1,-3.970519287109375,-2.73944921875,1.2127814561850374
1758544339.4193983,herder,2,3.0561796875,-2.98236328125,1.368462263501963
1758544339.4193983,target,1,0.3839459228515625,3.108029541015625,-2.245221100200961
1758544339.4193983,target,2,2.320352783203125,1.44538134765625,0.6151583204542503
1758544339.4193983,target,3,2.751338134765625,-2.726943115234375,-0.688055364497308
1758544339.4193983,target,4,-2.13245556640625,1.3455596923828126,-1.561125589928492
1758544339.4193983,target,5,-0.42053402709960935,-3.242644287109375,3.114322682975709
1758544339.4386606,herder,1,-3.96885791015625,-2.733532958984375,1.214008374499237
1758544339.4386606,herder,2,3.0550302734375,-2.985967041015625,1.35546643685654
1758544339.4386606,target,1,0.3839583740234375,3.108027099609375,-2.2452338833741936
1758544339.4386606,target,2,2.320330322265625,1.4454334716796875,0.6155707109490491
1758544339.4386606,target,3,2.7468798828125,-2.73227392578125,-0.6924474497670667
1758544339.4386606,target,4,-2.132417724609375,1.3453427734375,-1.5630846112263541
1758544339.4386606,target,5,-0.42051971435546875,-3.242617919921875,3.113862488739343
1758544339.458659,herder,1,-3.96694189453125,-2.72840087890625,1.2142367405627112
1758544339.458659,herder,2,3.0539462890625,-2.989841552734375,1.3420859165916548
1758544339.458659,target,1,0.3839726867675781,3.108015625,-2.2444679582446865
1758544339.458659,target,2,2.320371826171875,1.445398681640625,0.6157623919685076
1758544339.458659,target,3,2.74243798828125,-2.737686279296875,-0.699329191181886
1758544339.458659,target,4,-2.132727294921875,1.3453111572265626,-1.5662818692730487
1758544339.458659,target,5,-0.42051995849609375,-3.24259814453125,3.113995913109956
1758544339.4785697,herder,1,-3.965373779296875,-2.72265185546875,1.2147179737716884
1758544339.4785697,herder,2,3.05286474609375,-2.993595947265625,1.3320435355951294
1758544339.4785697,target,1,0.3839725341796875,3.108015380859375,-2.245180353836283
1758544339.4785697,target,2,2.32037255859375,1.445396728515625,0.6151516625515251
1758544339.4785697,target,3,2.737756103515625,-2.742697998046875,-0.7079130920074294
1758544339.4785697,target,4,-2.1327744140625,1.3452196044921876,-1.5596503318426425
1758544339.4785697,target,5,-0.42054595947265627,-3.2426240234375,3.1138784677058835
1758544339.4986322,herder,1,-3.963499755859375,-2.71647607421875,1.2146055883736873
1758544339.4986322,herder,2,3.052440185546875,-2.996469482421875,1.3248498048586073
1758544339.4986322,target,1,0.3839686279296875,3.108037353515625,-2.2452024580733303
1758544339.4986322,target,2,2.3203544921875,1.445401123046875,0.6166977607223706
1758544339.4986322,target,3,2.7334609375,-2.747555419921875,-0.7106678658390073
1758544339.4986322,target,4,-2.13281201171875,1.3452362060546874,-1.5591250233176244
1758544339.4986322,target,5,-0.42051007080078123,-3.2426318359375,3.1128361064552266
1758544339.5186062,herder,1,-3.961602294921875,-2.7104326171875,1.2145057198328093
1758544339.5186062,herder,2,3.051677001953125,-2.998827392578125,1.320388077926343
1758544339.5186062,target,1,0.38395095825195313,3.108006103515625,-2.244586735229304
1758544339.5186062,target,2,2.320355712890625,1.4453641357421876,0.6160597339042149
1758544339.5186062,target,3,2.728366455078125,-2.7533896484375,-0.7172115855324682
1758544339.5186062,target,4,-2.13264697265625,1.34534814453125,-1.5575421735237358
1758544339.5186062,target,5,-0.42059185791015624,-3.242700439453125,3.1155227033628985
1758544339.5386453,herder,1,-3.95968212890625,-2.705306640625,1.21459679994209
1758544339.5386453,herder,2,3.050828857421875,-3.001577880859375,1.3164621790054027
1758544339.5386453,target,1,0.38396478271484374,3.108038818359375,-2.244781678621098
1758544339.5386453,target,2,2.32035546875,1.44535302734375,0.6163267823825226
1758544339.5386453,target,3,2.723065673828125,-2.759548583984375,-0.7203762198558095
1758544339.5386453,target,4,-2.13254443359375,1.34535009765625,-1.558607571117822
1758544339.5386453,target,5,-0.4205428466796875,-3.242622802734375,3.113659822180388
1758544339.5586786,herder,1,-3.957783935546875,-2.69957958984375,1.2156065374693934
1758544339.5586786,herder,2,3.050085693359375,-3.004072021484375,1.3132988762626066
1758544339.5586786,target,1,0.3839437255859375,3.108016357421875,-2.244952653563081
1758544339.5586786,target,2,2.32036962890625,1.4454132080078126,0.6154091236499085
1758544339.5586786,target,3,2.719114501953125,-2.76456005859375,-0.7233355244591054
1758544339.5586786,target,4,-2.1323125,1.345423828125,-1.5599335590245724
1758544339.5586786,target,5,-0.4205240478515625,-3.24260791015625,3.1133783260531667
1758544339.5787206,herder,1,-3.955678955078125,-2.69347119140625,1.215941429976471
1758544339.5787206,herder,2,3.049485107421875,-3.005794189453125,1.3126764955158552
1758544339.5787206,target,1,0.3839696044921875,3.1080048828125,-2.2445627667794934
1758544339.5787206,target,2,2.320380615234375,1.4453931884765625,0.6163557442593772
1758544339.5787206,target,3,2.7148017578125,-2.7695595703125,-0.7233388534104681
1758544339.5787206,target,4,-2.132212158203125,1.3453802490234374,-1.5598529984015974
1758544339.5787206,target,5,-0.4205279541015625,-3.242669677734375,3.113314143870896
1758544339.5987115,herder,1,-3.95397119140625,-2.687671630859375,1.2153448818922932
1758544339.5987115,herder,2,3.04930419921875,-3.0081162109375,1.3140454934742103
1758544339.5987115,target,1,0.38395587158203126,3.108031005859375,-2.2452344160064115
1758544339.5987115,target,2,2.320338623046875,1.445353759765625,0.6155084595585685
1758544339.5987115,target,3,2.7098154296875,-2.77521142578125,-0.7227315861029028
1758544339.5987115,target,4,-2.132375244140625,1.3453428955078126,-1.5574950355724413
1758544339.5987115,target,5,-0.42056170654296876,-3.242647216796875,3.113831862386807
1758544339.6188517,herder,1,-3.952580810546875,-2.683124755859375,1.2142746906082449
1758544339.6188517,herder,2,3.0489990234375,-3.010417724609375,1.3180580782886329
1758544339.6188517,target,1,0.3839693603515625,3.108044921875,-2.244741731204747
1758544339.6188517,target,2,2.320346435546875,1.44535791015625,0.6161406940013533
1758544339.6188517,target,3,2.70448486328125,-2.78163720703125,-0.7239959884094451
1758544339.6188517,target,4,-2.13260546875,1.345255615234375,-1.554831341850144
1758544339.6188517,target,5,-0.42053109741210937,-3.242687744140625,3.11338019026593
1758544339.6386497,herder,1,-3.950882080078125,-2.67685302734375,1.2135957176883292
1758544339.6386497,herder,2,3.0486748046875,-3.012035400390625,1.3243459347803643
1758544339.6386497,target,1,0.3839559020996094,3.108022705078125,-2.2451742285657756
1758544339.6386497,target,2,2.320333251953125,1.44538134765625,0.6150921409011618
1758544339.6386497,target,3,2.69980859375,-2.7874951171875,-0.727307962120095
1758544339.6386497,target,4,-2.13280712890625,1.345388916015625,-1.5497574873413251
1758544339.6386497,target,5,-0.4205609741210937,-3.24265185546875,3.1138736740159216
1758544339.6587873,herder,1,-3.94874853515625,-2.670642333984375,1.213454037518337
1758544339.6587873,herder,2,3.048214599609375,-3.013443115234375,1.3327154511381563
1758544339.6587873,target,1,0.38396511840820313,3.10800390625,-2.2454083204255935
1758544339.6587873,target,2,2.320343017578125,1.4453531494140626,0.6156860924032768
1758544339.6587873,target,3,2.695234619140625,-2.7925341796875,-0.7280176945506011
1758544339.6587873,target,4,-2.1327236328125,1.345400390625,-1.5509744188014367
1758544339.6587873,target,5,-0.420556396484375,-3.242616455078125,3.1138094918336505
1758544339.6786919,herder,1,-3.946813232421875,-2.6650224609375,1.2137286094267241
1758544339.6786919,herder,2,3.047937255859375,-3.015412353515625,1.3428217480008435
1758544339.6786919,target,1,0.38397137451171875,3.108029541015625,-2.2452218991492883
1758544339.6786919,target,2,2.320361083984375,1.445380859375,0.6160737154999378
1758544339.6786919,target,3,2.690495849609375,-2.7989814453125,-0.7236386587701837
1758544339.6786919,target,4,-2.13238720703125,1.345218017578125,-1.5527169251026756
1758544339.6786919,target,5,-0.42054727172851564,-3.2426357421875,3.1138379876573143
1758544339.698714,herder,1,-3.945354736328125,-2.660334228515625,1.2147382137959732
1758544339.698714,herder,2,3.047832275390625,-3.017965087890625,1.355343665130287
1758544339.698714,target,1,0.38394540405273436,3.108010986328125,-2.244541994122991
1758544339.698714,target,2,2.3203447265625,1.4453795166015626,0.6147625747162645
1758544339.698714,target,3,2.6853359375,-2.804180908203125,-0.7256998788748779
1758544339.698714,target,4,-2.132437744140625,1.3451611328125,-1.555701662894382
1758544339.698714,target,5,-0.420529296875,-3.242654541015625,3.113190573196316
1758544339.7192507,herder,1,-3.943573974609375,-2.654160400390625,1.2142176989609172
1758544339.7192507,herder,2,3.047831787109375,-3.020837890625,1.369003950467685
1758544339.7192507,target,1,0.3839627380371094,3.108018798828125,-2.244922559842763
1758544339.7192507,target,2,2.320357177734375,1.4454013671875,0.6153371517214491
1758544339.7192507,target,3,2.680750732421875,-2.809939208984375,-0.7209380802667888
1758544339.7192507,target,4,-2.13253466796875,1.3453382568359376,-1.5561153849697258
1758544339.7192507,target,5,-0.42051751708984375,-3.242640380859375,3.113116537318012
1758544339.7386806,herder,1,-3.941635009765625,-2.647848876953125,1.2130424459718652
1758544339.7386806,herder,2,3.047628662109375,-3.023446533203125,1.3802187881341177
1758544339.7386806,target,1,0.38401132202148436,3.107979248046875,-2.2449206956300003
1758544339.7386806,target,2,2.320384033203125,1.445428466796875,0.6156234415386327
1758544339.7386806,target,3,2.67546630859375,-2.815732177734375,-0.7187177362869626
1758544339.7386806,target,4,-2.13241064453125,1.3452977294921875,-1.5569737217890582
1758544339.7386806,target,5,-0.42054220581054685,-3.24264892578125,3.1134121481990107
1758544339.758734,herder,1,-3.940302734375,-2.642951416015625,1.212750164042229
1758544339.758734,herder,2,3.047000732421875,-3.02678076171875,1.3899019086995914
1758544339.758734,target,1,0.38393875122070314,3.10799609375,-2.244814701818615
1758544339.758734,target,2,2.320359619140625,1.4453992919921874,0.6153734372913015
1758544339.758734,target,3,2.670506591796875,-2.820921875,-0.7213569955062583
1758544339.758734,target,4,-2.132335693359375,1.3453250732421875,-1.55867255224842
1758544339.758734,target,5,-0.4205480651855469,-3.24266552734375,3.1139210782833247
1758544339.7787008,herder,1,-3.9383046875,-2.637169677734375,1.2124205978573317
1758544339.7787008,herder,2,3.046588623046875,-3.031421875,1.3996498772376085
1758544339.7787008,target,1,0.3839779968261719,3.108022216796875,-2.2446977890467603
1758544339.7787008,target,2,2.320365966796875,1.4454119873046876,0.6159695859013157
1758544339.7787008,target,3,2.66551025390625,-2.8268046875,-0.713102327970476
1758544339.7787008,target,4,-2.13248193359375,1.345554443359375,-1.5609086754577048
1758544339.7787008,target,5,-0.4205476379394531,-3.242655517578125,3.114095781650834
1758544339.7986293,herder,1,-3.9358134765625,-2.630831298828125,1.213231530409261
1758544339.7986293,herder,2,3.046370849609375,-3.0359228515625,1.409198508168033
1758544339.7986293,target,1,0.3839875793457031,3.108026123046875,-2.245056783161703
1758544339.7986293,target,2,2.320352294921875,1.4453924560546876,0.6156320968121755
1758544339.7986293,target,3,2.6601689453125,-2.831768798828125,-0.7071971677273888
1758544339.7986293,target,4,-2.132438232421875,1.3456016845703125,-1.5630696975242497
1758544339.7986293,target,5,-0.4205435180664063,-3.2426376953125,3.1140880584836728
1758544339.8186307,herder,1,-3.933872314453125,-2.62538671875,1.21498468935486
1758544339.8186307,herder,2,3.046102294921875,-3.040631103515625,1.4175628313616995
1758544339.8186307,target,1,0.3839587707519531,3.108011474609375,-2.2446605047914994
1758544339.8186307,target,2,2.32036328125,1.44541259765625,0.6155067285038599
1758544339.8186307,target,3,2.654677734375,-2.837106689453125,-0.705984697062103
1758544339.8186307,target,4,-2.1322470703125,1.3454703369140626,-1.5596115828487818
1758544339.8186307,target,5,-0.42053689575195313,-3.242619873046875,3.113889919298571
1758544339.8387105,herder,1,-3.931873779296875,-2.6202080078125,1.2155587337278266
1758544339.8387105,herder,2,3.04536328125,-3.04583251953125,1.4265918795634496
1758544339.8387105,target,1,0.383978271484375,3.108030517578125,-2.2453987330456693
1758544339.8387105,target,2,2.32032861328125,1.445389404296875,0.615231157910064
1758544339.8387105,target,3,2.64956396484375,-2.8425537109375,-0.7020532055028735
1758544339.8387105,target,4,-2.132150146484375,1.3454146728515626,-1.5600067959545496
1758544339.8387105,target,5,-0.4205484924316406,-3.242598388671875,3.113889386666353
1758544339.8586774,herder,1,-3.930715576171875,-2.613833984375,1.216261142465335
1758544339.8586774,herder,2,3.044891845703125,-3.051147705078125,1.4345470080556253
1758544339.8586774,target,1,0.38394876098632813,3.1080166015625,-2.2446429279283047
1758544339.8586774,target,2,2.320361328125,1.4454085693359375,0.615727371400173
1758544339.8586774,target,3,2.64412890625,-2.847616455078125,-0.696918963816337
1758544339.8586774,target,4,-2.132392822265625,1.3454769287109376,-1.5609524844576368
1758544339.8586774,target,5,-0.4205669555664063,-3.242673583984375,3.115064107023187
1758544339.8791165,herder,1,-3.928606689453125,-2.607796875,1.2155732479557675
1758544339.8791165,herder,2,3.04451025390625,-3.05601318359375,1.441665637649407
1758544339.8791165,target,1,0.3839881591796875,3.107990478515625,-2.245479426826699
1758544339.8791165,target,2,2.320363525390625,1.44540625,0.6152633155802267
1758544339.8791165,target,3,2.63874169921875,-2.85302294921875,-0.69381092166616
1758544339.8791165,target,4,-2.1322939453125,1.3453701171875,-1.5588420624518033
1758544339.8791165,target,5,-0.42054415893554686,-3.242677734375,3.114195117559494
1758544339.8988008,herder,1,-3.927452392578125,-2.60211962890625,1.2167242661788997
1758544339.8988008,herder,2,3.0440703125,-3.060631591796875,1.4486488455017583
1758544339.8988008,target,1,0.38395248413085936,3.10802587890625,-2.2448242891985393
1758544339.8988008,target,2,2.320365478515625,1.4453902587890626,0.6157829648879284
1758544339.8988008,target,3,2.63395361328125,-2.85808837890625,-0.6906566736710702
1758544339.8988008,target,4,-2.132528564453125,1.3453350830078126,-1.5550116378559424
1758544339.8988008,target,5,-0.4205306091308594,-3.242611083984375,3.114186062811788
1758544339.9188488,herder,1,-3.925672119140625,-2.597005126953125,1.2160468911556381
1758544339.9188488,herder,2,3.043990234375,-3.06610986328125,1.4559155468521485
1758544339.9188488,target,1,0.38395120239257813,3.108048095703125,-2.2449992588821575
1758544339.9188488,target,2,2.3203447265625,1.445410888671875,0.6152001986623918
1758544339.9188488,target,3,2.62888037109375,-2.86302783203125,-0.6822955462707119
1758544339.9188488,target,4,-2.1327744140625,1.345388916015625,-1.5501785331096667
1758544339.9188488,target,5,-0.4205550842285156,-3.242659423828125,3.114082465845384
1758544339.938868,herder,1,-3.923544677734375,-2.59064599609375,1.216141433374336
1758544339.938868,herder,2,3.043365234375,-3.072394287109375,1.4643387259059055
1758544339.938868,target,1,0.383969970703125,3.1080126953125,-2.244883677690848
1758544339.938868,target,2,2.3203251953125,1.4453321533203125,0.6141850682338809
1758544339.938868,target,3,2.623134765625,-2.868420654296875,-0.6769368001042817
1758544339.938868,target,4,-2.132641357421875,1.345386962890625,-1.553431451223144
1758544339.938868,target,5,-0.4205467529296875,-3.242640625,3.1141857964956787
1758544339.9586756,herder,1,-3.921471435546875,-2.58482275390625,1.2168082889112917
1758544339.9586756,herder,2,3.043392822265625,-3.077768310546875,1.4716516331012086
1758544339.9586756,target,1,0.3840165710449219,3.1080029296875,-2.2450296189185845
1758544339.9586756,target,2,2.320344482421875,1.445342041015625,0.6154630526619826
1758544339.9586756,target,3,2.61772607421875,-2.87326513671875,-0.6766711497855463
1758544339.9586756,target,4,-2.1323623046875,1.345380859375,-1.5568335063576657
1758544339.9586756,target,5,-0.42054922485351565,-3.24262548828125,3.1137703433656263
1758544339.9787204,herder,1,-3.919843505859375,-2.579469482421875,1.217492188679224
1758544339.9787204,herder,2,3.043189453125,-3.08187939453125,1.4807962624942683
1758544339.9787204,target,1,0.38399176025390624,3.10801513671875,-2.244652781624338
1758544339.9787204,target,2,2.3203359375,1.445366455078125,0.6151713699435917
1758544339.9787204,target,3,2.61318359375,-2.878510009765625,-0.6695285517419538
1758544339.9787204,target,4,-2.132310546875,1.3453958740234375,-1.5554960668582278
1758544339.9787204,target,5,-0.4205336608886719,-3.24262109375,3.1137543643990857
1758544339.9985812,herder,1,-3.9185546875,-2.573959716796875,1.2178446580494962
1758544339.9985812,herder,2,3.043099365234375,-3.085471923828125,1.4910355842534049
1758544339.9985812,target,1,0.38395501708984375,3.108045654296875,-2.2451814191007187
1758544339.9985812,target,2,2.32032177734375,1.4453828125,0.6147012554321655
1758544339.9985812,target,3,2.60749755859375,-2.88339306640625,-0.6636393704654071
1758544339.9985812,target,4,-2.132233154296875,1.34541455078125,-1.5582943833736287
1758544339.9985812,target,5,-0.42054949951171877,-3.242616943359375,3.1140651552982983
1758544340.0187352,herder,1,-3.916642822265625,-2.5681328125,1.217642790438868
1758544340.0187352,herder,2,3.04344189453125,-3.0893720703125,1.5004320155275315
1758544340.0187352,target,1,0.38398275756835937,3.108031494140625,-2.2452645097267294
1758544340.0187352,target,2,2.320405029296875,1.4454339599609376,0.6163457574052894
1758544340.0187352,target,3,2.60199658203125,-2.8885283203125,-0.6617043176173555
1758544340.0187352,target,4,-2.132587646484375,1.3453614501953124,-1.5588697593271403
1758544340.0187352,target,5,-0.42055386352539065,-3.242624755859375,3.114291790307064
1758544340.0387404,herder,1,-3.9145927734375,-2.5619111328125,1.2171415835217152
1758544340.0387404,herder,2,3.04317626953125,-3.09445263671875,1.509459332674573
1758544340.0387404,target,1,0.38395645141601564,3.108013671875,-2.245149461167638
1758544340.0387404,target,2,2.32040087890625,1.4454202880859375,0.6148854796005717
1758544340.0387404,target,3,2.5969658203125,-2.893491455078125,-0.6517164648441496
1758544340.0387404,target,4,-2.13270166015625,1.3454154052734375,-1.5531214592722586
1758544340.0387404,target,5,-0.4205548095703125,-3.24263818359375,3.114294986100372
1758544340.0586653,herder,1,-3.912973388671875,-2.556668212890625,1.216950768029611
1758544340.0586653,herder,2,3.043220703125,-3.098887939453125,1.5188296649700168
1758544340.0586653,target,1,0.38394540405273436,3.108018798828125,-2.245421103598826
1758544340.0586653,target,2,2.320319091796875,1.445377685546875,0.614324351558892
1758544340.0586653,target,3,2.591650146484375,-2.8983955078125,-0.6486639496027007
1758544340.0586653,target,4,-2.132569091796875,1.345262939453125,-1.548912466327443
1758544340.0586653,target,5,-0.42055984497070314,-3.242646728515625,3.1142832681915755
1758544340.0786538,herder,1,-3.91142578125,-2.551371826171875,1.2171937814790807
1758544340.0786538,herder,2,3.0435,-3.10224853515625,1.5297114743421352
1758544340.0786538,target,1,0.38394589233398435,3.108025146484375,-2.24438113919315
1758544340.0786538,target,2,2.32034033203125,1.4453980712890624,0.6158858294850327
1758544340.0786538,target,3,2.58566796875,-2.9025986328125,-0.6455405276972286
1758544340.0786538,target,4,-2.132396484375,1.345324951171875,-1.552478971659277
1758544340.0786538,target,5,-0.42052340698242185,-3.242615234375,3.113700302228957
1758544340.0985975,herder,1,-3.909640380859375,-2.545002685546875,1.216817876291216
1758544340.0985975,herder,2,3.0436533203125,-3.10636962890625,1.539956388739561
1758544340.0985975,target,1,0.3839826965332031,3.108017822265625,-2.244507639344929
1758544340.0985975,target,2,2.320335693359375,1.4453643798828124,0.6156024691450482
1758544340.0985975,target,3,2.58016650390625,-2.907497314453125,-0.6420844103925782
1758544340.0985975,target,4,-2.132369384765625,1.34537353515625,-1.5551176316673276
1758544340.0985975,target,5,-0.4205185546875,-3.242608642578125,3.1139104256389647
1758544340.1189675,herder,1,-3.9083203125,-2.539029541015625,1.2165101480272573
1758544340.1189675,herder,2,3.0439716796875,-3.1116640625,1.549855225353331
1758544340.1189675,target,1,0.383969970703125,3.108028076171875,-2.2447933965298943
1758544340.1189675,target,2,2.3203359375,1.4453642578125,0.6151293585773957
1758544340.1189675,target,3,2.574724365234375,-2.912590087890625,-0.6404941703266647
1758544340.1189675,target,4,-2.13266357421875,1.3452744140625,-1.5560991396870762
1758544340.1189675,target,5,-0.420530517578125,-3.24261669921875,3.1138358571284424
1758544340.13869,herder,1,-3.906125732421875,-2.533332763671875,1.2172855273786338
1758544340.13869,herder,2,3.0442236328125,-3.1162060546875,1.5604840344218918
1758544340.13869,target,1,0.3839788818359375,3.10803125,-2.2458461441088025
1758544340.13869,target,2,2.32035205078125,1.44538134765625,0.6149531904712869
1758544340.13869,target,3,2.56975830078125,-2.917596923828125,-0.63815192014794
1758544340.13869,target,4,-2.132572265625,1.3453006591796874,-1.558641925895884
1758544340.13869,target,5,-0.42053890991210935,-3.242614013671875,3.115329890499977
1758544340.1587095,herder,1,-3.904114990234375,-2.528007080078125,1.2188091218382682
1758544340.1587095,herder,2,3.0449921875,-3.12047607421875,1.570201642923482
1758544340.1587095,target,1,0.3839305114746094,3.10803173828125,-2.24474093225642
1758544340.1587095,target,2,2.320367919921875,1.445382080078125,0.6164127359067049
1758544340.1587095,target,3,2.5656630859375,-2.921725830078125,-0.6385282248099682
1758544340.1587095,target,4,-2.132688720703125,1.3453634033203126,-1.5572054168038951
1758544340.1587095,target,5,-0.4205220336914062,-3.242637939453125,3.1145788790725746
1758544340.1791492,herder,1,-3.9027353515625,-2.522197998046875,1.2205019601851772
1758544340.1791492,herder,2,3.045328857421875,-3.124746826171875,1.5809549547730037
1758544340.1791492,target,1,0.3839384765625,3.10798828125,-2.2449068471923317
1758544340.1791492,target,2,2.320343994140625,1.445419677734375,0.6157097945369785
1758544340.1791492,target,3,2.56271533203125,-2.924056396484375,-0.636480719984888
1758544340.1791492,target,4,-2.132719970703125,1.34537646484375,-1.5564493453704218
1758544340.1791492,target,5,-0.420529296875,-3.2425908203125,3.114432138896511
1758544340.1987278,herder,1,-3.900493896484375,-2.51637109375,1.220361877911839
1758544340.1987278,herder,2,3.045854248046875,-3.128883544921875,1.5917447519294599
1758544340.1987278,target,1,0.38396420288085936,3.108010986328125,-2.244677016390258
1758544340.1987278,target,2,2.32034423828125,1.4453525390625,0.6153356204038224
1758544340.1987278,target,3,2.56085498046875,-2.926127685546875,-0.6359436935510735
1758544340.1987278,target,4,-2.132583740234375,1.3454429931640626,-1.557909556596112
1758544340.1987278,target,5,-0.42052627563476563,-3.242638671875,3.113883261395846
1758544340.2189527,herder,1,-3.89923681640625,-2.51069580078125,1.219668257605928
1758544340.2189527,herder,2,3.046080810546875,-3.133592041015625,1.6039379018223332
1758544340.2189527,target,1,0.3839588317871094,3.108020263671875,-2.245306055039735
1758544340.2189527,target,2,2.320361328125,1.445403564453125,0.6157484769518119
1758544340.2189527,target,3,2.55861767578125,-2.9280185546875,-0.6354919548511688
1758544340.2189527,target,4,-2.132298828125,1.3453807373046875,-1.5584977157228561
1758544340.2189527,target,5,-0.42053570556640624,-3.2426669921875,3.113861956107125
1758544340.238734,herder,1,-3.897548583984375,-2.5049580078125,1.2189794309899789
1758544340.238734,herder,2,3.046778076171875,-3.137659423828125,1.6162086828609823
1758544340.238734,target,1,0.38392437744140623,3.1080029296875,-2.2453606498420813
1758544340.238734,target,2,2.320319091796875,1.4453922119140625,0.6144453256514089
1758544340.238734,target,3,2.55695703125,-2.92926953125,-0.6310096549994837
1758544340.238734,target,4,-2.132609130859375,1.3454498291015624,-1.5582563001700405
1758544340.238734,target,5,-0.42052584838867185,-3.242627197265625,3.113521337803704
1758544340.2587214,herder,1,-3.895879150390625,-2.499685546875,1.2185573199572013
1758544340.2587214,herder,2,3.047117431640625,-3.14071044921875,1.628690785732129
1758544340.2587214,target,1,0.38397381591796875,3.1080380859375,-2.245120965343974
1758544340.2587214,target,2,2.320350830078125,1.4454124755859374,0.6147441323257158
1758544340.2587214,target,3,2.555715576171875,-2.93055517578125,-0.6295616277357804
1758544340.2587214,target,4,-2.13261328125,1.3455194091796876,-1.5561995408601723
1758544340.2587214,target,5,-0.42051910400390624,-3.242627685546875,3.113526930441993
1758544340.2787035,herder,1,-3.8940478515625,-2.493361328125,1.2187402791240898
1758544340.2787035,herder,2,3.04767578125,-3.144218017578125,1.6423574626561432
1758544340.2787035,target,1,0.383960205078125,3.1080087890625,-2.244689000615163
1758544340.2787035,target,2,2.32033203125,1.445365234375,0.6157331637755439
1758544340.2787035,target,3,2.554802734375,-2.931364990234375,-0.6275993440655827
1758544340.2787035,target,4,-2.13271826171875,1.3452906494140624,-1.5597155792893493
1758544340.2787035,target,5,-0.42052493286132814,-3.2426416015625,3.1134363829649305
1758544340.2987006,herder,1,-3.8920732421875,-2.487603515625,1.2193433519529382
1758544340.2987006,herder,2,3.04880712890625,-3.149000732421875,1.655638513854314
1758544340.2987006,target,1,0.38396014404296874,3.108018310546875,-2.245044532620689
1758544340.2987006,target,2,2.32038232421875,1.4454351806640624,0.6152061907748445
1758544340.2987006,target,3,2.554168212890625,-2.931971435546875,-0.6267965341549784
1758544340.2987006,target,4,-2.132595703125,1.3453123779296876,-1.559734754049198
1758544340.2987006,target,5,-0.4205321044921875,-3.24265966796875,3.113256353275241
1758544340.3190942,herder,1,-3.89028271484375,-2.481875244140625,1.2198315093807497
1758544340.3190942,herder,2,3.04966748046875,-3.1527705078125,1.670681512429681
1758544340.3190942,target,1,0.38395138549804686,3.10801318359375,-2.2450285536541483
1758544340.3190942,target,2,2.32036181640625,1.4454056396484376,0.6150048557964345
1758544340.3190942,target,3,2.554237060546875,-2.932173095703125,-0.6302857412361729
1758544340.3190942,target,4,-2.132617431640625,1.345322998046875,-1.558576145816959
1758544340.3190942,target,5,-0.42056024169921874,-3.242623779296875,3.1137722075783896
1758544340.338666,herder,1,-3.88850146484375,-2.47679736328125,1.2192324312935363
1758544340.338666,herder,2,3.050519775390625,-3.155974609375,1.6857402236554795
1758544340.338666,target,1,0.38396240234375,3.108004638671875,-2.244948392505337
1758544340.338666,target,2,2.32033251953125,1.445396484375,0.6152649134768807
1758544340.338666,target,3,2.55431884765625,-2.932078369140625,-0.6306035229332466
1758544340.338666,target,4,-2.132536376953125,1.34541845703125,-1.5574684039615405
1758544340.338666,target,5,-0.4205287780761719,-3.242638671875,3.113724803310986
1758544340.358737,herder,1,-3.887447509765625,-2.470841796875,1.2194674552597358
1758544340.358737,herder,2,3.0511201171875,-3.159466064453125,1.7005041229486064
1758544340.358737,target,1,0.38398831176757814,3.1080107421875,-2.244377144451515
1758544340.358737,target,2,2.3203779296875,1.4453792724609376,0.615032219776635
1758544340.358737,target,3,2.554388916015625,-2.9320703125,-0.6304545856492839
1758544340.358737,target,4,-2.132720458984375,1.345315185546875,-1.5555254947882733
1758544340.358737,target,5,-0.420510986328125,-3.24264794921875,3.1128140022181787
1758544340.3786852,herder,1,-3.885020751953125,-2.46443212890625,1.2187887486559292
1758544340.3786852,herder,2,3.051767822265625,-3.16357421875,1.7155428604662293
1758544340.3786852,target,1,0.38395272827148436,3.108015380859375,-2.24456915836611
1758544340.3786852,target,2,2.320355712890625,1.4453797607421874,0.6157892233164901
1758544340.3786852,target,3,2.554337890625,-2.93205419921875,-0.631143944897451
1758544340.3786852,target,4,-2.13252685546875,1.3453583984375,-1.5573000921806475
1758544340.3786852,target,5,-0.4205574340820312,-3.2426279296875,3.1148947299778578
1758544340.3986309,herder,1,-3.883453125,-2.458823974609375,1.2191520038286159
1758544340.3986309,herder,2,3.0530146484375,-3.167222412109375,1.7301815911881224
1758544340.3986309,target,1,0.3839607238769531,3.108012451171875,-2.2448264197274113
1758544340.3986309,target,2,2.32034423828125,1.4453787841796875,0.6149431370381719
1758544340.3986309,target,3,2.5543603515625,-2.932049560546875,-0.6314061331067693
1758544340.3986309,target,4,-2.1325380859375,1.3454962158203125,-1.556632038221201
1758544340.3986309,target,5,-0.4205317993164063,-3.24260546875,3.113688584320161
1758544340.4187734,herder,1,-3.881863037109375,-2.45352294921875,1.2198697257423923
1758544340.4187734,herder,2,3.054125244140625,-3.17015087890625,1.7486692554754524
1758544340.4187734,target,1,0.3839537963867187,3.108022705078125,-2.2451025895324523
1758544340.4187734,target,2,2.320358154296875,1.44537451171875,0.6160064706824133
1758544340.4187734,target,3,2.554343017578125,-2.93202197265625,-0.6312415497514023
1758544340.4187734,target,4,-2.13256640625,1.345318359375,-1.553634916730426
1758544340.4187734,target,5,-0.4205350952148437,-3.242612548828125,3.1138198781619018
1758544340.439057,herder,1,-3.8796796875,-2.44724755859375,1.219358132496988
1758544340.439057,herder,2,3.05576025390625,-3.173047607421875,1.7676888861905258
1758544340.439057,target,1,0.38392822265625,3.108029541015625,-2.24423626322985
1758544340.439057,target,2,2.320331787109375,1.4453463134765625,0.6158597305063499
1758544340.439057,target,3,2.5543994140625,-2.93203955078125,-0.6300929283732511
1758544340.439057,target,4,-2.132517578125,1.345421630859375,-1.5561000717934579
1758544340.439057,target,5,-0.4205015563964844,-3.24261767578125,3.113485651445097
1758544340.4587379,herder,1,-3.878230712890625,-2.441363037109375,1.2184740961731364
1758544340.4587379,herder,2,3.05684423828125,-3.176029052734375,1.7883327788544385
1758544340.4587379,target,1,0.38396597290039064,3.10803076171875,-2.2443558391627945
1758544340.4587379,target,2,2.320329833984375,1.44537890625,0.6151573217688415
1758544340.4587379,target,3,2.554363037109375,-2.9320029296875,-0.6309140475163498
1758544340.4587379,target,4,-2.13236962890625,1.345405517578125,-1.5586701554034388
1758544340.4587379,target,5,-0.42050091552734375,-3.242635986328125,3.11318684477079
1758544340.4789734,herder,1,-3.876925537109375,-2.436237060546875,1.2176421246485956
1758544340.4789734,herder,2,3.058117431640625,-3.17873095703125,1.8096766834108786
1758544340.4789734,target,1,0.3839601135253906,3.10801806640625,-2.2449318809065786
1758544340.4789734,target,2,2.320331787109375,1.44540625,0.6148057179259239
1758544340.4789734,target,3,2.554383544921875,-2.93202587890625,-0.6305704997357297
1758544340.4789734,target,4,-2.132866943359375,1.345360595703125,-1.5489731864002967
1758544340.4789734,target,5,-0.4205332336425781,-3.242614013671875,3.114333868252287
1758544340.498827,herder,1,-3.875388916015625,-2.430269775390625,1.2165964344465758
1758544340.498827,herder,2,3.05909619140625,-3.1809609375,1.8312448261311034
1758544340.498827,target,1,0.38396267700195313,3.10803564453125,-2.2447348069859125
1758544340.498827,target,2,2.320344970703125,1.4454114990234375,0.6141196210500922
1758544340.498827,target,3,2.55439306640625,-2.932043701171875,-0.6305151725640833
1758544340.498827,target,4,-2.132927734375,1.34536767578125,-1.550207961039712
1758544340.498827,target,5,-0.420513671875,-3.24262353515625,3.113327725992455
1758544340.518863,herder,1,-3.873550048828125,-2.42469482421875,1.2157997498064788
1758544340.518863,herder,2,3.0601435546875,-3.1835546875,1.8541655883689794
1758544340.518863,target,1,0.3839763793945313,3.108030517578125,-2.244511634086564
1758544340.518863,target,2,2.32031640625,1.4453616943359375,0.6150669740288606
1758544340.518863,target,3,2.554379150390625,-2.93205517578125,-0.6311382856801345
1758544340.518863,target,4,-2.132696044921875,1.3452801513671875,-1.554461695090841
1758544340.518863,target,5,-0.42052105712890625,-3.242603271484375,3.113487249341751
1758544340.5387065,herder,1,-3.87162060546875,-2.419041259765625,1.21631746832239
1758544340.5387065,herder,2,3.061891845703125,-3.18633251953125,1.8790215366129615
1758544340.5387065,target,1,0.383990478515625,3.108012451171875,-2.2446128342079867
1758544340.5387065,target,2,2.320371337890625,1.4454073486328125,0.6151600515089589
1758544340.5387065,target,3,2.5543671875,-2.932011962890625,-0.6306503279894048
1758544340.5387065,target,4,-2.132676513671875,1.3452532958984376,-1.5518631156571963
1758544340.5387065,target,5,-0.42051495361328123,-3.24262548828125,3.1139519709519696
1758544340.5586936,herder,1,-3.86973681640625,-2.413093994140625,1.2171443798408597
1758544340.5586936,herder,2,3.063587890625,-3.18891015625,1.9053454192497952
1758544340.5586936,target,1,0.3839569091796875,3.10802685546875,-2.24474892173969
1758544340.5586936,target,2,2.320345458984375,1.4454176025390626,0.615396806529867
1758544340.5586936,target,3,2.554392578125,-2.932054443359375,-0.6307993318523947
1758544340.5586936,target,4,-2.132735595703125,1.345396728515625,-1.5571023524697092
1758544340.5586936,target,5,-0.4204936218261719,-3.242637451171875,3.112856080163402
1758544340.5787055,herder,1,-3.86772509765625,-2.407107666015625,1.2176659599403516
1758544340.5787055,herder,2,3.065360107421875,-3.1921416015625,1.9322432131015408
1758544340.5787055,target,1,0.3839591064453125,3.1080302734375,-2.244952387246972
1758544340.5787055,target,2,2.32037060546875,1.4454056396484376,0.6160604662735146
1758544340.5787055,target,3,2.55442724609375,-2.932038330078125,-0.6306758943358696
1758544340.5787055,target,4,-2.13256884765625,1.3454349365234375,-1.554377672358449
1758544340.5787055,target,5,-0.42050140380859374,-3.242635498046875,3.1136350547822502
1758544340.5986242,herder,1,-3.866018798828125,-2.4015908203125,1.2185486646836585
1758544340.5986242,herder,2,3.06745166015625,-3.19494140625,1.9580076987514035
1758544340.5986242,target,1,0.3839272155761719,3.108002197265625,-2.244384601302567
1758544340.5986242,target,2,2.320365478515625,1.4454097900390626,0.6150533919073012
1758544340.5986242,target,3,2.554358642578125,-2.93203369140625,-0.6306184366353511
1758544340.5986242,target,4,-2.132526123046875,1.3454110107421875,-1.5566810403852587
1758544340.5986242,target,5,-0.42049835205078123,-3.242611083984375,3.1129764550446737
1758544340.6189675,herder,1,-3.864824951171875,-2.396452392578125,1.2193498766976087
1758544340.6189675,herder,2,3.068956787109375,-3.19710400390625,1.9856477155989543
1758544340.6189675,target,1,0.3839327087402344,3.108026123046875,-2.244477279308502
1758544340.6189675,target,2,2.320343017578125,1.4453851318359374,0.6144731556848002
1758544340.6189675,target,3,2.554413818359375,-2.93203662109375,-0.6311208419749945
1758544340.6189675,target,4,-2.13249658203125,1.3454891357421874,-1.5587216875705319
1758544340.6189675,target,5,-0.42049090576171877,-3.242619873046875,3.1131000257192536
1758544340.6390405,herder,1,-3.863083251953125,-2.390701904296875,1.21836304235568
1758544340.6390405,herder,2,3.070400390625,-3.19860595703125,2.015326115944852
1758544340.6390405,target,1,0.3839747314453125,3.1080078125,-2.244585403648759
1758544340.6390405,target,2,2.320347412109375,1.4453779296875,0.6156189807438068
1758544340.6390405,target,3,2.55442041015625,-2.932044921875,-0.6315508759120151
1758544340.6390405,target,4,-2.132486572265625,1.34535986328125,-1.5553535877399087
1758544340.6390405,target,5,-0.42050494384765624,-3.242603759765625,3.113923475128306
1758544340.6586673,herder,1,-3.86168896484375,-2.384904052734375,1.219169447533756
1758544340.6586673,herder,2,3.0717490234375,-3.19913232421875,2.04458413631268
1758544340.6586673,target,1,0.38401730346679686,3.10798583984375,-2.245394738304034
1758544340.6586673,target,2,2.320345458984375,1.4453983154296874,0.6140691541474351
1758544340.6586673,target,3,2.55441845703125,-2.932019287109375,-0.6312222418334993
1758544340.6586673,target,4,-2.13253173828125,1.345503662109375,-1.5586737506709103
1758544340.6586673,target,5,-0.42051727294921876,-3.2426259765625,3.1135069567338176
1758544340.6786902,herder,1,-3.859475341796875,-2.37886962890625,1.220417671136676
1758544340.6786902,herder,2,3.07269873046875,-3.199329345703125,2.074744435657828
1758544340.6786902,target,1,0.383981201171875,3.108025146484375,-2.244588865758176
1758544340.6786902,target,2,2.320353515625,1.4453729248046876,0.6156067967818196
1758544340.6786902,target,3,2.554371337890625,-2.93202197265625,-0.6316242460000467
1758544340.6786902,target,4,-2.132701904296875,1.345210205078125,-1.5609270512692264
1758544340.6786902,target,5,-0.42052096557617186,-3.24261328125,3.1135825905087757
1758544340.6986842,herder,1,-3.857144287109375,-2.372427978515625,1.2215278098370757
1758544340.6986842,herder,2,3.07402490234375,-3.199947998046875,2.105065323616707
1758544340.6986842,target,1,0.3839708251953125,3.108034912109375,-2.2448429313261697
1758544340.6986842,target,2,2.320353759765625,1.4454090576171874,0.6153171780132736
1758544340.6986842,target,3,2.554404052734375,-2.932037841796875,-0.6302017850828082
1758544340.6986842,target,4,-2.132783935546875,1.3452469482421876,-1.5566179234674238
1758544340.6986842,target,5,-0.42052264404296874,-3.24260009765625,3.1136949759067774
1758544340.7188594,herder,1,-3.855820068359375,-2.366630859375,1.222263241772101
1758544340.7188594,herder,2,3.075564697265625,-3.2004443359375,2.1355337506999765
1758544340.7188594,target,1,0.38395114135742187,3.108021728515625,-2.244511367770455
1758544340.7188594,target,2,2.320365478515625,1.445371826171875,0.6160245801778258
1758544340.7188594,target,3,2.554383544921875,-2.932040771484375,-0.6313546009396762
1758544340.7188594,target,4,-2.132621826171875,1.3452982177734376,-1.5528052088928117
1758544340.7188594,target,5,-0.42055215454101563,-3.242604736328125,3.1144611673523928
1758544340.7387478,herder,1,-3.85418701171875,-2.361324462890625,1.2220635046903452
1758544340.7387478,herder,2,3.0766455078125,-3.200838134765625,2.169120739419729
1758544340.7387478,target,1,0.3839317016601563,3.108010986328125,-2.244549450974043
1758544340.7387478,target,2,2.320369140625,1.4453843994140625,0.616121585820532
1758544340.7387478,target,3,2.554416015625,-2.932051513671875,-0.631362723581001
1758544340.7387478,target,4,-2.132402099609375,1.3453570556640626,-1.5580136861947342
1758544340.7387478,target,5,-0.4205350952148437,-3.242618408203125,3.1136102873841125
1758544340.7587545,herder,1,-3.85259375,-2.354984375,1.222073225228324
1758544340.7587545,herder,2,3.07733984375,-3.2003427734375,2.2044165454529305
1758544340.7587545,target,1,0.3839463806152344,3.107996337890625,-2.2444655613997058
1758544340.7587545,target,2,2.3203427734375,1.445392822265625,0.6149640428527291
1758544340.7587545,target,3,2.554400390625,-2.932027587890625,-0.6305826171186895
1758544340.7587545,target,4,-2.13264111328125,1.3453079833984376,-1.5552589123631564
1758544340.7587545,target,5,-0.4205308837890625,-3.242649169921875,3.1134017618707595
1758544340.778722,herder,1,-3.850647216796875,-2.34904833984375,1.2221597779637514
1758544340.778722,herder,2,3.078016845703125,-3.200086669921875,2.238391423585453
1758544340.778722,target,1,0.38396505737304687,3.108029541015625,-2.244449848749274
1758544340.778722,target,2,2.320326416015625,1.44536767578125,0.6154163807638791
1758544340.778722,target,3,2.55439208984375,-2.932012939453125,-0.631069975598174
1758544340.778722,target,4,-2.1326796875,1.34531787109375,-1.553370464834181
1758544340.778722,target,5,-0.42055072021484374,-3.242638671875,3.1139445141009174
1758544340.7986627,herder,1,-3.849234375,-2.344598388671875,1.2223760266442658
1758544340.7986627,herder,2,3.078342041015625,-3.19973388671875,2.2712905177956375
1758544340.7986627,target,1,0.3839787292480469,3.108025146484375,-2.2448551818671842
1758544340.7986627,target,2,2.320375,1.44536279296875,0.6153686436013394
1758544340.7986627,target,3,2.554422119140625,-2.93202783203125,-0.6300566428033989
1758544340.7986627,target,4,-2.1324541015625,1.3453138427734375,-1.557621269408111
1758544340.7986627,target,5,-0.42054397583007813,-3.24265234375,3.1136161463385106
1758544340.8192604,herder,1,-3.8474052734375,-2.33932666015625,1.2226953396589664
1758544340.8192604,herder,2,3.078573974609375,-3.198415771484375,2.303769897818026
1758544340.8192604,target,1,0.3839377746582031,3.10801220703125,-2.245183549629591
1758544340.8192604,target,2,2.320342041015625,1.44537451171875,0.6159531408815845
1758544340.8192604,target,3,2.55441162109375,-2.932021484375,-0.6305234283634625
1758544340.8192604,target,4,-2.132451171875,1.345209716796875,-1.5565203186134724
1758544340.8192604,target,5,-0.4205484619140625,-3.2426259765625,3.1141149564106825
1758544340.8387327,herder,1,-3.84542822265625,-2.3329775390625,1.2231478107281708
1758544340.8387327,herder,2,3.077959228515625,-3.196669921875,2.3350343437511203
1758544340.8387327,target,1,0.383941162109375,3.108009033203125,-2.2445920615514843
1758544340.8387327,target,2,2.32039013671875,1.44542138671875,0.6159581343086283
1758544340.8387327,target,3,2.55440087890625,-2.93205908203125,-0.6302796159656657
1758544340.8387327,target,4,-2.1324931640625,1.3453121337890626,-1.555837484109976
1758544340.8387327,target,5,-0.4205589294433594,-3.242630859375,3.1140334636813263
1758544340.8587143,herder,1,-3.843916015625,-2.326330322265625,1.2220885384045919
1758544340.8587143,herder,2,3.077100830078125,-3.194723388671875,2.3646806530058826
1758544340.8587143,target,1,0.38394500732421877,3.108012939453125,-2.244111893606943
1758544340.8587143,target,2,2.320343505859375,1.445388916015625,0.6150865482628727
1758544340.8587143,target,3,2.554405517578125,-2.932045654296875,-0.6300159630177479
1758544340.8587143,target,4,-2.1324150390625,1.345366943359375,-1.5569701265215867
1758544340.8587143,target,5,-0.42055645751953125,-3.24264013671875,3.113864352952106
1758544340.8786433,herder,1,-3.842699951171875,-2.32104150390625,1.221007161843965
1758544340.8786433,herder,2,3.07657470703125,-3.193481689453125,2.392162344926628
1758544340.8786433,target,1,0.3839820556640625,3.108017822265625,-2.2447774175633537
1758544340.8786433,target,2,2.320347412109375,1.4453785400390624,0.615584426228663
1758544340.8786433,target,3,2.554386474609375,-2.932056396484375,-0.6309833562837192
1758544340.8786433,target,4,-2.1322998046875,1.345358642578125,-1.5582392559390639
1758544340.8786433,target,5,-0.4205317993164063,-3.242638916015625,3.113486450393424
1758544340.898677,herder,1,-3.840462646484375,-2.315561279296875,1.2197224529341109
1758544340.898677,herder,2,3.075267578125,-3.19191259765625,2.4197090179779717
1758544340.898677,target,1,0.38394412231445313,3.108010986328125,-2.244549450974043
1758544340.898677,target,2,2.320329833984375,1.44541845703125,0.6148968646142318
1758544340.898677,target,3,2.55437353515625,-2.93206787109375,-0.6305900073907145
1758544340.898677,target,4,-2.132287109375,1.345432373046875,-1.5608086737587725
1758544340.898677,target,5,-0.4205603942871094,-3.242640380859375,3.1142803387143765
1758544340.9188354,herder,1,-3.83879248046875,-2.310023681640625,1.221205301029067
1758544340.9188354,herder,2,3.07389013671875,-3.189727294921875,2.4480383940736896
1758544340.9188354,target,1,0.38400054931640626,3.1079931640625,-2.2446019152475176
1758544340.9188354,target,2,2.32033642578125,1.4453402099609376,0.6157203806023116
1758544340.9188354,target,3,2.5543876953125,-2.932020263671875,-0.6315174532403346
1758544340.9188354,target,4,-2.13250048828125,1.3452879638671875,-1.556528707570906
1758544340.9188354,target,5,-0.4205329895019531,-3.242635986328125,3.1132797890928336
1758544340.9387026,herder,1,-3.836292236328125,-2.303411376953125,1.2198401646542925
1758544340.9387026,herder,2,3.0722099609375,-3.18770751953125,2.477481770453388
1758544340.9387026,target,1,0.38394580078125,3.108027587890625,-2.244879682949213
1758544340.9387026,target,2,2.320335693359375,1.44538525390625,0.6158169201918269
1758544340.9387026,target,3,2.55436279296875,-2.93202685546875,-0.6313358256539912
1758544340.9387026,target,4,-2.132856689453125,1.3454315185546875,-1.553059673934969
1758544340.9387026,target,5,-0.42054022216796877,-3.24262353515625,3.113747440180252
1758544340.9587257,herder,1,-3.836292236328125,-2.303411376953125,1.2198401646542925
1758544340.9587257,herder,2,3.0722099609375,-3.18770751953125,2.477481770453388
1758544340.9587257,target,1,0.38394580078125,3.108027587890625,-2.244879682949213
1758544340.9587257,target,2,2.320335693359375,1.44538525390625,0.6158169201918269
1758544340.9587257,target,3,2.55436279296875,-2.93202685546875,-0.6313358256539912
1758544340.9587257,target,4,-2.132856689453125,1.3454315185546875,-1.553059673934969
1758544340.9587257,target,5,-0.42054022216796877,-3.24262353515625,3.113747440180252
1758544340.978718,herder,1,-3.836292236328125,-2.303411376953125,1.2198401646542925
1758544340.978718,herder,2,3.0722099609375,-3.18770751953125,2.477481770453388
1758544340.978718,target,1,0.38394580078125,3.108027587890625,-2.244879682949213
1758544340.978718,target,2,2.320335693359375,1.44538525390625,0.6158169201918269
1758544340.978718,target,3,2.55436279296875,-2.93202685546875,-0.6313358256539912
1758544340.978718,target,4,-2.132856689453125,1.3454315185546875,-1.553059673934969
1758544340.978718,target,5,-0.42054022216796877,-3.24262353515625,3.113747440180252
1758544340.9986396,herder,1,-3.83130078125,-2.28665625,1.219872522061537
1758544340.9986396,herder,2,3.066876953125,-3.181699462890625,2.5562977565981737
1758544340.9986396,target,1,0.3839768981933594,3.108018798828125,-2.2448053807547996
1758544340.9986396,target,2,2.320364501953125,1.4453980712890624,0.6154967416497722
1758544340.9986396,target,3,2.5544091796875,-2.932037841796875,-0.6303625068545945
1758544340.9986396,target,4,-2.132428955078125,1.3453818359375,-1.557126054603411
1758544340.9986396,target,5,-0.42057052612304685,-3.24262353515625,3.1140153541859137
1758544341.0188708,herder,1,-3.82932275390625,-2.27955078125,1.219267984494089
1758544341.0188708,herder,2,3.0649658203125,-3.179998291015625,2.5822201677006777
1758544341.0188708,target,1,0.3839459533691406,3.108001708984375,-2.2450634410644286
1758544341.0188708,target,2,2.320350341796875,1.4454041748046875,0.6156273697012405
1758544341.0188708,target,3,2.554385986328125,-2.932043212890625,-0.630120625248588
1758544341.0188708,target,4,-2.13239404296875,1.3454085693359374,-1.5581223431672095
1758544341.0188708,target,5,-0.42051531982421875,-3.242638916015625,3.11306061093512
1758544341.0387805,herder,1,-3.8275654296875,-2.274036376953125,1.218443602978655
1758544341.0387805,herder,2,3.06246435546875,-3.177832763671875,2.609166564242318
1758544341.0387805,target,1,0.3839822082519531,3.10798388671875,-2.245078887398751
1758544341.0387805,target,2,2.32034033203125,1.4454287109375,0.6146647035462042
1758544341.0387805,target,3,2.55439306640625,-2.932043212890625,-0.6312367560614403
1758544341.0387805,target,4,-2.132365478515625,1.3452681884765625,-1.5550236220808478
1758544341.0387805,target,5,-0.4205121765136719,-3.242633056640625,3.113409485037921
1758544341.058749,herder,1,-3.82575048828125,-2.269107421875,1.218568105759616
1758544341.058749,herder,2,3.0593798828125,-3.17494580078125,2.6374309592074376
1758544341.058749,target,1,0.3839771728515625,3.1080166015625,-2.244859176608819
1758544341.058749,target,2,2.320337158203125,1.4454036865234374,0.6159693195852067
1758544341.058749,target,3,2.5543876953125,-2.93201904296875,-0.6319117342397208
1758544341.058749,target,4,-2.13245654296875,1.345373291015625,-1.5589680299713642
1758544341.058749,target,5,-0.42050042724609377,-3.24266455078125,3.1126006830148634
1758544341.0785728,herder,1,-3.8238037109375,-2.263343994140625,1.2195960859403867
1758544341.0785728,herder,2,3.056146484375,-3.1722734375,2.668503124909828
1758544341.0785728,target,1,0.38397109985351563,3.108008056640625,-2.245111910596268
1758544341.0785728,target,2,2.3203662109375,1.445395263671875,0.6154656492440455
1758544341.0785728,target,3,2.55440966796875,-2.93201953125,-0.6314355610368146
1758544341.0785728,target,4,-2.1323642578125,1.3452838134765626,-1.553428521745945
1758544341.0785728,target,5,-0.4205148010253906,-3.242626953125,3.1129681992452944
1758544341.0986338,herder,1,-3.8216533203125,-2.256843505859375,1.2206030271485457
1758544341.0986338,herder,2,3.052537353515625,-3.169896484375,2.6981249330825614
1758544341.0986338,target,1,0.3839668579101562,3.108016357421875,-2.2445238846275783
1758544341.0986338,target,2,2.3203681640625,1.44538525390625,0.6159816367052483
1758544341.0986338,target,3,2.554443115234375,-2.932007568359375,-0.6314217125991463
1758544341.0986338,target,4,-2.132358154296875,1.3453978271484375,-1.5585700205464519
1758544341.0986338,target,5,-0.4205142517089844,-3.2426396484375,3.112710937883993
1758544341.118711,herder,1,-3.819798828125,-2.25118505859375,1.2205665418416116
1758544341.118711,herder,2,3.049212646484375,-3.16771484375,2.726597320928817
1758544341.118711,target,1,0.38396160888671876,3.10800146484375,-2.245276760267744
1758544341.118711,target,2,2.320331298828125,1.4454056396484376,0.6144264172076693
1758544341.118711,target,3,2.554396240234375,-2.931982177734375,-0.6313997415201531
1758544341.118711,target,4,-2.1325556640625,1.345537841796875,-1.5587568412969208
1758544341.118711,target,5,-0.42053018188476565,-3.24262158203125,3.1131982963634774
1758544341.1387527,herder,1,-3.8185029296875,-2.245770751953125,1.2201723940002798
1758544341.1387527,herder,2,3.045803955078125,-3.1660576171875,2.752550891016075
1758544341.1387527,target,1,0.38396548461914065,3.1080185546875,-2.244926820900507
1758544341.1387527,target,2,2.320338134765625,1.4453919677734375,0.614272819391799
1758544341.1387527,target,3,2.5544248046875,-2.93202587890625,-0.6304464630079591
1758544341.1387527,target,4,-2.13267431640625,1.3453707275390625,-1.5528889653090947
1758544341.1387527,target,5,-0.42050991821289063,-3.242645751953125,3.1128986907408436
1758544341.1586266,herder,1,-3.81647265625,-2.239837646484375,1.2198927620858215
1758544341.1586266,herder,2,3.04222216796875,-3.164113037109375,2.7749680494918167
1758544341.1586266,target,1,0.38398898315429686,3.108019775390625,-2.2454008635745413
1758544341.1586266,target,2,2.320349853515625,1.4453873291015624,0.6157281703485
1758544341.1586266,target,3,2.554378173828125,-2.932001708984375,-0.6307499302141737
1758544341.1586266,target,4,-2.13264013671875,1.3454058837890626,-1.5537917769186316
1758544341.1586266,target,5,-0.4205351867675781,-3.242635498046875,3.113685921159071
1758544341.1785326,herder,1,-3.814857666015625,-2.233318115234375,1.2199707927057608
1758544341.1785326,herder,2,3.039182861328125,-3.16263720703125,2.7931553092081858
1758544341.1785326,target,1,0.3840352783203125,3.107965087890625,-2.2453960698845794
1758544341.1785326,target,2,2.32036328125,1.445374755859375,0.6154544639674672
1758544341.1785326,target,3,2.55442041015625,-2.932012939453125,-0.6310495358368077
1758544341.1785326,target,4,-2.132493408203125,1.345418701171875,-1.5564850317290289
1758544341.1785326,target,5,-0.42053598022460936,-3.242628173828125,3.113309616497043
1758544341.1986718,herder,1,-3.813426513671875,-2.228153076171875,1.2168523642273326
1758544341.1986718,herder,2,3.037109130859375,-3.161140869140625,2.810063186336881
1758544341.1986718,target,1,0.3839708251953125,3.108010009765625,-2.244749720688017
1758544341.1986718,target,2,2.320333251953125,1.44538037109375,0.6156811655552601
1758544341.1986718,target,3,2.554419677734375,-2.93202880859375,-0.6305896744955782
1758544341.1986718,target,4,-2.132495849609375,1.345382568359375,-1.5568548116463863
1758544341.1986718,target,5,-0.420537353515625,-3.242658203125,3.113686453791289
1758544341.218609,herder,1,-3.81228271484375,-2.224276123046875,1.2108333538476446
1758544341.218609,herder,2,3.03409130859375,-3.15983447265625,2.8246676954387664
1758544341.218609,target,1,0.38396649169921876,3.108019287109375,-2.2450397389307266
1758544341.218609,target,2,2.320314697265625,1.4453963623046875,0.6155917499216608
1758544341.218609,target,3,2.554411376953125,-2.932021484375,-0.6305592478801241
1758544341.218609,target,4,-2.1324228515625,1.345402587890625,-1.5601869588022934
1758544341.218609,target,5,-0.4205315551757812,-3.242637939453125,3.1141261416872608
1758544341.2387686,herder,1,-3.8114755859375,-2.219402587890625,1.203305795868481
1758544341.2387686,herder,2,3.0306279296875,-3.158326416015625,2.8382386317215924
1758544341.2387686,target,1,0.38394271850585937,3.108018798828125,-2.2446296121228544
1758544341.2387686,target,2,2.320353759765625,1.445397216796875,0.6152147128903328
1758544341.2387686,target,3,2.55439306640625,-2.93204638671875,-0.6311849575782382
1758544341.2387686,target,4,-2.132395751953125,1.3452662353515625,-1.55800143565372
1758544341.2387686,target,5,-0.4205448913574219,-3.24264501953125,3.1138805982347555
1758544341.258579,herder,1,-3.80974609375,-2.2140244140625,1.1955613234185305
1758544341.258579,herder,2,3.0279794921875,-3.1572529296875,2.8533190477102752
1758544341.258579,target,1,0.38397943115234373,3.108018310546875,-2.2448413334295156
1758544341.258579,target,2,2.3203662109375,1.445382568359375,0.6158395570610926
1758544341.258579,target,3,2.55443994140625,-2.93201611328125,-0.6313113911509897
1758544341.258579,target,4,-2.132403076171875,1.3454100341796875,-1.560039153361794
1758544341.258579,target,5,-0.4205562744140625,-3.2426572265625,3.113955965693605
1758544341.2787223,herder,1,-3.8079033203125,-2.209158447265625,1.1876806302788225
1758544341.2787223,herder,2,3.02578564453125,-3.1562294921875,2.869088157156852
1758544341.2787223,target,1,0.38394537353515623,3.108015869140625,-2.244615497369077
1758544341.2787223,target,2,2.320352294921875,1.4454046630859374,0.6144234877304702
1758544341.2787223,target,3,2.554427978515625,-2.932036376953125,-0.6309198398917207
1758544341.2787223,target,4,-2.132215576171875,1.3453162841796875,-1.5608921638589464
1758544341.2787223,target,5,-0.42054095458984375,-3.24267041015625,3.1137668812562094
1758544341.2986648,herder,1,-3.80687158203125,-2.20489306640625,1.1813323200303463
1758544341.2986648,herder,2,3.023032470703125,-3.154794921875,2.8865734076098764
1758544341.2986648,target,1,0.38396783447265626,3.108021240234375,-2.2454583878540872
1758544341.2986648,target,2,2.320362548828125,1.445375244140625,0.6160065372614406
1758544341.2986648,target,3,2.554418212890625,-2.932021484375,-0.6317229161184342
1758544341.2986648,target,4,-2.132354736328125,1.3455023193359374,-1.5608187937709148
1758544341.2986648,target,5,-0.42052163696289063,-3.2426533203125,3.1132411732570278
1758544341.319029,herder,1,-3.80503076171875,-2.199929931640625,1.1753051870093334
1758544341.319029,herder,2,3.018990966796875,-3.153667236328125,2.903086870581131
1758544341.319029,target,1,0.3839757080078125,3.10801611328125,-2.2453052560914077
1758544341.319029,target,2,2.320374267578125,1.4453841552734374,0.6156781029200066
1758544341.319029,target,3,2.554429443359375,-2.932045166015625,-0.6305147065108925
1758544341.319029,target,4,-2.132569091796875,1.3453486328125,-1.5578682775992159
1758544341.319029,target,5,-0.4205517578125,-3.242645751953125,3.113959694119131
1758544341.3386898,herder,1,-3.802735595703125,-2.19465234375,1.1706928583174252
1758544341.3386898,herder,2,3.015430419921875,-3.152163818359375,2.919986491910447
1758544341.3386898,target,1,0.38395880126953125,3.1080048828125,-2.244805647070909
1758544341.3386898,target,2,2.3203671875,1.445388671875,0.6158517410230797
1758544341.3386898,target,3,2.554418701171875,-2.93204052734375,-0.6300904649492428
1758544341.3386898,target,4,-2.13253173828125,1.3452874755859374,-1.553501758675922
1758544341.3386898,target,5,-0.42053125,-3.242657958984375,3.113924806708851
1758544341.3587441,herder,1,-3.801203857421875,-2.189868896484375,1.1666073028891346
1758544341.3587441,herder,2,3.012040771484375,-3.1515546875,2.9364229895261977
1758544341.3587441,target,1,0.3839566345214844,3.10802685546875,-2.2444724856185396
1758544341.3587441,target,2,2.320366943359375,1.445392333984375,0.6156189807438068
1758544341.3587441,target,3,2.5544365234375,-2.932048583984375,-0.6306274913830573
1758544341.3587441,target,4,-2.132423095703125,1.345360107421875,-1.5579929135382315
1758544341.3587441,target,5,-0.420528076171875,-3.242624267578125,3.113489646186732
1758544341.3787332,herder,1,-3.799454345703125,-2.18491943359375,1.1616628780092935
1758544341.3787332,herder,2,3.00870947265625,-3.15018798828125,2.952439506638043
1758544341.3787332,target,1,0.38396755981445313,3.108015380859375,-2.245250661289061
1758544341.3787332,target,2,2.32034521484375,1.4454134521484374,0.6146589111708333
1758544341.3787332,target,3,2.55441162109375,-2.93199658203125,-0.6303112410036105
1758544341.3787332,target,4,-2.132530517578125,1.345358154296875,-1.5543723460362688
1758544341.3787332,target,5,-0.4205360412597656,-3.2426572265625,3.1136052273780415
1758544341.3987417,herder,1,-3.79757470703125,-2.179308349609375,1.1562322930724585
1758544341.3987417,herder,2,3.004726806640625,-3.149442138671875,2.9685409785886625
1758544341.3987417,target,1,0.38397625732421875,3.108017578125,-2.24484026816508
1758544341.3987417,target,2,2.320369384765625,1.445404296875,0.6152785621774675
1758544341.3987417,target,3,2.55443994140625,-2.93205029296875,-0.6301284815738037
1758544341.3987417,target,4,-2.132599853515625,1.3454195556640625,-1.5628810125610175
1758544341.3987417,target,5,-0.42050872802734374,-3.24262890625,3.1130973625581633
1758544341.4187362,herder,1,-3.7959853515625,-2.17405224609375,1.151632880711837
1758544341.4187362,herder,2,3.001183349609375,-3.148578125,2.9848275402350417
1758544341.4187362,target,1,0.3839638977050781,3.108019287109375,-2.2452394760124825
1758544341.4187362,target,2,2.320340576171875,1.4453343505859375,0.6157370919381518
1758544341.4187362,target,3,2.554408447265625,-2.93201171875,-0.6302009195554539
1758544341.4187362,target,4,-2.13241064453125,1.3453704833984375,-1.5611812499952744
1758544341.4187362,target,5,-0.420513671875,-3.2426103515625,3.112881912825976
1758544341.4387336,herder,1,-3.793928955078125,-2.16969140625,1.147550654234909
1758544341.4387336,herder,2,2.998514404296875,-3.147428466796875,3.002063785126144
1758544341.4387336,target,1,0.38396267700195313,3.108027587890625,-2.2451931370095153
1758544341.4387336,target,2,2.3203115234375,1.445337890625,0.6154083247015815
1758544341.4387336,target,3,2.554383056640625,-2.932046630859375,-0.6303195633820169
1758544341.4387336,target,4,-2.1326650390625,1.345423828125,-1.559721571401802
1758544341.4387336,target,5,-0.42050057983398437,-3.242621337890625,3.113419605050063
1758544341.458655,herder,1,-3.792101318359375,-2.1642861328125,1.144439416291424
1758544341.458655,herder,2,2.995102783203125,-3.14640185546875,3.019146898254566
1758544341.458655,target,1,0.38397329711914063,3.1080087890625,-2.2448647692471084
1758544341.458655,target,2,2.32033935546875,1.445395751953125,0.615473971622452
1758544341.458655,target,3,2.554397705078125,-2.932050048828125,-0.6306008597721565
1758544341.458655,target,4,-2.13254150390625,1.3453748779296875,-1.558171611647376
1758544341.458655,target,5,-0.42051593017578126,-3.2426025390625,3.1134180071534088
1758544341.4788399,herder,1,-3.789703369140625,-2.158878173828125,1.140320970823671
1758544341.4788399,herder,2,2.991076416015625,-3.1453173828125,3.037398872785424
1758544341.4788399,target,1,0.3839622192382813,3.108044189453125,-2.2446948595695613
1758544341.4788399,target,2,2.32032958984375,1.445378173828125,0.6156382220826826
1758544341.4788399,target,3,2.554378662109375,-2.931955322265625,-0.6295266071674458
1758544341.4788399,target,4,-2.1323818359375,1.3453760986328125,-1.5580967768207448
1758544341.4788399,target,5,-0.42050714111328125,-3.242626953125,3.1133402428495787
1758544341.4986138,herder,1,-3.787859375,-2.153786865234375,1.1369918863030175
1758544341.4986138,herder,2,2.98775537109375,-3.14442041015625,3.0556945231581594
1758544341.4986138,target,1,0.383995849609375,3.108022216796875,-2.2447710259767377
1758544341.4986138,target,2,2.32034521484375,1.4454173583984375,0.6147794192101593
1758544341.4986138,target,3,2.554171630859375,-2.93209228515625,-0.6310117189493285
1758544341.4986138,target,4,-2.13246630859375,1.3454783935546875,-1.557936454523122
1758544341.4986138,target,5,-0.420507080078125,-3.242641357421875,3.1128315790813734
1758544341.5189621,herder,1,-3.786113525390625,-2.14921240234375,1.1334743831352407
1758544341.5189621,herder,2,2.9856865234375,-3.14402294921875,3.0722953378131685
1758544341.5189621,target,1,0.38395779418945314,3.107994384765625,-2.244519889885943
1758544341.5189621,target,2,2.320359375,1.445407958984375,0.6157479443195939
1758544341.5189621,target,3,2.5522177734375,-2.933910888671875,-0.6276036717023541
1758544341.5189621,target,4,-2.132287841796875,1.345325927734375,-1.5578015654139095
1758544341.5189621,target,5,-0.420564697265625,-3.242650146484375,3.114666497072438
1758544341.5388966,herder,1,-3.784277099609375,-2.143775146484375,1.1291539368988053
1758544341.5388966,herder,2,2.982637451171875,-3.1435224609375,3.0884255719035605
1758544341.5388966,target,1,0.3839549865722656,3.1080234375,-2.2445377330652465
1758544341.5388966,target,2,2.32034521484375,1.445409912109375,0.6148516574547277
1758544341.5388966,target,3,2.54953515625,-2.93642578125,-0.6269630483021356
1758544341.5388966,target,4,-2.132364990234375,1.34523876953125,-1.5552686329011352
1758544341.5388966,target,5,-0.42054550170898436,-3.242637451171875,3.1143786093586003
1758544341.5586307,herder,1,-3.782030517578125,-2.1383759765625,1.1252171190173956
1758544341.5586307,herder,2,2.978191162109375,-3.143001953125,3.1054599491840342
1758544341.5586307,target,1,0.38395181274414064,3.108009033203125,-2.2451550538059273
1758544341.5586307,target,2,2.320323486328125,1.445375244140625,0.61613956215789
1758544341.5586307,target,3,2.547101806640625,-2.938378662109375,-0.6232070590587423
1758544341.5586307,target,4,-2.13231005859375,1.3452510986328126,-1.5591344775394942
1758544341.5586307,target,5,-0.4205165405273438,-3.242611328125,3.1139218772316517
1758544341.5785766,herder,1,-3.780155029296875,-2.13411865234375,1.1216970858465833
1758544341.5785766,herder,2,2.9733291015625,-3.14253466796875,3.1225254854492617
1758544341.5785766,target,1,0.3839633178710937,3.107991943359375,-2.245083681088713
1758544341.5785766,target,2,2.32035693359375,1.4454039306640625,0.6154098560192083
1758544341.5785766,target,3,2.544318359375,-2.94107177734375,-0.6167628750110231
1758544341.5785766,target,4,-2.132301025390625,1.3453839111328125,-1.5614362476696495
1758544341.5785766,target,5,-0.4204920349121094,-3.242625732421875,3.1132254606065963
1758544341.5986505,herder,1,-3.778304443359375,-2.129539794921875,1.119384529914013
1758544341.5986505,herder,2,2.969477783203125,-3.141994384765625,3.138463705625059
1758544341.5986505,target,1,0.3839522705078125,3.1080322265625,-2.244857046079947
1758544341.5986505,target,2,2.32038525390625,1.445427001953125,0.6167721960748384
1758544341.5986505,target,3,2.540724365234375,-2.944409423828125,-0.6165241226192975
1758544341.5986505,target,4,-2.133026123046875,1.34531787109375,-1.5533540863934772
1758544341.5986505,target,5,-0.4205093688964844,-3.242638427734375,3.113787653912712
1758544341.6186988,herder,1,-3.77573779296875,-2.1239287109375,1.1157907271810057
1758544341.6186988,herder,2,2.966764404296875,-3.141392822265625,-3.128575654813704
1758544341.6186988,target,1,0.38393453979492187,3.10799951171875,-2.2447936628460035
1758544341.6186988,target,2,2.320341796875,1.4454385986328124,0.6141823384937636
1758544341.6186988,target,3,2.536946044921875,-2.9474482421875,-0.6084061418264635
1758544341.6186988,target,4,-2.1328759765625,1.345302001953125,-1.5521271680792776
1758544341.6186988,target,5,-0.4205203552246094,-3.242619140625,3.11432774298178
1758544341.6387196,herder,1,-3.77436083984375,-2.11887109375,1.1128429407494242
1758544341.6387196,herder,2,2.963316650390625,-3.141015380859375,-3.1132723322417815
1758544341.6387196,target,1,0.38392861938476563,3.10800146484375,-2.244420021345065
1758544341.6387196,target,2,2.32034326171875,1.4454207763671876,0.613517147432489
1758544341.6387196,target,3,2.533163330078125,-2.95036328125,-0.6064254823447442
1758544341.6387196,target,4,-2.132760009765625,1.345372314453125,-1.5550116378559424
1758544341.6387196,target,5,-0.42054281616210937,-3.2426123046875,3.1145818085497736
1758544341.6587465,herder,1,-3.772212158203125,-2.114228515625,1.1091195752293843
1758544341.6587465,herder,2,2.958581298828125,-3.140967529296875,-3.0986515778572463
1758544341.6587465,target,1,0.3839515380859375,3.108008056640625,-2.2450703652832624
1758544341.6587465,target,2,2.320333984375,1.4453701171875,0.615779436199484
1758544341.6587465,target,3,2.52878271484375,-2.954896728515625,-0.601384584454415
1758544341.6587465,target,4,-2.13263720703125,1.3454443359375,-1.555756657170892
1758544341.6587465,target,5,-0.42052899169921876,-3.242630859375,3.114060095292227
1758544341.6785743,herder,1,-3.77005224609375,-2.108682861328125,1.1059002129456421
1758544341.6785743,herder,2,2.954525146484375,-3.141159423828125,-3.0847317674716206
1758544341.6785743,target,1,0.3839652404785156,3.108030517578125,-2.244887406116374
1758544341.6785743,target,2,2.320351806640625,1.4454375,0.6162297101607892
1758544341.6785743,target,3,2.52405029296875,-2.957946044921875,-0.5987521828749262
1758544341.6785743,target,4,-2.1325224609375,1.3454779052734376,-1.5579634856081863
1758544341.6785743,target,5,-0.4205248107910156,-3.242590576171875,3.1138787340219927
1758544341.6986215,herder,1,-3.767372314453125,-2.102995361328125,1.1019114634229759
1758544341.6986215,herder,2,2.950950927734375,-3.141145751953125,-3.070569343110688
1758544341.6986215,target,1,0.38394412231445313,3.108012939453125,-2.244608040518025
1758544341.6986215,target,2,2.320361083984375,1.4454053955078126,0.6158354957404302
1758544341.6986215,target,3,2.52005224609375,-2.96153271484375,-0.5947108359207309
1758544341.6986215,target,4,-2.132453857421875,1.3455655517578125,-1.5607504836889543
1758544341.6986215,target,5,-0.420527099609375,-3.24261865234375,3.1140680847754973
1758544341.7186744,herder,1,-3.765108154296875,-2.098683349609375,1.0981697220914146
1758544341.7186744,herder,2,2.947773681640625,-3.1408984375,-3.054861220053074
1758544341.7186744,target,1,0.3839262390136719,3.108010009765625,-2.244854382918857
1758544341.7186744,target,2,2.32036376953125,1.4454139404296875,0.6155145182500484
1758544341.7186744,target,3,2.5156640625,-2.965393798828125,-0.5880842919173686
1758544341.7186744,target,4,-2.13214990234375,1.3452838134765626,-1.5563943510939116
1758544341.7186744,target,5,-0.4204774475097656,-3.24267138671875,3.112452078626037
1758544341.7387419,herder,1,-3.76326123046875,-2.093792724609375,1.0949615450842507
1758544341.7387419,herder,2,2.944272216796875,-3.140762939453125,-3.0386196658291165
1758544341.7387419,target,1,0.383939697265625,3.10801171875,-2.244314293849789
1758544341.7387419,target,2,2.32037060546875,1.445416259765625,0.6159815035471938
1758544341.7387419,target,3,2.51002783203125,-2.969490966796875,-0.5821042968476501
1758544341.7387419,target,4,-2.132149169921875,1.3453636474609374,-1.5580158167236062
1758544341.7387419,target,5,-0.42048110961914065,-3.242642822265625,3.1124906944618433
1758544341.7585838,herder,1,-3.760329345703125,-2.088260009765625,1.0913931089606261
1758544341.7585838,herder,2,2.940513916015625,-3.140607666015625,-3.0227293825529404
1758544341.7585838,target,1,0.38394305419921876,3.108030029296875,-2.2449052492956776
1758544341.7585838,target,2,2.3203505859375,1.4453885498046875,0.6154135178657072
1758544341.7585838,target,3,2.50566943359375,-2.972931884765625,-0.5812648684720572
1758544341.7585838,target,4,-2.132287841796875,1.3454998779296874,-1.557177586770504
1758544341.7585838,target,5,-0.42053515625,-3.242612060546875,3.114199378617238
1758544341.7785463,herder,1,-3.758076171875,-2.08238916015625,1.0882723502162441
1758544341.7785463,herder,2,2.93772021484375,-3.140563720703125,-3.005912851849635
1758544341.7785463,target,1,0.38396185302734376,3.108020263671875,-2.2449720946390386
1758544341.7785463,target,2,2.32035400390625,1.445401123046875,0.6158344304759942
1758544341.7785463,target,3,2.500626220703125,-2.9773896484375,-0.5759329536536095
1758544341.7785463,target,4,-2.132277099609375,1.3454486083984376,-1.557499696104349
1758544341.7785463,target,5,-0.4205198974609375,-3.242605712890625,3.1135397136152254
1758544341.7985997,herder,1,-3.755938232421875,-2.0778857421875,1.0847029819862382
1758544341.7985997,herder,2,2.934119873046875,-3.14066650390625,-2.988423340338867
1758544341.7985997,target,1,0.38398248291015624,3.107983642578125,-2.2449984599338304
1758544341.7985997,target,2,2.3203408203125,1.445407470703125,0.6144206914113256
1758544341.7985997,target,3,2.495150146484375,-2.981212158203125,-0.5758302222145597
1758544341.7985997,target,4,-2.132543212890625,1.3452681884765625,-1.5588228876919548
1758544341.7985997,target,5,-0.42051104736328127,-3.24263037109375,3.1132715332934544
1758544341.8186355,herder,1,-3.754087646484375,-2.073085205078125,1.0815139797389228
1758544341.8186355,herder,2,2.930534912109375,-3.14119873046875,-2.970118368902316
1758544341.8186355,target,1,0.3839425048828125,3.108005615234375,-2.2442983148832485
1758544341.8186355,target,2,2.320322021484375,1.4453642578125,0.6162961560299867
1758544341.8186355,target,3,2.4897236328125,-2.984672119140625,-0.5725419506376116
1758544341.8186355,target,4,-2.13250537109375,1.3454107666015624,-1.5614824535145624
1758544341.8186355,target,5,-0.42053640747070314,-3.24261279296875,3.113685654842962
1758544341.838606,herder,1,-3.75133740234375,-2.067514404296875,1.077767378138372
1758544341.838606,herder,2,2.927369384765625,-3.14123583984375,-2.9526818542972406
1758544341.838606,target,1,0.38399932861328123,3.107982421875,-2.245019765222551
1758544341.838606,target,2,2.320365478515625,1.4453797607421874,0.6148559185124718
1758544341.838606,target,3,2.485213134765625,-2.988943603515625,-0.5643067241777868
1758544341.838606,target,4,-2.132375732421875,1.3454761962890625,-1.5619453109120183
1758544341.838606,target,5,-0.42053421020507814,-3.242620849609375,3.11352240306814
1758544341.8586822,herder,1,-3.7488095703125,-2.0621025390625,1.074789631144527
1758544341.8586822,herder,2,2.923852294921875,-3.141550048828125,-2.9351079205799167
1758544341.8586822,target,1,0.38403494262695315,3.10795166015625,-2.2458472093732387
1758544341.8586822,target,2,2.32031103515625,1.445370849609375,0.6162295104237074
1758544341.8586822,target,3,2.479837158203125,-2.99285400390625,-0.5568643873535059
1758544341.8586822,target,4,-2.13257275390625,1.3453316650390625,-1.5553310840286974
1758544341.8586822,target,5,-0.42053411865234375,-3.24264453125,3.113759957037375
1758544341.878578,herder,1,-3.747113037109375,-2.057875732421875,1.0716439052649256
1758544341.878578,herder,2,2.92010693359375,-3.141576416015625,-2.9180072305883
1758544341.878578,target,1,0.3839712219238281,3.10801513671875,-2.2442945864577224
1758544341.878578,target,2,2.320302734375,1.4453458251953124,0.615123899097161
1758544341.878578,target,3,2.474096435546875,-2.99667919921875,-0.5532876954305022
1758544341.878578,target,4,-2.1324375,1.34531005859375,-1.5556089848884471
1758544341.878578,target,5,-0.4205400390625,-3.24267724609375,3.1138731413837033
1758544341.8985298,herder,1,-3.74502099609375,-2.05299951171875,1.0678160106721002
1758544341.8985298,herder,2,2.91629150390625,-3.142118408203125,-2.9003339609623158
1758544341.8985298,target,1,0.38395111083984373,3.1079970703125,-2.244508704609365
1758544341.8985298,target,2,2.320398681640625,1.4453995361328125,0.6148496600839102
1758544341.8985298,target,3,2.468472900390625,-3.000608642578125,-0.5449148501213475
1758544341.8985298,target,4,-2.1324609375,1.3454031982421875,-1.558336461318852
1758544341.8985298,target,5,-0.4205310363769531,-3.2426416015625,3.1132704680290186
1758544341.9185987,herder,1,-3.742143310546875,-2.04752392578125,1.065139134302407
1758544341.9185987,herder,2,2.913263916015625,-3.14236669921875,-2.8839541886777837
1758544341.9185987,target,1,0.3840003356933594,3.107996337890625,-2.2446376016061245
1758544341.9185987,target,2,2.320352294921875,1.445402099609375,0.6152304921197915
1758544341.9185987,target,3,2.463216796875,-3.0043623046875,-0.5432113258405648
1758544341.9185987,target,4,-2.132828125,1.3454215087890624,-1.5515435363263868
1758544341.9185987,target,5,-0.4205393981933594,-3.242653076171875,3.113593775785354
1758544341.938744,herder,1,-3.7395595703125,-2.042204345703125,1.0636152735266637
1758544341.938744,herder,2,2.91030078125,-3.142897705078125,-2.866084111447243
1758544341.938744,target,1,0.3839505615234375,3.10802294921875,-2.244718828019372
1758544341.938744,target,2,2.32036767578125,1.445415283203125,0.6138700162769245
1758544341.938744,target,3,2.45791845703125,-3.00855615234375,-0.5385423716859787
1758544341.938744,target,4,-2.13268603515625,1.34535107421875,-1.5534992286728864
1758544341.938744,target,5,-0.42054324340820315,-3.24262646484375,3.1140651552982983
1758544341.958584,herder,1,-3.737652587890625,-2.038,1.0621130509347774
1758544341.958584,herder,2,2.906151123046875,-3.143781494140625,-2.8489184403250283
1758544341.958584,target,1,0.38392730712890627,3.1080224609375,-2.244780879672771
1758544341.958584,target,2,2.320378662109375,1.4454205322265625,0.6143670952943878
1758544341.958584,target,3,2.45219091796875,-3.012685791015625,-0.535559098632872
1758544341.958584,target,4,-2.132575927734375,1.3454296875,-1.5556919423564033
1758544341.958584,target,5,-0.4205236206054688,-3.242637451171875,3.114232135498646
1758544341.978727,herder,1,-3.735191162109375,-2.033092041015625,1.0594330453508032
1758544341.978727,herder,2,2.902510498046875,-3.144640380859375,-2.8318015050507617
1758544341.978727,target,1,0.3839493408203125,3.108013427734375,-2.2444282771444444
1758544341.978727,target,2,2.32033203125,1.445385986328125,0.6154727066209342
1758544341.978727,target,3,2.446971435546875,-3.0167353515625,-0.5290344205412051
1758544341.978727,target,4,-2.13265576171875,1.34547509765625,-1.5586511138016448
1758544341.978727,target,5,-0.42053024291992186,-3.242632080078125,3.113848107669457
1758544341.9985826,herder,1,-3.7325869140625,-2.02735498046875,1.0565823311409552
1758544341.9985826,herder,2,2.8995087890625,-3.144962158203125,-2.8151716619398712
1758544341.9985826,target,1,0.38399917602539063,3.107990966796875,-2.24512735693059
1758544341.9985826,target,2,2.320369384765625,1.4453973388671875,0.6152851535011653
1758544341.9985826,target,3,2.441573974609375,-3.020864501953125,-0.5243121698753038
1758544341.9985826,target,4,-2.132493408203125,1.345447265625,-1.5575652098671648
1758544341.9985826,target,5,-0.42053009033203126,-3.242651123046875,3.113327992308564
1758544342.0188851,herder,1,-3.730077392578125,-2.0216861572265623,1.0539719672194867
1758544342.0188851,herder,2,2.8957578125,-3.14592724609375,-2.7984411513397753
1758544342.0188851,target,1,0.38393899536132814,3.10800341796875,-2.245045864201234
1758544342.0188851,target,2,2.3203740234375,1.4454173583984375,0.6157170516509489
1758544342.0188851,target,3,2.43592919921875,-3.0246494140625,-0.5247033549499228
1758544342.0188851,target,4,-2.132528076171875,1.3454627685546876,-1.557954697176589
1758544342.0188851,target,5,-0.42051806640625,-3.2426552734375,3.11323238482543
1758544342.0386927,herder,1,-3.72759521484375,-2.0173983154296873,1.0517465632335894
1758544342.0386927,herder,2,2.892028076171875,-3.146705810546875,-2.7836968262806607
1758544342.0386927,target,1,0.3839791564941406,3.108002197265625,-2.245014971532589
1758544342.0386927,target,2,2.3203662109375,1.445381103515625,0.615743749840877
1758544342.0386927,target,3,2.429280029296875,-3.02889990234375,-0.5187003901158025
1758544342.0386927,target,4,-2.1324404296875,1.3455169677734375,-1.5598426120733462
1758544342.0386927,target,5,-0.4205483093261719,-3.242617431640625,3.1140497089639756
1758544342.058541,herder,1,-3.725454345703125,-2.0124140625,1.0495519187582822
1758544342.058541,herder,2,2.888240234375,-3.14807275390625,-2.7692675531785023
1758544342.058541,target,1,0.38396295166015626,3.108013916015625,-2.244983546231726
1758544342.058541,target,2,2.3203359375,1.4453743896484375,0.6151115153980922
1758544342.058541,target,3,2.4235927734375,-3.0331923828125,-0.514031569119271
1758544342.058541,target,4,-2.132251953125,1.3454197998046875,-1.5619835272736609
1758544342.058541,target,5,-0.42053994750976564,-3.24267041015625,3.1128680643883073
1758544342.0787432,herder,1,-3.722516845703125,-2.0072086181640625,1.0469237116575103
1758544342.0787432,herder,2,2.884292724609375,-3.149284912109375,-2.754571963967336
1758544342.0787432,target,1,0.38399606323242186,3.1079990234375,-2.2450748926571156
1758544342.0787432,target,2,2.32035595703125,1.4453673095703126,0.6152123826243789
1758544342.0787432,target,3,2.41796826171875,-3.0367099609375,-0.511247600384243
1758544342.0787432,target,4,-2.132161376953125,1.34534814453125,-1.558406236139412
1758544342.0787432,target,5,-0.42053775024414064,-3.242654052734375,3.1134417092871107
1758544342.0985832,herder,1,-3.719771484375,-2.0015411376953125,1.046985963047991
1758544342.0985832,herder,2,2.88130859375,-3.150136962890625,-2.740250282573217
1758544342.0985832,target,1,0.38394717407226564,3.108035400390625,-2.2446959248339975
1758544342.0985832,target,2,2.320364501953125,1.4454007568359375,0.615291944561945
1758544342.0985832,target,3,2.41202490234375,-3.040604248046875,-0.5068311471905101
1758544342.0985832,target,4,-2.132144287109375,1.3452862548828124,-1.5570992898344556
1758544342.0985832,target,5,-0.42050555419921876,-3.242652099609375,3.1135690083872163
1758544342.118648,herder,1,-3.717240234375,-1.996552978515625,1.045473287548826
1758544342.118648,herder,2,2.877684814453125,-3.1514833984375,-2.7251767908033684
1758544342.118648,target,1,0.38397296142578125,3.1080009765625,-2.245080485295405
1758544342.118648,target,2,2.320365966796875,1.4453709716796874,0.6149350143968472
1758544342.118648,target,3,2.40621630859375,-3.044747314453125,-0.4995175409154209
1758544342.118648,target,4,-2.13238427734375,1.3451812744140625,-1.5543562339116739
1758544342.118648,target,5,-0.42051126098632813,-3.2426318359375,3.1133753965759676
1758544342.1386752,herder,1,-3.71514990234375,-1.9917188720703125,1.0424302265292469
1758544342.1386752,herder,2,2.874216552734375,-3.152695556640625,-2.7111930645515803
1758544342.1386752,target,1,0.3839218444824219,3.107988525390625,-2.244341191776799
1758544342.1386752,target,2,2.32038427734375,1.4453929443359375,0.6157715798742683
1758544342.1386752,target,3,2.399964599609375,-3.04874853515625,-0.49324356615087134
1758544342.1386752,target,4,-2.132283203125,1.345225830078125,-1.5578598886417823
1758544342.1386752,target,5,-0.42052972412109374,-3.242609130859375,3.1138148181558307
1758544342.1587112,herder,1,-3.712885009765625,-1.9870465087890625,1.0399735935817034
1758544342.1587112,herder,2,2.870465087890625,-3.154175537109375,-2.696046335851755
1758544342.1587112,target,1,0.38399212646484376,3.108025146484375,-2.245495672109348
1758544342.1587112,target,2,2.320375244140625,1.44540087890625,0.6154459418519789
1758544342.1587112,target,3,2.39434326171875,-3.0525712890625,-0.489570001743216
1758544342.1587112,target,4,-2.13262109375,1.3453924560546875,-1.5592222286974122
1758544342.1587112,target,5,-0.4205263366699219,-3.242617919921875,3.1134041587157406
1758544342.178561,herder,1,-3.709882080078125,-1.981735107421875,1.0374806750643073
1758544342.178561,herder,2,2.86669482421875,-3.155799072265625,-2.6819622084268704
1758544342.178561,target,1,0.38396502685546874,3.108010986328125,-2.245086344249803
1758544342.178561,target,2,2.320366455078125,1.4454542236328125,0.6159817032842756
1758544342.178561,target,3,2.389000244140625,-3.056614501953125,-0.4841913817371511
1758544342.178561,target,4,-2.132455078125,1.3454090576171875,-1.5607286457680156
1758544342.178561,target,5,-0.42053445434570313,-3.242646728515625,3.1139527699002967
1758544342.1986842,herder,1,-3.707043212890625,-1.9768052978515624,1.035130834876476
1758544342.1986842,herder,2,2.863254638671875,-3.157362548828125,-2.667869825202607
1758544342.1986842,target,1,0.3839633178710937,3.108014404296875,-2.2444599687614164
1758544342.1986842,target,2,2.32036181640625,1.4453897705078125,0.6155713767393216
1758544342.1986842,target,3,2.38302978515625,-3.060532470703125,-0.48644671299579834
1758544342.1986842,target,4,-2.132339111328125,1.3453988037109375,-1.5597933435931797
1758544342.1986842,target,5,-0.42052755737304687,-3.242621826171875,3.113557024162311
1758544342.218607,herder,1,-3.704849609375,-1.9725107421875,1.0335080376662362
1758544342.218607,herder,2,2.85964453125,-3.158753662109375,-2.653303132988201
1758544342.218607,target,1,0.3839515991210937,3.108009521484375,-2.2449206956300003
1758544342.218607,target,2,2.320345703125,1.4454068603515624,0.6144999870327827
1758544342.218607,target,3,2.37719873046875,-3.064462158203125,-0.4869783465284054
1758544342.218607,target,4,-2.132418212890625,1.345491943359375,-1.5583990456044687
1758544342.218607,target,5,-0.4205446166992188,-3.242624755859375,3.1140473121189944
1758544342.2387304,herder,1,-3.702387939453125,-1.967653564453125,1.0312830997335294
1758544342.2387304,herder,2,2.8560380859375,-3.160202880859375,-2.638154806391721
1758544342.2387304,target,1,0.38395123291015626,3.108017578125,-2.244987274657252
1758544342.2387304,target,2,2.32037158203125,1.4454189453125,0.6147754910475515
1758544342.2387304,target,3,2.371106201171875,-3.06865869140625,-0.48016321743035173
1758544342.2387304,target,4,-2.132371826171875,1.3454886474609375,-1.5598123851949737
1758544342.2387304,target,5,-0.42053851318359375,-3.24262646484375,3.1135429094085336
1758544342.2586706,herder,1,-3.699261962890625,-1.9616832275390625,1.0275160583716123
1758544342.2586706,herder,2,2.852451904296875,-3.161658447265625,-2.6249127705035202
1758544342.2586706,target,1,0.38396051025390626,3.10803662109375,-2.2446301447550723
1758544342.2586706,target,2,2.320326416015625,1.4453787841796875,0.6159251111111114
1758544342.2586706,target,3,2.36533349609375,-3.072944580078125,-0.4753819444567916
1758544342.2586706,target,4,-2.1321826171875,1.3453135986328124,-1.5576969031830694
1758544342.2586706,target,5,-0.4205740356445313,-3.242695068359375,3.115166905041264
1758544342.27866,herder,1,-3.697056640625,-1.95655322265625,1.0243565506333696
1758544342.27866,herder,2,2.8489609375,-3.1633701171875,-2.612434529215954
1758544342.27866,target,1,0.383955078125,3.108010009765625,-2.2443742149743158
1758544342.27866,target,2,2.320373779296875,1.445411376953125,0.6153414793582205
1758544342.27866,target,3,2.358797607421875,-3.076866943359375,-0.4690981492857224
1758544342.27866,target,4,-2.132193115234375,1.3454215087890624,-1.5601050665987735
1758544342.27866,target,5,-0.4205494384765625,-3.242612548828125,3.114507772671469
1758544342.2987154,herder,1,-3.69433251953125,-1.9519345703125,1.0216626300327
1758544342.2987154,herder,2,2.845288818359375,-3.165298095703125,-2.5998425709498414
1758544342.2987154,target,1,0.3839422302246094,3.10802001953125,-2.2449537188275173
1758544342.2987154,target,2,2.32035498046875,1.4454146728515624,0.6149208330640425
1758544342.2987154,target,3,2.352748046875,-3.080834716796875,-0.4680966675577981
1758544342.2987154,target,4,-2.13228076171875,1.345494384765625,-1.55981345045941
1758544342.2987154,target,5,-0.4205350036621094,-3.242628662109375,3.11375329913465
1758544342.318649,herder,1,-3.691448486328125,-1.9467958984375,1.0203023539269147
1758544342.318649,herder,2,2.841659423828125,-3.167222900390625,-2.5861438029346915
1758544342.318649,target,1,0.38396185302734376,3.108032470703125,-2.2448362734234446
1758544342.318649,target,2,2.320361328125,1.4453712158203125,0.6145359397074988
1758544342.318649,target,3,2.346194091796875,-3.084467041015625,-0.45936975498171745
1758544342.318649,target,4,-2.132222900390625,1.34540625,-1.5592906719374273
1758544342.318649,target,5,-0.420524658203125,-3.242638916015625,3.113716547511607
1758544342.3386998,herder,1,-3.6884892578125,-1.9415050048828124,1.019865129454951
1758544342.3386998,herder,2,2.837913818359375,-3.169262451171875,-2.571903081637711
1758544342.3386998,target,1,0.383934814453125,3.108031494140625,-2.244749454371908
1758544342.3386998,target,2,2.320359130859375,1.44536669921875,0.6145540492029113
1758544342.3386998,target,3,2.339567626953125,-3.088354736328125,-0.4529323952842915
1758544342.3386998,target,4,-2.13225634765625,1.3455174560546874,-1.5627329408044093
1758544342.3386998,target,5,-0.42052755737304687,-3.242638427734375,3.1136419790010845
1758544342.358757,herder,1,-3.68604296875,-1.9369454345703125,1.018503854663757
1758544342.358757,herder,2,2.83443994140625,-3.171131103515625,-2.5603646698988336
1758544342.358757,target,1,0.38394833374023435,3.108011474609375,-2.244957713569152
1758544342.358757,target,2,2.320353271484375,1.4453983154296874,0.6159479477174589
1758544342.358757,target,3,2.332877685546875,-3.092253173828125,-0.4488906488559328
1758544342.358757,target,4,-2.132730712890625,1.3453779296875,-1.553837316973272
1758544342.358757,target,5,-0.4205073547363281,-3.242634033203125,3.1130052171844467
1758544342.3786838,herder,1,-3.683817138671875,-1.9320030517578124,1.016194760840604
1758544342.3786838,herder,2,2.83101904296875,-3.173164794921875,-2.549119205879865
1758544342.3786838,target,1,0.38395709228515623,3.108004638671875,-2.244573685739963
1758544342.3786838,target,2,2.32036962890625,1.4454072265625,0.6146328787711777
1758544342.3786838,target,3,2.32714697265625,-3.0958154296875,-0.4461456954308745
1758544342.3786838,target,4,-2.13270849609375,1.3453837890625,-1.551566838985925
1758544342.3786838,target,5,-0.42052493286132814,-3.2426328125,3.1135045598888365
1758544342.3986025,herder,1,-3.681434326171875,-1.9264691162109375,1.0139212867970304
1758544342.3986025,herder,2,2.82701025390625,-3.1758310546875,-2.5364316401306186
1758544342.3986025,target,1,0.38396630859375,3.108015380859375,-2.244781412304989
1758544342.3986025,target,2,2.320333984375,1.445339599609375,0.6162187246212927
1758544342.3986025,target,3,2.322124755859375,-3.09866845703125,-0.4407774617530609
1758544342.3986025,target,4,-2.132550537109375,1.3453934326171875,-1.5561348260456833
1758544342.3986025,target,5,-0.4205177001953125,-3.242610107421875,3.113720009621024
1758544342.4188077,herder,1,-3.678229248046875,-1.92118212890625,1.0108145762273986
1758544342.4188077,herder,2,2.82308447265625,-3.178283935546875,-2.5245677901065338
1758544342.4188077,target,1,0.3839413146972656,3.10800634765625,-2.24459046365483
1758544342.4188077,target,2,2.32033544921875,1.445383056640625,0.6164273832927003
1758544342.4188077,target,3,2.31865869140625,-3.100796875,-0.43840325364125526
1758544342.4188077,target,4,-2.132744140625,1.3452269287109375,-1.5611831142080375
1758544342.4188077,target,5,-0.4205082092285156,-3.24262060546875,3.1141357290671854
1758544342.4387398,herder,1,-3.675630615234375,-1.9164697265625,1.0100645634854049
1758544342.4387398,herder,2,2.819917236328125,-3.180470947265625,-2.512695684283069
1758544342.4387398,target,1,0.38400094604492185,3.1080048828125,-2.245552663756676
1758544342.4387398,target,2,2.320358642578125,1.4453912353515626,0.6156772373926522
1758544342.4387398,target,3,2.3153427734375,-3.10231884765625,-0.43900253146555035
1758544342.4387398,target,4,-2.132666015625,1.345301025390625,-1.5610877730410126
1758544342.4387398,target,5,-0.4205162048339844,-3.24264501953125,3.113446236660964
1758544342.4587426,herder,1,-3.672919677734375,-1.9122554931640625,1.008362470653708
1758544342.4587426,herder,2,2.8164306640625,-3.18264111328125,-2.50145847606348
1758544342.4587426,target,1,0.383956298828125,3.10800146484375,-2.2448959282318626
1758544342.4587426,target,2,2.320366455078125,1.445416015625,0.6148371432267867
1758544342.4587426,target,3,2.31238720703125,-3.1040322265625,-0.4358265121285491
1758544342.4587426,target,4,-2.132548583984375,1.34539013671875,-1.5610145361110355
1758544342.4587426,target,5,-0.420533447265625,-3.242633544921875,3.113729863317057
1758544342.478575,herder,1,-3.67035009765625,-1.90770458984375,1.008603952785551
1758544342.478575,herder,2,2.812849609375,-3.185091064453125,-2.4899789201846936
1758544342.478575,target,1,0.38396597290039064,3.10800439453125,-2.2450016557271386
1758544342.478575,target,2,2.320360595703125,1.4453822021484375,0.6149065851522106
1758544342.478575,target,3,2.309734130859375,-3.105340576171875,-0.43021995882268704
1758544342.478575,target,4,-2.132686767578125,1.3452509765625,-1.5614130781681659
1758544342.478575,target,5,-0.4205552978515625,-3.24266796875,3.114293121887609
1758544342.4985766,herder,1,-3.667079345703125,-1.90231982421875,1.007059053037196
1758544342.4985766,herder,2,2.8095625,-3.18743505859375,-2.4782841808898284
1758544342.4985766,target,1,0.38396832275390624,3.10803955078125,-2.244941734602612
1758544342.4985766,target,2,2.32034228515625,1.4453560791015625,0.6143244847169466
1758544342.4985766,target,3,2.307619384765625,-3.10597265625,-0.4270551247622641
1758544342.4985766,target,4,-2.1325986328125,1.34529443359375,-1.5595938728275327
1758544342.4985766,target,5,-0.4205315551757812,-3.2426005859375,3.1134965704055664
1758544342.5185745,herder,1,-3.664423828125,-1.896341064453125,1.0039727822289304
1758544342.5185745,herder,2,2.8059111328125,-3.19030126953125,-2.466628590062988
1758544342.5185745,target,1,0.3839676513671875,3.108033935546875,-2.245121497976192
1758544342.5185745,target,2,2.32032080078125,1.4453441162109375,0.6148878098665256
1758544342.5185745,target,3,2.306611083984375,-3.10663916015625,-0.4226376395936088
1758544342.5185745,target,4,-2.132531494140625,1.34538330078125,-1.5594459342289788
1758544342.5185745,target,5,-0.42052618408203124,-3.242608642578125,3.113696573803431
1758544342.5387497,herder,1,-3.662423095703125,-1.8920859375,1.0011159427485752
1758544342.5387497,herder,2,2.801928466796875,-3.193199462890625,-2.4564068451670455
1758544342.5387497,target,1,0.38397219848632813,3.108027099609375,-2.2446280142262003
1758544342.5387497,target,2,2.320351318359375,1.445436767578125,0.6156737087042079
1758544342.5387497,target,3,2.30619140625,-3.107023193359375,-0.4220003451447528
1758544342.5387497,target,4,-2.132293701171875,1.345309814453125,-1.558958975223658
1758544342.5387497,target,5,-0.4205513916015625,-3.2426298828125,3.1137714086300625
1758544342.5586765,herder,1,-3.6595263671875,-1.886789306640625,0.9981262781088522
1758544342.5586765,herder,2,2.798710693359375,-3.195897216796875,-2.4457278355119367
1758544342.5586765,target,1,0.3840003356933594,3.10802734375,-2.245016569429243
1758544342.5586765,target,2,2.32038232421875,1.445409423828125,0.6159789735441582
1758544342.5586765,target,3,2.3056435546875,-3.107149658203125,-0.41940203202721704
1758544342.5586765,target,4,-2.13274462890625,1.3453392333984375,-1.5564015416288548
1758544342.5586765,target,5,-0.420540771484375,-3.24262158203125,3.113853433991637
1758544342.5786788,herder,1,-3.65621728515625,-1.88118408203125,0.995551400808909
1758544342.5786788,herder,2,2.795591552734375,-3.19812744140625,-2.4349670668113625
1758544342.5786788,target,1,0.38400912475585935,3.107992431640625,-2.2452096486082738
1758544342.5786788,target,2,2.3203310546875,1.44540185546875,0.6148001252876346
1758544342.5786788,target,3,2.30580615234375,-3.10723193359375,-0.4206487908915376
1758544342.5786788,target,4,-2.1326748046875,1.34537548828125,-1.5575755961954163
1758544342.5786788,target,5,-0.4205575866699219,-3.242640869140625,3.114494723182128
1758544342.5988557,herder,1,-3.6533583984375,-1.87626171875,0.9939315996548956
1758544342.5988557,herder,2,2.791660888671875,-3.200904296875,-2.4242499739526657
1758544342.5988557,target,1,0.38397146606445315,3.1080166015625,-2.2444373318921507
1758544342.5988557,target,2,2.3203525390625,1.4453984375,0.6146643040720406
1758544342.5988557,target,3,2.306029052734375,-3.10704052734375,-0.4205602074957789
1758544342.5988557,target,4,-2.13248681640625,1.345329833984375,-1.554812832880568
1758544342.5988557,target,5,-0.42055078125,-3.242623291015625,3.1142598323739827
1758544342.6192305,herder,1,-3.650474609375,-1.871501708984375,0.9933941071678903
1758544342.6192305,herder,2,2.7878984375,-3.204242431640625,-2.4140564585642785
1758544342.6192305,target,1,0.3839549865722656,3.108040283203125,-2.244783542833861
1758544342.6192305,target,2,2.320346923828125,1.4453519287109375,0.6156844945066228
1758544342.6192305,target,3,2.30583837890625,-3.10714013671875,-0.41881440553269106
1758544342.6192305,target,4,-2.13261474609375,1.3452613525390624,-1.5521655175989748
1758544342.6192305,target,5,-0.4205438537597656,-3.24262841796875,3.113630527408397
1758544342.6386883,herder,1,-3.64769970703125,-1.8664681396484375,0.9924135978335504
1758544342.6386883,herder,2,2.78449658203125,-3.20693017578125,-2.4042448404762085
1758544342.6386883,target,1,0.38394876098632813,3.108026611328125,-2.2447782165116807
1758544342.6386883,target,2,2.32031298828125,1.445390380859375,0.6161192555545781
1758544342.6386883,target,3,2.30594970703125,-3.1069013671875,-0.41728698277898973
1758544342.6386883,target,4,-2.132560302734375,1.3454013671875,-1.5564022074191273
1758544342.6386883,target,5,-0.42055807495117187,-3.242656494140625,3.114290991358737
1758544342.658712,herder,1,-3.644987060546875,-1.8613525390625,0.9902724163171268
1758544342.658712,herder,2,2.7812861328125,-3.209891357421875,-2.393813238486368
1758544342.658712,target,1,0.38395660400390624,3.10801025390625,-2.244804315490364
1758544342.658712,target,2,2.3203623046875,1.4453780517578125,0.6145128367850423
1758544342.658712,target,3,2.305685791015625,-3.10701513671875,-0.41434185950849833
1758544342.658712,target,4,-2.13236962890625,1.34542236328125,-1.5574628113232514
1758544342.658712,target,5,-0.4205328979492188,-3.24264990234375,3.1137602233534842
1758544342.6786253,herder,1,-3.64232763671875,-1.85634912109375,0.988162926417675
1758544342.6786253,herder,2,2.777630859375,-3.21290478515625,-2.3844905767744367
1758544342.6786253,target,1,0.38398300170898436,3.1080224609375,-2.244975290432347
1758544342.6786253,target,2,2.320304931640625,1.4453670654296875,0.6148866780230623
1758544342.6786253,target,3,2.30333935546875,-3.107939697265625,-0.409309250707062
1758544342.6786253,target,4,-2.132651123046875,1.345458740234375,-1.5562353603768337
1758544342.6786253,target,5,-0.420513671875,-3.242634521484375,3.113156751050472
1758544342.6986732,herder,1,-3.639580810546875,-1.851114501953125,0.9859557650852446
1758544342.6986732,herder,2,2.77391357421875,-3.21618310546875,-2.3766243978626695
1758544342.6986732,target,1,0.38395458984375,3.10803564453125,-2.2447337417214763
1758544342.6986732,target,2,2.320328125,1.445350341796875,0.6157149877011041
1758544342.6986732,target,3,2.300431884765625,-3.109332275390625,-0.40046659049210376
1758544342.6986732,target,4,-2.132460693359375,1.3453551025390624,-1.5573581490924113
1758544342.6986732,target,5,-0.42052273559570313,-3.24262109375,3.11304995829076
1758544342.7188263,herder,1,-3.63629541015625,-1.845789794921875,0.9839450118832075
1758544342.7188263,herder,2,2.770702392578125,-3.219833984375,-2.36805301389425
1758544342.7188263,target,1,0.3839986267089844,3.10802099609375,-2.245258384456222
1758544342.7188263,target,2,2.3203564453125,1.4453900146484375,0.615609260205828
1758544342.7188263,target,3,2.297759033203125,-3.110717041015625,-0.395306649301048
1758544342.7188263,target,4,-2.13229736328125,1.3452752685546876,-1.5544630266713861
1758544342.7188263,target,5,-0.4204885559082031,-3.242648193359375,3.1127319768566046
1758544342.7386496,herder,1,-3.633658203125,-1.841671875,0.9822880596319874
1758544342.7386496,herder,2,2.76759716796875,-3.22229443359375,-2.360500555358894
1758544342.7386496,target,1,0.38394854736328127,3.108018310546875,-2.2449236251071993
1758544342.7386496,target,2,2.320385009765625,1.445391845703125,0.6152275626425924
1758544342.7386496,target,3,2.29430517578125,-3.11223779296875,-0.3891023827780313
1758544342.7386496,target,4,-2.13223486328125,1.34538232421875,-1.5566859672332753
1758544342.7386496,target,5,-0.42052923583984375,-3.24264501953125,3.1134531608797977
1758544342.759105,herder,1,-3.6312109375,-1.837044677734375,0.9814231980679842
1758544342.759105,herder,2,2.76408544921875,-3.225859375,-2.3505312781342913
1758544342.759105,target,1,0.38396975708007813,3.1080234375,-2.2444900624817343
1758544342.759105,target,2,2.32035888671875,1.4453973388671875,0.6152464045073047
1758544342.759105,target,3,2.2905498046875,-3.11424853515625,-0.3849117989342507
1758544342.759105,target,4,-2.13244140625,1.3453370361328125,-1.5556987334171828
1758544342.759105,target,5,-0.42054550170898436,-3.242634521484375,3.1138070949886694
1758544342.7787387,herder,1,-3.627812255859375,-1.8316485595703125,0.9801687160365024
1758544342.7787387,herder,2,2.760285400390625,-3.229541259765625,-2.3417311286282336
1758544342.7787387,target,1,0.3839742431640625,3.1080205078125,-2.244843730274497
1758544342.7787387,target,2,2.32036376953125,1.445398193359375,0.614425817996424
1758544342.7787387,target,3,2.286479736328125,-3.116351806640625,-0.38015998718024957
1758544342.7787387,target,4,-2.132470947265625,1.345452392578125,-1.5595085185145958
1758544342.7787387,target,5,-0.4205309753417969,-3.242672607421875,3.113485385128988
1758544342.7987604,herder,1,-3.62479931640625,-1.8260576171875,0.9792772894406256
1758544342.7987604,herder,2,2.75722265625,-3.232267333984375,-2.333205551030563
1758544342.7987604,target,1,0.3839933166503906,3.1080283203125,-2.24511404112514
1758544342.7987604,target,2,2.3203623046875,1.4453956298828126,0.6149222978026421
1758544342.7987604,target,3,2.2823818359375,-3.118662353515625,-0.37574027161418133
1758544342.7987604,target,4,-2.132622314453125,1.3453380126953125,-1.5600395528359576
1758544342.7987604,target,5,-0.4205350036621094,-3.24266650390625,3.1133367807401613
1758544342.8188753,herder,1,-3.622092041015625,-1.82165576171875,0.9782317989756878
1758544342.8188753,herder,2,2.754375732421875,-3.235625,-2.325509281796343
1758544342.8188753,target,1,0.3839598388671875,3.108027099609375,-2.24494759355701
1758544342.8188753,target,2,2.320386962890625,1.4454132080078126,0.6156645207984471
1758544342.8188753,target,3,2.277141357421875,-3.12164453125,-0.3728816012105766
1758544342.8188753,target,4,-2.13258837890625,1.3453233642578124,-1.5577781295963167
1758544342.8188753,target,5,-0.4205043029785156,-3.2427177734375,3.1124613996898525
1758544342.8387415,herder,1,-3.619530517578125,-1.8171988525390625,0.9768647318091228
1758544342.8387415,herder,2,2.750455078125,-3.23942333984375,-2.3174998248179297
1758544342.8387415,target,1,0.38395013427734376,3.1080009765625,-2.2446943269373434
1758544342.8387415,target,2,2.320358154296875,1.44538720703125,0.615273701908478
1758544342.8387415,target,3,2.2722373046875,-3.123811767578125,-0.37149895455163473
1758544342.8387415,target,4,-2.1325576171875,1.345409912109375,-1.56043756226087
1758544342.8387415,target,5,-0.4205345764160156,-3.242637939453125,3.113655827438753
1758544342.8586168,herder,1,-3.616328369140625,-1.812132568359375,0.9759557283500515
1758544342.8586168,herder,2,2.746970458984375,-3.242813720703125,-2.3095931658575934
1758544342.8586168,target,1,0.38395223999023437,3.108009033203125,-2.2448802155814307
1758544342.8586168,target,2,2.320377197265625,1.44536767578125,0.6155775020098287
1758544342.8586168,target,3,2.267048583984375,-3.126585205078125,-0.3676207595037205
1758544342.8586168,target,4,-2.1324443359375,1.3454422607421874,-1.5598743036903182
1758544342.8586168,target,5,-0.4205614929199219,-3.24265771484375,3.1139849941494866
1758544342.8785527,herder,1,-3.6129130859375,-1.806512939453125,0.9748526470265407
1758544342.8785527,herder,2,2.744116455078125,-3.246462158203125,-2.3021381790181343
1758544342.8785527,target,1,0.38395440673828124,3.108019775390625,-2.24481070707698
1758544342.8785527,target,2,2.320345458984375,1.445336669921875,0.6138626260048995
1758544342.8785527,target,3,2.261789794921875,-3.128951904296875,-0.3656988560135512
1758544342.8785527,target,4,-2.1323271484375,1.34539599609375,-1.5594423389615073
1758544342.8785527,target,5,-0.42055572509765626,-3.242655029296875,3.113660887444824
1758544342.8985822,herder,1,-3.60993701171875,-1.80161279296875,0.9735890436683253
1758544342.8985822,herder,2,2.740437744140625,-3.2503173828125,-2.2947790659779184
1758544342.8985822,target,1,0.38396734619140627,3.108038818359375,-2.2450256241769493
1758544342.8985822,target,2,2.320330322265625,1.4453643798828124,0.6142015798326393
1758544342.8985822,target,3,2.255977294921875,-3.13117724609375,-0.36005228871231065
1758544342.8985822,target,4,-2.132321533203125,1.3454608154296874,-1.557180516247703
1758544342.8985822,target,5,-0.4205557861328125,-3.24263916015625,3.1138094918336505
1758544342.918711,herder,1,-3.60772021484375,-1.797453369140625,0.9727054733976643
1758544342.918711,herder,2,2.737186279296875,-3.25411572265625,-2.2870513714428355
1758544342.918711,target,1,0.3839521484375,3.108028564453125,-2.2447406659403106
1758544342.918711,target,2,2.320336669921875,1.445416015625,0.6139537726932075
1758544342.918711,target,3,2.2500224609375,-3.13459375,-0.3573693536511376
1758544342.918711,target,4,-2.13250341796875,1.3454776611328125,-1.5602696499541404
1758544342.918711,target,5,-0.42056402587890623,-3.242629150390625,3.113916284593363
1758544342.9386601,herder,1,-3.604640869140625,-1.7918114013671875,0.9708717538290903
1758544342.9386601,herder,2,2.73383837890625,-3.2576181640625,-2.280307981246646
1758544342.9386601,target,1,0.3839578857421875,3.108044677734375,-2.2450735610765706
1758544342.9386601,target,2,2.32034765625,1.4453515625,0.6143557102807277
1758544342.9386601,target,3,2.244638916015625,-3.1375693359375,-0.3572396244165371
1758544342.9386601,target,4,-2.132745849609375,1.3453021240234375,-1.560243950449621
1758544342.9386601,target,5,-0.4205587158203125,-3.242635009765625,3.1136992369645213
1758544342.9587226,herder,1,-3.60071923828125,-1.7858004150390625,0.969568003317442
1758544342.9587226,herder,2,2.730144287109375,-3.261760986328125,-2.272786948012153
1758544342.9587226,target,1,0.3840081481933594,3.107985595703125,-2.24491536930782
1758544342.9587226,target,2,2.32035400390625,1.4453665771484374,0.6144718241042552
1758544342.9587226,target,3,2.238987060546875,-3.140457275390625,-0.3487035273325606
1758544342.9587226,target,4,-2.13257373046875,1.345352783203125,-1.5603113284252002
1758544342.9587226,target,5,-0.42054888916015626,-3.242638916015625,3.1139359919854295
1758544342.9787393,herder,1,-3.597861328125,-1.7805875244140625,0.9692721261203342
1758544342.9787393,herder,2,2.72675634765625,-3.265482421875,-2.266022518843352
1758544342.9787393,target,1,0.3840238037109375,3.10798583984375,-2.245150526432074
1758544342.9787393,target,2,2.320338623046875,1.44540576171875,0.6150783590425207
1758544342.9787393,target,3,2.23363134765625,-3.143099609375,-0.35290466395216064
1758544342.9787393,target,4,-2.13245361328125,1.3453255615234374,-1.5556764960220808
1758544342.9787393,target,5,-0.4205355224609375,-3.24266357421875,3.113624135821781
1758544342.9986477,herder,1,-3.595045166015625,-1.77629541015625,0.9682812970367702
1758544342.9986477,herder,2,2.72366943359375,-3.268873779296875,-2.25966368910857
1758544342.9986477,target,1,0.38403924560546876,3.107962158203125,-2.245347067720522
1758544342.9986477,target,2,2.3203544921875,1.4453792724609376,0.6162624670421972
1758544342.9986477,target,3,2.230517333984375,-3.1451025390625,-0.35258834699368646
1758544342.9986477,target,4,-2.132714111328125,1.3452799072265624,-1.55067561212713
1758544342.9986477,target,5,-0.4205066223144531,-3.24261767578125,3.113045164600798
1758544343.0186963,herder,1,-3.592322021484375,-1.7719737548828125,0.9678877484066838
1758544343.0186963,herder,2,2.72049462890625,-3.273019287109375,-2.2541496140715607
1758544343.0186963,target,1,0.38396707153320314,3.10801123046875,-2.244648786882703
1758544343.0186963,target,2,2.320314208984375,1.4453504638671875,0.6164217240753839
1758544343.0186963,target,3,2.227877685546875,-3.145995849609375,-0.34914594496865003
1758544343.0186963,target,4,-2.13252490234375,1.3453907470703126,-1.5552035186124826
1758544343.0186963,target,5,-0.4204830017089844,-3.24260498046875,3.112794561142221
1758544343.0386128,herder,1,-3.589004150390625,-1.766412353515625,0.9671154316905608
1758544343.0386128,herder,2,2.717176513671875,-3.277147216796875,-2.2492736324317346
1758544343.0386128,target,1,0.38397161865234375,3.107999755859375,-2.244777950195572
1758544343.0386128,target,2,2.32036767578125,1.4453736572265625,0.615743217208659
1758544343.0386128,target,3,2.225326904296875,-3.146994140625,-0.34839050603593547
1758544343.0386128,target,4,-2.13266015625,1.3452337646484376,-1.5633253609888973
1758544343.0386128,target,5,-0.4205263977050781,-3.242650146484375,3.113290708053303
1758544343.0586903,herder,1,-3.585213623046875,-1.7610103759765625,0.9660867191404904
1758544343.0586903,herder,2,2.713994873046875,-3.281355224609375,-2.244618959478494
1758544343.0586903,target,1,0.3839442138671875,3.108040283203125,-2.2449326798549056
1758544343.0586903,target,2,2.320369140625,1.4453914794921876,0.6153404140937845
1758544343.0586903,target,3,2.223239990234375,-3.148359375,-0.3457576051137422
1758544343.0586903,target,4,-2.13275830078125,1.3452615966796875,-1.562103502680769
1758544343.0586903,target,5,-0.4205354309082031,-3.24264599609375,3.1134318555910774
1758544343.078792,herder,1,-3.58287841796875,-1.756113037109375,0.9642197766373176
1758544343.078792,herder,2,2.710805419921875,-3.285178466796875,-2.23998133075623
1758544343.078792,target,1,0.3839543762207031,3.108015869140625,-2.2449140377272747
1758544343.078792,target,2,2.320356201171875,1.44538623046875,0.6157896227906536
1758544343.078792,target,3,2.221875732421875,-3.14888818359375,-0.34696711301231536
1758544343.078792,target,4,-2.132609375,1.3453228759765625,-1.5590806816854745
1758544343.078792,target,5,-0.4205252990722656,-3.242676025390625,3.1132062858467475
1758544343.098666,herder,1,-3.580368896484375,-1.75239404296875,0.9637565863447256
1758544343.098666,herder,2,2.70776123046875,-3.289003662109375,-2.235778063607758
1758544343.098666,target,1,0.383943603515625,3.108043212890625,-2.2449736925356927
1758544343.098666,target,2,2.32033837890625,1.445404052734375,0.6156902203029664
1758544343.098666,target,3,2.221261962890625,-3.149103271484375,-0.3455765767386441
1758544343.098666,target,4,-2.13257080078125,1.345268798828125,-1.5582033032643479
1758544343.098666,target,5,-0.4205619201660156,-3.242644775390625,3.114100042708578
1758544343.1187978,herder,1,-3.577661865234375,-1.74744482421875,0.9620549595662194
1758544343.1187978,herder,2,2.704203125,-3.29352587890625,-2.2313590804109897
1758544343.1187978,target,1,0.3839422607421875,3.108010009765625,-2.2447686291317566
1758544343.1187978,target,2,2.32036279296875,1.4454130859375,0.6158916884394309
1758544343.1187978,target,3,2.22115380859375,-3.14914794921875,-0.34388979708321515
1758544343.1187978,target,4,-2.132488525390625,1.345307373046875,-1.5584874625526595
1758544343.1187978,target,5,-0.4205424194335938,-3.2426494140625,3.1138430476633854
1758544343.1387334,herder,1,-3.5744248046875,-1.7412664794921875,0.959862578777839
1758544343.1387334,herder,2,2.700879150390625,-3.29813134765625,-2.2252552483505825
1758544343.1387334,target,1,0.3839759826660156,3.108000732421875,-2.244727083818751
1758544343.1387334,target,2,2.320327392578125,1.4453302001953126,0.615872180784446
1758544343.1387334,target,3,2.2212958984375,-3.14898388671875,-0.34503192700620927
1758544343.1387334,target,4,-2.1325380859375,1.3455025634765625,-1.5576356504779976
1758544343.1387334,target,5,-0.420533935546875,-3.242637939453125,3.113923741444415
1758544343.1585684,herder,1,-3.571255859375,-1.7359019775390625,0.9589458521516064
1758544343.1585684,herder,2,2.6979091796875,-3.30192578125,-2.2196896411464806
1758544343.1585684,target,1,0.38395443725585937,3.1080078125,-2.2446415963477597
1758544343.1585684,target,2,2.320336669921875,1.4453885498046875,0.6160266441276706
1758544343.1585684,target,3,2.221342041015625,-3.149077392578125,-0.3459096383224721
1758544343.1585684,target,4,-2.132432373046875,1.345230712890625,-1.5512463275487338
1758544343.1585684,target,5,-0.42055032348632815,-3.242633544921875,3.1141743449029913
1758544343.178567,herder,1,-3.568678466796875,-1.7314493408203124,0.958688391053223
1758544343.178567,herder,2,2.694635498046875,-3.3057783203125,-2.2152970232445037
1758544343.178567,target,1,0.3839596252441406,3.108011474609375,-2.2444690235091227
1758544343.178567,target,2,2.320335205078125,1.445365234375,0.6147839465840125
1758544343.178567,target,3,2.22129931640625,-3.149010986328125,-0.34457948922651843
1758544343.178567,target,4,-2.132595703125,1.345310302734375,-1.5583451165923947
1758544343.178567,target,5,-0.4205544738769531,-3.24262841796875,3.114166089103612
1758544343.1986542,herder,1,-3.56488037109375,-1.72549072265625,0.9571767142394668
1758544343.1986542,herder,2,2.69080615234375,-3.3109013671875,-2.210480030622823
1758544343.1986542,target,1,0.3839523620605469,3.10801025390625,-2.2442240126888353
1758544343.1986542,target,2,2.320328369140625,1.4453262939453124,0.6162260483142904
1758544343.1986542,target,3,2.221324462890625,-3.14905224609375,-0.3443648717321717
1758544343.1986542,target,4,-2.13269677734375,1.3452952880859375,-1.5574411065603673
1758544343.1986542,target,5,-0.42055816650390626,-3.2426201171875,3.1146278812366317
1758544343.218893,herder,1,-3.5614619140625,-1.7201820068359375,0.9572875017408141
1758544343.218893,herder,2,2.687307861328125,-3.315178955078125,-2.2066338933765306
1758544343.218893,target,1,0.383953369140625,3.108026123046875,-2.2443992486885627
1758544343.218893,target,2,2.320378662109375,1.445390625,0.6154195099781599
1758544343.218893,target,3,2.22129150390625,-3.1491005859375,-0.34418850388898115
1758544343.218893,target,4,-2.132591552734375,1.3453414306640625,-1.5592034534117272
1758544343.218893,target,5,-0.42053936767578126,-3.242642578125,3.1138984414140594
1758544343.2390568,herder,1,-3.558379150390625,-1.715546875,0.9579088172231296
1758544343.2390568,herder,2,2.68437255859375,-3.319207763671875,-2.202891086780533
1758544343.2390568,target,1,0.3839461975097656,3.10803125,-2.2449582462013704
1758544343.2390568,target,2,2.32039453125,1.4453804931640626,0.6149643757478653
1758544343.2390568,target,3,2.221383056640625,-3.148884765625,-0.34400008524185804
1758544343.2390568,target,4,-2.1325166015625,1.3454300537109376,-1.559873238425882
1758544343.2390568,target,5,-0.42054458618164064,-3.242650634765625,3.1143245471884717
1758544343.2587087,herder,1,-3.555181640625,-1.710431884765625,0.958067208728962
1758544343.2587087,herder,2,2.68094775390625,-3.323984375,-2.1996100723175553
1758544343.2587087,target,1,0.38396075439453126,3.108019775390625,-2.244983812547835
1758544343.2587087,target,2,2.32036376953125,1.445397705078125,0.6155933478183148
1758544343.2587087,target,3,2.221228515625,-3.14921435546875,-0.345956643115712
1758544343.2587087,target,4,-2.132571044921875,1.345507568359375,-1.5581027689331974
1758544343.2587087,target,5,-0.42054922485351565,-3.242660400390625,3.1133740649954227
1758544343.2787395,herder,1,-3.551926025390625,-1.7049825439453126,0.9575993579044624
1758544343.2787395,herder,2,2.677682373046875,-3.32854541015625,-2.1974099017829865
1758544343.2787395,target,1,0.3839864807128906,3.1080048828125,-2.245262645513966
1758544343.2787395,target,2,2.3203857421875,1.445403564453125,0.6136042993791618
1758544343.2787395,target,3,2.218826416015625,-3.150592529296875,-0.3451843929786163
1758544343.2787395,target,4,-2.132364013671875,1.3454508056640626,-1.5566858340752208
1758544343.2787395,target,5,-0.4205550537109375,-3.242626220703125,3.1138385202895322
1758544343.2986712,herder,1,-3.5486552734375,-1.699888916015625,0.9563653156343469
1758544343.2986712,herder,2,2.674816162109375,-3.3328544921875,-2.19406150934443
1758544343.2986712,target,1,0.38396026611328127,3.108000244140625,-2.2452043222860936
1758544343.2986712,target,2,2.32033251953125,1.4453900146484375,0.615440948424935
1758544343.2986712,target,3,2.21501416015625,-3.15316943359375,-0.34651154601834366
1758544343.2986712,target,4,-2.132592529296875,1.345437255859375,-1.5570601413664313
1758544343.2986712,target,5,-0.42055426025390624,-3.24266162109375,3.1135434420407515
1758544343.3189573,herder,1,-3.546008544921875,-1.6952310791015626,0.9560896784615237
1758544343.3189573,herder,2,2.671700927734375,-3.337123046875,-2.1913747792787035
1758544343.3189573,target,1,0.3839621276855469,3.108016845703125,-2.2443888623603114
1758544343.3189573,target,2,2.32031494140625,1.44537158203125,0.6148420034957761
1758544343.3189573,target,3,2.211384521484375,-3.1549794921875,-0.3526170758439457
1758544343.3189573,target,4,-2.132400390625,1.3453427734375,-1.5585875974096464
1758544343.3189573,target,5,-0.42055072021484374,-3.242658447265625,3.113860358210471
1758544343.3386176,herder,1,-3.542861083984375,-1.6904031982421874,0.9551844700070058
1758544343.3386176,herder,2,2.668374755859375,-3.341822265625,-2.1893830010994333
1758544343.3386176,target,1,0.3839725341796875,3.108037109375,-2.2445289446336494
1758544343.3386176,target,2,2.320340087890625,1.4453887939453125,0.6160713186549568
1758544343.3386176,target,3,2.207869873046875,-3.15696044921875,-0.353815531623995
1758544343.3386176,target,4,-2.132658447265625,1.3454210205078125,-1.5550672979227251
1758544343.3386176,target,5,-0.42053900146484374,-3.242635986328125,3.113759690721266
1758544343.3587432,herder,1,-3.53973681640625,-1.68501708984375,0.9532295100298058
1758544343.3587432,herder,2,2.66462939453125,-3.347048095703125,-2.187360063935409
1758544343.3587432,target,1,0.383966552734375,3.1080185546875,-2.2449678335812946
1758544343.3587432,target,2,2.320365478515625,1.445395751953125,0.6162076059237416
1758544343.3587432,target,3,2.203497802734375,-3.15973193359375,-0.35480496254798666
1758544343.3587432,target,4,-2.13235986328125,1.34530859375,-1.55580153143526
1758544343.3587432,target,5,-0.42053970336914065,-3.2426455078125,3.113045697233016
1758544343.3787317,herder,1,-3.53657177734375,-1.6804664306640624,0.9514121689019358
1758544343.3787317,herder,2,2.661916748046875,-3.351515380859375,-2.1855597670385154
1758544343.3787317,target,1,0.3839764709472656,3.1079921875,-2.244818163928032
1758544343.3787317,target,2,2.320360107421875,1.445369140625,0.6160957531579582
1758544343.3787317,target,3,2.1990625,-3.162567626953125,-0.3594739499920863
1758544343.3787317,target,4,-2.132818603515625,1.3453184814453125,-1.5519532636600955
1758544343.3787317,target,5,-0.4205224304199219,-3.24263427734375,3.1131293204912445
1758544343.3986838,herder,1,-3.53389794921875,-1.675405517578125,0.9506833282906083
1758544343.3986838,herder,2,2.658172119140625,-3.356409423828125,-2.1836886300566256
1758544343.3986838,target,1,0.3840008544921875,3.107994873046875,-2.2452037896538757
1758544343.3986838,target,2,2.320364990234375,1.4453753662109374,0.6155091253488411
1758544343.3986838,target,3,2.194265869140625,-3.164999267578125,-0.3603156753441195
1758544343.3986838,target,4,-2.132758056640625,1.3453173828125,-1.557100754573055
1758544343.3986838,target,5,-0.4205299377441406,-3.242631103515625,3.1137458422835977
1758544343.418728,herder,1,-3.530847412109375,-1.67103662109375,0.9505507694473496
1758544343.418728,herder,2,2.654734619140625,-3.361410888671875,-2.1824610459521536
1758544343.418728,target,1,0.38394717407226564,3.108014404296875,-2.2449587788335883
1758544343.418728,target,2,2.32036474609375,1.4453978271484376,0.6156984095233184
1758544343.418728,target,3,2.1888896484375,-3.16795703125,-0.3593908926555895
1758544343.418728,target,4,-2.132551513671875,1.345369140625,-1.558521950488776
1758544343.418728,target,5,-0.42054193115234373,-3.2426240234375,3.1134379808615846
1758544343.438772,herder,1,-3.5276162109375,-1.6656826171875,0.9503347870829443
1758544343.438772,herder,2,2.651377685546875,-3.366246826171875,-2.1812141539297785
1758544343.438772,target,1,0.38394622802734374,3.10800732421875,-2.2448983250768433
1758544343.438772,target,2,2.320343994140625,1.445406982421875,0.61527316927626
1758544343.438772,target,3,2.18362890625,-3.17116845703125,-0.36335886952175306
1758544343.438772,target,4,-2.13263525390625,1.34527490234375,-1.5567201888532827
1758544343.438772,target,5,-0.42051580810546874,-3.242627197265625,3.11302039720266
1758544343.4587102,herder,1,-3.523990966796875,-1.660405517578125,0.9486861572101307
1758544343.4587102,herder,2,2.647572265625,-3.37114501953125,-2.1808764651035566
1758544343.4587102,target,1,0.38398779296875,3.108026611328125,-2.24475158490078
1758544343.4587102,target,2,2.320356201171875,1.445404052734375,0.615485356636112
1758544343.4587102,target,3,2.178840576171875,-3.173438232421875,-0.3691583688485914
1758544343.4587102,target,4,-2.13247998046875,1.3453026123046874,-1.5559963416689992
1758544343.4587102,target,5,-0.42054147338867187,-3.24262744140625,3.1134755314329547
1758544343.4787166,herder,1,-3.5209755859375,-1.655327880859375,0.9473429253353219
1758544343.4787166,herder,2,2.6445390625,-3.376056640625,-2.1807160096478793
1758544343.4787166,target,1,0.383971435546875,3.108016357421875,-2.244584072068214
1758544343.4787166,target,2,2.3203544921875,1.4453970947265624,0.6152605192610822
1758544343.4787166,target,3,2.176487548828125,-3.17524560546875,-0.36496076091743573
1758544343.4787166,target,4,-2.1324951171875,1.3453983154296876,-1.5551960617614304
1758544343.4787166,target,5,-0.42053262329101565,-3.242664306640625,3.113293371214393
1758544343.498619,herder,1,-3.51776953125,-1.6501361083984376,0.9459725292173944
1758544343.498619,herder,2,2.64119677734375,-3.38109619140625,-2.18037219555115
1758544343.498619,target,1,0.38396612548828124,3.10800390625,-2.2452663739394922
1758544343.498619,target,2,2.320360107421875,1.445373291015625,0.6147153701859429
1758544343.498619,target,3,2.175306884765625,-3.176205322265625,-0.3667239067171227
1758544343.498619,target,4,-2.132516845703125,1.3452100830078124,-1.554252104313052
1758544343.498619,target,5,-0.42051498413085936,-3.242653564453125,3.1130313161631293
1758544343.5188923,herder,1,-3.514662841796875,-1.6448292236328126,0.9449431508770516
1758544343.5188923,herder,2,2.63840087890625,-3.386070068359375,-2.1805458336542234
1758544343.5188923,target,1,0.38396377563476564,3.108032958984375,-2.2451667717147235
1758544343.5188923,target,2,2.3203505859375,1.4453709716796874,0.6158829665868609
1758544343.5188923,target,3,2.173513671875,-3.176843994140625,-0.3720878127581649
1758544343.5188923,target,4,-2.13261572265625,1.3454178466796876,-1.5562303003707627
1758544343.5188923,target,5,-0.4205356750488281,-3.242670654296875,3.113663017973696
1758544343.5386581,herder,1,-3.511806640625,-1.6396519775390626,0.9439951986870379
1758544343.5386581,herder,2,2.635060302734375,-3.39124853515625,-2.181173540723155
1758544343.5386581,target,1,0.38395062255859375,3.108027099609375,-2.244823490250212
1758544343.5386581,target,2,2.3203232421875,1.4453638916015625,0.6149665062767373
1758544343.5386581,target,3,2.17226953125,-3.17751025390625,-0.3713426602851607
1758544343.5386581,target,4,-2.13248779296875,1.3454940185546875,-1.558595453734862
1758544343.5386581,target,5,-0.4205333251953125,-3.242650146484375,3.114354374592681
1758544343.5587497,herder,1,-3.5083505859375,-1.634377685546875,0.9429891230062332
1758544343.5587497,herder,2,2.63161328125,-3.396235107421875,-2.181265419780763
1758544343.5587497,target,1,0.3839654541015625,3.108022216796875,-2.244356105478903
1758544343.5587497,target,2,2.320355712890625,1.4453564453125,0.6162420938598581
1758544343.5587497,target,3,2.1713212890625,-3.177957763671875,-0.3716771866075883
1758544343.5587497,target,4,-2.132517822265625,1.345361572265625,-1.5562785035864932
1758544343.5587497,target,5,-0.4205259094238281,-3.242638916015625,3.1142502449940586
1758544343.5785782,herder,1,-3.505030517578125,-1.6293916015625,0.9426062935995343
1758544343.5785782,herder,2,2.6285966796875,-3.40100048828125,-2.180953696775169
1758544343.5785782,target,1,0.3839707336425781,3.107981689453125,-2.244301776992666
1758544343.5785782,target,2,2.32036181640625,1.44537451171875,0.615691951357675
1758544343.5785782,target,3,2.1711298828125,-3.178015625,-0.37056921172557444
1758544343.5785782,target,4,-2.13263818359375,1.3455023193359374,-1.5592005239345281
1758544343.5785782,target,5,-0.42050982666015624,-3.24264111328125,3.113528262022538
1758544343.5986867,herder,1,-3.501606689453125,-1.624522705078125,0.9431725482263124
1758544343.5986867,herder,2,2.62498681640625,-3.40619482421875,-2.1812531692397483
1758544343.5986867,target,1,0.38396420288085936,3.1080126953125,-2.245048793678433
1758544343.5986867,target,2,2.320361328125,1.4453604736328125,0.6150136442280317
1758544343.5986867,target,3,2.17145654296875,-3.1777392578125,-0.36987442628668643
1758544343.5986867,target,4,-2.132347900390625,1.345421630859375,-1.5598705752647921
1758544343.5986867,target,5,-0.4205130004882813,-3.242650146484375,3.113253690114151
1758544343.619045,herder,1,-3.498129150390625,-1.619239013671875,0.9437963271326362
1758544343.619045,herder,2,2.621496826171875,-3.411722900390625,-2.181481402145168
1758544343.619045,target,1,0.3839697265625,3.10804736328125,-2.244727083818751
1758544343.619045,target,2,2.32034521484375,1.445389892578125,0.6147657039305454
1758544343.619045,target,3,2.17141552734375,-3.177807373046875,-0.36890100761874883
1758544343.619045,target,4,-2.132303466796875,1.345357421875,-1.5560470748877653
1758544343.619045,target,5,-0.4205311279296875,-3.242642333984375,3.113625733718435
1758544343.6385708,herder,1,-3.495083251953125,-1.6145892333984375,0.9436655659231133
1758544343.6385708,herder,2,2.61827734375,-3.416578369140625,-2.181509232178559
1758544343.6385708,target,1,0.3839515075683594,3.108016845703125,-2.2450434673562527
1758544343.6385708,target,2,2.320346435546875,1.445412841796875,0.6150883458966085
1758544343.6385708,target,3,2.171501953125,-3.177678466796875,-0.3694431606376617
1758544343.6385708,target,4,-2.132326904296875,1.3453660888671874,-1.5568163289686345
1758544343.6385708,target,5,-0.4204967956542969,-3.2426484375,3.112772456905174
1758544343.6588538,herder,1,-3.4926025390625,-1.610259765625,0.9432102985347642
1758544343.6588538,herder,2,2.615247314453125,-3.420732421875,-2.183405402874696
1758544343.6588538,target,1,0.3839541320800781,3.108037841796875,-2.24477848282779
1758544343.6588538,target,2,2.320349853515625,1.44541552734375,0.6145651679004625
1758544343.6588538,target,3,2.171554443359375,-3.177704833984375,-0.3688810006210596
1758544343.6588538,target,4,-2.132466064453125,1.3455577392578124,-1.5583915887534165
1758544343.6588538,target,5,-0.4205252990722656,-3.24263818359375,3.1134358503327126
1758544343.6787088,herder,1,-3.4895205078125,-1.6051181640625,0.9422921737489595
1758544343.6787088,herder,2,2.612244140625,-3.425396484375,-2.184209810681954
1758544343.6787088,target,1,0.38394964599609377,3.10803857421875,-2.244539863594119
1758544343.6787088,target,2,2.320363037109375,1.4453851318359374,0.6144543803991152
1758544343.6787088,target,3,2.171517578125,-3.17769970703125,-0.36895610176379984
1758544343.6787088,target,4,-2.13225439453125,1.3454078369140625,-1.559262841904036
1758544343.6787088,target,5,-0.4205296630859375,-3.24267431640625,3.1134294587460962
1758544343.698671,herder,1,-3.48595458984375,-1.59950439453125,0.9420195326323626
1758544343.698671,herder,2,2.6089296875,-3.430044189453125,-2.1861452630041693
1758544343.698671,target,1,0.38395620727539065,3.1080068359375,-2.2442642264212957
1758544343.698671,target,2,2.32034765625,1.4453974609375,0.6149495286247881
1758544343.698671,target,3,2.17155810546875,-3.177693603515625,-0.3689902235152665
1758544343.698671,target,4,-2.132070068359375,1.3452974853515625,-1.5581007715623798
1758544343.698671,target,5,-0.42054995727539063,-3.242622314453125,3.113919214070562
1758544343.718653,herder,1,-3.482478759765625,-1.5946409912109376,0.9419929010214618
1758544343.718653,herder,2,2.60599658203125,-3.4349091796875,-2.188082712697202
1758544343.718653,target,1,0.38396209716796875,3.108016357421875,-2.2444716866702126
1758544343.718653,target,2,2.3203349609375,1.4453428955078125,0.6155687801572588
1758544343.718653,target,3,2.171547119140625,-3.17768603515625,-0.3693388978809851
1758544343.718653,target,4,-2.132318603515625,1.34527099609375,-1.5576443057515403
1758544343.718653,target,5,-0.4205425720214844,-3.242603515625,3.113765815991773
1758544343.73862,herder,1,-3.479188232421875,-1.5897265625,0.9425296611391673
1758544343.73862,herder,2,2.603319580078125,-3.4391083984375,-2.1918521509041002
1758544343.73862,target,1,0.3839645690917969,3.108013916015625,-2.2446703584875327
1758544343.73862,target,2,2.32033740234375,1.4453536376953124,0.6150224992386563
1758544343.73862,target,3,2.171533203125,-3.1777041015625,-0.3682066882330515
1758544343.73862,target,4,-2.1323662109375,1.3453839111328125,-1.5576340525813435
1758544343.73862,target,5,-0.42053622436523436,-3.242627197265625,3.113888321401917
1758544343.7587397,herder,1,-3.476029296875,-1.5843275146484375,0.9419759233695125
1758544343.7587397,herder,2,2.6000712890625,-3.444040283203125,-2.195032098403709
1758544343.7587397,target,1,0.3839461364746094,3.108036376953125,-2.2448738239948147
1758544343.7587397,target,2,2.3203486328125,1.4453668212890625,0.614786210270939
1758544343.7587397,target,3,2.1715546875,-3.177695556640625,-0.36883522753982384
1758544343.7587397,target,4,-2.132311279296875,1.345446044921875,-1.55963488550832
1758544343.7587397,target,5,-0.42053448486328127,-3.24261279296875,3.1143663588175863
1758544343.778727,herder,1,-3.472826904296875,-1.57926318359375,0.940491144482766
1758544343.778727,herder,2,2.5966943359375,-3.448655517578125,-2.1983561229182915
1758544343.778727,target,1,0.38395315551757814,3.108040771484375,-2.2451712990885766
1758544343.778727,target,2,2.320347900390625,1.4453677978515624,0.6155570622484624
1758544343.778727,target,3,2.17157763671875,-3.17767626953125,-0.36894165411488616
1758544343.778727,target,4,-2.13230126953125,1.3454473876953126,-1.5604498128018842
1758544343.778727,target,5,-0.4205237731933594,-3.24264306640625,3.112946893956574
1758544343.7985947,herder,1,-3.470416015625,-1.5751171875,0.9391586984103723
1758544343.7985947,herder,2,2.594071044921875,-3.452888916015625,-2.202288679741957
1758544343.7985947,target,1,0.3839586791992188,3.108016845703125,-2.2446043120924988
1758544343.7985947,target,2,2.320360107421875,1.445398193359375,0.6164508856893203
1758544343.7985947,target,3,2.171562255859375,-3.17767431640625,-0.36856248655468615
1758544343.7985947,target,4,-2.132621337890625,1.345492431640625,-1.558957909959222
1758544343.7985947,target,5,-0.42051702880859376,-3.24260498046875,3.113823340271319
1758544343.8188512,herder,1,-3.467146728515625,-1.5701859130859375,0.9386880512667279
1758544343.8188512,herder,2,2.59095556640625,-3.45749267578125,-2.2077167346757567
1758544343.8188512,target,1,0.38397576904296876,3.108025146484375,-2.245433087823731
1758544343.8188512,target,2,2.320368896484375,1.4453900146484375,0.6145955279368893
1758544343.8188512,target,3,2.171574951171875,-3.177652587890625,-0.3689346633170247
1758544343.8188512,target,4,-2.132680908203125,1.3453194580078125,-1.5501337920033533
1758544343.8188512,target,5,-0.4205244140625,-3.2426337890625,3.1137940454993283
1758544343.8385844,herder,1,-3.463239501953125,-1.5646134033203125,0.9385008976211227
1758544343.8385844,herder,2,2.588050537109375,-3.4619033203125,-2.213528417964582
1758544343.8385844,target,1,0.3839537963867187,3.10801416015625,-2.244408303436269
1758544343.8385844,target,2,2.320367919921875,1.4454049072265625,0.6155558638259719
1758544343.8385844,target,3,2.171564208984375,-3.17766162109375,-0.368382523444024
1758544343.8385844,target,4,-2.13262353515625,1.34540966796875,-1.553111206102062
1758544343.8385844,target,5,-0.420527587890625,-3.242659423828125,3.1134110829345745
1758544343.858709,herder,1,-3.45990576171875,-1.5589580078125,0.9378225239124522
1758544343.858709,herder,2,2.5850205078125,-3.466247314453125,-2.2191715231564055
1758544343.858709,target,1,0.38394851684570314,3.10801220703125,-2.245019232590333
1758544343.858709,target,2,2.320374267578125,1.4453837890625,0.6156857595081405
1758544343.858709,target,3,2.171561767578125,-3.177653076171875,-0.368562053791009
1758544343.858709,target,4,-2.132625244140625,1.345428955078125,-1.555519103201657
1758544343.858709,target,5,-0.42053890991210935,-3.242572265625,3.114463830513483
1758544343.8786695,herder,1,-3.457109130859375,-1.5547154541015624,0.9366362853839036
1758544343.8786695,herder,2,2.582590576171875,-3.469800537109375,-2.225602391398674
1758544343.8786695,target,1,0.38396044921875,3.108007080078125,-2.244434668731061
1758544343.8786695,target,2,2.32034912109375,1.4453970947265624,0.6163194586895249
1758544343.8786695,target,3,2.171550048828125,-3.177662109375,-0.3684261659963877
1758544343.8786695,target,4,-2.132353271484375,1.345255859375,-1.5547041759080928
1758544343.8786695,target,5,-0.42051565551757814,-3.242596435546875,3.113330122837436
1758544343.8987858,herder,1,-3.455012939453125,-1.550546875,0.9348803301191599
1758544343.8987858,herder,2,2.579794189453125,-3.474037109375,-2.23344074027705
1758544343.8987858,target,1,0.3839669189453125,3.10800927734375,-2.2451257590339364
1758544343.8987858,target,2,2.320363525390625,1.445380859375,0.6156899539868574
1758544343.8987858,target,3,2.1715498046875,-3.17768701171875,-0.367856582418247
1758544343.8987858,target,4,-2.13265625,1.3453209228515626,-1.5526528760784593
1758544343.8987858,target,5,-0.4205321350097656,-3.2426396484375,3.113548502046823
1758544343.918653,herder,1,-3.45180322265625,-1.5453990478515625,0.9332181847038142
1758544343.918653,herder,2,2.576234130859375,-3.478414794921875,-2.2404031754728986
1758544343.918653,target,1,0.383977294921875,3.1080302734375,-2.244811772341416
1758544343.918653,target,2,2.320371826171875,1.4453779296875,0.6158028054380495
1758544343.918653,target,3,2.1715712890625,-3.17767822265625,-0.36799356876681794
1758544343.918653,target,4,-2.13273876953125,1.3454412841796874,-1.5572895726943417
1758544343.918653,target,5,-0.42054129028320314,-3.24263916015625,3.113760489669593
1758544343.938651,herder,1,-3.447577880859375,-1.5394249267578124,0.9335302406045443
1758544343.938651,herder,2,2.5737294921875,-3.482544189453125,-2.246989172848665
1758544343.938651,target,1,0.38396649169921876,3.108010498046875,-2.244758775435723
1758544343.938651,target,2,2.3203212890625,1.4453878173828125,0.6152868179768467
1758544343.938651,target,3,2.17154736328125,-3.177674560546875,-0.3680253602523308
1758544343.938651,target,4,-2.132595703125,1.3452689208984374,-1.5537209368336355
1758544343.938651,target,5,-0.420567626953125,-3.2426474609375,3.1143067040091683
1758544343.9591417,herder,1,-3.4440771484375,-1.5342183837890624,0.9338912320903044
1758544343.9591417,herder,2,2.571119140625,-3.485892333984375,-2.2544833081561477
1758544343.9591417,target,1,0.3839527587890625,3.108028076171875,-2.2450226946997502
1758544343.9591417,target,2,2.320386474609375,1.4454361572265626,0.6146663014428582
1758544343.9591417,target,3,2.1715751953125,-3.1777021484375,-0.36793111763925557
1758544343.9591417,target,4,-2.132538330078125,1.3454013671875,-1.5579408487389206
1758544343.9591417,target,5,-0.42057470703125,-3.2426279296875,3.1145053758264885
1758544343.9786398,herder,1,-3.44089892578125,-1.5301558837890625,0.9329815628409607
1758544343.9786398,herder,2,2.5682158203125,-3.490123046875,-2.2617348294883244
1758544343.9786398,target,1,0.3839530334472656,3.108053955078125,-2.2451699675080317
1758544343.9786398,target,2,2.320363037109375,1.4454088134765626,0.6158701168346012
1758544343.9786398,target,3,2.171569580078125,-3.177670654296875,-0.3679811517782355
1758544343.9786398,target,4,-2.132379150390625,1.34540283203125,-1.5589858731506676
1758544343.9786398,target,5,-0.4205477600097656,-3.2426513671875,3.1142158902159967
1758544343.9987803,herder,1,-3.43832666015625,-1.5260225830078125,0.9328223058077739
1758544343.9987803,herder,2,2.564619384765625,-3.494984130859375,-2.2693330943944297
1758544343.9987803,target,1,0.38395751953125,3.10799365234375,-2.244719094335481
1758544343.9987803,target,2,2.320336181640625,1.44537548828125,0.615205791300681
1758544343.9987803,target,3,2.17157666015625,-3.177654541015625,-0.36866561746789944
1758544343.9987803,target,4,-2.132358154296875,1.3454593505859376,-1.5587010480720838
1758544343.9987803,target,5,-0.4205471496582031,-3.24261767578125,3.1136403811044304
1758544344.0189803,herder,1,-3.434760009765625,-1.5205711669921875,0.9317778140282449
1758544344.0189803,herder,2,2.56245703125,-3.497926513671875,-2.278293033565892
1758544344.0189803,target,1,0.3839482116699219,3.108031005859375,-2.244376611819297
1758544344.0189803,target,2,2.320392578125,1.44538525390625,0.6154677131938903
1758544344.0189803,target,3,2.17153369140625,-3.177700927734375,-0.3684142816400232
1758544344.0189803,target,4,-2.132264404296875,1.345413330078125,-1.5560800980852822
1758544344.0189803,target,5,-0.42053335571289063,-3.242625,3.11329417016272
1758544344.0386899,herder,1,-3.430881591796875,-1.51440869140625,0.9307883165252259
1758544344.0386899,herder,2,2.55997216796875,-3.50143701171875,-2.2871656210536
1758544344.0386899,target,1,0.3839698486328125,3.10801953125,-2.244581408907124
1758544344.0386899,target,2,2.320362548828125,1.4453798828125,0.6163227876408874
1758544344.0386899,target,3,2.171550048828125,-3.1776923828125,-0.36959689161158654
1758544344.0386899,target,4,-2.1325224609375,1.345380859375,-1.5660464458326857
1758544344.0386899,target,5,-0.4205267333984375,-3.24264990234375,3.1135761989221598
1758544344.0586138,herder,1,-3.42796826171875,-1.5095870361328125,0.9303015572569867
1758544344.0586138,herder,2,2.556404052734375,-3.505970703125,-2.295664833356479
1758544344.0586138,target,1,0.3839459533691406,3.108035400390625,-2.2451017905841253
1758544344.0586138,target,2,2.320359619140625,1.4453812255859375,0.6152591876805371
1758544344.0586138,target,3,2.171584228515625,-3.17765771484375,-0.3686913169724187
1758544344.0586138,target,4,-2.13242822265625,1.34539404296875,-1.5645453550842625
1758544344.0586138,target,5,-0.42054507446289063,-3.242609619140625,3.114027604726928
1758544344.0787177,herder,1,-3.425347412109375,-1.505314208984375,0.9301235249381149
1758544344.0787177,herder,2,2.55304443359375,-3.510314453125,-2.305102543627502
1758544344.0787177,target,1,0.3839811096191406,3.108010498046875,-2.244678347970803
1758544344.0787177,target,2,2.320324951171875,1.4453656005859374,0.615441214741044
1758544344.0787177,target,3,2.171578369140625,-3.177683349609375,-0.3684267319181193
1758544344.0787177,target,4,-2.1325849609375,1.3453765869140626,-1.5589041141052022
1758544344.0787177,target,5,-0.4205328979492188,-3.242594970703125,3.1136073579069135
1758544344.0987206,herder,1,-3.421549560546875,-1.499997314453125,0.9304401082126981
1758544344.0987206,herder,2,2.550396240234375,-3.51337158203125,-2.315160770432513
1758544344.0987206,target,1,0.3839830322265625,3.108017578125,-2.24474093225642
1758544344.0987206,target,2,2.320342529296875,1.4453714599609375,0.6151727015241367
1758544344.0987206,target,3,2.171581298828125,-3.17768798828125,-0.3689899904886711
1758544344.0987206,target,4,-2.13249609375,1.3452979736328126,-1.5548477202908482
1758544344.0987206,target,5,-0.42052191162109376,-3.2426484375,3.113061942515665
1758544344.1188772,herder,1,-3.417871826171875,-1.4946793212890626,0.9306966372047
1758544344.1188772,herder,2,2.548421630859375,-3.516611083984375,-2.325439506975783
1758544344.1188772,target,1,0.3839446105957031,3.108010009765625,-2.244751318584671
1758544344.1188772,target,2,2.320345947265625,1.445395751953125,0.6150081181687699
1758544344.1188772,target,3,2.171584228515625,-3.177696044921875,-0.3689795375813925
1758544344.1188772,target,4,-2.13243408203125,1.3452896728515624,-1.556724982543245
1758544344.1188772,target,5,-0.42051760864257814,-3.24263427734375,3.113084046752713
1758544344.1386747,herder,1,-3.414906982421875,-1.4901761474609374,0.9318328748837822
1758544344.1386747,herder,2,2.545461181640625,-3.520615234375,-2.337982196761729
1758544344.1386747,target,1,0.38397515869140625,3.108026123046875,-2.2448597092410374
1758544344.1386747,target,2,2.32036572265625,1.4453980712890624,0.6152608521562184
1758544344.1386747,target,3,2.17156787109375,-3.177702392578125,-0.36904771450529855
1758544344.1386747,target,4,-2.13247900390625,1.3454495849609376,-1.5564585332761824
1758544344.1386747,target,5,-0.420528076171875,-3.2426201171875,3.1135567578462022
1758544344.1587315,herder,1,-3.41173046875,-1.485242919921875,0.931118348763314
1758544344.1587315,herder,2,2.5428232421875,-3.52395751953125,-2.350318225247085
1758544344.1587315,target,1,0.3839722595214844,3.10802392578125,-2.2443270770230215
1758544344.1587315,target,2,2.320333740234375,1.44539306640625,0.6152732358552873
1758544344.1587315,target,3,2.171588623046875,-3.177658203125,-0.36862107609866784
1758544344.1587315,target,4,-2.132406982421875,1.3454669189453126,-1.5590085100199333
1758544344.1587315,target,5,-0.42059527587890627,-3.242672607421875,3.1152846167614454
1758544344.1787298,herder,1,-3.408409423828125,-1.479696044921875,0.9303551533739245
1758544344.1787298,herder,2,2.540338134765625,-3.527311279296875,-2.361342380579468
1758544344.1787298,target,1,0.3839318542480469,3.108006103515625,-2.244611236311333
1758544344.1787298,target,2,2.320361328125,1.4454140625,0.6158132583453281
1758544344.1787298,target,3,2.17157080078125,-3.17767919921875,-0.369067521765906
1758544344.1787298,target,4,-2.1323564453125,1.345463623046875,-1.5599062616233992
1758544344.1787298,target,5,-0.4205390319824219,-3.242666015625,3.1137852570677307
1758544344.1987104,herder,1,-3.405273681640625,-1.4751485595703124,0.9298303109020971
1758544344.1987104,herder,2,2.53767626953125,-3.53030126953125,-2.3739300777878367
1758544344.1987104,target,1,0.3839768981933594,3.108021484375,-2.2449939325599773
1758544344.1987104,target,2,2.320369873046875,1.4453824462890625,0.6154033978535649
1758544344.1987104,target,3,2.171576904296875,-3.177645263671875,-0.36799969403732513
1758544344.1987104,target,4,-2.132744384765625,1.34545556640625,-1.5545286735922565
1758544344.1987104,target,5,-0.42054022216796877,-3.242635009765625,3.114301910319206
1758544344.2187548,herder,1,-3.4019052734375,-1.4700537109375,0.9300900356874071
1758544344.2187548,herder,2,2.535092529296875,-3.5330595703125,-2.387054135639747
1758544344.2187548,target,1,0.383975341796875,3.10801171875,-2.2451702338241404
1758544344.2187548,target,2,2.3203505859375,1.4453795166015626,0.615299601150079
1758544344.2187548,target,3,2.17158447265625,-3.17764208984375,-0.3685657822165351
1758544344.2187548,target,4,-2.132464599609375,1.345371826171875,-1.5532532857462176
1758544344.2187548,target,5,-0.42049713134765626,-3.24262646484375,3.112877651768232
1758544344.2385843,herder,1,-3.39810107421875,-1.4642607421875,0.9294368954300652
1758544344.2385843,herder,2,2.53265234375,-3.53546240234375,-2.4018253586258718
1758544344.2385843,target,1,0.3839410705566406,3.108001708984375,-2.2446245521167834
1758544344.2385843,target,2,2.3203408203125,1.445402099609375,0.6151585867703593
1758544344.2385843,target,3,2.17158837890625,-3.177679443359375,-0.3684478041802446
1758544344.2385843,target,4,-2.1324072265625,1.3454202880859376,-1.5546658263883957
1758544344.2385843,target,5,-0.4205078125,-3.242657958984375,3.1125085376411468
1758544344.2585688,herder,1,-3.395406982421875,-1.4601961669921875,0.9278890662045112
1758544344.2585688,herder,2,2.53036572265625,-3.538177490234375,-2.416561694201716
1758544344.2585688,target,1,0.38399136352539065,3.1080029296875,-2.2453159087357677
1758544344.2585688,target,2,2.320353515625,1.4454327392578126,0.6158059346523304
1758544344.2585688,target,3,2.171573974609375,-3.1776943359375,-0.3689893912774258
1758544344.2585688,target,4,-2.13254443359375,1.345368408203125,-1.5586929254307589
1758544344.2585688,target,5,-0.420565185546875,-3.242612548828125,3.1141748775352096
1758544344.2787304,herder,1,-3.392788330078125,-1.455412353515625,0.9270943789352315
1758544344.2787304,herder,2,2.52878125,-3.540425048828125,-2.4342104627456713
1758544344.2787304,target,1,0.38393350219726563,3.1080439453125,-2.2443608991688655
1758544344.2787304,target,2,2.3203603515625,1.44542138671875,0.6144658319918025
1758544344.2787304,target,3,2.17157568359375,-3.177672607421875,-0.36900939827511503
1758544344.2787304,target,4,-2.132982421875,1.3454139404296874,-1.552644353962971
1758544344.2787304,target,5,-0.4205351867675781,-3.242616455078125,3.1137048296028103
1758544344.2986424,herder,1,-3.38898095703125,-1.450031982421875,0.9252934828270927
1758544344.2986424,herder,2,2.526722412109375,-3.543256103515625,-2.452081338924539
1758544344.2986424,target,1,0.3839622192382813,3.10799853515625,-2.244779015460008
1758544344.2986424,target,2,2.320361572265625,1.4453870849609376,0.6152597868917823
1758544344.2986424,target,3,2.171593017578125,-3.17767041015625,-0.36819440440252355
1758544344.2986424,target,4,-2.1328193359375,1.345385009765625,-1.5524423531942886
1758544344.2986424,target,5,-0.4205457153320312,-3.242631103515625,3.114202308094437
1758544344.3191009,herder,1,-3.385586669921875,-1.444888916015625,0.9257476183719784
1758544344.3191009,herder,2,2.52342431640625,-3.54667822265625,-2.470428121990204
1758544344.3191009,target,1,0.3839517822265625,3.108033203125,-2.2453340182311803
1758544344.3191009,target,2,2.320381591796875,1.4453653564453126,0.6142571733203948
1758544344.3191009,target,3,2.171582275390625,-3.177682373046875,-0.3685658155060487
1758544344.3191009,target,4,-2.132585693359375,1.3452999267578125,-1.5524352958173997
1758544344.3191009,target,5,-0.4204999389648437,-3.24261669921875,3.1126925620724712
1758544344.3385818,herder,1,-3.38218505859375,-1.4401201171875,0.9265943704405691
1758544344.3385818,herder,2,2.521981689453125,-3.548594482421875,-2.4897099409145955
1758544344.3385818,target,1,0.3839662780761719,3.108021484375,-2.2450442663045798
1758544344.3385818,target,2,2.320361083984375,1.445390380859375,0.6152669108476984
1758544344.3385818,target,3,2.1715849609375,-3.17769189453125,-0.3694810773936817
1758544344.3385818,target,4,-2.132529296875,1.3453958740234375,-1.5569558786097548
1758544344.3385818,target,5,-0.42050616455078127,-3.242647216796875,3.1126656641454615
1758544344.3587189,herder,1,-3.37840771484375,-1.435251708984375,0.9277246160071988
1758544344.3587189,herder,2,2.5206015625,-3.550657470703125,-2.509916409369463
1758544344.3587189,target,1,0.38394500732421877,3.108023681640625,-2.244913238778948
1758544344.3587189,target,2,2.320342041015625,1.4453779296875,0.6148352790140237
1758544344.3587189,target,3,2.171579833984375,-3.177701416015625,-0.36898889193472145
1758544344.3587189,target,4,-2.132486083984375,1.3452685546875,-1.5573597469890652
1758544344.3587189,target,5,-0.4205205993652344,-3.242614501953125,3.1133985660774512
1758544344.3787181,herder,1,-3.375026123046875,-1.4303370361328125,0.9282230931842343
1758544344.3787181,herder,2,2.517736572265625,-3.552905517578125,-2.530533270948311
1758544344.3787181,target,1,0.3839685363769531,3.1080263671875,-2.244755579642415
1758544344.3787181,target,2,2.3203447265625,1.445391357421875,0.6153774320329366
1758544344.3787181,target,3,2.171557861328125,-3.17772021484375,-0.36869754211146677
1758544344.3787181,target,4,-2.132631591796875,1.34534228515625,-1.5515121110255239
1758544344.3787181,target,5,-0.4205312805175781,-3.2426435546875,3.11325661959135
1758544344.3986554,herder,1,-3.37210009765625,-1.4253563232421875,0.9280485895538069
1758544344.3986554,herder,2,2.51496435546875,-3.555308349609375,-2.5512816926850093
1758544344.3986554,target,1,0.38393133544921876,3.108031494140625,-2.24482402288243
1758544344.3986554,target,2,2.320336669921875,1.4453836669921876,0.6151436064892276
1758544344.3986554,target,3,2.17158154296875,-3.17767041015625,-0.36795515266809353
1758544344.3986554,target,4,-2.13259765625,1.3454437255859375,-1.554638129513059
1758544344.3986554,target,5,-0.42052273559570313,-3.24259130859375,3.11332106808973
1758544344.4186087,herder,1,-3.36905810546875,-1.4207391357421875,0.9273344629075021
1758544344.4186087,herder,2,2.512562255859375,-3.557377197265625,-2.5712799019426322
1758544344.4186087,target,1,0.3839574279785156,3.108002685546875,-2.2448943303352085
1758544344.4186087,target,2,2.32035693359375,1.4454234619140625,0.6140228151444678
1758544344.4186087,target,3,2.171586181640625,-3.177662841796875,-0.3682975686052505
1758544344.4186087,target,4,-2.132407470703125,1.34542041015625,-1.555800732486933
1758544344.4186087,target,5,-0.42053369140625,-3.242618408203125,3.1135716715483066
1758544344.438646,herder,1,-3.36601806640625,-1.4156121826171875,0.9270185454231915
1758544344.438646,herder,2,2.510695556640625,-3.559232177734375,-2.590592879851778
1758544344.438646,target,1,0.3839505004882813,3.1080224609375,-2.2447033816850497
1758544344.438646,target,2,2.32033740234375,1.4453446044921876,0.615827772573269
1758544344.438646,target,3,2.171585205078125,-3.177685791015625,-0.3679877098124198
1758544344.438646,target,4,-2.132525634765625,1.34530908203125,-1.5587039775492828
1758544344.438646,target,5,-0.420531005859375,-3.2426162109375,3.113665947450895
1758544344.4587197,herder,1,-3.362509033203125,-1.41098291015625,0.9265367130029689
1758544344.4587197,herder,2,2.508355224609375,-3.56127880859375,-2.6104691163314753
1758544344.4587197,target,1,0.3839366760253906,3.108026123046875,-2.245014971532589
1758544344.4587197,target,2,2.3203896484375,1.445383056640625,0.6154510684370773
1758544344.4587197,target,3,2.171576171875,-3.17766650390625,-0.3684948422629981
1758544344.4587197,target,4,-2.132540771484375,1.3453092041015624,-1.5613908407730637
1758544344.4587197,target,5,-0.420517822265625,-3.24262646484375,3.1131698005398136
1758544344.4785736,herder,1,-3.35904052734375,-1.4062392578125,0.9266631465757205
1758544344.4785736,herder,2,2.505857421875,-3.56355126953125,-2.6301006083069947
1758544344.4785736,target,1,0.38397219848632813,3.10801953125,-2.2452858150154498
1758544344.4785736,target,2,2.320371337890625,1.4454095458984375,0.616102277902629
1758544344.4785736,target,3,2.17159375,-3.17769287109375,-0.36834653747979434
1758544344.4785736,target,4,-2.13277392578125,1.3453243408203126,-1.5543355944132258
1758544344.4785736,target,5,-0.4205358581542969,-3.242633056640625,3.114768762458297
1758544344.4985802,herder,1,-3.355788818359375,-1.4016971435546874,0.927019743845682
1758544344.4985802,herder,2,2.503975830078125,-3.565587646484375,-2.6493257019001675
1758544344.4985802,target,1,0.38396310424804686,3.108021484375,-2.2447984565359653
1758544344.4985802,target,2,2.320385986328125,1.445414794921875,0.6154027986423196
1758544344.4985802,target,3,2.171582763671875,-3.177669189453125,-0.36926779147988
1758544344.4985802,target,4,-2.132634765625,1.34532421875,-1.5541140194105312
1758544344.4985802,target,5,-0.42053866577148435,-3.24266357421875,3.1141900575534227
1758544344.5192983,herder,1,-3.352309326171875,-1.3963824462890626,0.9265446359072119
1758544344.5192983,herder,2,2.502049072265625,-3.567156005859375,-2.6678692925703893
1758544344.5192983,target,1,0.3839663391113281,3.108010986328125,-2.245023759964186
1758544344.5192983,target,2,2.320373046875,1.44541748046875,0.6145790829171581
1758544344.5192983,target,3,2.171575439453125,-3.17767578125,-0.36929415677467176
1758544344.5192983,target,4,-2.13264501953125,1.34537646484375,-1.557451892362782
1758544344.5192983,target,5,-0.4205379638671875,-3.242632568359375,3.113216139542781
1758544344.5386262,herder,1,-3.349128662109375,-1.3911541748046874,0.9260289813411453
1758544344.5386262,herder,2,2.499207275390625,-3.569380615234375,-2.6862661430645476
1758544344.5386262,target,1,0.38392877197265624,3.108033447265625,-2.244775553350591
1758544344.5386262,target,2,2.320358154296875,1.445426025390625,0.6148460648164386
1758544344.5386262,target,3,2.171598876953125,-3.17764111328125,-0.3679809187516401
1758544344.5386262,target,4,-2.13264453125,1.3454283447265625,-1.5668649683937217
1758544344.5386262,target,5,-0.42052423095703123,-3.242631591796875,3.1136169452868376
1758544344.5585778,herder,1,-3.34584375,-1.3863995361328125,0.9256195203235457
1758544344.5585778,herder,2,2.4962822265625,-3.5714501953125,-2.705347159642747
1758544344.5585778,target,1,0.3839645080566406,3.108039306640625,-2.24508181687595
1758544344.5585778,target,2,2.320348876953125,1.44536865234375,0.6142014466745849
1758544344.5585778,target,3,2.171600341796875,-3.177673583984375,-0.36908623047256384
1758544344.5585778,target,4,-2.132678466796875,1.345408935546875,-1.564156533565111
1758544344.5585778,target,5,-0.42050234985351564,-3.242694580078125,3.112988971901797
1758544344.5787144,herder,1,-3.342532470703125,-1.38114013671875,0.9257922263202373
1758544344.5787144,herder,2,2.49394775390625,-3.5731396484375,-2.724181034871788
1758544344.5787144,target,1,0.38395465087890623,3.107996826171875,-2.245021096803096
1758544344.5787144,target,2,2.32033447265625,1.44539111328125,0.6161920930103918
1758544344.5787144,target,3,2.171613525390625,-3.177650390625,-0.3693200893057864
1758544344.5787144,target,4,-2.132541259765625,1.3454461669921876,-1.5605017444431408
1758544344.5787144,target,5,-0.42053192138671874,-3.242636962890625,3.1142505113101677
1758544344.5986753,herder,1,-3.33882666015625,-1.376191162109375,0.9256350998159226
1758544344.5986753,herder,2,2.491692138671875,-3.574806396484375,-2.742873762563054
1758544344.5986753,target,1,0.38397601318359376,3.1080068359375,-2.245092203204201
1758544344.5986753,target,2,2.320318603515625,1.4453800048828125,0.6152768311227589
1758544344.5986753,target,3,2.1715859375,-3.17766162109375,-0.3677798833788527
1758544344.5986753,target,4,-2.132569580078125,1.34531640625,-1.5541494394530293
1758544344.5986753,target,5,-0.42048236083984375,-3.24270361328125,3.112581508255015
1758544344.6187665,herder,1,-3.335865234375,-1.3710450439453126,0.9257119985923986
1758544344.6187665,herder,2,2.488722900390625,-3.576493896484375,-2.7626930073954235
1758544344.6187665,target,1,0.3839501037597656,3.108032470703125,-2.2450615768516653
1758544344.6187665,target,2,2.32035791015625,1.445375244140625,0.6153843562517708
1758544344.6187665,target,3,2.17158056640625,-3.177666748046875,-0.3689296366004672
1758544344.6187665,target,4,-2.132418212890625,1.3454134521484375,-1.5590009200108266
1758544344.6187665,target,5,-0.4205015869140625,-3.242625244140625,3.1132784575122887
1758544344.6386921,herder,1,-3.332370849609375,-1.36592138671875,0.9250537317499583
1758544344.6386921,herder,2,2.48582958984375,-3.578207275390625,-2.7813756150745474
1758544344.6386921,target,1,0.3839465637207031,3.108029296875,-2.244745193314164
1758544344.6386921,target,2,2.32033935546875,1.4453896484375,0.6147975952845991
1758544344.6386921,target,3,2.17161767578125,-3.177657470703125,-0.3699348800434312
1758544344.6386921,target,4,-2.132444091796875,1.3454178466796876,-1.5539939108453686
1758544344.6386921,target,5,-0.4205341491699219,-3.242639892578125,3.1136646158703503
1758544344.6591494,herder,1,-3.32962890625,-1.36116748046875,0.9243563830185211
1758544344.6591494,herder,2,2.48381640625,-3.579570068359375,-2.8003732747106276
1758544344.6591494,target,1,0.3839844665527344,3.107993896484375,-2.244788869156041
1758544344.6591494,target,2,2.32035595703125,1.4453828125,0.6150741645638038
1758544344.6591494,target,3,2.17160693359375,-3.1776162109375,-0.36991713673266857
1758544344.6591494,target,4,-2.132489501953125,1.345526611328125,-1.5576060893898975
1758544344.6591494,target,5,-0.4205188903808594,-3.2426298828125,3.1137032317061566
1758544344.6787312,herder,1,-3.32691162109375,-1.3569473876953124,0.9242087773151034
1758544344.6787312,herder,2,2.48121826171875,-3.5810185546875,-2.818938703301788
1758544344.6787312,target,1,0.38403634643554685,3.107975830078125,-2.2451926043772974
1758544344.6787312,target,2,2.32035302734375,1.4453804931640626,0.6150090502751514
1758544344.6787312,target,3,2.171586669921875,-3.17767431640625,-0.36940347953741953
1758544344.6787312,target,4,-2.1325048828125,1.345462890625,-1.5595423406604398
1758544344.6787312,target,5,-0.42051339721679687,-3.242611572265625,3.114146381711546
1758544344.6986668,herder,1,-3.323252685546875,-1.35189404296875,0.9245758940713709
1758544344.6986668,herder,2,2.477791015625,-3.58264794921875,-2.8386572806449526
1758544344.6986668,target,1,0.38399276733398435,3.10801025390625,-2.24498248096729
1758544344.6986668,target,2,2.320376708984375,1.445376708984375,0.6152223694784668
1758544344.6986668,target,3,2.1715810546875,-3.17768017578125,-0.3684146478246731
1758544344.6986668,target,4,-2.132561279296875,1.3454630126953124,-1.55916510389203
1758544344.6986668,target,5,-0.4205116577148437,-3.242623291015625,3.1132592827524403
1758544344.718873,herder,1,-3.31921044921875,-1.346385009765625,0.9254695843541741
1758544344.718873,herder,2,2.475436279296875,-3.584141845703125,-2.85816040825593
1758544344.718873,target,1,0.38397128295898436,3.10802880859375,-2.244971029374603
1758544344.718873,target,2,2.320320556640625,1.445367919921875,0.6154529992288676
1758544344.718873,target,3,2.1716015625,-3.1776669921875,-0.36868435946407085
1758544344.718873,target,4,-2.13247802734375,1.345404296875,-1.5549565104213778
1758544344.718873,target,5,-0.42046414184570313,-3.242709228515625,3.1123000121277937
1758544344.7386076,herder,1,-3.315768310546875,-1.342009765625,0.9251279673653442
1758544344.7386076,herder,2,2.472951416015625,-3.585497314453125,-2.8779985615320394
1758544344.7386076,target,1,0.38394287109375,3.10803759765625,-2.245097263210272
1758544344.7386076,target,2,2.3203505859375,1.4454019775390625,0.6146072458456857
1758544344.7386076,target,3,2.17159912109375,-3.1776767578125,-0.36933420405956385
1758544344.7386076,target,4,-2.13263427734375,1.3453431396484374,-1.5545190862123324
1758544344.7386076,target,5,-0.42051422119140625,-3.242597900390625,3.114998326944262
1758544344.758564,herder,1,-3.31299072265625,-1.3371092529296875,0.9251503379185009
1758544344.758564,herder,2,2.469544189453125,-3.58692578125,-2.8974321806385657
1758544344.758564,target,1,0.38397415161132814,3.10804052734375,-2.2448961945479713
1758544344.758564,target,2,2.320372802734375,1.4454266357421874,0.6162651302032872
1758544344.758564,target,3,2.171578125,-3.177659423828125,-0.36898183455783273
1758544344.758564,target,4,-2.13249658203125,1.345354736328125,-1.556476110139377
1758544344.758564,target,5,-0.4204961242675781,-3.242633544921875,3.1131969647829325
1758544344.7786977,herder,1,-3.310272705078125,-1.3326162109375,0.9243087124350086
1758544344.7786977,herder,2,2.46694921875,-3.588141845703125,-2.916563797277477
1758544344.7786977,target,1,0.3839470520019531,3.108011474609375,-2.244839469216753
1758544344.7786977,target,2,2.320355224609375,1.445390380859375,0.6149909407797388
1758544344.7786977,target,3,2.171581298828125,-3.17769873046875,-0.36942411903586764
1758544344.7786977,target,4,-2.13237353515625,1.3453619384765625,-1.5572276541989973
1758544344.7786977,target,5,-0.420522216796875,-3.24265478515625,3.113424665056134
1758544344.7987278,herder,1,-3.306822021484375,-1.3273253173828126,0.9237517788720457
1758544344.7987278,herder,2,2.4643740234375,-3.589048828125,-2.9352093870174487
1758544344.7987278,target,1,0.38395245361328123,3.107993408203125,-2.2448141691863968
1758544344.7987278,target,2,2.320351806640625,1.4453900146484375,0.6153199743324181
1758544344.7987278,target,3,2.17159765625,-3.177661865234375,-0.36935021631561793
1758544344.7987278,target,4,-2.132414794921875,1.345421142578125,-1.5572681342475665
1758544344.7987278,target,5,-0.4205057678222656,-3.242648193359375,3.113177257390866
1758544344.8189123,herder,1,-3.302944091796875,-1.3213787841796876,0.9236782090469323
1758544344.8189123,herder,2,2.461437744140625,-3.59041064453125,-2.9539327410612506
1758544344.8189123,target,1,0.3839415283203125,3.108016357421875,-2.244718828019372
1758544344.8189123,target,2,2.3203896484375,1.4454266357421874,0.6155000706011348
1758544344.8189123,target,3,2.171595703125,-3.17769921875,-0.36890067472361254
1758544344.8189123,target,4,-2.132693115234375,1.345302978515625,-1.5602530051973273
1758544344.8189123,target,5,-0.4205407409667969,-3.242660888671875,3.113555958897875
1758544344.8386414,herder,1,-3.299761474609375,-1.317017333984375,0.9237752146896385
1758544344.8386414,herder,2,2.457988525390625,-3.59159716796875,-2.973945597704869
1758544344.8386414,target,1,0.3839528503417969,3.10802490234375,-2.2445241509436875
1758544344.8386414,target,2,2.320362548828125,1.4453917236328124,0.6165703284642103
1758544344.8386414,target,3,2.1715927734375,-3.177685302734375,-0.36839893517424166
1758544344.8386414,target,4,-2.1327548828125,1.3451260986328124,-1.563648402429124
1758544344.8386414,target,5,-0.4205333251953125,-3.242662353515625,3.113251559585279
1758544344.858579,herder,1,-3.296591064453125,-1.3121400146484374,0.9236941214344456
1758544344.858579,herder,2,2.4549521484375,-3.592706298828125,-2.993374156805324
1758544344.858579,target,1,0.383942626953125,3.108005615234375,-2.244151042074967
1758544344.858579,target,2,2.320331298828125,1.4453443603515626,0.6153696422867481
1758544344.858579,target,3,2.17160888671875,-3.177644287109375,-0.3684654143329527
1758544344.858579,target,4,-2.132638916015625,1.3451727294921876,-1.5629506542235232
1758544344.858579,target,5,-0.42054000854492185,-3.242636474609375,3.113961824648003
1758544344.8787222,herder,1,-3.292992431640625,-1.307107421875,0.9220371026041982
1758544344.8787222,herder,2,2.4524443359375,-3.593690673828125,-3.011038637999711
1758544344.8787222,target,1,0.38395626831054686,3.108021728515625,-2.2446306773872906
1758544344.8787222,target,2,2.32035302734375,1.445388916015625,0.615854470763197
1758544344.8787222,target,3,2.171594970703125,-3.177656982421875,-0.367920132099759
1758544344.8787222,target,4,-2.13290234375,1.345223388671875,-1.5552692986914076
1758544344.8787222,target,5,-0.4205361328125,-3.242625244140625,3.114182334386262
1758544344.898681,herder,1,-3.289957275390625,-1.30235693359375,0.922044159981087
1758544344.898681,herder,2,2.44931884765625,-3.5944111328125,-3.030430711793232
1758544344.898681,target,1,0.38395611572265625,3.1080498046875,-2.244838137636208
1758544344.898681,target,2,2.32030517578125,1.445332275390625,0.6166285185340286
1758544344.898681,target,3,2.1715849609375,-3.1776298828125,-0.3684969062128429
1758544344.898681,target,4,-2.132729248046875,1.3452855224609375,-1.5573148727246975
1758544344.898681,target,5,-0.4205350036621094,-3.24265966796875,3.1141011079730143
1758544344.9186642,herder,1,-3.286802734375,-1.29758544921875,0.9220123352060605
1758544344.9186642,herder,2,2.446255615234375,-3.595337890625,-3.0497900287053445
1758544344.9186642,target,1,0.3839554443359375,3.108006591796875,-2.2445241509436875
1758544344.9186642,target,2,2.32034326171875,1.4453485107421875,0.6161294421457477
1758544344.9186642,target,3,2.171572265625,-3.17767578125,-0.3688950820853234
1758544344.9186642,target,4,-2.132533935546875,1.3453809814453126,-1.5555587843018992
1758544344.9186642,target,5,-0.420532470703125,-3.24264501953125,3.113802567614816
1758544344.9385755,herder,1,-3.28298046875,-1.2920491943359376,0.9219858367532142
1758544344.9385755,herder,2,2.443275634765625,-3.596253173828125,-3.0701158067770473
1758544344.9385755,target,1,0.3839477233886719,3.1080234375,-2.2445409288585547
1758544344.9385755,target,2,2.320343994140625,1.445359130859375,0.6156999408409451
1758544344.9385755,target,3,2.171583251953125,-3.17766259765625,-0.3688308999030525
1758544344.9385755,target,4,-2.13254736328125,1.345505859375,-1.5565703860419657
1758544344.9385755,target,5,-0.42055096435546874,-3.242625732421875,3.1140686174077152
1758544344.958977,herder,1,-3.279521484375,-1.286803955078125,0.9223652706295233
1758544344.958977,herder,2,2.440987060546875,-3.59700390625,-3.091318031163495
1758544344.958977,target,1,0.3839683837890625,3.1080146484375,-2.2452008601766766
1758544344.958977,target,2,2.32035595703125,1.445358642578125,0.6153835573034437
1758544344.958977,target,3,2.17154296875,-3.177639892578125,-0.36833418707023907
1758544344.958977,target,4,-2.13233154296875,1.3454271240234374,-1.5583828003218192
1758544344.958977,target,5,-0.4205529479980469,-3.242633544921875,3.1140744763621133
1758544344.9787004,herder,1,-3.276069580078125,-1.2822735595703125,0.9227359826532623
1758544344.9787004,herder,2,2.438112548828125,-3.598100341796875,-3.1144816736927865
1758544344.9787004,target,1,0.38395669555664064,3.10801708984375,-2.244479942469592
1758544344.9787004,target,2,2.320349365234375,1.445359130859375,0.6158874939607141
1758544344.9787004,target,3,2.171716796875,-3.1778125,-0.3734521168950989
1758544344.9787004,target,4,-2.13251123046875,1.3454622802734375,-1.5598245025779336
1758544344.9787004,target,5,-0.4205287780761719,-3.242620361328125,3.113723205414332
1758544344.998697,herder,1,-3.272870849609375,-1.2773419189453126,0.9240111041831922
1758544344.998697,herder,2,2.43450732421875,-3.598768798828125,-3.140204614029644
1758544344.998697,target,1,0.3839779052734375,3.10801904296875,-2.244711903800538
1758544344.998697,target,2,2.320331298828125,1.445373046875,0.6153363527731222
1758544344.998697,target,3,2.171991943359375,-3.1788701171875,-0.3898632811909805
1758544344.998697,target,4,-2.132614013671875,1.3453890380859375,-1.5552684997430806
1758544344.998697,target,5,-0.4205592041015625,-3.242656494140625,3.113792181286565
1758544345.0190554,herder,1,-3.26900732421875,-1.2717005615234376,0.9238246829068867
1758544345.0190554,herder,2,2.43109912109375,-3.599548095703125,3.115940553337932
1758544345.0190554,target,1,0.38396453857421875,3.108039306640625,-2.2452088496599467
1758544345.0190554,target,2,2.32034423828125,1.4453779296875,0.615812992029219
1758544345.0190554,target,3,2.17238037109375,-3.18039404296875,-0.4164404637369944
1758544345.0190554,target,4,-2.13276220703125,1.3453846435546875,-1.5508452554885679
1758544345.0190554,target,5,-0.4205613098144531,-3.24261865234375,3.1139413183076097
1758544345.0386262,herder,1,-3.26619873046875,-1.2675855712890625,0.9232266700841094
1758544345.0386262,herder,2,2.427369873046875,-3.6002724609375,3.087404515941624
1758544345.0386262,target,1,0.3839502563476562,3.108010498046875,-2.244991003082778
1758544345.0386262,target,2,2.3203681640625,1.44540966796875,0.6159536069347752
1758544345.0386262,target,3,2.172134521484375,-3.182092529296875,-0.4487015977080508
1758544345.0386262,target,4,-2.132558349609375,1.3453961181640626,-1.553940647623567
1758544345.0386262,target,5,-0.4205614929199219,-3.242622802734375,3.113819345529684
1758544345.0586982,herder,1,-3.2635009765625,-1.262767333984375,0.9227734000665779
1758544345.0586982,herder,2,2.423674560546875,-3.600935302734375,3.058171529288042
1758544345.0586982,target,1,0.38399246215820315,3.107990478515625,-2.2451657064502872
1758544345.0586982,target,2,2.32039013671875,1.44540576171875,0.615082952995401
1758544345.0586982,target,3,2.172471923828125,-3.184553955078125,-0.4790580388674825
1758544345.0586982,target,4,-2.1326865234375,1.345357666015625,-1.5561081944347825
1758544345.0586982,target,5,-0.42057156372070315,-3.242637939453125,3.114702716063263
1758544345.0787354,herder,1,-3.26004345703125,-1.2575462646484374,0.9228243330224257
1758544345.0787354,herder,2,2.419490234375,-3.60136962890625,3.029101794409282
1758544345.0787354,target,1,0.3840220642089844,3.107986572265625,-2.245826969348954
1758544345.0787354,target,2,2.320365966796875,1.445400634765625,0.6155358901177963
1758544345.0787354,target,3,2.17200439453125,-3.187062255859375,-0.5043600998835664
1758544345.0787354,target,4,-2.132501708984375,1.3453194580078125,-1.5573494938188686
1758544345.0787354,target,5,-0.42058755493164063,-3.24262060546875,3.1153634463297117
1758544345.0985868,herder,1,-3.25667919921875,-1.252294189453125,0.9227638792656809
1758544345.0985868,herder,2,2.415701904296875,-3.60207373046875,2.9998682751234824
1758544345.0985868,target,1,0.38402960205078124,3.10797265625,-2.2454008635745413
1758544345.0985868,target,2,2.320343505859375,1.44538427734375,0.6152926769312448
1758544345.0985868,target,3,2.169646484375,-3.190163330078125,-0.526561009678794
1758544345.0985868,target,4,-2.1323515625,1.3453853759765626,-1.560645821458114
1758544345.0985868,target,5,-0.4205517578125,-3.24263671875,3.113864885584324
1758544345.1186225,herder,1,-3.253278564453125,-1.2472567138671875,0.9221426969414199
1758544345.1186225,herder,2,2.4115732421875,-3.60220703125,2.970837688712747
1758544345.1186225,target,1,0.3839678649902344,3.108015869140625,-2.244912439830621
1758544345.1186225,target,2,2.32035791015625,1.4454114990234375,0.6151088522370021
1758544345.1186225,target,3,2.167755615234375,-3.193120849609375,-0.5487545292019966
1758544345.1186225,target,4,-2.132504150390625,1.3452261962890626,-1.5556613160038673
1758544345.1186225,target,5,-0.42051388549804686,-3.242596435546875,3.1125466208447348
1758544345.1385748,herder,1,-3.250387451171875,-1.24321044921875,0.9215390914803535
1758544345.1385748,herder,2,2.40734619140625,-3.602132568359375,2.9439155269370265
1758544345.1385748,target,1,0.3839938354492187,3.10804150390625,-2.244983279915617
1758544345.1385748,target,2,2.320337890625,1.4454139404296875,0.6152897474540457
1758544345.1385748,target,3,2.16548583984375,-3.19613818359375,-0.5694098068795694
1758544345.1385748,target,4,-2.13239990234375,1.3453265380859376,-1.558256433328095
1758544345.1385748,target,5,-0.42051455688476563,-3.24263623046875,3.113027321421494
1758544345.1586816,herder,1,-3.247064697265625,-1.23814794921875,0.9210700422333633
1758544345.1586816,herder,2,2.403635986328125,-3.60222998046875,2.9182375940225915
1758544345.1586816,target,1,0.3839747619628906,3.108005126953125,-2.244983013599508
1758544345.1586816,target,2,2.320362548828125,1.4453719482421874,0.6151324877916765
1758544345.1586816,target,3,2.16276123046875,-3.20011181640625,-0.5898509664054998
1758544345.1586816,target,4,-2.13240625,1.34542578125,-1.5579943782768313
1758544345.1586816,target,5,-0.42051788330078127,-3.242626220703125,3.1135080219982534
1758544345.178702,herder,1,-3.24329052734375,-1.2327342529296874,0.9204555178118274
1758544345.178702,herder,2,2.400017333984375,-3.6020478515625,2.8941711398837637
1758544345.178702,target,1,0.3839499816894531,3.108037841796875,-2.2451641085536336
1758544345.178702,target,2,2.320317626953125,1.4453717041015626,0.6157844296265279
1758544345.178702,target,3,2.159639892578125,-3.203740966796875,-0.6054680759328608
1758544345.178702,target,4,-2.132241455078125,1.3453743896484376,-1.559854729456306
1758544345.178702,target,5,-0.420566650390625,-3.24263330078125,3.1140150878698045
1758544345.1986582,herder,1,-3.2402998046875,-1.2283057861328126,0.9213036014609632
1758544345.1986582,herder,2,2.395803466796875,-3.601482421875,2.872093800763116
1758544345.1986582,target,1,0.3839925537109375,3.1080419921875,-2.2451675706630505
1758544345.1986582,target,2,2.32035791015625,1.4454014892578124,0.6156735755461534
1758544345.1986582,target,3,2.156578369140625,-3.207358154296875,-0.6191650463142745
1758544345.1986582,target,4,-2.132449951171875,1.3454046630859375,-1.5548852708622183
1758544345.1986582,target,5,-0.4205396423339844,-3.24259375,3.1142656913283813
1758544345.2194982,herder,1,-3.23710498046875,-1.2237490234375,0.9218568731774271
1758544345.2194982,herder,2,2.39272900390625,-3.60110400390625,2.8523246233592396
1758544345.2194982,target,1,0.38395089721679687,3.10801953125,-2.244686071137964
1758544345.2194982,target,2,2.32032080078125,1.4453349609375,0.6156291673349763
1758544345.2194982,target,3,2.153590087890625,-3.210872802734375,-0.6309991355131779
1758544345.2194982,target,4,-2.13237744140625,1.345411376953125,-1.5548891324457987
1758544345.2194982,target,5,-0.42053536987304685,-3.242612548828125,3.1146438602031723
1758544345.2387028,herder,1,-3.23381103515625,-1.2184921875,0.9215243109363035
1758544345.2387028,herder,2,2.3906357421875,-3.60098193359375,2.832708311401934
1758544345.2387028,target,1,0.38394464111328125,3.108019287109375,-2.24481869656025
1758544345.2387028,target,2,2.3203310546875,1.44529833984375,0.6162854368065991
1758544345.2387028,target,3,2.149722412109375,-3.214862548828125,-0.6449135529975967
1758544345.2387028,target,4,-2.132109375,1.345217041015625,-1.5572951653326308
1758544345.2387028,target,5,-0.4205062255859375,-3.242587890625,3.1133005617493366
1758544345.2590988,herder,1,-3.2304111328125,-1.2134146728515625,0.9206536569969294
1758544345.2590988,herder,2,2.387788818359375,-3.6006005859375,2.816929348259323
1758544345.2590988,target,1,0.3839625549316406,3.108016845703125,-2.2449017871862607
1758544345.2590988,target,2,2.32031298828125,1.44536572265625,0.6148593140428616
1758544345.2590988,target,3,2.146237548828125,-3.219024169921875,-0.6599245936398828
1758544345.2590988,target,4,-2.13218994140625,1.345378173828125,-1.5565181880846002
1758544345.2590988,target,5,-0.4205118408203125,-3.242614501953125,3.1134180071534088
1758544345.2787597,herder,1,-3.227420166015625,-1.2084215087890624,0.9207227660272169
1758544345.2787597,herder,2,2.384493896484375,-3.60006103515625,2.8025136572787246
1758544345.2787597,target,1,0.38397640991210935,3.108013916015625,-2.244745992262491
1758544345.2787597,target,2,2.320351318359375,1.4453648681640625,0.6158656560397754
1758544345.2787597,target,3,2.14292041015625,-3.22337255859375,-0.6675098090566465
1758544345.2787597,target,4,-2.13248974609375,1.345386962890625,-1.5548594381996443
1758544345.2787597,target,5,-0.4205142822265625,-3.242625,3.113123195220737
1758544345.298708,herder,1,-3.22393701171875,-1.20393310546875,0.9202857412923349
1758544345.298708,herder,2,2.3819697265625,-3.599330810546875,2.7884321930149305
1758544345.298708,target,1,0.3839689636230469,3.10800634765625,-2.2448639702987814
1758544345.298708,target,2,2.320375,1.4453992919921874,0.6158898242266678
1758544345.298708,target,3,2.1395205078125,-3.228003173828125,-0.6801546976494245
1758544345.298708,target,4,-2.13272119140625,1.3454080810546876,-1.555162372773641
1758544345.298708,target,5,-0.4205181579589844,-3.2426259765625,3.1133413081140144
1758544345.3190846,herder,1,-3.220290771484375,-1.198841552734375,0.9204521222814376
1758544345.3190846,herder,2,2.378679443359375,-3.59863525390625,2.7755574070410516
1758544345.3190846,target,1,0.38395339965820313,3.10800048828125,-2.2445561088767683
1758544345.3190846,target,2,2.320332275390625,1.4453111572265624,0.6158297033650593
1758544345.3190846,target,3,2.13570458984375,-3.232640625,-0.6890477248984987
1758544345.3190846,target,4,-2.1325791015625,1.3454178466796876,-1.5553426687794394
1758544345.3190846,target,5,-0.42053485107421873,-3.2426650390625,3.1131642079015243
1758544345.3387134,herder,1,-3.21723193359375,-1.19407373046875,0.9204910044333527
1758544345.3387134,herder,2,2.37436962890625,-3.597587646484375,2.7620168307946527
1758544345.3387134,target,1,0.3839673767089844,3.108020263671875,-2.2442618295763146
1758544345.3387134,target,2,2.32034521484375,1.4453369140625,0.6151347514786031
1758544345.3387134,target,3,2.131836181640625,-3.23757958984375,-0.6999003726566807
1758544345.3387134,target,4,-2.1324384765625,1.34542529296875,-1.5593971983810304
1758544345.3387134,target,5,-0.42060079956054686,-3.242609130859375,3.1153200368039435
1758544345.358755,herder,1,-3.213810302734375,-1.1894464111328125,0.9192205434353304
1758544345.358755,herder,2,2.370507080078125,-3.59660107421875,2.7477244441725244
1758544345.358755,target,1,0.38396392822265624,3.108023193359375,-2.244548652025716
1758544345.358755,target,2,2.32032373046875,1.4453221435546875,0.6157972793787876
1758544345.358755,target,3,2.127942138671875,-3.242618408203125,-0.7128703666395301
1758544345.358755,target,4,-2.132460205078125,1.3454471435546875,-1.5623980482973316
1758544345.358755,target,5,-0.42055984497070314,-3.242622802734375,3.1141716817419014
1758544345.378596,herder,1,-3.210708740234375,-1.1837899169921875,0.9198250144237512
1758544345.378596,herder,2,2.3669306640625,-3.595582763671875,2.736027308032678
1758544345.378596,target,1,0.3839824523925781,3.108008056640625,-2.2455651806137995
1758544345.378596,target,2,2.32034619140625,1.4453651123046876,0.6156737087042079
1758544345.378596,target,3,2.124134521484375,-3.247545654296875,-0.7244714958220788
1758544345.378596,target,4,-2.1323505859375,1.3454603271484376,-1.5617435764594447
1758544345.378596,target,5,-0.4205565185546875,-3.24262158203125,3.1139732762406904
1758544345.3985918,herder,1,-3.207244140625,-1.1786173095703125,0.9184009556098586
1758544345.3985918,herder,2,2.36274853515625,-3.594156982421875,2.724892365198948
1758544345.3985918,target,1,0.3839561767578125,3.108004150390625,-2.244863703982672
1758544345.3985918,target,2,2.320335205078125,1.44537841796875,0.6156392873471186
1758544345.3985918,target,3,2.120612548828125,-3.252570068359375,-0.7338313086312167
1758544345.3985918,target,4,-2.13226123046875,1.345429931640625,-1.5629369389439092
1758544345.3985918,target,5,-0.4205641174316406,-3.242593994140625,3.11550352860305
1758544345.4188123,herder,1,-3.204375,-1.1737305908203124,0.9179350355771492
1758544345.4188123,herder,2,2.35852392578125,-3.592334228515625,2.714910571117222
1758544345.4188123,target,1,0.38396026611328127,3.107991455078125,-2.2446714237519685
1758544345.4188123,target,2,2.320364501953125,1.4453917236328124,0.6148559185124718
1758544345.4188123,target,3,2.116310302734375,-3.257827880859375,-0.74121665380817
1758544345.4188123,target,4,-2.13245556640625,1.345480712890625,-1.5607370347254492
1758544345.4188123,target,5,-0.420507568359375,-3.24260888671875,3.113935459353211
1758544345.4388201,herder,1,-3.200871826171875,-1.1693255615234375,0.917887165256555
1758544345.4388201,herder,2,2.353665283203125,-3.59027294921875,2.7069019130871355
1758544345.4388201,target,1,0.38394085693359375,3.108027099609375,-2.2440333303547857
1758544345.4388201,target,2,2.320359619140625,1.445424560546875,0.6152646471607718
1758544345.4388201,target,3,2.1120068359375,-3.262970458984375,-0.747362230918664
1758544345.4388201,target,4,-2.132528564453125,1.3455404052734374,-1.5597171771860034
1758544345.4388201,target,5,-0.4204859313964844,-3.242668701171875,3.112520521866052
1758544345.4587297,herder,1,-3.1972607421875,-1.163880859375,0.9188489658842371
1758544345.4587297,herder,2,2.349273193359375,-3.58877294921875,2.698755835944801
1758544345.4587297,target,1,0.38393637084960935,3.108009521484375,-2.244712702748865
1758544345.4587297,target,2,2.32035107421875,1.44539306640625,0.6147834805308217
1758544345.4587297,target,3,2.1086923828125,-3.2688076171875,-0.7508668177551538
1758544345.4587297,target,4,-2.132467041015625,1.345363037109375,-1.5571430988343873
1758544345.4587297,target,5,-0.42050469970703125,-3.242635986328125,3.1129058812757866
1758544345.4787078,herder,1,-3.193230224609375,-1.158651123046875,0.9187555555090027
1758544345.4787078,herder,2,2.34486865234375,-3.5871806640625,2.6919655741134263
1758544345.4787078,target,1,0.38396826171875,3.108014892578125,-2.2451116442801586
1758544345.4787078,target,2,2.320354736328125,1.4453797607421874,0.6156341607620203
1758544345.4787078,target,3,2.10462744140625,-3.2739150390625,-0.7602119831782964
1758544345.4787078,target,4,-2.1324248046875,1.3453721923828126,-1.55812087842861
1758544345.4787078,target,5,-0.4204931640625,-3.2425986328125,3.112822524333667
1758544345.4985516,herder,1,-3.189809814453125,-1.1533673095703125,0.9196079002158825
1758544345.4985516,herder,2,2.340059326171875,-3.585395263671875,2.687420090764879
1758544345.4985516,target,1,0.3839705505371094,3.10803076171875,-2.2451183021828838
1758544345.4985516,target,2,2.320329345703125,1.44537646484375,0.6157073976919974
1758544345.4985516,target,3,2.100388671875,-3.27945458984375,-0.7666820664676167
1758544345.4985516,target,4,-2.13247412109375,1.3452535400390624,-1.555355851426835
1758544345.4985516,target,5,-0.42050439453125,-3.242616943359375,3.11247551444363
1758544345.5186756,herder,1,-3.186620849609375,-1.1482110595703126,0.9187463010242146
1758544345.5186756,herder,2,2.33638720703125,-3.58404052734375,2.684457856684384
1758544345.5186756,target,1,0.38396746826171874,3.108023681640625,-2.2443955202630366
1758544345.5186756,target,2,2.320388916015625,1.4454298095703124,0.6157332969335985
1758544345.5186756,target,3,2.09648828125,-3.28519140625,-0.7730766491400332
1758544345.5186756,target,4,-2.132410888671875,1.3453267822265624,-1.5538683427999713
1758544345.5186756,target,5,-0.4205023803710938,-3.242623779296875,3.1132387764120466
1758544345.5386982,herder,1,-3.183717041015625,-1.1438074951171875,0.9172416815873471
1758544345.5386982,herder,2,2.3328544921875,-3.582070068359375,2.6853857020081673
1758544345.5386982,target,1,0.3839634704589844,3.1080283203125,-2.2448546492349664
1758544345.5386982,target,2,2.32033984375,1.4453853759765625,0.615028757667218
1758544345.5386982,target,3,2.092150390625,-3.290860595703125,-0.7836644455278067
1758544345.5386982,target,4,-2.132421875,1.3453377685546875,-1.5563964816227835
1758544345.5386982,target,5,-0.420526123046875,-3.24263720703125,3.1135354525574814
1758544345.558601,herder,1,-3.180576416015625,-1.138695556640625,0.915921086581804
1758544345.558601,herder,2,2.329142333984375,-3.5803583984375,2.6873455222543567
1758544345.558601,target,1,0.3839752197265625,3.1080244140625,-2.2450661042255184
1758544345.558601,target,2,2.3203681640625,1.445374267578125,0.6158184515094537
1758544345.558601,target,3,2.087604248046875,-3.29695263671875,-0.7890297164389076
1758544345.558601,target,4,-2.132360595703125,1.3453192138671874,-1.5575849172592315
1758544345.558601,target,5,-0.4205319519042969,-3.24260009765625,3.1137716749461712
1758544345.5787234,herder,1,-3.176663330078125,-1.1335140380859374,0.9157692198206423
1758544345.5787234,herder,2,2.32659521484375,-3.578870361328125,2.6883362181798662
1758544345.5787234,target,1,0.3839644775390625,3.108041259765625,-2.2451593148636713
1758544345.5787234,target,2,2.32038134765625,1.4454205322265625,0.616258205984453
1758544345.5787234,target,3,2.083942626953125,-3.302920166015625,-0.7962932885750169
1758544345.5787234,target,4,-2.132449462890625,1.345369384765625,-1.5579513682252264
1758544345.5787234,target,5,-0.4204766540527344,-3.242610595703125,3.1124273112278993
1758544345.5987728,herder,1,-3.1731796875,-1.128523193359375,0.917255396866961
1758544345.5987728,herder,2,2.32430126953125,-3.577277587890625,2.6907711463645256
1758544345.5987728,target,1,0.3839566345214844,3.108032958984375,-2.2452093822921646
1758544345.5987728,target,2,2.32037158203125,1.4454093017578125,0.6159138592555058
1758544345.5987728,target,3,2.080034423828125,-3.308832275390625,-0.8025816776989666
1758544345.5987728,target,4,-2.132432861328125,1.345375244140625,-1.557483317663645
1758544345.5987728,target,5,-0.42052587890625,-3.2425341796875,3.1151599808224297
1758544345.6189885,herder,1,-3.169783935546875,-1.123200439453125,0.9169161767231122
1758544345.6189885,herder,2,2.32159375,-3.57625146484375,2.6924513346962566
1758544345.6189885,target,1,0.383974365234375,3.108017822265625,-2.2449329461710144
1758544345.6189885,target,2,2.320334228515625,1.445383056640625,0.6160526765273262
1758544345.6189885,target,3,2.075412353515625,-3.3155166015625,-0.8058084968337611
1758544345.6189885,target,4,-2.132565673828125,1.3453553466796875,-1.55711686669765
1758544345.6189885,target,5,-0.4205215148925781,-3.24258837890625,3.1149823479777212
1758544345.6386373,herder,1,-3.166072265625,-1.1179776611328125,0.9159658276881174
1758544345.6386373,herder,2,2.319820556640625,-3.575628173828125,2.693159735546218
1758544345.6386373,target,1,0.3839613952636719,3.10802099609375,-2.2449960630888492
1758544345.6386373,target,2,2.320346923828125,1.4453909912109375,0.6162797110102555
1758544345.6386373,target,3,2.0713779296875,-3.3220283203125,-0.8114900847033362
1758544345.6386373,target,4,-2.132451416015625,1.345425048828125,-1.5583866619053999
1758544345.6386373,target,5,-0.4205440979003906,-3.2426181640625,3.114398316750667
1758544345.6585963,herder,1,-3.16284130859375,-1.112913330078125,0.9164631064426624
1758544345.6585963,herder,2,2.318660400390625,-3.575042724609375,2.692856401498058
1758544345.6585963,target,1,0.38396994018554687,3.1080400390625,-2.244950523034209
1758544345.6585963,target,2,2.320373046875,1.445352294921875,0.6162937591850056
1758544345.6585963,target,3,2.06759912109375,-3.32781982421875,-0.8180107014743406
1758544345.6585963,target,4,-2.1327578125,1.345466064453125,-1.551652193298862
1758544345.6585963,target,5,-0.4205513916015625,-3.24259912109375,3.1141658227875033
1758544345.678723,herder,1,-3.15924169921875,-1.1078558349609375,0.9168554566502584
1758544345.678723,herder,2,2.31688916015625,-3.574173828125,2.695112631573573
1758544345.678723,target,1,0.3839362487792969,3.108013427734375,-2.2451356127299693
1758544345.678723,target,2,2.3203369140625,1.4453465576171876,0.6164492877926663
1758544345.678723,target,3,2.063486083984375,-3.334006103515625,-0.8217664244016248
1758544345.678723,target,4,-2.132748291015625,1.3454129638671875,-1.5534558191471182
1758544345.678723,target,5,-0.420553955078125,-3.242651123046875,3.114185263863461
1758544345.6985908,herder,1,-3.156334716796875,-1.103509033203125,0.9166961996170716
1758544345.6985908,herder,2,2.315771484375,-3.5735849609375,2.6964434131702855
1758544345.6985908,target,1,0.3839564208984375,3.108014892578125,-2.2452312202131033
1758544345.6985908,target,2,2.320323974609375,1.4453624267578125,0.6156544673653321
1758544345.6985908,target,3,2.05933984375,-3.34028369140625,-0.825281397566366
1758544345.6985908,target,4,-2.132486328125,1.345403076171875,-1.5559490705596504
1758544345.6985908,target,5,-0.42050146484375,-3.24261328125,3.1132041553178755
1758544345.7190447,herder,1,-3.1530087890625,-1.0980115966796875,0.9157532408541018
1758544345.7190447,herder,2,2.315475830078125,-3.573385986328125,2.699018689944392
1758544345.7190447,target,1,0.3839573974609375,3.108019775390625,-2.2452088496599467
1758544345.7190447,target,2,2.320352783203125,1.4453919677734375,0.6155299645843709
1758544345.7190447,target,3,2.05437255859375,-3.34704931640625,-0.8266572531645281
1758544345.7190447,target,4,-2.13265673828125,1.345389404296875,-1.555598332244087
1758544345.7190447,target,5,-0.4205004577636719,-3.2426142578125,3.113760755985702
1758544345.7386405,herder,1,-3.1491220703125,-1.092638916015625,0.9150835224189742
1758544345.7386405,herder,2,2.3151455078125,-3.573259765625,2.70069168774118
1758544345.7386405,target,1,0.38398187255859373,3.107995849609375,-2.2445334720075025
1758544345.7386405,target,2,2.320364501953125,1.445384521484375,0.6145023172987366
1758544345.7386405,target,3,2.0507060546875,-3.353266357421875,-0.833981478794464
1758544345.7386405,target,4,-2.132438720703125,1.3453062744140625,-1.5555300221621264
1758544345.7386405,target,5,-0.42052047729492187,-3.2426240234375,3.113719476988806
1758544345.7587314,herder,1,-3.146134033203125,-1.0883101806640625,0.9148954366669872
1758544345.7587314,herder,2,2.31530078125,-3.573343017578125,2.7031026474760287
1758544345.7587314,target,1,0.38396554565429686,3.10803369140625,-2.2447638354417943
1758544345.7587314,target,2,2.320347412109375,1.44537841796875,0.6155181800965472
1758544345.7587314,target,3,2.0458814697265626,-3.3598115234375,-0.8329162143584323
1758544345.7587314,target,4,-2.132421142578125,1.3454339599609375,-1.5601592619269566
1758544345.7587314,target,5,-0.42055099487304687,-3.2426796875,3.1144877989632938
1758544345.778745,herder,1,-3.143315673828125,-1.083831298828125,0.9149269951259047
1758544345.778745,herder,2,2.315212890625,-3.573364990234375,2.7032669645152865
1758544345.778745,target,1,0.38396728515625,3.1080068359375,-2.244752650165216
1758544345.778745,target,2,2.3203740234375,1.445365478515625,0.6150989319619415
1758544345.778745,target,3,2.041980224609375,-3.36620166015625,-0.8332674187271866
1758544345.778745,target,4,-2.132201904296875,1.3452972412109374,-1.5552021870319377
1758544345.778745,target,5,-0.42051043701171875,-3.2426484375,3.113028919318148
1758544345.7989416,herder,1,-3.139540283203125,-1.078390869140625,0.9140832391135404
1758544345.7989416,herder,2,2.31548095703125,-3.5733369140625,2.704995089746639
1758544345.7989416,target,1,0.3839800720214844,3.108023681640625,-2.245022428383641
1758544345.7989416,target,2,2.32035791015625,1.4453818359375,0.6152904132443182
1758544345.7989416,target,3,2.037103271484375,-3.371900390625,-0.8344275582770524
1758544345.7989416,target,4,-2.13208740234375,1.3452796630859376,-1.556960672299717
1758544345.7989416,target,5,-0.4205462951660156,-3.24262255859375,3.1138422487150583
1758544345.8186529,herder,1,-3.135950439453125,-1.0728592529296874,0.9138078682568261
1758544345.8186529,herder,2,2.31677490234375,-3.5734658203125,2.70966574166642
1758544345.8186529,target,1,0.38398779296875,3.10802734375,-2.245324963483474
1758544345.8186529,target,2,2.32032421875,1.445359375,0.6156377560294919
1758544345.8186529,target,3,2.0327916259765626,-3.378417724609375,-0.8338666299724544
1758544345.8186529,target,4,-2.132187744140625,1.3453980712890625,-1.5584485804007442
1758544345.8186529,target,5,-0.4205774230957031,-3.242594970703125,3.11460684226402
1758544345.8386765,herder,1,-3.132649658203125,-1.0684832763671874,0.9151607540905864
1758544345.8386765,herder,2,2.317896484375,-3.5737236328125,2.716588096287863
1758544345.8386765,target,1,0.3839664306640625,3.108017822265625,-2.24505225578785
1758544345.8386765,target,2,2.320372802734375,1.44542724609375,0.6162175261988021
1758544345.8386765,target,3,2.028501708984375,-3.384851318359375,-0.8356174586520998
1758544345.8386765,target,4,-2.132571533203125,1.3453289794921874,-1.5567020793578703
1758544345.8386765,target,5,-0.42053778076171877,-3.24265966796875,3.1137509022896688
1758544345.8586726,herder,1,-3.129363037109375,-1.063691650390625,0.9164481261615307
1758544345.8586726,herder,2,2.319014892578125,-3.5742392578125,2.7228933964847344
1758544345.8586726,target,1,0.38395550537109374,3.108011962890625,-2.244512699351
1758544345.8586726,target,2,2.320359130859375,1.445415771484375,0.6154117868109986
1758544345.8586726,target,3,2.02388916015625,-3.390720703125,-0.8343100462939526
1758544345.8586726,target,4,-2.13244189453125,1.3453883056640625,-1.5586022447956418
1758544345.8586726,target,5,-0.42053775024414064,-3.24264697265625,3.1133381123207067
1758544345.8787336,herder,1,-3.1252353515625,-1.0578638916015626,0.9155530377191551
1758544345.8787336,herder,2,2.32084130859375,-3.575135986328125,2.7288024183114024
1758544345.8787336,target,1,0.38394189453125,3.108029541015625,-2.2452312202131033
1758544345.8787336,target,2,2.320352294921875,1.4454271240234375,0.6150886787917448
1758544345.8787336,target,3,2.0195662841796875,-3.396672119140625,-0.8311565972471898
1758544345.8787336,target,4,-2.1323994140625,1.345431396484375,-1.5577680095841744
1758544345.8787336,target,5,-0.4205263977050781,-3.242637939453125,3.1133745976276406
1758544345.898558,herder,1,-3.122131103515625,-1.0530843505859375,0.9146621437554964
1758544345.898558,herder,2,2.32283056640625,-3.57597607421875,2.734773491791469
1758544345.898558,target,1,0.3839386291503906,3.108020751953125,-2.2448615734538
1758544345.898558,target,2,2.320355224609375,1.4454112548828124,0.6155864901785079
1758544345.898558,target,3,2.0150528564453123,-3.402484130859375,-0.830290537260696
1758544345.898558,target,4,-2.132602294921875,1.3454259033203124,-1.5592181007977226
1758544345.898558,target,5,-0.4205259704589844,-3.24259765625,3.113246233263099
1758544345.9188533,herder,1,-3.11927001953125,-1.0485821533203126,0.9160549770056078
1758544345.9188533,herder,2,2.325038818359375,-3.576754150390625,2.740217792007918
1758544345.9188533,target,1,0.38394204711914065,3.1080224609375,-2.2447292143476236
1758544345.9188533,target,2,2.320360107421875,1.4454097900390626,0.6150619140227894
1758544345.9188533,target,3,2.011010009765625,-3.4081142578125,-0.824189368361379
1758544345.9188533,target,4,-2.13260400390625,1.345315673828125,-1.5491754534850883
1758544345.9188533,target,5,-0.4205323486328125,-3.242589599609375,3.113560219955619
1758544345.9386108,herder,1,-3.115364501953125,-1.04367138671875,0.9144751898469727
1758544345.9386108,herder,2,2.328072998046875,-3.577481201171875,2.7474876891516162
1758544345.9386108,target,1,0.38397256469726565,3.108029052734375,-2.245216306510999
1758544345.9386108,target,2,2.32032958984375,1.445380126953125,0.6150844843130279
1758544345.9386108,target,3,2.006414306640625,-3.413575439453125,-0.8169051567268215
1758544345.9386108,target,4,-2.13246337890625,1.3453043212890625,-1.5599312953376459
1758544345.9386108,target,5,-0.42055712890625,-3.242634521484375,3.1141541048787067
1758544345.9586043,herder,1,-3.11121484375,-1.03814794921875,0.9160134316926025
1758544345.9586043,herder,2,2.3308212890625,-3.578344482421875,2.7571823944678315
1758544345.9586043,target,1,0.3839365844726563,3.1080087890625,-2.2445747510043987
1758544345.9586043,target,2,2.320331298828125,1.4453941650390625,0.6145822121314389
1758544345.9586043,target,3,2.001786865234375,-3.419729736328125,-0.8140327377540892
1758544345.9586043,target,4,-2.132419677734375,1.345376220703125,-1.5604247790876375
1758544345.9586043,target,5,-0.42055670166015624,-3.242631103515625,3.1138779350736656
1758544345.9787195,herder,1,-3.10832373046875,-1.034241455078125,0.9168913427459472
1758544345.9787195,herder,2,2.333658447265625,-3.579369140625,2.7640259195210084
1758544345.9787195,target,1,0.383968505859375,3.1080283203125,-2.2448567797638384
1758544345.9787195,target,2,2.320369873046875,1.4453902587890626,0.6162211214662737
1758544345.9787195,target,3,1.997253662109375,-3.4248564453125,-0.8089350479535141
1758544345.9787195,target,4,-2.132592529296875,1.3454342041015626,-1.5591770881169353
1758544345.9787195,target,5,-0.4205597229003906,-3.2426298828125,3.1136294621439613
1758544345.9988399,herder,1,-3.105357421875,-1.0290621337890624,0.915607965416638
1758544345.9988399,herder,2,2.336973876953125,-3.580224609375,2.7744463362342704
1758544345.9988399,target,1,0.38396026611328127,3.108027099609375,-2.2446884679829453
1758544345.9988399,target,2,2.320348876953125,1.4453690185546875,0.6156231086434965
1758544345.9988399,target,3,1.99293310546875,-3.4305361328125,-0.8035338909467244
1758544345.9988399,target,4,-2.132459716796875,1.3454515380859375,-1.5577456390310178
1758544345.9988399,target,5,-0.42056719970703127,-3.242622802734375,3.1141517080337255
1758544346.0186796,herder,1,-3.10130078125,-1.0230055541992187,0.916861981394929
1758544346.0186796,herder,2,2.3403203125,-3.581343505859375,2.7859818184959484
1758544346.0186796,target,1,0.3839711608886719,3.108027099609375,-2.245239209696374
1758544346.0186796,target,2,2.32037451171875,1.4453978271484376,0.6149059859409653
1758544346.0186796,target,3,1.9882724609375,-3.4359296875,-0.7973809235642053
1758544346.0186796,target,4,-2.13251953125,1.34552001953125,-1.561312943311179
1758544346.0186796,target,5,-0.4205600280761719,-3.2426015625,3.1140446489579046
1758544346.039063,herder,1,-3.098404296875,-1.01840185546875,0.9158301396305778
1758544346.039063,herder,2,2.343485107421875,-3.581809326171875,2.8012342746910504
1758544346.039063,target,1,0.38396832275390624,3.10802099609375,-2.2445659625728016
1758544346.039063,target,2,2.32036328125,1.4454515380859374,0.6151141785591823
1758544346.039063,target,3,1.9838897705078125,-3.441304931640625,-0.7878290302614454
1758544346.039063,target,4,-2.1326953125,1.3454505615234376,-1.556677977750005
1758544346.039063,target,5,-0.4205281982421875,-3.242633544921875,3.1132398416764824
1758544346.058676,herder,1,-3.095326904296875,-1.0142540283203125,0.9148536916169003
1758544346.058676,herder,2,2.346447509765625,-3.58251708984375,2.8169964599187933
1758544346.058676,target,1,0.38398040771484376,3.10801953125,-2.244641063715542
1758544346.058676,target,2,2.320373046875,1.4454384765625,0.6156509386768877
1758544346.058676,target,3,1.9790858154296875,-3.446264404296875,-0.7810246536762929
1758544346.058676,target,4,-2.132491455078125,1.345399169921875,-1.5566861003913297
1758544346.058676,target,5,-0.42051718139648436,-3.242623046875,3.1132289227160133
1758544346.0785816,herder,1,-3.0912685546875,-1.0089466552734374,0.9133592587712023
1758544346.0785816,herder,2,2.35087548828125,-3.583666748046875,2.8363893326606413
1758544346.0785816,target,1,0.3839640808105469,3.108032470703125,-2.2449441314475926
1758544346.0785816,target,2,2.320349609375,1.44539697265625,0.615534758274333
1758544346.0785816,target,3,1.9742581787109375,-3.452133056640625,-0.7700781294896857
1758544346.0785816,target,4,-2.132375244140625,1.345220703125,-1.5549033803576306
1758544346.0785816,target,5,-0.42051345825195313,-3.242624755859375,3.113681926417436
1758544346.09863,herder,1,-3.08752294921875,-1.0038046875,0.9132544633823078
1758544346.09863,herder,2,2.354383544921875,-3.58414404296875,2.8564951336263036
1758544346.09863,target,1,0.3839996337890625,3.107985595703125,-2.2446937943051255
1758544346.09863,target,2,2.3203359375,1.4453551025390625,0.6146627727544138
1758544346.09863,target,3,1.9698460693359374,-3.45675146484375,-0.763802923013132
1758544346.09863,target,4,-2.132553955078125,1.3453663330078125,-1.556290354653344
1758544346.09863,target,5,-0.4205255126953125,-3.24263232421875,3.1130888404426753
1758544346.118711,herder,1,-3.084177490234375,-0.999672119140625,0.9149465027808895
1758544346.118711,herder,2,2.356836181640625,-3.584579345703125,2.8799272227934747
1758544346.118711,target,1,0.3839661865234375,3.108012451171875,-2.2446008499830814
1758544346.118711,target,2,2.320355224609375,1.44540673828125,0.6146898038394781
1758544346.118711,target,3,1.9645908203125,-3.462224609375,-0.7593846721856633
1758544346.118711,target,4,-2.13241162109375,1.3454158935546876,-1.5573162043052424
1758544346.118711,target,5,-0.4205498046875,-3.24265673828125,3.1138102907819776
1758544346.138585,herder,1,-3.08112255859375,-0.99487255859375,0.9131519982593669
1758544346.138585,herder,2,2.36012841796875,-3.584456787109375,2.9052996911308777
1758544346.138585,target,1,0.3839574890136719,3.10801904296875,-2.2444967203844595
1758544346.138585,target,2,2.3203544921875,1.4453714599609375,0.6143089718035968
1758544346.138585,target,3,1.9602176513671874,-3.468023681640625,-0.7508719443402523
1758544346.138585,target,4,-2.1324052734375,1.345301025390625,-1.5561806324164327
1758544346.138585,target,5,-0.42053594970703123,-3.242652099609375,3.113246499579208
1758544346.1586037,herder,1,-3.077447509765625,-0.989943359375,0.9136195161887303
1758544346.1586037,herder,2,2.363071533203125,-3.58434423828125,2.9309728303553504
1758544346.1586037,target,1,0.3839946594238281,3.108022705078125,-2.245195800170605
1758544346.1586037,target,2,2.320340576171875,1.4453968505859376,0.616198484597008
1758544346.1586037,target,3,1.955458740234375,-3.4726064453125,-0.7445663112482445
1758544346.1586037,target,4,-2.132349365234375,1.34535791015625,-1.5573280553720934
1758544346.1586037,target,5,-0.4205471496582031,-3.242627685546875,3.113887788769699
1758544346.1785858,herder,1,-3.0740263671875,-0.9842249145507812,0.9129626475058623
1758544346.1785858,herder,2,2.36588818359375,-3.584095458984375,2.955558068274526
1758544346.1785858,target,1,0.383970458984375,3.1080283203125,-2.2453414750822325
1758544346.1785858,target,2,2.320359130859375,1.4454239501953126,0.6149830844545231
1758544346.1785858,target,3,1.9507569580078126,-3.477962158203125,-0.7380634710775161
1758544346.1785858,target,4,-2.132195556640625,1.345294921875,-1.554206431100357
1758544346.1785858,target,5,-0.42048895263671876,-3.242697265625,3.112208133070186
1758544346.1986258,herder,1,-3.07023828125,-0.9793313598632812,0.9125374072588038
1758544346.1986258,herder,2,2.3686787109375,-3.583957275390625,2.9833904985108353
1758544346.1986258,target,1,0.38395889282226564,3.10800634765625,-2.244849855545004
1758544346.1986258,target,2,2.3203701171875,1.4453927001953124,0.6151473349147537
1758544346.1986258,target,3,1.9456683349609376,-3.483532958984375,-0.7332361587066113
1758544346.1986258,target,4,-2.132120361328125,1.3453614501953124,-1.5603029394677663
1758544346.1986258,target,5,-0.42054196166992186,-3.2426435546875,3.11351441358487
1758544346.218875,herder,1,-3.06669091796875,-0.9743262329101563,0.9177001447690042
1758544346.218875,herder,2,2.37109033203125,-3.58320947265625,3.0143625293562386
1758544346.218875,target,1,0.38397726440429686,3.108015625,-2.2445995184025365
1758544346.218875,target,2,2.32035107421875,1.4453707275390626,0.6148952667175778
1758544346.218875,target,3,1.9408740234375,-3.4887724609375,-0.7267749970069428
1758544346.218875,target,4,-2.13236767578125,1.3453753662109376,-1.559939551137025
1758544346.218875,target,5,-0.42053335571289063,-3.242630859375,3.113349830229503
1758544346.23869,herder,1,-3.063262451171875,-0.9699033203125,0.9112145485663342
1758544346.23869,herder,2,2.3729912109375,-3.582389892578125,3.046393433051058
1758544346.23869,target,1,0.3839586791992188,3.10801953125,-2.244641330031651
1758544346.23869,target,2,2.320368896484375,1.445413818359375,0.6155346251162785
1758544346.23869,target,3,1.9360123291015625,-3.4935556640625,-0.7205600445500522
1758544346.23869,target,4,-2.13255029296875,1.3454656982421875,-1.5587736192117885
1758544346.23869,target,5,-0.42051296997070314,-3.242610595703125,3.113150892096074
1758544346.2587907,herder,1,-3.059685546875,-0.9643478393554688,0.9109672074800932
1758544346.2587907,herder,2,2.37429443359375,-3.581566162109375,3.0793119683372003
1758544346.2587907,target,1,0.38397860717773435,3.108047119140625,-2.245018966274224
1758544346.2587907,target,2,2.320352294921875,1.4453978271484376,0.6158424865382917
1758544346.2587907,target,3,1.93139013671875,-3.498658203125,-0.7126985261701927
1758544346.2587907,target,4,-2.132648193359375,1.3453857421875,-1.5570015518224496
1758544346.2587907,target,5,-0.42052719116210935,-3.2426259765625,3.1136502348004638
1758544346.2787027,herder,1,-3.055940673828125,-0.958944091796875,0.9125615088666691
1758544346.2787027,herder,2,2.375022216796875,-3.580543701171875,3.113819345529684
1758544346.2787027,target,1,0.3839434204101563,3.10801513671875,-2.244605909989153
1758544346.2787027,target,2,2.32033837890625,1.445404052734375,0.6155580609338712
1758544346.2787027,target,3,1.9270802001953125,-3.503670166015625,-0.7041260769373366
1758544346.2787027,target,4,-2.132474609375,1.345375732421875,-1.5561181812888705
1758544346.2787027,target,5,-0.4205263671875,-3.242618896484375,3.1132648753907293
1758544346.2986205,herder,1,-3.052520751953125,-0.9543116455078124,0.91478198600455
1758544346.2986205,herder,2,2.37537060546875,-3.57982177734375,-3.1360580722123905
1758544346.2986205,target,1,0.38399530029296874,3.108002197265625,-2.24496357252355
1758544346.2986205,target,2,2.320305419921875,1.4453741455078124,0.6145949953046713
1758544346.2986205,target,3,1.9218388671875,-3.508160888671875,-0.6943406244069767
1758544346.2986205,target,4,-2.132473388671875,1.3453443603515625,-1.5569051453909888
1758544346.2986205,target,5,-0.42052813720703125,-3.2426376953125,3.1132297216643403
1758544346.3188493,herder,1,-3.04955322265625,-0.9496246337890625,0.9118650922416134
1758544346.3188493,herder,2,2.3762890625,-3.579050537109375,-3.102465490854349
1758544346.3188493,target,1,0.38397012329101565,3.10800439453125,-2.2449641051557685
1758544346.3188493,target,2,2.320369140625,1.445369140625,0.6151439393843638
1758544346.3188493,target,3,1.91647509765625,-3.513234375,-0.6880042983834057
1758544346.3188493,target,4,-2.132470703125,1.3453665771484375,-1.5568038121115113
1758544346.3188493,target,5,-0.42053460693359374,-3.24260009765625,3.1134014955546503
1758544346.338717,herder,1,-3.045716796875,-0.9450323486328125,0.9137514092417165
1758544346.338717,herder,2,2.3765810546875,-3.577889404296875,-3.0688657189613644
1758544346.338717,target,1,0.38392413330078123,3.108031494140625,-2.2448985913929524
1758544346.338717,target,2,2.320344482421875,1.4453892822265626,0.6162458888644115
1758544346.338717,target,3,1.9116341552734375,-3.517848876953125,-0.6812114399699679
1758544346.338717,target,4,-2.132558837890625,1.345325439453125,-1.5554285557245944
1758544346.338717,target,5,-0.4205545654296875,-3.24265966796875,3.1131410384000406
1758544346.3587353,herder,1,-3.041818603515625,-0.9397265625,0.9145796523407311
1758544346.3587353,herder,2,2.375953125,-3.57694580078125,-3.0329428716495035
1758544346.3587353,target,1,0.38397540283203124,3.10801806640625,-2.2449039177151326
1758544346.3587353,target,2,2.320369140625,1.4453900146484375,0.6170325200713936
1758544346.3587353,target,3,1.9063624267578125,-3.5228994140625,-0.6722789979367604
1758544346.3587353,target,4,-2.13281884765625,1.3452999267578125,-1.5492986246855045
1758544346.3587353,target,5,-0.42054727172851564,-3.2426416015625,3.1134006966063232
1758544346.3787344,herder,1,-3.0382548828125,-0.9348942260742188,0.9141993529370678
1758544346.3787344,herder,2,2.375762939453125,-3.5760888671875,-2.999113268954445
1758544346.3787344,target,1,0.38395660400390624,3.10801220703125,-2.2442290726949063
1758544346.3787344,target,2,2.320359130859375,1.4454039306640625,0.6151871491730504
1758544346.3787344,target,3,1.9011529541015626,-3.527372802734375,-0.6675172659076987
1758544346.3787344,target,4,-2.132671142578125,1.3454281005859374,-1.553230648876952
1758544346.3787344,target,5,-0.42054388427734374,-3.242664794921875,3.1133021596459907
1758544346.3986409,herder,1,-3.035493896484375,-0.9304603881835938,0.9152237378503668
1758544346.3986409,herder,2,2.37514599609375,-3.575514892578125,-2.967276776019202
1758544346.3986409,target,1,0.38396200561523436,3.10803759765625,-2.244820560773013
1758544346.3986409,target,2,2.320328857421875,1.4453974609375,0.6152334881760179
1758544346.3986409,target,3,1.896180419921875,-3.53226220703125,-0.6569208142463824
1758544346.3986409,target,4,-2.132689208984375,1.345404541015625,-1.5536728667759596
1758544346.3986409,target,5,-0.42053530883789064,-3.242620849609375,3.113530658867519
1758544346.418879,herder,1,-3.032681396484375,-0.9262916870117187,0.9133482732317058
1758544346.418879,herder,2,2.3736806640625,-3.5752841796875,-2.935259188129833
1758544346.418879,target,1,0.3839733581542969,3.1080478515625,-2.244378742348169
1758544346.418879,target,2,2.320339111328125,1.445391357421875,0.6151355504269301
1758544346.418879,target,3,1.8907928466796875,-3.536516357421875,-0.6492487131990549
1758544346.418879,target,4,-2.13267919921875,1.3452491455078126,-1.5577798606510254
1758544346.418879,target,5,-0.42054598999023435,-3.2425908203125,3.113861157158798
1758544346.4387548,herder,1,-3.028721435546875,-0.920554443359375,0.9123292812196142
1758544346.4387548,herder,2,2.37294970703125,-3.5747998046875,-2.9061942469410353
1758544346.4387548,target,1,0.38395965576171875,3.10803271484375,-2.2443057717343007
1758544346.4387548,target,2,2.32037939453125,1.4454044189453126,0.6156675834337008
1758544346.4387548,target,3,1.8854658203125,-3.5402958984375,-0.6420075781951294
1758544346.4387548,target,4,-2.13274658203125,1.3453311767578124,-1.5612767243203538
1758544346.4387548,target,5,-0.42054104614257815,-3.242611083984375,3.1138036328792524
1758544346.458576,herder,1,-3.02442138671875,-0.9149065551757812,0.9127951346732963
1758544346.458576,herder,2,2.371322265625,-3.574236572265625,-2.878624937020426
1758544346.458576,target,1,0.38395220947265624,3.10799365234375,-2.244013889278828
1758544346.458576,target,2,2.320359375,1.44539697265625,0.6155836938593632
1758544346.458576,target,3,1.880291748046875,-3.545154296875,-0.6298247480514803
1758544346.458576,target,4,-2.132582763671875,1.345360595703125,-1.564999157734012
1758544346.458576,target,5,-0.420561767578125,-3.24265380859375,3.113795377079873
1758544346.4785707,herder,1,-3.021025634765625,-0.9107333374023437,0.9118126945471661
1758544346.4785707,herder,2,2.368676513671875,-3.57438037109375,-2.852678291152002
1758544346.4785707,target,1,0.3839530029296875,3.1080185546875,-2.244677016390258
1758544346.4785707,target,2,2.320373046875,1.44544140625,0.6159125276749607
1758544346.4785707,target,3,1.8747271728515624,-3.549571533203125,-0.6225772880399658
1758544346.4785707,target,4,-2.132534912109375,1.34525048828125,-1.5576419089065592
1758544346.4785707,target,5,-0.4205713500976562,-3.242620361328125,3.1147202929264575
1758544346.4987345,herder,1,-3.01799755859375,-0.9059063110351563,0.911585460327155
1758544346.4987345,herder,2,2.366169189453125,-3.5741904296875,-2.828845662556883
1758544346.4987345,target,1,0.3839465637207031,3.108009765625,-2.244785939678842
1758544346.4987345,target,2,2.3203349609375,1.445376708984375,0.6158098628149382
1758544346.4987345,target,3,1.86948583984375,-3.553841552734375,-0.6126984251343713
1758544346.4987345,target,4,-2.132494873046875,1.345399658203125,-1.5583348634221978
1758544346.4987345,target,5,-0.4205445251464844,-3.24260888671875,3.114158365936451
1758544346.5186486,herder,1,-3.014454833984375,-0.9006619873046875,0.9102946927258209
1758544346.5186486,herder,2,2.364009765625,-3.574319580078125,-2.803237504463008
1758544346.5186486,target,1,0.38396783447265626,3.108034912109375,-2.244645058457177
1758544346.5186486,target,2,2.320355712890625,1.4453941650390625,0.6154115870739169
1758544346.5186486,target,3,1.8639979248046874,-3.55796826171875,-0.6021808696203487
1758544346.5186486,target,4,-2.132788330078125,1.3453070068359374,-1.5566072708230634
1758544346.5186486,target,5,-0.42054046630859376,-3.242612060546875,3.11436795671424
1758544346.5387313,herder,1,-3.010539794921875,-0.8951676025390625,0.9094212424673022
1758544346.5387313,herder,2,2.361494140625,-3.57506640625,-2.78049171190875
1758544346.5387313,target,1,0.3839445190429687,3.10801904296875,-2.2446951258856704
1758544346.5387313,target,2,2.3203056640625,1.4454061279296875,0.6148535216674907
1758544346.5387313,target,3,1.858644287109375,-3.561907958984375,-0.5903577659609419
1758544346.5387313,target,4,-2.132628662109375,1.345355224609375,-1.5577368505994205
1758544346.5387313,target,5,-0.42051449584960937,-3.24262548828125,3.1133612818221903
1758544346.558753,herder,1,-3.007167724609375,-0.890171875,0.9096805677784486
1758544346.558753,herder,2,2.358927001953125,-3.575658447265625,-2.7564124745966896
1758544346.558753,target,1,0.3839752807617188,3.10804052734375,-2.244298847515467
1758544346.558753,target,2,2.3203544921875,1.4454317626953126,0.6146095761116395
1758544346.558753,target,3,1.85303271484375,-3.566072509765625,-0.5799631153312264
1758544346.558753,target,4,-2.13272802734375,1.3453140869140625,-1.5573172695696786
1758544346.558753,target,5,-0.42052740478515627,-3.242642578125,3.1133626134027352
1758544346.5787258,herder,1,-3.00467822265625,-0.8865135498046876,0.9095605923713406
1758544346.5787258,herder,2,2.356112548828125,-3.5762021484375,-2.73080032176118
1758544346.5787258,target,1,0.3839814453125,3.1080361328125,-2.2450080473137546
1758544346.5787258,target,2,2.320332763671875,1.44534765625,0.6141563726731353
1758544346.5787258,target,3,1.8484996337890625,-3.56936083984375,-0.5748748131734938
1758544346.5787258,target,4,-2.13267578125,1.34538671875,-1.5594066526029002
1758544346.5787258,target,5,-0.42049365234375,-3.242614990234375,3.1129727266191476
1758544346.5985777,herder,1,-3.001400634765625,-0.8818272094726562,0.9111596874478787
1758544346.5985777,herder,2,2.352581787109375,-3.57690478515625,-2.706814561403381
1758544346.5985777,target,1,0.38394589233398435,3.108040283203125,-2.2443020433087746
1758544346.5985777,target,2,2.3203671875,1.4453760986328126,0.615813524661437
1758544346.5985777,target,3,1.8438499755859374,-3.57268701171875,-0.5699250619714725
1758544346.5985777,target,4,-2.132560791015625,1.3454022216796875,-1.5593810862564355
1758544346.5985777,target,5,-0.42049929809570313,-3.242633544921875,3.1127610053124863
1758544346.6187708,herder,1,-2.99748291015625,-0.8767450561523438,0.9127066511460784
1758544346.6187708,herder,2,2.349269775390625,-3.577936767578125,-2.682082050675924
1758544346.6187708,target,1,0.3839658203125,3.10800927734375,-2.244645058457177
1758544346.6187708,target,2,2.320376953125,1.445375,0.6172317910999587
1758544346.6187708,target,3,1.8401881103515625,-3.575498046875,-0.5659769922344573
1758544346.6187708,target,4,-2.13265771484375,1.345297607421875,-1.559213706581924
1758544346.6187708,target,5,-0.42048291015625,-3.242622314453125,3.113109879415287
1758544346.6389518,herder,1,-2.993458740234375,-0.8709393310546875,0.9129321543113809
1758544346.6389518,herder,2,2.346837890625,-3.578771728515625,-2.6598822061451326
1758544346.6389518,target,1,0.38394564819335936,3.108008544921875,-2.2451345474655335
1758544346.6389518,target,2,2.32030419921875,1.44535888671875,0.6153649151758133
1758544346.6389518,target,3,1.837642333984375,-3.57729541015625,-0.5601076515080317
1758544346.6389518,target,4,-2.1325361328125,1.3452303466796875,-1.556826448980777
1758544346.6389518,target,5,-0.42052618408203124,-3.242611328125,3.1143362650972684
1758544346.6586812,herder,1,-2.989942138671875,-0.8660543212890625,0.9123681633715294
1758544346.6586812,herder,2,2.3439951171875,-3.580053466796875,-2.63963152921617
1758544346.6586812,target,1,0.383965087890625,3.108015625,-2.2454408109908925
1758544346.6586812,target,2,2.3203388671875,1.44537255859375,0.615876375263163
1758544346.6586812,target,3,1.8353271484375,-3.57898095703125,-0.5549032688162852
1758544346.6586812,target,4,-2.1328251953125,1.345308837890625,-1.5513970624664324
1758544346.6586812,target,5,-0.42053021240234373,-3.242635498046875,3.113989255207231
1758544346.6787202,herder,1,-2.986895263671875,-0.8616115112304688,0.9112228709447407
1758544346.6787202,herder,2,2.34027099609375,-3.581791748046875,-2.622787035321419
1758544346.6787202,target,1,0.3839661865234375,3.10800341796875,-2.2447678301834295
1758544346.6787202,target,2,2.320354736328125,1.445318603515625,0.6154449431665701
1758544346.6787202,target,3,1.8329844970703124,-3.580800537109375,-0.5542061864009569
1758544346.6787202,target,4,-2.132617919921875,1.3454166259765625,-1.5545141593643157
1758544346.6787202,target,5,-0.42054034423828124,-3.24264111328125,3.113632657937269
1758544346.6985834,herder,1,-2.983925048828125,-0.85684228515625,0.9101479525497576
1758544346.6985834,herder,2,2.336416748046875,-3.58361865234375,-2.6074155358255906
1758544346.6985834,target,1,0.38394635009765626,3.108024169921875,-2.2441995116068068
1758544346.6985834,target,2,2.3203828125,1.4453909912109375,0.6167450318317196
1758544346.6985834,target,3,1.8316728515625,-3.5815380859375,-0.5505614507121017
1758544346.6985834,target,4,-2.132374755859375,1.3453447265625,-1.5574953018885502
1758544346.6985834,target,5,-0.42052984619140626,-3.24263671875,3.1130976288742724
1758544346.7186751,herder,1,-2.97968798828125,-0.8516443481445313,0.9096649217070444
1758544346.7186751,herder,2,2.333065673828125,-3.585225341796875,-2.5925950443592995
1758544346.7186751,target,1,0.3839512939453125,3.10805322265625,-2.2446959248339975
1758544346.7186751,target,2,2.320391357421875,1.4454041748046875,0.6161180571320877
1758544346.7186751,target,3,1.829886474609375,-3.58220166015625,-0.545143915264608
1758544346.7186751,target,4,-2.132608154296875,1.3454033203125,-1.553237839411895
1758544346.7186751,target,5,-0.42046609497070314,-3.2426904296875,3.1116225039464775
1758544346.7387147,herder,1,-2.97653857421875,-0.8466324462890625,0.9107625435503206
1758544346.7387147,herder,2,2.330444091796875,-3.5864208984375,-2.5791122587085553
1758544346.7387147,target,1,0.3839779968261719,3.10803955078125,-2.2445025793388576
1758544346.7387147,target,2,2.320385009765625,1.4454368896484375,0.6152338210711541
1758544346.7387147,target,3,1.8292845458984375,-3.58286669921875,-0.5462222624794948
1758544346.7387147,target,4,-2.1326494140625,1.34547509765625,-1.550960437205714
1758544346.7387147,target,5,-0.42051593017578126,-3.2426162109375,3.1134438398159827
1758544346.758695,herder,1,-2.973105712890625,-0.8425834350585938,0.910667002646214
1758544346.758695,herder,2,2.327091796875,-3.58822607421875,-2.5646132107858373
1758544346.758695,target,1,0.38395468139648437,3.10802197265625,-2.244846926067805
1758544346.758695,target,2,2.320349609375,1.445391845703125,0.6150374795197879
1758544346.758695,target,3,1.8295023193359374,-3.582982666015625,-0.5509250720694384
1758544346.758695,target,4,-2.1324384765625,1.3454365234375,-1.5538889822984197
1758544346.758695,target,5,-0.4205621337890625,-3.242632080078125,3.1141120269334834
1758544346.778733,herder,1,-2.969802001953125,-0.837406005859375,0.9122903324886718
1758544346.778733,herder,2,2.323587646484375,-3.590118896484375,-2.549710960274081
1758544346.778733,target,1,0.3839591979980469,3.108020263671875,-2.245225361258705
1758544346.778733,target,2,2.320338623046875,1.445392578125,0.6151991333979558
1758544346.778733,target,3,1.829645751953125,-3.582734619140625,-0.5485228341871596
1758544346.778733,target,4,-2.13263134765625,1.3454334716796874,-1.5541595594651716
1758544346.778733,target,5,-0.42055517578125,-3.24262060546875,3.113615081074075
1758544346.7985752,herder,1,-2.96604931640625,-0.8324435424804687,0.9113507692560918
1758544346.7985752,herder,2,2.3202119140625,-3.5922626953125,-2.533820144365687
1758544346.7985752,target,1,0.3839776306152344,3.10802001953125,-2.2451145737573577
1758544346.7985752,target,2,2.3203466796875,1.4453233642578125,0.6168346472024007
1758544346.7985752,target,3,1.8297237548828125,-3.582612548828125,-0.5487118853350417
1758544346.7985752,target,4,-2.132536376953125,1.3452396240234374,-1.5510420630931248
1758544346.7985752,target,5,-0.42056927490234375,-3.242651611328125,3.113992717316648
1758544346.8186305,herder,1,-2.962611328125,-0.8272885131835938,0.9108385102204151
1758544346.8186305,herder,2,2.3172109375,-3.593681884765625,-2.518461428043091
1758544346.8186305,target,1,0.38395587158203126,3.108033447265625,-2.2449065808762225
1758544346.8186305,target,2,2.320375244140625,1.445375244140625,0.6156479426206614
1758544346.8186305,target,3,1.8298001708984375,-3.582300048828125,-0.5437839054749318
1758544346.8186305,target,4,-2.132677490234375,1.345322509765625,-1.5535307871318038
1758544346.8186305,target,5,-0.42057220458984373,-3.24263427734375,3.1146158970117264
1758544346.8387048,herder,1,-2.95962548828125,-0.8229625854492187,0.9106652050124782
1758544346.8387048,herder,2,2.314666015625,-3.59521875,-2.5038955347770115
1758544346.8387048,target,1,0.3839879150390625,3.10801123046875,-2.244930549326033
1758544346.8387048,target,2,2.32033642578125,1.4454100341796876,0.6163857714006679
1758544346.8387048,target,3,1.82949560546875,-3.5824296875,-0.5401088097496497
1758544346.8387048,target,4,-2.13254638671875,1.3453707275390625,-1.5539623523864512
1758544346.8387048,target,5,-0.4205667724609375,-3.24264697265625,3.113885391924718
1758544346.8587017,herder,1,-2.956248291015625,-0.8184526977539063,0.9107658059226559
1758544346.8587017,herder,2,2.31138134765625,-3.597532958984375,-2.4897325777838613
1758544346.8587017,target,1,0.383984130859375,3.107992919921875,-2.2452783581643976
1758544346.8587017,target,2,2.320324951171875,1.4453857421875,0.614872097216094
1758544346.8587017,target,3,1.8276265869140624,-3.58348583984375,-0.5327122792961182
1758544346.8587017,target,4,-2.132530517578125,1.345494384765625,-1.5548150965674945
1758544346.8587017,target,5,-0.42056185913085936,-3.2426220703125,3.1138049644597974
1758544346.8786693,herder,1,-2.95284423828125,-0.81308642578125,0.9100795093097425
1758544346.8786693,herder,2,2.30767724609375,-3.599740234375,-2.474677728141643
1758544346.8786693,target,1,0.3839349975585937,3.1080078125,-2.244588066809849
1758544346.8786693,target,2,2.320363037109375,1.445358154296875,0.6150355487279977
1758544346.8786693,target,3,1.825174560546875,-3.58496533203125,-0.5264305480748938
1758544346.8786693,target,4,-2.13232568359375,1.3454134521484375,-1.553766476888276
1758544346.8786693,target,5,-0.42054104614257815,-3.24262451171875,3.113818013949139
1758544346.898591,herder,1,-2.9493037109375,-0.8080985107421875,0.9086406033727726
1758544346.898591,herder,2,2.30447314453125,-3.6019833984375,-2.458887313406345
1758544346.898591,target,1,0.38396090698242186,3.108032958984375,-2.2450655715933006
1758544346.898591,target,2,2.32035498046875,1.445353759765625,0.6152752998051321
1758544346.898591,target,3,1.822628173828125,-3.585818115234375,-0.5207369094013861
1758544346.898591,target,4,-2.132197998046875,1.3454932861328126,-1.5622936523826005
1758544346.898591,target,5,-0.4205270690917969,-3.2426376953125,3.114169018580811
1758544346.9187486,herder,1,-2.94647607421875,-0.8037877197265625,0.907414950060091
1758544346.9187486,herder,2,2.3013759765625,-3.604103271484375,-2.444280940091697
1758544346.9187486,target,1,0.3839563293457031,3.108006103515625,-2.245257585507895
1758544346.9187486,target,2,2.320326171875,1.4453985595703125,0.6144843409613785
1758544346.9187486,target,3,1.819978271484375,-3.58745263671875,-0.5114707732835916
1758544346.9187486,target,4,-2.1325810546875,1.345447021484375,-1.5560911502038062
1758544346.9187486,target,5,-0.42053875732421875,-3.242661376953125,3.114036925790743
1758544346.9386954,herder,1,-2.943054931640625,-0.7991651000976563,0.9078138915913848
1758544346.9386954,herder,2,2.298197998046875,-3.606473388671875,-2.431577928008128
1758544346.9386954,target,1,0.38397146606445315,3.108043212890625,-2.2447832765177522
1758544346.9386954,target,2,2.320330322265625,1.4453533935546874,0.6152373497595984
1758544346.9386954,target,3,1.817138916015625,-3.58953466796875,-0.5030761566325256
1758544346.9386954,target,4,-2.13256298828125,1.345464111328125,-1.5549276151235505
1758544346.9386954,target,5,-0.4205353393554688,-3.242671142578125,3.1136715400891846
1758544346.9586904,herder,1,-2.938755615234375,-0.7941314086914063,0.909481962540156
1758544346.9586904,herder,2,2.294947509765625,-3.608870361328125,-2.418272775202092
1758544346.9586904,target,1,0.3839499206542969,3.1080185546875,-2.24505225578785
1758544346.9586904,target,2,2.320340576171875,1.44534814453125,0.6162305091091163
1758544346.9586904,target,3,1.813329833984375,-3.59077197265625,-0.49479692143568726
1758544346.9586904,target,4,-2.13251171875,1.3454176025390625,-1.5581566979452715
1758544346.9586904,target,5,-0.42056912231445315,-3.24266650390625,3.1141133585140284
1758544346.978731,herder,1,-2.935682373046875,-0.7889979858398437,0.9102572753125053
1758544346.978731,herder,2,2.29208984375,-3.61139697265625,-2.4040504297166327
1758544346.978731,target,1,0.38397607421875,3.108023193359375,-2.245189674900098
1758544346.978731,target,2,2.3203466796875,1.4453818359375,0.6156894879336666
1758544346.978731,target,3,1.809918701171875,-3.59276025390625,-0.48442367596323327
1758544346.978731,target,4,-2.132529052734375,1.3453482666015626,-1.5570359066005117
1758544346.978731,target,5,-0.4205598754882813,-3.242657958984375,3.1138739403320304
1758544346.9985747,herder,1,-2.9317197265625,-0.7839191284179687,0.9089989982764701
1758544346.9985747,herder,2,2.2885556640625,-3.61422607421875,-2.39095113926286
1758544346.9985747,target,1,0.38396014404296874,3.108022705078125,-2.244892998754663
1758544346.9985747,target,2,2.320340087890625,1.44537158203125,0.6158145899258731
1758544346.9985747,target,3,1.8056639404296875,-3.59526953125,-0.47752469058035574
1758544346.9985747,target,4,-2.1324521484375,1.3453536376953126,-1.5541305310092897
1758544346.9985747,target,5,-0.420521728515625,-3.242676025390625,3.112084828711715
1758544347.0189762,herder,1,-2.928444580078125,-0.778623291015625,0.9087663711552517
1758544347.0189762,herder,2,2.28523095703125,-3.616945556640625,-2.3782377408510396
1758544347.0189762,target,1,0.3839682922363281,3.108037841796875,-2.244515628828199
1758544347.0189762,target,2,2.320354736328125,1.445362060546875,0.6148024555535885
1758544347.0189762,target,3,1.8013936767578125,-3.59709033203125,-0.4669059016553964
1758544347.0189762,target,4,-2.132546142578125,1.3452779541015625,-1.5600502054803178
1758544347.0189762,target,5,-0.420551513671875,-3.242630126953125,3.113017467725461
1758544347.0387383,herder,1,-2.925281494140625,-0.7739417724609375,0.9089576527005466
1758544347.0387383,herder,2,2.28272607421875,-3.618935302734375,-2.3658375301834127
1758544347.0387383,target,1,0.383955322265625,3.1080107421875,-2.2449020535023694
1758544347.0387383,target,2,2.320329345703125,1.4453685302734376,0.6156693810674365
1758544347.0387383,target,3,1.7971871337890626,-3.599808837890625,-0.45448475188369875
1758544347.0387383,target,4,-2.13236865234375,1.3452906494140624,-1.5635848860371255
1758544347.0387383,target,5,-0.42055377197265625,-3.242660400390625,3.1136089558035676
1758544347.0588017,herder,1,-2.92169970703125,-0.7687329711914063,0.9074571611633687
1758544347.0588017,herder,2,2.27944384765625,-3.621855712890625,-2.3525760532192543
1758544347.0588017,target,1,0.3839857177734375,3.108040283203125,-2.2447039143172676
1758544347.0588017,target,2,2.320369140625,1.445352294921875,0.6154645174005822
1758544347.0588017,target,3,1.793099609375,-3.602101806640625,-0.4445174054508864
1758544347.0588017,target,4,-2.1325927734375,1.3454173583984375,-1.5630083116611233
1758544347.0588017,target,5,-0.4205546569824219,-3.24260595703125,3.1137415812258533
1758544347.0787082,herder,1,-2.9182451171875,-0.7636420288085938,0.9075833284200112
1758544347.0787082,herder,2,2.276071044921875,-3.624979736328125,-2.340242954211097
1758544347.0787082,target,1,0.3839716491699219,3.10803515625,-2.244918298785019
1758544347.0787082,target,2,2.320331298828125,1.4453857421875,0.6156595939504305
1758544347.0787082,target,3,1.78828466796875,-3.60411083984375,-0.4356621285102639
1758544347.0787082,target,4,-2.132373779296875,1.345350341796875,-1.5600410175745572
1758544347.0787082,target,5,-0.4205509338378906,-3.242628173828125,3.1136081568552405
1758544347.0986483,herder,1,-2.914591064453125,-0.75905908203125,0.9077503086203592
1758544347.0986483,herder,2,2.272990966796875,-3.62791015625,-2.32847364640571
1758544347.0986483,target,1,0.38396267700195313,3.1080107421875,-2.244779015460008
1758544347.0986483,target,2,2.3203515625,1.4453731689453124,0.6162329059540973
1758544347.0986483,target,3,1.782852294921875,-3.607342041015625,-0.4302321760741878
1758544347.0986483,target,4,-2.132472900390625,1.3454271240234374,-1.560357001637895
1758544347.0986483,target,5,-0.4205506896972656,-3.242633544921875,3.114094716386398
1758544347.1186903,herder,1,-2.911260498046875,-0.7540404052734375,0.9090040582825413
1758544347.1186903,herder,2,2.2698466796875,-3.630826171875,-2.318097171850434
1758544347.1186903,target,1,0.38395071411132814,3.1079990234375,-2.2447401333080927
1758544347.1186903,target,2,2.320361083984375,1.445391357421875,0.615449403961396
1758544347.1186903,target,3,1.778378173828125,-3.6096220703125,-0.4225440294812925
1758544347.1186903,target,4,-2.13257373046875,1.345248291015625,-1.552190151839058
1758544347.1186903,target,5,-0.42057373046875,-3.24258740234375,3.1145141642580856
1758544347.138616,herder,1,-2.90766357421875,-0.749322509765625,0.9076338619016955
1758544347.138616,herder,2,2.267005859375,-3.63404541015625,-2.307125480791526
1758544347.138616,target,1,0.38396798706054686,3.1080185546875,-2.244852252389985
1758544347.138616,target,2,2.320340576171875,1.44533154296875,0.6162746510041843
1758544347.138616,target,3,1.773782958984375,-3.612674072265625,-0.41256050434485797
1758544347.138616,target,4,-2.132501220703125,1.3453922119140624,-1.5562509398692108
1758544347.138616,target,5,-0.42057162475585935,-3.242617431640625,3.1141101627207206
1758544347.1587903,herder,1,-2.90458544921875,-0.7442327270507813,0.9085923335780149
1758544347.1587903,herder,2,2.2638818359375,-3.636764404296875,-2.296710124084335
1758544347.1587903,target,1,0.3839977111816406,3.108,-2.2454400120425655
1758544347.1587903,target,2,2.320326171875,1.44539306640625,0.6151280269968507
1758544347.1587903,target,3,1.7677724609375,-3.615701416015625,-0.40651093419166123
1758544347.1587903,target,4,-2.13239697265625,1.34548876953125,-1.558674416461183
1758544347.1587903,target,5,-0.42055697631835937,-3.242643310546875,3.1139674172862923
1758544347.1786478,herder,1,-2.901414794921875,-0.7400416259765625,0.9085820804078182
1758544347.1786478,herder,2,2.2606748046875,-3.640126953125,-2.2854936885212482
1758544347.1786478,target,1,0.38395477294921876,3.10804296875,-2.244881280845867
1758544347.1786478,target,2,2.3203779296875,1.44538720703125,0.6166624072588999
1758544347.1786478,target,3,1.761957275390625,-3.6181435546875,-0.3995542580816699
1758544347.1786478,target,4,-2.132181396484375,1.34538916015625,-1.560694424148008
1758544347.1786478,target,5,-0.4204661865234375,-3.24268994140625,3.1117466072532753
1758544347.198797,herder,1,-2.898007080078125,-0.7347849731445313,0.9087545200884009
1758544347.198797,herder,2,2.25722607421875,-3.6437607421875,-2.275436260664564
1758544347.198797,target,1,0.38395147705078125,3.10801806640625,-2.245250394972952
1758544347.198797,target,2,2.32035205078125,1.445396484375,0.6163016820892486
1758544347.198797,target,3,1.7569248046875,-3.620660400390625,-0.39398352429246936
1758544347.198797,target,4,-2.1324189453125,1.34542236328125,-1.5588481877223106
1758544347.198797,target,5,-0.4205117492675781,-3.242615478515625,3.112589497738285
1758544347.2187076,herder,1,-2.894239990234375,-0.73037646484375,0.9086386725809824
1758544347.2187076,herder,2,2.25428369140625,-3.647004638671875,-2.2657061353058507
1758544347.2187076,target,1,0.38395013427734376,3.108033447265625,-2.244817631295814
1758544347.2187076,target,2,2.32034912109375,1.4453670654296875,0.6159394256019706
1758544347.2187076,target,3,1.75115087890625,-3.623947509765625,-0.3843761040809813
1758544347.2187076,target,4,-2.132333984375,1.34542431640625,-1.5632828835695105
1758544347.2187076,target,5,-0.42052713012695314,-3.24259423828125,3.113223063761615
1758544347.2386706,herder,1,-2.891354248046875,-0.72561865234375,0.9099954865773505
1758544347.2386706,herder,2,2.251811767578125,-3.64993017578125,-2.255406626106078
1758544347.2386706,target,1,0.38397128295898436,3.108060302734375,-2.245252259185715
1758544347.2386706,target,2,2.320326904296875,1.445348876953125,0.6155042650798516
1758544347.2386706,target,3,1.745136962890625,-3.62715576171875,-0.3805364582898459
1758544347.2386706,target,4,-2.132443359375,1.3452498779296875,-1.5584686872669744
1758544347.2386706,target,5,-0.42053726196289065,-3.24257421875,3.1134326545394044
1758544347.2588153,herder,1,-2.8877802734375,-0.7205249633789063,0.909491483341053
1758544347.2588153,herder,2,2.24846044921875,-3.65349365234375,-2.2447899344204774
1758544347.2588153,target,1,0.38395172119140625,3.108022216796875,-2.244712969064974
1758544347.2588153,target,2,2.32034033203125,1.44537890625,0.6161751819374698
1758544347.2588153,target,3,1.7406297607421874,-3.629383056640625,-0.3824454454487283
1758544347.2588153,target,4,-2.132476318359375,1.3452947998046876,-1.5552333460166916
1758544347.2588153,target,5,-0.4205301513671875,-3.2426015625,3.113767147572318
1758544347.2787185,herder,1,-2.884478515625,-0.7150656127929688,0.908390199651278
1758544347.2787185,herder,2,2.245123046875,-3.657619384765625,-2.2352547524535575
1758544347.2787185,target,1,0.38394692993164065,3.108036865234375,-2.245122829556737
1758544347.2787185,target,2,2.320336181640625,1.445376220703125,0.6154631858200371
1758544347.2787185,target,3,1.7380064697265625,-3.6307021484375,-0.3756542182214581
1758544347.2787185,target,4,-2.132448486328125,1.3454398193359376,-1.557580789359542
1758544347.2787185,target,5,-0.4205429992675781,-3.2426025390625,3.1134465029770726
1758544347.298581,herder,1,-2.88113916015625,-0.71001953125,0.9078015744713432
1758544347.298581,herder,2,2.242095947265625,-3.661695556640625,-2.2270353052231915
1758544347.298581,target,1,0.3839501037597656,3.108038818359375,-2.2451470643226568
1758544347.298581,target,2,2.32036328125,1.44539208984375,0.6165132702378554
1758544347.298581,target,3,1.7352135009765626,-3.631724365234375,-0.3703138811560631
1758544347.298581,target,4,-2.132156005859375,1.3451785888671874,-1.5536763288853768
1758544347.298581,target,5,-0.4205679016113281,-3.2426220703125,3.114518158999721
1758544347.3187568,herder,1,-2.87794677734375,-0.7059199829101562,0.9074073600509842
1758544347.3187568,herder,2,2.23955126953125,-3.66433544921875,-2.219156609454301
1758544347.3187568,target,1,0.38394717407226564,3.1080361328125,-2.2443992486885627
1758544347.3187568,target,2,2.320345947265625,1.4454012451171876,0.6163341060755203
1758544347.3187568,target,3,1.7327449951171876,-3.632618408203125,-0.36530384264486515
1758544347.3187568,target,4,-2.132203125,1.3453363037109376,-1.5571000887827826
1758544347.3187568,target,5,-0.420529052734375,-3.24264306640625,3.1137090906605547
1758544347.3387272,herder,1,-2.874283447265625,-0.7010934448242188,0.9079646265090833
1758544347.3387272,herder,2,2.237176025390625,-3.667532958984375,-2.2094299462050047
1758544347.3387272,target,1,0.3839633178710937,3.107996826171875,-2.2446945932534526
1758544347.3387272,target,2,2.3203623046875,1.4454085693359375,0.6160705197066297
1758544347.3387272,target,3,1.731177734375,-3.633406494140625,-0.3634078716858105
1758544347.3387272,target,4,-2.132280517578125,1.3454794921875,-1.5596149118001443
1758544347.3387272,target,5,-0.4205472106933594,-3.2426455078125,3.113701101177284
1758544347.3587234,herder,1,-2.870295654296875,-0.6956905517578125,0.9077433178224977
1758544347.3587234,herder,2,2.233587158203125,-3.67171337890625,-2.2006790651791133
1758544347.3587234,target,1,0.38396539306640626,3.108023193359375,-2.2447577101712874
1758544347.3587234,target,2,2.320378173828125,1.4454012451171876,0.6148764248528654
1758544347.3587234,target,3,1.7302705078125,-3.63378466796875,-0.3619020871159661
1758544347.3587234,target,4,-2.13238525390625,1.3453643798828125,-1.5556349507090754
1758544347.3587234,target,5,-0.4205393981933594,-3.242648193359375,3.114018549979222
1758544347.3787239,herder,1,-2.86705078125,-0.6902045288085937,0.9072796614767149
1758544347.3787239,herder,2,2.230231689453125,-3.676027099609375,-2.1925251317115633
1758544347.3787239,target,1,0.38396401977539063,3.10802880859375,-2.2443249464941495
1758544347.3787239,target,2,2.320320068359375,1.4454053955078126,0.6149395417707003
1758544347.3787239,target,3,1.7297332763671875,-3.6340302734375,-0.36158034396677086
1758544347.3787239,target,4,-2.132396240234375,1.3453828125,-1.5560791659789006
1758544347.3787239,target,5,-0.42052923583984375,-3.2426494140625,3.1133423733784507
1758544347.3985908,herder,1,-2.86392236328125,-0.6860607299804687,0.906450020218128
1758544347.3985908,herder,2,2.227439453125,-3.679668701171875,-2.1858568426581138
1758544347.3985908,target,1,0.38397171020507814,3.108008544921875,-2.244679945867457
1758544347.3985908,target,2,2.32036279296875,1.4454053955078126,0.6147310162573472
1758544347.3985908,target,3,1.7298509521484375,-3.6339765625,-0.360988256677419
1758544347.3985908,target,4,-2.132362060546875,1.3454515380859375,-1.5593368777823402
1758544347.3985908,target,5,-0.4205433654785156,-3.24265087890625,3.1138174813169206
1758544347.4186997,herder,1,-2.861204833984375,-0.6813917236328125,0.9067592132206862
1758544347.4186997,herder,2,2.224690185546875,-3.6837333984375,-2.179279633713945
1758544347.4186997,target,1,0.3839510192871094,3.108032958984375,-2.244696191150106
1758544347.4186997,target,2,2.320372314453125,1.4454000244140626,0.6144883357030136
1758544347.4186997,target,3,1.730029296875,-3.63393359375,-0.3616377017987485
1758544347.4186997,target,4,-2.13274609375,1.34538427734375,-1.5528809758258246
1758544347.4186997,target,5,-0.420563232421875,-3.24261376953125,3.1144848694860947
1758544347.438695,herder,1,-2.857301513671875,-0.676407470703125,0.907036581448218
1758544347.438695,herder,2,2.22169873046875,-3.6881611328125,-2.173467817267065
1758544347.438695,target,1,0.3839615478515625,3.108032470703125,-2.244808842864217
1758544347.438695,target,2,2.320305908203125,1.4453724365234375,0.6142596367444031
1758544347.438695,target,3,1.7298790283203125,-3.63397802734375,-0.3622747965105227
1758544347.438695,target,4,-2.132700439453125,1.3453665771484375,-1.5539799292496457
1758544347.438695,target,5,-0.4205670166015625,-3.242658935546875,3.1143525103799177
1758544347.4587662,herder,1,-2.8536298828125,-0.6710297241210937,0.9081937915208846
1758544347.4587662,herder,2,2.2188564453125,-3.69250244140625,-2.1658694192029055
1758544347.4587662,target,1,0.38392669677734376,3.108016357421875,-2.244542793071318
1758544347.4587662,target,2,2.320305908203125,1.4453499755859376,0.6157478111615393
1758544347.4587662,target,3,1.7299432373046875,-3.6338466796875,-0.3593115304551051
1758544347.4587662,target,4,-2.1326328125,1.3452232666015624,-1.5500099550126647
1758544347.4587662,target,5,-0.4205415954589844,-3.24264306640625,3.113869412958177
1758544347.4787033,herder,1,-2.850055419921875,-0.6665445556640625,0.9089308879315913
1758544347.4787033,herder,2,2.21632763671875,-3.696497802734375,-2.1588220291682836
1758544347.4787033,target,1,0.38397216796875,3.108044189453125,-2.2452005938605675
1758544347.4787033,target,2,2.3203662109375,1.4454093017578125,0.6146697635522753
1758544347.4787033,target,3,1.729756591796875,-3.633876220703125,-0.3528894839339472
1758544347.4787033,target,4,-2.13271728515625,1.3453974609375,-1.5533050842294196
1758544347.4787033,target,5,-0.42054464721679685,-3.24260498046875,3.1139644878090933
1758544347.4985933,herder,1,-2.847125244140625,-0.6619783325195312,0.9093432118473629
1758544347.4985933,herder,2,2.213330810546875,-3.700720703125,-2.1519522719783697
1758544347.4985933,target,1,0.3839504089355469,3.1080107421875,-2.2447952607426576
1758544347.4985933,target,2,2.320361328125,1.445390380859375,0.6151868162779142
1758544347.4985933,target,3,1.7278883056640626,-3.634134033203125,-0.3487271628872351
1758544347.4985933,target,4,-2.132588623046875,1.345389892578125,-1.5578475049427134
1758544347.4985933,target,5,-0.42053732299804686,-3.24262060546875,3.1135538283690027
1758544347.51877,herder,1,-2.843293212890625,-0.6564845581054688,0.9084760200174058
1758544347.51877,herder,2,2.210373779296875,-3.70508154296875,-2.1445068725188348
1758544347.51877,target,1,0.38396798706054686,3.108015625,-2.2444317392538617
1758544347.51877,target,2,2.320361328125,1.44536572265625,0.615710194011142
1758544347.51877,target,3,1.724727294921875,-3.635734375,-0.34248764276928845
1758544347.51877,target,4,-2.132581298828125,1.345461669921875,-1.55946044845692
1758544347.51877,target,5,-0.4205294189453125,-3.242623779296875,3.1135125493721065
1758544347.5387251,herder,1,-2.839451171875,-0.6506806030273438,0.9083967243959487
1758544347.5387251,herder,2,2.207317138671875,-3.708963134765625,-2.1378084897450678
1758544347.5387251,target,1,0.3839523620605469,3.1080205078125,-2.2445222867309242
1758544347.5387251,target,2,2.320357177734375,1.44540234375,0.6152151789435235
1758544347.5387251,target,3,1.72215185546875,-3.637001708984375,-0.3371473057038934
1758544347.5387251,target,4,-2.1325537109375,1.3454937744140625,-1.5604090664372061
1758544347.5387251,target,5,-0.42053338623046876,-3.2426220703125,3.1135727368127424
1758544347.5586932,herder,1,-2.83630224609375,-0.6462191162109375,0.9081403951410285
1758544347.5586932,herder,2,2.204851806640625,-3.712385009765625,-2.130461360929757
1758544347.5586932,target,1,0.38395602416992186,3.1080146484375,-2.2443638286460645
1758544347.5586932,target,2,2.320322509765625,1.4453673095703126,0.6156913521464297
1758544347.5586932,target,3,1.71895263671875,-3.6381513671875,-0.3316025710248348
1758544347.5586932,target,4,-2.13240380859375,1.345443359375,-1.5595066543018328
1758544347.5586932,target,5,-0.42051736450195315,-3.242605712890625,3.113701101177284
1758544347.578721,herder,1,-2.83393408203125,-0.6428963623046875,0.9084326104916375
1758544347.578721,herder,2,2.201902099609375,-3.716895751953125,-2.1230471204549763
1758544347.578721,target,1,0.3839564208984375,3.1080341796875,-2.2442828685489262
1758544347.578721,target,2,2.3203212890625,1.44537353515625,0.6147689663028807
1758544347.578721,target,3,1.714968017578125,-3.6401015625,-0.3276522043113794
1758544347.578721,target,4,-2.1326298828125,1.3453343505859374,-1.5567373662423138
1758544347.578721,target,5,-0.42050698852539065,-3.242621826171875,3.113186312138572
1758544347.5987964,herder,1,-2.830452880859375,-0.6384434814453125,0.9088296878101683
1758544347.5987964,herder,2,2.1988740234375,-3.72197021484375,-2.116842221431201
1758544347.5987964,target,1,0.3839710693359375,3.107995361328125,-2.244655977417646
1758544347.5987964,target,2,2.320335693359375,1.4453541259765625,0.6150345500425889
1758544347.5987964,target,3,1.710546142578125,-3.641815673828125,-0.3228516234199162
1758544347.5987964,target,4,-2.13278466796875,1.3452724609375,-1.5624150925283082
1758544347.5987964,target,5,-0.42050747680664063,-3.24262060546875,3.1130440993363617
1758544347.6187794,herder,1,-2.826151611328125,-0.6330684814453125,0.9098980148814536
1758544347.6187794,herder,2,2.196669189453125,-3.726214111328125,-2.1114265501964704
1758544347.6187794,target,1,0.3839687805175781,3.108031494140625,-2.245189408583989
1758544347.6187794,target,2,2.320328857421875,1.4453204345703126,0.615273701908478
1758544347.6187794,target,3,1.7061397705078125,-3.64345263671875,-0.31910512168790633
1758544347.6187794,target,4,-2.132607666015625,1.34535107421875,-1.5639338932979805
1758544347.6187794,target,5,-0.4205343933105469,-3.2426484375,3.1136781979919097
1758544347.6387317,herder,1,-2.822658203125,-0.6266187133789063,0.9083330082668686
1758544347.6387317,herder,2,2.194291259765625,-3.730479736328125,-2.1058544182476973
1758544347.6387317,target,1,0.38396682739257815,3.10803759765625,-2.2446525153082293
1758544347.6387317,target,2,2.320378173828125,1.4454185791015626,0.6153871525709154
1758544347.6387317,target,3,1.70159130859375,-3.64565283203125,-0.3141089316143768
1758544347.6387317,target,4,-2.13244384765625,1.3454146728515626,-1.565194101125806
1758544347.6387317,target,5,-0.42051129150390626,-3.2426376953125,3.1127013505040684
1758544347.6587424,herder,1,-2.819213134765625,-0.6214360961914063,0.9065886377528666
1758544347.6587424,herder,2,2.191129638671875,-3.73552587890625,-2.1011348973219133
1758544347.6587424,target,1,0.38395651245117185,3.108020263671875,-2.2442418558681387
1758544347.6587424,target,2,2.320341064453125,1.4453902587890626,0.6148534550884635
1758544347.6587424,target,3,1.6965625,-3.64754150390625,-0.3095058574072566
1758544347.6587424,target,4,-2.13260595703125,1.3454102783203126,-1.5618291970884908
1758544347.6587424,target,5,-0.4205137939453125,-3.242625,3.1131375762906237
1758544347.6787584,herder,1,-2.816984375,-0.6170956420898438,0.9070392446093081
1758544347.6787584,herder,2,2.18805224609375,-3.740500244140625,-2.09483545607944
1758544347.6787584,target,1,0.38396713256835935,3.108020751953125,-2.2449257556360713
1758544347.6787584,target,2,2.32035693359375,1.4454002685546874,0.6152186410529407
1758544347.6787584,target,3,1.691228271484375,-3.6500546875,-0.3048917643711262
1758544347.6787584,target,4,-2.132671875,1.3452886962890624,-1.5571699967613972
1758544347.6787584,target,5,-0.42053469848632813,-3.24256298828125,3.1152832851809005
1758544347.6985838,herder,1,-2.81285693359375,-0.6125279541015625,0.9066000227665267
1758544347.6985838,herder,2,2.18555078125,-3.744505126953125,-2.089816063214913
1758544347.6985838,target,1,0.3839822692871094,3.10804541015625,-2.244818962876359
1758544347.6985838,target,2,2.3203251953125,1.445370361328125,0.6149202338527973
1758544347.6985838,target,3,1.6857525634765624,-3.651792724609375,-0.30724017310987173
1758544347.6985838,target,4,-2.1326640625,1.3455042724609374,-1.5611057493783707
1758544347.6985838,target,5,-0.4205123291015625,-3.2426083984375,3.1140129573409325
1758544347.7188091,herder,1,-2.808743896484375,-0.6069794921875,0.9072634827730927
1758544347.7188091,herder,2,2.183193603515625,-3.748820068359375,-2.085733304105767
1758544347.7188091,target,1,0.3839457702636719,3.108027587890625,-2.24462002474293
1758544347.7188091,target,2,2.32036572265625,1.4453966064453125,0.6154506689629138
1758544347.7188091,target,3,1.68082177734375,-3.654494140625,-0.3047703242254186
1758544347.7188091,target,4,-2.13246826171875,1.34548779296875,-1.558962437333075
1758544347.7188091,target,5,-0.42053118896484376,-3.242629150390625,3.1143807398874723
1758544347.7387433,herder,1,-2.805127197265625,-0.6019898071289063,0.9078987798511311
1758544347.7387433,herder,2,2.1800322265625,-3.7540458984375,-2.0821312455733807
1758544347.7387433,target,1,0.38396438598632815,3.108020751953125,-2.2443566381111215
1758544347.7387433,target,2,2.320350341796875,1.445423095703125,0.6152362844951624
1758544347.7387433,target,3,1.6762686767578125,-3.65706494140625,-0.3032580149109035
1758544347.7387433,target,4,-2.13229931640625,1.34537255859375,-1.5582622922824931
1758544347.7387433,target,5,-0.4205320739746094,-3.242640625,3.1137213412015687
1758544347.7585838,herder,1,-2.80163427734375,-0.597392333984375,0.9065797161632149
1758544347.7585838,herder,2,2.1773154296875,-3.7597080078125,-2.077910401561714
1758544347.7585838,target,1,0.38395602416992186,3.108017822265625,-2.2447063111622487
1758544347.7585838,target,2,2.320366455078125,1.4454088134765626,0.6167408373530027
1758544347.7585838,target,3,1.673857421875,-3.6583154296875,-0.31056629486381254
1758544347.7585838,target,4,-2.132490966796875,1.3453665771484375,-1.5576773289490573
1758544347.7585838,target,5,-0.4205530700683594,-3.2426103515625,3.113833992915679
1758544347.7786877,herder,1,-2.79848876953125,-0.5918008422851563,0.9066660025825334
1758544347.7786877,herder,2,2.175171875,-3.763933837890625,-2.073917257823249
1758544347.7786877,target,1,0.3839649353027344,3.108036865234375,-2.244680744815784
1758544347.7786877,target,2,2.320343017578125,1.445422607421875,0.6149146412145081
1758544347.7786877,target,3,1.67135986328125,-3.659509521484375,-0.3081098616533507
1758544347.7786877,target,4,-2.132541015625,1.3452569580078124,-1.5538752670188056
1758544347.7786877,target,5,-0.42053424072265627,-3.242618896484375,3.113595906314226
1758544347.7987206,herder,1,-2.795322021484375,-0.5870725708007812,0.9056556658439846
1758544347.7987206,herder,2,2.172767333984375,-3.767905029296875,-2.070190163877683
1758544347.7987206,target,1,0.3839707336425781,3.10803173828125,-2.2442519758802812
1758544347.7987206,target,2,2.32037548828125,1.445393310546875,0.6146411345705569
1758544347.7987206,target,3,1.669740234375,-3.65999951171875,-0.3083048050451445
1758544347.7987206,target,4,-2.13272265625,1.34538134765625,-1.5564192516501039
1758544347.7987206,target,5,-0.4205323486328125,-3.2426171875,3.113418806101736
1758544347.818698,herder,1,-2.791977294921875,-0.5823671875,0.9050178387629106
1758544347.818698,herder,2,2.169927490234375,-3.773109130859375,-2.0671829223747658
1758544347.818698,target,1,0.3839771423339844,3.1080234375,-2.2445497172901523
1758544347.818698,target,2,2.320347412109375,1.445383544921875,0.6163120018384727
1758544347.818698,target,3,1.6680595703125,-3.66063671875,-0.306184163158628
1758544347.818698,target,4,-2.13273828125,1.3453359375,-1.558894526725278
1758544347.818698,target,5,-0.4205157470703125,-3.24260595703125,3.1133591512933183
1758544347.838728,herder,1,-2.78839599609375,-0.5770824584960937,0.9060430892035639
1758544347.838728,herder,2,2.1666533203125,-3.77886962890625,-2.0630141431624103
1758544347.838728,target,1,0.38396865844726563,3.108033447265625,-2.24539846672956
1758544347.838728,target,2,2.320351318359375,1.445426513671875,0.6149265588603862
1758544347.838728,target,3,1.66677880859375,-3.66123193359375,-0.30435347293579396
1758544347.838728,target,4,-2.132539306640625,1.3452086181640626,-1.5574958345207683
1758544347.838728,target,5,-0.4204664306640625,-3.24269384765625,3.112020113897226
1758544347.8588347,herder,1,-2.78445654296875,-0.572295654296875,0.9054025323823726
1758544347.8588347,herder,2,2.16439111328125,-3.783601318359375,-2.060200380312687
1758544347.8588347,target,1,0.3839737548828125,3.107999755859375,-2.244640531083324
1758544347.8588347,target,2,2.32038232421875,1.44542138671875,0.6156796342376334
1758544347.8588347,target,3,1.6661424560546876,-3.66136181640625,-0.30334673146471675
1758544347.8588347,target,4,-2.132498779296875,1.3454132080078125,-1.5570337760716395
1758544347.8588347,target,5,-0.4205244750976562,-3.242630859375,3.113123195220737
1758544347.8787222,herder,1,-2.7813935546875,-0.5678711547851563,0.9057603946538519
1758544347.8787222,herder,2,2.162139404296875,-3.787777587890625,-2.057895547547278
1758544347.8787222,target,1,0.38394851684570314,3.10802685546875,-2.2444349350471695
1758544347.8787222,target,2,2.320337158203125,1.4453935546875,0.615397605478194
1758544347.8787222,target,3,1.6663673095703124,-3.6612431640625,-0.3023486785566959
1758544347.8787222,target,4,-2.13281787109375,1.345411376953125,-1.5513022539316257
1758544347.8787222,target,5,-0.42052593994140625,-3.242620849609375,3.113288044892213
1758544347.898874,herder,1,-2.7779931640625,-0.5632260131835938,0.905179892115242
1758544347.898874,herder,2,2.15947607421875,-3.792842529296875,-2.05544677092495
1758544347.898874,target,1,0.38396539306640626,3.108028076171875,-2.2448839440069572
1758544347.898874,target,2,2.320360595703125,1.4454346923828125,0.6148348795398602
1758544347.898874,target,3,1.6664876708984375,-3.6612001953125,-0.3030105406666079
1758544347.898874,target,4,-2.132562744140625,1.345421875,-1.558042980966725
1758544347.898874,target,5,-0.420518798828125,-3.24261181640625,3.112974590831911
1758544347.918676,herder,1,-2.774178466796875,-0.5576299438476563,0.9047898055945726
1758544347.918676,herder,2,2.156347900390625,-3.7990107421875,-2.0535399475844534
1758544347.918676,target,1,0.38392703247070314,3.10804296875,-2.2448679650404166
1758544347.918676,target,2,2.32036279296875,1.4453948974609374,0.615153460185261
1758544347.918676,target,3,1.6663558349609375,-3.661277587890625,-0.3015613482699276
1758544347.918676,target,4,-2.132500732421875,1.345458984375,-1.559265238749017
1758544347.918676,target,5,-0.42053201293945314,-3.242630615234375,3.113452095615362
1758544347.9387977,herder,1,-2.770664794921875,-0.552211181640625,0.9034427121361833
1758544347.9387977,herder,2,2.153797119140625,-3.803815185546875,-2.0516320589795205
1758544347.9387977,target,1,0.3839688720703125,3.10800341796875,-2.24536624248037
1758544347.9387977,target,2,2.320340087890625,1.4454049072265625,0.615533959326006
1758544347.9387977,target,3,1.6664393310546874,-3.66123388671875,-0.30188931655817086
1758544347.9387977,target,4,-2.132397705078125,1.34537939453125,-1.5555405416484323
1758544347.9387977,target,5,-0.420538818359375,-3.2426259765625,3.113500565147201
1758544347.9587147,herder,1,-2.7674423828125,-0.547476806640625,0.9038087636280147
1758544347.9587147,herder,2,2.15205126953125,-3.808369384765625,-2.0508219253759186
1758544347.9587147,target,1,0.38394802856445315,3.108021728515625,-2.244858643976601
1758544347.9587147,target,2,2.3203330078125,1.445402099609375,0.6146702961844933
1758544347.9587147,target,3,1.6664317626953125,-3.66128564453125,-0.30205399978207864
1758544347.9587147,target,4,-2.132585693359375,1.3454586181640624,-1.5578457738880047
1758544347.9587147,target,5,-0.4205502014160156,-3.24264111328125,3.1143144271763297
1758544347.9787004,herder,1,-2.763455810546875,-0.5424332885742188,0.9038973137342599
1758544347.9787004,herder,2,2.14928173828125,-3.813734375,-2.050633373570741
1758544347.9787004,target,1,0.38397027587890625,3.108021240234375,-2.2452437370702265
1758544347.9787004,target,2,2.320332763671875,1.445383056640625,0.6158342307389124
1758544347.9787004,target,3,1.6663792724609374,-3.6612841796875,-0.3026971864748464
1758544347.9787004,target,4,-2.132765869140625,1.345405029296875,-1.5511299474090974
1758544347.9787004,target,5,-0.42055233764648436,-3.242618408203125,3.1141093637723936
1758544347.9987183,herder,1,-2.759905029296875,-0.5371290283203125,0.9045452608274761
1758544347.9987183,herder,2,2.146506591796875,-3.81967529296875,-2.0486029795556644
1758544347.9987183,target,1,0.38394256591796877,3.108019775390625,-2.245396336200688
1758544347.9987183,target,2,2.320330810546875,1.4453673095703126,0.6154549300206579
1758544347.9987183,target,3,1.66644091796875,-3.6612451171875,-0.3020953120684885
1758544347.9987183,target,4,-2.132756591796875,1.345314453125,-1.551703192833737
1758544347.9987183,target,5,-0.4205793762207031,-3.242572265625,3.116174112565532
1758544348.018787,herder,1,-2.75661474609375,-0.5330419921875,0.9037221443135598
1758544348.018787,herder,2,2.14380712890625,-3.824595458984375,-2.0480037683103967
1758544348.018787,target,1,0.3839388427734375,3.10801416015625,-2.2443851339347853
1758544348.018787,target,2,2.32035107421875,1.4454168701171874,0.6148365440155416
1758544348.018787,target,3,1.6664515380859375,-3.661260498046875,-0.30225010830684934
1758544348.018787,target,4,-2.13266455078125,1.3454208984375,-1.554864098731552
1758544348.018787,target,5,-0.42051278686523436,-3.242557373046875,3.113653164277663
1758544348.0387635,herder,1,-2.753614990234375,-0.5283742065429687,0.9041196876852814
1758544348.0387635,herder,2,2.14140234375,-3.829710693359375,-2.0470317145125176
1758544348.0387635,target,1,0.38394430541992186,3.10802490234375,-2.244283933813362
1758544348.0387635,target,2,2.320324951171875,1.4454102783203124,0.6153676449159305
1758544348.0387635,target,3,1.666409423828125,-3.66118798828125,-0.3017272964953532
1758544348.0387635,target,4,-2.132585205078125,1.3454661865234374,-1.5566843693366212
1758544348.0387635,target,5,-0.4205075378417969,-3.2425947265625,3.113565812593908
1758544348.05871,herder,1,-2.74967822265625,-0.5229111938476563,0.9039852646292597
1758544348.05871,herder,2,2.138889404296875,-3.834888671875,-2.0458046630402635
1758544348.05871,target,1,0.3839933166503906,3.107993408203125,-2.2454128477994466
1758544348.05871,target,2,2.32035595703125,1.445398681640625,0.6149625781141295
1758544348.05871,target,3,1.66640380859375,-3.661229736328125,-0.3019730396849402
1758544348.05871,target,4,-2.132674072265625,1.34521533203125,-1.555069694767706
1758544348.05871,target,5,-0.42053158569335936,-3.24262109375,3.1138742066481395
1758544348.0786216,herder,1,-2.746349365234375,-0.518447265625,0.9044374693823551
1758544348.0786216,herder,2,2.1363388671875,-3.840510009765625,-2.0461961477205053
1758544348.0786216,target,1,0.38394583129882814,3.108015625,-2.2448112397091977
1758544348.0786216,target,2,2.320312255859375,1.445365966796875,0.6149533236293415
1758544348.0786216,target,3,1.66644482421875,-3.66123876953125,-0.3020959112797338
1758544348.0786216,target,4,-2.132609375,1.3452337646484376,-1.5557968709033523
1758544348.0786216,target,5,-0.4205264892578125,-3.242622314453125,3.1138739403320304
1758544348.0986648,herder,1,-2.742938232421875,-0.5136784057617187,0.905627502915457
1758544348.0986648,herder,2,2.13377392578125,-3.845684326171875,-2.044114487854445
1758544348.0986648,target,1,0.383955322265625,3.1080498046875,-2.244472751934649
1758544348.0986648,target,2,2.320369384765625,1.445375244140625,0.6146384714094668
1758544348.0986648,target,3,1.66642041015625,-3.66127880859375,-0.30185229861901874
1758544348.0986648,target,4,-2.13259765625,1.3453668212890626,-1.5569562780839183
1758544348.0986648,target,5,-0.42051034545898436,-3.2426484375,3.1128643359627812
1758544348.1187975,herder,1,-2.739088134765625,-0.509076171875,0.9066980270946416
1758544348.1187975,herder,2,2.13103955078125,-3.85135107421875,-2.042712067224409
1758544348.1187975,target,1,0.3839672546386719,3.10802197265625,-2.2446562437337554
1758544348.1187975,target,2,2.320335693359375,1.4454053955078126,0.6144965915023929
1758544348.1187975,target,3,1.6664171142578126,-3.661272216796875,-0.3015873140905559
1758544348.1187975,target,4,-2.132617431640625,1.3453095703125,-1.5543182838661402
1758544348.1187975,target,5,-0.42051693725585937,-3.2426201171875,3.1137101559249905
1758544348.1385274,herder,1,-2.735258544921875,-0.5034387817382813,0.9069881784954058
1758544348.1385274,herder,2,2.128166259765625,-3.85665234375,-2.0413357455730563
1758544348.1385274,target,1,0.3839779052734375,3.107987548828125,-2.2451220306084103
1758544348.1385274,target,2,2.3203310546875,1.445341552734375,0.6155768362195563
1758544348.1385274,target,3,1.6664412841796874,-3.661190185546875,-0.3030252879211442
1758544348.1385274,target,4,-2.132582275390625,1.3453935546875,-1.5571243235487022
1758544348.1385274,target,5,-0.42051986694335936,-3.242599365234375,3.1137652833595553
1758544348.1586785,herder,1,-2.731951416015625,-0.4989046325683594,0.9050394769467676
1758544348.1586785,herder,2,2.1259462890625,-3.8616943359375,-2.0406623652914297
1758544348.1586785,target,1,0.3839624938964844,3.108027587890625,-2.2447561122746333
1758544348.1586785,target,2,2.320361328125,1.4453594970703125,0.6152408784480428
1758544348.1586785,target,3,1.666422119140625,-3.661244384765625,-0.30266100077353497
1758544348.1586785,target,4,-2.13255419921875,1.3452408447265625,-1.5536141440739233
1758544348.1586785,target,5,-0.4205126953125,-3.242648193359375,3.1131652731659605
1758544348.1786752,herder,1,-2.7286015625,-0.4935535583496094,0.9043567090222985
1758544348.1786752,herder,2,2.123493408203125,-3.8669697265625,-2.041184078548976
1758544348.1786752,target,1,0.38393359375,3.108033447265625,-2.2449611756785695
1758544348.1786752,target,2,2.3203544921875,1.4453785400390624,0.6154067268049275
1758544348.1786752,target,3,1.6664462890625,-3.6612568359375,-0.3019577265086723
1758544348.1786752,target,4,-2.13243017578125,1.3453150634765625,-1.5561496065897333
1758544348.1786752,target,5,-0.42054440307617186,-3.24263134765625,3.113757293876285
1758544348.198767,herder,1,-2.724871337890625,-0.48825634765625,0.9038833987175642
1758544348.198767,herder,2,2.1209091796875,-3.872725341796875,-2.0419763689732746
1758544348.198767,target,1,0.3840035095214844,3.108023193359375,-2.2450000578304845
1758544348.198767,target,2,2.320318603515625,1.4453641357421876,0.6160038075213232
1758544348.198767,target,3,1.66644287109375,-3.66125830078125,-0.30281716188195446
1758544348.198767,target,4,-2.132514892578125,1.3454010009765625,-1.5593174367063825
1758544348.198767,target,5,-0.4205224304199219,-3.242631103515625,3.1131684689592687
1758544348.218795,herder,1,-2.721120361328125,-0.48368603515625,0.90466969702941
1758544348.218795,herder,2,2.118215087890625,-3.878510009765625,-2.0423988794802157
1758544348.218795,target,1,0.3839578857421875,3.10801220703125,-2.2449579798852612
1758544348.218795,target,2,2.3203330078125,1.445368896484375,0.6155964770325956
1758544348.218795,target,3,1.6664605712890626,-3.66118115234375,-0.30138797648296345
1758544348.218795,target,4,-2.132560791015625,1.345331298828125,-1.5555562542988637
1758544348.218795,target,5,-0.42050750732421877,-3.242623779296875,3.1128038822060367
1758544348.2386837,herder,1,-2.717748291015625,-0.4787824401855469,0.9051236328372141
1758544348.2386837,herder,2,2.115937255859375,-3.88359423828125,-2.0431505566978907
1758544348.2386837,target,1,0.3839513244628906,3.108016845703125,-2.245255987611241
1758544348.2386837,target,2,2.3203544921875,1.445393798828125,0.6158994781856194
1758544348.2386837,target,3,1.666446533203125,-3.661255126953125,-0.3023130587771161
1758544348.2386837,target,4,-2.132510986328125,1.345396240234375,-1.5581974443099498
1758544348.2386837,target,5,-0.42052880859375,-3.24262060546875,3.1136030968491695
1758544348.2585795,herder,1,-2.7137919921875,-0.4739402770996094,0.9059666564802786
1758544348.2585795,herder,2,2.113325439453125,-3.8888505859375,-2.04344470284029
1758544348.2585795,target,1,0.38396310424804686,3.10800146484375,-2.245198729647804
1758544348.2585795,target,2,2.32034765625,1.44539453125,0.6145754210706592
1758544348.2585795,target,3,1.666447021484375,-3.66124853515625,-0.30338811033015384
1758544348.2585795,target,4,-2.132652587890625,1.3453570556640626,-1.5559298957998018
1758544348.2585795,target,5,-0.42054244995117185,-3.242616943359375,3.113918681438344
1758544348.2791665,herder,1,-2.7109140625,-0.4695976867675781,0.906468529187704
1758544348.2791665,herder,2,2.110491455078125,-3.8945654296875,-2.0442152885017046
1758544348.2791665,target,1,0.38398309326171876,3.108032470703125,-2.245284749751014
1758544348.2791665,target,2,2.320376708984375,1.4454124755859374,0.6163040123552024
1758544348.2791665,target,3,1.66645068359375,-3.661217041015625,-0.301211874955882
1758544348.2791665,target,4,-2.13258642578125,1.3454398193359376,-1.5559594568879016
1758544348.2791665,target,5,-0.420549560546875,-3.242635498046875,3.114035327894089
1758544348.2987874,herder,1,-2.7079755859375,-0.4646388854980469,0.9058657892539919
1758544348.2987874,herder,2,2.1081611328125,-3.89950927734375,-2.0455221016486065
1758544348.2987874,target,1,0.38396185302734376,3.108015380859375,-2.2449241577394172
1758544348.2987874,target,2,2.320346435546875,1.44541357421875,0.6148882759197163
1758544348.2987874,target,3,1.6664586181640626,-3.66119970703125,-0.3020972761497924
1758544348.2987874,target,4,-2.1324111328125,1.34540771484375,-1.5578913139426451
1758544348.2987874,target,5,-0.4205004577636719,-3.242588134765625,3.1126883010147273
1758544348.3187306,herder,1,-2.70431298828125,-0.45913421630859375,0.9051350844299014
1758544348.3187306,herder,2,2.105892822265625,-3.9041259765625,-2.048889535688957
1758544348.3187306,target,1,0.3839767150878906,3.10802978515625,-2.245183283313482
1758544348.3187306,target,2,2.320340087890625,1.44538671875,0.6153360864570131
1758544348.3187306,target,3,1.6664608154296876,-3.6612626953125,-0.30172456675523585
1758544348.3187306,target,4,-2.13262744140625,1.345356201171875,-1.5540487719638243
1758544348.3187306,target,5,-0.4205130004882813,-3.24260302734375,3.1143117640152393
1758544348.3388112,herder,1,-2.700437744140625,-0.45413116455078123,0.9057673854517134
1758544348.3388112,herder,2,2.10366357421875,-3.909482666015625,-2.0522790739663552
1758544348.3388112,target,1,0.3839440002441406,3.108051025390625,-2.244550516238479
1758544348.3388112,target,2,2.32034130859375,1.4453804931640626,0.6148485282404469
1758544348.3388112,target,3,1.66644677734375,-3.6612548828125,-0.30258759739598967
1758544348.3388112,target,4,-2.13231640625,1.34530029296875,-1.5596154444323624
1758544348.3388112,target,5,-0.42053094482421877,-3.2426318359375,3.114283800823794
1758544348.3587248,herder,1,-2.696633056640625,-0.44938705444335936,0.9070184719528054
1758544348.3587248,herder,2,2.101117431640625,-3.91478955078125,-2.0575445429156054
1758544348.3587248,target,1,0.38394293212890623,3.10804296875,-2.2444578382325444
1758544348.3587248,target,2,2.32033447265625,1.4453758544921875,0.6158135912404643
1758544348.3587248,target,3,1.6664337158203124,-3.661204345703125,-0.30159953134205664
1758544348.3587248,target,4,-2.13234716796875,1.3454083251953124,-1.5594717668915528
1758544348.3587248,target,5,-0.42054425048828126,-3.242612060546875,3.1143754135652926
1758544348.3786306,herder,1,-2.69286669921875,-0.4443378601074219,0.9077139564714796
1758544348.3786306,herder,2,2.098751953125,-3.919401611328125,-2.060596126050673
1758544348.3786306,target,1,0.38398318481445315,3.108032958984375,-2.2448708945176157
1758544348.3786306,target,2,2.320322265625,1.445367431640625,0.6156139873167629
1758544348.3786306,target,3,1.6664698486328124,-3.661215576171875,-0.300646852041108
1758544348.3786306,target,4,-2.132513916015625,1.34538720703125,-1.556522848616508
1758544348.3786306,target,5,-0.4205173950195312,-3.24260693359375,3.1133982997613425
1758544348.3987024,herder,1,-2.690014892578125,-0.4395357360839844,0.9072959733383916
1758544348.3987024,herder,2,2.096275634765625,-3.92413037109375,-2.063222535517709
1758544348.3987024,target,1,0.38398056030273436,3.108011474609375,-2.245309783465261
1758544348.3987024,target,2,2.3203447265625,1.4453785400390624,0.6158637918270123
1758544348.3987024,target,3,1.666462646484375,-3.661244384765625,-0.30206158979118536
1758544348.3987024,target,4,-2.132707275390625,1.345403564453125,-1.5541659510517878
1758544348.3987024,target,5,-0.4205123291015625,-3.242601806640625,3.113116803634121
1758544348.4186323,herder,1,-2.686721435546875,-0.4346158447265625,0.9059348317052521
1758544348.4186323,herder,2,2.094116455078125,-3.929359619140625,-2.067483593261836
1758544348.4186323,target,1,0.3839847412109375,3.1080078125,-2.2455622511366
1758544348.4186323,target,2,2.320317138671875,1.4453438720703125,0.6154500031726412
1758544348.4186323,target,3,1.6664854736328125,-3.66123193359375,-0.3017922443364375
1758544348.4186323,target,4,-2.132601318359375,1.34543603515625,-1.5532575468039618
1758544348.4186323,target,5,-0.420525390625,-3.242616455078125,3.1132267921871413
1758544348.4387374,herder,1,-2.683251953125,-0.42853488159179687,0.9050161742872294
1758544348.4387374,herder,2,2.091727783203125,-3.933748779296875,-2.0718230811000655
1758544348.4387374,target,1,0.38394076538085936,3.108006103515625,-2.2449270872166163
1758544348.4387374,target,2,2.320328369140625,1.445375244140625,0.615945617451505
1758544348.4387374,target,3,1.66644677734375,-3.661215576171875,-0.302007327883975
1758544348.4387374,target,4,-2.1324716796875,1.34543701171875,-1.5551495896004086
1758544348.4387374,target,5,-0.4205296630859375,-3.24265478515625,3.1131791216036286
1758544348.4587076,herder,1,-2.67922607421875,-0.4239413452148437,0.9037521714548505
1758544348.4587076,herder,2,2.089260009765625,-3.938605712890625,-2.0757886611212477
1758544348.4587076,target,1,0.3839441833496094,3.108027099609375,-2.244961441994678
1758544348.4587076,target,2,2.320347412109375,1.4453800048828125,0.6150355487279977
1758544348.4587076,target,3,1.6664755859375,-3.661214111328125,-0.30263540113755655
1758544348.4587076,target,4,-2.132322509765625,1.3453875732421876,-1.5567544104732902
1758544348.4587076,target,5,-0.42053109741210937,-3.242636962890625,3.113224129026051
1758544348.4787233,herder,1,-2.6766455078125,-0.4205562438964844,0.9044999870889447
1758544348.4787233,herder,2,2.086744384765625,-3.943555908203125,-2.078510944387527
1758544348.4787233,target,1,0.38399673461914063,3.1079931640625,-2.2451633096053065
1758544348.4787233,target,2,2.32034326171875,1.4453927001953124,0.6161988840711715
1758544348.4787233,target,3,1.6664769287109376,-3.6612314453125,-0.30210702997728484
1758544348.4787233,target,4,-2.13224462890625,1.34540673828125,-1.5562165850911487
1758544348.4787233,target,5,-0.4205162963867187,-3.242626953125,3.113321600721948
1758544348.498687,herder,1,-2.67365087890625,-0.4155897521972656,0.9047145712937779
1758544348.498687,herder,2,2.08420849609375,-3.948459716796875,-2.08359704943736
1758544348.498687,target,1,0.3839990539550781,3.108026123046875,-2.2453681066931335
1758544348.498687,target,2,2.320347412109375,1.445374267578125,0.6150181716018849
1758544348.498687,target,3,1.6664508056640626,-3.66127734375,-0.3022906549344458
1758544348.498687,target,4,-2.132297119140625,1.3454681396484376,-1.5579102223863848
1758544348.498687,target,5,-0.4205321350097656,-3.2426162109375,3.113865684532651
1758544348.5186706,herder,1,-2.669384765625,-0.4102284851074219,0.9035601575402558
1758544348.5186706,herder,2,2.08195556640625,-3.9536533203125,-2.089207797221939
1758544348.5186706,target,1,0.3839566345214844,3.10801953125,-2.245086077933694
1758544348.5186706,target,2,2.320318603515625,1.4454112548828124,0.6147447981159883
1758544348.5186706,target,3,1.6664700927734375,-3.661249267578125,-0.3020962108853564
1758544348.5186706,target,4,-2.132196044921875,1.3454259033203124,-1.5605085355039205
1758544348.5186706,target,5,-0.42053109741210937,-3.242621337890625,3.1138616897910163
1758544348.5387053,herder,1,-2.66631298828125,-0.405170166015625,0.9039517087995247
1758544348.5387053,herder,2,2.07981689453125,-3.957854736328125,-2.0943993634509397
1758544348.5387053,target,1,0.383957763671875,3.108024169921875,-2.2448250881468663
1758544348.5387053,target,2,2.320345703125,1.445397705078125,0.6152575232048558
1758544348.5387053,target,3,1.66644580078125,-3.661221923828125,-0.3022845962429659
1758544348.5387053,target,4,-2.1326015625,1.3453428955078126,-1.553018528096127
1758544348.5387053,target,5,-0.4205319519042969,-3.2426328125,3.113459286150305
1758544348.558641,herder,1,-2.663029052734375,-0.400544189453125,0.9042684918111896
1758544348.558641,herder,2,2.077447509765625,-3.9626572265625,-2.0989798673678215
1758544348.558641,target,1,0.3839505004882813,3.1080185546875,-2.244715365909955
1758544348.558641,target,2,2.32033251953125,1.4453856201171875,0.6156203123243518
1758544348.558641,target,3,1.6664703369140625,-3.6612177734375,-0.3015612151118731
1758544348.558641,target,4,-2.132349609375,1.3452755126953124,-1.5570775850715715
1758544348.558641,target,5,-0.42055148315429686,-3.24262060546875,3.114219884957632
1758544348.5787163,herder,1,-2.660270263671875,-0.3960123291015625,0.904598057996087
1758544348.5787163,herder,2,2.075041748046875,-3.967400634765625,-2.1045887509396373
1758544348.5787163,target,1,0.3839635620117188,3.108043212890625,-2.244380872877041
1758544348.5787163,target,2,2.32038232421875,1.44541650390625,0.6150482653222028
1758544348.5787163,target,3,1.666500244140625,-3.6611923828125,-0.3024529746028861
1758544348.5787163,target,4,-2.132478515625,1.3454913330078124,-1.5574396418217678
1758544348.5787163,target,5,-0.4205303955078125,-3.24262353515625,3.1135373167702443
1758544348.5988705,herder,1,-2.656685546875,-0.3911092224121094,0.904191992508877
1758544348.5988705,herder,2,2.072320068359375,-3.971780029296875,-2.1086964106049755
1758544348.5988705,target,1,0.38394171142578126,3.1080283203125,-2.2447952607426576
1758544348.5988705,target,2,2.32031103515625,1.445381591796875,0.6143387992078057
1758544348.5988705,target,3,1.66647802734375,-3.6612216796875,-0.3025613319697387
1758544348.5988705,target,4,-2.132688232421875,1.3454197998046875,-1.5577929101403667
1758544348.5988705,target,5,-0.42054443359375,-3.2426689453125,3.1139772709823257
1758544348.6187558,herder,1,-2.65248779296875,-0.38514764404296875,0.9041714195894562
1758544348.6187558,herder,2,2.069955078125,-3.976423583984375,-2.113399153615892
1758544348.6187558,target,1,0.3839688720703125,3.10800439453125,-2.2450093788943
1758544348.6187558,target,2,2.320318359375,1.4453616943359375,0.615710460327251
1758544348.6187558,target,3,1.6664884033203125,-3.661220947265625,-0.30197546981943496
1758544348.6187558,target,4,-2.132802001953125,1.34539453125,-1.5539253344472992
1758544348.6187558,target,5,-0.4205558166503906,-3.24263720703125,3.114334400884505
1758544348.638765,herder,1,-2.649060302734375,-0.38015567016601565,0.9043310760968064
1758544348.638765,herder,2,2.06725439453125,-3.981089599609375,-2.1189579697592142
1758544348.638765,target,1,0.383975341796875,3.108,-2.2449744914840197
1758544348.638765,target,2,2.32032373046875,1.445345947265625,0.6144954596589296
1758544348.638765,target,3,1.6665068359375,-3.66120556640625,-0.3030695962637804
1758544348.638765,target,4,-2.1326259765625,1.3454564208984374,-1.5552692986914076
1758544348.638765,target,5,-0.42053857421875,-3.242648193359375,3.1135002988310925
1758544348.6589003,herder,1,-2.64612548828125,-0.37607269287109374,0.9043174939752471
1758544348.6589003,herder,2,2.06478369140625,-3.9858212890625,-2.125337838466608
1758544348.6589003,target,1,0.3839690551757812,3.10800439453125,-2.2444858014239903
1758544348.6589003,target,2,2.320367431640625,1.445420654296875,0.6149151738467261
1758544348.6589003,target,3,1.666470703125,-3.66124755859375,-0.3022615931890503
1758544348.6589003,target,4,-2.132522705078125,1.3453958740234375,-1.5568257831905044
1758544348.6589003,target,5,-0.4205144348144531,-3.242665283203125,3.1130116087710626
1758544348.6788306,herder,1,-2.64256884765625,-0.37020721435546877,0.9037791359608875
1758544348.6788306,herder,2,2.062587158203125,-3.990235595703125,-2.1306576359020957
1758544348.6788306,target,1,0.38394891357421873,3.108035888671875,-2.244726284870424
1758544348.6788306,target,2,2.3203603515625,1.4454241943359376,0.6152838884996475
1758544348.6788306,target,3,1.6664627685546876,-3.661213623046875,-0.3024415230101988
1758544348.6788306,target,4,-2.132400634765625,1.3453631591796875,-1.5569854396978546
1758544348.6788306,target,5,-0.42055569458007813,-3.242628173828125,3.1145546443066547
1758544348.6987276,herder,1,-2.63891357421875,-0.3649483337402344,0.9031365817688787
1758544348.6987276,herder,2,2.060306884765625,-3.993830078125,-2.138466024218208
1758544348.6987276,target,1,0.38396530151367186,3.10801806640625,-2.244381938141477
1758544348.6987276,target,2,2.320357177734375,1.4453890380859375,0.6158160546644726
1758544348.6987276,target,3,1.6664864501953125,-3.661285888671875,-0.30265870379709475
1758544348.6987276,target,4,-2.132244384765625,1.345330810546875,-1.5565193865070908
1758544348.6987276,target,5,-0.42053765869140625,-3.242625732421875,3.113924274076633
1758544348.718731,herder,1,-2.63574658203125,-0.3608047790527344,0.9034518334629168
1758544348.718731,herder,2,2.058645751953125,-3.9977626953125,-2.1467549799530254
1758544348.718731,target,1,0.38397323608398437,3.108033935546875,-2.245257585507895
1758544348.718731,target,2,2.3203251953125,1.4453778076171875,0.6163453579311259
1758544348.718731,target,3,1.666447265625,-3.661271240234375,-0.3029362717617083
1758544348.718731,target,4,-2.132302978515625,1.3454171142578124,-1.558606772169495
1758544348.718731,target,5,-0.4205617370605469,-3.242625244140625,3.1143778104102733
1758544348.7387745,herder,1,-2.63219287109375,-0.35558245849609377,0.9040321362644451
1758544348.7387745,herder,2,2.055654052734375,-4.00230126953125,-2.1546941294786603
1758544348.7387745,target,1,0.3839560546875,3.108033447265625,-2.2446722227002955
1758544348.7387745,target,2,2.32034765625,1.4453670654296875,0.6148735619546936
1758544348.7387745,target,3,1.6664832763671875,-3.66125390625,-0.30192966344868555
1758544348.7387745,target,4,-2.13220947265625,1.3454493408203125,-1.5582760075621072
1758544348.7387745,target,5,-0.4205455627441406,-3.24265966796875,3.1140132236570417
1758544348.7587023,herder,1,-2.628098388671875,-0.35031900024414064,0.9034059605131401
1758544348.7587023,herder,2,2.053647705078125,-4.006357666015625,-2.16182540908762
1758544348.7587023,target,1,0.3839705810546875,3.10801953125,-2.244787537575496
1758544348.7587023,target,2,2.320300537109375,1.445397216796875,0.615055455857146
1758544348.7587023,target,3,1.6664674072265624,-3.661228515625,-0.30247474594479756
1758544348.7587023,target,4,-2.132271484375,1.345493896484375,-1.5605211855190984
1758544348.7587023,target,5,-0.42051483154296876,-3.2426298828125,3.1132760606673076
1758544348.779027,herder,1,-2.6250126953125,-0.34524758911132813,0.9038003080915537
1758544348.779027,herder,2,2.051646728515625,-4.010084716796875,-2.170785614575192
1758544348.779027,target,1,0.38392779541015626,3.10802490234375,-2.244213360044475
1758544348.779027,target,2,2.320341064453125,1.4453905029296874,0.6154272997243483
1758544348.779027,target,3,1.6664661865234376,-3.661198486328125,-0.3016428077097704
1758544348.779027,target,4,-2.13245703125,1.34534130859375,-1.5542782032917346
1758544348.779027,target,5,-0.42053857421875,-3.242668701171875,3.113590047359828
1758544348.7986414,herder,1,-2.6216943359375,-0.34034844970703126,0.9020177877949364
1758544348.7986414,herder,2,2.0488779296875,-4.014493896484375,-2.1797463526949814
1758544348.7986414,target,1,0.38400119018554685,3.108025390625,-2.2446064426213708
1758544348.7986414,target,2,2.320357177734375,1.445392333984375,0.6155507372408735
1758544348.7986414,target,3,1.666496826171875,-3.66120556640625,-0.3023970149304809
1758544348.7986414,target,4,-2.13297412109375,1.3451343994140625,-1.5601804340576226
1758544348.7986414,target,5,-0.42047467041015624,-3.242728515625,3.111480291144267
1758544348.818834,herder,1,-2.618976318359375,-0.3356778564453125,0.9013480027807814
1758544348.818834,herder,2,2.046177490234375,-4.019103515625,-2.1895332033849138
1758544348.818834,target,1,0.38396548461914065,3.108040283203125,-2.244543592019645
1758544348.818834,target,2,2.3203408203125,1.44541162109375,0.6145160325783504
1758544348.818834,target,3,1.66648828125,-3.661222900390625,-0.30182636608790414
1758544348.818834,target,4,-2.132775634765625,1.345273681640625,-1.560808540600718
1758544348.818834,target,5,-0.42055157470703125,-3.242627685546875,3.113919480386671
1758544348.8386345,herder,1,-2.615569580078125,-0.33120022583007813,0.9003114339054954
1758544348.8386345,herder,2,2.0443402099609376,-4.02252685546875,-2.1993003466827794
1758544348.8386345,target,1,0.38392364501953125,3.1079892578125,-2.2443614318010834
1758544348.8386345,target,2,2.32034765625,1.4454249267578125,0.6137748082679542
1758544348.8386345,target,3,1.666485595703125,-3.66123046875,-0.3019640515162612
1758544348.8386345,target,4,-2.132796875,1.34527197265625,-1.5544999114524838
1758544348.8386345,target,5,-0.42054962158203124,-3.242615966796875,3.113989787839449
1758544348.8586159,herder,1,-2.611510986328125,-0.3257887268066406,0.9013084548385938
1758544348.8586159,herder,2,2.0422325439453126,-4.026354248046875,-2.2103078572583494
1758544348.8586159,target,1,0.3839744873046875,3.108026611328125,-2.2449020535023694
1758544348.8586159,target,2,2.3203701171875,1.445423095703125,0.6141553739877265
1758544348.8586159,target,3,1.6664976806640626,-3.66116748046875,-0.3015027920154595
1758544348.8586159,target,4,-2.132724609375,1.34526953125,-1.5549692935946102
1758544348.8586159,target,5,-0.4204989929199219,-3.24264306640625,3.1127021494523954
1758544348.8786123,herder,1,-2.607487548828125,-0.32061920166015623,0.9024574091118812
1758544348.8786123,herder,2,2.039179931640625,-4.030820556640625,-2.2210863359801722
1758544348.8786123,target,1,0.3839736328125,3.108013671875,-2.2449265545843984
1758544348.8786123,target,2,2.320359619140625,1.4453602294921875,0.6157933512161797
1758544348.8786123,target,3,1.6665008544921875,-3.66121337890625,-0.3014522585337752
1758544348.8786123,target,4,-2.13259423828125,1.345383056640625,-1.556376241598499
1758544348.8786123,target,5,-0.4205126953125,-3.2426572265625,3.113153555257164
1758544348.8987417,herder,1,-2.604806396484375,-0.3166214904785156,0.9033888497031364
1758544348.8987417,herder,2,2.03674609375,-4.034485595703125,-2.22983561910941
1758544348.8987417,target,1,0.3839603271484375,3.1080234375,-2.2450373420857455
1758544348.8987417,target,2,2.32034228515625,1.4453907470703125,0.615431161307929
1758544348.8987417,target,3,1.6664930419921875,-3.661223876953125,-0.30215646490501946
1758544348.8987417,target,4,-2.132630859375,1.3453543701171875,-1.5616520968760006
1758544348.8987417,target,5,-0.42055340576171873,-3.242629638671875,3.113948775158662
1758544348.9187748,herder,1,-2.601578857421875,-0.3117148742675781,0.9034995040464292
1758544348.9187748,herder,2,2.0346263427734375,-4.037499267578125,-2.238604476472659
1758544348.9187748,target,1,0.3839507751464844,3.1080244140625,-2.244613366840205
1758544348.9187748,target,2,2.320317138671875,1.4453822021484375,0.6149338825533839
1758544348.9187748,target,3,1.6664332275390625,-3.66123095703125,-0.30300488144929144
1758544348.9187748,target,4,-2.13250927734375,1.3454287109375,-1.562341322966113
1758544348.9187748,target,5,-0.42049114990234376,-3.242720703125,3.111562582821951
1758544348.9386837,herder,1,-2.5976875,-0.30640325927734374,0.9038034373058345
1758544348.9386837,herder,2,2.0322266845703125,-4.040893798828125,-2.2469473612195503
1758544348.9386837,target,1,0.38394320678710936,3.1080263671875,-2.2447308122442773
1758544348.9386837,target,2,2.320349609375,1.4453759765625,0.6150139771231681
1758544348.9386837,target,3,1.6664649658203126,-3.661203125,-0.3019662153346469
1758544348.9386837,target,4,-2.13239453125,1.3454742431640625,-1.5618266670854553
1758544348.9386837,target,5,-0.4205503540039062,-3.242633544921875,3.1135279957064292
1758544348.9585593,herder,1,-2.594129150390625,-0.301432861328125,0.9049102470548714
1758544348.9585593,herder,2,2.02998876953125,-4.045519775390625,-2.2595089594492364
1758544348.9585593,target,1,0.38397894287109374,3.10801953125,-2.244658640578736
1758544348.9585593,target,2,2.3203447265625,1.4453868408203125,0.615343210412929
1758544348.9585593,target,3,1.666461181640625,-3.66128173828125,-0.3021105586657292
1758544348.9585593,target,4,-2.13222412109375,1.345416259765625,-1.5611658036609521
1758544348.9585593,target,5,-0.4205458679199219,-3.24266259765625,3.1132981649043554
1758544348.9786682,herder,1,-2.590619873046875,-0.2968114318847656,0.9038136904760313
1758544348.9786682,herder,2,2.0270018310546876,-4.049552490234375,-2.271668952986538
1758544348.9786682,target,1,0.3839801025390625,3.10800927734375,-2.2447041806333767
1758544348.9786682,target,2,2.32036572265625,1.4453653564453126,0.6152609187352456
1758544348.9786682,target,3,1.6664412841796874,-3.66120654296875,-0.30290564540917236
1758544348.9786682,target,4,-2.132154296875,1.3453721923828126,-1.5595214348458826
1758544348.9786682,target,5,-0.4205057678222656,-3.242652099609375,3.112587899841631
1758544348.9987228,herder,1,-2.58683154296875,-0.29157778930664063,0.9031252633342458
1758544348.9987228,herder,2,2.0245535888671875,-4.0527177734375,-2.2832497089867476
1758544348.9987228,target,1,0.3839648132324219,3.108037353515625,-2.244540396226337
1758544348.9987228,target,2,2.320349853515625,1.4453951416015625,0.6156026023031028
1758544348.9987228,target,3,1.6664490966796874,-3.661248291015625,-0.30225213896718056
1758544348.9987228,target,4,-2.132358642578125,1.34530029296875,-1.5536382456817885
1758544348.9987228,target,5,-0.42052871704101563,-3.24266650390625,3.1139373235659744
1758544349.018597,herder,1,-2.58339013671875,-0.28657647705078126,0.9038300689167353
1758544349.018597,herder,2,2.0219454345703123,-4.05605029296875,-2.2936632014811753
1758544349.018597,target,1,0.383974609375,3.108027587890625,-2.2450301515508024
1758544349.018597,target,2,2.320349853515625,1.4454166259765624,0.6155789001694011
1758544349.018597,target,3,1.6665045166015624,-3.661195068359375,-0.3018369521532372
1758544349.018597,target,4,-2.1326279296875,1.34540771484375,-1.5558590557148058
1758544349.018597,target,5,-0.4205390319824219,-3.24262158203125,3.1145021800331802
1758544349.0387478,herder,1,-2.580118896484375,-0.2817427978515625,0.903544910943015
1758544349.0387478,herder,2,2.0191737060546875,-4.059786865234375,-2.3080421408387313
1758544349.0387478,target,1,0.38393966674804686,3.108017822265625,-2.2449374735448675
1758544349.0387478,target,2,2.3203310546875,1.4453658447265625,0.6157147879640223
1758544349.0387478,target,3,1.666481689453125,-3.66118115234375,-0.3019623204615527
1758544349.0387478,target,4,-2.132537353515625,1.3454566650390625,-1.5561900866383025
1758544349.0387478,target,5,-0.4205650329589844,-3.24260791015625,3.1139767383501074
1758544349.05868,herder,1,-2.5768291015625,-0.2766616516113281,0.9022643299328504
1758544349.05868,herder,2,2.017065185546875,-4.063033203125,-2.3205683190259188
1758544349.05868,target,1,0.3839503173828125,3.1080380859375,-2.245090871623656
1758544349.05868,target,2,2.320327880859375,1.4453326416015626,0.6153095880041668
1758544349.05868,target,3,1.6664625244140625,-3.661233642578125,-0.30295454770468894
1758544349.05868,target,4,-2.132364013671875,1.3453790283203124,-1.5576368489004881
1758544349.05868,target,5,-0.42055438232421877,-3.242590087890625,3.1144081704467004
1758544349.0787244,herder,1,-2.57332421875,-0.271961669921875,0.9026775859550035
1758544349.0787244,herder,2,2.0159754638671874,-4.0648408203125,-2.332867063256014
1758544349.0787244,target,1,0.38398541259765623,3.107979248046875,-2.2452328181097574
1758544349.0787244,target,2,2.320369384765625,1.4453900146484375,0.615616117845635
1758544349.0787244,target,3,1.66646435546875,-3.661220947265625,-0.3015468673315003
1758544349.0787244,target,4,-2.132397216796875,1.34539306640625,-1.5593625772868593
1758544349.0787244,target,5,-0.4205694580078125,-3.2426328125,3.1143807398874723
1758544349.0988324,herder,1,-2.569673095703125,-0.26729193115234373,0.9030663408951278
1758544349.0988324,herder,2,2.01364892578125,-4.06781640625,-2.346929885392177
1758544349.0988324,target,1,0.3839703063964844,3.108016845703125,-2.2453689056414605
1758544349.0988324,target,2,2.320383544921875,1.445377197265625,0.6158866284333597
1758544349.0988324,target,3,1.666485107421875,-3.661246337890625,-0.30152183361725354
1758544349.0988324,target,4,-2.132548583984375,1.345463134765625,-1.5577959727756203
1758544349.0988324,target,5,-0.42056979370117187,-3.2426328125,3.1140806016326206
1758544349.118879,herder,1,-2.56606005859375,-0.26223355102539064,0.9030946369817099
1758544349.118879,herder,2,2.0109342041015625,-4.071608154296875,-2.3634358915123794
1758544349.118879,target,1,0.3839656982421875,3.10801806640625,-2.2445084382932556
1758544349.118879,target,2,2.320299560546875,1.4453487548828126,0.6153683107062031
1758544349.118879,target,3,1.6664521484375,-3.66123388671875,-0.3020743396749041
1758544349.118879,target,4,-2.13259130859375,1.3454517822265626,-1.5562247077324736
1758544349.118879,target,5,-0.42052984619140626,-3.24263916015625,3.1136009663202975
1758544349.1388016,herder,1,-2.562552978515625,-0.25722064208984374,0.9022007469618248
1758544349.1388016,herder,2,2.00790234375,-4.07488330078125,-2.37800684478453
1758544349.1388016,target,1,0.38395672607421877,3.108015869140625,-2.2442578348346793
1758544349.1388016,target,2,2.3203291015625,1.4453675537109374,0.6151073874984025
1758544349.1388016,target,3,1.66648193359375,-3.661254638671875,-0.30222963525596935
1758544349.1388016,target,4,-2.132544921875,1.345361083984375,-1.5553586477459798
1758544349.1388016,target,5,-0.42051995849609375,-3.242599609375,3.1134459703448547
1758544349.1586778,herder,1,-2.559275390625,-0.2518959197998047,0.9015458090707471
1758544349.1586778,herder,2,2.0052939453125,-4.07786865234375,-2.3905583230020735
1758544349.1586778,target,1,0.38394851684570314,3.1080498046875,-2.2451412053682587
1758544349.1586778,target,2,2.320331787109375,1.4454058837890624,0.6154782992592234
1758544349.1586778,target,3,1.66647021484375,-3.661245361328125,-0.3021967452165069
1758544349.1586778,target,4,-2.13244482421875,1.3453900146484374,-1.558109027361759
1758544349.1586778,target,5,-0.42050949096679685,-3.242630126953125,3.1125588713857493
1758544349.178731,herder,1,-2.556438720703125,-0.24735955810546875,0.9009500599348964
1758544349.178731,herder,2,2.002943603515625,-4.08056494140625,-2.4049053044265483
1758544349.178731,target,1,0.3839563903808594,3.10802392578125,-2.244368622336027
1758544349.178731,target,2,2.32033984375,1.445375244140625,0.6162327062170155
1758544349.178731,target,3,1.666466796875,-3.66124072265625,-0.3019341908225387
1758544349.178731,target,4,-2.132414306640625,1.345453369140625,-1.5619130866628284
1758544349.178731,target,5,-0.42052157592773437,-3.242612060546875,3.1132297216643403
1758544349.198724,herder,1,-2.552962646484375,-0.24236970520019532,0.9017658527558149
1758544349.198724,herder,2,2.000134521484375,-4.083499755859375,-2.4189300433591234
1758544349.198724,target,1,0.3839920654296875,3.1079765625,-2.2454325551915133
1758544349.198724,target,2,2.320343505859375,1.445383056640625,0.6148961988239593
1758544349.198724,target,3,1.6664764404296875,-3.66123974609375,-0.30235613540774814
1758544349.198724,target,4,-2.132335205078125,1.3454814453125,-1.561314807523942
1758544349.198724,target,5,-0.42054071044921876,-3.242611328125,3.1135445073051877
1758544349.218834,herder,1,-2.5487490234375,-0.2371837158203125,0.9023904971894929
1758544349.218834,herder,2,1.9972294921875,-4.08681982421875,-2.4341297689646417
1758544349.218834,target,1,0.38403475952148436,3.107976318359375,-2.245965187409529
1758544349.218834,target,2,2.320364501953125,1.4453883056640624,0.6158322999471221
1758544349.218834,target,3,1.6665067138671874,-3.661234619140625,-0.3023610955452784
1758544349.218834,target,4,-2.132249267578125,1.3454581298828125,-1.5587248833638399
1758544349.218834,target,5,-0.4205540771484375,-3.24264306640625,3.1137695444172993
1758544349.2388096,herder,1,-2.545173828125,-0.23249612426757812,0.9029656734059228
1758544349.2388096,herder,2,1.9951087646484376,-4.08918994140625,-2.4491444048743993
1758544349.2388096,target,1,0.38396884155273436,3.108011962890625,-2.244945196712029
1758544349.2388096,target,2,2.320396728515625,1.4454266357421874,0.6164715917667957
1758544349.2388096,target,3,1.6664556884765624,-3.6611982421875,-0.30082515067608884
1758544349.2388096,target,4,-2.132224853515625,1.3453936767578125,-1.5581139542097757
1758544349.2388096,target,5,-0.42055548095703127,-3.24261474609375,3.1142553050001296
1758544349.2586727,herder,1,-2.5420859375,-0.2279103698730469,0.9025285820920136
1758544349.2586727,herder,2,1.9930399169921875,-4.091787841796875,-2.4668685408772038
1758544349.2586727,target,1,0.38397988891601564,3.108000244140625,-2.2449007219218244
1758544349.2586727,target,2,2.320315185546875,1.4454033203125,0.6148934690838419
1758544349.2586727,target,3,1.6664639892578126,-3.661212158203125,-0.3030939641877546
1758544349.2586727,target,4,-2.13212548828125,1.34532763671875,-1.555347329311347
1758544349.2586727,target,5,-0.4205472412109375,-3.2426552734375,3.113696573803431
1758544349.2787442,herder,1,-2.538425048828125,-0.2225040740966797,0.9018894900094219
1758544349.2787442,herder,2,1.9902589111328124,-4.09460205078125,-2.4849450130922257
1758544349.2787442,target,1,0.38396884155273436,3.107994140625,-2.245054120000613
1758544349.2787442,target,2,2.32039208984375,1.4454302978515625,0.616306542358238
1758544349.2787442,target,3,1.666477294921875,-3.66122021484375,-0.30289246276177645
1758544349.2787442,target,4,-2.132191162109375,1.3454188232421875,-1.5571626730683994
1758544349.2787442,target,5,-0.4205208740234375,-3.242634521484375,3.112976188728565
1758544349.2986898,herder,1,-2.53486376953125,-0.2171656951904297,0.9015409488017577
1758544349.2986898,herder,2,1.9878262939453124,-4.0965947265625,-2.502665420669504
1758544349.2986898,target,1,0.3839671936035156,3.108015869140625,-2.2446738205969496
1758544349.2986898,target,2,2.32034423828125,1.4453956298828126,0.6156530692057598
1758544349.2986898,target,3,1.6664630126953126,-3.6612001953125,-0.30358255437924325
1758544349.2986898,target,4,-2.132210693359375,1.3454444580078124,-1.5603426205680087
1758544349.2986898,target,5,-0.42050747680664063,-3.242633056640625,3.112790300084477
1758544349.318859,herder,1,-2.5318564453125,-0.21292794799804687,0.90162084363446
1758544349.318859,herder,2,1.9861004638671875,-4.09877490234375,-2.521686249807068
1758544349.318859,target,1,0.38397903442382814,3.10801171875,-2.2448759545236867
1758544349.318859,target,2,2.320356201171875,1.4453995361328125,0.6157041353196621
1758544349.318859,target,3,1.666473876953125,-3.661296875,-0.3020110563095011
1758544349.318859,target,4,-2.13245849609375,1.3453994140625,-1.5586095684886394
1758544349.318859,target,5,-0.42052554321289065,-3.2426513671875,3.113127456278481
1758544349.338635,herder,1,-2.52906884765625,-0.20891722106933594,0.9017438150977944
1758544349.338635,herder,2,1.98296044921875,-4.10113916015625,-2.5394894816942477
1758544349.338635,target,1,0.3840128784179688,3.10799658203125,-2.245380889866366
1758544349.338635,target,2,2.32034228515625,1.4453763427734374,0.6151519288676341
1758544349.338635,target,3,1.666483642578125,-3.661214111328125,-0.30192540239094146
1758544349.338635,target,4,-2.132530029296875,1.34533935546875,-1.5567980863151676
1758544349.338635,target,5,-0.42054376220703127,-3.242639892578125,3.1134347850682764
1758544349.3587043,herder,1,-2.525106689453125,-0.20403759765625,0.901894550015493
1758544349.3587043,herder,2,1.98048779296875,-4.103810546875,-2.558690074205392
1758544349.3587043,target,1,0.383954345703125,3.1080263671875,-2.245093801100855
1758544349.3587043,target,2,2.320359130859375,1.4453726806640625,0.6160923576275684
1758544349.3587043,target,3,1.6664801025390625,-3.66122802734375,-0.30089146338723183
1758544349.3587043,target,4,-2.132408203125,1.34536669921875,-1.5576108830798598
1758544349.3587043,target,5,-0.4205396728515625,-3.242630859375,3.113718145408261
1758544349.3787177,herder,1,-2.521177978515625,-0.19800787353515625,0.9016450118213526
1758544349.3787177,herder,2,1.9792940673828125,-4.10548828125,-2.5797839079354734
1758544349.3787177,target,1,0.383971435546875,3.1079931640625,-2.244924690371635
1758544349.3787177,target,2,2.3203671875,1.445439208984375,0.6145718923822149
1758544349.3787177,target,3,1.6664549560546875,-3.661203369140625,-0.30201098973047386
1758544349.3787177,target,4,-2.132418701171875,1.345467529296875,-1.560121045565314
1758544349.3787177,target,5,-0.42053570556640624,-3.24262451171875,3.113579128399359
1758544349.3987243,herder,1,-2.517569091796875,-0.19333921813964844,0.9002873988766574
1758544349.3987243,herder,2,1.9773326416015624,-4.10757666015625,-2.5997778561353524
1758544349.3987243,target,1,0.38398956298828124,3.108021240234375,-2.244747057526927
1758544349.3987243,target,2,2.32033544921875,1.445369384765625,0.615443078953807
1758544349.3987243,target,3,1.66647119140625,-3.661229248046875,-0.3034262268232556
1758544349.3987243,target,4,-2.132503662109375,1.3455299072265625,-1.5623037723947428
1758544349.3987243,target,5,-0.42054266357421877,-3.2426494140625,3.113348498648958
1758544349.4192336,herder,1,-2.5146083984375,-0.18852880859375,0.8994355202229684
1758544349.4192336,herder,2,1.974258056640625,-4.11005859375,-2.619637048384073
1758544349.4192336,target,1,0.38397195434570314,3.1080009765625,-2.2448170986635962
1758544349.4192336,target,2,2.3203623046875,1.44538427734375,0.6151268285743602
1758544349.4192336,target,3,1.6664598388671874,-3.661208740234375,-0.30290511277695437
1758544349.4192336,target,4,-2.13267578125,1.34527783203125,-1.5603608632214756
1758544349.4192336,target,5,-0.4205445251464844,-3.242616943359375,3.113790317073802
1758544349.4386768,herder,1,-2.51156494140625,-0.183337890625,0.8986562792880111
1758544349.4386768,herder,2,1.9717935791015626,-4.11208642578125,-2.6411841521316863
1758544349.4386768,target,1,0.3839610595703125,3.107992431640625,-2.245280222377161
1758544349.4386768,target,2,2.32035302734375,1.44540087890625,0.61540472943411
1758544349.4386768,target,3,1.6664315185546874,-3.661228271484375,-0.3022655213516582
1758544349.4386768,target,4,-2.132400634765625,1.3451878662109376,-1.561516408818461
1758544349.4386768,target,5,-0.42056817626953125,-3.24262841796875,3.114488065279403
1758544349.458731,herder,1,-2.507783447265625,-0.1787352600097656,0.8972747644725325
1758544349.458731,herder,2,1.97029541015625,-4.11326220703125,-2.6612516035776514
1758544349.458731,target,1,0.3839656066894531,3.10801220703125,-2.2445316077947397
1758544349.458731,target,2,2.320312744140625,1.4453759765625,0.6150344168845344
1758544349.458731,target,3,1.6664554443359374,-3.6612109375,-0.3024596990846386
1758544349.458731,target,4,-2.132571044921875,1.34538427734375,-1.5590312800472534
1758544349.458731,target,5,-0.420555908203125,-3.242577880859375,3.1143461187933017
1758544349.4787207,herder,1,-2.5040185546875,-0.17337716674804687,0.8978421509427739
1758544349.4787207,herder,2,1.967736083984375,-4.11511279296875,-2.681170184318681
1758544349.4787207,target,1,0.3839644165039062,3.108041259765625,-2.2450125746876077
1758544349.4787207,target,2,2.32036376953125,1.4454053955078126,0.6143648316074612
1758544349.4787207,target,3,1.66649755859375,-3.66116748046875,-0.3022891569063326
1758544349.4787207,target,4,-2.132494384765625,1.345415283203125,-1.5588407308712584
1758544349.4787207,target,5,-0.42052804565429686,-3.24260400390625,3.113787121280494
1758544349.498681,herder,1,-2.50060009765625,-0.16914234924316407,0.8990235292023331
1758544349.498681,herder,2,1.9647381591796875,-4.1170625,-2.701671731022329
1758544349.498681,target,1,0.3839638977050781,3.108032470703125,-2.245327360328455
1758544349.498681,target,2,2.320356689453125,1.44541552734375,0.6150854829984367
1758544349.498681,target,3,1.66651611328125,-3.66120263671875,-0.30320338681904324
1758544349.498681,target,4,-2.13231787109375,1.345369873046875,-1.561982994641443
1758544349.498681,target,5,-0.4205174865722656,-3.242618896484375,3.1135626168006003
1758544349.5188308,herder,1,-2.49758837890625,-0.16461830139160155,0.8995742709157615
1758544349.5188308,herder,2,1.96250048828125,-4.1187607421875,-2.7237661143739533
1758544349.5188308,target,1,0.3839756164550781,3.10800390625,-2.2449478598731187
1758544349.5188308,target,2,2.32033056640625,1.4453504638671875,0.6140806057401225
1758544349.5188308,target,3,1.66649560546875,-3.661221435546875,-0.303082179699931
1758544349.5188308,target,4,-2.132359130859375,1.345395263671875,-1.558126737383008
1758544349.5188308,target,5,-0.42053790283203124,-3.24263818359375,3.11382840027739
1758544349.5390065,herder,1,-2.4941591796875,-0.15921737670898437,0.8993804593674309
1758544349.5390065,herder,2,1.96059521484375,-4.1210556640625,-2.7489098171737187
1758544349.5390065,target,1,0.3839787292480469,3.108028564453125,-2.244904982979569
1758544349.5390065,target,2,2.320343994140625,1.4453992919921874,0.6155996728259037
1758544349.5390065,target,3,1.666474853515625,-3.661227294921875,-0.3015357486339492
1758544349.5390065,target,4,-2.13252001953125,1.3454749755859374,-1.5594151747183884
1758544349.5390065,target,5,-0.42052157592773437,-3.242638671875,3.1133080186003887
1758544349.5587637,herder,1,-2.490586181640625,-0.1540360870361328,0.8990730639986085
1758544349.5587637,herder,2,1.9570384521484374,-4.12310009765625,-2.773621022612455
1758544349.5587637,target,1,0.38394717407226564,3.108029296875,-2.2451984633316955
1758544349.5587637,target,2,2.32032275390625,1.44537744140625,0.6149736968116806
1758544349.5587637,target,3,1.6664910888671876,-3.66121435546875,-0.30185313085685944
1758544349.5587637,target,4,-2.1326640625,1.345431396484375,-1.5645445561359357
1758544349.5587637,target,5,-0.42054901123046873,-3.242582275390625,3.1140028373287905
1758544349.5787253,herder,1,-2.487398193359375,-0.14939047241210937,0.8993794606820221
1758544349.5787253,herder,2,1.9533282470703126,-4.1253857421875,-2.7980555256139317
1758544349.5787253,target,1,0.3839732666015625,3.10805615234375,-2.2451747611979935
1758544349.5787253,target,2,2.320371337890625,1.445421142578125,0.6153500680527361
1758544349.5787253,target,3,1.6665032958984376,-3.661208740234375,-0.3032837477049364
1758544349.5787253,target,4,-2.132499267578125,1.3453369140625,-1.5632350798279435
1758544349.5787253,target,5,-0.42054953002929685,-3.242634033203125,3.11375329913465
1758544349.5985787,herder,1,-2.483911376953125,-0.14495675659179688,0.9002734172809345
1758544349.5985787,herder,2,1.9511678466796876,-4.12657177734375,-2.820315557585359
1758544349.5985787,target,1,0.3839481201171875,3.108015380859375,-2.2443944549986004
1758544349.5985787,target,2,2.3203701171875,1.4454093017578125,0.615501468760707
1758544349.5985787,target,3,1.666469482421875,-3.6612275390625,-0.30283776809088897
1758544349.5985787,target,4,-2.132637451171875,1.34546142578125,-1.5622162875529337
1758544349.5985787,target,5,-0.42047897338867185,-3.24269189453125,3.1124046743586335
1758544349.618834,herder,1,-2.48041650390625,-0.1399454345703125,0.9010888106276895
1758544349.618834,herder,2,1.9490107421875,-4.12775830078125,-2.839264481373491
1758544349.618834,target,1,0.38395361328125,3.108030029296875,-2.2448408007972978
1758544349.618834,target,2,2.32034814453125,1.4453714599609375,0.615515982988648
1758544349.618834,target,3,1.666466552734375,-3.6612373046875,-0.3021966120584524
1758544349.618834,target,4,-2.13272314453125,1.3453807373046875,-1.5595885465053527
1758544349.618834,target,5,-0.4205367126464844,-3.242629638671875,3.1136398484722125
1758544349.6386688,herder,1,-2.4762685546875,-0.13443035888671875,0.9011693712506644
1758544349.6386688,herder,2,1.946099365234375,-4.12900439453125,-2.8583670695565204
1758544349.6386688,target,1,0.38398577880859375,3.1080419921875,-2.244885275587502
1758544349.6386688,target,2,2.320343994140625,1.445406982421875,0.6153581906940607
1758544349.6386688,target,3,1.66646240234375,-3.661271240234375,-0.30295071941062196
1758544349.6386688,target,4,-2.1326298828125,1.3453349609375,-1.5568149973880896
1758544349.6386688,target,5,-0.4205468139648437,-3.242607666015625,3.1135029619921823
1758544349.6586714,herder,1,-2.473147705078125,-0.12983004760742187,0.9000655575578538
1758544349.6586714,herder,2,1.9428768310546876,-4.1302958984375,-2.877386034481321
1758544349.6586714,target,1,0.38396005249023435,3.108031494140625,-2.244780879672771
1758544349.6586714,target,2,2.320360107421875,1.4453702392578125,0.6142029779922117
1758544349.6586714,target,3,1.6664644775390625,-3.661232177734375,-0.3019742381074308
1758544349.6586714,target,4,-2.13252783203125,1.34542724609375,-1.5577268637453328
1758544349.6586714,target,5,-0.42056219482421875,-3.242618408203125,3.113728798052621
1758544349.6787343,herder,1,-2.47052783203125,-0.12544976806640626,0.9000737467782058
1758544349.6787343,herder,2,1.9408184814453124,-4.13146533203125,-2.8965216458618674
1758544349.6787343,target,1,0.38395989990234375,3.108017578125,-2.244981948335072
1758544349.6787343,target,2,2.32031982421875,1.445359130859375,0.6144671635723475
1758544349.6787343,target,3,1.66646728515625,-3.66118359375,-0.3018796293097057
1758544349.6787343,target,4,-2.13278759765625,1.345276123046875,-1.5521728412919724
1758544349.6787343,target,5,-0.42056777954101565,-3.242609619140625,3.1146720897107274
1758544349.698702,herder,1,-2.466643798828125,-0.12073755645751953,0.8996328604597432
1758544349.698702,herder,2,1.93858642578125,-4.13313623046875,-2.9152005251154653
1758544349.698702,target,1,0.38399978637695314,3.107988037109375,-2.245513781604761
1758544349.698702,target,2,2.320321533203125,1.4453756103515625,0.6145860737150195
1758544349.698702,target,3,1.66648291015625,-3.66125390625,-0.3024949526795685
1758544349.698702,target,4,-2.132703369140625,1.345242431640625,-1.5496463003658143
1758544349.698702,target,5,-0.42055526733398435,-3.242640380859375,3.1137796644294418
1758544349.7187402,herder,1,-2.46293212890625,-0.11508990478515625,0.9006700285462745
1758544349.7187402,herder,2,1.935057861328125,-4.1344345703125,-2.934025878229017
1758544349.7187402,target,1,0.38395779418945314,3.108021728515625,-2.2449015208701515
1758544349.7187402,target,2,2.3203369140625,1.4454305419921876,0.6153129835345567
1758544349.7187402,target,3,1.66646923828125,-3.661230224609375,-0.3029060448833359
1758544349.7187402,target,4,-2.13250927734375,1.3453638916015624,-1.5548736861114762
1758544349.7187402,target,5,-0.42054095458984375,-3.242635009765625,3.1132614132813123
1758544349.7389643,herder,1,-2.458843505859375,-0.11096768188476562,0.9001286744756887
1758544349.7389643,herder,2,1.932191162109375,-4.13565283203125,-2.95172098577594
1758544349.7389643,target,1,0.38396038818359374,3.108005859375,-2.245248797076298
1758544349.7389643,target,2,2.32035302734375,1.4454036865234374,0.6145795489703488
1758544349.7389643,target,3,1.666504638671875,-3.661233154296875,-0.30159383883522656
1758544349.7389643,target,4,-2.132549072265625,1.345467041015625,-1.5590581779742634
1758544349.7389643,target,5,-0.42057028198242186,-3.242634765625,3.114021479456421
1758544349.7587736,herder,1,-2.456075439453125,-0.10650865936279297,0.9001577695105978
1758544349.7587736,herder,2,1.929207275390625,-4.1367021484375,-2.9684371153061493
1758544349.7587736,target,1,0.3839508056640625,3.108015625,-2.244881280845867
1758544349.7587736,target,2,2.320351806640625,1.44537548828125,0.6148548532480358
1758544349.7587736,target,3,1.6665045166015624,-3.661197021484375,-0.30069249196428927
1758544349.7587736,target,4,-2.1324111328125,1.345348876953125,-1.5569032811782257
1758544349.7587736,target,5,-0.4205688171386719,-3.2426376953125,3.114372484088093
1758544349.778737,herder,1,-2.452733154296875,-0.10135812377929687,0.8986819787925304
1758544349.778737,herder,2,1.9261785888671874,-4.137703125,-2.986842221599687
1758544349.778737,target,1,0.38395053100585935,3.108005859375,-2.2449715620068207
1758544349.778737,target,2,2.3203681640625,1.445381591796875,0.6156986092604001
1758544349.778737,target,3,1.6664725341796875,-3.661200439453125,-0.30260414228426175
1758544349.778737,target,4,-2.13263134765625,1.3453717041015625,-1.5572750584664008
1758544349.778737,target,5,-0.42056298828125,-3.2426474609375,3.1140355942101983
1758544349.7987788,herder,1,-2.44899853515625,-0.09546849060058593,0.897268306306889
1758544349.7987788,herder,2,1.9226265869140624,-4.138861328125,-3.0052710300269263
1758544349.7987788,target,1,0.3839430847167969,3.1080029296875,-2.245295668711483
1758544349.7987788,target,2,2.320330322265625,1.4453956298828126,0.6159259100594384
1758544349.7987788,target,3,1.6664918212890625,-3.66119873046875,-0.3019019665733487
1758544349.7987788,target,4,-2.132383056640625,1.345228515625,-1.5579332587298138
1758544349.7987788,target,5,-0.42052536010742186,-3.242645751953125,3.113547703098496
1758544349.8187659,herder,1,-2.44537548828125,-0.09059188842773437,0.8974889492032021
1758544349.8187659,herder,2,1.9192762451171874,-4.1396015625,-3.0243339371097133
1758544349.8187659,target,1,0.3839534606933594,3.10800927734375,-2.2449358756482134
1758544349.8187659,target,2,2.320363525390625,1.44539208984375,0.6166468943455501
1758544349.8187659,target,3,1.666470458984375,-3.661237060546875,-0.30148045475181645
1758544349.8187659,target,4,-2.13238720703125,1.3453148193359374,-1.558606505853386
1758544349.8187659,target,5,-0.4205093994140625,-3.2426220703125,3.1133586186611
1758544349.8387957,herder,1,-2.442465576171875,-0.08682941436767579,0.8977619232149353
1758544349.8387957,herder,2,1.9168546142578125,-4.14045703125,-3.0430445079802833
1758544349.8387957,target,1,0.3839854736328125,3.108017578125,-2.2449933999277594
1758544349.8387957,target,2,2.32036279296875,1.445410888671875,0.6150589179665631
1758544349.8387957,target,3,1.6664625244140625,-3.661191162109375,-0.30101866261879673
1758544349.8387957,target,4,-2.13253466796875,1.34526708984375,-1.5568762500931614
1758544349.8387957,target,5,-0.42054144287109374,-3.24255810546875,3.115202058767653
1758544349.8585725,herder,1,-2.43846875,-0.08221063232421875,0.8987367067529315
1758544349.8585725,herder,2,1.91379638671875,-4.14135205078125,-3.061963338048097
1758544349.8585725,target,1,0.38395913696289063,3.108001708984375,-2.2448559808155113
1758544349.8585725,target,2,2.320367431640625,1.4453900146484375,0.6156962789944463
1758544349.8585725,target,3,1.6664766845703125,-3.6612197265625,-0.30187030824589045
1758544349.8585725,target,4,-2.13238427734375,1.3452877197265625,-1.5573786554328048
1758544349.8585725,target,5,-0.42052224731445315,-3.242612548828125,3.1143122966474577
1758544349.8787029,herder,1,-2.434196533203125,-0.0765762939453125,0.8998871923438457
1758544349.8787029,herder,2,1.9103780517578124,-4.141837890625,-3.0807569995446773
1758544349.8787029,target,1,0.38394125366210935,3.108009033203125,-2.2452666402556014
1758544349.8787029,target,2,2.320329345703125,1.4453853759765625,0.6151505307080618
1758544349.8787029,target,3,1.6665045166015624,-3.661205810546875,-0.30131181007578717
1758544349.8787029,target,4,-2.1324423828125,1.345325927734375,-1.5566501477166137
1758544349.8787029,target,5,-0.4205386962890625,-3.242601806640625,3.1140782047876394
1758544349.898589,herder,1,-2.431534423828125,-0.0716578598022461,0.8993312574662917
1758544349.898589,herder,2,1.9073292236328125,-4.14276708984375,-3.0995911410898267
1758544349.898589,target,1,0.38398782348632815,3.107985107421875,-2.2452338833741936
1758544349.898589,target,2,2.320363037109375,1.4454146728515624,0.6154213076118956
1758544349.898589,target,3,1.6664708251953124,-3.661236083984375,-0.3009088738028582
1758544349.898589,target,4,-2.132379150390625,1.3453531494140625,-1.5610594103754034
1758544349.898589,target,5,-0.4205056762695312,-3.2426162109375,3.1134728682718644
1758544349.9187164,herder,1,-2.428605712890625,-0.0670248031616211,0.8977211768502571
1758544349.9187164,herder,2,1.9043199462890625,-4.14329296875,-3.119300131053067
1758544349.9187164,target,1,0.38396563720703125,3.108034912109375,-2.2450354778729826
1758544349.9187164,target,2,2.32037060546875,1.445382080078125,0.6152649134768807
1758544349.9187164,target,3,1.6664332275390625,-3.661268798828125,-0.30256605908067363
1758544349.9187164,target,4,-2.13248876953125,1.345545166015625,-1.5631942003052108
1758544349.9187164,target,5,-0.4204949035644531,-3.2426376953125,3.1129426328988297
1758544349.9387267,herder,1,-2.42565234375,-0.06167800903320313,0.8973216361077179
1758544349.9387267,herder,2,1.900503173828125,-4.1440625,-3.1387601154543847
1758544349.9387267,target,1,0.38394403076171874,3.108025390625,-2.2444895298495164
1758544349.9387267,target,2,2.320348388671875,1.44539697265625,0.6160406923024209
1758544349.9387267,target,3,1.666457763671875,-3.661236572265625,-0.30216695110181163
1758544349.9387267,target,4,-2.132602783203125,1.345400146484375,-1.558862302476088
1758544349.9387267,target,5,-0.4205205078125,-3.2426328125,3.1133679397249154
1758544349.9587405,herder,1,-2.4213203125,-0.05664848709106445,0.897878902565817
1758544349.9587405,herder,2,1.8977742919921874,-4.14488623046875,3.12485069139701
1758544349.9587405,target,1,0.3839676513671875,3.108029052734375,-2.244928418797161
1758544349.9587405,target,2,2.32035302734375,1.445397216796875,0.6150433384741861
1758544349.9587405,target,3,1.6664852294921875,-3.661251708984375,-0.3042752758682865
1758544349.9587405,target,4,-2.13248974609375,1.345275390625,-1.5513248908008912
1758544349.9587405,target,5,-0.42054510498046876,-3.242648193359375,3.113817215000812
1758544349.9787226,herder,1,-2.417293212890625,-0.051467327117919924,0.899239112092575
1758544349.9787226,herder,2,1.89562890625,-4.145435546875,3.105590177761339
1758544349.9787226,target,1,0.383967529296875,3.1079931640625,-2.2446708911197506
1758544349.9787226,target,2,2.320339111328125,1.4453564453125,0.6153283632898519
1758544349.9787226,target,3,1.6664793701171876,-3.6612802734375,-0.30324975911152424
1758544349.9787226,target,4,-2.132531494140625,1.3452523193359376,-1.5539246686570265
1758544349.9787226,target,5,-0.42051910400390624,-3.242633544921875,3.113648903219919
1758544349.9986637,herder,1,-2.413564453125,-0.04649788665771484,0.9001892613904879
1758544349.9986637,herder,2,1.8924619140625,-4.1458837890625,3.0874623065372786
1758544349.9986637,target,1,0.38396136474609377,3.10801611328125,-2.245113774809031
1758544349.9986637,target,2,2.32035302734375,1.4454097900390626,0.6146837451479982
1758544349.9986637,target,3,1.6664422607421876,-3.661252197265625,-0.30239981124962545
1758544349.9986637,target,4,-2.132572509765625,1.345341796875,-1.5539587571189797
1758544349.9986637,target,5,-0.4205407409667969,-3.24261865234375,3.113797507608745
1758544350.0186675,herder,1,-2.40972900390625,-0.04148279571533203,0.9004031132260213
1758544350.0186675,herder,2,1.8882239990234375,-4.14611083984375,3.0688726431801987
1758544350.0186675,target,1,0.383964111328125,3.108011474609375,-2.2448767534720138
1758544350.0186675,target,2,2.320343017578125,1.445368408203125,0.6148753595884294
1758544350.0186675,target,3,1.66647265625,-3.661262939453125,-0.30164976521811826
1758544350.0186675,target,4,-2.132810546875,1.3453487548828125,-1.5524577995286108
1758544350.0186675,target,5,-0.4205021362304687,-3.242615478515625,3.1126323746318354
1758544350.038711,herder,1,-2.40632373046875,-0.036081676483154294,0.9001764782172555
1758544350.038711,herder,2,1.8853028564453125,-4.14625537109375,3.0509953754147148
1758544350.038711,target,1,0.3839617919921875,3.10802294921875,-2.245017901009788
1758544350.038711,target,2,2.320336669921875,1.4454114990234375,0.6156554660507408
1758544350.038711,target,3,1.6664652099609376,-3.661278076171875,-0.3025336350944019
1758544350.038711,target,4,-2.132729736328125,1.3454244384765626,-1.5529575417071644
1758544350.038711,target,5,-0.42052890014648436,-3.2426318359375,3.113557556794529
1758544350.0588002,herder,1,-2.403240966796875,-0.03075459289550781,0.9000780078359499
1758544350.0588002,herder,2,1.8831533203125,-4.14652978515625,3.0326525870906846
1758544350.0588002,target,1,0.38400030517578126,3.10801513671875,-2.2452775592160705
1758544350.0588002,target,2,2.320328369140625,1.4454017333984375,0.6142932591531653
1758544350.0588002,target,3,1.6664666748046875,-3.661239013671875,-0.30217264360864166
1758544350.0588002,target,4,-2.132556396484375,1.345465576171875,-1.5525631275497236
1758544350.0588002,target,5,-0.4205358581542969,-3.2426611328125,3.1134757977490635
1758544350.0787275,herder,1,-2.399597412109375,-0.025777122497558595,0.899087711384604
1758544350.0787275,herder,2,1.87958251953125,-4.146541015625,3.014741497179357
1758544350.0787275,target,1,0.3839762268066406,3.10803662109375,-2.244502313022749
1758544350.0787275,target,2,2.320339599609375,1.4453863525390624,0.615341346200166
1758544350.0787275,target,3,1.6664730224609374,-3.6611826171875,-0.302814532010378
1758544350.0787275,target,4,-2.132558837890625,1.3453140869140625,-1.5532466278434924
1758544350.0787275,target,5,-0.420549072265625,-3.24265771484375,3.113576997870487
1758544350.0985718,herder,1,-2.3965224609375,-0.02133643913269043,0.8991904428236538
1758544350.0985718,herder,2,1.875739501953125,-4.14641552734375,2.9966844660402927
1758544350.0985718,target,1,0.38396148681640624,3.108002685546875,-2.24496357252355
1758544350.0985718,target,2,2.32034619140625,1.4453746337890625,0.6156703797528453
1758544350.0985718,target,3,1.666460205078125,-3.66115771484375,-0.3024376614266182
1758544350.0985718,target,4,-2.132450927734375,1.345366455078125,-1.556558534975115
1758544350.0985718,target,5,-0.4205649108886719,-3.242632568359375,3.114119750100645
1758544350.1186059,herder,1,-2.392675048828125,-0.016305900573730468,0.8985787147212626
1758544350.1186059,herder,2,1.8724761962890626,-4.146587890625,2.97797735727914
1758544350.1186059,target,1,0.3839576416015625,3.1080126953125,-2.244849855545004
1758544350.1186059,target,2,2.32032568359375,1.445373779296875,0.6161886974800019
1758544350.1186059,target,3,1.6664521484375,-3.6612607421875,-0.30157033643860665
1758544350.1186059,target,4,-2.132445068359375,1.34539453125,-1.5581986427324404
1758544350.1186059,target,5,-0.42054617309570314,-3.24261328125,3.1137477064963606
1758544350.1387143,herder,1,-2.388603515625,-0.010676797866821288,0.8980850978132163
1758544350.1387143,herder,2,1.8692381591796876,-4.146380859375,2.9584609138627123
1758544350.1387143,target,1,0.3839669189453125,3.108030029296875,-2.24467648375804
1758544350.1387143,target,2,2.320302734375,1.445370361328125,0.6150728329832588
1758544350.1387143,target,3,1.66643798828125,-3.661242919921875,-0.30215916135562315
1758544350.1387143,target,4,-2.132396240234375,1.3454327392578125,-1.558866829849941
1758544350.1387143,target,5,-0.42053640747070314,-3.24264208984375,3.113480591439026
1758544350.158608,herder,1,-2.38536572265625,-0.006385177135467529,0.8975069921195874
1758544350.158608,herder,2,1.8657738037109375,-4.1465673828125,2.939078161133007
1758544350.158608,target,1,0.3839695739746094,3.10801806640625,-2.244315092798116
1758544350.158608,target,2,2.32033740234375,1.445369873046875,0.614727287831821
1758544350.158608,target,3,1.666496826171875,-3.6612314453125,-0.3026638636717068
1758544350.158608,target,4,-2.13227734375,1.3454217529296875,-1.556965465989679
1758544350.158608,target,5,-0.42054641723632813,-3.242643310546875,3.1136140158096386
1758544350.178722,herder,1,-2.38227294921875,-0.001661808967590332,0.8980571346217705
1758544350.178722,herder,2,1.862934326171875,-4.14663671875,2.919128155091114
1758544350.178722,target,1,0.38394927978515625,3.108049560546875,-2.245246666547426
1758544350.178722,target,2,2.320375,1.445383544921875,0.6148602461492432
1758544350.178722,target,3,1.666471923828125,-3.66121484375,-0.3011920011162472
1758544350.178722,target,4,-2.13232861328125,1.3454508056640626,-1.5601012050151928
1758544350.178722,target,5,-0.420553955078125,-3.242661376953125,3.1139780699306527
1758544350.1986182,herder,1,-2.37832666015625,0.0037740724086761475,0.8976265014735048
1758544350.1986182,herder,2,1.859603515625,-4.14650439453125,2.8997027917839673
1758544350.1986182,target,1,0.38395120239257813,3.108032958984375,-2.244657308998191
1758544350.1986182,target,2,2.320327392578125,1.44538671875,0.6148740945869117
1758544350.1986182,target,3,1.666494873046875,-3.6612216796875,-0.30252278271295985
1758544350.1986182,target,4,-2.13225927734375,1.345384033203125,-1.5575447035267713
1758544350.1986182,target,5,-0.42054000854492185,-3.2426279296875,3.113490711451168
1758544350.2186959,herder,1,-2.374576416015625,0.008677797317504883,0.8983793771136701
1758544350.2186959,herder,2,1.8564423828125,-4.14655712890625,2.881218323289945
1758544350.2186959,target,1,0.3839507751464844,3.108009765625,-2.2449779535934367
1758544350.2186959,target,2,2.320367431640625,1.4454102783203124,0.6151398780637015
1758544350.2186959,target,3,1.666486083984375,-3.6612177734375,-0.3021552664825289
1758544350.2186959,target,4,-2.13266650390625,1.3450987548828126,-1.562927085247876
1758544350.2186959,target,5,-0.4205301513671875,-3.242628662109375,3.1137738054750437
1758544350.2385602,herder,1,-2.371095703125,0.01361468505859375,0.8988337123956377
1758544350.2385602,herder,2,1.8534349365234375,-4.14596875,2.8630409172696094
1758544350.2385602,target,1,0.38396099853515625,3.1080185546875,-2.244620557375148
1758544350.2385602,target,2,2.320345458984375,1.44539404296875,0.6153794959827814
1758544350.2385602,target,3,1.666457763671875,-3.66129248046875,-0.3024742133125795
1758544350.2385602,target,4,-2.132574951171875,1.345204833984375,-1.563025089575991
1758544350.2385602,target,5,-0.42056478881835935,-3.242632080078125,3.1139453130492445
1758544350.2586381,herder,1,-2.366993408203125,0.018998435974121094,0.8983659281501652
1758544350.2586381,herder,2,1.8502506103515626,-4.14559423828125,2.8457362291384922
1758544350.2586381,target,1,0.3839869079589844,3.107999755859375,-2.245220034936525
1758544350.2586381,target,2,2.3203681640625,1.4454029541015625,0.6156457455127621
1758544350.2586381,target,3,1.6664793701171876,-3.6611865234375,-0.30277321972396815
1758544350.2586381,target,4,-2.13249462890625,1.34537744140625,-1.5623527745588004
1758544350.2586381,target,5,-0.42054736328125,-3.24263916015625,3.113586318934302
1758544350.2787282,herder,1,-2.36374462890625,0.02411801528930664,0.8975996701255222
1758544350.2787282,herder,2,1.8476343994140625,-4.14508349609375,2.826863471757537
1758544350.2787282,target,1,0.38394537353515623,3.10802978515625,-2.2446631679525892
1758544350.2787282,target,2,2.3203525390625,1.4454364013671874,0.6158026057009678
1758544350.2787282,target,3,1.666484619140625,-3.66119287109375,-0.30127908648389284
1758544350.2787282,target,4,-2.132634033203125,1.3452838134765626,-1.5604295727775996
1758544350.2787282,target,5,-0.4205213623046875,-3.242640380859375,3.1134840535484427
1758544350.2986248,herder,1,-2.360357421875,0.02917893600463867,0.8960870612053844
1758544350.2986248,herder,2,1.844735595703125,-4.14456201171875,2.8072761882561132
1758544350.2986248,target,1,0.383929443359375,3.10800244140625,-2.2445654299405837
1758544350.2986248,target,2,2.3203505859375,1.4454246826171875,0.6163046115664477
1758544350.2986248,target,3,1.6664827880859374,-3.661251953125,-0.30181990792226066
1758544350.2986248,target,4,-2.132595947265625,1.345357177734375,-1.5601914861761466
1758544350.2986248,target,5,-0.42051495361328123,-3.24259619140625,3.1136803285207817
1758544350.3187842,herder,1,-2.3567080078125,0.034294227600097656,0.8958708791038973
1758544350.3187842,herder,2,1.8412939453125,-4.14411572265625,2.7885999721636052
1758544350.3187842,target,1,0.383940185546875,3.108041748046875,-2.2445987194542094
1758544350.3187842,target,2,2.3203603515625,1.4453944091796875,0.6140145593450885
1758544350.3187842,target,3,1.6665074462890626,-3.6612197265625,-0.30345974936347697
1758544350.3187842,target,4,-2.132534423828125,1.34544580078125,-1.5590420658496684
1758544350.3187842,target,5,-0.4205388793945313,-3.242609130859375,3.1136014989525154
1758544350.3386476,herder,1,-2.352980712890625,0.039154842376708986,0.8962255455820686
1758544350.3386476,herder,2,1.838061279296875,-4.14322119140625,2.769170347798714
1758544350.3386476,target,1,0.3839634704589844,3.10799267578125,-2.244981948335072
1758544350.3386476,target,2,2.320326904296875,1.4453919677734375,0.6141987169344675
1758544350.3386476,target,3,1.666493408203125,-3.661180908203125,-0.30325258872018246
1758544350.3386476,target,4,-2.13257763671875,1.3453280029296875,-1.5581694811185038
1758544350.3386476,target,5,-0.42053033447265625,-3.2426015625,3.1145772811759205
1758544350.358704,herder,1,-2.348969482421875,0.04398677825927735,0.8973293592748791
1758544350.358704,herder,2,1.8350966796875,-4.14305712890625,2.7498118298349286
1758544350.358704,target,1,0.38397265625,3.108032958984375,-2.2452096486082738
1758544350.358704,target,2,2.320331787109375,1.4454052734375,0.6159676551095254
1758544350.358704,target,3,1.666451171875,-3.661205322265625,-0.3029816120792669
1758544350.358704,target,4,-2.132529296875,1.3454063720703124,-1.558838200868223
1758544350.358704,target,5,-0.4205247802734375,-3.2426494140625,3.1134768630134997
1758544350.378722,herder,1,-2.348969482421875,0.04398677825927735,0.8973293592748791
1758544350.378722,herder,2,1.8350966796875,-4.14305712890625,2.7498118298349286
1758544350.378722,target,1,0.38397265625,3.108032958984375,-2.2452096486082738
1758544350.378722,target,2,2.320331787109375,1.4454052734375,0.6159676551095254
1758544350.378722,target,3,1.666451171875,-3.661205322265625,-0.3029816120792669
1758544350.378722,target,4,-2.132529296875,1.3454063720703124,-1.558838200868223
1758544350.378722,target,5,-0.4205247802734375,-3.2426494140625,3.1134768630134997
1758544350.3985827,herder,1,-2.348969482421875,0.04398677825927735,0.8973293592748791
1758544350.3985827,herder,2,1.8350966796875,-4.14305712890625,2.7498118298349286
1758544350.3985827,target,1,0.38397265625,3.108032958984375,-2.2452096486082738
1758544350.3985827,target,2,2.320331787109375,1.4454052734375,0.6159676551095254
1758544350.3985827,target,3,1.666451171875,-3.661205322265625,-0.3029816120792669
1758544350.3985827,target,4,-2.132529296875,1.3454063720703124,-1.558838200868223
1758544350.3985827,target,5,-0.4205247802734375,-3.2426494140625,3.1134768630134997
1758544350.4187381,herder,1,-2.339421630859375,0.0590040512084961,0.8970501268345843
1758544350.4187381,herder,2,1.826353271484375,-4.14150341796875,2.684099395201659
1758544350.4187381,target,1,0.3839780578613281,3.108005126953125,-2.245094333733073
1758544350.4187381,target,2,2.32035693359375,1.4454114990234375,0.6148162374122297
1758544350.4187381,target,3,1.6664544677734374,-3.6612451171875,-0.30234897816231854
1758544350.4187381,target,4,-2.13249462890625,1.3454049072265626,-1.558343651853795
1758544350.4187381,target,5,-0.42052081298828126,-3.242609130859375,3.113261679597421
1758544350.438696,herder,1,-2.3360029296875,0.06395112991333007,0.8965556443991839
1758544350.438696,herder,2,1.8237447509765625,-4.14092529296875,2.663664693841372
1758544350.438696,target,1,0.3839729309082031,3.1080302734375,-2.2448213597213402
1758544350.438696,target,2,2.320376708984375,1.44542919921875,0.6151898123341405
1758544350.438696,target,3,1.666445556640625,-3.661220703125,-0.3019891185200216
1758544350.438696,target,4,-2.132426025390625,1.3451986083984375,-1.5570369718649477
1758544350.438696,target,5,-0.4205224609375,-3.24260009765625,3.1131735289653397
1758544350.458739,herder,1,-2.332166259765625,0.06913568115234375,0.8966561121513071
1758544350.458739,herder,2,1.8203817138671874,-4.139779296875,2.6440782092882755
1758544350.458739,target,1,0.3839864196777344,3.108004150390625,-2.2455899480119372
1758544350.458739,target,2,2.320349853515625,1.445402587890625,0.6161544092809672
1758544350.458739,target,3,1.6664686279296874,-3.661231201171875,-0.30210792879415277
1758544350.458739,target,4,-2.1326650390625,1.3452706298828125,-1.5518657788182864
1758544350.458739,target,5,-0.42051715087890623,-3.2426240234375,3.11302306036375
1758544350.4787042,herder,1,-2.328539306640625,0.07347696685791015,0.8969067156098836
1758544350.4787042,herder,2,1.8174598388671874,-4.13880908203125,2.622417654878225
1758544350.4787042,target,1,0.38395889282226564,3.108031494140625,-2.2450346789246556
1758544350.4787042,target,2,2.320341064453125,1.4454090576171874,0.6166960296676621
1758544350.4787042,target,3,1.66647509765625,-3.661216064453125,-0.3026091690008193
1758544350.4787042,target,4,-2.132705078125,1.345229736328125,-1.5540269340428856
1758544350.4787042,target,5,-0.420514892578125,-3.24262060546875,3.1131447668255667
1758544350.498678,herder,1,-2.3246904296875,0.07863993072509766,0.89799488323129
1758544350.498678,herder,2,1.8145985107421876,-4.13808056640625,2.603872466311349
1758544350.498678,target,1,0.38395477294921876,3.108030517578125,-2.245052522103959
1758544350.498678,target,2,2.32036279296875,1.4453905029296874,0.6145896024034639
1758544350.498678,target,3,1.666483642578125,-3.661228759765625,-0.30298630590068815
1758544350.498678,target,4,-2.13259423828125,1.3453031005859375,-1.5543997765954967
1758544350.498678,target,5,-0.4205330810546875,-3.242599609375,3.1135759326060506
1758544350.5186193,herder,1,-2.32083642578125,0.08370455169677735,0.8977472758289399
1758544350.5186193,herder,2,1.81193359375,-4.1370537109375,2.58568254343389
1758544350.5186193,target,1,0.383957275390625,3.108023681640625,-2.2450961979458364
1758544350.5186193,target,2,2.3203486328125,1.4453504638671875,0.6153897491529782
1758544350.5186193,target,3,1.666448486328125,-3.661190185546875,-0.302846489943459
1758544350.5186193,target,4,-2.132638427734375,1.3454376220703126,-1.5522222429301935
1758544350.5186193,target,5,-0.4205254821777344,-3.242618408203125,3.1134419756032194
1758544350.538703,herder,1,-2.318093994140625,0.08791373443603516,0.8975567266529446
1758544350.538703,herder,2,1.808399658203125,-4.1358369140625,2.5670524000282406
1758544350.538703,target,1,0.3839391174316406,3.10803369140625,-2.2444224181900463
1758544350.538703,target,2,2.32037060546875,1.4453858642578126,0.6162727867914213
1758544350.538703,target,3,1.666456298828125,-3.661195556640625,-0.302359264622029
1758544350.538703,target,4,-2.132509765625,1.3454705810546874,-1.5566710535311707
1758544350.538703,target,5,-0.4205460510253906,-3.242619140625,3.1130398382786177
1758544350.5586693,herder,1,-2.31484765625,0.09305366516113281,0.8965630346712088
1758544350.5586693,herder,2,1.8057628173828124,-4.1345751953125,2.5493375850892517
1758544350.5586693,target,1,0.38396148681640624,3.108019287109375,-2.245185413842354
1758544350.5586693,target,2,2.32038330078125,1.445392578125,0.6143542455421281
1758544350.5586693,target,3,1.6666431884765625,-3.66142236328125,-0.3068657992396338
1758544350.5586693,target,4,-2.1322900390625,1.3454755859375,-1.5631502581472245
1758544350.5586693,target,5,-0.42052410888671876,-3.2426376953125,3.113093367816528
1758544350.5787258,herder,1,-2.31069775390625,0.09847923278808594,0.8957609571299042
1758544350.5787258,herder,2,1.80321337890625,-4.1334169921875,2.529865616463028
1758544350.5787258,target,1,0.38393975830078125,3.1080107421875,-2.2444386634726956
1758544350.5787258,target,2,2.320337646484375,1.4453922119140625,0.6152036607718089
1758544350.5787258,target,3,1.666989990234375,-3.662083984375,-0.3245989567006308
1758544350.5787258,target,4,-2.1321376953125,1.345275146484375,-1.5593235619768897
1758544350.5787258,target,5,-0.42052273559570313,-3.24262109375,3.113011342454954
1758544350.59871,herder,1,-2.307637939453125,0.10268138122558594,0.8975889509021346
1758544350.59871,herder,2,1.8000989990234375,-4.13170703125,2.5099110830472826
1758544350.59871,target,1,0.3839703063964844,3.1080029296875,-2.2449670346329675
1758544350.59871,target,2,2.320350341796875,1.445397705078125,0.6156212444307333
1758544350.59871,target,3,1.667030029296875,-3.6636435546875,-0.351848387684808
1758544350.59871,target,4,-2.13222314453125,1.3454027099609376,-1.5587487186555962
1758544350.59871,target,5,-0.4205358581542969,-3.24263330078125,3.113296300691592
1758544350.618736,herder,1,-2.30438134765625,0.10663296508789062,0.8991889780850543
1758544350.618736,herder,2,1.7974420166015626,-4.13086376953125,2.490572538791672
1758544350.618736,target,1,0.3839522705078125,3.1080419921875,-2.2446775490224757
1758544350.618736,target,2,2.32034765625,1.445379150390625,0.6152042599830542
1758544350.618736,target,3,1.666736328125,-3.665765869140625,-0.3843784343469351
1758544350.618736,target,4,-2.13226318359375,1.3454371337890625,-1.56097711869772
1758544350.618736,target,5,-0.4205604553222656,-3.2426142578125,3.114088324799782
1758544350.6387422,herder,1,-2.30060107421875,0.11175584411621094,0.899200829151905
1758544350.6387422,herder,2,1.794611572265625,-4.12949462890625,2.4697849685869495
1758544350.6387422,target,1,0.38395895385742185,3.108017578125,-2.2446908648279265
1758544350.6387422,target,2,2.320358642578125,1.44539599609375,0.6150009942128539
1758544350.6387422,target,3,1.6670953369140624,-3.6678427734375,-0.4158719121337761
1758544350.6387422,target,4,-2.132215087890625,1.345397216796875,-1.5597793619974567
1758544350.6387422,target,5,-0.4205511474609375,-3.24263037109375,3.113816416052485
1758544350.6587276,herder,1,-2.2966787109375,0.11781856536865234,0.8980824346521263
1758544350.6587276,herder,2,1.7918011474609374,-4.127986328125,2.4486993906562473
1758544350.6587276,target,1,0.38394345092773435,3.108028076171875,-2.244212561096148
1758544350.6587276,target,2,2.320334228515625,1.4453739013671876,0.6165503547560347
1758544350.6587276,target,3,1.66745751953125,-3.6705126953125,-0.4567717747593179
1758544350.6587276,target,4,-2.132395751953125,1.345351318359375,-1.5578826586691024
1758544350.6587276,target,5,-0.4205353393554688,-3.242613525390625,3.113633456885596
1758544350.678722,herder,1,-2.293508544921875,0.1230201416015625,0.896315760163995
1758544350.678722,herder,2,1.789681640625,-4.1272529296875,2.42969826891075
1758544350.678722,target,1,0.3839678039550781,3.10802880859375,-2.2449763556967826
1758544350.678722,target,2,2.320341796875,1.445350341796875,0.6163619361089117
1758544350.678722,target,3,1.6675736083984376,-3.67318505859375,-0.4996659788566792
1758544350.678722,target,4,-2.1322080078125,1.3452432861328125,-1.5583564350270274
1758544350.678722,target,5,-0.4205602111816406,-3.2426103515625,3.1138369223928786
1758544350.698664,herder,1,-2.291034912109375,0.12669487762451173,0.8964054421137034
1758544350.698664,herder,2,1.7871600341796876,-4.12567529296875,2.4097940692396067
1758544350.698664,target,1,0.38394842529296874,3.108034423828125,-2.2450008567788116
1758544350.698664,target,2,2.320341796875,1.445385009765625,0.6156482755157977
1758544350.698664,target,3,1.6676778564453125,-3.676449462890625,-0.5442881084483111
1758544350.698664,target,4,-2.1325849609375,1.3453218994140625,-1.5606195893213768
1758544350.698664,target,5,-0.4205587768554688,-3.2426201171875,3.1142017754622193
1758544350.71864,herder,1,-2.287005126953125,0.13161839294433594,0.8956337911878529
1758544350.71864,herder,2,1.78453076171875,-4.12394873046875,2.3896773493134753
1758544350.71864,target,1,0.38395147705078125,3.108040771484375,-2.244984078863944
1758544350.71864,target,2,2.320348388671875,1.4453983154296874,0.6149670389089554
1758544350.71864,target,3,1.6679677734375,-3.6793232421875,-0.5945929244634677
1758544350.71864,target,4,-2.132455078125,1.3453634033203126,-1.5615097509157359
1758544350.71864,target,5,-0.4205496520996094,-3.242627197265625,3.1138062960403423
1758544350.738747,herder,1,-2.283068115234375,0.13732623291015625,0.8960230787601953
1758544350.738747,herder,2,1.78217919921875,-4.12299560546875,2.367555269086514
1758544350.738747,target,1,0.3839638366699219,3.108013427734375,-2.2447084416911207
1758544350.738747,target,2,2.320365234375,1.4454193115234375,0.6153537964782622
1758544350.738747,target,3,1.6689085693359376,-3.68247607421875,-0.6453363298206467
1758544350.738747,target,4,-2.1323818359375,1.345336181640625,-1.5585051725739083
1758544350.738747,target,5,-0.420556640625,-3.24262744140625,3.1138457108244757
1758544350.7585893,herder,1,-2.278912109375,0.1424680633544922,0.8962933896108383
1758544350.7585893,herder,2,1.7793277587890626,-4.12112060546875,2.3461658244754333
1758544350.7585893,target,1,0.3839468688964844,3.108026123046875,-2.244378209715951
1758544350.7585893,target,2,2.320382080078125,1.445453857421875,0.6150864816838454
1758544350.7585893,target,3,1.669611083984375,-3.685923095703125,-0.702580444819682
1758544350.7585893,target,4,-2.132576416015625,1.34529443359375,-1.5548089712969875
1758544350.7585893,target,5,-0.42054281616210937,-3.242641845703125,3.114202308094437
1758544350.7786784,herder,1,-2.275487548828125,0.1474988708496094,0.8956532322638106
1758544350.7786784,herder,2,1.776431640625,-4.119138671875,2.3220567597591644
1758544350.7786784,target,1,0.3839720153808594,3.108014404296875,-2.244607507885807
1758544350.7786784,target,2,2.320390380859375,1.4454178466796874,0.6157919530566074
1758544350.7786784,target,3,1.670246337890625,-3.6897900390625,-0.7532071371420882
1758544350.7786784,target,4,-2.132446533203125,1.3453489990234375,-1.5562528040819739
1758544350.7786784,target,5,-0.42055474853515623,-3.242626220703125,3.1141847312312425
1758544350.7985928,herder,1,-2.27235693359375,0.15177784729003907,0.8944860353370561
1758544350.7985928,herder,2,1.77367626953125,-4.1174384765625,2.2980235951339623
1758544350.7985928,target,1,0.3839597778320312,3.108046630859375,-2.245454393112452
1758544350.7985928,target,2,2.3203603515625,1.4453800048828125,0.6146572466951519
1758544350.7985928,target,3,1.671272216796875,-3.693421875,-0.8113330247780487
1758544350.7985928,target,4,-2.13235546875,1.345410888671875,-1.5582500417414789
1758544350.7985928,target,5,-0.420510986328125,-3.24263623046875,3.1129985592817215
1758544350.818715,herder,1,-2.26884912109375,0.15697817993164062,0.8934204380058881
1758544350.818715,herder,2,1.7709566650390625,-4.11530908203125,2.272957124005809
1758544350.818715,target,1,0.3839473876953125,3.10800732421875,-2.2453577203648822
1758544350.818715,target,2,2.32032373046875,1.4453590087890624,0.614813707409194
1758544350.818715,target,3,1.672430419921875,-3.69711083984375,-0.8643523010237822
1758544350.818715,target,4,-2.132263427734375,1.34548291015625,-1.5624666246954013
1758544350.818715,target,5,-0.4205635986328125,-3.242679931640625,3.114637734932665
1758544350.8386924,herder,1,-2.264817626953125,0.16277008056640624,0.8927932635691744
1758544350.8386924,herder,2,1.7684400634765625,-4.11291650390625,2.2504416948858434
1758544350.8386924,target,1,0.383965576171875,3.108011474609375,-2.244951321982536
1758544350.8386924,target,2,2.32031591796875,1.4453848876953126,0.6147783539457232
1758544350.8386924,target,3,1.673260986328125,-3.700660400390625,-0.9087504587677384
1758544350.8386924,target,4,-2.132161376953125,1.3453431396484374,-1.5587021133365198
1758544350.8386924,target,5,-0.4205469055175781,-3.242621337890625,3.11379883918929
1758544350.858776,herder,1,-2.261364013671875,0.16722550964355468,0.8933954042916413
1758544350.858776,herder,2,1.7664295654296875,-4.1112646484375,2.2279205399695337
1758544350.858776,target,1,0.3839532470703125,3.108031982421875,-2.2447739554539368
1758544350.858776,target,2,2.320354736328125,1.4453929443359375,0.6145276173290923
1758544350.858776,target,3,1.6724736328125,-3.705943603515625,-0.9468135554896414
1758544350.858776,target,4,-2.132105224609375,1.3452197265625,-1.5570663997949932
1758544350.858776,target,5,-0.42055999755859375,-3.24261279296875,3.1146374686165563
1758544350.878673,herder,1,-2.2585205078125,0.1712314453125,0.8935747016120309
1758544350.878673,herder,2,1.7644656982421876,-4.10994384765625,2.20858958572303
1758544350.878673,target,1,0.38398687744140625,3.108019775390625,-2.2450743600248977
1758544350.878673,target,2,2.3203583984375,1.445408935546875,0.6157499416904114
1758544350.878673,target,3,1.67222900390625,-3.711266357421875,-0.981207814914824
1758544350.878673,target,4,-2.13221337890625,1.3454027099609376,-1.5595073200921052
1758544350.878673,target,5,-0.420537841796875,-3.24265576171875,3.113819611845793
1758544350.8987987,herder,1,-2.254513916015625,0.1766508331298828,0.8934904125635299
1758544350.8987987,herder,2,1.7628828125,-4.10872802734375,2.186070960809756
1758544350.8987987,target,1,0.3839730224609375,3.10800830078125,-2.244786738627169
1758544350.8987987,target,2,2.320375732421875,1.445407470703125,0.6153502677898178
1758544350.8987987,target,3,1.67159033203125,-3.71538232421875,-1.0114745741245474
1758544350.8987987,target,4,-2.132950927734375,1.3453719482421875,-1.5500922466903482
1758544350.8987987,target,5,-0.4205638427734375,-3.2426181640625,3.1148800825918626
1758544350.91867,herder,1,-2.250453857421875,0.18211611938476563,0.8928868736814907
1758544350.91867,herder,2,1.76191259765625,-4.108248046875,2.1657202821818613
1758544350.91867,target,1,0.38396640014648437,3.10802099609375,-2.24478380914997
1758544350.91867,target,2,2.3203583984375,1.445372314453125,0.6146888051540693
1758544350.91867,target,3,1.6715101318359376,-3.720432373046875,-1.0369973779054853
1758544350.91867,target,4,-2.132702392578125,1.345321533203125,-1.5525037390574148
1758544350.91867,target,5,-0.4205191345214844,-3.242611083984375,3.113817215000812
1758544350.9387672,herder,1,-2.247480712890625,0.18669337463378907,0.8930412038666607
1758544350.9387672,herder,2,1.7612406005859376,-4.1082041015625,2.1446845053635433
1758544350.9387672,target,1,0.38398941040039064,3.10803955078125,-2.245109247435178
1758544350.9387672,target,2,2.32033154296875,1.44542724609375,0.6164699272911144
1758544350.9387672,target,3,1.6705302734375,-3.72512890625,-1.0575214283203445
1758544350.9387672,target,4,-2.13283203125,1.3454041748046874,-1.5535325181865125
1758544350.9387672,target,5,-0.4205234680175781,-3.242652587890625,3.113759424405157
1758544350.9587467,herder,1,-2.24392724609375,0.1906718444824219,0.8907553461240185
1758544350.9587467,herder,2,1.760669921875,-4.10810205078125,2.1237260933748923
1758544350.9587467,target,1,0.3839543151855469,3.10800927734375,-2.2442013758195696
1758544350.9587467,target,2,2.320321044921875,1.4454039306640625,0.6145176304750045
1758544350.9587467,target,3,1.669565673828125,-3.730983154296875,-1.07460567329223
1758544350.9587467,target,4,-2.13281591796875,1.3450889892578124,-1.5622648902428278
1758544350.9587467,target,5,-0.42055215454101563,-3.242619873046875,3.114269153437798
1758544350.9786208,herder,1,-2.240237060546875,0.1960785675048828,0.890684639197077
1758544350.9786208,herder,2,1.7603162841796876,-4.1082578125,2.106913291097113
1758544350.9786208,target,1,0.3839596252441406,3.10800537109375,-2.2446237531684563
1758544350.9786208,target,2,2.320387451171875,1.445386474609375,0.6158676534105929
1758544350.9786208,target,3,1.668910400390625,-3.73635302734375,-1.09388389694915
1758544350.9786208,target,4,-2.132575439453125,1.3451944580078126,-1.5610443635152444
1758544350.9786208,target,5,-0.42053936767578126,-3.2426298828125,3.1136030968491695
1758544350.9986227,herder,1,-2.23632177734375,0.2009627227783203,0.8904288425743748
1758544350.9986227,herder,2,1.759969970703125,-4.108458984375,2.090115668837547
1758544350.9986227,target,1,0.38395486450195315,3.1080205078125,-2.244787271259387
1758544350.9986227,target,2,2.320345703125,1.44538916015625,0.6142980528431274
1758544350.9986227,target,3,1.6678077392578126,-3.741849365234375,-1.1121433949100876
1758544350.9986227,target,4,-2.1325927734375,1.345254638671875,-1.559994545413535
1758544350.9986227,target,5,-0.4205433654785156,-3.242625244140625,3.1136217389768
1758544351.0186853,herder,1,-2.23337451171875,0.20517137145996095,0.8920243423834413
1758544351.0186853,herder,2,1.759589599609375,-4.1082607421875,2.0757364631638824
1758544351.0186853,target,1,0.38398141479492187,3.108000244140625,-2.2455870185347377
1758544351.0186853,target,2,2.320353759765625,1.4453719482421874,0.6148637748376876
1758544351.0186853,target,3,1.6667188720703126,-3.74801806640625,-1.1273547052663477
1758544351.0186853,target,4,-2.132496337890625,1.34530029296875,-1.5576289925752722
1758544351.0186853,target,5,-0.4205429382324219,-3.242614013671875,3.113856629784945
1758544351.0388498,herder,1,-2.2302177734375,0.21021975708007812,0.892115688808831
1758544351.0388498,herder,2,1.7594412841796876,-4.1091474609375,2.0617836295807392
1758544351.0388498,target,1,0.38395541381835935,3.1080322265625,-2.244876220839796
1758544351.0388498,target,2,2.320364990234375,1.4454222412109374,0.6164332422470985
1758544351.0388498,target,3,1.66588671875,-3.754040771484375,-1.1375387664328651
1758544351.0388498,target,4,-2.132544189453125,1.345191650390625,-1.563347198909836
1758544351.0388498,target,5,-0.4205631103515625,-3.242636962890625,3.1136781979919097
1758544351.0586221,herder,1,-2.22630517578125,0.21575927734375,0.8908161327758995
1758544351.0586221,herder,2,1.75961279296875,-4.1104677734375,2.047031315038354
1758544351.0586221,target,1,0.38394842529296874,3.108033203125,-2.2444013792174347
1758544351.0586221,target,2,2.3203779296875,1.445382568359375,0.6162178590939383
1758544351.0586221,target,3,1.6645576171875,-3.76024267578125,-1.1483077909328185
1758544351.0586221,target,4,-2.1327060546875,1.3451591796875,-1.5615096177576813
1758544351.0586221,target,5,-0.4205557861328125,-3.2426259765625,3.113990320471667
1758544351.0786405,herder,1,-2.22295703125,0.2207563171386719,0.8905805095984548
1758544351.0786405,herder,2,1.7596632080078125,-4.1111162109375,2.0323704800794133
1758544351.0786405,target,1,0.3839445190429687,3.108037841796875,-2.2445747510043987
1758544351.0786405,target,2,2.32037548828125,1.4454058837890624,0.6160733160257743
1758544351.0786405,target,3,1.662841064453125,-3.766629638671875,-1.1598524611002576
1758544351.0786405,target,4,-2.13267919921875,1.345188720703125,-1.559446466861197
1758544351.0786405,target,5,-0.42055172729492185,-3.242654052734375,3.1135700736516525
1758544351.0985835,herder,1,-2.2203232421875,0.224037841796875,0.8899970775826457
1758544351.0985835,herder,2,1.7598985595703125,-4.11247607421875,2.020367213572263
1758544351.0985835,target,1,0.3839434204101563,3.108005615234375,-2.244482605630682
1758544351.0985835,target,2,2.320345703125,1.4453846435546875,0.6161779116775872
1758544351.0985835,target,3,1.66117138671875,-3.773049560546875,-1.1671600419733805
1758544351.0985835,target,4,-2.13248388671875,1.3452376708984375,-1.5601206460911505
1758544351.0985835,target,5,-0.42056271362304687,-3.242639404296875,3.1134305240105324
1758544351.1186368,herder,1,-2.216805908203125,0.22914515686035156,0.8897244364660488
1758544351.1186368,herder,2,1.7602734375,-4.11386865234375,2.007980185552032
1758544351.1186368,target,1,0.384000732421875,3.1079716796875,-2.245289277124867
1758544351.1186368,target,2,2.32035595703125,1.4454111328125,0.6151286262080959
1758544351.1186368,target,3,1.6599443359375,-3.779759521484375,-1.1756178421213086
1758544351.1186368,target,4,-2.13233935546875,1.345247802734375,-1.5589057120018563
1758544351.1186368,target,5,-0.4205736999511719,-3.24263330078125,3.1137431791225074
1758544351.1386821,herder,1,-2.21248681640625,0.2344462432861328,0.8904661934086632
1758544351.1386821,herder,2,1.76071533203125,-4.11552880859375,1.9969724086603529
1758544351.1386821,target,1,0.38395913696289063,3.108010498046875,-2.244173945260342
1758544351.1386821,target,2,2.320317138671875,1.4453515625,0.6150519937477289
1758544351.1386821,target,3,1.6585986328125,-3.786300537109375,-1.1823959865697238
1758544351.1386821,target,4,-2.1320888671875,1.3451968994140624,-1.558647518534173
1758544351.1386821,target,5,-0.4205666198730469,-3.242647705078125,3.1132619459135302
1758544351.1587155,herder,1,-2.208595703125,0.23975117492675782,0.8911593476613836
1758544351.1587155,herder,2,1.7613431396484376,-4.1177060546875,1.986373160679892
1758544351.1587155,target,1,0.38396368408203124,3.108042236328125,-2.244711104852211
1758544351.1587155,target,2,2.320379638671875,1.445415283203125,0.6154442107972703
1758544351.1587155,target,3,1.6575089111328125,-3.792965087890625,-1.1867474586328588
1758544351.1587155,target,4,-2.132588134765625,1.34519189453125,-1.5637900825991162
1758544351.1587155,target,5,-0.4205703430175781,-3.242644775390625,3.1137242706787682
1758544351.1786852,herder,1,-2.2051806640625,0.24458456420898436,0.8901028050779218
1758544351.1786852,herder,2,1.7620465087890624,-4.1196435546875,1.9780096364345525
1758544351.1786852,target,1,0.3839564819335938,3.1080224609375,-2.2447947281104392
1758544351.1786852,target,2,2.320362548828125,1.4454212646484375,0.6145133694172604
1758544351.1786852,target,3,1.6560380859375,-3.79942138671875,-1.1930736646442874
1758544351.1786852,target,4,-2.132580078125,1.3453369140625,-1.5630807496427734
1758544351.1786852,target,5,-0.4205577392578125,-3.242653564453125,3.113793246551001
1758544351.1986766,herder,1,-2.202660888671875,0.2488430633544922,0.8906402309858998
1758544351.1986766,herder,2,1.7630283203125,-4.1221103515625,1.9705651690813997
1758544351.1986766,target,1,0.3839428405761719,3.108032470703125,-2.2448027175937098
1758544351.1986766,target,2,2.320337646484375,1.4454000244140626,0.6156723105446357
1758544351.1986766,target,3,1.6544981689453124,-3.806944580078125,-1.1955703781662368
1758544351.1986766,target,4,-2.1326787109375,1.3452056884765624,-1.5564934206864625
1758544351.1986766,target,5,-0.42054119873046875,-3.24262158203125,3.113519207274832
1758544351.2186854,herder,1,-2.19872314453125,0.2536592407226563,0.8909183315827314
1758544351.2186854,herder,2,1.764394287109375,-4.12474853515625,1.9634265657794423
1758544351.2186854,target,1,0.3839688720703125,3.1080244140625,-2.244651183727684
1758544351.2186854,target,2,2.3203447265625,1.445359619140625,0.6155434801269031
1758544351.2186854,target,3,1.6523563232421874,-3.8140654296875,-1.200381644991574
1758544351.2186854,target,4,-2.13260888671875,1.34525830078125,-1.5573465643416695
1758544351.2186854,target,5,-0.4205535583496094,-3.242637939453125,3.1137176127760426
1758544351.23873,herder,1,-2.194440673828125,0.25960888671875,0.8927848746117407
1758544351.23873,herder,2,1.765384033203125,-4.12738818359375,1.9562501455900057
1758544351.23873,target,1,0.3839679565429687,3.108017822265625,-2.2448067123353446
1758544351.23873,target,2,2.32033251953125,1.4453553466796876,0.6155902851830611
1758544351.23873,target,3,1.6508419189453125,-3.820886962890625,-1.2033325606374363
1758544351.23873,target,4,-2.13250244140625,1.3453564453125,-1.5576914437028346
1758544351.23873,target,5,-0.42055636596679685,-3.242615966796875,3.113760489669593
1758544351.259407,herder,1,-2.1907783203125,0.26449032592773436,0.8934149785256534
1758544351.259407,herder,2,1.766791259765625,-4.131064453125,1.9496441745060642
1758544351.259407,target,1,0.3839428405761719,3.108036376953125,-2.244921228262218
1758544351.259407,target,2,2.32035009765625,1.445366943359375,0.6153802283520812
1758544351.259407,target,3,1.6497034912109374,-3.82773779296875,-1.2020989844205117
1758544351.259407,target,4,-2.132437255859375,1.3454141845703125,-1.556478773300467
1758544351.259407,target,5,-0.420556396484375,-3.242635009765625,3.1139786025628706
1758544351.2787073,herder,1,-2.188035400390625,0.2684998779296875,0.8958880564929282
1758544351.2787073,herder,2,1.76796484375,-4.13407958984375,1.9450297152852838
1758544351.2787073,target,1,0.3839762268066406,3.108021728515625,-2.2450421357757078
1758544351.2787073,target,2,2.320366455078125,1.44536962890625,0.6147927350156097
1758544351.2787073,target,3,1.6479302978515624,-3.8342841796875,-1.202921634881237
1758544351.2787073,target,4,-2.132527587890625,1.3454559326171875,-1.5579857230032885
1758544351.2787073,target,5,-0.4205559387207031,-3.24263134765625,3.1133391775851424
1758544351.2986767,herder,1,-2.185087646484375,0.27304193115234376,0.8963348683448163
1758544351.2986767,herder,2,1.76897705078125,-4.13703173828125,1.9409090061306042
1758544351.2986767,target,1,0.3839823608398438,3.108024658203125,-2.244581675223233
1758544351.2986767,target,2,2.32035791015625,1.445404052734375,0.6151810239025433
1758544351.2986767,target,3,1.6465855712890625,-3.84250439453125,-1.2044807825414239
1758544351.2986767,target,4,-2.132436767578125,1.345451416015625,-1.557418336533047
1758544351.2986767,target,5,-0.4205513610839844,-3.242638671875,3.113395370284143
1758544351.3187044,herder,1,-2.181406494140625,0.2784898376464844,0.8959307336493968
1758544351.3187044,herder,2,1.770609375,-4.14124755859375,1.9371520847808295
1758544351.3187044,target,1,0.38396502685546874,3.10802197265625,-2.244688734299054
1758544351.3187044,target,2,2.320312744140625,1.4453861083984374,0.6145726247515146
1758544351.3187044,target,3,1.64459423828125,-3.8493642578125,-1.2067424720971738
1758544351.3187044,target,4,-2.132548583984375,1.3453779296875,-1.5574256602260448
1758544351.3187044,target,5,-0.42055889892578124,-3.242614990234375,3.114097379547488
1758544351.338682,herder,1,-2.1774013671875,0.28410940551757813,0.8958861922801652
1758544351.338682,herder,2,1.7720777587890626,-4.145158203125,1.9346889270886152
1758544351.338682,target,1,0.3839581298828125,3.108036865234375,-2.2453689056414605
1758544351.338682,target,2,2.320377685546875,1.4454395751953124,0.6144537811878699
1758544351.338682,target,3,1.6427568359375,-3.856489501953125,-1.2100419955297275
1758544351.338682,target,4,-2.1328125,1.3453380126953125,-1.5511183626583556
1758544351.338682,target,5,-0.42055157470703125,-3.242618408203125,3.1139112245872917
1758544351.3592381,herder,1,-2.174318359375,0.2874342956542969,0.8949644722268888
1758544351.3592381,herder,2,1.7736746826171874,-4.14937841796875,1.9330371014224934
1758544351.3592381,target,1,0.3839989929199219,3.10798583984375,-2.2449390714415216
1758544351.3592381,target,2,2.3203388671875,1.445433837890625,0.6157489430050026
1758544351.3592381,target,3,1.640985107421875,-3.86326123046875,-1.209814961046798
1758544351.3592381,target,4,-2.132600830078125,1.345270751953125,-1.549419532198994
1758544351.3592381,target,5,-0.42054425048828126,-3.24264599609375,3.114083797425929
1758544351.378706,herder,1,-2.170923095703125,0.292430908203125,0.8953143450150979
1758544351.378706,herder,2,1.7758790283203125,-4.15469189453125,1.929453551859683
1758544351.378706,target,1,0.38394378662109374,3.108029541015625,-2.2447364048825666
1758544351.378706,target,2,2.320320068359375,1.4453994140625,0.6156840950324592
1758544351.378706,target,3,1.639263916015625,-3.871114501953125,-1.2105364113861006
1758544351.378706,target,4,-2.132763671875,1.345340087890625,-1.5508215533548664
1758544351.378706,target,5,-0.4205458679199219,-3.24264208984375,3.1137365212197823
1758544351.3985665,herder,1,-2.166318603515625,0.29775653076171876,0.8941538059910686
1758544351.3985665,herder,2,1.7777216796875,-4.15984765625,1.9292700600605763
1758544351.3985665,target,1,0.38396774291992186,3.10801904296875,-2.2446032468280626
1758544351.3985665,target,2,2.320359619140625,1.4453995361328125,0.6153002669403516
1758544351.3985665,target,3,1.6375335693359374,-3.87855419921875,-1.2088590193735143
1758544351.3985665,target,4,-2.13260107421875,1.3453358154296875,-1.5531599419500104
1758544351.3985665,target,5,-0.42054708862304685,-3.242621337890625,3.113717879092152
1758544351.418631,herder,1,-2.163234375,0.30327044677734377,0.8926006504433345
1758544351.418631,herder,2,1.779630615234375,-4.16478857421875,1.9297805880415446
1758544351.418631,target,1,0.3839906921386719,3.108012451171875,-2.2455273637263202
1758544351.418631,target,2,2.32035546875,1.445431884765625,0.6144788814811438
1758544351.418631,target,3,1.6354942626953124,-3.8858076171875,-1.2074158523788003
1758544351.418631,target,4,-2.132437255859375,1.345327880859375,-1.555781957201248
1758544351.418631,target,5,-0.42057290649414064,-3.24262744140625,3.1145839390786456
1758544351.4387488,herder,1,-2.160609619140625,0.30760894775390624,0.8904986839739621
1758544351.4387488,herder,2,1.781735107421875,-4.1702041015625,1.9279095842177094
1758544351.4387488,target,1,0.38401226806640626,3.1079970703125,-2.2455033952765096
1758544351.4387488,target,2,2.32036669921875,1.4453465576171876,0.6160773107674095
1758544351.4387488,target,3,1.6338348388671875,-3.8937470703125,-1.2092841930415454
1758544351.4387488,target,4,-2.132498046875,1.3453900146484374,-1.5572425679011017
1758544351.4387488,target,5,-0.42055364990234373,-3.24262841796875,3.113460351414741
1758544351.4586892,herder,1,-2.157044677734375,0.3125153503417969,0.889955665427695
1758544351.4586892,herder,2,1.783988525390625,-4.175931640625,1.9258190027619972
1758544351.4586892,target,1,0.3839477844238281,3.108032470703125,-2.2449611756785695
1758544351.4586892,target,2,2.320364013671875,1.4454205322265625,0.6159323016460546
1758544351.4586892,target,3,1.6315848388671874,-3.901005615234375,-1.2095475796733541
1758544351.4586892,target,4,-2.132518798828125,1.3453699951171876,-1.5572211294543268
1758544351.4586892,target,5,-0.4205428466796875,-3.24263134765625,3.1131945679379514
1758544351.4788868,herder,1,-2.15502783203125,0.3151073303222656,0.8905310413812066
1758544351.4788868,herder,2,1.78527001953125,-4.17858935546875,1.9265064977974011
1758544351.4788868,target,1,0.3839344177246094,3.108041015625,-2.2447025827367226
1758544351.4788868,target,2,2.320345458984375,1.445344970703125,0.6154354223656731
1758544351.4788868,target,3,1.630844970703125,-3.90446875,-1.207158724175553
1758544351.4788868,target,4,-2.132481689453125,1.3454080810546876,-1.5579830598421984
1758544351.4788868,target,5,-0.4205354309082031,-3.242609375,3.1131218636401923
1758544351.4987292,herder,1,-2.149536865234375,0.32192523193359374,0.8923620977886906
1758544351.4987292,herder,2,1.78841259765625,-4.187119140625,1.9245967449797055
1758544351.4987292,target,1,0.38394827270507814,3.108021484375,-2.243937190239434
1758544351.4987292,target,2,2.32034228515625,1.4453441162109375,0.6150785587796025
1758544351.4987292,target,3,1.628263427734375,-3.915785888671875,-1.20621463356912
1758544351.4987292,target,4,-2.1325068359375,1.3453619384765625,-1.5559787648058048
1758544351.4987292,target,5,-0.42053158569335936,-3.242625,3.1133783260531667
1758544351.518631,herder,1,-2.14596435546875,0.3264354248046875,0.8941639260032109
1758544351.518631,herder,2,1.79047412109375,-4.19247705078125,1.924634961341348
1758544351.518631,target,1,0.3839599304199219,3.108030029296875,-2.2447577101712874
1758544351.518631,target,2,2.320343994140625,1.445367431640625,0.6163369689736922
1758544351.518631,target,3,1.626568115234375,-3.9228564453125,-1.2040156614570416
1758544351.518631,target,4,-2.1323037109375,1.3452237548828125,-1.55852088522434
1758544351.518631,target,5,-0.42057553100585937,-3.242593017578125,3.1148822131207345
1758544351.538764,herder,1,-2.14230078125,0.33177093505859373,0.8943003464300503
1758544351.538764,herder,2,1.7930596923828126,-4.1990771484375,1.9207426182501428
1758544351.538764,target,1,0.38392425537109376,3.1080380859375,-2.245181951732937
1758544351.538764,target,2,2.320369140625,1.4454229736328126,0.6157005400521904
1758544351.538764,target,3,1.62461767578125,-3.93013623046875,-1.204532847340735
1758544351.538764,target,4,-2.132353271484375,1.3452772216796876,-1.562188324361488
1758544351.538764,target,5,-0.420527099609375,-3.2426220703125,3.114238260769153
1758544351.558653,herder,1,-2.13889990234375,0.33678250122070313,0.8941353636005198
1758544351.558653,herder,2,1.7950931396484375,-4.20448681640625,1.9201778949409913
1758544351.558653,target,1,0.3839611206054688,3.108029052734375,-2.2454304246626413
1758544351.558653,target,2,2.320348388671875,1.4453875732421875,0.6155783675371831
1758544351.558653,target,3,1.6228372802734374,-3.937743896484375,-1.2022771498974378
1758544351.558653,target,4,-2.132278076171875,1.34528564453125,-1.563685420368276
1758544351.558653,target,5,-0.420536376953125,-3.242635986328125,3.113727466472076
1758544351.579117,herder,1,-2.1356376953125,0.34184515380859376,0.8930204312101582
1758544351.579117,herder,2,1.7970419921875,-4.2090703125,1.91719715189092
1758544351.579117,target,1,0.3839869079589844,3.108017822265625,-2.2448706282015065
1758544351.579117,target,2,2.320363037109375,1.44539208984375,0.6148899403953976
1758544351.579117,target,3,1.6205743408203126,-3.94501123046875,-1.1963661306999525
1758544351.579117,target,4,-2.132219482421875,1.345326416015625,-1.5603350305589019
1758544351.579117,target,5,-0.420547119140625,-3.2425947265625,3.1140811342648385
1758544351.5987356,herder,1,-2.132289794921875,0.3465055236816406,0.8923132953617149
1758544351.5987356,herder,2,1.79884716796875,-4.2139248046875,1.9082784917163538
1758544351.5987356,target,1,0.38395416259765625,3.108044677734375,-2.245078354766533
1758544351.5987356,target,2,2.32035546875,1.445389892578125,0.6152112507809157
1758544351.5987356,target,3,1.6193533935546875,-3.952459228515625,-1.1917001393120792
1758544351.5987356,target,4,-2.13244091796875,1.3453656005859376,-1.5641228445773214
1758544351.5987356,target,5,-0.4205225830078125,-3.242619873046875,3.113754098082977
1758544351.6186736,herder,1,-2.128505615234375,0.35150341796875,0.8926672960496137
1758544351.6186736,herder,2,1.800866455078125,-4.21922509765625,1.9053149260553137
1758544351.6186736,target,1,0.3839644165039062,3.108010009765625,-2.2451220306084103
1758544351.6186736,target,2,2.32036572265625,1.4454190673828125,0.6155710438441854
1758544351.6186736,target,3,1.6174056396484375,-3.959689208984375,-1.1855715398535343
1758544351.6186736,target,4,-2.132385009765625,1.345267333984375,-1.5550937963755713
1758544351.6186736,target,5,-0.42055300903320314,-3.242598388671875,3.113858227681599
1758544351.638988,herder,1,-2.124681640625,0.35641921997070314,0.8937305631148278
1758544351.638988,herder,2,1.8026929931640625,-4.22501123046875,1.9026496344363624
1758544351.638988,target,1,0.38396319580078125,3.108042236328125,-2.2447076427427937
1758544351.638988,target,2,2.3203486328125,1.445388427734375,0.6152502660908853
1758544351.638988,target,3,1.6151524658203125,-3.967337158203125,-1.1860009745793096
1758544351.638988,target,4,-2.132385986328125,1.3452359619140626,-1.5593998615421205
1758544351.638988,target,5,-0.42055780029296874,-3.242600830078125,3.1138036328792524
1758544351.658761,herder,1,-2.121235595703125,0.360931640625,0.8954580225559077
1758544351.658761,herder,2,1.804387939453125,-4.229369140625,1.8976711210945683
1758544351.658761,target,1,0.3839466247558594,3.108040771484375,-2.244913505095057
1758544351.658761,target,2,2.3203408203125,1.44537646484375,0.6159633274727541
1758544351.658761,target,3,1.6127738037109376,-3.975060791015625,-1.1790312156904632
1758544351.658761,target,4,-2.1326484375,1.34536962890625,-1.5549542467344513
1758544351.658761,target,5,-0.42054660034179686,-3.242621826171875,3.1138054970920153
1758544351.678713,herder,1,-2.117942626953125,0.3655394287109375,0.895529728168258
1758544351.678713,herder,2,1.805571044921875,-4.23323828125,1.8937384311128482
1758544351.678713,target,1,0.3839829406738281,3.107993896484375,-2.2448602418732553
1758544351.678713,target,2,2.3203583984375,1.4454154052734376,0.6155497385554647
1758544351.678713,target,3,1.61080712890625,-3.982513671875,-1.1795293599723626
1758544351.678713,target,4,-2.132900146484375,1.3453939208984376,-1.551940746802972
1758544351.678713,target,5,-0.42052960205078127,-3.24261474609375,3.1134305240105324
1758544351.6985757,herder,1,-2.114269775390625,0.37075079345703127,0.8950393736325473
1758544351.6985757,herder,2,1.8076102294921874,-4.23887744140625,1.8891423477035896
1758544351.6985757,target,1,0.38401290893554685,3.10799609375,-2.244914304043384
1758544351.6985757,target,2,2.320343994140625,1.445399658203125,0.6149406736141636
1758544351.6985757,target,3,1.6089774169921875,-3.98991845703125,-1.1767531476940094
1758544351.6985757,target,4,-2.132797119140625,1.3453724365234374,-1.5532323799316605
1758544351.6985757,target,5,-0.4205416564941406,-3.242619384765625,3.1130124077193897
1758544351.718701,herder,1,-2.110666015625,0.37550872802734375,0.8943701212506103
1758544351.718701,herder,2,1.8091068115234374,-4.244259765625,1.8854115253324975
1758544351.718701,target,1,0.3839595031738281,3.108015380859375,-2.244481274050137
1758544351.718701,target,2,2.320309814453125,1.445364013671875,0.615794216743534
1758544351.718701,target,3,1.6064632568359376,-3.9968662109375,-1.176077370567402
1758544351.718701,target,4,-2.132580322265625,1.3453553466796875,-1.5543839307870109
1758544351.718701,target,5,-0.4205457153320312,-3.24259619140625,3.113859292946035
1758544351.7386615,herder,1,-2.107343994140625,0.38013796997070315,0.8950025554304769
1758544351.7386615,herder,2,1.8103131103515624,-4.24881591796875,1.8796062336302883
1758544351.7386615,target,1,0.38395071411132814,3.108008544921875,-2.2444189560806294
1758544351.7386615,target,2,2.320382568359375,1.44538427734375,0.6158241107267701
1758544351.7386615,target,3,1.604854736328125,-4.004220947265625,-1.1707365341593023
1758544351.7386615,target,4,-2.132306396484375,1.3452177734375,-1.5553942009465322
1758544351.7386615,target,5,-0.4205533142089844,-3.24260791015625,3.1138126876269587
1758544351.7586067,herder,1,-2.10361962890625,0.385190185546875,0.8944125986699971
1758544351.7586067,herder,2,1.8122825927734374,-4.253884765625,1.8735439468828863
1758544351.7586067,target,1,0.38395831298828126,3.108056884765625,-2.245079686347078
1758544351.7586067,target,2,2.320331787109375,1.445393798828125,0.6145316120707275
1758544351.7586067,target,3,1.6020621337890626,-4.011142822265625,-1.170570219749227
1758544351.7586067,target,4,-2.13224853515625,1.3452471923828124,-1.5564675880238887
1758544351.7586067,target,5,-0.4205579833984375,-3.24263818359375,3.113391375542508
1758544351.7787087,herder,1,-2.100138916015625,0.39035638427734376,0.8927737559141896
1758544351.7787087,herder,2,1.81408349609375,-4.259369140625,1.8706152686321262
1758544351.7787087,target,1,0.3839528503417969,3.1080029296875,-2.245040005246836
1758544351.7787087,target,2,2.320361328125,1.4454127197265625,0.615181756271843
1758544351.7787087,target,3,1.5998544921875,-4.01853369140625,-1.1668661621470904
1758544351.7787087,target,4,-2.132433349609375,1.345390625,-1.5558000666966605
1758544351.7787087,target,5,-0.4205491943359375,-3.242627685546875,3.1136001673719704
1758544351.7986,herder,1,-2.09714013671875,0.39466583251953125,0.8924719531836564
1758544351.7986,herder,2,1.8160570068359374,-4.26428759765625,1.8630960996103965
1758544351.7986,target,1,0.38395492553710936,3.108000732421875,-2.244824821830757
1758544351.7986,target,2,2.320352294921875,1.445365234375,0.6140800065288773
1758544351.7986,target,3,1.597808349609375,-4.025533447265625,-1.1621949775950913
1758544351.7986,target,4,-2.13253955078125,1.345331787109375,-1.5549945936249658
1758544351.7986,target,5,-0.420527099609375,-3.242638671875,3.11328085435727
1758544351.8187685,herder,1,-2.0936328125,0.39971380615234375,0.8915879168598045
1758544351.8187685,herder,2,1.8171654052734374,-4.26864501953125,1.8633616167710774
1758544351.8187685,target,1,0.3839419860839844,3.10800732421875,-2.2451417380004766
1758544351.8187685,target,2,2.320373046875,1.4453966064453125,0.6158338978437762
1758544351.8187685,target,3,1.595705322265625,-4.032654296875,-1.1577630780670358
1758544351.8187685,target,4,-2.132723876953125,1.345370361328125,-1.5535463666241809
1758544351.8187685,target,5,-0.4205509338378906,-3.242623291015625,3.113461416679177
1758544351.8387465,herder,1,-2.09019140625,0.40452984619140625,0.8914488332718752
1758544351.8387465,herder,2,1.81880615234375,-4.2743662109375,1.8592128112668975
1758544351.8387465,target,1,0.38396572875976565,3.10803955078125,-2.245042402091817
1758544351.8387465,target,2,2.3203115234375,1.445380615234375,0.6158505426005891
1758544351.8387465,target,3,1.593568115234375,-4.03986572265625,-1.1523245036469305
1758544351.8387465,target,4,-2.1327626953125,1.3452994384765624,-1.5583162212945674
1758544351.8387465,target,5,-0.4205578308105469,-3.242664306640625,3.113247831159753
1758544351.8586974,herder,1,-2.087031005859375,0.40862838745117186,0.8912871128146801
1758544351.8586974,herder,2,1.820423828125,-4.2800693359375,1.8537341562723864
1758544351.8586974,target,1,0.38397860717773435,3.108010498046875,-2.2445268141047774
1758544351.8586974,target,2,2.32034765625,1.445337646484375,0.6156791681844426
1758544351.8586974,target,3,1.59111962890625,-4.04645068359375,-1.1465357235434799
1758544351.8586974,target,4,-2.13266943359375,1.345302978515625,-1.5578814602466118
1758544351.8586974,target,5,-0.42055166625976564,-3.24263818359375,3.113462481943613
1758544351.878652,herder,1,-2.083391845703125,0.4136783447265625,0.8917453762592555
1758544351.878652,herder,2,1.821879150390625,-4.2848984375,1.849614778698252
1758544351.878652,target,1,0.38396817016601564,3.10801171875,-2.2447238880254434
1758544351.878652,target,2,2.3203603515625,1.4453731689453124,0.6159048045077995
1758544351.878652,target,3,1.5887154541015625,-4.05377978515625,-1.138907364917057
1758544351.878652,target,4,-2.132612548828125,1.345367431640625,-1.5576809242165288
1758544351.878652,target,5,-0.4205718688964844,-3.2426279296875,3.113482988284007
1758544351.898615,herder,1,-2.07902978515625,0.41901116943359373,0.8924386636700303
1758544351.898615,herder,2,1.8237308349609376,-4.29025,1.8437948396100472
1758544351.898615,target,1,0.3839707336425781,3.108027587890625,-2.2445603699345122
1758544351.898615,target,2,2.320345458984375,1.4454178466796874,0.6153099874783303
1758544351.898615,target,3,1.5856519775390625,-4.060388916015625,-1.1333256455883598
1758544351.898615,target,4,-2.132494140625,1.345451904296875,-1.5596660444930739
1758544351.898615,target,5,-0.4205174865722656,-3.242734130859375,3.11251839133718
1758544351.9187746,herder,1,-2.07564501953125,0.42369168090820314,0.8932187701323419
1758544351.9187746,herder,2,1.8251044921875,-4.29572802734375,1.8418880162695506
1758544351.9187746,target,1,0.38394659423828126,3.108025634765625,-2.2450083136298637
1758544351.9187746,target,2,2.320332763671875,1.4453970947265624,0.6154963421756087
1758544351.9187746,target,3,1.583019287109375,-4.06733251953125,-1.130576464395071
1758544351.9187746,target,4,-2.132518310546875,1.3453236083984375,-1.556546683908264
1758544351.9187746,target,5,-0.4205562438964844,-3.242663818359375,3.1133644776154985
1758544351.9387305,herder,1,-2.072910400390625,0.4280366821289063,0.8934299588067851
1758544351.9387305,herder,2,1.826782958984375,-4.30076025390625,1.8350524806996442
1758544351.9387305,target,1,0.38395001220703123,3.108023193359375,-2.2447332090892584
1758544351.9387305,target,2,2.320343017578125,1.4453778076171875,0.6159806380198395
1758544351.9387305,target,3,1.580335205078125,-4.074402587890625,-1.1234013757861796
1758544351.9387305,target,4,-2.13255126953125,1.345275634765625,-1.5615287925175299
1758544351.9387305,target,5,-0.42055816650390626,-3.242640625,3.1137940454993283
1758544351.9587488,herder,1,-2.069436279296875,0.43306961059570315,0.8935071238993701
1758544351.9587488,herder,2,1.8283287353515625,-4.306234375,1.8304330946308471
1758544351.9587488,target,1,0.38395382690429686,3.108028076171875,-2.2453715688025504
1758544351.9587488,target,2,2.3203447265625,1.44533740234375,0.6159833677599569
1758544351.9587488,target,3,1.57721435546875,-4.08093408203125,-1.118992912075717
1758544351.9587488,target,4,-2.132482666015625,1.3454451904296876,-1.563904465367935
1758544351.9587488,target,5,-0.42053125,-3.242625244140625,3.1136169452868376
1758544351.9787266,herder,1,-2.0654306640625,0.43841506958007814,0.8937288320601192
1758544351.9787266,herder,2,1.8297025146484376,-4.31154736328125,1.8286237429862473
1758544351.9787266,target,1,0.38394403076171874,3.108013671875,-2.2445995184025365
1758544351.9787266,target,2,2.32034814453125,1.4454111328125,0.6156360249747833
1758544351.9787266,target,3,1.5746353759765626,-4.088245849609375,-1.11539424907372
1758544351.9787266,target,4,-2.13251171875,1.34537255859375,-1.5590892038009627
1758544351.9787266,target,5,-0.42053765869140625,-3.242624267578125,3.1138736740159216
1758544351.9986129,herder,1,-2.061871337890625,0.44261572265625,0.8933348839558692
1758544351.9986129,herder,2,1.831216064453125,-4.31680224609375,1.826600273190005
1758544351.9986129,target,1,0.3839620666503906,3.107996337890625,-2.2445899310226123
1758544351.9986129,target,2,2.320320068359375,1.4453671875,0.6152436747671873
1758544351.9986129,target,3,1.571594970703125,-4.095259765625,-1.1056830987377735
1758544351.9986129,target,4,-2.132443603515625,1.34539794921875,-1.5598845568605149
1758544351.9986129,target,5,-0.42050982666015624,-3.2426416015625,3.1132012258406765
1758544352.0188637,herder,1,-2.058436767578125,0.44810479736328124,0.8930969305124707
1758544352.0188637,herder,2,1.83298388671875,-4.32288720703125,1.8236841117963685
1758544352.0188637,target,1,0.3839464111328125,3.108010986328125,-2.2442604979957697
1758544352.0188637,target,2,2.32033056640625,1.4453741455078124,0.6163875690344036
1758544352.0188637,target,3,1.5692706298828125,-4.1017021484375,-1.1019223823834452
1758544352.0188637,target,4,-2.132322998046875,1.3453956298828125,-1.5608354385277277
1758544352.0188637,target,5,-0.4204927978515625,-3.242642333984375,3.11255061558637
1758544352.0386906,herder,1,-2.053858154296875,0.4531636962890625,0.8918727419383885
1758544352.0386906,herder,2,1.8343695068359376,-4.32775537109375,1.8225802315245305
1758544352.0386906,target,1,0.38396261596679687,3.108013916015625,-2.2454599857507413
1758544352.0386906,target,2,2.320334228515625,1.4453685302734376,0.6150663082385881
1758544352.0386906,target,3,1.5666011962890625,-4.1083515625,-1.0977413526300754
1758544352.0386906,target,4,-2.1323916015625,1.34537744140625,-1.5584941204553846
1758544352.0386906,target,5,-0.42051007080078123,-3.242630615234375,3.1135106851593437
1758544352.0586598,herder,1,-2.051513427734375,0.45697042846679686,0.8927300800723122
1758544352.0586598,herder,2,1.8354769287109376,-4.33310595703125,1.8260836199385297
1758544352.0586598,target,1,0.3839391174316406,3.108010009765625,-2.244406971855724
1758544352.0586598,target,2,2.320340576171875,1.4453818359375,0.6144982559780742
1758544352.0586598,target,3,1.5641109619140625,-4.11494189453125,-1.0952651454485196
1758544352.0586598,target,4,-2.132601318359375,1.3453963623046874,-1.555345997730802
1758544352.0586598,target,5,-0.4205219421386719,-3.242614501953125,3.113529859919192
1758544352.078728,herder,1,-2.048508056640625,0.46177685546875,0.890798289596596
1758544352.078728,herder,2,1.837490234375,-4.33952392578125,1.8261006641695063
1758544352.078728,target,1,0.3839434814453125,3.10801416015625,-2.24438912867642
1758544352.078728,target,2,2.320314208984375,1.445366943359375,0.6147065817543457
1758544352.078728,target,3,1.5612911376953125,-4.12229296875,-1.0913857186886011
1758544352.078728,target,4,-2.132479736328125,1.3454759521484374,-1.5594643100405003
1758544352.078728,target,5,-0.4205146179199219,-3.242650146484375,3.113577796818814
1758544352.098835,herder,1,-2.0442750244140626,0.4672056579589844,0.8897821604826763
1758544352.098835,herder,2,1.839272216796875,-4.3446513671875,1.8257368763646014
1758544352.098835,target,1,0.3839945983886719,3.108006103515625,-2.244997394669394
1758544352.098835,target,2,2.320343994140625,1.4454078369140626,0.6146775532984637
1758544352.098835,target,3,1.558369384765625,-4.12893798828125,-1.08888421147669
1758544352.098835,target,4,-2.13259228515625,1.3454427490234375,-1.555569037472096
1758544352.098835,target,5,-0.4205107116699219,-3.242662841796875,3.11332639441191
1758544352.118559,herder,1,-2.0411358642578126,0.4718261413574219,0.8923465182963136
1758544352.118559,herder,2,1.8407076416015624,-4.34950146484375,1.8252429931404464
1758544352.118559,target,1,0.3839402770996094,3.108017822265625,-2.2446615700559356
1758544352.118559,target,2,2.32036083984375,1.4454195556640625,0.6149151072676988
1758544352.118559,target,3,1.5559886474609375,-4.1363203125,-1.0844942567358031
1758544352.118559,target,4,-2.132542724609375,1.34543603515625,-1.5539286633986618
1758544352.118559,target,5,-0.42051641845703125,-3.242617919921875,3.1133386449529246
1758544352.138701,herder,1,-2.037662841796875,0.47609625244140624,0.8926680284189135
1758544352.138701,herder,2,1.842515625,-4.35584912109375,1.825585076182467
1758544352.138701,target,1,0.3839692993164063,3.108039306640625,-2.2448921998063365
1758544352.138701,target,2,2.320330810546875,1.4453829345703124,0.6155968099277319
1758544352.138701,target,3,1.553176513671875,-4.14317138671875,-1.0767434592782639
1758544352.138701,target,4,-2.132712646484375,1.345452392578125,-1.5551992575547384
1758544352.138701,target,5,-0.42053631591796875,-3.24263134765625,3.1137948444476553
1758544352.1587214,herder,1,-2.033527587890625,0.4818138427734375,0.8919074296115869
1758544352.1587214,herder,2,1.8441339111328126,-4.36262841796875,1.826397872947159
1758544352.1587214,target,1,0.38393572998046877,3.108001708984375,-2.244483670895118
1758544352.1587214,target,2,2.3203408203125,1.4453880615234376,0.6158153888742002
1758544352.1587214,target,3,1.550835205078125,-4.1494306640625,-1.0710669314147598
1758544352.1587214,target,4,-2.132487548828125,1.3454404296875,-1.5577620174717217
1758544352.1587214,target,5,-0.42050723266601564,-3.2426572265625,3.1126598051910634
1758544352.1787364,herder,1,-2.0302452392578125,0.4866103820800781,0.8914528280135103
1758544352.1787364,herder,2,1.84616064453125,-4.3677646484375,1.8259250286956155
1758544352.1787364,target,1,0.3839440002441406,3.108045166015625,-2.2448067123353446
1758544352.1787364,target,2,2.32032958984375,1.44538623046875,0.6142268798629951
1758544352.1787364,target,3,1.5478953857421875,-4.15576318359375,-1.0643646204783848
1758544352.1787364,target,4,-2.13261181640625,1.345312255859375,-1.5551859417492881
1758544352.1787364,target,5,-0.420517333984375,-3.24263330078125,3.1134832546001157
1758544352.1986718,herder,1,-2.02720751953125,0.4909047546386719,0.8909585453151916
1758544352.1986718,herder,2,1.8475006103515625,-4.3720830078125,1.8280863170782693
1758544352.1986718,target,1,0.3839508361816406,3.10803857421875,-2.244814701818615
1758544352.1986718,target,2,2.3203505859375,1.4453614501953125,0.6151729678402458
1758544352.1986718,target,3,1.5446007080078126,-4.162583984375,-1.0554911674633225
1758544352.1986718,target,4,-2.132444580078125,1.345315673828125,-1.5561586613374396
1758544352.1986718,target,5,-0.42047418212890625,-3.242627197265625,3.1136824590496537
1758544352.2188113,herder,1,-2.023614501953125,0.49616433715820313,0.8914282603524543
1758544352.2188113,herder,2,1.84907080078125,-4.3783525390625,1.8358314553184922
1758544352.2188113,target,1,0.3839481506347656,3.1080322265625,-2.24507382739268
1758544352.2188113,target,2,2.320336181640625,1.445401611328125,0.6149820857691143
1758544352.2188113,target,3,1.541243896484375,-4.169501953125,-1.050913393286558
1758544352.2188113,target,4,-2.13228076171875,1.3453154296875,-1.5579850572130158
1758544352.2188113,target,5,-0.42045639038085936,-3.242611328125,3.1130377077497458
1758544352.2387183,herder,1,-2.0195780029296877,0.50147314453125,0.8918861909018935
1758544352.2387183,herder,2,1.8510738525390624,-4.38419677734375,1.8405256762139204
1758544352.2387183,target,1,0.3839762268066406,3.108029052734375,-2.24492335879109
1758544352.2387183,target,2,2.320333251953125,1.4453846435546875,0.6158900239637496
1758544352.2387183,target,3,1.538139404296875,-4.176212890625,-1.0427082605470512
1758544352.2387183,target,4,-2.132542236328125,1.3454056396484375,-1.557956561389352
1758544352.2387183,target,5,-0.4205205078125,-3.242618408203125,3.114234266027518
1758544352.2588315,herder,1,-2.0162384033203127,0.50579052734375,0.8923589685744098
1758544352.2588315,herder,2,1.8522247314453124,-4.38885009765625,1.846842561161534
1758544352.2588315,target,1,0.3839332275390625,3.108028564453125,-2.2445489183418252
1758544352.2588315,target,2,2.320364013671875,1.44542138671875,0.6158322999471221
1758544352.2588315,target,3,1.535487060546875,-4.1827978515625,-1.03437409765273
1758544352.2588315,target,4,-2.132389892578125,1.345396728515625,-1.557608353076824
1758544352.2588315,target,5,-0.42050210571289065,-3.242619384765625,3.113490977767277
1758544352.278904,herder,1,-2.0126185302734374,0.5108088684082032,0.8921068337982065
1758544352.278904,herder,2,1.8541456298828125,-4.39365869140625,1.8525118984900946
1758544352.278904,target,1,0.3839791259765625,3.1080439453125,-2.244807777599781
1758544352.278904,target,2,2.320372314453125,1.445393798828125,0.6152171097353138
1758544352.278904,target,3,1.5320107421875,-4.18950439453125,-1.029900253337506
1758544352.278904,target,4,-2.1322978515625,1.3453800048828124,-1.557854828635711
1758544352.278904,target,5,-0.4204964904785156,-3.242609130859375,3.113253157481933
1758544352.2986395,herder,1,-2.0087630615234375,0.5161421508789062,0.891540712329483
1758544352.2986395,herder,2,1.8555521240234376,-4.39835302734375,1.8581978805754682
1758544352.2986395,target,1,0.3839671936035156,3.108000244140625,-2.2449015208701515
1758544352.2986395,target,2,2.32033837890625,1.4453941650390625,0.6154209747167594
1758544352.2986395,target,3,1.5286719970703124,-4.1959619140625,-1.0205070178566873
1758544352.2986395,target,4,-2.132292724609375,1.345406494140625,-1.557317669043842
1758544352.2986395,target,5,-0.42053134155273436,-3.242627197265625,3.1139740751890175
1758544352.3187206,herder,1,-2.005751708984375,0.5206834716796875,0.8918309968883016
1758544352.3187206,herder,2,1.8574586181640624,-4.4030869140625,1.8650359461484103
1758544352.3187206,target,1,0.383967041015625,3.108034423828125,-2.2450256241769493
1758544352.3187206,target,2,2.320346435546875,1.4453909912109375,0.6159219818968306
1758544352.3187206,target,3,1.525257080078125,-4.2019189453125,-1.0166379774250203
1758544352.3187206,target,4,-2.132168701171875,1.3453631591796875,-1.5556779607606803
1758544352.3187206,target,5,-0.42052688598632815,-3.242623779296875,3.113878201389775
1758544352.3386762,herder,1,-2.0022998046875,0.5252319946289062,0.8916045616166175
1758544352.3386762,herder,2,1.8591656494140625,-4.40702099609375,1.8719832013260453
1758544352.3386762,target,1,0.3839679565429687,3.108010498046875,-2.2452256275748144
1758544352.3386762,target,2,2.320365234375,1.4454063720703125,0.6153873523079971
1758544352.3386762,target,3,1.5221478271484374,-4.20838037109375,-1.007896350883917
1758544352.3386762,target,4,-2.13221826171875,1.3454207763671875,-1.5564627943339266
1758544352.3386762,target,5,-0.420506591796875,-3.242632568359375,3.112986841372925
1758544352.359194,herder,1,-1.99840625,0.5307083740234375,0.8917611554887143
1758544352.359194,herder,2,1.860549560546875,-4.41094091796875,1.8811223712388703
1758544352.359194,target,1,0.38396453857421875,3.1080419921875,-2.244375013922643
1758544352.359194,target,2,2.32033349609375,1.445367919921875,0.6147975287055718
1758544352.359194,target,3,1.519143798828125,-4.21487744140625,-0.9990938711119052
1758544352.359194,target,4,-2.1321669921875,1.345395751953125,-1.5588086397801229
1758544352.359194,target,5,-0.4205113220214844,-3.242651123046875,3.1128403675129706
1758544352.378741,herder,1,-1.994928466796875,0.535054443359375,0.8904964868660629
1758544352.378741,herder,2,1.862592041015625,-4.4155712890625,1.8902639379966764
1758544352.378741,target,1,0.3839581298828125,3.10800439453125,-2.244648254250485
1758544352.378741,target,2,2.320354736328125,1.4453905029296874,0.6157918864775802
1758544352.378741,target,3,1.515041015625,-4.2207919921875,-0.9909281531565315
1758544352.378741,target,4,-2.132167236328125,1.3454537353515625,-1.5584098314068835
1758544352.378741,target,5,-0.420533203125,-3.24264697265625,3.11388752245359
1758544352.3986413,herder,1,-1.992142822265625,0.5391697387695312,0.889469505370701
1758544352.3986413,herder,2,1.8639619140625,-4.41983544921875,1.9003132432120358
1758544352.3986413,target,1,0.38397344970703123,3.108014404296875,-2.2449057819278955
1758544352.3986413,target,2,2.32033984375,1.44537353515625,0.615326831972225
1758544352.3986413,target,3,1.5119068603515624,-4.22745556640625,-0.9820024356050765
1758544352.3986413,target,4,-2.13228564453125,1.3454674072265624,-1.5589945284242104
1758544352.3986413,target,5,-0.42054708862304685,-3.2425927734375,3.114270485018343
1758544352.418699,herder,1,-1.98854296875,0.544044189453125,0.8883497792903772
1758544352.418699,herder,2,1.865567138671875,-4.42367333984375,1.911276412155456
1758544352.418699,target,1,0.3839446716308594,3.108044677734375,-2.244961441994678
1758544352.418699,target,2,2.320332763671875,1.445342529296875,0.6159519424590939
1758544352.418699,target,3,1.5080771484375,-4.2337392578125,-0.9730478893348212
1758544352.418699,target,4,-2.132267822265625,1.345362060546875,-1.5646180593820218
1758544352.418699,target,5,-0.4205105590820313,-3.242597900390625,3.113012141403281
1758544352.438646,herder,1,-1.9844254150390626,0.5500059204101563,0.8881503085247303
1758544352.438646,herder,2,1.86726025390625,-4.42754150390625,1.923287135513659
1758544352.438646,target,1,0.3839959411621094,3.1080107421875,-2.2453505298299388
1758544352.438646,target,2,2.320374267578125,1.44539697265625,0.6144284811575141
1758544352.438646,target,3,1.5040068359375,-4.2394970703125,-0.9632935292101881
1758544352.438646,target,4,-2.1325732421875,1.3452784423828126,-1.5596786945082517
1758544352.438646,target,5,-0.42054510498046876,-3.2426064453125,3.1139128224839454
1758544352.4585938,herder,1,-1.98068896484375,0.5549766845703125,0.8885603687535752
1758544352.4585938,herder,2,1.8694320068359376,-4.4314912109375,1.9361090577398998
1758544352.4585938,target,1,0.38395562744140627,3.108003173828125,-2.2447385354114386
1758544352.4585938,target,2,2.320372314453125,1.445373779296875,0.6171871831517
1758544352.4585938,target,3,1.5001270751953124,-4.2455849609375,-0.9550989159569869
1758544352.4585938,target,4,-2.13276513671875,1.345310546875,-1.565025256712695
1758544352.4585938,target,5,-0.42051666259765624,-3.242597412109375,3.1130110761388448
1758544352.4787214,herder,1,-1.9773009033203126,0.5591036376953125,0.8895776962899855
1758544352.4787214,herder,2,1.871301025390625,-4.4350849609375,1.9488597404069812
1758544352.4787214,target,1,0.3839634094238281,3.108012451171875,-2.2448581113443833
1758544352.4787214,target,2,2.32034130859375,1.445381103515625,0.6147694989350988
1758544352.4787214,target,3,1.496196533203125,-4.25157470703125,-0.9403646443309873
1758544352.4787214,target,4,-2.133186279296875,1.3452135009765624,-1.5563081978326476
1758544352.4787214,target,5,-0.42051364135742186,-3.24259521484375,3.1134366492810392
1758544352.4988246,herder,1,-1.9732574462890624,0.5641923828125,0.8904898289633376
1758544352.4988246,herder,2,1.8730853271484376,-4.43850390625,1.961594710423631
1758544352.4988246,target,1,0.38396142578125,3.108038330078125,-2.244812837605852
1758544352.4988246,target,2,2.320362548828125,1.445417236328125,0.6154568608124482
1758544352.4988246,target,3,1.4924459228515625,-4.25741162109375,-0.9325647781303633
1758544352.4988246,target,4,-2.132906494140625,1.345185546875,-1.5538255990644756
1758544352.4988246,target,5,-0.42052960205078127,-3.24265185546875,3.113042235123599
1758544352.5186934,herder,1,-1.9694674072265625,0.5696941528320313,0.8903466840547459
1758544352.5186934,herder,2,1.8747811279296875,-4.44217333984375,1.9748227647161092
1758544352.5186934,target,1,0.3839605712890625,3.108036865234375,-2.2450418694595986
1758544352.5186934,target,2,2.32035595703125,1.4454029541015625,0.6153460067320736
1758544352.5186934,target,3,1.4882275390625,-4.26319482421875,-0.9226546230819604
1758544352.5186934,target,4,-2.132656982421875,1.3453482666015626,-1.5574229970649547
1758544352.5186934,target,5,-0.42052752685546874,-3.2426533203125,3.113864885584324
1758544352.5387397,herder,1,-1.96581884765625,0.5747785034179688,0.8894317550622491
1758544352.5387397,herder,2,1.87714599609375,-4.4460380859375,1.9875779747570437
1758544352.5387397,target,1,0.38397509765625,3.108038818359375,-2.2449686325296216
1758544352.5387397,target,2,2.320328857421875,1.4453935546875,0.6151691062566651
1758544352.5387397,target,3,1.484490234375,-4.26872216796875,-0.9153846593592349
1758544352.5387397,target,4,-2.13274072265625,1.34544580078125,-1.553132378232728
1758544352.5387397,target,5,-0.420517333984375,-3.242615966796875,3.113854765572182
1758544352.5587173,herder,1,-1.9631572265625,0.5792218627929687,0.8886162285574396
1758544352.5587173,herder,2,1.8792254638671875,-4.4492265625,2.0002952347524445
1758544352.5587173,target,1,0.38398696899414064,3.1080185546875,-2.2448735576787056
1758544352.5587173,target,2,2.320329833984375,1.4454310302734374,0.6155229737865094
1758544352.5587173,target,3,1.480173095703125,-4.27517724609375,-0.9023379663369911
1758544352.5587173,target,4,-2.1325205078125,1.345429443359375,-1.554590059455383
1758544352.5587173,target,5,-0.42052847290039064,-3.242641357421875,3.113800969718162
1758544352.5786932,herder,1,-1.9598419189453125,0.5835801391601563,0.8882776076248361
1758544352.5786932,herder,2,1.881628173828125,-4.45336376953125,2.0126963775264533
1758544352.5786932,target,1,0.38401394653320314,3.108009765625,-2.244916434572256
1758544352.5786932,target,2,2.320356689453125,1.4453905029296874,0.6157254406083827
1758544352.5786932,target,3,1.4757724609375,-4.280953125,-0.8914279940363453
1758544352.5786932,target,4,-2.13256982421875,1.3453670654296874,-1.5555493300800294
1758544352.5786932,target,5,-0.42054953002929685,-3.24264892578125,3.1141692848969202
1758544352.598749,herder,1,-1.955740966796875,0.589005859375,0.8885674927094912
1758544352.598749,herder,2,1.883864990234375,-4.45697314453125,2.025615771448591
1758544352.598749,target,1,0.38395559692382814,3.10802685546875,-2.2446224215879114
1758544352.598749,target,2,2.320368896484375,1.445384765625,0.6158790384242531
1758544352.598749,target,3,1.47171337890625,-4.28615185546875,-0.8830722595371945
1758544352.598749,target,4,-2.132371337890625,1.3452574462890625,-1.5545039061941188
1758544352.598749,target,5,-0.42055764770507814,-3.242618408203125,3.11381508447194
1758544352.6187196,herder,1,-1.9521776123046874,0.5935503540039062,0.8884286088586436
1758544352.6187196,herder,2,1.8853907470703124,-4.45941162109375,2.0398627511741334
1758544352.6187196,target,1,0.38396841430664064,3.108017333984375,-2.2445262814725595
1758544352.6187196,target,2,2.32032861328125,1.4453675537109374,0.6152099857793979
1758544352.6187196,target,3,1.4686026611328125,-4.29197607421875,-0.8718835874284718
1758544352.6187196,target,4,-2.13232421875,1.3452635498046874,-1.5553096455819224
1758544352.6187196,target,5,-0.4205542907714844,-3.242623779296875,3.1145863359236268
1758544352.6387143,herder,1,-1.949179931640625,0.59774658203125,0.889057048296875
1758544352.6387143,herder,2,1.88732763671875,-4.4628544921875,2.0547551479898565
1758544352.6387143,target,1,0.3839761352539062,3.1080126953125,-2.2453326866506353
1758544352.6387143,target,2,2.320375,1.445414306640625,0.6152917448248633
1758544352.6387143,target,3,1.4639891357421875,-4.297259765625,-0.8612170280514592
1758544352.6387143,target,4,-2.132235595703125,1.3453531494140625,-1.5599277000701741
1758544352.6387143,target,5,-0.4205646667480469,-3.242604248046875,3.114431606264293
1758544352.658734,herder,1,-1.9461871337890626,0.6013798828125,0.8885147621199077
1758544352.658734,herder,2,1.8898236083984374,-4.46662939453125,2.068556181390865
1758544352.658734,target,1,0.38398095703125,3.108037109375,-2.2450032536237927
1758544352.658734,target,2,2.32034521484375,1.4453829345703124,0.6151306901579408
1758544352.658734,target,3,1.460237060546875,-4.30258203125,-0.8510778411493095
1758544352.658734,target,4,-2.132402099609375,1.3451859130859376,-1.5561646534498923
1758544352.658734,target,5,-0.4205435180664063,-3.242630859375,3.11371574856328
1758544352.6787357,herder,1,-1.942728271484375,0.6067255859375,0.8887721566392638
1758544352.6787357,herder,2,1.891712890625,-4.46938671875,2.082892377012925
1758544352.6787357,target,1,0.38395782470703127,3.1080107421875,-2.2448751555753597
1758544352.6787357,target,2,2.320374755859375,1.4454281005859375,0.6152825569191025
1758544352.6787357,target,3,1.455681884765625,-4.30767626953125,-0.8419203620039902
1758544352.6787357,target,4,-2.132413818359375,1.345299560546875,-1.5554080493842006
1758544352.6787357,target,5,-0.4205294189453125,-3.242623291015625,3.113347699700631
1758544352.6985831,herder,1,-1.9383692626953124,0.612554931640625,0.8879789341085836
1758544352.6985831,herder,2,1.893891845703125,-4.471720703125,2.097086626148884
1758544352.6985831,target,1,0.38392633056640624,3.10804443359375,-2.2446687605908786
1758544352.6985831,target,2,2.32037451171875,1.445422607421875,0.6152411447641518
1758544352.6985831,target,3,1.450552978515625,-4.313388671875,-0.8305027911995753
1758544352.6985831,target,4,-2.132455810546875,1.3455140380859374,-1.5593894752138693
1758544352.6985831,target,5,-0.4205637512207031,-3.242636962890625,3.1138433139794945
1758544352.7187061,herder,1,-1.934470458984375,0.6175387573242187,0.8882082322784395
1758544352.7187061,herder,2,1.896343017578125,-4.47470703125,2.1116174988466287
1758544352.7187061,target,1,0.383976318359375,3.10804541015625,-2.2451065842740876
1758544352.7187061,target,2,2.320351318359375,1.4453790283203125,0.6158285049425688
1758544352.7187061,target,3,1.446026123046875,-4.3191923828125,-0.8211167462537
1758544352.7187061,target,4,-2.13260546875,1.34533642578125,-1.5540438451158076
1758544352.7187061,target,5,-0.42053469848632813,-3.24262109375,3.113397767129124
1758544352.7387793,herder,1,-1.9310098876953126,0.6217496948242187,0.8887466568718263
1758544352.7387793,herder,2,1.89908642578125,-4.478162109375,2.127411508849398
1758544352.7387793,target,1,0.38394076538085936,3.108017822265625,-2.244407504487942
1758544352.7387793,target,2,2.3203583984375,1.4453741455078124,0.6150128452797048
1758544352.7387793,target,3,1.4411085205078125,-4.3242177734375,-0.8097116257273812
1758544352.7387793,target,4,-2.132605224609375,1.3454613037109375,-1.5548270807924
1758544352.7387793,target,5,-0.42056588745117185,-3.2426083984375,3.1145120337292136
1758544352.7587337,herder,1,-1.927332763671875,0.6265481567382812,0.8897482051787778
1758544352.7587337,herder,2,1.9011573486328126,-4.48090283203125,2.1443300386224537
1758544352.7587337,target,1,0.3839669494628906,3.1080087890625,-2.244951055666427
1758544352.7587337,target,2,2.32036376953125,1.4453759765625,0.6159562035168381
1758544352.7587337,target,3,1.436887939453125,-4.3297265625,-0.8003840371674332
1758544352.7587337,target,4,-2.132675537109375,1.34538916015625,-1.55565785389445
1758544352.7587337,target,5,-0.42053201293945314,-3.242654541015625,3.113208949007838
1758544352.7787445,herder,1,-1.9234444580078125,0.6322242431640624,0.890235230763126
1758544352.7787445,herder,2,1.9028416748046875,-4.48364404296875,2.1610008944141317
1758544352.7787445,target,1,0.38397506713867186,3.108041259765625,-2.2452088496599467
1758544352.7787445,target,2,2.320361572265625,1.4453997802734375,0.6157514064290109
1758544352.7787445,target,3,1.432172607421875,-4.3346025390625,-0.7870449956365261
1758544352.7787445,target,4,-2.132646728515625,1.345342529296875,-1.5541027009758983
1758544352.7787445,target,5,-0.4205199279785156,-3.24262939453125,3.1127237210572254
1758544352.7986226,herder,1,-1.9202138671875,0.6369885864257813,0.8892475974728702
1758544352.7986226,herder,2,1.9052855224609375,-4.486658203125,2.177869090442585
1758544352.7986226,target,1,0.3839716491699219,3.108017578125,-2.244826952359629
1758544352.7986226,target,2,2.320365478515625,1.445378173828125,0.6155597919885798
1758544352.7986226,target,3,1.42736767578125,-4.3400546875,-0.7780347892994882
1758544352.7986226,target,4,-2.132537841796875,1.3454368896484374,-1.5555179047791665
1758544352.7986226,target,5,-0.42053955078125,-3.242640380859375,3.113395370284143
1758544352.8186212,herder,1,-1.9167772216796874,0.6417706909179688,0.8883055708162819
1758544352.8186212,herder,2,1.90795458984375,-4.48948779296875,2.1939496565786465
1758544352.8186212,target,1,0.3839500732421875,3.10799951171875,-2.2446005836669727
1758544352.8186212,target,2,2.32037255859375,1.4454332275390624,0.6158363612677845
1758544352.8186212,target,3,1.422977783203125,-4.3454716796875,-0.7645513378584715
1758544352.8186212,target,4,-2.132446533203125,1.3453397216796874,-1.5579207418726906
1758544352.8186212,target,5,-0.4205391845703125,-3.242626953125,3.113446236660964
1758544352.8387172,herder,1,-1.912901611328125,0.6467545166015625,0.8875303246229598
1758544352.8387172,herder,2,1.910435791015625,-4.49167431640625,2.2110881634577426
1758544352.8387172,target,1,0.38399041748046875,3.10800634765625,-2.24542270149548
1758544352.8387172,target,2,2.320336669921875,1.4453740234375,0.6160226493860356
1758544352.8387172,target,3,1.418222412109375,-4.35028466796875,-0.7549043031257685
1758544352.8387172,target,4,-2.132462646484375,1.345421630859375,-1.5588033134579427
1758544352.8387172,target,5,-0.4204942626953125,-3.242701904296875,3.1123535416657044
1758544352.8590126,herder,1,-1.9091795654296875,0.65163623046875,0.8867375681454704
1758544352.8590126,herder,2,1.9130458984375,-4.4937353515625,2.2269242514057352
1758544352.8590126,target,1,0.38395550537109374,3.108029296875,-2.2453894119818543
1758544352.8590126,target,2,2.320353515625,1.4453724365234375,0.616146153481588
1758544352.8590126,target,3,1.4134818115234375,-4.35482470703125,-0.7465293938667691
1758544352.8590126,target,4,-2.132869873046875,1.3453603515625,-1.5529530143333112
1758544352.8590126,target,5,-0.4205442810058594,-3.242640625,3.113886989821372
1758544352.878729,herder,1,-1.905739013671875,0.6561375732421875,0.8861229105658802
1758544352.878729,herder,2,1.9155501708984375,-4.49619921875,2.2429827133047495
1758544352.878729,target,1,0.3839620666503906,3.108028564453125,-2.2449918020311053
1758544352.878729,target,2,2.320345947265625,1.445378662109375,0.615439084212172
1758544352.878729,target,3,1.409406982421875,-4.3597685546875,-0.745028036802237
1758544352.878729,target,4,-2.13266015625,1.3453592529296876,-1.5543033701640359
1758544352.878729,target,5,-0.4204996337890625,-3.242628173828125,3.112684306273092
1758544352.8987122,herder,1,-1.902242919921875,0.6605478515625,0.8861813003727802
1758544352.8987122,herder,2,1.91779638671875,-4.49885546875,2.259984600019924
1758544352.8987122,target,1,0.38393142700195315,3.10799853515625,-2.244982747283399
1758544352.8987122,target,2,2.320343017578125,1.4453687744140624,0.6160081351580946
1758544352.8987122,target,3,1.4075108642578125,-4.36226611328125,-0.7398401989987625
1758544352.8987122,target,4,-2.132437744140625,1.34536181640625,-1.5577598869428497
1758544352.8987122,target,5,-0.4205057678222656,-3.242616455078125,3.113208150059511
1758544352.9187677,herder,1,-1.89907373046875,0.665428955078125,0.8859863569809864
1758544352.9187677,herder,2,1.920476318359375,-4.501353515625,2.2772437480964007
1758544352.9187677,target,1,0.3839590759277344,3.1080107421875,-2.245125226401718
1758544352.9187677,target,2,2.320315673828125,1.445311279296875,0.6155057963974784
1758544352.9187677,target,3,1.4050850830078125,-4.36368115234375,-0.7361141703176327
1758544352.9187677,target,4,-2.1326005859375,1.3453194580078125,-1.5545426551879795
1758544352.9187677,target,5,-0.4205560302734375,-3.242635498046875,3.114175676483536
1758544352.9385796,herder,1,-1.8956424560546874,0.6705175170898438,0.8851701646859044
1758544352.9385796,herder,2,1.922790771484375,-4.50337060546875,2.294730596446079
1758544352.9385796,target,1,0.3839618835449219,3.10801513671875,-2.2453446708755407
1758544352.9385796,target,2,2.32031787109375,1.4453421630859375,0.6143270812990094
1758544352.9385796,target,3,1.403644775390625,-4.36579345703125,-0.7356084360266266
1758544352.9385796,target,4,-2.132586669921875,1.34534375,-1.556993429181125
1758544352.9385796,target,5,-0.42055120849609373,-3.242641845703125,3.1132981649043554
1758544352.958721,herder,1,-1.891847900390625,0.675392578125,0.8854827532188524
1758544352.958721,herder,2,1.9250694580078125,-4.50528759765625,2.314589256062582
1758544352.958721,target,1,0.3839517822265625,3.108027099609375,-2.244445321375421
1758544352.958721,target,2,2.32036083984375,1.4453690185546875,0.6149509933633877
1758544352.958721,target,3,1.4022496337890624,-4.36728955078125,-0.7337197887605696
1758544352.958721,target,4,-2.132386962890625,1.3452584228515625,-1.558124340538027
1758544352.958721,target,5,-0.4205604553222656,-3.24265283203125,3.113655561122644
1758544352.9786928,herder,1,-1.88796337890625,0.6804688720703125,0.8864119967022083
1758544352.9786928,herder,2,1.9280584716796876,-4.50707666015625,2.333745107467413
1758544352.9786928,target,1,0.38393756103515625,3.108046875,-2.2444565066519995
1758544352.9786928,target,2,2.320332763671875,1.4453787841796875,0.6152535284632207
1758544352.9786928,target,3,1.401248291015625,-4.3680029296875,-0.7339439603453272
1758544352.9786928,target,4,-2.1323701171875,1.345401611328125,-1.5599948117296443
1758544352.9786928,target,5,-0.4205704345703125,-3.24270703125,3.1132968333238105
1758544352.9985833,herder,1,-1.8848851318359374,0.6840667724609375,0.8873883781368586
1758544352.9985833,herder,2,1.9310167236328124,-4.50898486328125,2.3536362576492147
1758544352.9985833,target,1,0.38394683837890625,3.108010498046875,-2.2449968620371763
1758544352.9985833,target,2,2.32036181640625,1.445350341796875,0.6162870347032532
1758544352.9985833,target,3,1.4004927978515624,-4.36878466796875,-0.731999253538324
1758544352.9985833,target,4,-2.132363525390625,1.3454658203125,-1.5585435220936055
1758544352.9985833,target,5,-0.4205662841796875,-3.24264599609375,3.1138683476937414
1758544353.018672,herder,1,-1.8815723876953125,0.6889086303710937,0.8875686075636298
1758544353.018672,herder,2,1.9330626220703124,-4.5102431640625,2.3762257226474848
1758544353.018672,target,1,0.38396099853515625,3.1080146484375,-2.244871160833725
1758544353.018672,target,2,2.3203447265625,1.445393798828125,0.6156889553014486
1758544353.018672,target,3,1.4002781982421875,-4.3687822265625,-0.72931052610178
1758544353.018672,target,4,-2.13236083984375,1.3454976806640624,-1.557838450195007
1758544353.018672,target,5,-0.4205541381835938,-3.24263330078125,3.1135346536091544
1758544353.0388932,herder,1,-1.877333740234375,0.694609375,0.8858183780952297
1758544353.0388932,herder,2,1.9347677001953125,-4.51097607421875,2.4010740808823603
1758544353.0388932,target,1,0.38395538330078127,3.108011474609375,-2.244958512517479
1758544353.0388932,target,2,2.320316650390625,1.4453585205078125,0.6147358099473093
1758544353.0388932,target,3,1.4005107421875,-4.3690927734375,-0.7311845259818415
1758544353.0388932,target,4,-2.132628662109375,1.345427978515625,-1.555367169861468
1758544353.0388932,target,5,-0.4205525512695312,-3.242649169921875,3.113418806101736
1758544353.0587149,herder,1,-1.8737060546875,0.6997801513671875,0.8856898805726333
1758544353.0587149,herder,2,1.936693359375,-4.5122548828125,2.4260856908920574
1758544353.0587149,target,1,0.38392962646484374,3.10801953125,-2.2444272118800086
1758544353.0587149,target,2,2.3203359375,1.4453385009765625,0.6154318270982014
1758544353.0587149,target,3,1.40055029296875,-4.3687958984375,-0.7310323263255435
1758544353.0587149,target,4,-2.132657470703125,1.3453189697265624,-1.5564249774464476
1758544353.0587149,target,5,-0.4205162963867187,-3.24265478515625,3.1130622088317743
1758544353.0786896,herder,1,-1.87061474609375,0.7041220703125,0.8852892745656582
1758544353.0786896,herder,2,1.9393880615234376,-4.5136669921875,2.4496506717976234
1758544353.0786896,target,1,0.38397286987304685,3.108037353515625,-2.2450117757392807
1758544353.0786896,target,2,2.320306640625,1.4453719482421874,0.6157058663743706
1758544353.0786896,target,3,1.4006015625,-4.36888232421875,-0.7325111796788645
1758544353.0786896,target,4,-2.132723388671875,1.345328857421875,-1.5542855269847324
1758544353.0786896,target,5,-0.42052865600585937,-3.242636474609375,3.1137088243444455
1758544353.0985827,herder,1,-1.8673145751953124,0.7088626708984375,0.8846275456138007
1758544353.0985827,herder,2,1.94161962890625,-4.514708984375,2.471446248474941
1758544353.0985827,target,1,0.38396063232421873,3.10801806640625,-2.244919630365564
1758544353.0985827,target,2,2.320314697265625,1.445408935546875,0.6144694272592741
1758544353.0985827,target,3,1.4005635986328124,-4.3687646484375,-0.7304430353553362
1758544353.0985827,target,4,-2.132489501953125,1.345347900390625,-1.5568131331753265
1758544353.0985827,target,5,-0.4205322265625,-3.242618408203125,3.1139431825203725
1758544353.1187232,herder,1,-1.8631500244140624,0.7141026611328125,0.8842402554122759
1758544353.1187232,herder,2,1.9433812255859375,-4.51543212890625,2.492754732988883
1758544353.1187232,target,1,0.38400155639648437,3.1079931640625,-2.2446975227306516
1758544353.1187232,target,2,2.3203232421875,1.445384521484375,0.6151352841108212
1758544353.1187232,target,3,1.400686279296875,-4.368783203125,-0.7303893060803438
1758544353.1187232,target,4,-2.13268505859375,1.345328857421875,-1.5652763928034894
1758544353.1187232,target,5,-0.4205626525878906,-3.242634033203125,3.1143136282280026
1758544353.1385734,herder,1,-1.8592618408203125,0.7193004760742188,0.8848573098368473
1758544353.1385734,herder,2,1.9458145751953124,-4.51636279296875,2.5164006739915874
1758544353.1385734,target,1,0.3839656982421875,3.10801123046875,-2.244650651095466
1758544353.1385734,target,2,2.320338134765625,1.445376708984375,0.6149527909971234
1758544353.1385734,target,3,1.4005794677734376,-4.3688271484375,-0.7317785440629837
1758544353.1385734,target,4,-2.1326669921875,1.3453812255859374,-1.565134180001279
1758544353.1385734,target,5,-0.4205457763671875,-3.242658935546875,3.113452894563689
1758544353.1585822,herder,1,-1.8564150390625,0.72305517578125,0.8858069265025423
1758544353.1585822,herder,2,1.9481973876953125,-4.5164814453125,2.5419688846691115
1758544353.1585822,target,1,0.38396435546875,3.10801123046875,-2.2448706282015065
1758544353.1585822,target,2,2.32032958984375,1.445418212890625,0.615785228574855
1758544353.1585822,target,3,1.400606201171875,-4.36869970703125,-0.7330921482706653
1758544353.1585822,target,4,-2.1326435546875,1.345428466796875,-1.5610494235213155
1758544353.1585822,target,5,-0.42056210327148436,-3.242635986328125,3.1141048363985404
1758544353.1787722,herder,1,-1.85283740234375,0.7280780639648438,0.8854842179574519
1758544353.1787722,herder,2,1.94961962890625,-4.51639599609375,2.5708764330374856
1758544353.1787722,target,1,0.3839524230957031,3.108022705078125,-2.2455382826867893
1758544353.1787722,target,2,2.3203671875,1.445406982421875,0.6148348795398602
1758544353.1787722,target,3,1.400553955078125,-4.3687021484375,-0.7337411606283176
1758544353.1787722,target,4,-2.13251806640625,1.345465087890625,-1.5603219810695605
1758544353.1787722,target,5,-0.42053182983398435,-3.242633544921875,3.1129588781814794
1758544353.1986322,herder,1,-1.849189697265625,0.7332560424804687,0.8851625746767976
1758544353.1986322,herder,2,1.95148291015625,-4.51631884765625,2.6021315579067643
1758544353.1986322,target,1,0.38395736694335936,3.108028076171875,-2.24548448683277
1758544353.1986322,target,2,2.320369873046875,1.4454373779296874,0.6145822121314389
1758544353.1986322,target,3,1.4005628662109375,-4.36861279296875,-0.7311867230897409
1758544353.1986322,target,4,-2.132444580078125,1.34557666015625,-1.5619331935290584
1758544353.1986322,target,5,-0.42051187133789064,-3.24262109375,3.1131990953118045
1758544353.2186978,herder,1,-1.8458011474609375,0.7380540161132813,0.8848263505891751
1758544353.2186978,herder,2,1.953242919921875,-4.51635546875,2.634607209503627
1758544353.2186978,target,1,0.3839536437988281,3.108033935546875,-2.244681543764111
1758544353.2186978,target,2,2.320327392578125,1.4453995361328125,0.614667832760485
1758544353.2186978,target,3,1.400634521484375,-4.36863916015625,-0.7328667116843901
1758544353.2186978,target,4,-2.13219189453125,1.3454178466796876,-1.562999256913417
1758544353.2186978,target,5,-0.42051495361328123,-3.24263232421875,3.1130068150811008
1758544353.2387388,herder,1,-1.842121337890625,0.742950927734375,0.8848776164401592
1758544353.2387388,herder,2,1.9539974365234376,-4.516140625,2.6690727750669963
1758544353.2387388,target,1,0.3839817810058594,3.108018310546875,-2.2449060482440046
1758544353.2387388,target,2,2.320353759765625,1.4454151611328125,0.6159446187660962
1758544353.2387388,target,3,1.4005289306640625,-4.36870751953125,-0.7313671522535937
1758544353.2387388,target,4,-2.13233544921875,1.3455791015625,-1.5624860657713588
1758544353.2387388,target,5,-0.42054449462890625,-3.24261865234375,3.113615081074075
1758544353.2587473,herder,1,-1.8380943603515625,0.7481669311523438,0.8843052365428739
1758544353.2587473,herder,2,1.954466796875,-4.5154150390625,2.7040091875110916
1758544353.2587473,target,1,0.38397796630859377,3.108036376953125,-2.2452623791978574
1758544353.2587473,target,2,2.32037060546875,1.4454127197265625,0.6161339695196009
1758544353.2587473,target,3,1.400572265625,-4.3685859375,-0.732677760405049
1758544353.2587473,target,4,-2.132374755859375,1.3456060791015625,-1.562807908789095
1758544353.2587473,target,5,-0.4205224609375,-3.24261962890625,3.113529859919192
1758544353.2787313,herder,1,-1.83468017578125,0.7529298095703125,0.8841770053363865
1758544353.2787313,herder,2,1.9557080078125,-4.51530859375,2.74069236731417
1758544353.2787313,target,1,0.3839667663574219,3.108024169921875,-2.244958512517479
1758544353.2787313,target,2,2.3203232421875,1.4453675537109374,0.6154531989659493
1758544353.2787313,target,3,1.4006783447265625,-4.368751953125,-0.7330522008543141
1758544353.2787313,target,4,-2.132155517578125,1.345373046875,-1.5570094081476653
1758544353.2787313,target,5,-0.42047274780273436,-3.2426806640625,3.112157533009474
1758544353.2986326,herder,1,-1.8316348876953126,0.7570571899414062,0.8841225436920944
1758544353.2986326,herder,2,1.956758056640625,-4.51377392578125,2.7775710231412605
1758544353.2986326,target,1,0.3839654541015625,3.1080517578125,-2.2447659659706667
1758544353.2986326,target,2,2.320377685546875,1.4454080810546874,0.615516249304757
1758544353.2986326,target,3,1.4006337890625,-4.368859375,-0.7321036494530551
1758544353.2986326,target,4,-2.132542236328125,1.345387451171875,-1.5568968895916095
1758544353.2986326,target,5,-0.42052252197265627,-3.24264404296875,3.1133005617493366
1758544353.3186963,herder,1,-1.8285572509765624,0.7619005737304687,0.8846443235286682
1758544353.3186963,herder,2,1.9563970947265625,-4.512583984375,2.817389808811798
1758544353.3186963,target,1,0.38397509765625,3.10801513671875,-2.2440282703487147
1758544353.3186963,target,2,2.3203701171875,1.4454393310546876,0.6157420853651957
1758544353.3186963,target,3,1.4006650390625,-4.36871630859375,-0.7308570903258162
1758544353.3186963,target,4,-2.132476318359375,1.345279052734375,-1.5584662904219932
1758544353.3186963,target,5,-0.42055038452148436,-3.2426201171875,3.114528811644081
1758544353.3387372,herder,1,-1.82439697265625,0.767320068359375,0.8847692257837929
1758544353.3387372,herder,2,1.95678857421875,-4.511697265625,2.8576104654908288
1758544353.3387372,target,1,0.38394204711914065,3.1080078125,-2.244354507582249
1758544353.3387372,target,2,2.320322509765625,1.4453958740234376,0.6144114369265377
1758544353.3387372,target,3,1.400656005859375,-4.3686923828125,-0.7310869211278901
1758544353.3387372,target,4,-2.13271826171875,1.3452999267578125,-1.5524850969297843
1758544353.3387372,target,5,-0.42051937866210937,-3.242614501953125,3.113309616497043
1758544353.358721,herder,1,-1.8199688720703124,0.773265380859375,0.8837626174707702
1758544353.358721,herder,2,1.9568736572265626,-4.5108427734375,2.895319494945806
1758544353.358721,target,1,0.38394363403320314,3.108016357421875,-2.2443550402144674
1758544353.358721,target,2,2.320349365234375,1.4454097900390626,0.6158095964988292
1758544353.358721,target,3,1.4006282958984375,-4.3686689453125,-0.7325658410602384
1758544353.358721,target,4,-2.132847412109375,1.3454442138671876,-1.5520890848756894
1758544353.358721,target,5,-0.4205236206054688,-3.242612060546875,3.1134126808312286
1758544353.3787217,herder,1,-1.817274169921875,0.7769599609375,0.8827399636121798
1758544353.3787217,herder,2,1.9560067138671875,-4.510650390625,2.932470592152411
1758544353.3787217,target,1,0.3839676208496094,3.108024169921875,-2.244658107946518
1758544353.3787217,target,2,2.32036669921875,1.44538916015625,0.6158244436219064
1758544353.3787217,target,3,1.4006397705078124,-4.36887548828125,-0.7319222881828207
1758544353.3787217,target,4,-2.132700927734375,1.3453834228515624,-1.5547383975281004
1758544353.3787217,target,5,-0.4205257263183594,-3.24261669921875,3.1136169452868376
1758544353.3988101,herder,1,-1.8138062744140624,0.78177099609375,0.8805696204818197
1758544353.3988101,herder,2,1.955626953125,-4.509162109375,2.966524433011254
1758544353.3988101,target,1,0.3839718933105469,3.108021484375,-2.244673554280841
1758544353.3988101,target,2,2.32034619140625,1.4453828125,0.6153909475754687
1758544353.3988101,target,3,1.400715576171875,-4.3689052734375,-0.7311911838845667
1758544353.3988101,target,4,-2.13256884765625,1.345440185546875,-1.5557163102803775
1758544353.3988101,target,5,-0.42053314208984377,-3.242615478515625,3.113617211602947
1758544353.4187021,herder,1,-1.8097486572265624,0.7872652587890625,0.8796471014802163
1758544353.4187021,herder,2,1.95406591796875,-4.5081748046875,3.000385727323285
1758544353.4187021,target,1,0.38394720458984377,3.108018798828125,-2.2445598373022944
1758544353.4187021,target,2,2.320358642578125,1.445409423828125,0.6158997445017284
1758544353.4187021,target,3,1.400660888671875,-4.36878955078125,-0.7313810672702894
1758544353.4187021,target,4,-2.132345458984375,1.345403076171875,-1.5576609505083532
1758544353.4187021,target,5,-0.4205381164550781,-3.24262646484375,3.113318138612531
1758544353.43858,herder,1,-1.806412109375,0.7920604858398438,0.8796941062734561
1758544353.43858,herder,2,1.9522020263671875,-4.50724267578125,3.031419543505978
1758544353.43858,target,1,0.383931640625,3.108029541015625,-2.2447297469798415
1758544353.43858,target,2,2.320338623046875,1.445395751953125,0.6148121095125401
1758544353.43858,target,3,1.400645751953125,-4.36884375,-0.7322086445790315
1758544353.43858,target,4,-2.132298828125,1.345460693359375,-1.560680708868394
1758544353.43858,target,5,-0.420552978515625,-3.242599853515625,3.114120016416754
1758544353.4586487,herder,1,-1.80323681640625,0.7965150146484375,0.8805157580487729
1758544353.4586487,herder,2,1.9515155029296876,-4.5060771484375,3.060690879679257
1758544353.4586487,target,1,0.3839620666503906,3.108033935546875,-2.244398716056345
1758544353.4586487,target,2,2.320323486328125,1.445412109375,0.6149821523481416
1758544353.4586487,target,3,1.400648193359375,-4.36864013671875,-0.7312264707690103
1758544353.4586487,target,4,-2.13244140625,1.345417236328125,-1.558889999351425
1758544353.4586487,target,5,-0.4205460205078125,-3.242617919921875,3.1143378629939225
1758544353.478719,herder,1,-1.7995240478515624,0.8010955200195312,0.8807023790621602
1758544353.478719,herder,2,1.9497159423828125,-4.505673828125,3.089953960053157
1758544353.478719,target,1,0.38396224975585935,3.108014892578125,-2.2446892669312724
1758544353.478719,target,2,2.320391357421875,1.445452880859375,0.6159801053876215
1758544353.478719,target,3,1.4006287841796874,-4.3686455078125,-0.7316865984263486
1758544353.478719,target,4,-2.13255078125,1.3454949951171875,-1.559280019293067
1758544353.478719,target,5,-0.42054547119140623,-3.242638916015625,3.113921344599434
1758544353.498767,herder,1,-1.7955211181640625,0.8063577880859375,0.8818777652092666
1758544353.498767,herder,2,1.947010498046875,-4.50472607421875,3.1170095461994896
1758544353.498767,target,1,0.3839740905761719,3.108008056640625,-2.2446053773569346
1758544353.498767,target,2,2.320365478515625,1.4453887939453125,0.615308323002649
1758544353.498767,target,3,1.4006456298828125,-4.3686240234375,-0.7317567727210723
1758544353.498767,target,4,-2.132410400390625,1.3453592529296876,-1.554981677293679
1758544353.498767,target,5,-0.4205583801269531,-3.2426259765625,3.1138992403623864
1758544353.5186012,herder,1,-1.7917559814453126,0.811279541015625,0.8828769166712371
1758544353.5186012,herder,2,1.943870849609375,-4.50448974609375,-3.1395864943406364
1758544353.5186012,target,1,0.38397286987304685,3.10801806640625,-2.245502862644291
1758544353.5186012,target,2,2.320348876953125,1.4454185791015626,0.6148074489806323
1758544353.5186012,target,3,1.4006361083984376,-4.36879150390625,-0.7322228259118362
1758544353.5186012,target,4,-2.1323330078125,1.3454425048828125,-1.5587670944671177
1758544353.5186012,target,5,-0.42052426147460936,-3.2425986328125,3.1133751302598585
1758544353.5386672,herder,1,-1.78829443359375,0.816087890625,0.8832304513059451
1758544353.5386672,herder,2,1.9413211669921875,-4.50378369140625,-3.1153850179345413
1758544353.5386672,target,1,0.3839688720703125,3.108017822265625,-2.2450056504687734
1758544353.5386672,target,2,2.320334716796875,1.44539013671875,0.6152411447641518
1758544353.5386672,target,3,1.4006268310546874,-4.36877978515625,-0.729673315221276
1758544353.5386672,target,4,-2.132365966796875,1.345395263671875,-1.5597335556267073
1758544353.5386672,target,5,-0.420541748046875,-3.2426240234375,3.113585253669866
1758544353.558673,herder,1,-1.78481884765625,0.8207546997070313,0.8837165447839118
1758544353.558673,herder,2,1.938413330078125,-4.5034560546875,-3.09173028850024
1758544353.558673,target,1,0.3839883728027344,3.108013427734375,-2.244997394669394
1758544353.558673,target,2,2.320381103515625,1.4454208984375,0.6153763667685006
1758544353.558673,target,3,1.40066064453125,-4.36890576171875,-0.7297552740038232
1758544353.558673,target,4,-2.13247705078125,1.3453089599609376,-1.561521202508423
1758544353.558673,target,5,-0.4205664367675781,-3.242623779296875,3.1143442545805384
1758544353.5786314,herder,1,-1.7812171630859375,0.826078125,0.8840620233563223
1758544353.5786314,herder,2,1.9351278076171874,-4.5030732421875,-3.0685107195880565
1758544353.5786314,target,1,0.38397686767578126,3.1080224609375,-2.2449433324992656
1758544353.5786314,target,2,2.320364013671875,1.4454281005859375,0.6145806808138121
1758544353.5786314,target,3,1.4006348876953125,-4.368896484375,-0.7303215286306013
1758544353.5786314,target,4,-2.132842529296875,1.3453636474609374,-1.5554000599009306
1758544353.5786314,target,5,-0.4205551452636719,-3.242627197265625,3.114064888982189
1758544353.5986884,herder,1,-1.777285888671875,0.8313829956054688,0.8839578937577003
1758544353.5986884,herder,2,1.932366455078125,-4.50285302734375,-3.046716740807393
1758544353.5986884,target,1,0.38397726440429686,3.10801953125,-2.244714300645519
1758544353.5986884,target,2,2.320336181640625,1.4454110107421876,0.6152685753233796
1758544353.5986884,target,3,1.4006717529296875,-4.36874951171875,-0.7316013106924389
1758544353.5986884,target,4,-2.132650390625,1.34534521484375,-1.5549676956979561
1758544353.5986884,target,5,-0.42054058837890623,-3.24263427734375,3.1138696792742864
1758544353.6188185,herder,1,-1.7738050537109376,0.835621826171875,0.8844837349149365
1758544353.6188185,herder,2,1.929233154296875,-4.50257177734375,-3.027351831256991
1758544353.6188185,target,1,0.383982421875,3.108028076171875,-2.244787537575496
1758544353.6188185,target,2,2.32034130859375,1.4453658447265625,0.6171752655058218
1758544353.6188185,target,3,1.4006488037109375,-4.36871630859375,-0.7308031613137421
1758544353.6188185,target,4,-2.132835205078125,1.3453267822265624,-1.5524306352854922
1758544353.6188185,target,5,-0.4205537109375,-3.2426123046875,3.114235331291954
1758544353.638625,herder,1,-1.7702568359375,0.8403107299804687,0.8852535882070511
1758544353.638625,herder,2,1.925599609375,-4.502708984375,-3.009566708865224
1758544353.638625,target,1,0.3839751892089844,3.107998046875,-2.245156651702581
1758544353.638625,target,2,2.32036279296875,1.4454146728515624,0.6155637867302148
1758544353.638625,target,3,1.400650634765625,-4.368841796875,-0.731301705069805
1758544353.638625,target,4,-2.132683349609375,1.3453323974609375,-1.5534616781015163
1758544353.638625,target,5,-0.42053167724609375,-3.24260888671875,3.1135021630438553
1758544353.6586785,herder,1,-1.766352294921875,0.8448858032226563,0.8862097296174168
1758544353.6586785,herder,2,1.9214149169921875,-4.50288232421875,-2.9940093207253082
1758544353.6586785,target,1,0.38397213745117187,3.108029541015625,-2.2443632960138467
1758544353.6586785,target,2,2.320360107421875,1.44543310546875,0.6159494124560584
1758544353.6586785,target,3,1.400708740234375,-4.36873974609375,-0.731182794927133
1758544353.6586785,target,4,-2.132826904296875,1.3453043212890625,-1.5591950644542933
1758544353.6586785,target,5,-0.4205425109863281,-3.24260546875,3.114397251486231
1758544353.6786437,herder,1,-1.76314697265625,0.85095361328125,0.884805977406836
1758544353.6786437,herder,2,1.917682373046875,-4.50330126953125,-2.9779973309873156
1758544353.6786437,target,1,0.38397662353515627,3.1080126953125,-2.2444666266641415
1758544353.6786437,target,2,2.320345458984375,1.4453765869140625,0.6148804861735279
1758544353.6786437,target,3,1.40065234375,-4.3687138671875,-0.7304846472473687
1758544353.6786437,target,4,-2.132674072265625,1.3453348388671875,-1.561144365214177
1758544353.6786437,target,5,-0.42051632690429686,-3.24265625,3.1129636718714413
1758544353.6988657,herder,1,-1.7598927001953124,0.8554678955078125,0.883248893696494
1758544353.6988657,herder,2,1.915074951171875,-4.50335693359375,-2.96120769821102
1758544353.6988657,target,1,0.3839449462890625,3.108010986328125,-2.2447979239037474
1758544353.6988657,target,2,2.320345947265625,1.4453990478515626,0.6155210429947191
1758544353.6988657,target,3,1.4005482177734374,-4.36887646484375,-0.7318698904883734
1758544353.6988657,target,4,-2.13258203125,1.3454434814453125,-1.563939352778215
1758544353.6988657,target,5,-0.42054263305664064,-3.242671875,3.11405663318281
1758544353.7186747,herder,1,-1.75651171875,0.8597932739257812,0.8825092007037244
1758544353.7186747,herder,2,1.9115604248046876,-4.50350341796875,-2.9445304508327257
1758544353.7186747,target,1,0.38398724365234377,3.10802978515625,-2.2447300132959502
1758544353.7186747,target,2,2.32035791015625,1.4454285888671874,0.6150864816838454
1758544353.7186747,target,3,1.4006092529296874,-4.36878173828125,-0.7320019166994141
1758544353.7186747,target,4,-2.132629150390625,1.345418212890625,-1.5599808301339213
1758544353.7186747,target,5,-0.4205442199707031,-3.24263818359375,3.114329873510652
1758544353.7387385,herder,1,-1.7531385498046874,0.8646515502929687,0.8834349820776632
1758544353.7387385,herder,2,1.90750390625,-4.5037578125,-2.928163461721426
1758544353.7387385,target,1,0.38394921875,3.108021484375,-2.244347317047306
1758544353.7387385,target,2,2.320347412109375,1.4453961181640624,0.6147363425795273
1758544353.7387385,target,3,1.4007567138671875,-4.36870166015625,-0.7332292344877771
1758544353.7387385,target,4,-2.132607421875,1.34545947265625,-1.5609978913542226
1758544353.7387385,target,5,-0.42054922485351565,-3.242653076171875,3.113993516264975
1758544353.7586482,herder,1,-1.74920458984375,0.8691744384765625,0.8832739939897679
1758544353.7586482,herder,2,1.9036292724609376,-4.50420751953125,-2.91061429540224
1758544353.7586482,target,1,0.38399734497070315,3.1080029296875,-2.2452828855382507
1758544353.7586482,target,2,2.320329345703125,1.4453702392578125,0.614618164806155
1758544353.7586482,target,3,1.4005330810546874,-4.36866259765625,-0.7319734208757502
1758544353.7586482,target,4,-2.132622802734375,1.34531494140625,-1.5560217748574094
1758544353.7586482,target,5,-0.4205367736816406,-3.242630126953125,3.1140752753104404
1758544353.7787156,herder,1,-1.745620849609375,0.8744232788085937,0.883244699217777
1758544353.7787156,herder,2,1.900534423828125,-4.50443310546875,-2.894323206382007
1758544353.7787156,target,1,0.383970458984375,3.10801708984375,-2.244314293849789
1758544353.7787156,target,2,2.3203349609375,1.445397216796875,0.6149453341460712
1758544353.7787156,target,3,1.400572509765625,-4.3686669921875,-0.7321991903571617
1758544353.7787156,target,4,-2.132593994140625,1.34536865234375,-1.556322578902534
1758544353.7787156,target,5,-0.4205514526367187,-3.242619873046875,3.1140028373287905
1758544353.798719,herder,1,-1.7421229248046874,0.8791753540039062,0.8830275850099084
1758544353.798719,herder,2,1.8971236572265624,-4.5048994140625,-2.8778965624622894
1758544353.798719,target,1,0.3839596252441406,3.108036376953125,-2.2446019152475176
1758544353.798719,target,2,2.320366455078125,1.4454034423828126,0.6152929432473538
1758544353.798719,target,3,1.4007142333984375,-4.36880224609375,-0.7335921567653276
1758544353.798719,target,4,-2.13234423828125,1.3453013916015626,-1.5611038851656076
1758544353.798719,target,5,-0.42055462646484376,-3.2426435546875,3.113858760313817
1758544353.8187463,herder,1,-1.739130126953125,0.8841048583984376,0.8822656546220367
1758544353.8187463,herder,2,1.8929312744140625,-4.5058759765625,-2.861153002372852
1758544353.8187463,target,1,0.3839383850097656,3.108012451171875,-2.2448141691863968
1758544353.8187463,target,2,2.320359375,1.445388427734375,0.61524966687964
1758544353.8187463,target,3,1.4006591796875,-4.368921875,-0.7315988472684306
1758544353.8187463,target,4,-2.13265234375,1.34524951171875,-1.550290119559341
1758544353.8187463,target,5,-0.4205416259765625,-3.242670166015625,3.113818546581357
1758544353.838597,herder,1,-1.7352821044921876,0.8896135864257813,0.8826036097643677
1758544353.838597,herder,2,1.8891402587890624,-4.5065673828125,-2.845460059333451
1758544353.838597,target,1,0.3839671020507813,3.108008056640625,-2.2450040525721198
1758544353.838597,target,2,2.32033544921875,1.445340087890625,0.6158099959729927
1758544353.838597,target,3,1.4006993408203126,-4.3688740234375,-0.7312814650455204
1758544353.838597,target,4,-2.1326181640625,1.345412353515625,-1.554608035792741
1758544353.838597,target,5,-0.4205330505371094,-3.24264892578125,3.114060894240554
1758544353.8586805,herder,1,-1.731130615234375,0.8941881103515625,0.8822938175505642
1758544353.8586805,herder,2,1.886069091796875,-4.50717626953125,-2.829727701509917
1758544353.8586805,target,1,0.3839681396484375,3.108010009765625,-2.244309766475936
1758544353.8586805,target,2,2.320309814453125,1.4453631591796876,0.6162235183112548
1758544353.8586805,target,3,1.4006634521484376,-4.3687919921875,-0.7324342809023885
1758544353.8586805,target,4,-2.13249755859375,1.3454920654296876,-1.5569906328619803
1758544353.8586805,target,5,-0.42054702758789064,-3.242643310546875,3.1140443826417954
1758544353.8787618,herder,1,-1.7276842041015625,0.89912890625,0.885240605296737
1758544353.8787618,herder,2,1.8818992919921875,-4.5080146484375,-2.814332499880387
1758544353.8787618,target,1,0.38395870971679685,3.1080322265625,-2.245084213720931
1758544353.8787618,target,2,2.32034765625,1.4453447265625,0.6154152489204158
1758544353.8787618,target,3,1.4006236572265625,-4.36870361328125,-0.7314600299966102
1758544353.8787618,target,4,-2.13230810546875,1.345406494140625,-1.557681190532638
1758544353.8787618,target,5,-0.4205137023925781,-3.242626708984375,3.1134382471776934
1758544353.8987079,herder,1,-1.724408935546875,0.9028230590820312,0.8859767030220349
1758544353.8987079,herder,2,1.877827392578125,-4.508802734375,-2.799679521246662
1758544353.8987079,target,1,0.38397802734375,3.108013671875,-2.2451768917268655
1758544353.8987079,target,2,2.3203359375,1.4453602294921875,0.6141254134254631
1758544353.8987079,target,3,1.400705810546875,-4.3688525390625,-0.7309919128560015
1758544353.8987079,target,4,-2.132447265625,1.345426025390625,-1.5600836281519983
1758544353.8987079,target,5,-0.4205189208984375,-3.242651123046875,3.113457421937542
1758544353.918796,herder,1,-1.7206654052734376,0.9079395141601563,0.8861679179883025
1758544353.918796,herder,2,1.8747315673828124,-4.5096806640625,-2.7853655630197043
1758544353.918796,target,1,0.38399969482421875,3.108022216796875,-2.2453087182008247
1758544353.918796,target,2,2.320333251953125,1.4453758544921875,0.6150081181687699
1758544353.918796,target,3,1.4006373291015626,-4.36884765625,-0.7311985075775644
1758544353.918796,target,4,-2.132674560546875,1.3452841796875,-1.5638369542343016
1758544353.918796,target,5,-0.4204920654296875,-3.242611572265625,3.112983645579617
1758544353.9386744,herder,1,-1.71703515625,0.9135032958984375,0.8853269582950828
1758544353.9386744,herder,2,1.870854736328125,-4.510818359375,-2.7713048714124127
1758544353.9386744,target,1,0.3839459228515625,3.10801171875,-2.244951321982536
1758544353.9386744,target,2,2.32035546875,1.445388671875,0.615490882695374
1758544353.9386744,target,3,1.40071142578125,-4.3686884765625,-0.7323502581699964
1758544353.9386744,target,4,-2.1324833984375,1.345204345703125,-1.5601177166139513
1758544353.9386744,target,5,-0.4204737854003906,-3.24259765625,3.112772456905174
1758544353.9587007,herder,1,-1.7135936279296875,0.9183709106445312,0.8837656135269966
1758544353.9587007,herder,2,1.867000244140625,-4.5121708984375,-2.756536311587378
1758544353.9587007,target,1,0.38393865966796875,3.108005859375,-2.2448932650707722
1758544353.9587007,target,2,2.320322998046875,1.445343017578125,0.6155904849201429
1758544353.9587007,target,3,1.4005216064453125,-4.36857373046875,-0.7288493997590327
1758544353.9587007,target,4,-2.13241650390625,1.34530615234375,-1.5623442524433122
1758544353.9587007,target,5,-0.4204993591308594,-3.242622314453125,3.1133980334452334
1758544353.978716,herder,1,-1.7103311767578124,0.9225980834960937,0.8838495696803613
1758544353.978716,herder,2,1.8633248291015625,-4.5135693359375,-2.742194922801193
1758544353.978716,target,1,0.38396682739257815,3.1080341796875,-2.244724154341552
1758544353.978716,target,2,2.32035009765625,1.44538525390625,0.6163781148125339
1758544353.978716,target,3,1.4003333740234376,-4.36883056640625,-0.7289889494001529
1758544353.978716,target,4,-2.13225927734375,1.3453135986328124,-1.5620507720911854
1758544353.978716,target,5,-0.4204998779296875,-3.242623779296875,3.1132371785153925
1758544353.9987345,herder,1,-1.70718701171875,0.9269012451171875,0.8842623596493236
1758544353.9987345,herder,2,1.85946337890625,-4.51474365234375,-2.7280141226287387
1758544353.9987345,target,1,0.3839768981933594,3.10800830078125,-2.245010710474845
1758544353.9987345,target,2,2.320325927734375,1.4453980712890624,0.6162432922823486
1758544353.9987345,target,3,1.39859375,-4.37082958984375,-0.7211445418302973
1758544353.9987345,target,4,-2.13247998046875,1.345320556640625,-1.5575810556756509
1758544353.9987345,target,5,-0.4205103149414062,-3.242643798828125,3.1137032317061566
1758544354.0188186,herder,1,-1.7033934326171876,0.9321671752929688,0.8837530966698732
1758544354.0188186,herder,2,1.855883544921875,-4.51614306640625,-2.7139813942128934
1758544354.0188186,target,1,0.38395956420898436,3.10802392578125,-2.2451659727663964
1758544354.0188186,target,2,2.320342529296875,1.4453646240234375,0.6149612465335844
1758544354.0188186,target,3,1.3962166748046876,-4.373138671875,-0.7188445693338776
1758544354.0188186,target,4,-2.132551513671875,1.3453800048828124,-1.558949787317897
1758544354.0188186,target,5,-0.42053948974609373,-3.24262841796875,3.1140398552679422
1758544354.0387568,herder,1,-1.6991229248046875,0.9375902709960937,0.8828022150026604
1758544354.0387568,herder,2,1.85243994140625,-4.51708984375,-2.700436024276532
1758544354.0387568,target,1,0.3839395446777344,3.1080224609375,-2.244372883393771
1758544354.0387568,target,2,2.32031298828125,1.4453814697265626,0.6146341437726954
1758544354.0387568,target,3,1.3938782958984375,-4.3754375,-0.7125170983209311
1758544354.0387568,target,4,-2.132586181640625,1.34532470703125,-1.5571702630775062
1758544354.0387568,target,5,-0.42053756713867185,-3.242644775390625,3.1138750055964666
1758544354.0586998,herder,1,-1.6957574462890626,0.9424437255859375,0.8823079323043417
1758544354.0586998,herder,2,1.8480638427734375,-4.5189921875,-2.6870328671423813
1758544354.0586998,target,1,0.383985595703125,3.10801513671875,-2.245216839143217
1758544354.0586998,target,2,2.32032177734375,1.4453499755859376,0.6152296265924372
1758544354.0586998,target,3,1.3911993408203125,-4.37820751953125,-0.7051388105208666
1758544354.0586998,target,4,-2.132541015625,1.345459228515625,-1.561046094569953
1758544354.0586998,target,5,-0.4205179748535156,-3.242656005859375,3.1136763337791464
1758544354.078713,herder,1,-1.6921527099609375,0.9471492309570313,0.8820526683138576
1758544354.078713,herder,2,1.84380517578125,-4.5209111328125,-2.6740693979042027
1758544354.078713,target,1,0.3839752197265625,3.1080068359375,-2.2450988611069262
1758544354.078713,target,2,2.320365234375,1.4454140625,0.615259453996646
1758544354.078713,target,3,1.38812353515625,-4.380796875,-0.7032921746210056
1758544354.078713,target,4,-2.13237451171875,1.3454324951171874,-1.5609181296795747
1758544354.078713,target,5,-0.4205075988769531,-3.242628662109375,3.1134598187825233
1758544354.0986218,herder,1,-1.68857470703125,0.9523015747070313,0.8818330241029533
1758544354.0986218,herder,2,1.8410618896484374,-4.52163720703125,-2.661113119200967
1758544354.0986218,target,1,0.3839572448730469,3.108013916015625,-2.245051989471741
1758544354.0986218,target,2,2.32034814453125,1.445371826171875,0.6162087377672049
1758544354.0986218,target,3,1.38529248046875,-4.3834560546875,-0.7023884309050872
1758544354.0986218,target,4,-2.132300048828125,1.345353759765625,-1.5593592483354968
1758544354.0986218,target,5,-0.42049575805664063,-3.2425947265625,3.1130305172148023
1758544354.1187665,herder,1,-1.6844254150390625,0.957426025390625,0.8817833561486234
1758544354.1187665,herder,2,1.83733056640625,-4.52332421875,-2.6487808191411375
1758544354.1187665,target,1,0.383952392578125,3.108008544921875,-2.2446613037398264
1758544354.1187665,target,2,2.3203447265625,1.44540234375,0.6151601846670134
1758544354.1187665,target,3,1.38188623046875,-4.38689892578125,-0.6979202458071795
1758544354.1187665,target,4,-2.13260986328125,1.3454979248046874,-1.5578337896630994
1758544354.1187665,target,5,-0.42051702880859376,-3.24259765625,3.1135274630742114
1758544354.138752,herder,1,-1.681357177734375,0.9616358642578124,0.8826104674041747
1758544354.138752,herder,2,1.832885498046875,-4.5254638671875,-2.6357646193133752
1758544354.138752,target,1,0.38395541381835935,3.108032470703125,-2.244777683879463
1758544354.138752,target,2,2.320351318359375,1.4453848876953126,0.6144525161863521
1758544354.138752,target,3,1.377803955078125,-4.39063037109375,-0.6931615764133714
1758544354.138752,target,4,-2.13267138671875,1.3453924560546875,-1.5576140788731678
1758544354.138752,target,5,-0.420512451171875,-3.242614013671875,3.113154087889382
1758544354.1589117,herder,1,-1.6776416015625,0.966091796875,0.8823637921082061
1758544354.1589117,herder,2,1.8296197509765626,-4.52686376953125,-2.6238826597938774
1758544354.1589117,target,1,0.3839546203613281,3.10803369140625,-2.2444858014239903
1758544354.1589117,target,2,2.32035107421875,1.44538671875,0.6153940102107224
1758544354.1589117,target,3,1.37401904296875,-4.39419287109375,-0.688253769998519
1758544354.1589117,target,4,-2.1327939453125,1.3452894287109376,-1.5481856896659603
1758544354.1589117,target,5,-0.420505126953125,-3.2425849609375,3.1131322499684435
1758544354.17864,herder,1,-1.6739403076171875,0.9713106689453125,0.8829297804188752
1758544354.17864,herder,2,1.825498291015625,-4.52922021484375,-2.610489888987978
1758544354.17864,target,1,0.38400299072265626,3.1080263671875,-2.245078887398751
1758544354.17864,target,2,2.320344970703125,1.44538525390625,0.614617099541719
1758544354.17864,target,3,1.3706129150390625,-4.39735107421875,-0.6805616286639885
1758544354.17864,target,4,-2.132822509765625,1.3450849609375,-1.5592387402961707
1758544354.17864,target,5,-0.420487548828125,-3.242593505859375,3.1135040272566186
1758544354.1988509,herder,1,-1.6702125244140624,0.9763807983398437,0.8825868984285274
1758544354.1988509,herder,2,1.821349609375,-4.53098193359375,-2.597949063414795
1758544354.1988509,target,1,0.383956298828125,3.10801806640625,-2.244415493971212
1758544354.1988509,target,2,2.3203369140625,1.44538916015625,0.6151015951230316
1758544354.1988509,target,3,1.366168701171875,-4.401087890625,-0.6744004720611175
1758544354.1988509,target,4,-2.132996826171875,1.34513525390625,-1.5569649333574611
1758544354.1988509,target,5,-0.42049307250976564,-3.24258935546875,3.1139027024718033
1758544354.2188008,herder,1,-1.66734912109375,0.9806104125976562,0.8826337034846856
1758544354.2188008,herder,2,1.8181734619140626,-4.5326630859375,-2.5851262090821723
1758544354.2188008,target,1,0.3839735412597656,3.108042236328125,-2.2449310819582515
1758544354.2188008,target,2,2.3203515625,1.4454278564453125,0.6148075821386869
1758544354.2188008,target,3,1.36226220703125,-4.40497314453125,-0.6683709421951236
1758544354.2188008,target,4,-2.132768310546875,1.34522509765625,-1.5560195111704829
1758544354.2188008,target,5,-0.4204862976074219,-3.242624755859375,3.1129586118653703
1758544354.238682,herder,1,-1.6636942138671875,0.9851760864257812,0.8820550651588387
1758544354.238682,herder,2,1.8146317138671875,-4.534525390625,-2.573445051908867
1758544354.238682,target,1,0.38397509765625,3.108025634765625,-2.2448133702380697
1758544354.238682,target,2,2.320352783203125,1.4453865966796875,0.6152193068432131
1758544354.238682,target,3,1.357811279296875,-4.408853515625,-0.6628752429696361
1758544354.238682,target,4,-2.132828125,1.3452239990234376,-1.5604242464554194
1758544354.238682,target,5,-0.4204962463378906,-3.2426064453125,3.1136419790010845
1758544354.2591202,herder,1,-1.6598529052734374,0.990310302734375,0.8822166524579792
1758544354.2591202,herder,2,1.8102562255859376,-4.5370185546875,-2.5621125025222526
1758544354.2591202,target,1,0.38393914794921874,3.10801220703125,-2.244716963806609
1758544354.2591202,target,2,2.320349853515625,1.445409912109375,0.615141342802301
1758544354.2591202,target,3,1.353198974609375,-4.4131171875,-0.6543758975087027
1758544354.2591202,target,4,-2.132720703125,1.3453123779296876,-1.5595054558793422
1758544354.2591202,target,5,-0.420505859375,-3.242595947265625,3.113723205414332
1758544354.2787983,herder,1,-1.6566689453125,0.9943114013671875,0.8822425516995802
1758544354.2787983,herder,2,1.8062572021484375,-4.53935595703125,-2.5502366682732625
1758544354.2787983,target,1,0.38396368408203124,3.10801904296875,-2.2447686291317566
1758544354.2787983,target,2,2.3203203125,1.4453939208984374,0.6153930781043409
1758544354.2787983,target,3,1.348736572265625,-4.41712744140625,-0.6478405667726754
1758544354.2787983,target,4,-2.132783935546875,1.34531201171875,-1.5598712410550646
1758544354.2787983,target,5,-0.4205186767578125,-3.2425908203125,3.113822541322992
1758544354.2990766,herder,1,-1.6533394775390624,0.9992911987304688,0.8822456809138611
1758544354.2990766,herder,2,1.802902099609375,-4.54130078125,-2.5380007746448934
1758544354.2990766,target,1,0.3839627380371094,3.108036865234375,-2.2446658311136796
1758544354.2990766,target,2,2.3203310546875,1.4453927001953124,0.6150908758996441
1758544354.2990766,target,3,1.3437608642578125,-4.42073046875,-0.6389752363989379
1758544354.2990766,target,4,-2.13266943359375,1.3453839111328125,-1.5615471683290514
1758544354.2990766,target,5,-0.4205283203125,-3.242606201171875,3.114098444811924
1758544354.3191555,herder,1,-1.649232666015625,1.00471826171875,0.8812807510718982
1758544354.3191555,herder,2,1.79939794921875,-4.543583984375,-2.526498049264623
1758544354.3191555,target,1,0.38395806884765626,3.1080234375,-2.2446354710772525
1758544354.3191555,target,2,2.32034765625,1.4453934326171876,0.6147702313043986
1758544354.3191555,target,3,1.3393955078125,-4.424849609375,-0.6235627242223224
1758544354.3191555,target,4,-2.1326103515625,1.3452852783203124,-1.557940715580866
1758544354.3191555,target,5,-0.42053363037109376,-3.242606689453125,3.1137791317972234
1758544354.3386784,herder,1,-1.6456298828125,1.0099212646484375,0.8807695573006574
1758544354.3386784,herder,2,1.7951163330078126,-4.5465810546875,-2.5144467126997965
1758544354.3386784,target,1,0.38395501708984375,3.108011962890625,-2.245088741094784
1758544354.3386784,target,2,2.320363525390625,1.4454122314453124,0.6151278938387962
1758544354.3386784,target,3,1.3339952392578125,-4.4290322265625,-0.6227972651460063
1758544354.3386784,target,4,-2.132629150390625,1.3454110107421875,-1.5585981168959522
1758544354.3386784,target,5,-0.42050991821289063,-3.242598876953125,3.1131594142115624
1758544354.3588703,herder,1,-1.6425089111328126,1.0138526000976562,0.8802638895886786
1758544354.3588703,herder,2,1.79202587890625,-4.54815673828125,-2.503802590454968
1758544354.3588703,target,1,0.38396731567382814,3.108013671875,-2.2447305459281686
1758544354.3588703,target,2,2.320361328125,1.445390869140625,0.6155478743427016
1758544354.3588703,target,3,1.3294248046875,-4.433029296875,-0.6148249592647996
1758544354.3588703,target,4,-2.13259912109375,1.3452735595703125,-1.5583504429145747
1758544354.3588703,target,5,-0.4205431823730469,-3.242612060546875,3.1140459805384495
1758544354.3787339,herder,1,-1.639034423828125,1.0180222778320311,0.8807591709724061
1758544354.3787339,herder,2,1.788677490234375,-4.5502421875,-2.4918007886864166
1758544354.3787339,target,1,0.38402056884765623,3.108009521484375,-2.2452783581643976
1758544354.3787339,target,2,2.320388916015625,1.44540673828125,0.6152411447641518
1758544354.3787339,target,3,1.3246343994140626,-4.43721533203125,-0.6038996737878859
1758544354.3787339,target,4,-2.132533203125,1.34524755859375,-1.5585448536741506
1758544354.3787339,target,5,-0.42055828857421873,-3.242614501953125,3.1141357290671854
1758544354.3987174,herder,1,-1.635030517578125,1.0233316650390625,0.8812437331327461
1758544354.3987174,herder,2,1.7851563720703125,-4.55247265625,-2.4805729015306426
1758544354.3987174,target,1,0.38398052978515623,3.10804833984375,-2.2442498453514093
1758544354.3987174,target,2,2.320310546875,1.445370849609375,0.6159924225076632
1758544354.3987174,target,3,1.3192696533203125,-4.44110595703125,-0.5945218846413898
1758544354.3987174,target,4,-2.1327177734375,1.3451497802734376,-1.5633338831043855
1758544354.3987174,target,5,-0.4205440368652344,-3.242582763671875,3.113711487505536
1758544354.4186711,herder,1,-1.6306475830078124,1.028886474609375,0.8809846741377085
1758544354.4186711,herder,2,1.781232177734375,-4.55532080078125,-2.470260875473747
1758544354.4186711,target,1,0.3839744567871094,3.10803466796875,-2.24464692266994
1758544354.4186711,target,2,2.320341552734375,1.4454041748046875,0.6167923695200956
1758544354.4186711,target,3,1.314416259765625,-4.44504296875,-0.5913741613909707
1758544354.4186711,target,4,-2.13290185546875,1.34516015625,-1.557806758578035
1758544354.4186711,target,5,-0.42051446533203124,-3.2426171875,3.113053420400177
1758544354.4386213,herder,1,-1.62795068359375,1.03379248046875,0.8805478491399084
1758544354.4386213,herder,2,1.77710107421875,-4.55825927734375,-2.4601363359575927
1758544354.4386213,target,1,0.3839651794433594,3.108022705078125,-2.2446013826152997
1758544354.4386213,target,2,2.32033837890625,1.44535498046875,0.6146754893486189
1758544354.4386213,target,3,1.3085537109375,-4.4487763671875,-0.5822309301574834
1758544354.4386213,target,4,-2.132846923828125,1.3452645263671874,-1.5553305513964795
1758544354.4386213,target,5,-0.42055938720703123,-3.242616943359375,3.1141133585140284
1758544354.4587224,herder,1,-1.62485595703125,1.037462890625,0.8793080810734492
1758544354.4587224,herder,2,1.7732181396484374,-4.561279296875,-2.4496573297003486
1758544354.4587224,target,1,0.3839748840332031,3.108025146484375,-2.244985943076707
1758544354.4587224,target,2,2.32037744140625,1.4453841552734374,0.6165213928791802
1758544354.4587224,target,3,1.3035028076171875,-4.452609375,-0.5783058967638973
1758544354.4587224,target,4,-2.1328095703125,1.3453018798828125,-1.5613887102441917
1758544354.4587224,target,5,-0.4205572509765625,-3.24263134765625,3.1141748775352096
1758544354.4787402,herder,1,-1.6213917236328126,1.04179443359375,0.879781790852347
1758544354.4787402,herder,2,1.7695230712890626,-4.56384619140625,-2.4391977645190623
1758544354.4787402,target,1,0.3839550476074219,3.108023193359375,-2.2445667615211287
1758544354.4787402,target,2,2.3203310546875,1.4453321533203125,0.6159647256323263
1758544354.4787402,target,3,1.297761474609375,-4.45694384765625,-0.5709780092874626
1758544354.4787402,target,4,-2.132708984375,1.345269287109375,-1.5591608428342858
1758544354.4787402,target,5,-0.42055804443359374,-3.2426572265625,3.1140814005809476
1758544354.4987333,herder,1,-1.617536865234375,1.046763671875,0.8812747589594454
1758544354.4987333,herder,2,1.7658367919921876,-4.56652294921875,-2.4283310020071034
1758544354.4987333,target,1,0.3839818115234375,3.10802587890625,-2.244614432104641
1758544354.4987333,target,2,2.32034521484375,1.4453546142578124,0.6150572534908818
1758544354.4987333,target,3,1.29198876953125,-4.461130859375,-0.5658775231677428
1758544354.4987333,target,4,-2.132677001953125,1.3453577880859375,-1.556591824488741
1758544354.4987333,target,5,-0.420538330078125,-3.242648681640625,3.113701101177284
1758544354.5186617,herder,1,-1.6128961181640624,1.052572265625,0.8809194266910017
1758544354.5186617,herder,2,1.7623916015625,-4.569251953125,-2.4182666499315846
1758544354.5186617,target,1,0.38397064208984377,3.108013916015625,-2.2445329393752846
1758544354.5186617,target,2,2.320340087890625,1.445397705078125,0.6158592644531592
1758544354.5186617,target,3,1.28666064453125,-4.4653583984375,-0.5639029889565308
1758544354.5186617,target,4,-2.13268603515625,1.345392578125,-1.556932176476053
1758544354.5186617,target,5,-0.4205289611816406,-3.242630126953125,3.113637185311122
1758544354.5386887,herder,1,-1.6095462646484375,1.0573448486328125,0.8801791344869868
1758544354.5386887,herder,2,1.7588424072265625,-4.5721767578125,-2.408465950803984
1758544354.5386887,target,1,0.3839481506347656,3.10802001953125,-2.2446429279283047
1758544354.5386887,target,2,2.320307861328125,1.4453798828125,0.6154235712988222
1758544354.5386887,target,3,1.2811375732421875,-4.469787109375,-0.5583022946050669
1758544354.5386887,target,4,-2.1324453125,1.3453204345703125,-1.55800409881481
1758544354.5386887,target,5,-0.42053573608398437,-3.242634521484375,3.1138821961314096
1758544354.558774,herder,1,-1.606382568359375,1.061591064453125,0.8799230715481757
1758544354.558774,herder,2,1.7550980224609376,-4.575177734375,-2.3989989457609706
1758544354.558774,target,1,0.383954345703125,3.1080263671875,-2.2446085731502428
1758544354.558774,target,2,2.320323486328125,1.4453504638671875,0.6163800456043241
1758544354.558774,target,3,1.276059326171875,-4.473798828125,-0.556150626891851
1758544354.558774,target,4,-2.13244580078125,1.345282958984375,-1.5576610836664078
1758544354.558774,target,5,-0.4205310363769531,-3.24261962890625,3.1137756696878065
1758544354.5787106,herder,1,-1.603099365234375,1.0666651611328124,0.880068213827585
1758544354.5787106,herder,2,1.751658447265625,-4.57802099609375,-2.3895239512346866
1758544354.5787106,target,1,0.38399822998046873,3.1080166015625,-2.2448714271498336
1758544354.5787106,target,2,2.3203583984375,1.4453931884765625,0.6152484684571495
1758544354.5787106,target,3,1.2706151123046876,-4.47853564453125,-0.551266988663891
1758544354.5787106,target,4,-2.132870849609375,1.34536669921875,-1.5500128844898637
1758544354.5787106,target,5,-0.42055587768554686,-3.242658935546875,3.1137439780708345
1758544354.5987673,herder,1,-1.598780517578125,1.07219091796875,0.8798056927231305
1758544354.5987673,herder,2,1.7480738525390624,-4.58097216796875,-2.3811970454543356
1758544354.5987673,target,1,0.3839800720214844,3.10802197265625,-2.2453715688025504
1758544354.5987673,target,2,2.320359130859375,1.4453729248046876,0.6151065885500755
1758544354.5987673,target,3,1.2648353271484376,-4.48271923828125,-0.5486898476770213
1758544354.5987673,target,4,-2.132945068359375,1.345462158203125,-1.5501211419881755
1758544354.5987673,target,5,-0.4205998229980469,-3.242648193359375,3.1155623844631406
1758544354.6186795,herder,1,-1.59474072265625,1.0775362548828125,0.8794329833285739
1758544354.6186795,herder,2,1.7444290771484374,-4.5844501953125,-2.3714434842780294
1758544354.6186795,target,1,0.383959716796875,3.108026123046875,-2.2442596990474426
1758544354.6186795,target,2,2.320349609375,1.4453936767578126,0.6166856433394108
1758544354.6186795,target,3,1.25846142578125,-4.487263671875,-0.5473024406176309
1758544354.6186795,target,4,-2.132665283203125,1.345460205078125,-1.5555501290283564
1758544354.6186795,target,5,-0.42057061767578124,-3.242642822265625,3.113996712058283
1758544354.6385863,herder,1,-1.591353271484375,1.0815467529296876,0.879957759221374
1758544354.6385863,herder,2,1.7409119873046874,-4.5874345703125,-2.362591935762933
1758544354.6385863,target,1,0.383943359375,3.10802880859375,-2.2447577101712874
1758544354.6385863,target,2,2.320332275390625,1.4454024658203124,0.6156598602665395
1758544354.6385863,target,3,1.253484375,-4.49233251953125,-0.5463230631267543
1758544354.6385863,target,4,-2.132525390625,1.3452755126953124,-1.551921971517287
1758544354.6385863,target,5,-0.42051251220703123,-3.242776123046875,3.1122619289242053
1758544354.658744,herder,1,-1.5884085693359375,1.0854696044921874,0.8801204117849506
1758544354.658744,herder,2,1.7373287353515625,-4.59063134765625,-2.353469277448867
1758544354.658744,target,1,0.38397021484375,3.10802587890625,-2.2454149783283186
1758544354.658744,target,2,2.32037646484375,1.44542626953125,0.6164837757287828
1758544354.658744,target,3,1.2472144775390626,-4.49690625,-0.5335088973571881
1758544354.658744,target,4,-2.13264013671875,1.3453338623046875,-1.552462060586355
1758544354.658744,target,5,-0.42055014038085936,-3.242659423828125,3.113409485037921
1758544354.6787255,herder,1,-1.5845460205078126,1.0904281005859375,0.8784167876356269
1758544354.6787255,herder,2,1.73401318359375,-4.5940791015625,-2.3445410298943763
1758544354.6787255,target,1,0.3839603576660156,3.108010498046875,-2.2446746195452767
1758544354.6787255,target,2,2.320334228515625,1.4453897705078125,0.6148710985306853
1758544354.6787255,target,3,1.2407574462890625,-4.5010341796875,-0.5280211543254572
1758544354.6787255,target,4,-2.1326591796875,1.3454046630859375,-1.5569422964881954
1758544354.6787255,target,5,-0.4205715026855469,-3.242635986328125,3.114067552143279
1758544354.6986678,herder,1,-1.5804180908203125,1.0963955078125,0.8780356227046093
1758544354.6986678,herder,2,1.7309251708984374,-4.596724609375,-2.3372663390607156
1758544354.6986678,target,1,0.3839563903808594,3.108021728515625,-2.244681543764111
1758544354.6986678,target,2,2.320322998046875,1.445401611328125,0.6145043812485814
1758544354.6986678,target,3,1.2359842529296876,-4.50531005859375,-0.5295957816094802
1758544354.6986678,target,4,-2.132339111328125,1.3451923828125,-1.5546555732181988
1758544354.6986678,target,5,-0.4205420227050781,-3.242638671875,3.1140707479365872
1758544354.7187908,herder,1,-1.5771119384765624,1.1012431640625,0.8767434569437029
1758544354.7187908,herder,2,1.727237548828125,-4.600580078125,-2.328741027779154
1758544354.7187908,target,1,0.3839797668457031,3.108028076171875,-2.2449742251679106
1758544354.7187908,target,2,2.32034912109375,1.445395751953125,0.6153860207274521
1758544354.7187908,target,3,1.2306888427734375,-4.50979638671875,-0.5392075294577396
1758544354.7187908,target,4,-2.132619873046875,1.3453026123046874,-1.5607592721205514
1758544354.7187908,target,5,-0.42054391479492187,-3.242631591796875,3.1137469075480335
1758544354.7387412,herder,1,-1.57404541015625,1.104939208984375,0.8770107051590923
1758544354.7387412,herder,2,1.7237265625,-4.60433203125,-2.3201121195311885
1758544354.7387412,target,1,0.3839419250488281,3.10800439453125,-2.2446927290406893
1758544354.7387412,target,2,2.320346435546875,1.4453919677734375,0.6153522651606353
1758544354.7387412,target,3,1.223555908203125,-4.5146240234375,-0.5240551082510839
1758544354.7387412,target,4,-2.13254638671875,1.345385009765625,-1.56279445982559
1758544354.7387412,target,5,-0.42055712890625,-3.24262060546875,3.114165556471394
1758544354.7586975,herder,1,-1.5706552734375,1.1093160400390625,0.876671351857189
1758544354.7586975,herder,2,1.720211181640625,-4.6074404296875,-2.3127625938708967
1758544354.7586975,target,1,0.3839383850097656,3.108013916015625,-2.2450565168455943
1758544354.7586975,target,2,2.320326416015625,1.44535400390625,0.6144235543094975
1758544354.7586975,target,3,1.21975927734375,-4.51710302734375,-0.5294994750465601
1758544354.7586975,target,4,-2.13233984375,1.345245849609375,-1.560670855172361
1758544354.7586975,target,5,-0.4205473327636719,-3.24262744140625,3.11396262359633
1758544354.779099,herder,1,-1.56648486328125,1.1144698486328124,0.8765716164743655
1758544354.779099,herder,2,1.716798583984375,-4.61122412109375,-2.304713988424459
1758544354.779099,target,1,0.38398544311523436,3.10801416015625,-2.2449662356846405
1758544354.779099,target,2,2.320341064453125,1.4453856201171875,0.6154653163489092
1758544354.779099,target,3,1.2151580810546876,-4.52037939453125,-0.5257536723943365
1758544354.779099,target,4,-2.13243603515625,1.3452847900390625,-1.5591375401747476
1758544354.779099,target,5,-0.4205433349609375,-3.24260595703125,3.114401778860084
1758544354.7988367,herder,1,-1.562469970703125,1.119420654296875,0.8761676149370005
1758544354.7988367,herder,2,1.71318798828125,-4.6148349609375,-2.297150344612525
1758544354.7988367,target,1,0.3839413146972656,3.1080107421875,-2.2448868734841563
1758544354.7988367,target,2,2.32032763671875,1.4453489990234376,0.615489551114829
1758544354.7988367,target,3,1.2125535888671874,-4.5218671875,-0.532809484675906
1758544354.7988367,target,4,-2.1324609375,1.3454029541015624,-1.5581275363313352
1758544354.7988367,target,5,-0.42053424072265627,-3.242625244140625,3.1132475648436437
1758544354.818806,herder,1,-1.5599114990234375,1.1237718505859375,0.8758499663979813
1758544354.818806,herder,2,1.7099215087890625,-4.618126953125,-2.2897712578641336
1758544354.818806,target,1,0.3839525146484375,3.108012939453125,-2.244885275587502
1758544354.818806,target,2,2.320356689453125,1.44541357421875,0.615406859962982
1758544354.818806,target,3,1.2097113037109375,-4.52457275390625,-0.5257156224802619
1758544354.818806,target,4,-2.132361083984375,1.34541748046875,-1.5596462039429528
1758544354.818806,target,5,-0.42054330444335936,-3.2426513671875,3.113662219025369
1758544354.8385332,herder,1,-1.556983154296875,1.127815673828125,0.8738515968950131
1758544354.8385332,herder,2,1.7065538330078125,-4.6219345703125,-2.281719989256606
1758544354.8385332,target,1,0.38395053100585935,3.108044189453125,-2.244573685739963
1758544354.8385332,target,2,2.320369873046875,1.4453968505859376,0.6156171165310437
1758544354.8385332,target,3,1.2080794677734374,-4.525771484375,-0.5248989308424755
1758544354.8385332,target,4,-2.13228173828125,1.3453907470703126,-1.5591616417826129
1758544354.8385332,target,5,-0.42052822875976564,-3.242662841796875,3.112917066552365
1758544354.8587184,herder,1,-1.5532305908203126,1.133341064453125,0.8735505931128069
1758544354.8587184,herder,2,1.7029598388671876,-4.62551318359375,-2.273966728375058
1758544354.8587184,target,1,0.383953857421875,3.108033935546875,-2.245009911526518
1758544354.8587184,target,2,2.320360107421875,1.445385498046875,0.6156746408105894
1758544354.8587184,target,3,1.2057176513671874,-4.52750927734375,-0.5304878074166022
1758544354.8587184,target,4,-2.13211962890625,1.345269287109375,-1.557773735380518
1758544354.8587184,target,5,-0.4205228271484375,-3.242619384765625,3.113490445135059
1758544354.8791614,herder,1,-1.5485845947265624,1.1389197998046876,0.8743019374353455
1758544354.8791614,herder,2,1.6996343994140626,-4.6294228515625,-2.266830788234191
1758544354.8791614,target,1,0.38393048095703125,3.10802392578125,-2.2441537052360574
1758544354.8791614,target,2,2.320321044921875,1.4454017333984375,0.615012112910405
1758544354.8791614,target,3,1.2047935791015625,-4.52738671875,-0.5063963195635274
1758544354.8791614,target,4,-2.13215771484375,1.3453759765625,-1.5601905540697651
1758544354.8791614,target,5,-0.4205212707519531,-3.24264501953125,3.1131333152328793
1758544354.8989732,herder,1,-1.5447054443359376,1.1432032470703124,0.8752217932758588
1758544354.8989732,herder,2,1.6962838134765625,-4.63350634765625,-2.260381943654564
1758544354.8989732,target,1,0.3839394836425781,3.10802685546875,-2.244983279915617
1758544354.8989732,target,2,2.32035107421875,1.445405517578125,0.615602935198239
1758544354.8989732,target,3,1.203605224609375,-4.5280546875,-0.5176266701433098
1758544354.8989732,target,4,-2.132415283203125,1.345234619140625,-1.5571204619651218
1758544354.8989732,target,5,-0.4205208435058594,-3.242633544921875,3.1134430408676557
1758544354.9188597,herder,1,-1.5415206298828126,1.147644775390625,0.8762319968563531
1758544354.9188597,herder,2,1.693338623046875,-4.63699609375,-2.2541517446004327
1758544354.9188597,target,1,0.38396640014648437,3.108023681640625,-2.2445286783175407
1758544354.9188597,target,2,2.32030615234375,1.4454111328125,0.6157641896022433
1758544354.9188597,target,3,1.2032796630859375,-4.52842041015625,-0.5150810210363304
1758544354.9188597,target,4,-2.13238818359375,1.345265625,-1.5570541492539787
1758544354.9188597,target,5,-0.4205130615234375,-3.242640625,3.113588982095392
1758544354.9387255,herder,1,-1.5377418212890626,1.1528184814453124,0.8760157481758387
1758544354.9387255,herder,2,1.68982763671875,-4.6411650390625,-2.247744977966029
1758544354.9387255,target,1,0.38395803833007813,3.108034912109375,-2.24470870800723
1758544354.9387255,target,2,2.320318359375,1.4453612060546874,0.6152912121926453
1758544354.9387255,target,3,1.2036002197265625,-4.527994140625,-0.5201865671621212
1758544354.9387255,target,4,-2.13228515625,1.3452978515625,-1.5583459155407215
1758544354.9387255,target,5,-0.42051129150390626,-3.2426318359375,3.1126933610207983
1758544354.9587443,herder,1,-1.5334754638671875,1.1587806396484375,0.8764672871386616
1758544354.9587443,herder,2,1.686017333984375,-4.6458544921875,-2.2411270226571824
1758544354.9587443,target,1,0.38396902465820315,3.107997802734375,-2.2449404030220665
1758544354.9587443,target,2,2.320314697265625,1.4453685302734376,0.6148352790140237
1758544354.9587443,target,3,1.20391015625,-4.528408203125,-0.5241431923041383
1758544354.9587443,target,4,-2.132216064453125,1.3452564697265625,-1.5582179506503433
1758544354.9587443,target,5,-0.4205331726074219,-3.242671630859375,3.1132339827220843
1758544354.9786987,herder,1,-1.5301363525390625,1.163134765625,0.8753630739716876
1758544354.9786987,herder,2,1.6831500244140625,-4.6493046875,-2.235776465711104
1758544354.9786987,target,1,0.38403973388671875,3.10797998046875,-2.2453049897752986
1758544354.9786987,target,2,2.320322265625,1.445374755859375,0.6144513843428888
1758544354.9786987,target,3,1.2037991943359374,-4.527099609375,-0.5509037002016905
1758544354.9786987,target,4,-2.132182373046875,1.3452957763671876,-1.5557565240128377
1758544354.9786987,target,5,-0.4205367431640625,-3.242653076171875,3.113626000034544
1758544354.9987223,herder,1,-1.5268885498046876,1.166984375,0.8758615511487231
1758544354.9987223,herder,2,1.6802376708984375,-4.65316455078125,-2.230526709412285
1758544354.9987223,target,1,0.383943603515625,3.10801171875,-2.244973159903475
1758544354.9987223,target,2,2.32032861328125,1.4453604736328125,0.615112514083501
1758544354.9987223,target,3,1.2033497314453125,-4.5265751953125,-0.5312022336685296
1758544354.9987223,target,4,-2.132164794921875,1.3453970947265625,-1.5595711028002126
1758544354.9987223,target,5,-0.42052294921875,-3.242622802734375,3.1131990953118045
1758544355.0185976,herder,1,-1.522960205078125,1.17221142578125,0.8763616262224128
1758544355.0185976,herder,2,1.67685888671875,-4.6573330078125,-2.22389490566577
1758544355.0185976,target,1,0.3839573974609375,3.108033447265625,-2.2444623656063976
1758544355.0185976,target,2,2.320302978515625,1.4453724365234375,0.6147574481311662
1758544355.0185976,target,3,1.2033304443359376,-4.5284931640625,-0.5218050367355896
1758544355.0185976,target,4,-2.132113037109375,1.345353515625,-1.5609299807464256
1758544355.0185976,target,5,-0.42053106689453124,-3.242601318359375,3.113699769596739
1758544355.0386622,herder,1,-1.5189512939453125,1.17716015625,0.8760200758126101
1758544355.0386622,herder,2,1.673531982421875,-4.66166064453125,-2.217393729970723
1758544355.0386622,target,1,0.3839764709472656,3.1080234375,-2.2448977924446254
1758544355.0386622,target,2,2.320310791015625,1.4453907470703125,0.6146732256616924
1758544355.0386622,target,3,1.2006114501953125,-4.5279521484375,-0.5375354304778198
1758544355.0386622,target,4,-2.132458251953125,1.3453099365234376,-1.553015598618928
1758544355.0386622,target,5,-0.4205137023925781,-3.242648681640625,3.1129626066070055
1758544355.0590181,herder,1,-1.5159029541015625,1.1817440185546875,0.8755349810200522
1758544355.0590181,herder,2,1.670531982421875,-4.6657744140625,-2.2114053459435707
1758544355.0590181,target,1,0.3839623718261719,3.108008056640625,-2.244707376426685
1758544355.0590181,target,2,2.320353759765625,1.445431396484375,0.6153820925648442
1758544355.0590181,target,3,1.1982901611328125,-4.53052587890625,-0.49818226523436876
1758544355.0590181,target,4,-2.132591064453125,1.34523095703125,-1.553147957725105
1758544355.0590181,target,5,-0.420544189453125,-3.2426337890625,3.1132957680593742
1758544355.0787394,herder,1,-1.51280419921875,1.18608349609375,0.8751253202653707
1758544355.0787394,herder,2,1.667268798828125,-4.67014208984375,-2.2063522640912545
1758544355.0787394,target,1,0.38397698974609373,3.108033203125,-2.2448322786818093
1758544355.0787394,target,2,2.320358642578125,1.4453818359375,0.6152754329631865
1758544355.0787394,target,3,1.1960687255859375,-4.53368408203125,-0.5148122747928277
1758544355.0787394,target,4,-2.1327978515625,1.3452747802734375,-1.5495108786243839
1758544355.0787394,target,5,-0.42055462646484376,-3.242611572265625,3.11418819334066
1758544355.0987604,herder,1,-1.5089093017578126,1.1913466796875,0.8741049966727341
1758544355.0987604,herder,2,1.6643729248046875,-4.67417919921875,-2.2026295643614873
1758544355.0987604,target,1,0.383967529296875,3.108005126953125,-2.2447883365238233
1758544355.0987604,target,2,2.320344970703125,1.4453739013671876,0.6153750351879556
1758544355.0987604,target,3,1.1931009521484375,-4.53537255859375,-0.5058071950408882
1758544355.0987604,target,4,-2.132699951171875,1.345357666015625,-1.551598796919006
1758544355.0987604,target,5,-0.4205172119140625,-3.24263671875,3.113618809499601
1758544355.1186748,herder,1,-1.505517578125,1.1960550537109376,0.8736492632311943
1758544355.1186748,herder,2,1.6617593994140625,-4.67851220703125,-2.197628280992373
1758544355.1186748,target,1,0.38396728515625,3.1080224609375,-2.244614165788532
1758544355.1186748,target,2,2.3203349609375,1.4453861083984374,0.6165528847590703
1758544355.1186748,target,3,1.1889833984375,-4.53757275390625,-0.4898523966873053
1758544355.1186748,target,4,-2.132669677734375,1.3453577880859375,-1.5582423185743175
1758544355.1186748,target,5,-0.42052862548828124,-3.242584228515625,3.113588449463174
1758544355.1385849,herder,1,-1.5025103759765626,1.1996146240234375,0.8733298836374666
1758544355.1385849,herder,2,1.658118408203125,-4.68293359375,-2.1928007688843865
1758544355.1385849,target,1,0.3839386901855469,3.108025146484375,-2.2452629118300753
1758544355.1385849,target,2,2.320323486328125,1.4453944091796875,0.6154952103321454
1758544355.1385849,target,3,1.1855919189453126,-4.53969677734375,-0.49788495658817505
1758544355.1385849,target,4,-2.13249755859375,1.345385986328125,-1.5581319305471337
1758544355.1385849,target,5,-0.4205119018554688,-3.24258203125,3.113290708053303
1758544355.1587234,herder,1,-1.498865966796875,1.204579345703125,0.8730814107077621
1758544355.1587234,herder,2,1.6548436279296874,-4.687705078125,-2.1870143856259165
1758544355.1587234,target,1,0.3839705505371094,3.108043212890625,-2.2453697045897876
1758544355.1587234,target,2,2.32035205078125,1.4453941650390625,0.6155633872560514
1758544355.1587234,target,3,1.1814306640625,-4.54168896484375,-0.48435243640407366
1758544355.1587234,target,4,-2.132697265625,1.3453568115234376,-1.5541864573921813
1758544355.1587234,target,5,-0.4205250549316406,-3.2425849609375,3.113218003755544
1758544355.1791081,herder,1,-1.4942791748046875,1.2102620849609376,0.8726944534013736
1758544355.1791081,herder,2,1.6516546630859374,-4.69206103515625,-2.182902864376998
1758544355.1791081,target,1,0.38397415161132814,3.1080400390625,-2.2447720912411735
1758544355.1791081,target,2,2.320338134765625,1.445371337890625,0.6153751017669827
1758544355.1791081,target,3,1.17743212890625,-4.54438037109375,-0.5022736463275439
1758544355.1791081,target,4,-2.132618408203125,1.345309326171875,-1.5520584585231536
1758544355.1791081,target,5,-0.42053680419921874,-3.242591552734375,3.11366727903144
1758544355.1987622,herder,1,-1.4916845703125,1.2149864501953125,0.8733926010811379
1758544355.1987622,herder,2,1.6485333251953125,-4.6964873046875,-2.178290802001199
1758544355.1987622,target,1,0.3839747619628906,3.10803662109375,-2.2445989857703186
1758544355.1987622,target,2,2.32032080078125,1.4454056396484376,0.6149265588603862
1758544355.1987622,target,3,1.172678955078125,-4.54726513671875,-0.4683510327314143
1758544355.1987622,target,4,-2.13259521484375,1.3453990478515625,-1.557536714043501
1758544355.1987622,target,5,-0.4205029602050781,-3.242624267578125,3.112978851889655
1758544355.2186844,herder,1,-1.488212646484375,1.2190037841796875,0.8746605320761247
1758544355.2186844,herder,2,1.645599853515625,-4.70067919921875,-2.173202300106384
1758544355.2186844,target,1,0.3839723205566406,3.10804248046875,-2.245117769550666
1758544355.2186844,target,2,2.320364990234375,1.4454217529296876,0.6155629877818879
1758544355.2186844,target,3,1.167331298828125,-4.55027294921875,-0.46899521810959083
1758544355.2186844,target,4,-2.1325771484375,1.345307861328125,-1.557908491331676
1758544355.2186844,target,5,-0.4205188293457031,-3.2426474609375,3.1132337164059756
1758544355.2386081,herder,1,-1.484343017578125,1.2243896484375,0.8750088069676798
1758544355.2386081,herder,2,1.642287841796875,-4.70550244140625,-2.1689608165962695
1758544355.2386081,target,1,0.38397247314453126,3.10804296875,-2.2451044537452156
1758544355.2386081,target,2,2.32036083984375,1.4454189453125,0.6150890782659083
1758544355.2386081,target,3,1.163238037109375,-4.55517431640625,-0.45491268858136086
1758544355.2386081,target,4,-2.132486083984375,1.3453359375,-1.5588143655764666
1758544355.2386081,target,5,-0.4205164794921875,-3.242633056640625,3.1134374482293663
1758544355.2587152,herder,1,-1.4804224853515624,1.229793212890625,0.8752763214991782
1758544355.2587152,herder,2,1.6395845947265626,-4.71027001953125,-2.1652775316506356
1758544355.2587152,target,1,0.38396774291992186,3.108014892578125,-2.244406172907397
1758544355.2587152,target,2,2.32034765625,1.4453958740234376,0.6158394239030381
1758544355.2587152,target,3,1.15725,-4.55655712890625,-0.45574009944253485
1758544355.2587152,target,4,-2.132393310546875,1.34538623046875,-1.5592065160469808
1758544355.2587152,target,5,-0.4205257568359375,-3.24257861328125,3.113496037773348
1758544355.2786722,herder,1,-1.476783203125,1.2337301025390626,0.8748639310043794
1758544355.2786722,herder,2,1.636470458984375,-4.71472265625,-2.1630258289489737
1758544355.2786722,target,1,0.38395932006835937,3.1080322265625,-2.244704979581704
1758544355.2786722,target,2,2.3203359375,1.445396728515625,0.6158932197570577
1758544355.2786722,target,3,1.1531182861328124,-4.55943701171875,-0.4528458758383776
1758544355.2786722,target,4,-2.132371826171875,1.3452491455078126,-1.561869144504842
1758544355.2786722,target,5,-0.42051412963867185,-3.242587158203125,3.1138020349825983
1758544355.298719,herder,1,-1.47338330078125,1.2391944580078125,0.8750090067047616
1758544355.298719,herder,2,1.6337705078125,-4.71929833984375,-2.1598906225556775
1758544355.298719,target,1,0.38394891357421873,3.10801513671875,-2.2443659591749365
1758544355.298719,target,2,2.320335693359375,1.4453587646484376,0.6163531476773144
1758544355.298719,target,3,1.149328125,-4.56098974609375,-0.44039010497250886
1758544355.298719,target,4,-2.13235498046875,1.34538134765625,-1.560827315886403
1758544355.298719,target,5,-0.42051495361328123,-3.242577880859375,3.113656892703189
1758544355.318812,herder,1,-1.469107177734375,1.2445887451171875,0.873777827332818
1758544355.318812,herder,2,1.630847900390625,-4.72345068359375,-2.156595892813086
1758544355.318812,target,1,0.38397344970703123,3.10801513671875,-2.244588333125958
1758544355.318812,target,2,2.320347412109375,1.4453963623046875,0.6154567942334209
1758544355.318812,target,3,1.1466820068359376,-4.56325146484375,-0.43326095589242125
1758544355.318812,target,4,-2.132475830078125,1.3454202880859376,-1.5605933571846395
1758544355.318812,target,5,-0.42053778076171877,-3.242626708984375,3.1138379876573143
1758544355.3386776,herder,1,-1.466080810546875,1.249068115234375,0.8730461904023459
1758544355.3386776,herder,2,1.627809326171875,-4.7283232421875,-2.1528811825665892
1758544355.3386776,target,1,0.383950927734375,3.108050537109375,-2.2450730284443527
1758544355.3386776,target,2,2.32033349609375,1.445355712890625,0.615678236078061
1758544355.3386776,target,3,1.14451025390625,-4.56417041015625,-0.4443846801600596
1758544355.3386776,target,4,-2.132506103515625,1.3454669189453126,-1.5580018351278835
1758544355.3386776,target,5,-0.42055194091796877,-3.242636962890625,3.1141405227571473
1758544355.3587337,herder,1,-1.462763916015625,1.2537698974609375,0.8729597042459456
1758544355.3587337,herder,2,1.6247960205078125,-4.73290478515625,-2.1497204098268288
1758544355.3587337,target,1,0.38395672607421877,3.108028564453125,-2.2445262814725595
1758544355.3587337,target,2,2.320309814453125,1.4453502197265624,0.6140371962143543
1758544355.3587337,target,3,1.1424962158203125,-4.56441845703125,-0.43332943242194993
1758544355.3587337,target,4,-2.132595703125,1.345385986328125,-1.5583094302337877
1758544355.3587337,target,5,-0.42055511474609375,-3.242601806640625,3.114295785048699
1758544355.3787177,herder,1,-1.458683837890625,1.2586956787109376,0.8733589120933485
1758544355.3787177,herder,2,1.6217645263671876,-4.7375283203125,-2.147190806265417
1758544355.3787177,target,1,0.3839677734375,3.1080205078125,-2.2452762276355256
1758544355.3787177,target,2,2.3203447265625,1.445432861328125,0.6149344817646292
1758544355.3787177,target,3,1.14141943359375,-4.5648603515625,-0.43124517597382667
1758544355.3787177,target,4,-2.1326513671875,1.345464599609375,-1.5584668230542111
1758544355.3787177,target,5,-0.4205277099609375,-3.242609375,3.1133261280958013
1758544355.3987727,herder,1,-1.4547889404296874,1.2635140380859375,0.8744636578925405
1758544355.3987727,herder,2,1.6190584716796874,-4.74255029296875,-2.144477844062953
1758544355.3987727,target,1,0.3839442443847656,3.108036376953125,-2.2447659659706667
1758544355.3987727,target,2,2.320324951171875,1.4453477783203126,0.6149228970138874
1758544355.3987727,target,3,1.1404505615234375,-4.565365234375,-0.43357587469132314
1758544355.3987727,target,4,-2.13249658203125,1.3451983642578125,-1.5582624254405477
1758544355.3987727,target,5,-0.4205412292480469,-3.2426123046875,3.113929334082704
1758544355.418773,herder,1,-1.451798583984375,1.267571044921875,0.8747343016383199
1758544355.418773,herder,2,1.61613134765625,-4.7469736328125,-2.1430579797277773
1758544355.418773,target,1,0.38395004272460936,3.108022705078125,-2.245180886468501
1758544355.418773,target,2,2.320380615234375,1.44538916015625,0.6160979502658576
1758544355.418773,target,3,1.14044287109375,-4.56575048828125,-0.4388003642492997
1758544355.418773,target,4,-2.132602294921875,1.3454976806640624,-1.5670448649253566
1758544355.418773,target,5,-0.42051434326171877,-3.24261962890625,3.113456090356997
1758544355.4386315,herder,1,-1.448775390625,1.2721436767578125,0.8741502704112655
1758544355.4386315,herder,2,1.613287841796875,-4.7518427734375,-2.1407020142694386
1758544355.4386315,target,1,0.38394134521484374,3.108021484375,-2.2449345440676685
1758544355.4386315,target,2,2.320326416015625,1.445396484375,0.6146536514276804
1758544355.4386315,target,3,1.1404921875,-4.56580517578125,-0.4262485864261336
1758544355.4386315,target,4,-2.13255078125,1.3454739990234375,-1.566470287920172
1758544355.4386315,target,5,-0.42053857421875,-3.24263818359375,3.113897376149623
1758544355.4587944,herder,1,-1.4446553955078125,1.2773990478515624,0.8736917406505811
1758544355.4587944,herder,2,1.6101148681640625,-4.7569482421875,-2.138613163868435
1758544355.4587944,target,1,0.383933837890625,3.108051025390625,-2.2451079158546325
1758544355.4587944,target,2,2.320357177734375,1.4453941650390625,0.6152982029905067
1758544355.4587944,target,3,1.1406373291015626,-4.56604541015625,-0.4305269880068595
1758544355.4587944,target,4,-2.13237060546875,1.34541650390625,-1.56255557427581
1758544355.4587944,target,5,-0.42052783203125,-3.24261279296875,3.1139349267209933
1758544355.4787254,herder,1,-1.4413426513671874,1.2823685302734376,0.8738373489831812
1758544355.4787254,herder,2,1.60692529296875,-4.761595703125,-2.1368157964487406
1758544355.4787254,target,1,0.3839622192382813,3.1080244140625,-2.244747590159145
1758544355.4787254,target,2,2.3203583984375,1.445428955078125,0.6154162476058245
1758544355.4787254,target,3,1.140412353515625,-4.56586474609375,-0.4299032091005357
1758544355.4787254,target,4,-2.1325625,1.3454830322265625,-1.5672797557335014
1758544355.4787254,target,5,-0.42054388427734374,-3.24262890625,3.1140017720643542
1758544355.4986753,herder,1,-1.43752734375,1.2867469482421876,0.8729542447657109
1758544355.4986753,herder,2,1.603705078125,-4.766541015625,-2.134534133184815
1758544355.4986753,target,1,0.38400973510742187,3.108021728515625,-2.244793130213785
1758544355.4986753,target,2,2.32038916015625,1.4454169921875,0.6150481321641483
1758544355.4986753,target,3,1.1405089111328126,-4.565802734375,-0.4261816745037454
1758544355.4986753,target,4,-2.13252587890625,1.345497802734375,-1.5653733318671683
1758544355.4986753,target,5,-0.4205155334472656,-3.242628662109375,3.1134014955546503
1758544355.5196047,herder,1,-1.4339410400390624,1.2914471435546875,0.8733915358167019
1758544355.5196047,herder,2,1.6003155517578125,-4.77198095703125,-2.1318695073561362
1758544355.5196047,target,1,0.38396157836914063,3.108046875,-2.2450027209915744
1758544355.5196047,target,2,2.32035205078125,1.4454049072265625,0.6156047994110021
1758544355.5196047,target,3,1.141462646484375,-4.56621875,-0.42731158717523876
1758544355.5196047,target,4,-2.13238671875,1.345432373046875,-1.562355038245727
1758544355.5196047,target,5,-0.4205162048339844,-3.24264013671875,3.1134459703448547
1758544355.5387304,herder,1,-1.430159423828125,1.29646875,0.8736933385472351
1758544355.5387304,herder,2,1.5972064208984376,-4.7769580078125,-2.130258694370802
1758544355.5387304,target,1,0.3839565734863281,3.108012451171875,-2.24460937209857
1758544355.5387304,target,2,2.320350830078125,1.445401123046875,0.6154172462912333
1758544355.5387304,target,3,1.1413248291015625,-4.56640478515625,-0.429232159084863
1758544355.5387304,target,4,-2.132229248046875,1.34530712890625,-1.5576245983594736
1758544355.5387304,target,5,-0.42052230834960935,-3.242607421875,3.1139549004291687
1758544355.5587294,herder,1,-1.4264990234375,1.301148681640625,0.8727459189894394
1758544355.5587294,herder,2,1.594620849609375,-4.78185400390625,-2.129583316718358
1758544355.5587294,target,1,0.38395819091796873,3.108024658203125,-2.244575816268835
1758544355.5587294,target,2,2.320348876953125,1.44542333984375,0.6147838800049852
1758544355.5587294,target,3,1.1411629638671874,-4.5660947265625,-0.42302259952917975
1758544355.5587294,target,4,-2.13232861328125,1.3454354248046876,-1.5584319356439311
1758544355.5587294,target,5,-0.4205213623046875,-3.2426279296875,3.1142473155168595
1758544355.578743,herder,1,-1.4233170166015625,1.306502685546875,0.8723849275036792
1758544355.578743,herder,2,1.5914512939453125,-4.78715087890625,-2.129276254244672
1758544355.578743,target,1,0.38396176147460936,3.108046875,-2.244616296317404
1758544355.578743,target,2,2.320357177734375,1.445399169921875,0.6156536684170051
1758544355.578743,target,3,1.1423931884765626,-4.566359375,-0.42954727762084666
1758544355.578743,target,4,-2.132400634765625,1.3454219970703125,-1.5580576283527205
1758544355.578743,target,5,-0.4204976806640625,-3.242656982421875,3.112906946540223
1758544355.5986657,herder,1,-1.4196171875,1.3108873291015626,0.8713630725934158
1758544355.5986657,herder,2,1.588223876953125,-4.79265185546875,-2.1288408274064436
1758544355.5986657,target,1,0.3839418029785156,3.108028076171875,-2.245387015136873
1758544355.5986657,target,2,2.320373291015625,1.4454019775390625,0.6157219784989656
1758544355.5986657,target,3,1.1407628173828126,-4.56604736328125,-0.42425411179625966
1758544355.5986657,target,4,-2.132513671875,1.345440185546875,-1.5577226026875886
1758544355.5986657,target,5,-0.4205113830566406,-3.242624755859375,3.113548502046823
1758544355.618759,herder,1,-1.41674267578125,1.3153033447265625,0.8717886457356104
1758544355.618759,herder,2,1.58565576171875,-4.79738525390625,-2.128773715746974
1758544355.618759,target,1,0.38398388671875,3.108019775390625,-2.2443249464941495
1758544355.618759,target,2,2.320339111328125,1.445397216796875,0.6146103750599665
1758544355.618759,target,3,1.1405633544921876,-4.5661181640625,-0.4284346422069252
1758544355.618759,target,4,-2.132596435546875,1.345353515625,-1.5587557760324848
1758544355.618759,target,5,-0.4205345764160156,-3.24263427734375,3.1142475818329687
1758544355.6386974,herder,1,-1.4125206298828126,1.32012158203125,0.8716642095336765
1758544355.6386974,herder,2,1.5829288330078124,-4.8017216796875,-2.1281434786750064
1758544355.6386974,target,1,0.38396401977539063,3.108030517578125,-2.245279689744943
1758544355.6386974,target,2,2.3203427734375,1.4453973388671875,0.6160781762947637
1758544355.6386974,target,3,1.140650146484375,-4.565953125,-0.42480814917153703
1758544355.6386974,target,4,-2.13250146484375,1.3452279052734375,-1.5570098076218288
1758544355.6386974,target,5,-0.42051589965820313,-3.242623779296875,3.1138406508184047
1758544355.6587253,herder,1,-1.40872900390625,1.3251737060546875,0.871783785466621
1758544355.6587253,herder,2,1.579814453125,-4.80735693359375,-2.127837081991593
1758544355.6587253,target,1,0.3839490051269531,3.10800048828125,-2.2448282839401745
1758544355.6587253,target,2,2.3203388671875,1.4453819580078124,0.6154197097152416
1758544355.6587253,target,3,1.1402598876953125,-4.5669072265625,-0.45210944521794344
1758544355.6587253,target,4,-2.13248583984375,1.3453509521484375,-1.5613632770557815
1758544355.6587253,target,5,-0.4205202331542969,-3.242616943359375,3.1139983099549373
1758544355.6787124,herder,1,-1.4053533935546876,1.329343017578125,0.8723422503472107
1758544355.6787124,herder,2,1.5762047119140625,-4.81338427734375,-2.1286630614036812
1758544355.6787124,target,1,0.3839505920410156,3.108035400390625,-2.2445332056913934
1758544355.6787124,target,2,2.320308349609375,1.4453592529296875,0.6162488183416105
1758544355.6787124,target,3,1.1406142578125,-4.56612890625,-0.4262914966091975
1758544355.6787124,target,4,-2.13232373046875,1.34527197265625,-1.55731820167606
1758544355.6787124,target,5,-0.42053009033203126,-3.242638916015625,3.1135319904480645
1758544355.6986663,herder,1,-1.4020341796875,1.33360986328125,0.8731525836878945
1758544355.6986663,herder,2,1.5734609375,-4.81797900390625,-2.1303291349816345
1758544355.6986663,target,1,0.3839617919921875,3.1080224609375,-2.244584072068214
1758544355.6986663,target,2,2.320316162109375,1.44533056640625,0.6153959410025126
1758544355.6986663,target,3,1.1408096923828126,-4.56598046875,-0.428498025440869
1758544355.6986663,target,4,-2.132447998046875,1.345354248046875,-1.5553609114329063
1758544355.6986663,target,5,-0.42052532958984373,-3.242638916015625,3.1136395821561034
1758544355.7187145,herder,1,-1.3979979248046874,1.3390711669921875,0.8733818818577503
1758544355.7187145,herder,2,1.5707822265625,-4.82229248046875,-2.1318523299671055
1758544355.7187145,target,1,0.38397705078125,3.10802783203125,-2.244748122791363
1758544355.7187145,target,2,2.3203193359375,1.44536962890625,0.6150318203024716
1758544355.7187145,target,3,1.1404625244140625,-4.566638671875,-0.4397029761217548
1758544355.7187145,target,4,-2.132431640625,1.345416015625,-1.556354004203397
1758544355.7187145,target,5,-0.42051406860351564,-3.242636474609375,3.113548235730714
1758544355.7386231,herder,1,-1.3946456298828125,1.3435772705078124,0.8731071102122815
1758544355.7386231,herder,2,1.5671827392578126,-4.82801318359375,-2.1325747124127896
1758544355.7386231,target,1,0.3839725952148437,3.108019287109375,-2.24511936744732
1758544355.7386231,target,2,2.320373291015625,1.445364990234375,0.6155146514081029
1758544355.7386231,target,3,1.1404912109375,-4.56646875,-0.43507317043519295
1758544355.7386231,target,4,-2.1321923828125,1.3453427734375,-1.5588192924244832
1758544355.7386231,target,5,-0.4205073547363281,-3.242626953125,3.1134150776762097
1758544355.75874,herder,1,-1.3908404541015624,1.3478876953125,0.8732264864081443
1758544355.75874,herder,2,1.56382958984375,-4.83405224609375,-2.133870606599222
1758544355.75874,target,1,0.3839583740234375,3.108017822265625,-2.244827751307956
1758544355.75874,target,2,2.3203515625,1.4453656005859374,0.6162150627747938
1758544355.75874,target,3,1.1410748291015624,-4.5660498046875,-0.4299879974917411
1758544355.75874,target,4,-2.132537353515625,1.34528857421875,-1.556453872744275
1758544355.75874,target,5,-0.420528076171875,-3.242613037109375,3.113734923323128
1758544355.7787285,herder,1,-1.3868087158203124,1.352995849609375,0.8735067175338478
1758544355.7787285,herder,2,1.561318115234375,-4.83854931640625,-2.136377306975259
1758544355.7787285,target,1,0.38393167114257815,3.107992919921875,-2.244849855545004
1758544355.7787285,target,2,2.320361572265625,1.4454232177734374,0.6162149961957665
1758544355.7787285,target,3,1.1410545654296875,-4.56596142578125,-0.434197955832452
1758544355.7787285,target,4,-2.13257177734375,1.3454014892578126,-1.5545783415465866
1758544355.7787285,target,5,-0.42052468872070314,-3.2426318359375,3.1135442409890786
1758544355.7987306,herder,1,-1.3829857177734375,1.358384765625,0.8727601669012713
1758544355.7987306,herder,2,1.558757080078125,-4.843484375,-2.139102386560683
1758544355.7987306,target,1,0.38394979858398437,3.1079990234375,-2.2445348035880475
1758544355.7987306,target,2,2.320370849609375,1.44539599609375,0.615611124418591
1758544355.7987306,target,3,1.1414376220703124,-4.56567529296875,-0.4351814945125319
1758544355.7987306,target,4,-2.132611328125,1.3452884521484374,-1.5526704529416537
1758544355.7987306,target,5,-0.4205259094238281,-3.2426630859375,3.1128334432941367
1758544355.818906,herder,1,-1.379277099609375,1.363282958984375,0.8711201257229734
1758544355.818906,herder,2,1.555672607421875,-4.849052734375,-2.1413128102654486
1758544355.818906,target,1,0.38396597290039064,3.1080341796875,-2.245077555818206
1758544355.818906,target,2,2.320349853515625,1.4453973388671875,0.6155030666573611
1758544355.818906,target,3,1.1406241455078125,-4.56582470703125,-0.42301657412721344
1758544355.818906,target,4,-2.132494140625,1.3453392333984375,-1.555435613101483
1758544355.818906,target,5,-0.42053875732421875,-3.242688232421875,3.1135407788796616
1758544355.8387654,herder,1,-1.37653076171875,1.3670628662109374,0.8705894908757751
1758544355.8387654,herder,2,1.552458740234375,-4.85397314453125,-2.1441285704859894
1758544355.8387654,target,1,0.38397265625,3.108032470703125,-2.244752117532998
1758544355.8387654,target,2,2.32035107421875,1.4454022216796876,0.615123366464943
1758544355.8387654,target,3,1.1408291015625,-4.56584716796875,-0.4263711584153045
1758544355.8387654,target,4,-2.132541748046875,1.3454049072265626,-1.5554597147093483
1758544355.8387654,target,5,-0.4205655517578125,-3.24267724609375,3.113657159019298
1758544355.8586657,herder,1,-1.3727613525390625,1.37178173828125,0.8705165868409341
1758544355.8586657,herder,2,1.549772705078125,-4.8585546875,-2.145408086231718
1758544355.8586657,target,1,0.38396075439453126,3.108021240234375,-2.24438912867642
1758544355.8586657,target,2,2.3203564453125,1.4454285888671874,0.6156640547452564
1758544355.8586657,target,3,1.140897705078125,-4.56584814453125,-0.4248150733903712
1758544355.8586657,target,4,-2.132569091796875,1.345482177734375,-1.5575624135480204
1758544355.8586657,target,5,-0.420535400390625,-3.24267236328125,3.112949823433773
1758544355.8787959,herder,1,-1.368250244140625,1.3773902587890625,0.871401155797004
1758544355.8787959,herder,2,1.5465863037109375,-4.86336865234375,-2.147241805800292
1758544355.8787959,target,1,0.3839430847167969,3.10801025390625,-2.2448192291924682
1758544355.8787959,target,2,2.3203369140625,1.4453470458984374,0.6160817715622353
1758544355.8787959,target,3,1.1400697021484374,-4.5670263671875,-0.4479045801728173
1758544355.8787959,target,4,-2.13249169921875,1.345433837890625,-1.5578733376052871
1758544355.8787959,target,5,-0.4205598754882813,-3.2426298828125,3.1136829916818716
1758544355.898727,herder,1,-1.3640626220703125,1.382509765625,0.8725527732313815
1758544355.898727,herder,2,1.5436064453125,-4.86880224609375,-2.1483852340143175
1758544355.898727,target,1,0.3839526977539062,3.108002685546875,-2.24438380235424
1758544355.898727,target,2,2.32035791015625,1.44540478515625,0.6155698454216948
1758544355.898727,target,3,1.1405826416015625,-4.5662841796875,-0.43608044453848815
1758544355.898727,target,4,-2.13240087890625,1.34525634765625,-1.5594901427030743
1758544355.898727,target,5,-0.42053866577148435,-3.24264892578125,3.1135381157185713
1758544355.918799,herder,1,-1.360384521484375,1.387291015625,0.8727923245714341
1758544355.918799,herder,2,1.5413106689453124,-4.87292333984375,-2.1516193768421097
1758544355.918799,target,1,0.38395980834960936,3.108003662109375,-2.244221615843854
1758544355.918799,target,2,2.32032470703125,1.44533642578125,0.6149981978937094
1758544355.918799,target,3,1.140661865234375,-4.56592431640625,-0.4286723626237284
1758544355.918799,target,4,-2.132704833984375,1.345271728515625,-1.5619044313892856
1758544355.918799,target,5,-0.42055560302734374,-3.242635498046875,3.1146135001667457
1758544355.9385934,herder,1,-1.358320556640625,1.3912686767578124,0.872736797662706
1758544355.9385934,herder,2,1.5386824951171876,-4.877712890625,-2.154633942038025
1758544355.9385934,target,1,0.38394869995117187,3.10801953125,-2.244672755332514
1758544355.9385934,target,2,2.3203759765625,1.445397216796875,0.6158710489409828
1758544355.9385934,target,3,1.1408564453125,-4.56584033203125,-0.42550343395312945
1758544355.9385934,target,4,-2.13251806640625,1.34530078125,-1.5594608479310834
1758544355.9385934,target,5,-0.4205433349609375,-3.242631591796875,3.113857695049381
1758544355.958699,herder,1,-1.3546527099609376,1.396612060546875,0.8713601431162167
1758544355.958699,herder,2,1.535338623046875,-4.88315576171875,-2.1581077693639243
1758544355.958699,target,1,0.3839561767578125,3.10802490234375,-2.2447089743233386
1758544355.958699,target,2,2.32034619140625,1.4453687744140624,0.6159506774575761
1758544355.958699,target,3,1.140839111328125,-4.565677734375,-0.42543835295399063
1758544355.958699,target,4,-2.13250390625,1.345298095703125,-1.5597102529671691
1758544355.958699,target,5,-0.4204894104003906,-3.242713623046875,3.111875770566144
1758544355.9787545,herder,1,-1.350712158203125,1.402483642578125,0.8706169880140301
1758544355.9787545,herder,2,1.533134033203125,-4.8874716796875,-2.1613902485655014
1758544355.9787545,target,1,0.38396148681640624,3.10800927734375,-2.2448245555146484
1758544355.9787545,target,2,2.32034130859375,1.4453697509765624,0.616037296772031
1758544355.9787545,target,3,1.140109130859375,-4.56685888671875,-0.4542662395162577
1758544355.9787545,target,4,-2.132430908203125,1.3454168701171876,-1.5583167539267853
1758544355.9787545,target,5,-0.42052511596679687,-3.242618408203125,3.113150625779965
1758544355.9986916,herder,1,-1.3476805419921876,1.4069840087890626,0.8697372127479224
1758544355.9986916,herder,2,1.5308223876953124,-4.890818359375,-2.1650511629579787
1758544355.9986916,target,1,0.38395205688476564,3.108015869140625,-2.244848523964459
1758544355.9986916,target,2,2.32035205078125,1.44537939453125,0.6159314361187004
1758544355.9986916,target,3,1.1409029541015625,-4.56648486328125,-0.43562061648677236
1758544355.9986916,target,4,-2.1325986328125,1.3453760986328125,-1.5556772949704079
1758544355.9986916,target,5,-0.4205316467285156,-3.242644287109375,3.1138118886786317
1758544356.0190198,herder,1,-1.3445045166015626,1.4111075439453125,0.8694465952939675
1758544356.0190198,herder,2,1.52771533203125,-4.895619140625,-2.16813923139998
1758544356.0190198,target,1,0.38395693969726563,3.10801171875,-2.2449095103534216
1758544356.0190198,target,2,2.320318359375,1.4453521728515626,0.6144384014325747
1758544356.0190198,target,3,1.1408822021484375,-4.5660146484375,-0.4287331492756094
1758544356.0190198,target,4,-2.132458251953125,1.3454388427734374,-1.5579568277054612
1758544356.0190198,target,5,-0.4205362854003906,-3.242663330078125,3.1136169452868376
1758544356.0387318,herder,1,-1.3404683837890625,1.4162257080078124,0.8692737561392214
1758544356.0387318,herder,2,1.52464306640625,-4.90091845703125,-2.1716613950996644
1758544356.0387318,target,1,0.38396136474609377,3.108035888671875,-2.2450242925964043
1758544356.0387318,target,2,2.32031787109375,1.4453524169921874,0.6151259630470058
1758544356.0387318,target,3,1.14029833984375,-4.5661962890625,-0.4280955219316172
1758544356.0387318,target,4,-2.1323896484375,1.34535302734375,-1.5589059783179653
1758544356.0387318,target,5,-0.4205254211425781,-3.24263134765625,3.1134044250318493
1758544356.05874,herder,1,-1.3364581298828124,1.420774658203125,0.8687418562905053
1758544356.05874,herder,2,1.5222423095703126,-4.9050859375,-2.176606219453669
1758544356.05874,target,1,0.3839591979980469,3.108018310546875,-2.244852252389985
1758544356.05874,target,2,2.32031689453125,1.4453634033203124,0.6152857527124106
1758544356.05874,target,3,1.1407852783203125,-4.56573974609375,-0.42606279765058697
1758544356.05874,target,4,-2.132243408203125,1.3452496337890625,-1.558219948021161
1758544356.05874,target,5,-0.4205126037597656,-3.2426376953125,3.1133780597370575
1758544356.0790417,herder,1,-1.33325830078125,1.4260943603515626,0.868343846865593
1758544356.0790417,herder,2,1.519808837890625,-4.90892333984375,-2.182299658390095
1758544356.0790417,target,1,0.3839619750976562,3.10801513671875,-2.244722556444898
1758544356.0790417,target,2,2.32033740234375,1.44540087890625,0.6149884107767033
1758544356.0790417,target,3,1.140376953125,-4.56635888671875,-0.4358147942197527
1758544356.0790417,target,4,-2.1322939453125,1.3453599853515625,-1.5595936065114238
1758544356.0790417,target,5,-0.42054205322265625,-3.24265283203125,3.1134046913479585
1758544356.0986857,herder,1,-1.3294111328125,1.4310247802734375,0.867336905657434
1758544356.0986857,herder,2,1.51689892578125,-4.91370068359375,-2.1868431443678245
1758544356.0986857,target,1,0.38395562744140627,3.10803564453125,-2.245286347647668
1758544356.0986857,target,2,2.32036328125,1.445425048828125,0.6155163824628115
1758544356.0986857,target,3,1.1410699462890626,-4.5658779296875,-0.42932993038638256
1758544356.0986857,target,4,-2.1326357421875,1.3455699462890625,-1.5596207707545426
1758544356.0986857,target,5,-0.4205452880859375,-3.24263232421875,3.1134177408373
1758544356.118764,herder,1,-1.3258958740234374,1.43582861328125,0.8670612684846108
1758544356.118764,herder,2,1.5134873046875,-4.91862939453125,-2.1917701255425257
1758544356.118764,target,1,0.38396844482421877,3.108024658203125,-2.2448317460495915
1758544356.118764,target,2,2.320331787109375,1.4453929443359375,0.6150523266428651
1758544356.118764,target,3,1.1410064697265625,-4.56596728515625,-0.43001978897725396
1758544356.118764,target,4,-2.132552490234375,1.3454063720703124,-1.5576668094627515
1758544356.118764,target,5,-0.420557861328125,-3.242594482421875,3.114456373662431
1758544356.1386988,herder,1,-1.3223330078125,1.4401585693359376,0.8675737938363965
1758544356.1386988,herder,2,1.5110533447265626,-4.9225869140625,-2.1968824627290964
1758544356.1386988,target,1,0.3839634704589844,3.1080107421875,-2.244440527685459
1758544356.1386988,target,2,2.320336669921875,1.44541259765625,0.6150557887522823
1758544356.1386988,target,3,1.1405611572265626,-4.565947265625,-0.4292673128112521
1758544356.1386988,target,4,-2.1325458984375,1.3453531494140625,-1.5552278865364568
1758544356.1386988,target,5,-0.42053717041015626,-3.242634033203125,3.1136142821257478
1758544356.158577,herder,1,-1.31861669921875,1.4451048583984376,0.867519731666268
1758544356.158577,herder,2,1.50832763671875,-4.92643994140625,-2.202405991987975
1758544356.158577,target,1,0.38396438598632815,3.1080341796875,-2.2444676919285778
1758544356.158577,target,2,2.320355224609375,1.4454140625,0.615919718209904
1758544356.158577,target,3,1.1417952880859374,-4.566001953125,-0.42557630469845675
1758544356.158577,target,4,-2.132419921875,1.3454615478515626,-1.5586858680538702
1758544356.158577,target,5,-0.4205489501953125,-3.24264599609375,3.1139114909034005
1758544356.178662,herder,1,-1.3148145751953124,1.450104736328125,0.8673272516984825
1758544356.178662,herder,2,1.5054461669921875,-4.93097705078125,-2.209090526324074
1758544356.178662,target,1,0.38395669555664064,3.10803369140625,-2.2448221586696673
1758544356.178662,target,2,2.32036328125,1.4454136962890625,0.6154954766482543
1758544356.178662,target,3,1.14090185546875,-4.56603564453125,-0.4321164291244461
1758544356.178662,target,4,-2.132415283203125,1.3454754638671875,-1.5599261021735202
1758544356.178662,target,5,-0.42056219482421875,-3.242610107421875,3.113867815061523
1758544356.198654,herder,1,-1.3112083740234375,1.455154296875,0.8670177923798152
1758544356.198654,herder,2,1.5027462158203124,-4.93531787109375,-2.215571195678727
1758544356.198654,target,1,0.38397821044921876,3.108046875,-2.2449627735752236
1758544356.198654,target,2,2.32033935546875,1.4453834228515625,0.6148770240641107
1758544356.198654,target,3,1.140526611328125,-4.565759765625,-0.4265788849803307
1758544356.198654,target,4,-2.132514404296875,1.3454405517578125,-1.5637089893439233
1758544356.198654,target,5,-0.4205491027832031,-3.242633056640625,3.113414545043992
1758544356.219292,herder,1,-1.307916748046875,1.459822998046875,0.8685604950202709
1758544356.219292,herder,2,1.5004620361328125,-4.93910986328125,-2.222119109850905
1758544356.219292,target,1,0.3839738464355469,3.108007568359375,-2.2449015208701515
1758544356.219292,target,2,2.320327880859375,1.44539794921875,0.6148383416492773
1758544356.219292,target,3,1.1407808837890625,-4.5659736328125,-0.4299013781772863
1758544356.219292,target,4,-2.132288818359375,1.34536181640625,-1.5612285211046235
1758544356.219292,target,5,-0.4205227966308594,-3.24260986328125,3.1134065555607218
1758544356.2387395,herder,1,-1.3039891357421876,1.464532470703125,0.8683958450858767
1758544356.2387395,herder,2,1.4973421630859376,-4.94348876953125,-2.2284347963760283
1758544356.2387395,target,1,0.38400662231445315,3.10802197265625,-2.2452440033863357
1758544356.2387395,target,2,2.32036962890625,1.4454091796875,0.6152496003006128
1758544356.2387395,target,3,1.1406334228515624,-4.566060546875,-0.42595071185820826
1758544356.2387395,target,4,-2.132585205078125,1.345264892578125,-1.5548806103303106
1758544356.2387395,target,5,-0.4205009460449219,-3.24261572265625,3.113330122837436
1758544356.258722,herder,1,-1.300362060546875,1.4693111572265625,0.8676966321416765
1758544356.258722,herder,2,1.493607666015625,-4.94856640625,-2.235808157328076
1758544356.258722,target,1,0.38396514892578126,3.108020263671875,-2.2454687741823385
1758544356.258722,target,2,2.320306640625,1.445365966796875,0.6151011290698408
1758544356.258722,target,3,1.1409237060546875,-4.56591259765625,-0.43198290488529223
1758544356.258722,target,4,-2.13273828125,1.345286376953125,-1.5513188986884385
1758544356.258722,target,5,-0.420536865234375,-3.242636474609375,3.113591911572591
1758544356.2787282,herder,1,-1.29651904296875,1.4742021484375,0.8669726517993385
1758544356.2787282,herder,2,1.4922008056640625,-4.9516962890625,-2.243274595760222
1758544356.2787282,target,1,0.38395654296875,3.10800390625,-2.244713768013301
1758544356.2787282,target,2,2.32034423828125,1.4454091796875,0.6152207715818127
1758544356.2787282,target,3,1.1404710693359374,-4.56656298828125,-0.44259340472135866
1758544356.2787282,target,4,-2.132761474609375,1.3452818603515626,-1.5526873640145757
1758544356.2787282,target,5,-0.42054244995117185,-3.242642578125,3.1133732660470956
1758544356.2985756,herder,1,-1.292764892578125,1.479114501953125,0.8675072813881718
1758544356.2985756,herder,2,1.489701904296875,-4.9549296875,-2.2507146688975763
1758544356.2985756,target,1,0.38395751953125,3.108045166015625,-2.2447135016971917
1758544356.2985756,target,2,2.320329345703125,1.4453426513671874,0.6157972127997603
1758544356.2985756,target,3,1.1400245361328125,-4.566826171875,-0.4522474635414368
1758544356.2985756,target,4,-2.13255029296875,1.3453409423828124,-1.5561309644621026
1758544356.2985756,target,5,-0.4205254821777344,-3.242609130859375,3.113314143870896
1758544356.318891,herder,1,-1.2896976318359374,1.4838433837890626,0.8675726619929333
1758544356.318891,herder,2,1.4864013671875,-4.9594208984375,-2.25759388030936
1758544356.318891,target,1,0.38396783447265626,3.108051025390625,-2.2448695629370707
1758544356.318891,target,2,2.320336669921875,1.4453929443359375,0.6148276224258897
1758544356.318891,target,3,1.1406126708984374,-4.56574560546875,-0.42932763340994234
1758544356.318891,target,4,-2.132450439453125,1.3454056396484375,-1.558627411667943
1758544356.318891,target,5,-0.42054879760742186,-3.242611328125,3.1138771361253386
1758544356.3386323,herder,1,-1.286007568359375,1.489144287109375,0.8665076638730106
1758544356.3386323,herder,2,1.4831719970703126,-4.9638857421875,-2.2648198352950724
1758544356.3386323,target,1,0.3839673767089844,3.108055908203125,-2.2448320123657006
1758544356.3386323,target,2,2.3203310546875,1.4453623046875,0.6154510684370773
1758544356.3386323,target,3,1.140916259765625,-4.5659130859375,-0.4303477572654972
1758544356.3386323,target,4,-2.1322060546875,1.34541552734375,-1.5600134538572747
1758544356.3386323,target,5,-0.42052139282226564,-3.2426357421875,3.1133421070623415
1758544356.3587406,herder,1,-1.2822318115234375,1.4942568359375,0.8670745177110339
1758544356.3587406,herder,2,1.4800211181640626,-4.967640625,-2.272724363726536
1758544356.3587406,target,1,0.3839539489746094,3.1080361328125,-2.2444597024453072
1758544356.3587406,target,2,2.32035009765625,1.445366943359375,0.6156516044671603
1758544356.3587406,target,3,1.1409404296875,-4.56560986328125,-0.4321612700993003
1758544356.3587406,target,4,-2.132151611328125,1.3454464111328126,-1.559624632338123
1758544356.3587406,target,5,-0.42052374267578124,-3.242646484375,3.113664349554241
1758544356.3792071,herder,1,-1.2785086669921875,1.4989942626953126,0.8676109449336031
1758544356.3792071,herder,2,1.4776796875,-4.97136083984375,-2.2807583217869785
1758544356.3792071,target,1,0.3839576721191406,3.108026611328125,-2.2451060516418697
1758544356.3792071,target,2,2.320358154296875,1.4453828125,0.6161816401031133
1758544356.3792071,target,3,1.141008056640625,-4.56576220703125,-0.43063228273845855
1758544356.3792071,target,4,-2.13213720703125,1.345460693359375,-1.5619442456475823
1758544356.3792071,target,5,-0.420551513671875,-3.24262548828125,3.1141772743801903
1758544356.399297,herder,1,-1.2752926025390625,1.503255859375,0.8668452195411781
1758544356.399297,herder,2,1.4746983642578124,-4.97518994140625,-2.290559287230688
1758544356.399297,target,1,0.3839503479003906,3.108033203125,-2.245053054736177
1758544356.399297,target,2,2.3203603515625,1.445407958984375,0.6154044631180009
1758544356.399297,target,3,1.140735107421875,-4.56594775390625,-0.4271908461093173
1758544356.399297,target,4,-2.13226025390625,1.345555419921875,-1.56243879466201
1758544356.399297,target,5,-0.4205339050292969,-3.2426171875,3.1136302610922884
1758544356.4185915,herder,1,-1.27154052734375,1.508159912109375,0.86646285618767
1758544356.4185915,herder,2,1.471755126953125,-4.97920849609375,-2.2988438487497067
1758544356.4185915,target,1,0.3839639892578125,3.108019775390625,-2.2447305459281686
1758544356.4185915,target,2,2.320341796875,1.4453963623046875,0.6158538049729245
1758544356.4185915,target,3,1.1407213134765626,-4.56595068359375,-0.42416189984351566
1758544356.4185915,target,4,-2.132179443359375,1.3454656982421875,-1.5595292911710983
1758544356.4185915,target,5,-0.4205289306640625,-3.24264208984375,3.1134726019557557
1758544356.438694,herder,1,-1.26732080078125,1.5139114990234375,0.8668386282174801
1758544356.438694,herder,2,1.4691458740234375,-4.98318310546875,-2.3073190926027745
1758544356.438694,target,1,0.3839376220703125,3.10801611328125,-2.2445635657278205
1758544356.438694,target,2,2.32033203125,1.4453763427734374,0.6158890252783408
1758544356.438694,target,3,1.1407520751953124,-4.56592724609375,-0.42420990332216435
1758544356.438694,target,4,-2.132234130859375,1.3455513916015625,-1.562291388695674
1758544356.438694,target,5,-0.4205283508300781,-3.242603515625,3.1137176127760426
1758544356.4587524,herder,1,-1.2642484130859375,1.5179674072265625,0.8665119249307547
1758544356.4587524,herder,2,1.4662386474609375,-4.9869287109375,-2.3175695996384897
1758544356.4587524,target,1,0.38392999267578126,3.1080224609375,-2.244845860803369
1758544356.4587524,target,2,2.320341552734375,1.44537841796875,0.6157415527329777
1758544356.4587524,target,3,1.1404317626953124,-4.56592724609375,-0.4295826643738311
1758544356.4587524,target,4,-2.13238037109375,1.3453812255859374,-1.5600801660425812
1758544356.4587524,target,5,-0.42050411987304687,-3.242660400390625,3.11332106808973
1758544356.4787364,herder,1,-1.26114453125,1.5225107421875,0.86710174853318
1758544356.4787364,herder,2,1.463501953125,-4.9902265625,-2.327868842522153
1758544356.4787364,target,1,0.3839714050292969,3.108026123046875,-2.2446977890467603
1758544356.4787364,target,2,2.3203408203125,1.4453800048828125,0.616019853066891
1758544356.4787364,target,3,1.140654541015625,-4.5657666015625,-0.42675811572169303
1758544356.4787364,target,4,-2.13247802734375,1.3453375244140624,-1.5601482098084327
1758544356.4787364,target,5,-0.4205394287109375,-3.242637939453125,3.1141098964046114
1758544356.4985738,herder,1,-1.25677734375,1.5271192626953125,0.8678889123723802
1758544356.4985738,herder,2,1.4606572265625,-4.9936728515625,-2.3366623341254855
1758544356.4985738,target,1,0.38395761108398435,3.108029541015625,-2.244447451904293
1758544356.4985738,target,2,2.320349365234375,1.4454051513671875,0.6146048490007046
1758544356.4985738,target,3,1.1411619873046874,-4.56555419921875,-0.42771658739801255
1758544356.4985738,target,4,-2.132642333984375,1.3453712158203126,-1.558866030901614
1758544356.4985738,target,5,-0.42051885986328125,-3.2426103515625,3.1135074893660355
1758544356.5187626,herder,1,-1.2529622802734375,1.5327091064453124,0.8690983204024124
1758544356.5187626,herder,2,1.4573624267578125,-4.9973955078125,-2.3458310651264105
1758544356.5187626,target,1,0.38396444702148436,3.1080126953125,-2.244619758426821
1758544356.5187626,target,2,2.320340087890625,1.44540771484375,0.6151483336001625
1758544356.5187626,target,3,1.140854248046875,-4.565740234375,-0.430106474870736
1758544356.5187626,target,4,-2.1325576171875,1.34543603515625,-1.5576276609947273
1758544356.5187626,target,5,-0.42049111938476563,-3.242600830078125,3.1131761921264296
1758544356.5386202,herder,1,-1.2490645751953124,1.5374971923828125,0.8683435805494839
1758544356.5386202,herder,2,1.4547862548828125,-5.000619140625,-2.3554868882907107
1758544356.5386202,target,1,0.38396823120117185,3.108010986328125,-2.244250377983627
1758544356.5386202,target,2,2.320379150390625,1.4454024658203124,0.6154589913413203
1758544356.5386202,target,3,1.140928466796875,-4.56600390625,-0.4278674221842519
1758544356.5386202,target,4,-2.1325,1.3453912353515625,-1.5558468051737913
1758544356.5386202,target,5,-0.4204937744140625,-3.242610107421875,3.1131594142115624
1758544356.5585852,herder,1,-1.245814208984375,1.5419290771484375,0.868622346936588
1758544356.5585852,herder,2,1.4524453125,-5.00335009765625,-2.367321177226696
1758544356.5585852,target,1,0.38395013427734376,3.108027099609375,-2.244915901940038
1758544356.5585852,target,2,2.320337646484375,1.445413330078125,0.6142710883370904
1758544356.5585852,target,3,1.140599853515625,-4.5660615234375,-0.42935156857023943
1758544356.5585852,target,4,-2.132510009765625,1.34551123046875,-1.5566934240843275
1758544356.5585852,target,5,-0.42050698852539065,-3.242605224609375,3.1135325230802824
1758544356.5785925,herder,1,-1.242189697265625,1.546537109375,0.869580152822635
1758544356.5785925,herder,2,1.4497779541015625,-5.00656396484375,-2.37862150236412
1758544356.5785925,target,1,0.38395541381835935,3.108001708984375,-2.244988606237797
1758544356.5785925,target,2,2.320365234375,1.4453837890625,0.615164046250594
1758544356.5785925,target,3,1.14092822265625,-4.5660107421875,-0.4293237052473345
1758544356.5785925,target,4,-2.132606201171875,1.34535498046875,-1.555573032213731
1758544356.5785925,target,5,-0.4205050048828125,-3.24261328125,3.1139176161739077
1758544356.5987334,herder,1,-1.23809521484375,1.551951171875,0.8694392050219426
1758544356.5987334,herder,2,1.446657470703125,-5.0104580078125,-2.390915186588144
1758544356.5987334,target,1,0.38399224853515623,3.108009033203125,-2.2450948663652914
1758544356.5987334,target,2,2.32034814453125,1.4454168701171874,0.6148989951431039
1758544356.5987334,target,3,1.140498046875,-4.56608740234375,-0.43084184022673416
1758544356.5987334,target,4,-2.13240380859375,1.3453272705078125,-1.5567679925948497
1758544356.5987334,target,5,-0.42048794555664065,-3.242604736328125,3.112952220278754
1758544356.6187057,herder,1,-1.2342139892578126,1.557400146484375,0.8695988615292928
1758544356.6187057,herder,2,1.443419189453125,-5.01382958984375,-2.4037923694070042
1758544356.6187057,target,1,0.384024169921875,3.107942138671875,-2.2451665053986143
1758544356.6187057,target,2,2.320343017578125,1.44540185546875,0.6153136493248292
1758544356.6187057,target,3,1.14179296875,-4.56625,-0.42887626089468756
1758544356.6187057,target,4,-2.132557861328125,1.3452767333984375,-1.560899221235835
1758544356.6187057,target,5,-0.42049652099609375,-3.242611083984375,3.1130672688378453
1758544356.638595,herder,1,-1.2302762451171876,1.5615333251953125,0.8688929241033401
1758544356.638595,herder,2,1.4416470947265625,-5.01659423828125,-2.4163654192293773
1758544356.638595,target,1,0.38397415161132814,3.108049072265625,-2.2450956653136185
1758544356.638595,target,2,2.32033544921875,1.4453685302734376,0.6154384184218994
1758544356.638595,target,3,1.140857421875,-4.5658623046875,-0.4262602377559027
1758544356.638595,target,4,-2.13247509765625,1.345336669921875,-1.5601067976534821
1758544356.638595,target,5,-0.4205052490234375,-3.24260498046875,3.1136451747943927
1758544356.658632,herder,1,-1.2272633056640625,1.5657791748046874,0.8691321425482564
1758544356.658632,herder,2,1.4389962158203125,-5.01968359375,-2.4287397972344302
1758544356.658632,target,1,0.3839786682128906,3.1080009765625,-2.2451686359274863
1758544356.658632,target,2,2.320333740234375,1.445408203125,0.6145488560387857
1758544356.658632,target,3,1.1408218994140624,-4.56586474609375,-0.4290329546353251
1758544356.658632,target,4,-2.132721923828125,1.3453392333984375,-1.5538734028060426
1758544356.658632,target,5,-0.4205013732910156,-3.242641357421875,3.1136976390678672
1758544356.6786962,herder,1,-1.2232747802734374,1.5708349609375,0.8680200730560665
1758544356.6786962,herder,2,1.435475830078125,-5.023060546875,-2.4413192386434197
1758544356.6786962,target,1,0.3839659118652344,3.10801025390625,-2.2451372106266234
1758544356.6786962,target,2,2.32034912109375,1.4453851318359374,0.6165799158441346
1758544356.6786962,target,3,1.1407257080078126,-4.5660126953125,-0.4309817560525042
1758544356.6786962,target,4,-2.132567138671875,1.34541748046875,-1.555720970812285
1758544356.6786962,target,5,-0.42050393676757813,-3.242619384765625,3.1134619493113953
1758544356.6987052,herder,1,-1.2196700439453125,1.576556884765625,0.8669071380365224
1758544356.6987052,herder,2,1.432821044921875,-5.02622119140625,-2.453462720581963
1758544356.6987052,target,1,0.3839510498046875,3.10801904296875,-2.244928418797161
1758544356.6987052,target,2,2.320335205078125,1.445386962890625,0.6159012092403279
1758544356.6987052,target,3,1.140882080078125,-4.56591650390625,-0.4252603206351188
1758544356.6987052,target,4,-2.132542724609375,1.3454691162109376,-1.5581694811185038
1758544356.6987052,target,5,-0.4205011901855469,-3.24263916015625,3.113586585250411
1758544356.7186701,herder,1,-1.21663134765625,1.580829833984375,0.867634181014114
1758544356.7186701,herder,2,1.43068310546875,-5.0282421875,-2.4665423036436693
1758544356.7186701,target,1,0.3839950866699219,3.10801611328125,-2.2450008567788116
1758544356.7186701,target,2,2.320350341796875,1.445382080078125,0.616459008330645
1758544356.7186701,target,3,1.1408153076171874,-4.56591162109375,-0.4274481740496462
1758544356.7186701,target,4,-2.132470458984375,1.34547705078125,-1.5584385935466565
1758544356.7186701,target,5,-0.42048175048828124,-3.242723388671875,3.112749021087581
1758544356.7385712,herder,1,-1.2128026123046876,1.5845771484375,0.866320443648378
1758544356.7385712,herder,2,1.427545654296875,-5.03148291015625,-2.4788993711016367
1758544356.7385712,target,1,0.3840169982910156,3.10797509765625,-2.2454988679026564
1758544356.7385712,target,2,2.3203427734375,1.44535546875,0.6154673137197267
1758544356.7385712,target,3,1.14087548828125,-4.56604345703125,-0.42608430267638936
1758544356.7385712,target,4,-2.132539306640625,1.34548583984375,-1.5597901477998717
1758544356.7385712,target,5,-0.420497314453125,-3.242671630859375,3.113249162740298
1758544356.7585485,herder,1,-1.2094752197265626,1.589840576171875,0.8669594691519426
1758544356.7585485,herder,2,1.4237476806640625,-5.03492138671875,-2.4911557710703995
1758544356.7585485,target,1,0.3839580078125,3.10802490234375,-2.2442953854060494
1758544356.7585485,target,2,2.320333984375,1.4453953857421875,0.6150230984499016
1758544356.7585485,target,3,1.1409002685546874,-4.56589501953125,-0.43228174484911275
1758544356.7585485,target,4,-2.132423095703125,1.3454718017578124,-1.560726382081089
1758544356.7585485,target,5,-0.4204936828613281,-3.24263232421875,3.1131974974151504
1758544356.7787304,herder,1,-1.20507958984375,1.5944813232421875,0.8650055078601514
1758544356.7787304,herder,2,1.4217928466796874,-5.03674853515625,-2.504885431754194
1758544356.7787304,target,1,0.3839510192871094,3.108011962890625,-2.2442072347739677
1758544356.7787304,target,2,2.320364013671875,1.4454010009765625,0.6155332269567062
1758544356.7787304,target,3,1.14098828125,-4.5659150390625,-0.4316453159276111
1758544356.7787304,target,4,-2.13238720703125,1.3454476318359374,-1.5589043804213112
1758544356.7787304,target,5,-0.4205055847167969,-3.24264404296875,3.112856346479511
1758544356.7986312,herder,1,-1.201529541015625,1.5996668701171874,0.8650381315835048
1758544356.7986312,herder,2,1.4194029541015625,-5.03916845703125,-2.518897920145755
1758544356.7986312,target,1,0.3839366760253906,3.108019287109375,-2.2444991172294406
1758544356.7986312,target,2,2.320330078125,1.4453714599609375,0.6154592576574293
1758544356.7986312,target,3,1.1405450439453124,-4.565810546875,-0.4282099047004361
1758544356.7986312,target,4,-2.132531494140625,1.3453828125,-1.5563992779419282
1758544356.7986312,target,5,-0.42051168823242185,-3.242646240234375,3.113251825901388
1758544356.818691,herder,1,-1.1980638427734376,1.604466552734375,0.8638037564182531
1758544356.818691,herder,2,1.41565869140625,-5.042380859375,-2.5329394369931975
1758544356.818691,target,1,0.38394793701171875,3.107997314453125,-2.2445364014847016
1758544356.818691,target,2,2.320372802734375,1.44539892578125,0.615711791907796
1758544356.818691,target,3,1.140689697265625,-4.5656650390625,-0.42864709588288624
1758544356.818691,target,4,-2.13249169921875,1.3453292236328125,-1.5604395596316873
1758544356.818691,target,5,-0.42049139404296876,-3.242598388671875,3.1123583353556663
1758544356.8386428,herder,1,-1.1947645263671876,1.609072265625,0.8625297667317865
1758544356.8386428,herder,2,1.4136334228515626,-5.04478955078125,-2.547269107870587
1758544356.8386428,target,1,0.3839747009277344,3.108026611328125,-2.2448567797638384
1758544356.8386428,target,2,2.32033935546875,1.44537109375,0.6148771572221652
1758544356.8386428,target,3,1.1407059326171876,-4.566095703125,-0.43026936046090797
1758544356.8386428,target,4,-2.132508056640625,1.3454239501953125,-1.556944293859013
1758544356.8386428,target,5,-0.42051626586914065,-3.24260205078125,3.1134438398159827
1758544356.8588853,herder,1,-1.1907384033203126,1.61425927734375,0.8619138441506784
1758544356.8588853,herder,2,1.4111070556640626,-5.047283203125,-2.562556451475969
1758544356.8588853,target,1,0.38393276977539065,3.10800732421875,-2.2448059133870175
1758544356.8588853,target,2,2.32032666015625,1.4454052734375,0.615104591179258
1758544356.8588853,target,3,1.1408994140625,-4.56593896484375,-0.43363925792526703
1758544356.8588853,target,4,-2.132483154296875,1.3455411376953126,-1.5601458129634518
1758544356.8588853,target,5,-0.42051812744140626,-3.242644287109375,3.1133982997613425
1758544356.8787243,herder,1,-1.186669677734375,1.61916064453125,0.8630906950363845
1758544356.8787243,herder,2,1.40785498046875,-5.05008203125,-2.5788334257424244
1758544356.8787243,target,1,0.383983154296875,3.10801220703125,-2.244613100524096
1758544356.8787243,target,2,2.320348388671875,1.4453612060546874,0.6154988721786442
1758544356.8787243,target,3,1.1409989013671875,-4.56604443359375,-0.4367165738543672
1758544356.8787243,target,4,-2.132447021484375,1.3454471435546875,-1.5575048892684746
1758544356.8787243,target,5,-0.42052947998046875,-3.242606201171875,3.1146824760389786
1758544356.898533,herder,1,-1.1830240478515626,1.623806396484375,0.8647427204395878
1758544356.898533,herder,2,1.4056187744140625,-5.05201953125,-2.594963127200598
1758544356.898533,target,1,0.3839830627441406,3.108021728515625,-2.2452477318118618
1758544356.898533,target,2,2.320306884765625,1.4453502197265624,0.6144936620251938
1758544356.898533,target,3,1.1409466552734375,-4.56610986328125,-0.4313956445754161
1758544356.898533,target,4,-2.132572998046875,1.345336181640625,-1.5532735257705022
1758544356.898533,target,5,-0.420520263671875,-3.242634521484375,3.1145149632064126
1758544356.9188526,herder,1,-1.1793798828125,1.6283677978515625,0.8650786116320741
1758544356.9188526,herder,2,1.4039581298828125,-5.0537607421875,-2.6098890798460563
1758544356.9188526,target,1,0.3839554748535156,3.108014892578125,-2.2448999229734974
1758544356.9188526,target,2,2.3203544921875,1.4453841552734374,0.6157082632193517
1758544356.9188526,target,3,1.141063720703125,-4.566015625,-0.428950363352019
1758544356.9188526,target,4,-2.132755859375,1.345337646484375,-1.561550497280414
1758544356.9188526,target,5,-0.4205148620605469,-3.242633544921875,3.1141426532860192
1758544356.9388146,herder,1,-1.175841064453125,1.6333773193359375,0.8646684848242019
1758544356.9388146,herder,2,1.400851318359375,-5.055802734375,-2.6258001357787344
1758544356.9388146,target,1,0.3839403991699219,3.10804296875,-2.2447952607426576
1758544356.9388146,target,2,2.320343017578125,1.4454085693359375,0.615954072987966
1758544356.9388146,target,3,1.1406082763671874,-4.56576416015625,-0.4269832527023456
1758544356.9388146,target,4,-2.13277197265625,1.3452974853515625,-1.5582702817657634
1758544356.9388146,target,5,-0.42051324462890627,-3.2426416015625,3.114204438623309
1758544356.9587321,herder,1,-1.1724765625,1.63800927734375,0.8645096272651787
1758544356.9587321,herder,2,1.397110595703125,-5.05848291015625,-2.6423407629931077
1758544356.9587321,target,1,0.3839429931640625,3.108018798828125,-2.2448434639583876
1758544356.9587321,target,2,2.32036865234375,1.4453997802734375,0.6159020747676822
1758544356.9587321,target,3,1.1405657958984374,-4.56582763671875,-0.43064566512293617
1758544356.9587321,target,4,-2.132604248046875,1.34537060546875,-1.5583994450786323
1758544356.9587321,target,5,-0.42052957153320314,-3.242615478515625,3.1141146900945738
1758544356.9787185,herder,1,-1.1683896484375,1.6433250732421876,0.8643785997395468
1758544356.9787185,herder,2,1.394125,-5.0606865234375,-2.6596462500725515
1758544356.9787185,target,1,0.3839796752929687,3.108027099609375,-2.2443611654849747
1758544356.9787185,target,2,2.32034765625,1.44536962890625,0.6152627163689814
1758544356.9787185,target,3,1.1410313720703125,-4.5661240234375,-0.4313672819098068
1758544356.9787185,target,4,-2.132700439453125,1.3453023681640626,-1.5550618384424904
1758544356.9787185,target,5,-0.4205317993164063,-3.24261962890625,3.1138467760889115
1758544356.9986763,herder,1,-1.1641590576171874,1.64805322265625,0.8645380565098152
1758544356.9986763,herder,2,1.3914725341796874,-5.06274658203125,-2.6768420149150844
1758544356.9986763,target,1,0.38395849609375,3.108037841796875,-2.2452959350275923
1758544356.9986763,target,2,2.32033056640625,1.4453780517578125,0.6145888034551369
1758544356.9986763,target,3,1.1404842529296875,-4.56606201171875,-0.427985433510056
1758544356.9986763,target,4,-2.1326103515625,1.345444091796875,-1.5596038596816206
1758544356.9986763,target,5,-0.4205190734863281,-3.242654541015625,3.113324263883038
1758544357.0187674,herder,1,-1.1608634033203125,1.65214306640625,0.865353915909761
1758544357.0187674,herder,2,1.388120849609375,-5.06484619140625,-2.693644164548503
1758544357.0187674,target,1,0.3839518432617188,3.108010009765625,-2.2449065808762225
1758544357.0187674,target,2,2.32031640625,1.4453919677734375,0.6149974655244096
1758544357.0187674,target,3,1.141911376953125,-4.56644873046875,-0.4281558425303075
1758544357.0187674,target,4,-2.132521484375,1.345333984375,-1.5566402940205804
1758544357.0187674,target,5,-0.4205148620605469,-3.242615478515625,3.1134824556517886
1758544357.0387352,herder,1,-1.1579080810546876,1.6559359130859375,0.8655370082347039
1758544357.0387352,herder,2,1.3855576171875,-5.06659765625,-2.711553123930959
1758544357.0387352,target,1,0.38394094848632815,3.108010498046875,-2.2444660940319237
1758544357.0387352,target,2,2.320320556640625,1.4453966064453125,0.6148813517008821
1758544357.0387352,target,3,1.1405390625,-4.56658642578125,-0.4432318310136779
1758544357.0387352,target,4,-2.13271142578125,1.3453018798828125,-1.548963199546209
1758544357.0387352,target,5,-0.42054995727539063,-3.24261767578125,3.114156501723688
1758544357.0587602,herder,1,-1.1542703857421874,1.66126806640625,0.864966825445318
1758544357.0587602,herder,2,1.3827646484375,-5.06843798828125,-2.7300224124067674
1758544357.0587602,target,1,0.38394293212890623,3.10805322265625,-2.2447569112229604
1758544357.0587602,target,2,2.320344970703125,1.445389404296875,0.6159859643420197
1758544357.0587602,target,3,1.1408873291015624,-4.56582470703125,-0.4272209731191488
1758544357.0587602,target,4,-2.13258251953125,1.3453563232421875,-1.5503107590577891
1758544357.0587602,target,5,-0.4205115661621094,-3.242634033203125,3.113632657937269
1758544357.0787299,herder,1,-1.1498258056640625,1.6674139404296875,0.8627046698363774
1758544357.0787299,herder,2,1.37994873046875,-5.0703017578125,-2.748482379818761
1758544357.0787299,target,1,0.38396484375,3.10801513671875,-2.2446194921107123
1758544357.0787299,target,2,2.320367919921875,1.445400390625,0.6135017676771938
1758544357.0787299,target,3,1.1408070068359375,-4.56608544921875,-0.42890189382017957
1758544357.0787299,target,4,-2.132334716796875,1.3453038330078124,-1.5552208291595682
1758544357.0787299,target,5,-0.4204995422363281,-3.242630859375,3.113044365652471
1758544357.0986373,herder,1,-1.1464979248046876,1.67216748046875,0.8615937321876509
1758544357.0986373,herder,2,1.378269287109375,-5.07170703125,-2.768049689612009
1758544357.0986373,target,1,0.38397760009765625,3.108030029296875,-2.2443907265730743
1758544357.0986373,target,2,2.32036279296875,1.4454283447265626,0.6156769710765433
1758544357.0986373,target,3,1.1407176513671875,-4.56613427734375,-0.43541352242250503
1758544357.0986373,target,4,-2.132238525390625,1.3452969970703126,-1.5575355156210104
1758544357.0986373,target,5,-0.4204987487792969,-3.2426005859375,3.1137493043930147
1758544357.1187425,herder,1,-1.14355419921875,1.6757420654296875,0.8613513845284536
1758544357.1187425,herder,2,1.3753114013671874,-5.0734296875,-2.787807415423198
1758544357.1187425,target,1,0.3839574890136719,3.1080361328125,-2.2449968620371763
1758544357.1187425,target,2,2.32033544921875,1.4453944091796875,0.6159315692767549
1758544357.1187425,target,3,1.1408248291015626,-4.56585107421875,-0.4343333442843689
1758544357.1187425,target,4,-2.132199951171875,1.3453731689453126,-1.5573933028188003
1758544357.1187425,target,5,-0.42049374389648436,-3.2426396484375,3.1134702051107745
1758544357.1386185,herder,1,-1.139518798828125,1.6807320556640626,0.8617102454853418
1758544357.1386185,herder,2,1.37294970703125,-5.0748623046875,-2.8068463540561743
1758544357.1386185,target,1,0.383961181640625,3.108030517578125,-2.2448914008580094
1758544357.1386185,target,2,2.320354248046875,1.445412109375,0.6164090074811788
1758544357.1386185,target,3,1.14078662109375,-4.56593798828125,-0.4272663134367074
1758544357.1386185,target,4,-2.133030029296875,1.34532373046875,-1.5516905428185592
1758544357.1386185,target,5,-0.42051382446289065,-3.24262255859375,3.1134427745515465
1758544357.158691,herder,1,-1.134989501953125,1.6862730712890626,0.8618181035094901
1758544357.158691,herder,2,1.3703975830078126,-5.076353515625,-2.827228058510769
1758544357.158691,target,1,0.38394058227539063,3.108010986328125,-2.2445196235698344
1758544357.158691,target,2,2.320375732421875,1.445451171875,0.6147810836858406
1758544357.158691,target,3,1.1405843505859374,-4.5662041015625,-0.43239659367112243
1758544357.158691,target,4,-2.1328759765625,1.3452843017578124,-1.5536506293808574
1758544357.158691,target,5,-0.42050857543945314,-3.24263623046875,3.11329417016272
1758544357.178727,herder,1,-1.131991455078125,1.6899840087890625,0.8616635070082109
1758544357.178727,herder,2,1.3671126708984376,-5.07801025390625,-2.8480609024540224
1758544357.178727,target,1,0.3839479675292969,3.10802587890625,-2.244981948335072
1758544357.178727,target,2,2.32036474609375,1.44543408203125,0.615987096185483
1758544357.178727,target,3,1.140695068359375,-4.5659150390625,-0.42891547594173896
1758544357.178727,target,4,-2.132556640625,1.3453232421875,-1.5556145775267365
1758544357.178727,target,5,-0.42051019287109376,-3.242655517578125,3.1133817881625836
1758544357.198774,herder,1,-1.12850830078125,1.69499755859375,0.8619195033679948
1758544357.198774,herder,2,1.364990234375,-5.07935498046875,-2.8693022753084945
1758544357.198774,target,1,0.383982421875,3.108034912109375,-2.2451089811190688
1758544357.198774,target,2,2.32033984375,1.445427490234375,0.6151708373113737
1758544357.198774,target,3,1.140356201171875,-4.5659697265625,-0.4276772391929066
1758544357.198774,target,4,-2.132300537109375,1.3451927490234374,-1.5549912646736033
1758544357.198774,target,5,-0.4205260925292969,-3.242634033203125,3.114060361608336
1758544357.2189844,herder,1,-1.12436279296875,1.7003863525390626,0.8619413412889335
1758544357.2189844,herder,2,1.36285009765625,-5.0804169921875,-2.8903902500841783
1758544357.2189844,target,1,0.38395407104492185,3.108040283203125,-2.2447952607426576
1758544357.2189844,target,2,2.32034521484375,1.4454150390625,0.6155819628046547
1758544357.2189844,target,3,1.14174365234375,-4.56462353515625,-0.4710112310547808
1758544357.2189844,target,4,-2.132495361328125,1.3453287353515626,-1.5521330270336757
1758544357.2189844,target,5,-0.42051141357421873,-3.242649169921875,3.113320269141403
1758544357.2386847,herder,1,-1.1211689453125,1.70477001953125,0.8621456723235698
1758544357.2386847,herder,2,1.3597315673828125,-5.08192529296875,-2.9106704881012404
1758544357.2386847,target,1,0.3839563903808594,3.10800927734375,-2.2448810145297577
1758544357.2386847,target,2,2.320342529296875,1.445420654296875,0.6157952820079701
1758544357.2386847,target,3,1.1404393310546874,-4.56602001953125,-0.42865648352572877
1758544357.2386847,target,4,-2.13263134765625,1.345430419921875,-1.556088220726607
1758544357.2386847,target,5,-0.42050680541992186,-3.242627685546875,3.112715997890064
1758544357.2587378,herder,1,-1.117153076171875,1.709416748046875,0.8623613883718663
1758544357.2587378,herder,2,1.357155029296875,-5.083236328125,-2.9322615340068396
1758544357.2587378,target,1,0.38397744750976565,3.108044189453125,-2.2452682381522555
1758544357.2587378,target,2,2.320343017578125,1.4453924560546876,0.6147212291403411
1758544357.2587378,target,3,1.1407423095703124,-4.56583740234375,-0.42960550098017847
1758544357.2587378,target,4,-2.13268994140625,1.3453798828125,-1.5539158802254294
1758544357.2587378,target,5,-0.4205168762207031,-3.242623046875,3.112645690437286
1758544357.278722,herder,1,-1.113046142578125,1.7143831787109376,0.8636087464474321
1758544357.278722,herder,2,1.3553753662109376,-5.0842958984375,-2.9543298183797813
1758544357.278722,target,1,0.38395272827148436,3.1080400390625,-2.244476746676284
1758544357.278722,target,2,2.32034423828125,1.4453858642578126,0.6148212308392735
1758544357.278722,target,3,1.1407679443359375,-4.56599462890625,-0.4305686997674329
1758544357.278722,target,4,-2.132896240234375,1.34512841796875,-1.561131715198999
1758544357.278722,target,5,-0.4205276794433594,-3.2426142578125,3.113857695049381
1758544357.2985365,herder,1,-1.10939013671875,1.719245849609375,0.8637751274365347
1758544357.2985365,herder,2,1.352849609375,-5.08561865234375,-2.9768292685332067
1758544357.2985365,target,1,0.3839642333984375,3.108033203125,-2.245299397137009
1758544357.2985365,target,2,2.320347900390625,1.4453990478515626,0.6151250309406243
1758544357.2985365,target,3,1.1406634521484376,-4.56661865234375,-0.4433982120027806
1758544357.2985365,target,4,-2.13275244140625,1.345265625,-1.5631991271532275
1758544357.2985365,target,5,-0.4204536437988281,-3.242687255859375,3.1121447498362422
1758544357.3193157,herder,1,-1.1058807373046875,1.7235982666015626,0.8628410902632168
1758544357.3193157,herder,2,1.34920166015625,-5.08680419921875,-3.0000096889773658
1758544357.3193157,target,1,0.38395703125,3.1080302734375,-2.24428180328449
1758544357.3193157,target,2,2.320354736328125,1.4454130859375,0.6150958693266879
1758544357.3193157,target,3,1.140718017578125,-4.5662763671875,-0.4372022678581704
1758544357.3193157,target,4,-2.132572021484375,1.345343017578125,-1.5614152086970379
1758544357.3193157,target,5,-0.42054180908203126,-3.242632080078125,3.11365928954817
1758544357.3386478,herder,1,-1.102367431640625,1.7288489990234375,0.8625583957135048
1758544357.3386478,herder,2,1.3456058349609374,-5.0879755859375,-3.0223019451979827
1758544357.3386478,target,1,0.3839570617675781,3.1080419921875,-2.244680212183566
1758544357.3386478,target,2,2.32034521484375,1.445357177734375,0.6158599302434317
1758544357.3386478,target,3,1.141452392578125,-4.565681640625,-0.4285172002007176
1758544357.3386478,target,4,-2.13278564453125,1.3453319091796876,-1.5573196664146596
1758544357.3386478,target,5,-0.42052871704101563,-3.242637939453125,3.113533588344718
1758544357.3587146,herder,1,-1.098105712890625,1.734061767578125,0.8619445370822416
1758544357.3587146,herder,2,1.343183349609375,-5.0886708984375,-3.043177932350896
1758544357.3587146,target,1,0.38394000244140625,3.108037109375,-2.2447292143476236
1758544357.3587146,target,2,2.320320556640625,1.4453619384765626,0.6152669108476984
1758544357.3587146,target,3,1.141011962890625,-4.5659560546875,-0.42422175438901516
1758544357.3587146,target,4,-2.132513427734375,1.3452647705078125,-1.5577973043561653
1758544357.3587146,target,5,-0.4205850830078125,-3.2425673828125,3.1153772947673803
1758544357.3787215,herder,1,-1.09444482421875,1.7388001708984375,0.8615325460616063
1758544357.3787215,herder,2,1.341335205078125,-5.08949609375,-3.063605176860131
1758544357.3787215,target,1,0.38397186279296874,3.10803662109375,-2.244820294456904
1758544357.3787215,target,2,2.320366455078125,1.44539697265625,0.6144579756665868
1758544357.3787215,target,3,1.1408720703125,-4.56577783203125,-0.4246801509916451
1758544357.3787215,target,4,-2.132736083984375,1.34532275390625,-1.5529452911661499
1758544357.3787215,target,5,-0.42053024291992186,-3.24262109375,3.1132702017129095
1758544357.398664,herder,1,-1.0907364501953125,1.7432099609375,0.8612391988675341
1758544357.398664,herder,2,1.338255126953125,-5.0903076171875,-3.0838294884943016
1758544357.398664,target,1,0.3839638671875,3.108024658203125,-2.244112958871379
1758544357.398664,target,2,2.320352783203125,1.445384033203125,0.6148236276842546
1758544357.398664,target,3,1.1411298828125,-4.56583984375,-0.4313173476393678
1758544357.398664,target,4,-2.13257275390625,1.3454617919921874,-1.557426192858263
1758544357.398664,target,5,-0.42053961181640626,-3.24262109375,3.1136683442958764
1758544357.4192953,herder,1,-1.08779345703125,1.7470694580078125,0.8618617127723401
1758544357.4192953,herder,2,1.3340146484375,-5.09124560546875,-3.1013701326979994
1758544357.4192953,target,1,0.383949462890625,3.10804345703125,-2.244941734602612
1758544357.4192953,target,2,2.320339111328125,1.445375732421875,0.6151768294238263
1758544357.4192953,target,3,1.14068603515625,-4.56605859375,-0.4338065377312376
1758544357.4192953,target,4,-2.132572021484375,1.345349609375,-1.5585226162790484
1758544357.4192953,target,5,-0.4205311279296875,-3.242634033203125,3.114066220562734
1758544357.4386919,herder,1,-1.0838681640625,1.752302490234375,0.8610065051672884
1758544357.4386919,herder,2,1.3304510498046875,-5.09190869140625,-3.118371220464847
1758544357.4386919,target,1,0.38394842529296874,3.108020751953125,-2.244856513447729
1758544357.4386919,target,2,2.320359130859375,1.4453912353515626,0.614279410715497
1758544357.4386919,target,3,1.1408914794921876,-4.56589111328125,-0.43216170286297745
1758544357.4386919,target,4,-2.1324873046875,1.34535302734375,-1.5568257831905044
1758544357.4386919,target,5,-0.4205380859375,-3.24262548828125,3.1135053588371635
1758544357.4588518,herder,1,-1.079685546875,1.75829150390625,0.8600980343404351
1758544357.4588518,herder,2,1.3282230224609375,-5.0927265625,-3.136246624017568
1758544357.4588518,target,1,0.3839423217773438,3.108031005859375,-2.2444879319528623
1758544357.4588518,target,2,2.32034716796875,1.4453897705078125,0.6158436183817549
1758544357.4588518,target,3,1.141183837890625,-4.565935546875,-0.4277762422064303
1758544357.4588518,target,4,-2.132353515625,1.3454072265625,-1.5590981253906144
1758544357.4588518,target,5,-0.42053460693359374,-3.2426181640625,3.113525332545339
1758544357.478729,herder,1,-1.0759564208984376,1.762616943359375,0.8587579982589345
1758544357.478729,herder,2,1.3257342529296876,-5.0934150390625,3.1287218623575495
1758544357.478729,target,1,0.383955810546875,3.108003662109375,-2.244719626967699
1758544357.478729,target,2,2.320334716796875,1.4453336181640626,0.6156139873167629
1758544357.478729,target,3,1.1411446533203125,-4.56569580078125,-0.43215757496328777
1758544357.478729,target,4,-2.132291015625,1.3454017333984376,-1.5614600829614058
1758544357.478729,target,5,-0.42051455688476563,-3.24262060546875,3.1136662137670044
1758544357.4986417,herder,1,-1.072658203125,1.76685693359375,0.8589715171993316
1758544357.4986417,herder,2,1.32166357421875,-5.0940048828125,3.111109312804419
1758544357.4986417,target,1,0.38395999145507814,3.10801513671875,-2.2453683730092426
1758544357.4986417,target,2,2.320361083984375,1.4453699951171874,0.6150350826748069
1758544357.4986417,target,3,1.141057861328125,-4.5660185546875,-0.4286143057119646
1758544357.4986417,target,4,-2.13223583984375,1.34537060546875,-1.5575871809461581
1758544357.4986417,target,5,-0.42051345825195313,-3.242608154296875,3.113623603189563
1758544357.5189247,herder,1,-1.0688546142578126,1.7713980712890625,0.8592918288994409
1758544357.5189247,herder,2,1.3167821044921875,-5.09432958984375,3.093226186084537
1758544357.5189247,target,1,0.38396038818359374,3.107990966796875,-2.244340126512363
1758544357.5189247,target,2,2.320332275390625,1.44537939453125,0.6152930764054083
1758544357.5189247,target,3,1.140929443359375,-4.56581201171875,-0.42704826712245714
1758544357.5189247,target,4,-2.132319091796875,1.345491455078125,-1.5604033406408624
1758544357.5189247,target,5,-0.42054464721679685,-3.242574951171875,3.114528811644081
1758544357.5386841,herder,1,-1.0647589111328124,1.7768858642578125,0.8594127364129305
1758544357.5386841,herder,2,1.314856689453125,-5.0950009765625,3.0746197448125896
1758544357.5386841,target,1,0.3839707336425781,3.10802197265625,-2.2446714237519685
1758544357.5386841,target,2,2.32033544921875,1.4453856201171875,0.6156896210917211
1758544357.5386841,target,3,1.1405267333984375,-4.56607080078125,-0.42804472213382394
1758544357.5386841,target,4,-2.132597412109375,1.345518798828125,-1.5599565953680015
1758544357.5386841,target,5,-0.42053070068359377,-3.2425947265625,3.1135716715483066
1758544357.558673,herder,1,-1.0613089599609375,1.78187353515625,0.8590108654044375
1758544357.558673,herder,2,1.3122799072265625,-5.095337890625,3.0556330041369786
1758544357.558673,target,1,0.38396612548828124,3.1080400390625,-2.244877552420341
1758544357.558673,target,2,2.3203720703125,1.4454234619140625,0.6159884943450553
1758544357.558673,target,3,1.1418336181640625,-4.56655712890625,-0.427652904558446
1758544357.558673,target,4,-2.1325341796875,1.34546240234375,-1.5570078102510114
1758544357.558673,target,5,-0.4205102233886719,-3.242620361328125,3.1135727368127424
1758544357.5787108,herder,1,-1.0580799560546874,1.7862474365234375,0.8584400834038063
1758544357.5787108,herder,2,1.3082548828125,-5.09524755859375,3.0370870166217756
1758544357.5787108,target,1,0.3839908142089844,3.108038818359375,-2.245423766759916
1758544357.5787108,target,2,2.32033837890625,1.445409912109375,0.6161531442794494
1758544357.5787108,target,3,1.14104541015625,-4.56598779296875,-0.4276599286458211
1758544357.5787108,target,4,-2.1324677734375,1.3454990234375,-1.5593528567488806
1758544357.5787108,target,5,-0.42048736572265627,-3.242624755859375,3.112804148522146
1758544357.5985937,herder,1,-1.05447705078125,1.7913890380859374,0.8575157667684671
1758544357.5985937,herder,2,1.3040565185546875,-5.09566845703125,3.019200694108586
1758544357.5985937,target,1,0.3839419860839844,3.108007080078125,-2.2451973980672593
1758544357.5985937,target,2,2.3203310546875,1.44537646484375,0.6154761687303513
1758544357.5985937,target,3,1.1407763671875,-4.566013671875,-0.42852891810951393
1758544357.5985937,target,4,-2.13224951171875,1.3453748779296875,-1.5586836043669436
1758544357.5985937,target,5,-0.420481689453125,-3.242622314453125,3.112313860565462
1758544357.6187868,herder,1,-1.0503922119140625,1.7964613037109376,0.8562582886807589
1758544357.6187868,herder,2,1.30089208984375,-5.09565869140625,3.000360693609038
1758544357.6187868,target,1,0.38398654174804686,3.108022216796875,-2.2450346789246556
1758544357.6187868,target,2,2.320310546875,1.4453651123046876,0.615356393060325
1758544357.6187868,target,3,1.1408199462890625,-4.56608984375,-0.42870132450058296
1758544357.6187868,target,4,-2.132473388671875,1.345445556640625,-1.5588690935368676
1758544357.6187868,target,5,-0.420482421875,-3.242593994140625,3.1138126876269587
1758544357.6386967,herder,1,-1.04677880859375,1.80086962890625,0.8570355988239258
1758544357.6386967,herder,2,1.2984688720703126,-5.09605859375,2.9815633036869316
1758544357.6386967,target,1,0.3839385986328125,3.108002197265625,-2.2446306773872906
1758544357.6386967,target,2,2.32034716796875,1.44538623046875,0.6154465410632242
1758544357.6386967,target,3,1.1407772216796874,-4.566228515625,-0.4362250208961658
1758544357.6386967,target,4,-2.13245703125,1.34547998046875,-1.5616381152802776
1758544357.6386967,target,5,-0.4205005187988281,-3.24260107421875,3.1138299981740443
1758544357.6587114,herder,1,-1.0431314697265626,1.8054832763671875,0.8573131667885393
1758544357.6587114,herder,2,1.2956527099609374,-5.09647802734375,2.962752597959375
1758544357.6587114,target,1,0.3839446105957031,3.107998291015625,-2.2448690303048524
1758544357.6587114,target,2,2.32034521484375,1.4453843994140625,0.6150209013420023
1758544357.6587114,target,3,1.1409573974609375,-4.56593115234375,-0.4337400585725265
1758544357.6587114,target,4,-2.13230517578125,1.3453338623046875,-1.5570954282508749
1758544357.6587114,target,5,-0.42052484130859374,-3.2426171875,3.1140401215840514
1758544357.6787224,herder,1,-1.039086669921875,1.810736083984375,0.8573116354709125
1758544357.6787224,herder,2,1.29144970703125,-5.09627978515625,2.9451917137313925
1758544357.6787224,target,1,0.38396377563476564,3.108043212890625,-2.2448429313261697
1758544357.6787224,target,2,2.320373779296875,1.44539013671875,0.6146754227695918
1758544357.6787224,target,3,1.1412669677734375,-4.5657041015625,-0.43279560178144355
1758544357.6787224,target,4,-2.132361083984375,1.3454635009765625,-1.5573938354510184
1758544357.6787224,target,5,-0.4205375366210938,-3.24264892578125,3.114354374592681
1758544357.6986482,herder,1,-1.0356866455078124,1.815739013671875,0.856446441011773
1758544357.6986482,herder,2,1.287690673828125,-5.09583251953125,2.928692365513916
1758544357.6986482,target,1,0.38392483520507814,3.108027099609375,-2.2449750241162376
1758544357.6986482,target,2,2.320385498046875,1.445430908203125,0.6155261695798175
1758544357.6986482,target,3,1.1409327392578126,-4.56589599609375,-0.43296264856081873
1758544357.6986482,target,4,-2.132341552734375,1.345437255859375,-1.5565887618534873
1758544357.6986482,target,5,-0.42055319213867187,-3.24262353515625,3.1146505181058974
1758544357.719325,herder,1,-1.032323486328125,1.820112548828125,0.8554046789723613
1758544357.719325,herder,2,1.2856549072265624,-5.09588818359375,2.9120779687373473
1758544357.719325,target,1,0.3839595947265625,3.10802734375,-2.24449938354555
1758544357.719325,target,2,2.320338623046875,1.4453282470703126,0.6141250805303269
1758544357.719325,target,3,1.1405361328125,-4.5666640625,-0.4436883966930584
1758544357.719325,target,4,-2.132484375,1.3455159912109376,-1.5607543452725348
1758544357.719325,target,5,-0.4205130615234375,-3.2426474609375,3.113005483500556
1758544357.7386534,herder,1,-1.0287545166015626,1.8250859375,0.8552167929574561
1758544357.7386534,herder,2,1.282414794921875,-5.0953671875,2.8956063173952074
1758544357.7386534,target,1,0.38400323486328125,3.10803076171875,-2.2452578518240043
1758544357.7386534,target,2,2.320332275390625,1.44537939453125,0.6145087088853527
1758544357.7386534,target,3,1.14113916015625,-4.56609130859375,-0.43408983149219477
1758544357.7386534,target,4,-2.1325029296875,1.3454124755859376,-1.560360463747312
1758544357.7386534,target,5,-0.42054205322265625,-3.242677734375,3.1130094782421907
1758544357.7587383,herder,1,-1.024264404296875,1.8295220947265625,0.8551255796901209
1758544357.7587383,herder,2,1.2781280517578124,-5.0944951171875,2.8780076162797457
1758544357.7587383,target,1,0.3839540405273438,3.10802392578125,-2.245006982049319
1758544357.7587383,target,2,2.32032763671875,1.445368408203125,0.615440682108826
1758544357.7587383,target,3,1.14066748046875,-4.56598681640625,-0.4259091332556894
1758544357.7587383,target,4,-2.1323466796875,1.345318115234375,-1.5578557607420926
1758544357.7587383,target,5,-0.42054794311523436,-3.242668701171875,3.113722939098223
1758544357.7787268,herder,1,-1.020718505859375,1.8341849365234375,0.8566622236390966
1758544357.7787268,herder,2,1.2746654052734374,-5.09449853515625,2.8586035582613194
1758544357.7787268,target,1,0.3839271545410156,3.108031982421875,-2.244614165788532
1758544357.7787268,target,2,2.32033447265625,1.4453681640625,0.6138205480596762
1758544357.7787268,target,3,1.1408634033203124,-4.56612109375,-0.42711268233132343
1758544357.7787268,target,4,-2.13240966796875,1.3454630126953124,-1.560194016179182
1758544357.7787268,target,5,-0.42055166625976564,-3.242620849609375,3.1134920430317132
1758544357.7986705,herder,1,-1.0176596069335937,1.8380755615234374,0.8573451247216202
1758544357.7986705,herder,2,1.2718863525390625,-5.0944052734375,2.839131589635096
1758544357.7986705,target,1,0.3839647521972656,3.108002197265625,-2.2446391995027786
1758544357.7986705,target,2,2.32035205078125,1.445410888671875,0.6150107147508327
1758544357.7986705,target,3,1.1406412353515625,-4.5661337890625,-0.4315137890592748
1758544357.7986705,target,4,-2.132497802734375,1.345463134765625,-1.5592082471016893
1758544357.7986705,target,5,-0.4205511474609375,-3.2426015625,3.1139996415354823
1758544357.8186321,herder,1,-1.0140142822265625,1.8431134033203125,0.8574368706211735
1758544357.8186321,herder,2,1.269376953125,-5.09456640625,2.819808225397699
1758544357.8186321,target,1,0.38397177124023435,3.108020751953125,-2.244671956384187
1758544357.8186321,target,2,2.320302978515625,1.445349609375,0.6152523300407301
1758544357.8186321,target,3,1.14059521484375,-4.56627197265625,-0.43189199122357963
1758544357.8186321,target,4,-2.1323671875,1.345404296875,-1.5582532375347868
1758544357.8186321,target,5,-0.420552490234375,-3.24258740234375,3.114263028167291
1758544357.8386579,herder,1,-1.010033203125,1.848837646484375,0.8571284765669422
1758544357.8386579,herder,2,1.265939208984375,-5.09431494140625,2.8004739421998326
1758544357.8386579,target,1,0.38394869995117187,3.108026611328125,-2.2446306773872906
1758544357.8386579,target,2,2.320361328125,1.4453865966796875,0.6149979981566276
1758544357.8386579,target,3,1.140656005859375,-4.5658564453125,-0.4272473384139406
1758544357.8386579,target,4,-2.13240673828125,1.3455120849609374,-1.5612907059160768
1758544357.8386579,target,5,-0.4205061950683594,-3.242621337890625,3.113047827761888
1758544357.8587039,herder,1,-1.00709130859375,1.85250439453125,0.8574934627943376
1758544357.8587039,herder,2,1.261178955078125,-5.0929599609375,2.784553032571121
1758544357.8587039,target,1,0.3839666748046875,3.10804345703125,-2.2451009916357987
1758544357.8587039,target,2,2.320334228515625,1.4453587646484376,0.6156832960841322
1758544357.8587039,target,3,1.141519775390625,-4.56646630859375,-0.4264237891363472
1758544357.8587039,target,4,-2.132649169921875,1.3454156494140626,-1.5617437096174993
1758544357.8587039,target,5,-0.42045437622070314,-3.242704833984375,3.111410516323707
1758544357.8786273,herder,1,-1.0032074584960937,1.8575728759765624,0.8567819993091229
1758544357.8786273,herder,2,1.2576063232421875,-5.09190185546875,2.7693351974701903
1758544357.8786273,target,1,0.3839385986328125,3.108015869140625,-2.24433559913851
1758544357.8786273,target,2,2.3203232421875,1.445389892578125,0.6152268968523199
1758544357.8786273,target,3,1.14081982421875,-4.5661044921875,-0.429773146970799
1758544357.8786273,target,4,-2.132559326171875,1.34538232421875,-1.5601635229847006
1758544357.8786273,target,5,-0.42051202392578124,-3.2426064453125,3.1133359817918342
1758544357.8986645,herder,1,-0.998714599609375,1.86237158203125,0.8563612198568904
1758544357.8986645,herder,2,1.2551444091796875,-5.091056640625,2.7538521115246875
1758544357.8986645,target,1,0.3839556884765625,3.1080302734375,-2.24463893318667
1758544357.8986645,target,2,2.320326904296875,1.445385986328125,0.6156163175827167
1758544357.8986645,target,3,1.1402802734375,-4.56667919921875,-0.4408383149839692
1758544357.8986645,target,4,-2.132669921875,1.3453702392578124,-1.5582982449572091
1758544357.8986645,target,5,-0.4205432739257812,-3.242608642578125,3.113965020441311
1758544357.918652,herder,1,-0.9951992797851562,1.8668604736328125,0.8572687585773622
1758544357.918652,herder,2,1.252264892578125,-5.0901552734375,2.7376728752702384
1758544357.918652,target,1,0.38395556640625,3.107997802734375,-2.2443638286460645
1758544357.918652,target,2,2.32034912109375,1.445401123046875,0.615575970692202
1758544357.918652,target,3,1.14066796875,-4.5658583984375,-0.43039712561420457
1758544357.918652,target,4,-2.132428955078125,1.345324951171875,-1.5587395307498353
1758544357.918652,target,5,-0.4205201721191406,-3.24264111328125,3.113308817548716
1758544357.9385884,herder,1,-0.9921492919921875,1.8715465087890626,0.858076162440847
1758544357.9385884,herder,2,1.248501220703125,-5.08899609375,2.7201053331395304
1758544357.9385884,target,1,0.38396353149414064,3.10800244140625,-2.2449603767302424
1758544357.9385884,target,2,2.32032177734375,1.4453818359375,0.6159564032539199
1758544357.9385884,target,3,1.1406617431640624,-4.5660322265625,-0.432787013086928
1758544357.9385884,target,4,-2.132421630859375,1.34547314453125,-1.5601163850334063
1758544357.9385884,target,5,-0.42053530883789064,-3.242618896484375,3.113926138289396
1758544357.9586542,herder,1,-0.988339599609375,1.8763515625,0.8572565080363478
1758544357.9586542,herder,2,1.244640625,-5.08755322265625,2.701499957132019
1758544357.9586542,target,1,0.3839782409667969,3.10803271484375,-2.2445571741412045
1758544357.9586542,target,2,2.32034130859375,1.445378173828125,0.6158648570914483
1758544357.9586542,target,3,1.140852294921875,-4.566103515625,-0.42931365181421943
1758544357.9586542,target,4,-2.132279541015625,1.345408447265625,-1.5587405960142713
1758544357.9586542,target,5,-0.42043075561523435,-3.24268017578125,3.110938071546327
1758544357.9787455,herder,1,-0.984523193359375,1.88137255859375,0.8573319420742244
1758544357.9787455,herder,2,1.2414383544921874,-5.08694482421875,2.6826287976477174
1758544357.9787455,target,1,0.38394412231445313,3.108002685546875,-2.2444985845972227
1758544357.9787455,target,2,2.320396728515625,1.4454169921875,0.6158340310018307
1758544357.9787455,target,3,1.1416810302734375,-4.56358935546875,-0.47110350958655206
1758544357.9787455,target,4,-2.1327431640625,1.3454329833984375,-1.5543883250028094
1758544357.9787455,target,5,-0.4204938659667969,-3.24255126953125,3.1147586424461546
1758544357.9985795,herder,1,-0.9812067260742188,1.885533447265625,0.8580868816642345
1758544357.9985795,herder,2,1.238518310546875,-5.086365234375,2.6633690829603736
1758544357.9985795,target,1,0.38394793701171875,3.10801171875,-2.2444895298495164
1758544357.9985795,target,2,2.32033935546875,1.4453787841796875,0.6153215722290721
1758544357.9985795,target,3,1.140205322265625,-4.56697998046875,-0.45244929786255117
1758544357.9985795,target,4,-2.13258447265625,1.3453878173828124,-1.5540628867176016
1758544357.9985795,target,5,-0.42049688720703127,-3.24259423828125,3.113923208812197
1758544358.0187511,herder,1,-0.9773956909179687,1.89029833984375,0.857818035552191
1758544358.0187511,herder,2,1.235602294921875,-5.08569189453125,2.644164229391485
1758544358.0187511,target,1,0.3839388732910156,3.108009765625,-2.2442535737769354
1758544358.0187511,target,2,2.3203271484375,1.44537841796875,0.6151760970545266
1758544358.0187511,target,3,1.14069970703125,-4.56627099609375,-0.4291811262604744
1758544358.0187511,target,4,-2.132510498046875,1.345471435546875,-1.5589937294758833
1758544358.0187511,target,5,-0.42052096557617186,-3.242578857421875,3.1143450535288655
1758544358.038687,herder,1,-0.9736678466796875,1.8948846435546876,0.8579069851325997
1758544358.038687,herder,2,1.232137939453125,-5.08484228515625,2.6253290225818997
1758544358.038687,target,1,0.383955078125,3.108012939453125,-2.244622155271802
1758544358.038687,target,2,2.320336669921875,1.4453822021484375,0.6157771059335302
1758544358.038687,target,3,1.141179931640625,-4.56610498046875,-0.42877163195336104
1758544358.038687,target,4,-2.132452392578125,1.3455010986328124,-1.5579468408513732
1758544358.038687,target,5,-0.42051626586914065,-3.2426279296875,3.1135948410497902
1758544358.0586154,herder,1,-0.9702876586914062,1.8992763671875,0.8572690914724984
1758544358.0586154,herder,2,1.2294893798828126,-5.08398681640625,2.6054937987829896
1758544358.0586154,target,1,0.3839364013671875,3.108020263671875,-2.2444828719467913
1758544358.0586154,target,2,2.3203291015625,1.4453856201171875,0.614794399491291
1758544358.0586154,target,3,1.14068701171875,-4.56641943359375,-0.4034284250984354
1758544358.0586154,target,4,-2.132625732421875,1.3454130859375,-1.5554791557853058
1758544358.0586154,target,5,-0.42052081298828126,-3.242613525390625,3.113548502046823
1758544358.0786688,herder,1,-0.9666124877929687,1.904517333984375,0.8564110209692749
1758544358.0786688,herder,2,1.2269940185546875,-5.0831396484375,2.585754182467213
1758544358.0786688,target,1,0.38396734619140627,3.10802880859375,-2.244875688207578
1758544358.0786688,target,2,2.32036328125,1.4454119873046876,0.6146386711465486
1758544358.0786688,target,3,1.140457275390625,-4.566322265625,-0.43223157755207836
1758544358.0786688,target,4,-2.132451416015625,1.345408203125,-1.5562064650790064
1758544358.0786688,target,5,-0.42054583740234375,-3.242562255859375,3.1157298972957066
1758544358.0987024,herder,1,-0.9629928588867187,1.90925537109375,0.8550632617206131
1758544358.0987024,herder,2,1.22376123046875,-5.08175732421875,2.565986602959991
1758544358.0987024,target,1,0.3839658508300781,3.10802587890625,-2.244647455302158
1758544358.0987024,target,2,2.320336669921875,1.4453834228515625,0.615836494425839
1758544358.0987024,target,3,1.1408101806640625,-4.5660078125,-0.4275906531679654
1758544358.0987024,target,4,-2.132369384765625,1.34543408203125,-1.5589623041750205
1758544358.0987024,target,5,-0.4205012817382813,-3.242603515625,3.114150110137072
1758544358.1187603,herder,1,-0.9598546142578125,1.913415771484375,0.8549251768180924
1758544358.1187603,herder,2,1.2208194580078124,-5.0803427734375,2.54668853875295
1758544358.1187603,target,1,0.3839422302246094,3.10803369140625,-2.2447300132959502
1758544358.1187603,target,2,2.320357177734375,1.4454041748046875,0.6139230131826171
1758544358.1187603,target,3,1.14084326171875,-4.56589990234375,-0.4329161098207696
1758544358.1187603,target,4,-2.132306884765625,1.3454365234375,-1.5578064922619261
1758544358.1187603,target,5,-0.42049441528320314,-3.242581787109375,3.1134598187825233
1758544358.1388173,herder,1,-0.9554842529296875,1.918115966796875,0.8543863527505422
1758544358.1388173,herder,2,1.2179444580078125,-5.07890283203125,2.5270554488807764
1758544358.1388173,target,1,0.38399600219726565,3.1080048828125,-2.244961441994678
1758544358.1388173,target,2,2.3203544921875,1.4453814697265626,0.6154728397789887
1758544358.1388173,target,3,1.1422103271484374,-4.5638701171875,-0.48344240097007996
1758544358.1388173,target,4,-2.132261962890625,1.3454508056640626,-1.55896643207471
1758544358.1388173,target,5,-0.420484619140625,-3.24259619140625,3.112807077999345
1758544358.1587548,herder,1,-0.9513157958984375,1.9233619384765626,0.8545673811256403
1758544358.1587548,herder,2,1.214735107421875,-5.07737939453125,2.5084942813473603
1758544358.1587548,target,1,0.38397802734375,3.10804541015625,-2.2449068471923317
1758544358.1587548,target,2,2.32031640625,1.44535595703125,0.6158289709957595
1758544358.1587548,target,3,1.1408568115234374,-4.5657109375,-0.4251611178845134
1758544358.1587548,target,4,-2.13248583984375,1.345279541015625,-1.5586862675280337
1758544358.1587548,target,5,-0.4205146789550781,-3.24261669921875,3.113243570102009
1758544358.1788547,herder,1,-0.9480164794921875,1.92739892578125,0.8545552637426804
1758544358.1788547,herder,2,1.212089599609375,-5.07609619140625,2.49083885490068
1758544358.1788547,target,1,0.3839879150390625,3.10800634765625,-2.245184614894027
1758544358.1788547,target,2,2.32034423828125,1.445347900390625,0.616313133681936
1758544358.1788547,target,3,1.140604248046875,-4.56587548828125,-0.42476260911689667
1758544358.1788547,target,4,-2.1324462890625,1.3453011474609375,-1.5590643032447706
1758544358.1788547,target,5,-0.4205341796875,-3.24261376953125,3.1139035014201304
1758544358.1986852,herder,1,-0.9449866333007813,1.932064697265625,0.8543311587369503
1758544358.1986852,herder,2,1.209260009765625,-5.07483203125,2.4733810350068834
1758544358.1986852,target,1,0.38397219848632813,3.10803076171875,-2.2445696909983277
1758544358.1986852,target,2,2.320351806640625,1.4453778076171875,0.6157175177041397
1758544358.1986852,target,3,1.1410233154296876,-4.56616796875,-0.42531198596026637
1758544358.1986852,target,4,-2.132526611328125,1.3455,-1.5577542943045606
1758544358.1986852,target,5,-0.4205506591796875,-3.242600830078125,3.113587384198738
1758544358.2188847,herder,1,-0.9409454345703125,1.93793701171875,0.853776222544805
1758544358.2188847,herder,2,1.2060792236328124,-5.0728515625,2.454732249473604
1758544358.2188847,target,1,0.38397152709960936,3.10803369140625,-2.2447350733020217
1758544358.2188847,target,2,2.32033447265625,1.44540576171875,0.6155688467362861
1758544358.2188847,target,3,1.140417236328125,-4.5661767578125,-0.4332124530710682
1758544358.2188847,target,4,-2.132291748046875,1.3453310546875,-1.5574259265421537
1758544358.2188847,target,5,-0.42054678344726565,-3.24259912109375,3.1138803319186468
1758544358.238663,herder,1,-0.9367164916992188,1.9432099609375,0.8527883229384401
1758544358.238663,herder,2,1.202608642578125,-5.070712890625,2.4365734855808983
1758544358.238663,target,1,0.3839720153808594,3.108023193359375,-2.2449955304566314
1758544358.238663,target,2,2.32033349609375,1.4454036865234374,0.6159763103830682
1758544358.238663,target,3,1.1419970703125,-4.5664140625,-0.4231855849878926
1758544358.238663,target,4,-2.132242919921875,1.345355224609375,-1.5573866449160751
1758544358.238663,target,5,-0.4205419921875,-3.2425966796875,3.1141186848362086
1758544358.2587378,herder,1,-0.9334124145507813,1.9477265625,0.8536888042820232
1758544358.2587378,herder,2,1.200358642578125,-5.06969921875,2.4181609224363085
1758544358.2587378,target,1,0.38395645141601564,3.108029541015625,-2.244685005873528
1758544358.2587378,target,2,2.32032080078125,1.4453829345703124,0.615087147474118
1758544358.2587378,target,3,1.140539306640625,-4.5663525390625,-0.396986305000561
1758544358.2587378,target,4,-2.1323623046875,1.345559814453125,-1.5623482471849472
1758544358.2587378,target,5,-0.420541015625,-3.242631103515625,3.1139365246176474
1758544358.2786274,herder,1,-0.9296448364257812,1.9514791259765625,0.8542070554301526
1758544358.2786274,herder,2,1.1979832763671876,-5.0686103515625,2.4002442398866917
1758544358.2786274,target,1,0.38397406005859375,3.10803466796875,-2.244586202597086
1758544358.2786274,target,2,2.320348876953125,1.4454334716796875,0.6158357620565392
1758544358.2786274,target,3,1.140706298828125,-4.565892578125,-0.4263251190179598
1758544358.2786274,target,4,-2.1326123046875,1.3453980712890625,-1.5585752137105775
1758544358.2786274,target,5,-0.42053530883789064,-3.242636474609375,3.113455824040888
1758544358.2986634,herder,1,-0.926159912109375,1.9559993896484376,0.8553832405255861
1758544358.2986634,herder,2,1.1949039306640625,-5.06620068359375,2.381226073910218
1758544358.2986634,target,1,0.3839625244140625,3.108020263671875,-2.244647987934376
1758544358.2986634,target,2,2.320314697265625,1.4453739013671876,0.6156865584564676
1758544358.2986634,target,3,1.140675048828125,-4.565783203125,-0.4241140628124351
1758544358.2986634,target,4,-2.132580322265625,1.345298828125,-1.5593434025270108
1758544358.2986634,target,5,-0.42051470947265623,-3.242634765625,3.1139514383197517
1758544358.318714,herder,1,-0.9221741943359375,1.9613994140625,0.8548907554610032
1758544358.318714,herder,2,1.1914820556640624,-5.06410302734375,2.3628755624190267
1758544358.318714,target,1,0.3839930419921875,3.108025634765625,-2.2453052560914077
1758544358.318714,target,2,2.32034228515625,1.4453553466796876,0.6145907342469272
1758544358.318714,target,3,1.1403514404296875,-4.5659951171875,-0.4216891547713771
1758544358.318714,target,4,-2.132597900390625,1.345299560546875,-1.562925487351222
1758544358.318714,target,5,-0.42052651977539063,-3.242638427734375,3.1133037575426443
1758544358.3386078,herder,1,-0.9183113403320312,1.9668424072265625,0.853243257431653
1758544358.3386078,herder,2,1.188866455078125,-5.0622724609375,2.3440123924179956
1758544358.3386078,target,1,0.38404058837890626,3.108000244140625,-2.245144401161567
1758544358.3386078,target,2,2.32035498046875,1.445361572265625,0.6155333601147608
1758544358.3386078,target,3,1.14090869140625,-4.5660341796875,-0.4251323224552269
1758544358.3386078,target,4,-2.132475830078125,1.345380859375,-1.5635433407241204
1758544358.3386078,target,5,-0.4205306396484375,-3.24266552734375,3.11386328768767
1758544358.3590567,herder,1,-0.9153185424804687,1.970537353515625,0.8522134796171466
1758544358.3590567,herder,2,1.18699560546875,-5.06084228515625,2.3248381652016428
1758544358.3590567,target,1,0.3839601745605469,3.10800927734375,-2.2447987228520745
1758544358.3590567,target,2,2.320328369140625,1.4454046630859374,0.6152083213037166
1758544358.3590567,target,3,1.1408900146484375,-4.5658671875,-0.426946900553466
1758544358.3590567,target,4,-2.1324140625,1.3454549560546876,-1.5614961687941764
1758544358.3590567,target,5,-0.4205085144042969,-3.2426123046875,3.1132702017129095
1758544358.3788688,herder,1,-0.9129578857421875,1.9743231201171876,0.8521058879091074
1758544358.3788688,herder,2,1.1844039306640626,-5.0590556640625,2.306326266148393
1758544358.3788688,target,1,0.38392953491210935,3.10801220703125,-2.2450344126085464
1758544358.3788688,target,2,2.320345947265625,1.445359130859375,0.6153775651909911
1758544358.3788688,target,3,1.1403544921875,-4.566205078125,-0.42790500604513565
1758544358.3788688,target,4,-2.132746826171875,1.3453214111328125,-1.560804545859083
1758544358.3788688,target,5,-0.420508056640625,-3.2426337890625,3.113347167068413
1758544358.398593,herder,1,-0.9091304931640625,1.9789949951171875,0.8508055995068762
1758544358.398593,herder,2,1.1816409912109376,-5.05684033203125,2.286960823965773
1758544358.398593,target,1,0.38401284790039064,3.10801123046875,-2.245360383525972
1758544358.398593,target,2,2.320343505859375,1.445414794921875,0.6159737803800326
1758544358.398593,target,3,1.1405145263671874,-4.56609521484375,-0.4308219663870994
1758544358.398593,target,4,-2.1325830078125,1.3452994384765624,-1.5602998768325127
1758544358.398593,target,5,-0.42049072265625,-3.242654296875,3.1128582106922744
1758544358.418749,herder,1,-0.904477294921875,1.98445751953125,0.8506963433231557
1758544358.418749,herder,2,1.1790206298828125,-5.05475634765625,2.2670457053341604
1758544358.418749,target,1,0.38395980834960936,3.10803173828125,-2.244519357253725
1758544358.418749,target,2,2.3203486328125,1.4453873291015624,0.6152348863355901
1758544358.418749,target,3,1.1411112060546875,-4.567435546875,-0.4495929244353867
1758544358.418749,target,4,-2.132461669921875,1.3453848876953125,-1.5588604382633249
1758544358.418749,target,5,-0.42049871826171875,-3.2426015625,3.1137450433352707
1758544358.438671,herder,1,-0.9001205444335938,1.9903094482421875,0.8511960189226817
1758544358.438671,herder,2,1.176920654296875,-5.0532734375,2.247765750622532
1758544358.438671,target,1,0.38395492553710936,3.1080234375,-2.2450250915447314
1758544358.438671,target,2,2.320345947265625,1.4453697509765624,0.6154115204948896
1758544358.438671,target,3,1.1415380859375,-4.56924267578125,-0.47767938695017576
1758544358.438671,target,4,-2.13245849609375,1.3453572998046874,-1.5605254465768426
1758544358.438671,target,5,-0.420525146484375,-3.24265185546875,3.1131061509897604
1758544358.4587324,herder,1,-0.8966739501953125,1.9943590087890626,0.8513241169711145
1758544358.4587324,herder,2,1.17446142578125,-5.051486328125,2.2288003152356413
1758544358.4587324,target,1,0.38395315551757814,3.10800634765625,-2.244677016390258
1758544358.4587324,target,2,2.320330322265625,1.4453924560546876,0.6155057298184512
1758544358.4587324,target,3,1.142075927734375,-4.57095361328125,-0.5138344619090914
1758544358.4587324,target,4,-2.13244580078125,1.3454278564453126,-1.5592902724632638
1758544358.4587324,target,5,-0.42053253173828126,-3.2426611328125,3.1131389078711686
1758544358.4787226,herder,1,-0.8938031005859375,1.9989427490234375,0.8518684670979267
1758544358.4787226,herder,2,1.1723603515625,-5.049244140625,2.2098801535872825
1758544358.4787226,target,1,0.38396902465820315,3.1080283203125,-2.245231752845321
1758544358.4787226,target,2,2.32036474609375,1.4454132080078126,0.6146172326997735
1758544358.4787226,target,3,1.1425943603515625,-4.573673828125,-0.5518994894227848
1758544358.4787226,target,4,-2.132387939453125,1.345312744140625,-1.5528077388958474
1758544358.4787226,target,5,-0.4205228576660156,-3.242650146484375,3.1139069635295473
1758544358.4986603,herder,1,-0.8894041137695312,2.0040716552734374,0.851496756388779
1758544358.4986603,herder,2,1.1700841064453125,-5.04718798828125,2.1911478779538287
1758544358.4986603,target,1,0.38395751953125,3.10801611328125,-2.244920162997782
1758544358.4986603,target,2,2.320370849609375,1.4454244384765624,0.6156090604687462
1758544358.4986603,target,3,1.1438126220703124,-4.57617431640625,-0.5950637713441937
1758544358.4986603,target,4,-2.13227001953125,1.345443115234375,-1.5590161000290401
1758544358.4986603,target,5,-0.4205268249511719,-3.242643310546875,3.113552763104567
1758544358.5187793,herder,1,-0.8851506958007812,2.0098616943359375,0.8516972258398346
1758544358.5187793,herder,2,1.1677197265625,-5.044552734375,2.170195591235685
1758544358.5187793,target,1,0.38396884155273436,3.10800048828125,-2.2450802189792958
1758544358.5187793,target,2,2.320345703125,1.4453919677734375,0.6147705641995348
1758544358.5187793,target,3,1.144447509765625,-4.57822607421875,-0.6382838797799534
1758544358.5187793,target,4,-2.132475341796875,1.345373046875,-1.5571906362598453
1758544358.5187793,target,5,-0.42054641723632813,-3.24266162109375,3.1142752787083054
1758544358.5386653,herder,1,-0.88183447265625,2.0138668212890627,0.8515003516562506
1758544358.5386653,herder,2,1.1656639404296876,-5.042267578125,2.1494817905931574
1758544358.5386653,target,1,0.3839475402832031,3.10801806640625,-2.2451340148333156
1758544358.5386653,target,2,2.320342529296875,1.4454119873046876,0.6147734936767338
1758544358.5386653,target,3,1.1459886474609375,-4.58137841796875,-0.6888491196602061
1758544358.5386653,target,4,-2.132604736328125,1.3454005126953126,-1.5597139813926955
1758544358.5386653,target,5,-0.4205544128417969,-3.242653564453125,3.114699786586064
1758544358.5588276,herder,1,-0.878479736328125,2.0176583251953124,0.8514674616167881
1758544358.5588276,herder,2,1.163021484375,-5.0403056640625,2.127962516878936
1758544358.5588276,target,1,0.38395846557617186,3.10801416015625,-2.244510835138237
1758544358.5588276,target,2,2.32036181640625,1.44540283203125,0.6149298878117487
1758544358.5588276,target,3,1.14696240234375,-4.584736328125,-0.7427745364668391
1758544358.5588276,target,4,-2.13261279296875,1.3454813232421876,-1.5562630572521707
1758544358.5588276,target,5,-0.4205357666015625,-3.24264404296875,3.1133245301991472
1758544358.5787303,herder,1,-0.874651611328125,2.022824951171875,0.8518709305219351
1758544358.5787303,herder,2,1.16121240234375,-5.03863037109375,2.1068076967598914
1758544358.5787303,target,1,0.3839534606933594,3.10801708984375,-2.2443888623603114
1758544358.5787303,target,2,2.32032861328125,1.445388427734375,0.6155619890964791
1758544358.5787303,target,3,1.14876904296875,-4.5878349609375,-0.8029402057607185
1758544358.5787303,target,4,-2.132550537109375,1.3453424072265625,-1.5572028868008596
1758544358.5787303,target,5,-0.42052685546875,-3.2426328125,3.112681909428111
1758544358.598665,herder,1,-0.8704862060546875,2.0280633544921876,0.8514452908007132
1758544358.598665,herder,2,1.1590018310546875,-5.036517578125,2.084217965445512
1758544358.598665,target,1,0.38396640014648437,3.108010986328125,-2.245016569429243
1758544358.598665,target,2,2.32036181640625,1.4453770751953126,0.6159474150852408
1758544358.598665,target,3,1.15076611328125,-4.59050732421875,-0.8599528920610258
1758544358.598665,target,4,-2.13248974609375,1.3454261474609375,-1.5589179625428706
1758544358.598665,target,5,-0.4205234375,-3.2426484375,3.1130291856342573
1758544358.6188192,herder,1,-0.8671083374023437,2.03232080078125,0.8516783839751224
1758544358.6188192,herder,2,1.1572730712890624,-5.0348154296875,2.0583171259478377
1758544358.6188192,target,1,0.3839337158203125,3.10801904296875,-2.2449630398913323
1758544358.6188192,target,2,2.3203193359375,1.445360107421875,0.6146684985507574
1758544358.6188192,target,3,1.1522945556640625,-4.5940390625,-0.9162852738608724
1758544358.6188192,target,4,-2.132399169921875,1.345444091796875,-1.5586836043669436
1758544358.6188192,target,5,-0.42052621459960937,-3.242663330078125,3.113075258321116
1758544358.6387002,herder,1,-0.8642623901367188,2.036458251953125,0.8514664629313793
1758544358.6387002,herder,2,1.1560478515625,-5.0339208984375,2.0335587825578068
1758544358.6387002,target,1,0.3839525146484375,3.1080234375,-2.2445222867309242
1758544358.6387002,target,2,2.320382568359375,1.445394287109375,0.6153799620359721
1758544358.6387002,target,3,1.15458447265625,-4.597404296875,-0.9820073624530931
1758544358.6387002,target,4,-2.132572021484375,1.345377197265625,-1.555800732486933
1758544358.6387002,target,5,-0.42053057861328125,-3.242661865234375,3.1132968333238105
1758544358.6586895,herder,1,-0.8601589965820312,2.0414061279296876,0.8506952780587196
1758544358.6586895,herder,2,1.154408447265625,-5.03180615234375,2.002908994204303
1758544358.6586895,target,1,0.3839621276855469,3.108023681640625,-2.2453707698542233
1758544358.6586895,target,2,2.320362060546875,1.4453955078125,0.6152271631684288
1758544358.6586895,target,3,1.15722509765625,-4.60022998046875,-1.0397233230182632
1758544358.6586895,target,4,-2.13247216796875,1.3453690185546876,-1.5576917100189436
1758544358.6586895,target,5,-0.4205055236816406,-3.2426396484375,3.1130321151114564
1758544358.6786957,herder,1,-0.8565711059570312,2.0458848876953124,0.8510707171933936
1758544358.6786957,herder,2,1.1536082763671875,-5.03164013671875,1.9740624322248916
1758544358.6786957,target,1,0.3839527587890625,3.108028564453125,-2.244950789350318
1758544358.6786957,target,2,2.320368408203125,1.44539501953125,0.6155230403655366
1758544358.6786957,target,3,1.1594456787109375,-4.6033466796875,-1.0993455742917118
1758544358.6786957,target,4,-2.1325068359375,1.3453486328125,-1.5589086414790554
1758544358.6786957,target,5,-0.420533203125,-3.242629638671875,3.1133383786368154
1758544358.6986585,herder,1,-0.8528267211914062,2.05064453125,0.8505972737306047
1758544358.6986585,herder,2,1.1523565673828124,-5.03091357421875,1.944598815820909
1758544358.6986585,target,1,0.3840098571777344,3.108017822265625,-2.245766515592209
1758544358.6986585,target,2,2.3203671875,1.4454154052734376,0.6149042548862568
1758544358.6986585,target,3,1.1614320068359374,-4.606263671875,-1.1410793059440711
1758544358.6986585,target,4,-2.13254296875,1.3454951171875,-1.5594089162898268
1758544358.6986585,target,5,-0.42049996948242185,-3.2426171875,3.112355938510685
1758544358.7186756,herder,1,-0.8491535034179688,2.0552216796875,0.8503911450622326
1758544358.7186756,herder,2,1.151566162109375,-5.02959765625,1.914437850685489
1758544358.7186756,target,1,0.3840280456542969,3.1079833984375,-2.2456043290818233
1758544358.7186756,target,2,2.320369140625,1.4454295654296876,0.6147803513165409
1758544358.7186756,target,3,1.1632890625,-4.61179833984375,-1.187423901549739
1758544358.7186756,target,4,-2.132398193359375,1.345451171875,-1.5594026578612652
1758544358.7186756,target,5,-0.4205315551757812,-3.242619384765625,3.1138550318882907
1758544358.7387402,herder,1,-0.8454928588867188,2.0601396484375,0.850295071525908
1758544358.7387402,herder,2,1.1511024169921875,-5.02953466796875,1.887310092873615
1758544358.7387402,target,1,0.3839590148925781,3.108052978515625,-2.244514030931545
1758544358.7387402,target,2,2.320377685546875,1.4454068603515624,0.615298003253425
1758544358.7387402,target,3,1.16399560546875,-4.61665380859375,-1.227670524049398
1758544358.7387402,target,4,-2.13264404296875,1.3453603515625,-1.5536578199158007
1758544358.7387402,target,5,-0.420521728515625,-3.24262646484375,3.1139849941494866
1758544358.7587004,herder,1,-0.8417246704101562,2.0648134765625,0.8502673746505711
1758544358.7587004,herder,2,1.1501805419921876,-5.02937109375,1.859095365862825
1758544358.7587004,target,1,0.3839801940917969,3.108015625,-2.2450711642315895
1758544358.7587004,target,2,2.320360107421875,1.445388916015625,0.6148272229517262
1758544358.7587004,target,3,1.16508935546875,-4.62114453125,-1.2604038364817254
1758544358.7587004,target,4,-2.13260693359375,1.3454609375,-1.5546073700024685
1758544358.7587004,target,5,-0.42053173828125,-3.242614501953125,3.1140787374198577
1758544358.7787452,herder,1,-0.8379349975585938,2.06952001953125,0.8505557949966267
1758544358.7787452,herder,2,1.1494007568359375,-5.02973583984375,1.8288763438156415
1758544358.7787452,target,1,0.38395989990234375,3.10802490234375,-2.2448682313565254
1758544358.7787452,target,2,2.32033154296875,1.4453746337890625,0.6151396783266198
1758544358.7787452,target,3,1.165269287109375,-4.6273232421875,-1.2929547223793822
1758544358.7787452,target,4,-2.13243017578125,1.3454361572265625,-1.5564442853643505
1758544358.7787452,target,5,-0.42052230834960935,-3.242633056640625,3.1138430476633854
1758544358.7986,herder,1,-0.8343192138671875,2.07410009765625,0.8513050087902932
1758544358.7986,herder,2,1.149058837890625,-5.0315634765625,1.7973600960014802
1758544358.7986,target,1,0.38394668579101565,3.108006591796875,-2.244267155898495
1758544358.7986,target,2,2.320296142578125,1.4453275146484375,0.6141949885089414
1758544358.7986,target,3,1.1663258056640624,-4.631884765625,-1.3118032449944181
1758544358.7986,target,4,-2.132640625,1.3453626708984374,-1.5646970221083427
1758544358.7986,target,5,-0.4205115661621094,-3.242615478515625,3.1134012292385416
1758544358.8188298,herder,1,-0.830499267578125,2.079009521484375,0.8516253870694298
1758544358.8188298,herder,2,1.14851171875,-5.03272802734375,1.7704857379673271
1758544358.8188298,target,1,0.38397357177734376,3.108009033203125,-2.2449433324992656
1758544358.8188298,target,2,2.320360107421875,1.445354248046875,0.6155023342880613
1758544358.8188298,target,3,1.167109375,-4.63826953125,-1.3585638263623565
1758544358.8188298,target,4,-2.132551513671875,1.3453902587890625,-1.5639773028237487
1758544358.8188298,target,5,-0.420500244140625,-3.24262841796875,3.1129988255978303
1758544358.8385928,herder,1,-0.8268639526367187,2.083494140625,0.8512062055138513
1758544358.8385928,herder,2,1.1486331787109374,-5.03385791015625,1.7419869848262801
1758544358.8385928,target,1,0.3839681396484375,3.108017333984375,-2.244926288268289
1758544358.8385928,target,2,2.32032861328125,1.4453489990234376,0.6150085176429334
1758544358.8385928,target,3,1.1668759765625,-4.64376513671875,-1.3633428689385036
1758544358.8385928,target,4,-2.13236669921875,1.345424072265625,-1.5641842304404479
1758544358.8385928,target,5,-0.42051708984375,-3.24263134765625,3.1132736638223264
1758544358.8586001,herder,1,-0.8234839477539062,2.088126708984375,0.8509952165764898
1758544358.8586001,herder,2,1.1480042724609374,-5.03597119140625,1.7161910738755546
1758544358.8586001,target,1,0.3839655151367187,3.1080205078125,-2.2442740801173287
1758544358.8586001,target,2,2.32033984375,1.445341796875,0.6140313372599561
1758544358.8586001,target,3,1.16875927734375,-4.649173828125,-1.3776802629830542
1758544358.8586001,target,4,-2.132235595703125,1.345447509765625,-1.5653056875754803
1758544358.8586001,target,5,-0.42052761840820313,-3.2426201171875,3.113327725992455
1758544358.878683,herder,1,-0.8199437255859375,2.09269873046875,0.8505760350209113
1758544358.878683,herder,2,1.147503173828125,-5.03758349609375,1.687994988992395
1758544358.878683,target,1,0.38396749877929687,3.108031494140625,-2.244444788743203
1758544358.878683,target,2,2.320310546875,1.445362060546875,0.6149298878117487
1758544358.878683,target,3,1.1685703125,-4.65481494140625,-1.38859629397518
1758544358.878683,target,4,-2.132399169921875,1.3454466552734374,-1.561517207766788
1758544358.878683,target,5,-0.4205196838378906,-3.2426142578125,3.113355689183901
1758544358.898667,herder,1,-0.8157353515625,2.0981318359375,0.8495555116911929
1758544358.898667,herder,2,1.1473555908203126,-5.040751953125,1.6610987930373033
1758544358.898667,target,1,0.3839526977539062,3.10803271484375,-2.2451004590035804
1758544358.898667,target,2,2.3203515625,1.4454027099609374,0.6147541191798036
1758544358.898667,target,3,1.169553955078125,-4.6600078125,-1.3928364459047498
1758544358.898667,target,4,-2.132477783203125,1.3453897705078126,-1.5597069240158066
1758544358.898667,target,5,-0.42051211547851564,-3.242626220703125,3.1139136214322725
1758544358.9187849,herder,1,-0.8122977905273437,2.1022412109375,0.8487851257668603
1758544358.9187849,herder,2,1.146672119140625,-5.04346875,1.63783102090939
1758544358.9187849,target,1,0.3839563903808594,3.108030029296875,-2.2448868734841563
1758544358.9187849,target,2,2.320352783203125,1.4454290771484375,0.6148256250550722
1758544358.9187849,target,3,1.168994873046875,-4.66438427734375,-1.4059320079329962
1758544358.9187849,target,4,-2.132446044921875,1.34543212890625,-1.5590753553632943
1758544358.9187849,target,5,-0.4205472106933594,-3.242595947265625,3.113871543487049
1758544358.9386568,herder,1,-0.8088367919921875,2.106767822265625,0.8490430529184344
1758544358.9386568,herder,2,1.1470501708984375,-5.04553076171875,1.6144712365658145
1758544358.9386568,target,1,0.384003173828125,3.10800634765625,-2.245284749751014
1758544358.9386568,target,2,2.32036328125,1.4453975830078125,0.615735826936634
1758544358.9386568,target,3,1.1702979736328125,-4.67256884765625,-1.434947014851355
1758544358.9386568,target,4,-2.13238427734375,1.3454542236328124,-1.557922472927399
1758544358.9386568,target,5,-0.42055435180664064,-3.24260693359375,3.113865684532651
1758544358.9587197,herder,1,-0.8051731567382813,2.112,0.8486404495406418
1758544358.9587197,herder,2,1.14667626953125,-5.0497470703125,1.5941092395032868
1758544358.9587197,target,1,0.38402859497070313,3.10797998046875,-2.2460482780355395
1758544358.9587197,target,2,2.32034814453125,1.445399169921875,0.614869700371113
1758544358.9587197,target,3,1.170220458984375,-4.6793017578125,-1.4406966464867816
1758544358.9587197,target,4,-2.13226708984375,1.345420166015625,-1.5593597809677149
1758544358.9587197,target,5,-0.42052584838867185,-3.242668701171875,3.113394038703598
1758544358.9788268,herder,1,-0.8011697387695312,2.11671435546875,0.8483148780973795
1758544358.9788268,herder,2,1.1459996337890626,-5.052419921875,1.5738955805134762
1758544358.9788268,target,1,0.3839625244140625,3.1080478515625,-2.2448634376665635
1758544358.9788268,target,2,2.32035693359375,1.44536083984375,0.6154877534810931
1758544358.9788268,target,3,1.1718946533203125,-4.68641845703125,-1.4421683093051594
1758544358.9788268,target,4,-2.132595458984375,1.3454180908203126,-1.5521757707691715
1758544358.9788268,target,5,-0.42048828125,-3.242659423828125,3.1128251874947575
1758544358.9986577,herder,1,-0.7971681518554687,2.122009521484375,0.848610422399351
1758544358.9986577,herder,2,1.145346923828125,-5.054201171875,1.5557984688000064
1758544358.9986577,target,1,0.38398895263671873,3.108021484375,-2.2446855385057463
1758544358.9986577,target,2,2.320343017578125,1.445376220703125,0.6152674434799164
1758544358.9986577,target,3,1.17229345703125,-4.69217236328125,-1.4480392479282391
1758544358.9986577,target,4,-2.13230029296875,1.345342041015625,-1.5585632294856722
1758544358.9986577,target,5,-0.4205160217285156,-3.242631103515625,3.1135977705269893
1758544359.0187612,herder,1,-0.79352783203125,2.1264697265625,0.8496573110238612
1758544359.0187612,herder,2,1.1448692626953125,-5.0585693359375,1.5364892193163868
1758544359.0187612,target,1,0.38396697998046875,3.108024658203125,-2.2449023198184785
1758544359.0187612,target,2,2.320359375,1.4453824462890625,0.6166750572740777
1758544359.0187612,target,3,1.1726588134765625,-4.697984375,-1.4549691925587889
1758544359.0187612,target,4,-2.132486328125,1.345392822265625,-1.5567184577985742
1758544359.0187612,target,5,-0.42051809692382813,-3.242629150390625,3.1133418407462328
1758544359.038617,herder,1,-0.7898019409179687,2.130549072265625,0.8505685115908318
1758544359.038617,herder,2,1.1446182861328125,-5.06287451171875,1.519382670370372
1758544359.038617,target,1,0.38395095825195313,3.108025146484375,-2.2445936594481384
1758544359.038617,target,2,2.32035400390625,1.4453807373046874,0.614617365857828
1758544359.038617,target,3,1.172474609375,-4.70457080078125,-1.4642412542100087
1758544359.038617,target,4,-2.132413330078125,1.3453944091796874,-1.5556462691437083
1758544359.038617,target,5,-0.4205044860839844,-3.24263427734375,3.1133082849164975
1758544359.0586271,herder,1,-0.7861641845703125,2.13549609375,0.8513021458921214
1758544359.0586271,herder,2,1.1445421142578125,-5.06560546875,1.505425975203648
1758544359.0586271,target,1,0.383971435546875,3.108020263671875,-2.244815767083051
1758544359.0586271,target,2,2.320345947265625,1.445374267578125,0.6155510701360097
1758544359.0586271,target,3,1.1728345947265626,-4.71093701171875,-1.4758905866082879
1758544359.0586271,target,4,-2.132343505859375,1.345498291015625,-1.5580476414986328
1758544359.0586271,target,5,-0.42053082275390624,-3.2426318359375,3.113423333475589
1758544359.0787296,herder,1,-0.7820130615234375,2.140713134765625,0.850371437670166
1758544359.0787296,herder,2,1.14419091796875,-5.0690751953125,1.4931027298915245
1758544359.0787296,target,1,0.38397061157226564,3.108025146484375,-2.244912972462839
1758544359.0787296,target,2,2.3203466796875,1.4453818359375,0.6150816879938833
1758544359.0787296,target,3,1.173006103515625,-4.7183486328125,-1.4839718157780788
1758544359.0787296,target,4,-2.132265869140625,1.3454320068359376,-1.5584624288384126
1758544359.0787296,target,5,-0.42052178955078123,-3.24264306640625,3.1138278676451723
1758544359.098694,herder,1,-0.7782725219726563,2.14572119140625,0.8491591667419619
1758544359.098694,herder,2,1.14343701171875,-5.0743037109375,1.480501583719651
1758544359.098694,target,1,0.383945556640625,3.10801806640625,-2.244578213113816
1758544359.098694,target,2,2.32034521484375,1.44540966796875,0.6153053269464227
1758544359.098694,target,3,1.1736351318359375,-4.72372705078125,-1.477118703344978
1758544359.098694,target,4,-2.13245068359375,1.3453778076171874,-1.5588359371812963
1758544359.098694,target,5,-0.420525634765625,-3.242572509765625,3.1152478651384024
1758544359.1186728,herder,1,-0.7756411743164062,2.14946337890625,0.8487529680966975
1758544359.1186728,herder,2,1.14294970703125,-5.07893115234375,1.4720154209061136
1758544359.1186728,target,1,0.38397845458984375,3.107999267578125,-2.244882878742521
1758544359.1186728,target,2,2.320405517578125,1.445434814453125,0.6153683107062031
1758544359.1186728,target,3,1.1729268798828125,-4.73142919921875,-1.4610799488380302
1758544359.1186728,target,4,-2.132416015625,1.3454700927734375,-1.5607222541813994
1758544359.1186728,target,5,-0.42051361083984373,-3.242609130859375,3.1144427915408714
1758544359.1385937,herder,1,-0.771705810546875,2.154236328125,0.8477796492973009
1758544359.1385937,herder,2,1.1419041748046874,-5.08217431640625,1.4612739601234424
1758544359.1385937,target,1,0.3840146789550781,3.107979736328125,-2.2448408007972978
1758544359.1385937,target,2,2.320320068359375,1.4453818359375,0.6154199094523234
1758544359.1385937,target,3,1.1744473876953125,-4.73682568359375,-1.5227530338879216
1758544359.1385937,target,4,-2.132332275390625,1.345480712890625,-1.5618956429576882
1758544359.1385937,target,5,-0.4205151062011719,-3.2426259765625,3.114031066836345
1758544359.158563,herder,1,-0.7673150024414063,2.159597900390625,0.8475120016077479
1758544359.158563,herder,2,1.1413504638671874,-5.0875576171875,1.4534294859745596
1758544359.158563,target,1,0.3839830627441406,3.1080263671875,-2.2451297537755712
1758544359.158563,target,2,2.3203759765625,1.4454273681640626,0.6165532842332339
1758544359.158563,target,3,1.174548583984375,-4.74281591796875,-1.5222551559221313
1758544359.158563,target,4,-2.13270458984375,1.3453251953125,-1.561854363960792
1758544359.158563,target,5,-0.42046432495117186,-3.242657958984375,3.1126603378232813
1758544359.1785867,herder,1,-0.7638471069335937,2.163584716796875,0.8475549450803255
1758544359.1785867,herder,2,1.1406031494140625,-5.092767578125,1.447881721949761
1758544359.1785867,target,1,0.3839768981933594,3.10802587890625,-2.2450594463227933
1758544359.1785867,target,2,2.320325439453125,1.4453944091796875,0.6146304819261966
1758544359.1785867,target,3,1.175536865234375,-4.75010693359375,-1.4785791808867774
1758544359.1785867,target,4,-2.132626953125,1.345336669921875,-1.5594122452411894
1758544359.1785867,target,5,-0.4205395812988281,-3.2426240234375,3.1139218772316517
1758544359.1985672,herder,1,-0.7605469970703125,2.1678291015625,0.8475877019617334
1758544359.1985672,herder,2,1.1397239990234376,-5.0982265625,1.4421621840346524
1758544359.1985672,target,1,0.38399798583984374,3.10802197265625,-2.245090605307547
1758544359.1985672,target,2,2.32030908203125,1.445360107421875,0.6151164422461088
1758544359.1985672,target,3,1.17711767578125,-4.759244140625,-1.4465221782132756
1758544359.1985672,target,4,-2.13248095703125,1.345422607421875,-1.5597490019610298
1758544359.1985672,target,5,-0.42054022216796877,-3.242609130859375,3.1140417194807055
