time,type,id,x,y,yaw
1758802185.6308184,herder,1,1.3376829833984376,-1.772375732421875,2.641144737347553
1758802185.6308184,herder,2,-1.7626063232421876,1.0087241821289064,-0.7412473467397331
1758802185.6308184,target,1,1.0089580688476563,-1.34032861328125,0.6952534228706014
1758802185.6308184,target,2,nan,nan,nan
1758802185.6308184,target,3,-0.13048541259765625,-2.431681396484375,-1.3666360007844411
1758802185.6308184,target,4,-1.3516468505859376,0.5034692077636719,1.0342988633519352
1758802185.6308184,target,5,0.6664092407226563,-0.4845837097167969,-2.801087800831096
1758802185.65084,herder,1,1.3376854248046874,-1.7724063720703125,2.6409876108432386
1758802185.65084,herder,2,-1.762577880859375,1.008728515625,-0.7412658557093093
1758802185.65084,target,1,1.0089602661132813,-1.3403740234375,0.6968560466355839
1758802185.65084,target,2,nan,nan,nan
1758802185.65084,target,3,-0.13045700073242186,-2.4317314453125,-1.3680709119797758
1758802185.65084,target,4,-1.3516656494140624,0.5034568786621094,1.0344464024763256
1758802185.65084,target,5,0.6663894653320312,-0.4845543212890625,-2.8005964476099763
1758802185.6708605,herder,1,1.3376715087890625,-1.77239892578125,2.640970566612262
1758802185.6708605,herder,2,-1.7625633544921875,1.0087379760742188,-0.7412716480846802
1758802185.6708605,target,1,1.0089456176757812,-1.340373291015625,0.6961935853144267
1758802185.6708605,target,2,nan,nan,nan
1758802185.6708605,target,3,-0.13047439575195313,-2.431755126953125,-1.3677896821686635
1758802185.6708605,target,4,-1.35166064453125,0.5034466247558593,1.0343132444218217
1758802185.6708605,target,5,0.666433837890625,-0.48453689575195313,-2.8012073767640406
1758802185.690865,herder,1,1.337675537109375,-1.7724036865234376,2.640703717871036
1758802185.690865,herder,2,-1.7625478515625,1.0087265014648437,-0.7411619924267961
1758802185.690865,target,1,1.0089362182617188,-1.340346435546875,0.695884791786032
1758802185.690865,target,2,nan,nan,nan
1758802185.690865,target,3,-0.1304510498046875,-2.431733154296875,-1.367087806063373
1758802185.690865,target,4,-1.3516512451171876,0.5034197692871094,1.0337872035275038
1758802185.690865,target,5,0.6664523315429688,-0.48453814697265624,-2.802360259199936
1758802185.7107935,herder,1,1.3376544189453126,-1.7724019775390625,2.6406856083756236
1758802185.7107935,herder,2,-1.7625325927734374,1.0087142944335938,-0.7411276376487341
1758802185.7107935,target,1,1.008873046875,-1.3404068603515624,0.695087907408853
1758802185.7107935,target,2,nan,nan,nan
1758802185.7107935,target,3,-0.13046871948242186,-2.431717529296875,-1.3667668951520184
1758802185.7107935,target,4,-1.35165869140625,0.503412109375,1.0334875979048699
1758802185.7107935,target,5,0.6663934326171875,-0.48455770874023435,-2.8033967614961948
1758802185.7307816,herder,1,1.3376749267578125,-1.772385009765625,2.6407505895062213
1758802185.7307816,herder,2,-1.7625963134765625,1.0087257690429687,-0.7412452827898883
1758802185.7307816,target,1,1.0089131469726562,-1.340366943359375,0.6954836531468388
1758802185.7307816,target,2,nan,nan,nan
1758802185.7307816,target,3,-0.13047843933105469,-2.43171142578125,-1.3661005722472808
1758802185.7307816,target,4,-1.3516290283203125,0.5033886413574219,1.0333981156922432
1758802185.7307816,target,5,0.6663956909179688,-0.48452813720703125,-2.8030564095088826
1758802185.750785,herder,1,1.33769091796875,-1.77238330078125,2.6407814821748663
1758802185.750785,herder,2,-1.76259619140625,1.0087280883789063,-0.741309664709241
1758802185.750785,target,1,1.0089490356445312,-1.3403721923828125,0.6964524445723823
1758802185.750785,target,2,nan,nan,nan
1758802185.750785,target,3,-0.13048361206054687,-2.431686767578125,-1.365994977910059
1758802185.750785,target,4,-1.351640380859375,0.5034424438476562,1.034294335978082
1758802185.750785,target,5,0.6664732055664062,-0.484577392578125,-2.8032902350525917
1758802185.7708738,herder,1,1.3377056884765626,-1.7723929443359374,2.6406925325944575
1758802185.7708738,herder,2,-1.762577880859375,1.0087300415039062,-0.7413066020739875
1758802185.7708738,target,1,1.0089818115234375,-1.3403546142578124,0.6965276122941498
1758802185.7708738,target,2,nan,nan,nan
1758802185.7708738,target,3,-0.13043218994140626,-2.43171533203125,-1.366683005577681
1758802185.7708738,target,4,-1.3516610107421876,0.50346533203125,1.0344342850933657
1758802185.7708738,target,5,0.666461181640625,-0.4845853271484375,-2.802229764306522
1758802185.7908087,herder,1,1.3376881103515625,-1.7723914794921876,2.6405591082238447
1758802185.7908087,herder,2,-1.7625709228515625,1.0087412109375,-0.7412354956728823
1758802185.7908087,target,1,1.0089110107421875,-1.3403837890625,0.6955532282303171
1758802185.7908087,target,2,nan,nan,nan
1758802185.7908087,target,3,-0.13044235229492188,-2.43172021484375,-1.368745490683893
1758802185.7908087,target,4,-1.351657470703125,0.5034526977539062,1.0338015180183628
1758802185.7908087,target,5,0.6664588012695313,-0.4845615539550781,-2.8021946105801327
1758802185.8107822,herder,1,1.3376776123046874,-1.772400146484375,2.6405164976464035
1758802185.8107822,herder,2,-1.762551513671875,1.0087356567382812,-0.7413381605329049
1758802185.8107822,target,1,1.0088775024414063,-1.3403839111328124,0.6945719199476501
1758802185.8107822,target,2,nan,nan,nan
1758802185.8107822,target,3,-0.13042861938476563,-2.431704833984375,-1.3673607800751062
1758802185.8107822,target,4,-1.35165478515625,0.5034615478515625,1.0340699646562428
1758802185.8107822,target,5,0.6664390869140625,-0.4845477600097656,-2.8016446678150317
1758802185.8307831,herder,1,1.3376719970703126,-1.7723922119140625,2.6406219588255704
1758802185.8307831,herder,2,-1.762528564453125,1.0087155151367186,-0.7412162543340065
1758802185.8307831,target,1,1.0089071655273438,-1.340376708984375,0.6938213745734386
1758802185.8307831,target,2,nan,nan,nan
1758802185.8307831,target,3,-0.13043878173828125,-2.431728271484375,-1.3669220242855156
1758802185.8307831,target,4,-1.35166015625,0.50346875,1.0344510630082333
1758802185.8307831,target,5,0.6664502563476562,-0.484519287109375,-2.8014755570858116
1758802185.8508167,herder,1,1.33769970703125,-1.7723822021484374,2.6405844082542003
1758802185.8508167,herder,2,-1.7625091552734375,1.0087211303710937,-0.7412270401364213
1758802185.8508167,target,1,1.0089418334960938,-1.340340087890625,0.6954109488490796
1758802185.8508167,target,2,nan,nan,nan
1758802185.8508167,target,3,-0.13044923400878905,-2.431708984375,-1.3667117677174538
1758802185.8508167,target,4,-1.351668212890625,0.5034237670898437,1.0337799464135333
1758802185.8508167,target,5,0.6664713134765625,-0.4845050964355469,-2.8025868942087016
1758802185.8708427,herder,1,1.337678466796875,-1.772378173828125,2.640767367421089
1758802185.8708427,herder,2,-1.76252392578125,1.0087122192382814,-0.7412016069480111
1758802185.8708427,target,1,1.0089479370117187,-1.3403343505859375,0.6958622880748208
1758802185.8708427,target,2,nan,nan,nan
1758802185.8708427,target,3,-0.13046035766601563,-2.431711181640625,-1.3665397275110347
1758802185.8708427,target,4,-1.3516407470703125,0.5034604797363281,1.0337557116476135
1758802185.8708427,target,5,0.6664400634765625,-0.4844930419921875,-2.802941360949791
1758802185.8908718,herder,1,1.3376875,-1.772399169921875,2.640699190497183
1758802185.8908718,herder,2,-1.7625440673828126,1.0087117919921875,-0.7411768395498733
1758802185.8908718,target,1,1.00887841796875,-1.3403597412109376,0.693829164319627
1758802185.8908718,target,2,nan,nan,nan
1758802185.8908718,target,3,-0.13046052551269532,-2.43169091796875,-1.3666597029181429
1758802185.8908718,target,4,-1.351630615234375,0.5034717407226562,1.0336744186553388
1758802185.8908718,target,5,0.6664769287109376,-0.48448834228515625,-2.8026257763606166
1758802185.9107835,herder,1,1.3376875,-1.77239697265625,2.6405897345763805
1758802185.9107835,herder,2,-1.7626044921875,1.0087510375976563,-0.7413118618171404
1758802185.9107835,target,1,1.0089176635742187,-1.340393798828125,0.6954106825329706
1758802185.9107835,target,2,nan,nan,nan
1758802185.9107835,target,3,-0.1304956512451172,-2.431707763671875,-1.3661869918246539
1758802185.9107835,target,4,-1.35163134765625,0.5034425659179688,1.034587083960909
1758802185.9107835,target,5,0.666451171875,-0.48447857666015626,-2.8020819588660224
1758802185.9307616,herder,1,1.3376806640625,-1.7723753662109376,2.6411135783627993
1758802185.9307616,herder,2,-1.7625960693359375,1.0087496948242187,-0.7414189874719888
1758802185.9307616,target,1,1.0089351806640625,-1.3404007568359375,0.6956656136283185
1758802185.9307616,target,2,nan,nan,nan
1758802185.9307616,target,3,-0.13046440124511718,-2.43170556640625,-1.3662294692440404
1758802185.9307616,target,4,-1.351550537109375,0.5033950805664062,1.0342299540587294
1758802185.9307616,target,5,0.6664559936523438,-0.48446527099609377,-2.8022851580571957
1758802185.9508762,herder,1,1.3376617431640625,-1.7723621826171876,2.6411950710921555
1758802185.9508762,herder,2,-1.7625611572265625,1.0087385864257812,-0.7412646572868187
1758802185.9508762,target,1,1.0089611206054687,-1.3403643798828124,0.6958404501538822
1758802185.9508762,target,2,nan,nan,nan
1758802185.9508762,target,3,-0.13049363708496095,-2.431702392578125,-1.3653317176405748
1758802185.9508762,target,4,-1.3515789794921875,0.503389404296875,1.0337157642312624
1758802185.9508762,target,5,0.6664598999023438,-0.4845316467285156,-2.8021152483796485
1758802185.9708664,herder,1,1.3376612548828124,-1.772345947265625,2.641342077584328
1758802185.9708664,herder,2,-1.76255859375,1.0087293701171876,-0.7413246449903728
1758802185.9708664,target,1,1.0089558715820313,-1.340375732421875,0.6955090197562218
1758802185.9708664,target,2,nan,nan,nan
1758802185.9708664,target,3,-0.13045046997070311,-2.43173876953125,-1.3674762281083612
1758802185.9708664,target,4,-1.3516165771484374,0.503378662109375,1.033555841407803
1758802185.9708664,target,5,0.6664281616210938,-0.4845250549316406,-2.801663576258771
1758802185.990766,herder,1,1.337668212890625,-1.7723475341796875,2.641178825809506
1758802185.990766,herder,2,-1.7625601806640625,1.0087340087890626,-0.7412227790786772
1758802185.990766,target,1,1.008974609375,-1.340367919921875,0.697212244431382
1758802185.990766,target,2,nan,nan,nan
1758802185.990766,target,3,-0.13043902587890624,-2.431725830078125,-1.3672851463001479
1758802185.990766,target,4,-1.351639404296875,0.503391357421875,1.0348622550805415
1758802185.990766,target,5,0.6664522094726563,-0.4845445556640625,-2.801053712369143
1758802186.0107965,herder,1,1.3376802978515625,-1.772376708984375,2.6408222285395446
1758802186.0107965,herder,2,-1.7625692138671876,1.0087320556640624,-0.7412572004357665
1758802186.0107965,target,1,1.0089580688476563,-1.340347900390625,0.6950441649879484
1758802186.0107965,target,2,nan,nan,nan
1758802186.0107965,target,3,-0.1304399719238281,-2.431710205078125,-1.3677300273602457
1758802186.0107965,target,4,-1.351653564453125,0.5033932800292968,1.0341804858414811
1758802186.0107965,target,5,0.6664487915039062,-0.48454962158203124,-2.8013453285085066
1758802186.0307558,herder,1,1.337707763671875,-1.7724122314453126,2.6408206306428905
1758802186.0307558,herder,2,-1.76260546875,1.0087418212890624,-0.7413430873809215
1758802186.0307558,target,1,1.0089796752929687,-1.3403204345703126,0.696451312728919
1758802186.0307558,target,2,nan,nan,nan
1758802186.0307558,target,3,-0.1304307861328125,-2.43171630859375,-1.367823104840344
1758802186.0307558,target,4,-1.351636962890625,0.5034197082519531,1.0341562510755615
1758802186.0307558,target,5,0.666441162109375,-0.48454861450195313,-2.8014878076268257
1758802186.050778,herder,1,1.3376942138671875,-1.7724014892578126,2.6406901357494768
1758802186.050778,herder,2,-1.762614501953125,1.00875244140625,-0.7412221132884047
1758802186.050778,target,1,1.0088165893554688,-1.3404127197265625,0.6934327527913687
1758802186.050778,target,2,nan,nan,nan
1758802186.050778,target,3,-0.13047892761230467,-2.431716064453125,-1.3674438707011167
1758802186.050778,target,4,-1.3516365966796875,0.5034042053222656,1.0338364054286429
1758802186.050778,target,5,0.6664359130859375,-0.48452120971679685,-2.801347991669597
1758802186.0709538,herder,1,1.337673583984375,-1.7724112548828126,2.640580679828674
1758802186.0709538,herder,2,-1.76259716796875,1.0087471313476561,-0.7412828333612584
1758802186.0709538,target,1,1.0089163208007812,-1.340373291015625,0.6969148359166474
1758802186.0709538,target,2,nan,nan,nan
1758802186.0709538,target,3,-0.13043307495117187,-2.43171630859375,-1.3675807571811467
1758802186.0709538,target,4,-1.351647705078125,0.5034119873046875,1.0338864062781092
1758802186.0709538,target,5,0.6664234008789063,-0.484582275390625,-2.8010387986670384
1758802186.090859,herder,1,1.3376715087890625,-1.7724122314453126,2.640535406090143
1758802186.090859,herder,2,-1.762576904296875,1.0087448120117188,-0.7411621921638779
1758802186.090859,target,1,1.0088870239257812,-1.340383544921875,0.6936527964764365
1758802186.090859,target,2,nan,nan,nan
1758802186.090859,target,3,-0.13044744873046876,-2.431716064453125,-1.3663177530341766
1758802186.090859,target,4,-1.351638427734375,0.5033925170898438,1.033976154806845
1758802186.090859,target,5,0.6664517211914063,-0.4845577392578125,-2.8002582261515365
1758802186.110785,herder,1,1.33768505859375,-1.7723792724609375,2.6406706946735192
1758802186.110785,herder,2,-1.7625482177734375,1.0087194213867188,-0.7411332302870233
1758802186.110785,target,1,1.0089655151367187,-1.3403739013671876,0.696643393222541
1758802186.110785,target,2,nan,nan,nan
1758802186.110785,target,3,-0.13043315124511717,-2.431728759765625,-1.3684938219608804
1758802186.110785,target,4,-1.351639404296875,0.5034136352539063,1.0345527957618743
1758802186.110785,target,5,0.6664259033203125,-0.48458901977539065,-2.801691006817999
1758802186.130808,herder,1,1.3377088623046876,-1.7723790283203125,2.640635008314912
1758802186.130808,herder,2,-1.7625523681640625,1.0087135009765624,-0.7411187160590823
1758802186.130808,target,1,1.0089524536132812,-1.340383056640625,0.6962507101198089
1758802186.130808,target,2,nan,nan,nan
1758802186.130808,target,3,-0.13038243103027344,-2.4317177734375,-1.3683055364718117
1758802186.130808,target,4,-1.3516451416015625,0.503410888671875,1.0341170360285101
1758802186.130808,target,5,0.6664052124023437,-0.484606201171875,-2.801025482861588
1758802186.1508965,herder,1,1.337705078125,-1.7724229736328125,2.6405183618591663
1758802186.1508965,herder,2,-1.7625496826171876,1.00872216796875,-0.7411509403082723
1758802186.1508965,target,1,1.0089696655273437,-1.3403602294921875,0.6957455750400481
1758802186.1508965,target,2,nan,nan,nan
1758802186.1508965,target,3,-0.13044223022460938,-2.431703857421875,-1.368392754997512
1758802186.1508965,target,4,-1.351656494140625,0.5034174499511719,1.0344846854169956
1758802186.1508965,target,5,0.6664359130859375,-0.4845867614746094,-2.8003948463154575
1758802186.1709275,herder,1,1.3376826171875,-1.7723798828125,2.641367643930793
1758802186.1709275,herder,2,-1.7625457763671875,1.008730712890625,-0.741150873729245
1758802186.1709275,target,1,1.0089557495117187,-1.3403468017578124,0.6959686147813422
1758802186.1709275,target,2,nan,nan,nan
1758802186.1709275,target,3,-0.13042304992675782,-2.431735107421875,-1.3681992763443176
1758802186.1709275,target,4,-1.35164501953125,0.5034619140625,1.0341123754966024
1758802186.1709275,target,5,0.6664616088867188,-0.484568603515625,-2.801456648642072
1758802186.190894,herder,1,1.3376600341796876,-1.772388916015625,2.641205191104298
1758802186.190894,herder,2,-1.7625391845703124,1.008735595703125,-0.7412675867640177
1758802186.190894,target,1,1.0088858642578125,-1.34034130859375,0.6986540132665237
1758802186.190894,target,2,nan,nan,nan
1758802186.190894,target,3,-0.1304279022216797,-2.4317255859375,-1.3677209726125394
1758802186.190894,target,4,-1.3516431884765625,0.5034545593261719,1.0345515973393837
1758802186.190894,target,5,0.6664348754882813,-0.4845498046875,-2.800945321712777
1758802186.210936,herder,1,1.3376419677734375,-1.772388916015625,2.640942869736925
1758802186.210936,herder,2,-1.762523193359375,1.0087394409179689,-0.741251008586232
1758802186.210936,target,1,1.0089424438476562,-1.3403905029296874,0.6959934487585072
1758802186.210936,target,2,nan,nan,nan
1758802186.210936,target,3,-0.13047817993164063,-2.431706787109375,-1.3670908686986267
1758802186.210936,target,4,-1.35156298828125,0.5034125671386719,1.0344789596206518
1758802186.210936,target,5,0.6664329833984375,-0.484545166015625,-2.80115118406504
1758802186.230885,herder,1,1.3376612548828124,-1.7723927001953126,2.6410115792930493
1758802186.230885,herder,2,-1.7625211181640625,1.0087314453125,-0.7412385583081359
1758802186.230885,target,1,1.0088945922851562,-1.3403948974609374,0.6947709912391336
1758802186.230885,target,2,nan,nan,nan
1758802186.230885,target,3,-0.13046205139160155,-2.431707763671875,-1.3667177598299065
1758802186.230885,target,4,-1.3515753173828124,0.5034169616699219,1.0347871539378013
1758802186.230885,target,5,0.6664461669921875,-0.48451101684570314,-2.8016214983135477
1758802186.2508242,herder,1,1.3376492919921874,-1.7723760986328125,2.6410515267094006
1758802186.2508242,herder,2,-1.7625889892578126,1.0087249145507813,-0.7412661220254182
1758802186.2508242,target,1,1.0089574584960936,-1.3403450927734375,0.6967862052359965
1758802186.2508242,target,2,nan,nan,nan
1758802186.2508242,target,3,-0.13046224975585938,-2.43173046875,-1.3659317278341696
1758802186.2508242,target,4,-1.3516121826171874,0.50340234375,1.034519972301439
1758802186.2508242,target,5,0.666419921875,-0.48449835205078123,-2.8013599758945023
1758802186.2708209,herder,1,1.337659423828125,-1.7723681640625,2.6411537920952592
1758802186.2708209,herder,2,-1.7626060791015625,1.0087279663085937,-0.741142950825002
1758802186.2708209,target,1,1.0089634399414062,-1.34036279296875,0.6958730072982083
1758802186.2708209,target,2,nan,nan,nan
1758802186.2708209,target,3,-0.13044284057617186,-2.431734130859375,-1.3670113733400877
1758802186.2708209,target,4,-1.3515955810546876,0.5033705749511719,1.03425465487784
1758802186.2708209,target,5,0.6664191284179688,-0.4845789794921875,-2.8010989861076743
1758802186.2908356,herder,1,1.3376712646484374,-1.772384765625,2.640969235031717
1758802186.2908356,herder,2,-1.7625858154296874,1.008734619140625,-0.7412177856516333
1758802186.2908356,target,1,1.008901611328125,-1.340368408203125,0.6946610692651406
1758802186.2908356,target,2,nan,nan,nan
1758802186.2908356,target,3,-0.1304488525390625,-2.431713134765625,-1.3672696999658254
1758802186.2908356,target,4,-1.3515909423828125,0.5033694152832031,1.0339204947400622
1758802186.2908356,target,5,0.6664703979492187,-0.4845952758789063,-2.8007090993240866
1758802186.310773,herder,1,1.3376898193359374,-1.772400634765625,2.6406906683816946
1758802186.310773,herder,2,-1.762575439453125,1.0087424926757813,-0.7412601964919928
1758802186.310773,target,1,1.0089176635742187,-1.34032470703125,0.6940795680411218
1758802186.310773,target,2,nan,nan,nan
1758802186.310773,target,3,-0.1304134979248047,-2.431739501953125,-1.3672671699627899
1758802186.310773,target,4,-1.3515888671875,0.5033928833007812,1.0343694371208223
1758802186.310773,target,5,0.6664367065429687,-0.48459500122070315,-2.8019823566412536
1758802186.330801,herder,1,1.337670166015625,-1.7724013671875,2.6407844116520653
1758802186.330801,herder,2,-1.76259716796875,1.0087494506835937,-0.741252606482886
1758802186.330801,target,1,1.0089356079101564,-1.3403646240234375,0.695072327916476
1758802186.330801,target,2,nan,nan,nan
1758802186.330801,target,3,-0.1303948669433594,-2.431736572265625,-1.3686869011399112
1758802186.330801,target,4,-1.3516160888671875,0.5033978271484375,1.0339362073904936
1758802186.330801,target,5,0.6664310913085938,-0.48457415771484375,-2.8026867627495795
1758802186.3509157,herder,1,1.3376602783203124,-1.772402099609375,2.6405188944913847
1758802186.3509157,herder,2,-1.7625941162109375,1.0087346801757813,-0.7412139906470799
1758802186.3509157,target,1,1.008901123046875,-1.340365234375,0.6947006837863555
1758802186.3509157,target,2,nan,nan,nan
1758802186.3509157,target,3,-0.1304380645751953,-2.43173681640625,-1.3676261640777325
1758802186.3509157,target,4,-1.35163330078125,0.5034042358398437,1.0352884940130087
1758802186.3509157,target,5,0.6664160766601562,-0.48459490966796875,-2.8030151305119864
1758802186.3708203,herder,1,1.3376854248046874,-1.77239111328125,2.6407207621020126
1758802186.3708203,herder,2,-1.762561279296875,1.0087272338867188,-0.7411920195680868
1758802186.3708203,target,1,1.0089213256835938,-1.3403419189453125,0.6948210586676271
1758802186.3708203,target,2,nan,nan,nan
1758802186.3708203,target,3,-0.13042666625976562,-2.43171484375,-1.3669101732186648
1758802186.3708203,target,4,-1.3516759033203125,0.5034128723144531,1.0341898734843238
1758802186.3708203,target,5,0.6664130859375,-0.4845506896972656,-2.8026433532238113
1758802186.3907719,herder,1,1.3376826171875,-1.772385986328125,2.64063820410822
1758802186.3907719,herder,2,-1.76254736328125,1.00872802734375,-0.7412110611698808
1758802186.3907719,target,1,1.0089254760742188,-1.3403494873046875,0.6944103992275369
1758802186.3907719,target,2,nan,nan,nan
1758802186.3907719,target,3,-0.13048849487304687,-2.431716552734375,-1.3664274752710879
1758802186.3907719,target,4,-1.3516500244140626,0.503427001953125,1.0344183061268253
1758802186.3907719,target,5,0.6663739013671875,-0.4845650939941406,-2.8031504190953624
1758802186.41076,herder,1,1.3376932373046875,-1.77238720703125,2.64053886819956
1758802186.41076,herder,2,-1.7625517578125,1.00872900390625,-0.7411437497733291
1758802186.41076,target,1,1.0089485473632813,-1.340367431640625,0.6961688844953162
1758802186.41076,target,2,nan,nan,nan
1758802186.41076,target,3,-0.13046987915039063,-2.431685302734375,-1.3664667568971667
1758802186.41076,target,4,-1.3516368408203125,0.5034686584472656,1.0344019942651486
1758802186.41076,target,5,0.6664343872070313,-0.48455816650390626,-2.8031938286211306
1758802186.430794,herder,1,1.3376842041015624,-1.77240576171875,2.640401182771203
1758802186.430794,herder,2,-1.762551025390625,1.0087398681640625,-0.7412643909707096
1758802186.430794,target,1,1.0089594116210938,-1.340374755859375,0.6960220777402255
1758802186.430794,target,2,nan,nan,nan
1758802186.430794,target,3,-0.13049844360351562,-2.4316787109375,-1.3664983153560841
1758802186.430794,target,4,-1.3516651611328125,0.503435546875,1.0339215600044982
1758802186.430794,target,5,0.6663942260742187,-0.4846408996582031,-2.8017333510793314
1758802186.4508715,herder,1,1.337678955078125,-1.772426025390625,2.640599321956305
1758802186.4508715,herder,2,-1.7625966796875,1.0087538452148437,-0.7413540729204181
1758802186.4508715,target,1,1.008964111328125,-1.3403560791015625,0.696229338252061
1758802186.4508715,target,2,nan,nan,nan
1758802186.4508715,target,3,-0.13045477294921876,-2.431741455078125,-1.3686229852737493
1758802186.4508715,target,4,-1.3516478271484376,0.5034374084472656,1.0333537740600933
1758802186.4508715,target,5,0.6664155883789062,-0.484621337890625,-2.8016824847025106
1758802186.47084,herder,1,1.3376871337890626,-1.7723946533203125,2.640578549299802
1758802186.47084,herder,2,-1.7625906982421875,1.0087440185546874,-0.7413393589553954
1758802186.47084,target,1,1.0089762573242187,-1.340332763671875,0.6961040365227728
1758802186.47084,target,2,nan,nan,nan
1758802186.47084,target,3,-0.13044017028808594,-2.4317255859375,-1.3682014068731898
1758802186.47084,target,4,-1.3516319580078124,0.5034035034179688,1.0329600256929252
1758802186.47084,target,5,0.6664290771484375,-0.4846119384765625,-2.802155462112109
1758802186.4908319,herder,1,1.337686767578125,-1.7724100341796876,2.640573222977622
1758802186.4908319,herder,2,-1.762556396484375,1.0087259521484375,-0.7412926204782645
1758802186.4908319,target,1,1.00894287109375,-1.34034326171875,0.6956311256922019
1758802186.4908319,target,2,nan,nan,nan
1758802186.4908319,target,3,-0.13041136169433593,-2.431746826171875,-1.3680249724509719
1758802186.4908319,target,4,-1.3516300048828125,0.5034176330566407,1.0339326121230221
1758802186.4908319,target,5,0.6664276123046875,-0.48458621215820313,-2.802138417881132
1758802186.5107734,herder,1,1.3377025146484376,-1.7724234619140624,2.640611572497319
1758802186.5107734,herder,2,-1.7625570068359375,1.0087166748046874,-0.7412057348477007
1758802186.5107734,target,1,1.0089326171875,-1.340377197265625,0.6949271190580395
1758802186.5107734,target,2,nan,nan,nan
1758802186.5107734,target,3,-0.1304499969482422,-2.4317392578125,-1.3679458765665966
1758802186.5107734,target,4,-1.3516395263671874,0.5034268798828125,1.0336802776097371
1758802186.5107734,target,5,0.6664483032226562,-0.48455792236328127,-2.8026470816493374
1758802186.530908,herder,1,1.3376995849609374,-1.7723935546875,2.640803586411914
1758802186.530908,herder,2,-1.762610595703125,1.0087259521484375,-0.7411965469419399
1758802186.530908,target,1,1.0089346313476562,-1.3404039306640625,0.6952686694678422
1758802186.530908,target,2,nan,nan,nan
1758802186.530908,target,3,-0.13045863342285155,-2.431744140625,-1.3678543969831525
1758802186.530908,target,4,-1.35162646484375,0.5033990173339844,1.0342261590541761
1758802186.530908,target,5,0.6664256591796875,-0.48458953857421877,-2.801017493378318
1758802186.550904,herder,1,1.337710693359375,-1.772410888671875,2.640601452485177
1758802186.550904,herder,2,-1.76260986328125,1.0087391357421875,-0.7412566678035485
1758802186.550904,target,1,1.0089365844726563,-1.3403677978515625,0.6956152133046887
1758802186.550904,target,2,nan,nan,nan
1758802186.550904,target,3,-0.13044525146484376,-2.431713134765625,-1.3685693225777842
1758802186.550904,target,4,-1.35163916015625,0.5034034118652344,1.0339909353508947
1758802186.550904,target,5,0.6664385375976563,-0.4845645141601562,-2.801185538843102
1758802186.5707812,herder,1,1.3377020263671875,-1.77240625,2.6406901357494768
1758802186.5707812,herder,2,-1.762593505859375,1.008739990234375,-0.741201340631902
1758802186.5707812,target,1,1.0089432373046876,-1.3403841552734375,0.6949176648361697
1758802186.5707812,target,2,nan,nan,nan
1758802186.5707812,target,3,-0.13048812866210938,-2.43168603515625,-1.3670890044858637
1758802186.5707812,target,4,-1.3516458740234376,0.5034052124023437,1.0336041112025607
1758802186.5707812,target,5,0.66639111328125,-0.4845620727539062,-2.800615622369825
1758802186.590874,herder,1,1.337687255859375,-1.772381591796875,2.6404605712635116
1758802186.590874,herder,2,-1.7625567626953125,1.008742431640625,-0.7413171881393205
1758802186.590874,target,1,1.0089554443359374,-1.340358642578125,0.696324213365895
1758802186.590874,target,2,nan,nan,nan
1758802186.590874,target,3,-0.13049554443359376,-2.431699951171875,-1.3663193509308307
1758802186.590874,target,4,-1.351654052734375,0.50345458984375,1.034429358245349
1758802186.590874,target,5,0.6664013061523437,-0.48455426025390624,-2.80147875287912
1758802186.6107705,herder,1,1.3376629638671875,-1.772370361328125,2.6411282257487945
1758802186.6107705,herder,2,-1.7625389404296874,1.0087310180664062,-0.7413179870876475
1758802186.6107705,target,1,1.0089609375,-1.3403690185546875,0.6960760067522996
1758802186.6107705,target,2,nan,nan,nan
1758802186.6107705,target,3,-0.1305269317626953,-2.431708251953125,-1.366603510219142
1758802186.6107705,target,4,-1.351646240234375,0.5034787902832031,1.0342249606316856
1758802186.6107705,target,5,0.666445068359375,-0.48454669189453126,-2.8016950015596342
1758802186.630831,herder,1,1.33768017578125,-1.772374755859375,2.64092822235093
1758802186.630831,herder,2,-1.7625386962890626,1.0087212524414062,-0.7411607274252783
1758802186.630831,target,1,1.0089722290039063,-1.3403846435546876,0.6972188357550799
1758802186.630831,target,2,nan,nan,nan
1758802186.630831,target,3,-0.13049702453613282,-2.43171142578125,-1.3667111019271814
1758802186.630831,target,4,-1.3516363525390624,0.5034738464355468,1.03475932390441
1758802186.630831,target,5,0.6664052124023437,-0.48461212158203126,-2.801624960422965
1758802186.650873,herder,1,1.3376932373046875,-1.7723665771484376,2.640941005524162
1758802186.650873,herder,2,-1.762532958984375,1.0087240600585938,-0.7412442841044795
1758802186.650873,target,1,1.0089737548828126,-1.3403726806640626,0.6980265059346736
1758802186.650873,target,2,nan,nan,nan
1758802186.650873,target,3,-0.13052468872070314,-2.43167724609375,-1.3667346709028285
1758802186.650873,target,4,-1.351642822265625,0.5034560546875,1.0343646434308602
1758802186.650873,target,5,0.6664298095703125,-0.484608642578125,-2.802396211874652
1758802186.670875,herder,1,1.3376949462890626,-1.77239990234375,2.6408653717492037
1758802186.670875,herder,2,-1.762550537109375,1.008729248046875,-0.741109128679158
1758802186.670875,target,1,1.0088756103515626,-1.340406494140625,0.6954769952441135
1758802186.670875,target,2,nan,nan,nan
1758802186.670875,target,3,-0.13049150085449218,-2.431696044921875,-1.3662025713170307
1758802186.670875,target,4,-1.351648681640625,0.5034404602050782,1.0348393518951668
1758802186.670875,target,5,0.6664155883789062,-0.4845564270019531,-2.8014305496633893
1758802186.6907845,herder,1,1.337697998046875,-1.7724149169921875,2.640661639925813
1758802186.6907845,herder,2,-1.7625487060546876,1.0087264404296874,-0.7411125242095479
1758802186.6907845,target,1,1.0088395385742188,-1.3403916015625,0.6939695129090743
1758802186.6907845,target,2,nan,nan,nan
1758802186.6907845,target,3,-0.1305236053466797,-2.431717529296875,-1.365688448068591
1758802186.6907845,target,4,-1.3516383056640624,0.5034166870117187,1.035393755455094
1758802186.6907845,target,5,0.6664434814453125,-0.4845563354492187,-2.802397809771306
1758802186.7107685,herder,1,1.33767822265625,-1.772379638671875,2.6406752220473724
1758802186.7107685,herder,2,-1.762541259765625,1.008746337890625,-0.7413064689159329
1758802186.7107685,target,1,1.00885791015625,-1.340420166015625,0.6941225780927265
1758802186.7107685,target,2,nan,nan,nan
1758802186.7107685,target,3,-0.13049765014648437,-2.4316923828125,-1.3658983051624891
1758802186.7107685,target,4,-1.3516591796875,0.5033944396972656,1.0339316800166405
1758802186.7107685,target,5,0.6664198608398437,-0.48452386474609377,-2.8017855490366967
1758802186.7307818,herder,1,1.3376763916015626,-1.7723961181640624,2.640533275561271
1758802186.7307818,herder,2,-1.7625279541015626,1.0087273559570313,-0.7412462814752971
1758802186.7307818,target,1,1.00896044921875,-1.3403572998046875,0.6954937731589811
1758802186.7307818,target,2,nan,nan,nan
1758802186.7307818,target,3,-0.13049822998046876,-2.431695068359375,-1.3658767335576596
1758802186.7307818,target,4,-1.35163525390625,0.5033871459960938,1.0338491886018752
1758802186.7307818,target,5,0.6664209594726562,-0.48448260498046875,-2.8014739591891575
1758802186.751006,herder,1,1.3376739501953125,-1.7724039306640624,2.640601985117395
1758802186.751006,herder,2,-1.76251318359375,1.0087056274414063,-0.7412566012245212
1758802186.751006,target,1,1.0089406127929688,-1.3403812255859375,0.6953717338020282
1758802186.751006,target,2,nan,nan,nan
1758802186.751006,target,3,-0.13046292114257813,-2.431712646484375,-1.3664377284412847
1758802186.751006,target,4,-1.3516505126953124,0.5034142761230469,1.0339067794604482
1758802186.751006,target,5,0.6664700927734375,-0.48450189208984373,-2.8026742458924563
1758802186.7709904,herder,1,1.3376927490234376,-1.772396240234375,2.640507975530915
1758802186.7709904,herder,2,-1.7625159912109376,1.00871484375,-0.7412631925482192
1758802186.7709904,target,1,1.0089191284179688,-1.3403665771484374,0.6945377649066699
1758802186.7709904,target,2,nan,nan,nan
1758802186.7709904,target,3,-0.13048049926757813,-2.431705322265625,-1.3673719653516845
1758802186.7709904,target,4,-1.3516455078125,0.5033840942382812,1.0341895405891874
1758802186.7709904,target,5,0.666396728515625,-0.48457870483398435,-2.803313937186293
1758802186.790776,herder,1,1.3377000732421875,-1.7723712158203124,2.64064619359149
1758802186.790776,herder,2,-1.762572265625,1.0087265625,-0.7413137926089306
1758802186.790776,target,1,1.0089642944335937,-1.3403409423828125,0.696061292787277
1758802186.790776,target,2,nan,nan,nan
1758802186.790776,target,3,-0.13044917297363282,-2.43169189453125,-1.3683671886510471
1758802186.790776,target,4,-1.3516494140625,0.5033846740722656,1.0346166450490089
1758802186.790776,target,5,0.6664074096679687,-0.48456170654296876,-2.802935501995393
1758802186.8107777,herder,1,1.3376875,-1.772408447265625,2.6405527166372287
1758802186.8107777,herder,2,-1.7625867919921876,1.008731689453125,-0.7413328342107247
1758802186.8107777,target,1,1.0089117431640624,-1.340369873046875,0.6955946403852679
1758802186.8107777,target,2,nan,nan,nan
1758802186.8107777,target,3,-0.13047509765625,-2.431701904296875,-1.367034409683517
1758802186.8107777,target,4,-1.3516337890625,0.5034232788085937,1.034869845089648
1758802186.8107777,target,5,0.6664456176757813,-0.4845584411621094,-2.8039850537809934
1758802186.8307989,herder,1,1.3376871337890626,-1.7723948974609376,2.6406730915185
1758802186.8307989,herder,2,-1.762588623046875,1.0087459106445313,-0.7413878950662621
1758802186.8307989,target,1,1.0089566040039062,-1.3403526611328125,0.6955310574142421
1758802186.8307989,target,2,nan,nan,nan
1758802186.8307989,target,3,-0.13049398803710938,-2.431693359375,-1.3661206791135108
1758802186.8307989,target,4,-1.351638427734375,0.5034212341308594,1.0339742240150545
1758802186.8307989,target,5,0.6664401245117187,-0.4845310363769531,-2.8037373797996157
1758802186.851011,herder,1,1.3376673583984375,-1.772411376953125,2.640638470424329
1758802186.851011,herder,2,-1.7625665283203125,1.0087434692382813,-0.7413847658519812
1758802186.851011,target,1,1.0088804931640625,-1.3403751220703124,0.6954943723702264
1758802186.851011,target,2,nan,nan,nan
1758802186.851011,target,3,-0.13048146057128907,-2.4316904296875,-1.3662521061133062
1758802186.851011,target,4,-1.3516329345703124,0.5034151611328125,1.0332961832015204
1758802186.851011,target,5,0.6664268798828125,-0.484533203125,-2.802597014220844
1758802186.8711803,herder,1,1.3376700439453124,-1.7723992919921876,2.64050930711146
1758802186.8711803,herder,2,-1.7625498046875,1.0087254028320312,-0.74135959897968
1758802186.8711803,target,1,1.0088992309570313,-1.3403790283203125,0.6957921803591245
1758802186.8711803,target,2,nan,nan,nan
1758802186.8711803,target,3,-0.13049424743652344,-2.431702880859375,-1.3665739491310422
1758802186.8711803,target,4,-1.35163427734375,0.5034267578125,1.0341150386576925
1758802186.8711803,target,5,0.666340576171875,-0.48457022094726565,-2.8008678237250555
1758802186.890753,herder,1,1.337674072265625,-1.7723897705078124,2.6407346105396807
1758802186.890753,herder,2,-1.762534912109375,1.0087078247070314,-0.7412763751956151
1758802186.890753,target,1,1.0088758544921874,-1.3403565673828124,0.6954221341256579
1758802186.890753,target,2,nan,nan,nan
1758802186.890753,target,3,-0.1304970703125,-2.4316865234375,-1.3673515921693453
1758802186.890753,target,4,-1.351645751953125,0.5034518432617188,1.034267371472045
1758802186.890753,target,5,0.66641943359375,-0.48456610107421877,-2.8000640817080695
1758802186.9107702,herder,1,1.337696044921875,-1.7724033203125,2.6406872062722777
1758802186.9107702,herder,2,-1.7625469970703125,1.0087182006835937,-0.7411446818797106
1758802186.9107702,target,1,1.0089412841796874,-1.340336181640625,0.6960164185229092
1758802186.9107702,target,2,nan,nan,nan
1758802186.9107702,target,3,-0.13044792175292969,-2.431699951171875,-1.3674278917345761
1758802186.9107702,target,4,-1.351645751953125,0.503450439453125,1.0338825446945286
1758802186.9107702,target,5,0.6664243774414063,-0.4845542907714844,-2.8005085632940037
1758802186.9307778,herder,1,1.3376866455078125,-1.7723897705078124,2.6405604398043896
1758802186.9307778,herder,2,-1.7625308837890625,1.0087329711914061,-0.7412064672170005
1758802186.9307778,target,1,1.0089114379882813,-1.3403590087890624,0.6958511027982425
1758802186.9307778,target,2,nan,nan,nan
1758802186.9307778,target,3,-0.13044842529296874,-2.43170947265625,-1.3675619818954616
1758802186.9307778,target,4,-1.351619384765625,0.5034275817871093,1.0335626324685827
1758802186.9307778,target,5,0.6663958129882812,-0.4845777587890625,-2.801395129620891
1758802186.9508924,herder,1,1.33768896484375,-1.772398681640625,2.6405039807892803
1758802186.9508924,herder,2,-1.76254052734375,1.00873046875,-0.7410966118220347
1758802186.9508924,target,1,1.0089325561523437,-1.340382080078125,0.6961461810470232
1758802186.9508924,target,2,nan,nan,nan
1758802186.9508924,target,3,-0.13044209289550782,-2.431682861328125,-1.3674875465429939
1758802186.9508924,target,4,-1.351638916015625,0.5034620666503906,1.0346197742632897
1758802186.9508924,target,5,0.6663502197265625,-0.4845480041503906,-2.8015416034808456
1758802186.9709013,herder,1,1.3376790771484375,-1.772404052734375,2.640672026254064
1758802186.9709013,herder,2,-1.762542236328125,1.0087351684570312,-0.7410719110029241
1758802186.9709013,target,1,1.0089564819335937,-1.3403638916015626,0.6952341815317256
1758802186.9709013,target,2,nan,nan,nan
1758802186.9709013,target,3,-0.1304356231689453,-2.431685302734375,-1.3673286889839706
1758802186.9709013,target,4,-1.35155859375,0.5033963012695313,1.033814500928677
1758802186.9709013,target,5,0.6664188232421875,-0.4845356750488281,-2.80261139529073
1758802186.9907966,herder,1,1.3376685791015626,-1.772408447265625,2.64064086726931
1758802186.9907966,herder,2,-1.762527587890625,1.0087183837890625,-0.7412180519677423
1758802186.9907966,target,1,1.0089534301757812,-1.3403875732421875,0.6957989714199042
1758802186.9907966,target,2,nan,nan,nan
1758802186.9907966,target,3,-0.13048556518554688,-2.431694580078125,-1.3671499908748264
1758802186.9907966,target,4,-1.3516048583984375,0.5034078979492187,1.0347171793801595
1758802186.9907966,target,5,0.6664635009765625,-0.48458023071289064,-2.8033275193078526
1758802187.0107505,herder,1,1.3376824951171875,-1.7724000244140625,2.640562570333262
1758802187.0107505,herder,2,-1.7625281982421874,1.0087180786132812,-0.7411932179905772
1758802187.0107505,target,1,1.0089322509765626,-1.3403714599609375,0.6959902529651991
1758802187.0107505,target,2,nan,nan,nan
1758802187.0107505,target,3,-0.1304744873046875,-2.431713623046875,-1.3677021973268544
1758802187.0107505,target,4,-1.3516258544921875,0.5034361267089844,1.0336303433392982
1758802187.0107505,target,5,0.6664905395507813,-0.484549072265625,-2.8030889000741817
1758802187.030747,herder,1,1.3376717529296875,-1.7723446044921876,2.641068304624268
1758802187.030747,herder,2,-1.762537353515625,1.0087173461914063,-0.7410892215500097
1758802187.030747,target,1,1.0089574584960936,-1.34035546875,0.6969834123147169
1758802187.030747,target,2,nan,nan,nan
1758802187.030747,target,3,-0.13039447021484374,-2.4317412109375,-1.3676798267736976
1758802187.030747,target,4,-1.351625244140625,0.5034407958984375,1.0338786165319207
1758802187.030747,target,5,0.66643896484375,-0.48453598022460936,-2.8016318846417994
1758802187.0510004,herder,1,1.3376707763671876,-1.772367431640625,2.6412270290252367
1758802187.0510004,herder,2,-1.7625445556640624,1.0087188720703124,-0.7411625916380414
1758802187.0510004,target,1,1.0089097290039062,-1.34039208984375,0.6961921205758271
1758802187.0510004,target,2,nan,nan,nan
1758802187.0510004,target,3,-0.13041635131835938,-2.431743408203125,-1.3674288238409578
1758802187.0510004,target,4,-1.351633544921875,0.5034139404296875,1.0334059720174589
1758802187.0510004,target,5,0.6664805908203125,-0.48453094482421877,-2.802976780992289
1758802187.070968,herder,1,1.3376834716796875,-1.7723868408203125,2.641175896332307
1758802187.070968,herder,2,-1.7625477294921874,1.0087351684570312,-0.7411599950559785
1758802187.070968,target,1,1.008973388671875,-1.3403704833984376,0.6965883989460309
1758802187.070968,target,2,nan,nan,nan
1758802187.070968,target,3,-0.13045022583007812,-2.431729736328125,-1.3669060453189752
1758802187.070968,target,4,-1.351659423828125,0.5034341735839843,1.034128620779252
1758802187.070968,target,5,0.6664950561523437,-0.4844969482421875,-2.8026851648529254
1758802187.0907843,herder,1,1.3376722412109374,-1.7723929443359374,2.6409545876457217
1758802187.0907843,herder,2,-1.762575439453125,1.0087425537109376,-0.7413587334523257
1758802187.0907843,target,1,1.0089613037109375,-1.340354736328125,0.6958881207373946
1758802187.0907843,target,2,nan,nan,nan
1758802187.0907843,target,3,-0.13043228149414063,-2.431689697265625,-1.3669895354191492
1758802187.0907843,target,4,-1.3516602783203124,0.5034275817871093,1.0341284876211974
1758802187.0907843,target,5,0.6664838256835938,-0.48448529052734374,-2.802847351363311
1758802187.1107852,herder,1,1.3376739501953125,-1.772403564453125,2.640592397737471
1758802187.1107852,herder,2,-1.762579833984375,1.0087523803710938,-0.7412848307320761
1758802187.1107852,target,1,1.008948974609375,-1.340380615234375,0.6954164083293143
1758802187.1107852,target,2,nan,nan,nan
1758802187.1107852,target,3,-0.13045588684082032,-2.43169677734375,-1.367558652944099
1758802187.1107852,target,4,-1.3516585693359375,0.5034032592773438,1.0336172272709294
1758802187.1107852,target,5,0.6664877319335938,-0.484494140625,-2.802662794299769
1758802187.1307998,herder,1,1.3376683349609375,-1.7724058837890626,2.640631546205495
1758802187.1307998,herder,2,-1.7625830078125,1.0087388305664062,-0.741337428163605
1758802187.1307998,target,1,1.0089039306640626,-1.340397216796875,0.6952809865878837
1758802187.1307998,target,2,nan,nan,nan
1758802187.1307998,target,3,-0.13049778747558594,-2.431699462890625,-1.366459965836387
1758802187.1307998,target,4,-1.3516605224609375,0.5034103088378906,1.0339653024254027
1758802187.1307998,target,5,0.666408203125,-0.484526123046875,-2.802796484986491
1758802187.1509817,herder,1,1.3376900634765625,-1.77239111328125,2.6405782829836935
1758802187.1509817,herder,2,-1.762578369140625,1.0087213745117187,-0.7413330339478065
1758802187.1509817,target,1,1.0089107055664062,-1.340373779296875,0.6948897682237511
1758802187.1509817,target,2,nan,nan,nan
1758802187.1509817,target,3,-0.13052101135253907,-2.431694091796875,-1.3661549007335183
1758802187.1509817,target,4,-1.3515975341796875,0.5033982238769531,1.0332828008170427
1758802187.1509817,target,5,0.6664696655273438,-0.48455300903320314,-2.8026534732359534
1758802187.1710448,herder,1,1.337685791015625,-1.772404296875,2.640576951403148
1758802187.1710448,herder,2,-1.762567626953125,1.0087210083007812,-0.7414052056133476
1758802187.1710448,target,1,1.0089080200195313,-1.340373291015625,0.6946761827043267
1758802187.1710448,target,2,nan,nan,nan
1758802187.1710448,target,3,-0.1304552764892578,-2.43168310546875,-1.3662061665845022
1758802187.1710448,target,4,-1.3515927734375,0.503362060546875,1.0346402806036834
1758802187.1710448,target,5,0.6664219970703125,-0.4845781555175781,-2.8033618740859145
1758802187.1908073,herder,1,1.337693603515625,-1.77240966796875,2.640535139774034
1758802187.1908073,herder,2,-1.7625986328125,1.008736083984375,-0.741261594651565
1758802187.1908073,target,1,1.0089375610351563,-1.3403541259765626,0.694703746421609
1758802187.1908073,target,2,nan,nan,nan
1758802187.1908073,target,3,-0.13047755432128907,-2.4317421875,-1.36690205057734
1758802187.1908073,target,4,-1.351568603515625,0.503380859375,1.0352042715435348
1758802187.1908073,target,5,0.6663904418945312,-0.48455606079101565,-2.8024143213700645
1758802187.2107694,herder,1,1.3376527099609374,-1.7723646240234374,2.641063510934306
1758802187.2107694,herder,2,-1.7626075439453126,1.0087498168945312,-0.7412901570542562
1758802187.2107694,target,1,1.0089216918945312,-1.3403492431640625,0.6947355046176082
1758802187.2107694,target,2,nan,nan,nan
1758802187.2107694,target,3,-0.13045819091796876,-2.43172265625,-1.3676739678192995
1758802187.2107694,target,4,-1.351605712890625,0.5033795776367187,1.03374392715979
1758802187.2107694,target,5,0.6664024047851562,-0.4845527038574219,-2.8029610683418578
1758802187.2307963,herder,1,1.3376624755859374,-1.7723804931640625,2.6408496590987722
1758802187.2307963,herder,2,-1.7625863037109375,1.0087433471679688,-0.7413292389432531
1758802187.2307963,target,1,1.0088649291992187,-1.3403927001953124,0.6930204954546245
1758802187.2307963,target,2,nan,nan,nan
1758802187.2307963,target,3,-0.13041276550292968,-2.431723876953125,-1.3672083141026992
1758802187.2307963,target,4,-1.3515936279296874,0.5033975219726563,1.0334425904824476
1758802187.2307963,target,5,0.6664124755859375,-0.4845491943359375,-2.802562393126673
1758802187.2511241,herder,1,1.337664306640625,-1.7723851318359376,2.641098664660695
1758802187.2511241,herder,2,-1.76256640625,1.0087369384765625,-0.7413518758125187
1758802187.2511241,target,1,1.0089315185546874,-1.340359375,0.6948367713180585
1758802187.2511241,target,2,nan,nan,nan
1758802187.2511241,target,3,-0.13048226928710938,-2.43171337890625,-1.3670602423460907
1758802187.2511241,target,4,-1.3516455078125,0.503481201171875,1.0331264066820278
1758802187.2511241,target,5,0.6664367065429687,-0.48454144287109374,-2.8039746674527417
1758802187.271013,herder,1,1.3376605224609375,-1.77236474609375,2.641143938399226
1758802187.271013,herder,2,-1.762571044921875,1.0087153930664063,-0.741261062019347
1758802187.271013,target,1,1.0089525146484375,-1.3403382568359374,0.6955685414065851
1758802187.271013,target,2,nan,nan,nan
1758802187.271013,target,3,-0.1304974365234375,-2.431716552734375,-1.366575680185751
1758802187.271013,target,4,-1.35166455078125,0.5034807739257813,1.0332399239234924
1758802187.271013,target,5,0.666420166015625,-0.4846175537109375,-2.8012057788673865
1758802187.2908573,herder,1,1.3376884765625,-1.77237353515625,2.641206789000952
1758802187.2908573,herder,2,-1.7625682373046876,1.0087198486328126,-0.7412034045817468
1758802187.2908573,target,1,1.0089556884765625,-1.3403740234375,0.6966162289794222
1758802187.2908573,target,2,nan,nan,nan
1758802187.2908573,target,3,-0.13050408935546876,-2.431669189453125,-1.3663047035448352
1758802187.2908573,target,4,-1.3516468505859376,0.5034485168457031,1.033546853239124
1758802187.2908573,target,5,0.6663878173828125,-0.4846236572265625,-2.801926696574471
1758802187.310789,herder,1,1.3376866455078125,-1.7723681640625,2.6410086498158503
1758802187.310789,herder,2,-1.7625677490234375,1.0087262573242188,-0.7412487448993055
1758802187.310789,target,1,1.008927734375,-1.3403839111328124,0.6958497046386701
1758802187.310789,target,2,nan,nan,nan
1758802187.310789,target,3,-0.13050704956054687,-2.431674560546875,-1.3663755436298313
1758802187.310789,target,4,-1.3516715087890625,0.5034346618652343,1.033540195336399
1758802187.310789,target,5,0.6663968505859375,-0.4845715942382812,-2.8025730457710334
1758802187.3307748,herder,1,1.3376759033203125,-1.7724058837890626,2.6408533875242983
1758802187.3307748,herder,2,-1.7625474853515626,1.00873828125,-0.7413763768945475
1758802187.3307748,target,1,1.0088897094726563,-1.3404053955078126,0.6955335208382505
1758802187.3307748,target,2,nan,nan,nan
1758802187.3307748,target,3,-0.1305224609375,-2.43168408203125,-1.36606182325342
1758802187.3307748,target,4,-1.351663818359375,0.5034371643066406,1.0338738894209858
1758802187.3307748,target,5,0.6663986206054687,-0.4845604553222656,-2.8027924902448555
1758802187.3509607,herder,1,1.337703125,-1.7724158935546874,2.640840870667175
1758802187.3509607,herder,2,-1.7625361328125,1.0087393188476563,-0.7412167203871972
1758802187.3509607,target,1,1.0089164428710937,-1.3404031982421876,0.6950758566049204
1758802187.3509607,target,2,nan,nan,nan
1758802187.3509607,target,3,-0.1305095977783203,-2.431697265625,-1.3662402550464554
1758802187.3509607,target,4,-1.3516561279296875,0.503396728515625,1.0339804158645889
1758802187.3509607,target,5,0.666413818359375,-0.48456768798828126,-2.8031634685847036
1758802187.3710752,herder,1,1.337679931640625,-1.7724176025390626,2.6406413999015284
1758802187.3710752,herder,2,-1.7625362548828125,1.008728515625,-0.7410715115287607
1758802187.3710752,target,1,1.0089611206054687,-1.3403685302734376,0.6970444652827069
1758802187.3710752,target,2,nan,nan,nan
1758802187.3710752,target,3,-0.13050396728515626,-2.4316953125,-1.3660679485239273
1758802187.3710752,target,4,-1.351630126953125,0.5033934326171875,1.034188608482806
1758802187.3710752,target,5,0.66638720703125,-0.4845840759277344,-2.803585579617481
1758802187.3907714,herder,1,1.337692626953125,-1.7724013671875,2.6408145053723833
1758802187.3907714,herder,2,-1.762572021484375,1.0087244262695312,-0.7411902219343509
1758802187.3907714,target,1,1.0088953857421874,-1.3404071044921875,0.695618209360915
1758802187.3907714,target,2,nan,nan,nan
1758802187.3907714,target,3,-0.1304730987548828,-2.43168701171875,-1.3666108339121399
1758802187.3907714,target,4,-1.3516514892578124,0.5034218444824219,1.0340762896638318
1758802187.3907714,target,5,0.6663997192382812,-0.48455810546875,-2.8038180735806453
1758802187.4108734,herder,1,1.337718017578125,-1.772435302734375,2.6406568462358506
1758802187.4108734,herder,2,-1.7625733642578125,1.0087176513671876,-0.7411670524328673
1758802187.4108734,target,1,1.0089298095703125,-1.340386962890625,0.6950170673238569
1758802187.4108734,target,2,nan,nan,nan
1758802187.4108734,target,3,-0.1305221252441406,-2.431699462890625,-1.364676180538252
1758802187.4108734,target,4,-1.35163427734375,0.5034058227539062,1.034196597966076
1758802187.4108734,target,5,0.6664131469726563,-0.48452047729492187,-2.80330940981244
1758802187.4312391,herder,1,1.33771240234375,-1.7723800048828124,2.640641133585419
1758802187.4312391,herder,2,-1.7625977783203124,1.0087293090820313,-0.7412886257366293
1758802187.4312391,target,1,1.00893798828125,-1.340356689453125,0.6945614670403716
1758802187.4312391,target,2,nan,nan,nan
1758802187.4312391,target,3,-0.1305420684814453,-2.431675048828125,-1.3655646110779023
1758802187.4312391,target,4,-1.351646484375,0.5033915100097657,1.0341176352397552
1758802187.4312391,target,5,0.6664149169921875,-0.48452005004882814,-2.803536311137315
1758802187.4509048,herder,1,1.337701904296875,-1.7724136962890624,2.640439798607009
1758802187.4509048,herder,2,-1.7625911865234376,1.0087461547851562,-0.7412250427656037
1758802187.4509048,target,1,1.0089363403320313,-1.3403948974609374,0.6957206079048286
1758802187.4509048,target,2,nan,nan,nan
1758802187.4509048,target,3,-0.1305342254638672,-2.43169140625,-1.3662381245175832
1758802187.4509048,target,4,-1.3516551513671875,0.5033930358886719,1.0338272841019094
1758802187.4509048,target,5,0.6663905639648438,-0.484539794921875,-2.802607933181313
1758802187.4708793,herder,1,1.3376890869140625,-1.7724119873046875,2.640500784995972
1758802187.4708793,herder,2,-1.7626004638671875,1.0087529296875,-0.7412055351106189
1758802187.4708793,target,1,1.00892431640625,-1.34040869140625,0.6964748817045663
1758802187.4708793,target,2,nan,nan,nan
1758802187.4708793,target,3,-0.13050489807128907,-2.431677978515625,-1.366610567596031
1758802187.4708793,target,4,-1.3516392822265626,0.5034459228515625,1.033859708088181
1758802187.4708793,target,5,0.6664241943359375,-0.4845559997558594,-2.802266782245674
1758802187.4908886,herder,1,1.3376815185546875,-1.7724293212890625,2.6405907998408167
1758802187.4908886,herder,2,-1.762602783203125,1.0087471313476561,-0.7411811006076174
1758802187.4908886,target,1,1.0089259033203124,-1.340401611328125,0.6955168760814375
1758802187.4908886,target,2,nan,nan,nan
1758802187.4908886,target,3,-0.13050543212890625,-2.43169873046875,-1.3669369379876202
1758802187.4908886,target,4,-1.351625732421875,0.5034619750976562,1.0345909455444897
1758802187.4908886,target,5,0.6663972778320313,-0.48458203125,-2.802368248683206
1758802187.5107543,herder,1,1.3376781005859375,-1.77243701171875,2.6406589767647226
1758802187.5107543,herder,2,-1.7625936279296874,1.0087393188476563,-0.7412293038233478
1758802187.5107543,target,1,1.008968505859375,-1.340354248046875,0.6955853859004798
1758802187.5107543,target,2,nan,nan,nan
1758802187.5107543,target,3,-0.13046493530273437,-2.43172998046875,-1.3689422982884498
1758802187.5107543,target,4,-1.3516292724609376,0.5034574890136718,1.0332901245100405
1758802187.5107543,target,5,0.6664219970703125,-0.48456698608398435,-2.8025267067680657
1758802187.5308099,herder,1,1.337674560546875,-1.7723900146484375,2.640505046053716
1758802187.5308099,herder,2,-1.7625732421875,1.0087283935546876,-0.7413108631317316
1758802187.5308099,target,1,1.0088839721679688,-1.3403873291015624,0.6949652022616276
1758802187.5308099,target,2,nan,nan,nan
1758802187.5308099,target,3,-0.130445068359375,-2.431726806640625,-1.3680251056090265
1758802187.5308099,target,4,-1.3516392822265626,0.5034585876464843,1.0335207542604412
1758802187.5308099,target,5,0.666426513671875,-0.4845475769042969,-2.8021181778568476
1758802187.550828,herder,1,1.3376883544921876,-1.7723753662109376,2.6404765502300522
1758802187.550828,herder,2,-1.7625667724609375,1.0087274780273439,-0.7412516743765045
1758802187.550828,target,1,1.0089051513671874,-1.3403818359375,0.6952960334480427
1758802187.550828,target,2,nan,nan,nan
1758802187.550828,target,3,-0.13045162963867188,-2.4317177734375,-1.3684088671221069
1758802187.550828,target,4,-1.351599365234375,0.50344189453125,1.0341414705315115
1758802187.550828,target,5,0.6664345703125,-0.48450772094726563,-2.8015440003258267
1758802187.5710757,herder,1,1.3376993408203126,-1.7724111328125,2.6404421954519903
1758802187.5710757,herder,2,-1.7625968017578124,1.0087371215820313,-0.741277174143942
1758802187.5710757,target,1,1.0089258422851564,-1.3403651123046876,0.6953357145482849
1758802187.5710757,target,2,nan,nan,nan
1758802187.5710757,target,3,-0.13041508483886718,-2.43173828125,-1.3683117949003736
1758802187.5710757,target,4,-1.35163232421875,0.5034797973632813,1.0332810697623342
1758802187.5710757,target,5,0.6664615478515625,-0.48450201416015626,-2.802530168877483
1758802187.5908492,herder,1,1.3377117919921875,-1.772430908203125,2.6406592430808318
1758802187.5908492,herder,2,-1.7625965576171876,1.008751220703125,-0.7413065354949602
1758802187.5908492,target,1,1.0089248046875,-1.3403734130859375,0.6955299921498062
1758802187.5908492,target,2,nan,nan,nan
1758802187.5908492,target,3,-0.13047760009765624,-2.431683837890625,-1.3673944690628956
1758802187.5908492,target,4,-1.3516666259765624,0.5034927062988281,1.0326945085322443
1758802187.5908492,target,5,0.6664028930664062,-0.48453668212890627,-2.8034510899824325
1758802187.610876,herder,1,1.337687255859375,-1.772386962890625,2.641227295341346
1758802187.610876,herder,2,-1.762559814453125,1.00875439453125,-0.741327108414381
1758802187.610876,target,1,1.008939208984375,-1.3403792724609376,0.6957247358045182
1758802187.610876,target,2,nan,nan,nan
1758802187.610876,target,3,-0.1304970397949219,-2.431711669921875,-1.3672586478473017
1758802187.610876,target,4,-1.351639404296875,0.5034774780273438,1.0340607767504821
1758802187.610876,target,5,0.666390869140625,-0.484587646484375,-2.801211904137894
1758802187.6307857,herder,1,1.3376749267578125,-1.7723807373046876,2.64107576147532
1758802187.6307857,herder,2,-1.762540771484375,1.0087427368164064,-0.7412437514722615
1758802187.6307857,target,1,1.008950927734375,-1.340359619140625,0.6970826150653223
1758802187.6307857,target,2,nan,nan,nan
1758802187.6307857,target,3,-0.130466064453125,-2.43172119140625,-1.3663109619733969
1758802187.6307857,target,4,-1.351656494140625,0.5034495544433594,1.0339850763964966
1758802187.6307857,target,5,0.666400390625,-0.4846185302734375,-2.8019743671579835
1758802187.6509182,herder,1,1.3376651611328125,-1.7723740234375,2.640840604351066
1758802187.6509182,herder,2,-1.7625374755859375,1.0087235107421875,-0.7411460134602557
1758802187.6509182,target,1,1.0088952026367188,-1.3404129638671876,0.695325461378088
1758802187.6509182,target,2,nan,nan,nan
1758802187.6509182,target,3,-0.13045457458496093,-2.4316796875,-1.3669441285225632
1758802187.6509182,target,4,-1.351651611328125,0.50343017578125,1.034425097187605
1758802187.6509182,target,5,0.6663707275390625,-0.4846104431152344,-2.8021892842579526
1758802187.6710572,herder,1,1.3376959228515626,-1.7723575439453125,2.6407684326855247
1758802187.6710572,herder,2,-1.7625360107421875,1.0087186279296876,-0.7410923507642906
1758802187.6710572,target,1,1.008956787109375,-1.3403582763671875,0.6965758155098802
1758802187.6710572,target,2,nan,nan,nan
1758802187.6710572,target,3,-0.1304687957763672,-2.431712158203125,-1.3660374553294459
1758802187.6710572,target,4,-1.35164501953125,0.5034710693359375,1.0346071242481119
1758802187.6710572,target,5,0.6663779296875,-0.4845833129882812,-2.8018414754195886
1758802187.6908667,herder,1,1.337699951171875,-1.772369140625,2.6406493893847984
1758802187.6908667,herder,2,-1.7625811767578126,1.0087210083007812,-0.7411526047839536
1758802187.6908667,target,1,1.0089845581054688,-1.340356201171875,0.6971536548874002
1758802187.6908667,target,2,nan,nan,nan
1758802187.6908667,target,3,-0.13049447631835936,-2.43170263671875,-1.3663698178334878
1758802187.6908667,target,4,-1.351659912109375,0.5034678955078125,1.0332764092304265
1758802187.6908667,target,5,0.6663956909179688,-0.4845571594238281,-2.802368248683206
1758802187.7108574,herder,1,1.33769873046875,-1.7724061279296874,2.6405830766736553
1758802187.7108574,herder,2,-1.762586669921875,1.0087367553710938,-0.7411975456273486
1758802187.7108574,target,1,1.0089295043945312,-1.3403726806640626,0.6953626124752946
1758802187.7108574,target,2,nan,nan,nan
1758802187.7108574,target,3,-0.13045729064941405,-2.431724365234375,-1.3677695753024333
1758802187.7108574,target,4,-1.3516690673828125,0.5034757385253906,1.0334666255112854
1758802187.7108574,target,5,0.6664136962890626,-0.4845261535644531,-2.8021996705862042
1758802187.730881,herder,1,1.3376942138671875,-1.772421630859375,2.640603583014049
1758802187.730881,herder,2,-1.762565185546875,1.0087443237304687,-0.7413385600070683
1758802187.730881,target,1,1.008859619140625,-1.34039208984375,0.6933768929875044
1758802187.730881,target,2,nan,nan,nan
1758802187.730881,target,3,-0.13049880981445314,-2.431694091796875,-1.3664514437208986
1758802187.730881,target,4,-1.351661376953125,0.5034763488769531,1.0332005757183864
1758802187.730881,target,5,0.666396240234375,-0.48450564575195315,-2.8014886065751528
1758802187.7508256,herder,1,1.337691650390625,-1.7723896484375,2.6404184933182884
1758802187.7508256,herder,2,-1.7625452880859376,1.0087307739257811,-0.7413477479128291
1758802187.7508256,target,1,1.0089274291992187,-1.34038037109375,0.6957424458257673
1758802187.7508256,target,2,nan,nan,nan
1758802187.7508256,target,3,-0.13047184753417967,-2.431729736328125,-1.3670621065588537
1758802187.7508256,target,4,-1.3516385498046875,0.5034476318359375,1.033307168741017
1758802187.7508256,target,5,0.6664335327148437,-0.4844847412109375,-2.8020910136137287
1758802187.7708354,herder,1,1.3376744384765624,-1.77240966796875,2.640467495482346
1758802187.7708354,herder,2,-1.7625185546875,1.0087202758789062,-0.7412279722428028
1758802187.7708354,target,1,1.008810791015625,-1.3404173583984376,0.6931008563405177
1758802187.7708354,target,2,nan,nan,nan
1758802187.7708354,target,3,-0.1304298095703125,-2.43174169921875,-1.3681747752622888
1758802187.7708354,target,4,-1.351552490234375,0.5034021911621094,1.0333319361391546
1758802187.7708354,target,5,0.6664655151367187,-0.48450146484375,-2.802194876896242
1758802187.7907734,herder,1,1.337691650390625,-1.7723966064453125,2.640469626011218
1758802187.7907734,herder,2,-1.7625283203125,1.0087111206054689,-0.741090087077364
1758802187.7907734,target,1,1.0088703002929686,-1.340397705078125,0.693878299641739
1758802187.7907734,target,2,nan,nan,nan
1758802187.7907734,target,3,-0.13047030639648438,-2.4317236328125,-1.3680681156606311
1758802187.7907734,target,4,-1.3515933837890626,0.5034021911621094,1.0337478553223978
1758802187.7907734,target,5,0.6664743041992187,-0.48450518798828124,-2.803027381053001
1758802187.8107798,herder,1,1.337697021484375,-1.7724024658203126,2.640498388150991
1758802187.8107798,herder,2,-1.7625858154296874,1.0087290649414062,-0.741184962191198
1758802187.8107798,target,1,1.0089479370117187,-1.3403677978515625,0.6962041713797598
1758802187.8107798,target,2,nan,nan,nan
1758802187.8107798,target,3,-0.13048231506347657,-2.431705078125,-1.3674942044457192
1758802187.8107798,target,4,-1.351603515625,0.503416748046875,1.0339981924648654
1758802187.8107798,target,5,0.6665028686523438,-0.48454324340820315,-2.802397277139088
1758802187.830781,herder,1,1.3376993408203126,-1.7724241943359376,2.640837674873867
1758802187.830781,herder,2,-1.7625809326171875,1.0087379150390625,-0.7412767080907513
1758802187.830781,target,1,1.008907958984375,-1.3403817138671874,0.6949557480397578
1758802187.830781,target,2,nan,nan,nan
1758802187.830781,target,3,-0.13046665954589845,-2.43171435546875,-1.3672786215554773
1758802187.830781,target,4,-1.35161181640625,0.503397216796875,1.0346908140853677
1758802187.830781,target,5,0.6664796752929687,-0.4845465087890625,-2.8022159158688535
1758802187.850902,herder,1,1.3376868896484375,-1.7724163818359375,2.6405415313606504
1758802187.850902,herder,2,-1.7625648193359376,1.0087371826171876,-0.7413586002942713
1758802187.850902,target,1,1.008963623046875,-1.3403619384765626,0.6975159779537055
1758802187.850902,target,2,nan,nan,nan
1758802187.850902,target,3,-0.1304683380126953,-2.4317041015625,-1.367001120169891
1758802187.850902,target,4,-1.3516279296875,0.5034012451171875,1.0337714908770723
1758802187.850902,target,5,0.6665079956054687,-0.4845372619628906,-2.802135222087824
1758802187.8709369,herder,1,1.3376929931640624,-1.772424560546875,2.640499453415427
1758802187.8709369,herder,2,-1.762557861328125,1.0087327880859376,-0.7413606642441161
1758802187.8709369,target,1,1.00889501953125,-1.3403997802734375,0.6950592118481074
1758802187.8709369,target,2,nan,nan,nan
1758802187.8709369,target,3,-0.13047950744628906,-2.43169580078125,-1.3654695362269864
1758802187.8709369,target,4,-1.3516781005859375,0.5034669189453125,1.0324496974490387
1758802187.8709369,target,5,0.666480224609375,-0.4845151062011719,-2.801419364386811
1758802187.8910773,herder,1,1.3376826171875,-1.7724376220703124,2.6404171617377434
1758802187.8910773,herder,2,-1.7625408935546876,1.0087234497070312,-0.7412022061592564
1758802187.8910773,target,1,1.0089027099609376,-1.3403917236328124,0.6952793221122024
1758802187.8910773,target,2,nan,nan,nan
1758802187.8910773,target,3,-0.13047615051269532,-2.431717529296875,-1.3662209471285522
1758802187.8910773,target,4,-1.3516715087890625,0.5034637451171875,1.0330786029404608
1758802187.8910773,target,5,0.6664454956054687,-0.4845359191894531,-2.8013290832258573
1758802187.9108407,herder,1,1.3376663818359376,-1.77240869140625,2.6406275514638597
1758802187.9108407,herder,2,-1.7625230712890625,1.0087129516601563,-0.7412101290634993
1758802187.9108407,target,1,1.0089125366210938,-1.340392822265625,0.6965039767394754
1758802187.9108407,target,2,nan,nan,nan
1758802187.9108407,target,3,-0.13034797668457032,-2.431741455078125,-1.3678645169952948
1758802187.9108407,target,4,-1.351677734375,0.5034599609375,1.0339471929299902
1758802187.9108407,target,5,0.6664291381835937,-0.48457281494140625,-2.8011724893537604
1758802187.9307814,herder,1,1.3376986083984375,-1.7724014892578126,2.6403838722241173
1758802187.9307814,herder,2,-1.762539306640625,1.0087107543945313,-0.7412145232792979
1758802187.9307814,target,1,1.0089749755859374,-1.34034814453125,0.6961386576169438
1758802187.9307814,target,2,nan,nan,nan
1758802187.9307814,target,3,-0.13039559936523437,-2.431750732421875,-1.3676715709743184
1758802187.9307814,target,4,-1.3516771240234375,0.50343310546875,1.033973025592564
1758802187.9307814,target,5,0.66644287109375,-0.48455120849609373,-2.8014649044414512
1758802187.9508595,herder,1,1.337709716796875,-1.772408935546875,2.6406310135732767
1758802187.9508595,herder,2,-1.7625511474609374,1.0087280883789063,-0.7411777050772276
1758802187.9508595,target,1,1.0089124755859376,-1.3403912353515626,0.6950767221322747
1758802187.9508595,target,2,nan,nan,nan
1758802187.9508595,target,3,-0.13039292907714845,-2.431735107421875,-1.3673790227285731
1758802187.9508595,target,4,-1.3516533203125,0.5034156494140625,1.0335346026981098
1758802187.9508595,target,5,0.6664154052734375,-0.4845316162109375,-2.800749579372656
1758802187.9709013,herder,1,1.3376983642578124,-1.7724072265625,2.640693864175003
1758802187.9709013,herder,2,-1.7625577392578125,1.0087333984375,-0.7410655859953352
1758802187.9709013,target,1,1.008936279296875,-1.3403978271484376,0.6947966907436528
1758802187.9709013,target,2,nan,nan,nan
1758802187.9709013,target,3,-0.13040731811523437,-2.431760498046875,-1.3672573162667565
1758802187.9709013,target,4,-1.35164111328125,0.5033918151855469,1.0339779524405805
1758802187.9709013,target,5,0.666411376953125,-0.4845469665527344,-2.802226302197105
1758802187.990748,herder,1,1.3376885986328124,-1.7724188232421876,2.64054685768283
1758802187.990748,herder,2,-1.7625560302734375,1.00872705078125,-0.7411621921638779
1758802187.990748,target,1,1.0089158935546876,-1.34037841796875,0.6944751806210531
1758802187.990748,target,2,nan,nan,nan
1758802187.990748,target,3,-0.13046261596679687,-2.431728515625,-1.3665832701948575
1758802187.990748,target,4,-1.3516656494140624,0.5034336547851562,1.0333574359065922
1758802187.990748,target,5,0.6664391479492188,-0.4845305480957031,-2.803006608396498
1758802188.0107803,herder,1,1.3376826171875,-1.7724000244140625,2.6406816136339883
1758802188.0107803,herder,2,-1.762543212890625,1.008721923828125,-0.7411495421487
1758802188.0107803,target,1,1.0089013061523437,-1.3403961181640625,0.6951321158829483
1758802188.0107803,target,2,nan,nan,nan
1758802188.0107803,target,3,-0.13047836303710938,-2.43171337890625,-1.3661397207153048
1758802188.0107803,target,4,-1.351650390625,0.5034325561523437,1.0334741489413648
1758802188.0107803,target,5,0.6664218139648438,-0.4846241455078125,-2.801488073942935
1758802188.0307941,herder,1,1.33766650390625,-1.772405517578125,2.640499986047645
1758802188.0307941,herder,2,-1.7625732421875,1.0087283935546876,-0.7411350944997863
1758802188.0307941,target,1,1.0089603881835938,-1.340386962890625,0.6955364503154496
1758802188.0307941,target,2,nan,nan,nan
1758802188.0307941,target,3,-0.13047601318359375,-2.4317431640625,-1.366534534346909
1758802188.0307941,target,4,-1.3516640625,0.5034408569335938,1.0338785499528935
1758802188.0307941,target,5,0.6664150390625,-0.4846044616699219,-2.8014127064840855
1758802188.0508704,herder,1,1.337690673828125,-1.7723829345703126,2.64039931855844
1758802188.0508704,herder,2,-1.7625736083984376,1.0087150268554688,-0.7411481439891278
1758802188.0508704,target,1,1.0088864135742188,-1.3403782958984376,0.6937466063258346
1758802188.0508704,target,2,nan,nan,nan
1758802188.0508704,target,3,-0.13045616149902345,-2.43171484375,-1.3670055143856896
1758802188.0508704,target,4,-1.3516575927734376,0.5034286193847656,1.0337235539774507
1758802188.0508704,target,5,0.666416748046875,-0.4846119079589844,-2.802776777594424
1758802188.0712042,herder,1,1.3376939697265624,-1.772405029296875,2.640661639925813
1758802188.0712042,herder,2,-1.76258544921875,1.0087144165039061,-0.7412237111850587
1758802188.0712042,target,1,1.0089288940429688,-1.3403414306640624,0.6936713054460126
1758802188.0712042,target,2,nan,nan,nan
1758802188.0712042,target,3,-0.13043307495117187,-2.431736572265625,-1.3664493131920266
1758802188.0712042,target,4,-1.351657958984375,0.5034239196777344,1.0339077115668298
1758802188.0712042,target,5,0.66641259765625,-0.48458251953125,-2.8027581354667936
1758802188.090784,herder,1,1.3377127685546875,-1.7724249267578125,2.6407226263147754
1758802188.090784,herder,2,-1.7626048583984375,1.0087366943359375,-0.7411624584799869
1758802188.090784,target,1,1.0089207763671875,-1.3403670654296875,0.6952361123235159
1758802188.090784,target,2,nan,nan,nan
1758802188.090784,target,3,-0.13043222045898437,-2.431713623046875,-1.3672549194217756
1758802188.090784,target,4,-1.3516527099609374,0.5034138488769532,1.0333883285752372
1758802188.090784,target,5,0.6664385986328125,-0.48457272338867186,-2.801751194258635
1758802188.1107616,herder,1,1.337695556640625,-1.77242333984375,2.6405487218955934
1758802188.1107616,herder,2,-1.7625806884765625,1.00872998046875,-0.7411251742247258
1758802188.1107616,target,1,1.0089520263671874,-1.3403873291015624,0.6952674044663244
1758802188.1107616,target,2,nan,nan,nan
1758802188.1107616,target,3,-0.13047203063964843,-2.4317119140625,-1.3679996724206163
1758802188.1107616,target,4,-1.351651123046875,0.5033995971679688,1.0334762128912096
1758802188.1107616,target,5,0.6664745483398438,-0.48454904174804686,-2.8019733018935473
1758802188.1307545,herder,1,1.3376689453125,-1.77240966796875,2.6406256872510965
1758802188.1307545,herder,2,-1.7625640869140624,1.0087468872070313,-0.7412048027413192
1758802188.1307545,target,1,1.00894287109375,-1.3403870849609374,0.6959525692357745
1758802188.1307545,target,2,nan,nan,nan
1758802188.1307545,target,3,-0.13039553833007814,-2.431697998046875,-1.3694468341569652
1758802188.1307545,target,4,-1.3516619873046876,0.5033848571777344,1.0333257442896202
1758802188.1307545,target,5,0.6664571533203125,-0.4845677795410156,-2.8016760931158946
1758802188.1509137,herder,1,1.337659912109375,-1.7724298095703126,2.6404259501693406
1758802188.1509137,herder,2,-1.762552978515625,1.0087288818359375,-0.7411065320970952
1758802188.1509137,target,1,1.0089306640625,-1.3403896484375,0.6955020289583603
1758802188.1509137,target,2,nan,nan,nan
1758802188.1509137,target,3,-0.13041268920898438,-2.431724365234375,-1.3690199294342256
1758802188.1509137,target,4,-1.35164111328125,0.5033699645996094,1.034309915470459
1758802188.1509137,target,5,0.6664447021484375,-0.4845491638183594,-2.802162120014834
1758802188.1711404,herder,1,1.3376624755859374,-1.772393310546875,2.6405575103271905
1758802188.1711404,herder,2,-1.76253515625,1.008718505859375,-0.7410819644360392
1758802188.1711404,target,1,1.0088912963867187,-1.340393310546875,0.6946736527012912
1758802188.1711404,target,2,nan,nan,nan
1758802188.1711404,target,3,-0.13041053771972655,-2.43171630859375,-1.3682259079552184
1758802188.1711404,target,4,-1.3516575927734376,0.5033765869140625,1.0343412741922946
1758802188.1711404,target,5,0.6664676513671876,-0.48454364013671875,-2.802606335284659
1758802188.1910732,herder,1,1.33768701171875,-1.772377197265625,2.6404901323516117
1758802188.1910732,herder,2,-1.762547119140625,1.0087158203125,-0.7411373581867129
1758802188.1910732,target,1,1.008829345703125,-1.3403914794921874,0.6927713567346476
1758802188.1910732,target,2,nan,nan,nan
1758802188.1910732,target,3,-0.13045854187011718,-2.4316767578125,-1.3675862166613815
1758802188.1910732,target,4,-1.35165869140625,0.5033954162597656,1.0335062400325004
1758802188.1910732,target,5,0.6664124755859375,-0.4845819702148437,-2.8013908685631472
1758802188.2107859,herder,1,1.3376851806640624,-1.7724139404296875,2.6405945282663428
1758802188.2107859,herder,2,-1.762548095703125,1.0087286376953124,-0.7411406205590483
1758802188.2107859,target,1,1.0088743896484376,-1.3403701171875,0.6954381796712257
1758802188.2107859,target,2,nan,nan,nan
1758802188.2107859,target,3,-0.13046868896484376,-2.43169287109375,-1.3674934054973922
1758802188.2107859,target,4,-1.3516490478515626,0.5033871154785157,1.0335614340460924
1758802188.2107859,target,5,0.6664108276367188,-0.4845451354980469,-2.8012750210557287
1758802188.230789,herder,1,1.33768798828125,-1.7724169921875,2.640580679828674
1758802188.230789,herder,2,-1.762550048828125,1.008734619140625,-0.741135027920759
1758802188.230789,target,1,1.0089321899414063,-1.340358154296875,0.6949259206355489
1758802188.230789,target,2,nan,nan,nan
1758802188.230789,target,3,-0.13048788452148438,-2.431724853515625,-1.3660923164479015
1758802188.230789,target,4,-1.351646484375,0.5033928527832031,1.0338671649392333
1758802188.230789,target,5,0.6664341430664062,-0.48454144287109374,-2.802088350452639
1758802188.2508976,herder,1,1.33767919921875,-1.7724017333984374,2.640635274631021
1758802188.2508976,herder,2,-1.762539306640625,1.008729736328125,-0.741065785732417
1758802188.2508976,target,1,1.0088457641601563,-1.34040771484375,0.6938704433165233
1758802188.2508976,target,2,nan,nan,nan
1758802188.2508976,target,3,-0.13044857788085937,-2.431722412109375,-1.3666178912890286
1758802188.2508976,target,4,-1.35163427734375,0.503454345703125,1.0343646434308602
1758802188.2508976,target,5,0.6664576416015625,-0.4845380554199219,-2.8028779777158475
1758802188.2711153,herder,1,1.3376680908203125,-1.7724071044921874,2.6406808146856613
1758802188.2711153,herder,2,-1.7625731201171875,1.0087392578125,-0.7411660537474585
1758802188.2711153,target,1,1.0089425048828125,-1.3403638916015626,0.696052837250816
1758802188.2711153,target,2,nan,nan,nan
1758802188.2711153,target,3,-0.1304593505859375,-2.431718505859375,-1.3661358591317243
1758802188.2711153,target,4,-1.3516480712890624,0.5034573669433594,1.0329310638160705
1758802188.2711153,target,5,0.6664241333007812,-0.4845263977050781,-2.8018782270426317
1758802188.290987,herder,1,1.33768701171875,-1.7724007568359375,2.6405868050991814
1758802188.290987,herder,2,-1.762568359375,1.0087217407226563,-0.7413655245131054
1758802188.290987,target,1,1.0089618530273436,-1.34036865234375,0.696902319059524
1758802188.290987,target,2,nan,nan,nan
1758802188.290987,target,3,-0.13041729736328125,-2.4317080078125,-1.3668015162461895
1758802188.290987,target,4,-1.3515904541015624,0.5034339294433594,1.033652514155373
1758802188.290987,target,5,0.6664595336914062,-0.4845124816894531,-2.8028870324635533
1758802188.310787,herder,1,1.3377049560546874,-1.77237109375,2.6404491196708246
1758802188.310787,herder,2,-1.7625645751953125,1.00871826171875,-0.741234896461637
1758802188.310787,target,1,1.0089161987304687,-1.3403626708984375,0.694787502837892
1758802188.310787,target,2,nan,nan,nan
1758802188.310787,target,3,-0.13040071105957032,-2.431718505859375,-1.3684024755354907
1758802188.310787,target,4,-1.351603271484375,0.5034224243164063,1.0331983120314598
1758802188.310787,target,5,0.6664711303710937,-0.484500244140625,-2.803031642110745
1758802188.3307843,herder,1,1.3376787109375,-1.7723575439453125,2.640840338034957
1758802188.3307843,herder,2,-1.762559326171875,1.0087293701171876,-0.741183097978435
1758802188.3307843,target,1,1.008951171875,-1.3403331298828125,0.6954488988946133
1758802188.3307843,target,2,nan,nan,nan
1758802188.3307843,target,3,-0.13046940612792968,-2.43171044921875,-1.3680806325177546
1758802188.3307843,target,4,-1.351611083984375,0.5034199829101562,1.0336746849714478
1758802188.3307843,target,5,0.6663958740234375,-0.48456378173828124,-2.801550658228552
1758802188.3508067,herder,1,1.337683837890625,-1.7723546142578126,2.641202794259317
1758802188.3508067,herder,2,-1.7625557861328125,1.0087310180664062,-0.7413004768034802
1758802188.3508067,target,1,1.0089352416992188,-1.340385009765625,0.6964977183109137
1758802188.3508067,target,2,nan,nan,nan
1758802188.3508067,target,3,-0.13048654174804689,-2.4317197265625,-1.3677208394544849
1758802188.3508067,target,4,-1.3516181640625,0.5033998107910156,1.0326727371903328
1758802188.3508067,target,5,0.6664171142578125,-0.4845498046875,-2.801757053213033
1758802188.370773,herder,1,1.3376781005859375,-1.77238623046875,2.641178825809506
1758802188.370773,herder,2,-1.7625467529296874,1.0087422485351563,-0.7412663883415272
1758802188.370773,target,1,1.0089124755859376,-1.34041162109375,0.6958236056599874
1758802188.370773,target,2,nan,nan,nan
1758802188.370773,target,3,-0.13046763610839843,-2.431671630859375,-1.3676410777798371
1758802188.370773,target,4,-1.3516444091796875,0.5034212951660156,1.0346232363727068
1758802188.370773,target,5,0.6664100341796875,-0.4845226745605469,-2.801616171991368
1758802188.3907864,herder,1,1.337673828125,-1.77238916015625,2.640801722199151
1758802188.3907864,herder,2,-1.7625357666015624,1.0087268676757812,-0.7412042701091012
1758802188.3907864,target,1,1.0089103393554688,-1.340365234375,0.6957458413561571
1758802188.3907864,target,2,nan,nan,nan
1758802188.3907864,target,3,-0.13043701171875,-2.431739013671875,-1.3681986105540451
1758802188.3907864,target,4,-1.3516627197265625,0.5034239196777344,1.0347894176247279
1758802188.3907864,target,5,0.6664609985351563,-0.48452001953125,-2.8025906226342276
1758802188.4108422,herder,1,1.3376767578125,-1.77238818359375,2.640709843141543
1758802188.4108422,herder,2,-1.76252685546875,1.0087216796875,-0.7411787703416636
1758802188.4108422,target,1,1.0089435424804687,-1.3403797607421875,0.6959574960837911
1758802188.4108422,target,2,nan,nan,nan
1758802188.4108422,target,3,-0.13045068359375,-2.43171240234375,-1.3676157777494813
1758802188.4108422,target,4,-1.351652099609375,0.503418701171875,1.0345943410748795
1758802188.4108422,target,5,0.6664681396484375,-0.4845130920410156,-2.802699812238921
1758802188.430885,herder,1,1.337691162109375,-1.7723857421875,2.6405125029047682
1758802188.430885,herder,2,-1.7625440673828126,1.0087241821289064,-0.7411088623630491
1758802188.430885,target,1,1.0089456176757812,-1.340368408203125,0.696053369883034
1758802188.430885,target,2,nan,nan,nan
1758802188.430885,target,3,-0.13044003295898438,-2.431705810546875,-1.3668419962947587
1758802188.430885,target,4,-1.3516483154296874,0.5034177856445312,1.0344730340872264
1758802188.430885,target,5,0.6664913330078125,-0.4845241394042969,-2.8031142001045373
1758802188.4508207,herder,1,1.3377000732421875,-1.77239453125,2.6403535121876907
1758802188.4508207,herder,2,-1.7625419921875,1.008734130859375,-0.7412120598552896
1758802188.4508207,target,1,1.0089301147460938,-1.3403792724609376,0.6963169562519246
1758802188.4508207,target,2,nan,nan,nan
1758802188.4508207,target,3,-0.130475341796875,-2.4316875,-1.3667553104012766
1758802188.4508207,target,4,-1.35155615234375,0.5033605651855468,1.033771690614154
1758802188.4508207,target,5,0.6664443969726562,-0.4844992370605469,-2.8017706353345924
1758802188.4708498,herder,1,1.3376993408203126,-1.772423095703125,2.6405415313606504
1758802188.4708498,herder,2,-1.7625531005859374,1.0087335205078125,-0.7412482122670875
1758802188.4708498,target,1,1.0088738403320312,-1.3403974609375,0.695547369275919
1758802188.4708498,target,2,nan,nan,nan
1758802188.4708498,target,3,-0.13044381713867187,-2.431697265625,-1.3667265482615039
1758802188.4708498,target,4,-1.3516053466796876,0.503384521484375,1.0334577039216337
1758802188.4708498,target,5,0.6664387817382813,-0.4845166015625,-2.8023530686649925
1758802188.4910643,herder,1,1.33771630859375,-1.772413818359375,2.640751122138439
1758802188.4910643,herder,2,-1.7625517578125,1.0087398681640625,-0.7412056016896462
1758802188.4910643,target,1,1.0089383544921875,-1.3403763427734374,0.6957066263091056
1758802188.4910643,target,2,nan,nan,nan
1758802188.4910643,target,3,-0.1304228057861328,-2.43171142578125,-1.368245082715067
1758802188.4910643,target,4,-1.3516185302734376,0.5034045104980469,1.0341750929402738
1758802188.4910643,target,5,0.6664404296875,-0.484540771484375,-2.8026425542754843
1758802188.5108514,herder,1,1.3377044677734375,-1.7724024658203126,2.640460304947403
1758802188.5108514,herder,2,-1.7625328369140625,1.008733154296875,-0.7411952819404221
1758802188.5108514,target,1,1.0088942260742189,-1.3403558349609375,0.6942232455819315
1758802188.5108514,target,2,nan,nan,nan
1758802188.5108514,target,3,-0.1304364776611328,-2.431718994140625,-1.3687309764559519
1758802188.5108514,target,4,-1.3516448974609374,0.5034035949707031,1.0341913382229233
1758802188.5108514,target,5,0.66646142578125,-0.48452890014648436,-2.803305148754696
1758802188.5307903,herder,1,1.3376884765625,-1.7724193115234375,2.6405260850263277
1758802188.5307903,herder,2,-1.76253271484375,1.0087303466796875,-0.7412434851561526
1758802188.5307903,target,1,1.0089320068359375,-1.3403641357421876,0.6958347243575385
1758802188.5307903,target,2,nan,nan,nan
1758802188.5307903,target,3,-0.13042547607421875,-2.4317255859375,-1.368392488681403
1758802188.5307903,target,4,-1.351660400390625,0.5033880920410156,1.0333678222348435
1758802188.5307903,target,5,0.666431640625,-0.48453369140625,-2.802770918640026
1758802188.5509236,herder,1,1.3376800537109375,-1.7723853759765624,2.640628350412187
1758802188.5509236,herder,2,-1.7625247802734374,1.0087139892578125,-0.7412181851257967
1758802188.5509236,target,1,1.0089256591796876,-1.3403634033203125,0.6957538974184546
1758802188.5509236,target,2,nan,nan,nan
1758802188.5509236,target,3,-0.13049327087402343,-2.431698486328125,-1.3665695549152437
1758802188.5509236,target,4,-1.3516483154296874,0.5034063110351562,1.0344180398107163
1758802188.5509236,target,5,0.6664166259765625,-0.48455462646484376,-2.8014886065751528
1758802188.5710652,herder,1,1.3376827392578126,-1.7723599853515626,2.641206789000952
1758802188.5710652,herder,2,-1.7625416259765625,1.0087222290039062,-0.7410802333813307
1758802188.5710652,target,1,1.0089227905273437,-1.3403594970703125,0.6949174650990879
1758802188.5710652,target,2,nan,nan,nan
1758802188.5710652,target,3,-0.13046389770507813,-2.431712890625,-1.3663660894079617
1758802188.5710652,target,4,-1.3516480712890624,0.5034020385742187,1.0335282776905208
1758802188.5710652,target,5,0.6664198608398437,-0.48453302001953125,-2.802050267249051
1758802188.5912437,herder,1,1.337677734375,-1.7723580322265624,2.6411199699494152
1758802188.5912437,herder,2,-1.762538818359375,1.0087315673828126,-0.7411089955211035
1758802188.5912437,target,1,1.0089573974609376,-1.3403653564453124,0.6954686062866798
1758802188.5912437,target,2,nan,nan,nan
1758802188.5912437,target,3,-0.13043504333496095,-2.431748046875,-1.3665700875474616
1758802188.5912437,target,4,-1.3516326904296876,0.5034671325683594,1.033628745442644
1758802188.5912437,target,5,0.6664246215820312,-0.4845196838378906,-2.8015621098212393
1758802188.6107666,herder,1,1.3376875,-1.7723955078125,2.641077892004192
1758802188.6107666,herder,2,-1.7625462646484376,1.0087378540039063,-0.7412344304084463
1758802188.6107666,target,1,1.0089991455078124,-1.3403431396484375,0.696820693172113
1758802188.6107666,target,2,nan,nan,nan
1758802188.6107666,target,3,-0.13046780395507812,-2.431720458984375,-1.3667344045867196
1758802188.6107666,target,4,-1.351642822265625,0.5034244384765625,1.0333441201011417
1758802188.6107666,target,5,0.6664243774414063,-0.4845610656738281,-2.8013748895966066
1758802188.630838,herder,1,1.3376827392578126,-1.7723955078125,2.6408206306428905
1758802188.630838,herder,2,-1.7625850830078125,1.0087344970703125,-0.7412595972807475
1758802188.630838,target,1,1.0089881591796874,-1.34032958984375,0.6970077802386911
1758802188.630838,target,2,nan,nan,nan
1758802188.630838,target,3,-0.13042832946777344,-2.431746337890625,-1.368797555483204
1758802188.630838,target,4,-1.351666259765625,0.5034439086914062,1.034016901171523
1758802188.630838,target,5,0.6664197387695312,-0.4845274658203125,-2.801683549966947
1758802188.6510253,herder,1,1.3376695556640625,-1.772397705078125,2.6408970633661757
1758802188.6510253,herder,2,-1.7625970458984375,1.008743896484375,-0.7412050024784009
1758802188.6510253,target,1,1.0089734497070313,-1.3403189697265625,0.696515761227299
1758802188.6510253,target,2,nan,nan,nan
1758802188.6510253,target,3,-0.13037298583984375,-2.431777587890625,-1.3693216655857314
1758802188.6510253,target,4,-1.351652099609375,0.5034393920898438,1.0347157146415598
1758802188.6510253,target,5,0.6663946533203124,-0.4845195617675781,-2.8006084318348816
1758802188.6710012,herder,1,1.3376905517578126,-1.7723865966796875,2.6403252826801356
1758802188.6710012,herder,2,-1.76256494140625,1.0087201538085937,-0.7411767063918188
1758802188.6710012,target,1,1.0089635620117188,-1.3403765869140625,0.696130002343401
1758802188.6710012,target,2,nan,nan,nan
1758802188.6710012,target,3,-0.13040689086914062,-2.431729248046875,-1.3665076364198994
1758802188.6710012,target,4,-1.3516446533203126,0.5034057312011718,1.0340310159253006
1758802188.6710012,target,5,0.6664603881835938,-0.48452734375,-2.801254514715335
1758802188.6907892,herder,1,1.3376646728515624,-1.772395263671875,2.6405833429897645
1758802188.6907892,herder,2,-1.762561767578125,1.0087219848632814,-0.741182299030108
1758802188.6907892,target,1,1.0089898071289063,-1.3403656005859375,0.6978657841628874
1758802188.6907892,target,2,nan,nan,nan
1758802188.6907892,target,3,-0.13039826965332033,-2.4317197265625,-1.368112989924999
1758802188.6907892,target,4,-1.3516600341796876,0.5034028015136719,1.0337123687008725
1758802188.6907892,target,5,0.6664824829101562,-0.48451235961914063,-2.8021131178507765
1758802188.7107933,herder,1,1.3376861572265626,-1.7723790283203125,2.6407825474393025
1758802188.7107933,herder,2,-1.762552490234375,1.008715576171875,-0.741259996754911
1758802188.7107933,target,1,1.0089844360351563,-1.3403482666015625,0.6986721227619361
1758802188.7107933,target,2,nan,nan,nan
1758802188.7107933,target,3,-0.13047854614257812,-2.431686279296875,-1.3673191016040465
1758802188.7107933,target,4,-1.3516546630859374,0.5033778381347657,1.0331754088460852
1758802188.7107933,target,5,0.6664685668945313,-0.4844947204589844,-2.8020454735590885
1758802188.7307868,herder,1,1.337703857421875,-1.7724080810546874,2.6404283470143217
1758802188.7307868,herder,2,-1.76254541015625,1.0087338256835938,-0.7410402859649795
1758802188.7307868,target,1,1.0090172729492188,-1.340299560546875,0.6983723839812477
1758802188.7307868,target,2,nan,nan,nan
1758802188.7307868,target,3,-0.13049726867675782,-2.431679931640625,-1.3672318830783463
1758802188.7307868,target,4,-1.35164501953125,0.5034478454589844,1.0338749546854218
1758802188.7307868,target,5,0.6664837646484375,-0.4845099792480469,-2.802661462719224
1758802188.751028,herder,1,1.3377095947265625,-1.7724053955078125,2.64057641877093
1758802188.751028,herder,2,-1.7625467529296874,1.0087325439453125,-0.7411446818797106
1758802188.751028,target,1,1.00893115234375,-1.340361328125,0.6952164049314493
1758802188.751028,target,2,nan,nan,nan
1758802188.751028,target,3,-0.1304556121826172,-2.43172216796875,-1.3689413661820682
1758802188.751028,target,4,-1.3516439208984374,0.5034496459960938,1.0334336023137685
1758802188.751028,target,5,0.6664426879882812,-0.4845518798828125,-2.8017200352738807
1758802188.770858,herder,1,1.337679443359375,-1.7724195556640625,2.640569760868205
1758802188.770858,herder,2,-1.762533935546875,1.0087260131835938,-0.7411771058659823
1758802188.770858,target,1,1.0089490966796875,-1.340368896484375,0.695751367415419
1758802188.770858,target,2,nan,nan,nan
1758802188.770858,target,3,-0.130403564453125,-2.431740234375,-1.367859323831169
1758802188.770858,target,4,-1.35164404296875,0.5034405822753907,1.0344391453623552
1758802188.770858,target,5,0.6663836059570313,-0.48458755493164063,-2.802757070202358
1758802188.791138,herder,1,1.3376788330078124,-1.7723922119140625,2.6406009198529588
1758802188.791138,herder,2,-1.762531982421875,1.0087190551757812,-0.7411860940346613
1758802188.791138,target,1,1.0089356689453124,-1.340385498046875,0.6952081491320701
1758802188.791138,target,2,nan,nan,nan
1758802188.791138,target,3,-0.13041650390625,-2.431712158203125,-1.3677321578891177
1758802188.791138,target,4,-1.3516456298828126,0.5034737548828125,1.03358620144423
1758802188.791138,target,5,0.6664127197265625,-0.48456539916992186,-2.8030260494724555
1758802188.8107626,herder,1,1.3376785888671876,-1.772416259765625,2.640545526102285
1758802188.8107626,herder,2,-1.7625245361328126,1.0087203369140625,-0.7411328308128597
1758802188.8107626,target,1,1.0089595947265626,-1.3403665771484374,0.6961013733616827
1758802188.8107626,target,2,nan,nan,nan
1758802188.8107626,target,3,-0.13045631408691405,-2.431695556640625,-1.3677482700137127
1758802188.8107626,target,4,-1.3516568603515624,0.5034592895507812,1.0334071704399495
1758802188.8107626,target,5,0.6663978271484375,-0.4845396423339844,-2.802155195796
1758802188.830789,herder,1,1.3376783447265626,-1.772375,2.641170570010127
1758802188.830789,herder,2,-1.7625943603515626,1.0087333984375,-0.7412175193355243
1758802188.830789,target,1,1.0089380493164062,-1.3403515625,0.6959631553011075
1758802188.830789,target,2,nan,nan,nan
1758802188.830789,target,3,-0.1304499969482422,-2.431720947265625,-1.3674842175916313
1758802188.830789,target,4,-1.3516048583984375,0.5034307556152344,1.0340109756380977
1758802188.830789,target,5,0.666430908203125,-0.4845008850097656,-2.8019490671276275
1758802188.8508186,herder,1,1.337668701171875,-1.77236328125,2.641280824879256
1758802188.8508186,herder,2,-1.762628173828125,1.0087506713867187,-0.7410944812931626
1758802188.8508186,target,1,1.0089144287109375,-1.3403726806640626,0.6959315968421901
1758802188.8508186,target,2,nan,nan,nan
1758802188.8508186,target,3,-0.13046310424804688,-2.431698974609375,-1.3666995171764396
1758802188.8508186,target,4,-1.3516221923828124,0.5034421081542969,1.0334967192316034
1758802188.8508186,target,5,0.6664012451171875,-0.48453378295898436,-2.802593019479209
1758802188.8709202,herder,1,1.3376861572265626,-1.772395751953125,2.640867235961967
1758802188.8709202,herder,2,-1.76260107421875,1.0087440795898437,-0.7411649884830225
1758802188.8709202,target,1,1.0089444580078124,-1.340357177734375,0.6958587593863764
1758802188.8709202,target,2,nan,nan,nan
1758802188.8709202,target,3,-0.13044718933105467,-2.431704833984375,-1.3658889840986739
1758802188.8709202,target,4,-1.351614013671875,0.5034462585449219,1.034048060156277
1758802188.8709202,target,5,0.666398681640625,-0.4845303649902344,-2.8023464107622673
1758802188.8909094,herder,1,1.3376944580078125,-1.7723868408203125,2.6408118422112934
1758802188.8909094,herder,2,-1.7625858154296874,1.0087400512695313,-0.7413107299736771
1758802188.8909094,target,1,1.008933349609375,-1.34036083984375,0.6955316566254874
1758802188.8909094,target,2,nan,nan,nan
1758802188.8909094,target,3,-0.13044183349609376,-2.431732177734375,-1.3678428122324104
1758802188.8909094,target,4,-1.3516475830078125,0.5034397888183594,1.0339681653235746
1758802188.8909094,target,5,0.6664501342773438,-0.48455621337890625,-2.803144027508746
1758802188.9108663,herder,1,1.337667236328125,-1.7723614501953124,2.6410469993355474
1758802188.9108663,herder,2,-1.7625762939453125,1.0087394409179689,-0.7412524067458043
1758802188.9108663,target,1,1.008950439453125,-1.3403846435546876,0.6959086270777882
1758802188.9108663,target,2,nan,nan,nan
1758802188.9108663,target,3,-0.1304564208984375,-2.43174169921875,-1.3683911571008578
1758802188.9108663,target,4,-1.351658203125,0.5034658508300781,1.034071029920679
1758802188.9108663,target,5,0.6664187622070312,-0.4846030578613281,-2.8018332196202094
1758802188.9307804,herder,1,1.33765478515625,-1.7723414306640626,2.6411143773111263
1758802188.9307804,herder,2,-1.7625621337890625,1.0087222290039062,-0.7411452810909559
1758802188.9307804,target,1,1.0088782958984375,-1.3404068603515624,0.6940583293314284
1758802188.9307804,target,2,nan,nan,nan
1758802188.9307804,target,3,-0.13042880249023436,-2.43170458984375,-1.3678334911685952
1758802188.9307804,target,4,-1.35165673828125,0.5034518737792969,1.0336007822511981
1758802188.9307804,target,5,0.6664303588867188,-0.4845754699707031,-2.80161830252024
1758802188.9510381,herder,1,1.3376658935546875,-1.7723682861328125,2.641196402672701
1758802188.9510381,herder,2,-1.76255859375,1.0087147827148437,-0.7411650550620497
1758802188.9510381,target,1,1.00890625,-1.340396240234375,0.6954869155191741
1758802188.9510381,target,2,nan,nan,nan
1758802188.9510381,target,3,-0.13045956420898439,-2.4316962890625,-1.3672942010478542
1758802188.9510381,target,4,-1.35164697265625,0.5034495544433594,1.034578628424448
1758802188.9510381,target,5,0.6664312133789062,-0.4845741271972656,-2.801452387584328
1758802188.9709113,herder,1,1.337676025390625,-1.7723851318359376,2.641097865712368
1758802188.9709113,herder,2,-1.7625411376953124,1.008719970703125,-0.7412336314601192
1758802188.9709113,target,1,1.0089613037109375,-1.3403863525390625,0.6969732923025747
1758802188.9709113,target,2,nan,nan,nan
1758802188.9709113,target,3,-0.13044541931152343,-2.431713134765625,-1.3659692784055397
1758802188.9709113,target,4,-1.3516517333984375,0.5034226989746093,1.034088473625819
1758802188.9709113,target,5,0.6664183349609375,-0.48454135131835935,-2.801188468320301
1758802188.9907339,herder,1,1.3376961669921874,-1.7723917236328126,2.6405545808499915
1758802188.9907339,herder,2,-1.7625479736328125,1.008732421875,-0.7411617261106871
1758802188.9907339,target,1,1.0089210815429688,-1.340396484375,0.6953815874980614
1758802188.9907339,target,2,nan,nan,nan
1758802188.9907339,target,3,-0.1304299774169922,-2.431723876953125,-1.3661710128581133
1758802188.9907339,target,4,-1.3515892333984374,0.5034058532714843,1.0345846205369007
1758802188.9907339,target,5,0.6664219360351562,-0.48459100341796874,-2.802239884318664
1758802189.0107887,herder,1,1.337688232421875,-1.7723758544921875,2.6412091858459332
1758802189.0107887,herder,2,-1.7625361328125,1.0087361450195313,-0.7411783042884729
1758802189.0107887,target,1,1.0088939819335938,-1.34037109375,0.6930210946658698
1758802189.0107887,target,2,nan,nan,nan
1758802189.0107887,target,3,-0.13038812255859375,-2.431767333984375,-1.368459334024764
1758802189.0107887,target,4,-1.3516156005859374,0.5033796081542968,1.0345427423287592
1758802189.0107887,target,5,0.6663980712890625,-0.48457366943359376,-2.802039081972472
1758802189.0307815,herder,1,1.337671142578125,-1.77239501953125,2.641073897262557
1758802189.0307815,herder,2,-1.7625380859375,1.0087246704101562,-0.7411876919313154
1758802189.0307815,target,1,1.0089584350585938,-1.3403504638671875,0.6957250686996544
1758802189.0307815,target,2,nan,nan,nan
1758802189.0307815,target,3,-0.13041802978515624,-2.43173291015625,-1.3670573128688916
1758802189.0307815,target,4,-1.3515877685546875,0.5033912963867188,1.0346270313772603
1758802189.0307815,target,5,0.6664381713867188,-0.48456784057617186,-2.802868390335923
1758802189.0510678,herder,1,1.3376678466796874,-1.7723719482421876,2.6408539201565167
1758802189.0510678,herder,2,-1.76257763671875,1.0087296142578126,-0.7412876270512206
1758802189.0510678,target,1,1.0089655151367187,-1.3403631591796874,0.6961864613585107
1758802189.0510678,target,2,nan,nan,nan
1758802189.0510678,target,3,-0.13042466735839844,-2.431688232421875,-1.3673040547438875
1758802189.0510678,target,4,-1.3515799560546875,0.5033792724609375,1.0343061204659056
1758802189.0510678,target,5,0.6664276123046875,-0.4845301208496094,-2.801890743899755
1758802189.0707889,herder,1,1.33769189453125,-1.7723717041015625,2.6409244939254037
1758802189.0707889,herder,2,-1.762586669921875,1.008727294921875,-0.7413331005268337
1758802189.0707889,target,1,1.0089566040039062,-1.3403524169921874,0.6961160207476781
1758802189.0707889,target,2,nan,nan,nan
1758802189.0707889,target,3,-0.13039033508300782,-2.43171240234375,-1.3663541051830563
1758802189.0707889,target,4,-1.3516181640625,0.5033942565917969,1.0336454567784843
1758802189.0707889,target,5,0.6664497680664062,-0.48452072143554686,-2.8025062004276724
1758802189.0907648,herder,1,1.33769189453125,-1.7723812255859375,2.6407250231597565
1758802189.0907648,herder,2,-1.762578125,1.0087219848632814,-0.7412859625755394
1758802189.0907648,target,1,1.0089435424804687,-1.3403236083984376,0.6939639868498123
1758802189.0907648,target,2,nan,nan,nan
1758802189.0907648,target,3,-0.13042878723144533,-2.431748046875,-1.3665410590915799
1758802189.0907648,target,4,-1.351634033203125,0.5034100646972657,1.034193135856659
1758802189.0907648,target,5,0.6664111938476562,-0.48453106689453124,-2.802545348895696
1758802189.1107776,herder,1,1.337703857421875,-1.7723927001953126,2.6406549820230873
1758802189.1107776,herder,2,-1.7625614013671875,1.0087297973632812,-0.7413110628688133
1758802189.1107776,target,1,1.0089049072265626,-1.3403905029296874,0.6945805086421657
1758802189.1107776,target,2,nan,nan,nan
1758802189.1107776,target,3,-0.13043792724609374,-2.431748291015625,-1.3671848782851064
1758802189.1107776,target,4,-1.351635009765625,0.5034286804199218,1.035066652694205
1758802189.1107776,target,5,0.6663721923828125,-0.48459591674804686,-2.802499808841056
1758802189.130786,herder,1,1.337706787109375,-1.7724127197265624,2.640573489293731
1758802189.130786,herder,2,-1.7625758056640626,1.0087387084960937,-0.7413016086469435
1758802189.130786,target,1,1.008974609375,-1.3403701171875,0.6966516490219202
1758802189.130786,target,2,nan,nan,nan
1758802189.130786,target,3,-0.13042967224121094,-2.43174072265625,-1.3678742375332735
1758802189.130786,target,4,-1.35165234375,0.5034022521972656,1.0343513942044371
1758802189.130786,target,5,0.6663936157226562,-0.4845835571289063,-2.8022212421910337
1758802189.1508472,herder,1,1.337716796875,-1.7724141845703125,2.640500784995972
1758802189.1508472,herder,2,-1.7625657958984375,1.008736328125,-0.7411764400757098
1758802189.1508472,target,1,1.0089434814453124,-1.34037451171875,0.695761154532425
1758802189.1508472,target,2,nan,nan,nan
1758802189.1508472,target,3,-0.13045118713378906,-2.431703125,-1.367452925448823
1758802189.1508472,target,4,-1.3516492919921874,0.503407958984375,1.0345193730901938
1758802189.1508472,target,5,0.66639892578125,-0.4845923156738281,-2.8018097838026166
1758802189.1709607,herder,1,1.3377025146484376,-1.7724183349609375,2.6406970599683106
1758802189.1709607,herder,2,-1.7625491943359375,1.0087200317382812,-0.7412010077367658
1758802189.1709607,target,1,1.0088374633789063,-1.340406494140625,0.6926194233944586
1758802189.1709607,target,2,nan,nan,nan
1758802189.1709607,target,3,-0.1304470520019531,-2.431694091796875,-1.367755194232547
1758802189.1709607,target,4,-1.3516488037109375,0.5033967895507813,1.033847990179385
1758802189.1709607,target,5,0.6663671875,-0.4846045532226563,-2.8024966130477478
1758802189.1907887,herder,1,1.337679443359375,-1.7723917236328126,2.6406560472875236
1758802189.1907887,herder,2,-1.762580078125,1.0087183837890625,-0.7412842315208308
1758802189.1907887,target,1,1.0089026489257813,-1.3403875732421875,0.6945508143960113
1758802189.1907887,target,2,nan,nan,nan
1758802189.1907887,target,3,-0.130437744140625,-2.431688232421875,-1.3670918008050081
1758802189.1907887,target,4,-1.3516265869140625,0.5033830871582031,1.033686336301217
1758802189.1907887,target,5,0.6664223022460938,-0.48459539794921874,-2.8022417485314275
1758802189.2107909,herder,1,1.3376741943359376,-1.772366943359375,2.6404768165461614
1758802189.2107909,herder,2,-1.762593505859375,1.0087271728515625,-0.7413404242198314
1758802189.2107909,target,1,1.0088992919921875,-1.3403665771484374,0.6949981588801173
1758802189.2107909,target,2,nan,nan,nan
1758802189.2107909,target,3,-0.13045478820800782,-2.4316884765625,-1.3667209556232147
1758802189.2107909,target,4,-1.3516060791015625,0.5033865051269532,1.0340394714617616
1758802189.2107909,target,5,0.6664396362304688,-0.484572998046875,-2.8022449443247353
1758802189.2307687,herder,1,1.33771044921875,-1.772386474609375,2.640499187099318
1758802189.2307687,herder,2,-1.7625819091796875,1.0087289428710937,-0.7412482122670875
1758802189.2307687,target,1,1.0089420776367188,-1.3403333740234376,0.694795958374353
1758802189.2307687,target,2,nan,nan,nan
1758802189.2307687,target,3,-0.1304088592529297,-2.431735595703125,-1.3681550678702223
1758802189.2307687,target,4,-1.351605224609375,0.5034085998535156,1.0341678358263033
1758802189.2307687,target,5,0.6664158325195313,-0.48458682250976565,-2.8013013863505205
1758802189.2509332,herder,1,1.3377008056640625,-1.7723997802734375,2.640480012339469
1758802189.2509332,herder,2,-1.76256640625,1.0087415771484376,-0.7413449515936845
1758802189.2509332,target,1,1.0089498901367187,-1.3403743896484375,0.6952645415681525
1758802189.2509332,target,2,nan,nan,nan
1758802189.2509332,target,3,-0.13042623901367187,-2.43172216796875,-1.3679522681532128
1758802189.2509332,target,4,-1.3516527099609374,0.5034281005859375,1.034819311607964
1758802189.2509332,target,5,0.6664352416992188,-0.48462887573242186,-2.8021437442033124
1758802189.2708278,herder,1,1.3376934814453125,-1.772396484375,2.6406885378528226
1758802189.2708278,herder,2,-1.76254150390625,1.008744140625,-0.7413103304995136
1758802189.2708278,target,1,1.008931396484375,-1.3403707275390624,0.6950480931505563
1758802189.2708278,target,2,nan,nan,nan
1758802189.2708278,target,3,-0.13040110778808595,-2.4317119140625,-1.3678505353995718
1758802189.2708278,target,4,-1.3516536865234374,0.5034247741699219,1.0347315604500458
1758802189.2708278,target,5,0.6663887939453125,-0.4845670166015625,-2.801662510994335
1758802189.290794,herder,1,1.3376795654296876,-1.772410888671875,2.640609175652338
1758802189.290794,herder,2,-1.762529296875,1.0087261962890626,-0.7412086643248997
1758802189.290794,target,1,1.0089169311523438,-1.3403880615234376,0.6947298454002918
1758802189.290794,target,2,nan,nan,nan
1758802189.290794,target,3,-0.1304716796875,-2.43169970703125,-1.3680048655847419
1758802189.290794,target,4,-1.351641357421875,0.5034127502441407,1.034573368681295
1758802189.290794,target,5,0.6664321899414063,-0.4845589294433594,-2.8021072588963785
1758802189.3107877,herder,1,1.3376610107421876,-1.7723848876953125,2.6410230308857363
1758802189.3107877,herder,2,-1.76252587890625,1.00871630859375,-0.7412377593598088
1758802189.3107877,target,1,1.0089537353515625,-1.3403721923828125,0.6956417783365623
1758802189.3107877,target,2,nan,nan,nan
1758802189.3107877,target,3,-0.13046430969238282,-2.43171337890625,-1.366721088781269
1758802189.3107877,target,4,-1.351655517578125,0.5033870544433594,1.0341007241668334
1758802189.3107877,target,5,0.6664658813476563,-0.48453530883789064,-2.802709932251063
1758802189.3308847,herder,1,1.3376663818359376,-1.772388671875,2.6412288932379995
1758802189.3308847,herder,2,-1.762600341796875,1.0087286376953124,-0.7412247764494947
1758802189.3308847,target,1,1.0089574584960936,-1.3403516845703125,0.6965215536026699
1758802189.3308847,target,2,nan,nan,nan
1758802189.3308847,target,3,-0.13046556091308595,-2.431744140625,-1.366375144155668
1758802189.3308847,target,4,-1.351645751953125,0.5034010009765625,1.0339197623707623
1758802189.3308847,target,5,0.6664271240234375,-0.48454635620117187,-2.8026116616068393
1758802189.3507984,herder,1,1.3376727294921875,-1.772372802734375,2.6408794865029814
1758802189.3507984,herder,2,-1.7626005859375,1.008732666015625,-0.7413938205996875
1758802189.3507984,target,1,1.0089467163085937,-1.34036767578125,0.6964120311028404
1758802189.3507984,target,2,nan,nan,nan
1758802189.3507984,target,3,-0.1304195556640625,-2.431779052734375,-1.3680120561196851
1758802189.3507984,target,4,-1.351644287109375,0.5034025268554687,1.0335163600446426
1758802189.3507984,target,5,0.6664228515625,-0.4845267333984375,-2.802268646458437
1758802189.3707886,herder,1,1.3376876220703124,-1.7723592529296874,2.6410483309160924
1758802189.3707886,herder,2,-1.7625811767578126,1.0087368774414063,-0.7412966817989268
1758802189.3707886,target,1,1.0089595336914063,-1.34034765625,0.6959056976005891
1758802189.3707886,target,2,nan,nan,nan
1758802189.3707886,target,3,-0.1303946075439453,-2.431775146484375,-1.3685538762434617
1758802189.3707886,target,4,-1.35164404296875,0.5033899841308593,1.0334145607119745
1758802189.3707886,target,5,0.666381591796875,-0.484578369140625,-2.8019565239786797
1758802189.390818,herder,1,1.337667236328125,-1.7723955078125,2.6408185001140185
1758802189.390818,herder,2,-1.7625618896484374,1.008732177734375,-0.7412948841651911
1758802189.390818,target,1,1.00892724609375,-1.3403734130859375,0.6952329831092351
1758802189.390818,target,2,nan,nan,nan
1758802189.390818,target,3,-0.1303938446044922,-2.431716064453125,-1.3672103114735168
1758802189.390818,target,4,-1.3515755615234375,0.5033663635253907,1.0345161772968856
1758802189.390818,target,5,0.6664381713867188,-0.48458377075195314,-2.8010329397126403
1758802189.410808,herder,1,1.337687255859375,-1.77241650390625,2.6406563136036327
1758802189.410808,herder,2,-1.762574951171875,1.0087353515625,-0.7413532073930638
1758802189.410808,target,1,1.0088379516601562,-1.340382080078125,0.6933689035042341
1758802189.410808,target,2,nan,nan,nan
1758802189.410808,target,3,-0.13037472534179687,-2.431736572265625,-1.3680200456029552
1758802189.410808,target,4,-1.3516051025390625,0.5033868713378906,1.0343065865190963
1758802189.410808,target,5,0.6664208374023437,-0.48459506225585935,-2.801080610296153
1758802189.430788,herder,1,1.337672119140625,-1.7724022216796875,2.6407828137554112
1758802189.430788,herder,2,-1.7625616455078126,1.008735595703125,-0.741171979280884
1758802189.430788,target,1,1.008921630859375,-1.3403778076171875,0.6959003046993817
1758802189.430788,target,2,nan,nan,nan
1758802189.430788,target,3,-0.13042535400390626,-2.431710693359375,-1.367225757807839
1758802189.430788,target,4,-1.351597412109375,0.5034150085449218,1.034345335512957
1758802189.430788,target,5,0.66645654296875,-0.48457958984375,-2.8020441419785436
1758802189.451258,herder,1,1.337677001953125,-1.7724034423828126,2.640596925111324
1758802189.451258,herder,2,-1.7625545654296875,1.0087156982421874,-0.7412763751956151
1758802189.451258,target,1,1.0089661865234374,-1.3403814697265626,0.6966150305569317
1758802189.451258,target,2,nan,nan,nan
1758802189.451258,target,3,-0.13041453552246093,-2.431734375,-1.3672025883063554
1758802189.451258,target,4,-1.3516192626953125,0.5034474792480469,1.034044131993669
1758802189.451258,target,5,0.6664165649414062,-0.48457449340820313,-2.8010992524237834
1758802189.4707952,herder,1,1.3376737060546875,-1.7723828125,2.6405937293180157
1758802189.4707952,herder,2,-1.7625511474609374,1.0087232666015624,-0.7413000773293167
1758802189.4707952,target,1,1.0089430541992188,-1.34037841796875,0.6949377717023998
1758802189.4707952,target,2,nan,nan,nan
1758802189.4707952,target,3,-0.13039601135253906,-2.431770263671875,-1.3680240403445905
1758802189.4707952,target,4,-1.3516187744140624,0.50344580078125,1.034352725784982
1758802189.4707952,target,5,0.6663887939453125,-0.484545654296875,-2.8006611624244653
1758802189.4908118,herder,1,1.3377001953125,-1.772392822265625,2.6405178292269484
1758802189.4908118,herder,2,-1.7625594482421876,1.0087330932617187,-0.7412075990604637
1758802189.4908118,target,1,1.008897216796875,-1.3403880615234376,0.6950869087234443
1758802189.4908118,target,2,nan,nan,nan
1758802189.4908118,target,3,-0.13043093872070313,-2.43172900390625,-1.3686145963163154
1758802189.4908118,target,4,-1.3516546630859374,0.5034422912597656,1.0338455933344037
1758802189.4908118,target,5,0.66639208984375,-0.48452090454101565,-2.801593535122102
1758802189.5107675,herder,1,1.3376927490234376,-1.7724093017578124,2.6403226195190457
1758802189.5107675,herder,2,-1.762548095703125,1.0087263793945314,-0.7412876270512206
1758802189.5107675,target,1,1.0088788452148438,-1.340404296875,0.6936499335782648
1758802189.5107675,target,2,nan,nan,nan
1758802189.5107675,target,3,-0.13044683837890625,-2.43170849609375,-1.3678460080257187
1758802189.5107675,target,4,-1.3516646728515624,0.5034040832519531,1.0343706355433129
1758802189.5107675,target,5,0.666410888671875,-0.4845442199707031,-2.8017956690488393
1758802189.5307822,herder,1,1.3376900634765625,-1.7723984375,2.640604115646267
1758802189.5307822,herder,2,-1.7625445556640624,1.0087349853515626,-0.7411611268994418
1758802189.5307822,target,1,1.0089114990234376,-1.3403758544921875,0.6952738626319678
1758802189.5307822,target,2,nan,nan,nan
1758802189.5307822,target,3,-0.13045550537109374,-2.431733642578125,-1.3672081809446446
1758802189.5307822,target,4,-1.3516759033203125,0.5034001770019532,1.0339594434710047
1758802189.5307822,target,5,0.6663809204101563,-0.48457070922851564,-2.8029171261838712
1758802189.551008,herder,1,1.33768505859375,-1.7723984375,2.6405790819320205
1758802189.551008,herder,2,-1.7625284423828125,1.008724609375,-0.7411753748112737
1758802189.551008,target,1,1.008907470703125,-1.3403599853515624,0.694549682552548
1758802189.551008,target,2,nan,nan,nan
1758802189.551008,target,3,-0.13041162109375,-2.431716552734375,-1.3683818360370426
1758802189.551008,target,4,-1.3516458740234376,0.503384033203125,1.0333421893093515
1758802189.551008,target,5,0.66639599609375,-0.48462841796875,-2.802428702439951
1758802189.5708334,herder,1,1.3376676025390626,-1.77239697265625,2.640832881183905
1758802189.5708334,herder,2,-1.7625361328125,1.008713623046875,-0.7411441492474926
1758802189.5708334,target,1,1.0089124755859376,-1.340345947265625,0.694036291673408
1758802189.5708334,target,2,nan,nan,nan
1758802189.5708334,target,3,-0.1304388427734375,-2.43173779296875,-1.3678629190986407
1758802189.5708334,target,4,-1.3516270751953126,0.5034443969726563,1.032926403284163
1758802189.5708334,target,5,0.6664046630859375,-0.484609619140625,-2.8018750312493235
1758802189.5907924,herder,1,1.3376805419921876,-1.7724085693359375,2.6405790819320205
1758802189.5907924,herder,2,-1.7625438232421875,1.0087090454101562,-0.741099341562152
1758802189.5907924,target,1,1.0089474487304688,-1.3403331298828125,0.6948197270870821
1758802189.5907924,target,2,nan,nan,nan
1758802189.5907924,target,3,-0.13046755981445313,-2.431734130859375,-1.368177704739488
1758802189.5907924,target,4,-1.3516558837890624,0.5034714965820313,1.0337743537752442
1758802189.5907924,target,5,0.6663810424804687,-0.48460467529296875,-2.801793272203858
1758802189.610844,herder,1,1.3377001953125,-1.7724090576171876,2.640660840977486
1758802189.610844,herder,2,-1.7625460205078125,1.0087271118164063,-0.7411908877246235
1758802189.610844,target,1,1.0089489135742187,-1.3403646240234375,0.6937699089853728
1758802189.610844,target,2,nan,nan,nan
1758802189.610844,target,3,-0.13046768188476562,-2.43171484375,-1.3680850267335531
1758802189.610844,target,4,-1.3516959228515626,0.5034821166992187,1.0331051013933072
1758802189.610844,target,5,0.6664100952148437,-0.4846108703613281,-2.802643086907702
1758802189.630782,herder,1,1.3376966552734375,-1.7724178466796876,2.6406656346674477
1758802189.630782,herder,2,-1.762546142578125,1.008724365234375,-0.7412011408948203
1758802189.630782,target,1,1.0088541259765624,-1.3404146728515625,0.6930469273284435
1758802189.630782,target,2,nan,nan,nan
1758802189.630782,target,3,-0.13046656799316406,-2.43171240234375,-1.3685573383528788
1758802189.630782,target,4,-1.3516953125,0.5034676818847656,1.033047177639598
1758802189.630782,target,5,0.6664329833984375,-0.4845924072265625,-2.802593818427536
1758802189.6508527,herder,1,1.3376805419921876,-1.772431396484375,2.640674156782936
1758802189.6508527,herder,2,-1.7625775146484375,1.0087286987304687,-0.7412600633339382
1758802189.6508527,target,1,1.0089037475585938,-1.3403726806640626,0.6941243757264624
1758802189.6508527,target,2,nan,nan,nan
1758802189.6508527,target,3,-0.1304275665283203,-2.43176513671875,-1.3666952561186954
1758802189.6508527,target,4,-1.35168115234375,0.50344677734375,1.0331278714206273
1758802189.6508527,target,5,0.6664107055664062,-0.48455609130859373,-2.80212829786899
1758802189.6708102,herder,1,1.3376861572265626,-1.7724254150390626,2.640633676734367
1758802189.6708102,herder,2,-1.7625692138671876,1.008725830078125,-0.7412017401060655
1758802189.6708102,target,1,1.0089603881835938,-1.34038232421875,0.6962817359465083
1758802189.6708102,target,2,nan,nan,nan
1758802189.6708102,target,3,-0.1304593505859375,-2.43173291015625,-1.3657523639347529
1758802189.6708102,target,4,-1.3516826171875,0.5034599609375,1.0342356798550731
1758802189.6708102,target,5,0.6664155883789062,-0.4845801696777344,-2.802371444476514
1758802189.6907868,herder,1,1.337672119140625,-1.7724129638671875,2.640499986047645
1758802189.6907868,herder,2,-1.7625582275390625,1.0087181396484375,-0.7412095964312813
1758802189.6907868,target,1,1.0089960327148437,-1.3403380126953126,0.6968097076326165
1758802189.6907868,target,2,nan,nan,nan
1758802189.6907868,target,3,-0.130404052734375,-2.43173095703125,-1.3671751577471276
1758802189.6907868,target,4,-1.3516739501953126,0.5034790344238281,1.033144449598413
1758802189.6907868,target,5,0.6663931884765625,-0.4845479125976562,-2.801197256751898
1758802189.7107809,herder,1,1.3376705322265625,-1.77240576171875,2.640560972436608
1758802189.7107809,herder,2,-1.7625794677734374,1.0087220458984374,-0.7413004768034802
1758802189.7107809,target,1,1.0089940795898438,-1.3403504638671875,0.6966234860933926
1758802189.7107809,target,2,nan,nan,nan
1758802189.7107809,target,3,-0.13044685363769531,-2.431733154296875,-1.3677886169042275
1758802189.7107809,target,4,-1.3516815185546875,0.5034785766601563,1.0333771432986587
1758802189.7107809,target,5,0.6664140014648438,-0.4845327453613281,-2.8016670383681883
1758802189.7307842,herder,1,1.3376903076171875,-1.772404296875,2.640408905938364
1758802189.7307842,herder,2,-1.7625841064453125,1.008716064453125,-0.741217452756497
1758802189.7307842,target,1,1.0089766845703125,-1.34036669921875,0.6965952565858379
1758802189.7307842,target,2,nan,nan,nan
1758802189.7307842,target,3,-0.130447509765625,-2.431743896484375,-1.367771306357142
1758802189.7307842,target,4,-1.35165966796875,0.503451904296875,1.0337078413270193
1758802189.7307842,target,5,0.6664142456054688,-0.4845206604003906,-2.8011067092748356
1758802189.7508724,herder,1,1.337705810546875,-1.77236376953125,2.640557244011082
1758802189.7508724,herder,2,-1.76257958984375,1.008730712890625,-0.7411744427048922
1758802189.7508724,target,1,1.0089797973632812,-1.340378662109375,0.6965377323062921
1758802189.7508724,target,2,nan,nan,nan
1758802189.7508724,target,3,-0.1304156036376953,-2.43173583984375,-1.367959458688156
1758802189.7508724,target,4,-1.351657470703125,0.5034259033203125,1.0327703420442842
1758802189.7508724,target,5,0.6664058227539063,-0.4845768127441406,-2.80378185458982
1758802189.7707763,herder,1,1.3376953125,-1.7723958740234376,2.6406890704850405
1758802189.7707763,herder,2,-1.7625693359375,1.0087374267578124,-0.7412669209737452
1758802189.7707763,target,1,1.0089663696289062,-1.3403790283203125,0.6960120243071105
1758802189.7707763,target,2,nan,nan,nan
1758802189.7707763,target,3,-0.13041969299316405,-2.43171630859375,-1.367947607621305
1758802189.7707763,target,4,-1.351647705078125,0.5034174499511719,1.0335208874184958
1758802189.7707763,target,5,0.6663821411132812,-0.48462246704101564,-2.8011016492687646
1758802189.7908123,herder,1,1.3376885986328124,-1.7724161376953125,2.640464566005147
1758802189.7908123,herder,2,-1.762548828125,1.0087385864257812,-0.7411338294982686
1758802189.7908123,target,1,1.0089268798828126,-1.340389404296875,0.6956207393639506
1758802189.7908123,target,2,nan,nan,nan
1758802189.7908123,target,3,-0.130459716796875,-2.43172705078125,-1.3659272004603165
1758802189.7908123,target,4,-1.35164111328125,0.5033967590332031,1.0330517050134511
1758802189.7908123,target,5,0.6664170532226562,-0.4845950927734375,-2.801724296331625
1758802189.810775,herder,1,1.337662109375,-1.7724185791015625,2.6405809461447833
1758802189.810775,herder,2,-1.762591552734375,1.00873779296875,-0.7412651899190367
1758802189.810775,target,1,1.0089419555664063,-1.3403868408203126,0.6960296677493323
1758802189.810775,target,2,nan,nan,nan
1758802189.810775,target,3,-0.13046336364746094,-2.4317138671875,-1.3656542264485834
1758802189.810775,target,4,-1.3516241455078124,0.5033895568847656,1.03314598091604
1758802189.810775,target,5,0.6664223022460938,-0.48457611083984375,-2.801763444799649
1758802189.8308234,herder,1,1.3376893310546876,-1.77238720703125,2.6406203609289167
1758802189.8308234,herder,2,-1.7625869140625,1.0087293701171876,-0.7412448167366976
1758802189.8308234,target,1,1.0088966674804687,-1.3403939208984375,0.6946793119186075
1758802189.8308234,target,2,nan,nan,nan
1758802189.8308234,target,3,-0.1304651336669922,-2.43169287109375,-1.3660509042929507
1758802189.8308234,target,4,-1.3516339111328124,0.5034202880859375,1.0326307258241367
1758802189.8308234,target,5,0.66643359375,-0.48454568481445315,-2.802155994744327
1758802189.850762,herder,1,1.337668701171875,-1.772418212890625,2.640557244011082
1758802189.850762,herder,2,-1.7625677490234375,1.0087198486328126,-0.7413161894539118
1758802189.850762,target,1,1.0089340209960938,-1.340381591796875,0.6947741204534145
1758802189.850762,target,2,nan,nan,nan
1758802189.850762,target,3,-0.13042814636230468,-2.431711181640625,-1.3680782356727734
1758802189.850762,target,4,-1.351625244140625,0.5034033813476563,1.0322523572122637
1758802189.850762,target,5,0.6664437255859375,-0.4845395812988281,-2.8009035100836623
