[0.186s] DEBUG:colcon:Command line arguments: ['/usr/bin/colcon', 'build']
[0.187s] DEBUG:colcon:Parsed command line arguments: Namespace(log_base=None, log_level=None, verb_name='build', build_base='build', install_base='install', merge_install=False, symlink_install=False, test_result_base=None, continue_on_error=False, executor='parallel', parallel_workers=8, event_handlers=None, ignore_user_meta=False, metas=['./colcon.meta'], base_paths=['.'], packages_ignore=None, packages_ignore_regex=None, paths=None, packages_up_to=None, packages_up_to_regex=None, packages_above=None, packages_above_and_dependencies=None, packages_above_depth=None, packages_select_by_dep=None, packages_skip_by_dep=None, packages_skip_up_to=None, packages_select_build_failed=False, packages_skip_build_finished=False, packages_select_test_failures=False, packages_skip_test_passed=False, packages_select=None, packages_skip=None, packages_select_regex=None, packages_skip_regex=None, packages_start=None, packages_end=None, allow_overriding=[], cmake_args=None, cmake_target=None, cmake_target_skip_unavailable=False, cmake_clean_cache=False, cmake_clean_first=False, cmake_force_configure=False, ament_cmake_args=None, catkin_cmake_args=None, catkin_skip_building_tests=False, mixin_files=None, mixin=None, verb_parser=<colcon_mixin.mixin.mixin_argument.MixinArgumentDecorator object at 0x785af3684560>, verb_extension=<colcon_core.verb.build.BuildVerb object at 0x785af37ace00>, main=<bound method BuildVerb.main of <colcon_core.verb.build.BuildVerb object at 0x785af37ace00>>, mixin_verb=('build',))
[0.261s] Level 1:colcon.colcon_core.package_discovery:discover_packages(colcon_meta) check parameters
[0.261s] Level 1:colcon.colcon_core.package_discovery:discover_packages(recursive) check parameters
[0.261s] Level 1:colcon.colcon_core.package_discovery:discover_packages(ignore) check parameters
[0.261s] Level 1:colcon.colcon_core.package_discovery:discover_packages(path) check parameters
[0.261s] Level 1:colcon.colcon_core.package_discovery:discover_packages(colcon_meta) discover
[0.261s] Level 1:colcon.colcon_core.package_discovery:discover_packages(recursive) discover
[0.261s] INFO:colcon.colcon_core.package_discovery:Crawling recursively for packages in '/home/stefano/dev/Costanza/ros2_ws'
[0.262s] Level 1:colcon.colcon_core.package_identification:_identify(.) by extensions ['ignore', 'ignore_ament_install']
[0.262s] Level 1:colcon.colcon_core.package_identification:_identify(.) by extension 'ignore'
[0.262s] Level 1:colcon.colcon_core.package_identification:_identify(.) by extension 'ignore_ament_install'
[0.262s] Level 1:colcon.colcon_core.package_identification:_identify(.) by extensions ['colcon_pkg']
[0.262s] Level 1:colcon.colcon_core.package_identification:_identify(.) by extension 'colcon_pkg'
[0.262s] Level 1:colcon.colcon_core.package_identification:_identify(.) by extensions ['colcon_meta']
[0.262s] Level 1:colcon.colcon_core.package_identification:_identify(.) by extension 'colcon_meta'
[0.262s] Level 1:colcon.colcon_core.package_identification:_identify(.) by extensions ['ros']
[0.262s] Level 1:colcon.colcon_core.package_identification:_identify(.) by extension 'ros'
[0.321s] Level 1:colcon.colcon_core.package_identification:_identify(.) by extensions ['cmake', 'python']
[0.321s] Level 1:colcon.colcon_core.package_identification:_identify(.) by extension 'cmake'
[0.321s] Level 1:colcon.colcon_core.package_identification:_identify(.) by extension 'python'
[0.321s] Level 1:colcon.colcon_core.package_identification:_identify(.) by extensions ['python_setup_py']
[0.321s] Level 1:colcon.colcon_core.package_identification:_identify(.) by extension 'python_setup_py'
[0.322s] Level 1:colcon.colcon_core.package_identification:_identify(build) by extensions ['ignore', 'ignore_ament_install']
[0.322s] Level 1:colcon.colcon_core.package_identification:_identify(build) by extension 'ignore'
[0.322s] Level 1:colcon.colcon_core.package_identification:_identify(build) ignored
[0.322s] Level 1:colcon.colcon_core.package_identification:_identify(install) by extensions ['ignore', 'ignore_ament_install']
[0.322s] Level 1:colcon.colcon_core.package_identification:_identify(install) by extension 'ignore'
[0.322s] Level 1:colcon.colcon_core.package_identification:_identify(install) ignored
[0.322s] Level 1:colcon.colcon_core.package_identification:_identify(log) by extensions ['ignore', 'ignore_ament_install']
[0.323s] Level 1:colcon.colcon_core.package_identification:_identify(log) by extension 'ignore'
[0.323s] Level 1:colcon.colcon_core.package_identification:_identify(log) ignored
[0.323s] Level 1:colcon.colcon_core.package_identification:_identify(models) by extensions ['ignore', 'ignore_ament_install']
[0.323s] Level 1:colcon.colcon_core.package_identification:_identify(models) by extension 'ignore'
[0.323s] Level 1:colcon.colcon_core.package_identification:_identify(models) by extension 'ignore_ament_install'
[0.323s] Level 1:colcon.colcon_core.package_identification:_identify(models) by extensions ['colcon_pkg']
[0.323s] Level 1:colcon.colcon_core.package_identification:_identify(models) by extension 'colcon_pkg'
[0.323s] Level 1:colcon.colcon_core.package_identification:_identify(models) by extensions ['colcon_meta']
[0.323s] Level 1:colcon.colcon_core.package_identification:_identify(models) by extension 'colcon_meta'
[0.323s] Level 1:colcon.colcon_core.package_identification:_identify(models) by extensions ['ros']
[0.323s] Level 1:colcon.colcon_core.package_identification:_identify(models) by extension 'ros'
[0.324s] Level 1:colcon.colcon_core.package_identification:_identify(models) by extensions ['cmake', 'python']
[0.324s] Level 1:colcon.colcon_core.package_identification:_identify(models) by extension 'cmake'
[0.324s] Level 1:colcon.colcon_core.package_identification:_identify(models) by extension 'python'
[0.324s] Level 1:colcon.colcon_core.package_identification:_identify(models) by extensions ['python_setup_py']
[0.324s] Level 1:colcon.colcon_core.package_identification:_identify(models) by extension 'python_setup_py'
[0.325s] Level 1:colcon.colcon_core.package_identification:_identify(models/osoyoo) by extensions ['ignore', 'ignore_ament_install']
[0.325s] Level 1:colcon.colcon_core.package_identification:_identify(models/osoyoo) by extension 'ignore'
[0.325s] Level 1:colcon.colcon_core.package_identification:_identify(models/osoyoo) by extension 'ignore_ament_install'
[0.325s] Level 1:colcon.colcon_core.package_identification:_identify(models/osoyoo) by extensions ['colcon_pkg']
[0.325s] Level 1:colcon.colcon_core.package_identification:_identify(models/osoyoo) by extension 'colcon_pkg'
[0.325s] Level 1:colcon.colcon_core.package_identification:_identify(models/osoyoo) by extensions ['colcon_meta']
[0.325s] Level 1:colcon.colcon_core.package_identification:_identify(models/osoyoo) by extension 'colcon_meta'
[0.325s] Level 1:colcon.colcon_core.package_identification:_identify(models/osoyoo) by extensions ['ros']
[0.325s] Level 1:colcon.colcon_core.package_identification:_identify(models/osoyoo) by extension 'ros'
[0.325s] Level 1:colcon.colcon_core.package_identification:_identify(models/osoyoo) by extensions ['cmake', 'python']
[0.325s] Level 1:colcon.colcon_core.package_identification:_identify(models/osoyoo) by extension 'cmake'
[0.326s] Level 1:colcon.colcon_core.package_identification:_identify(models/osoyoo) by extension 'python'
[0.326s] Level 1:colcon.colcon_core.package_identification:_identify(models/osoyoo) by extensions ['python_setup_py']
[0.326s] Level 1:colcon.colcon_core.package_identification:_identify(models/osoyoo) by extension 'python_setup_py'
[0.326s] Level 1:colcon.colcon_core.package_identification:_identify(models/turtlebot4) by extensions ['ignore', 'ignore_ament_install']
[0.326s] Level 1:colcon.colcon_core.package_identification:_identify(models/turtlebot4) by extension 'ignore'
[0.326s] Level 1:colcon.colcon_core.package_identification:_identify(models/turtlebot4) by extension 'ignore_ament_install'
[0.326s] Level 1:colcon.colcon_core.package_identification:_identify(models/turtlebot4) by extensions ['colcon_pkg']
[0.326s] Level 1:colcon.colcon_core.package_identification:_identify(models/turtlebot4) by extension 'colcon_pkg'
[0.326s] Level 1:colcon.colcon_core.package_identification:_identify(models/turtlebot4) by extensions ['colcon_meta']
[0.326s] Level 1:colcon.colcon_core.package_identification:_identify(models/turtlebot4) by extension 'colcon_meta'
[0.326s] Level 1:colcon.colcon_core.package_identification:_identify(models/turtlebot4) by extensions ['ros']
[0.326s] Level 1:colcon.colcon_core.package_identification:_identify(models/turtlebot4) by extension 'ros'
[0.326s] Level 1:colcon.colcon_core.package_identification:_identify(models/turtlebot4) by extensions ['cmake', 'python']
[0.326s] Level 1:colcon.colcon_core.package_identification:_identify(models/turtlebot4) by extension 'cmake'
[0.327s] Level 1:colcon.colcon_core.package_identification:_identify(models/turtlebot4) by extension 'python'
[0.327s] Level 1:colcon.colcon_core.package_identification:_identify(models/turtlebot4) by extensions ['python_setup_py']
[0.327s] Level 1:colcon.colcon_core.package_identification:_identify(models/turtlebot4) by extension 'python_setup_py'
[0.327s] Level 1:colcon.colcon_core.package_identification:_identify(models/turtlebot4/nav2_minimal_tb4_description) by extensions ['ignore', 'ignore_ament_install']
[0.327s] Level 1:colcon.colcon_core.package_identification:_identify(models/turtlebot4/nav2_minimal_tb4_description) by extension 'ignore'
[0.327s] Level 1:colcon.colcon_core.package_identification:_identify(models/turtlebot4/nav2_minimal_tb4_description) by extension 'ignore_ament_install'
[0.327s] Level 1:colcon.colcon_core.package_identification:_identify(models/turtlebot4/nav2_minimal_tb4_description) by extensions ['colcon_pkg']
[0.327s] Level 1:colcon.colcon_core.package_identification:_identify(models/turtlebot4/nav2_minimal_tb4_description) by extension 'colcon_pkg'
[0.327s] Level 1:colcon.colcon_core.package_identification:_identify(models/turtlebot4/nav2_minimal_tb4_description) by extensions ['colcon_meta']
[0.327s] Level 1:colcon.colcon_core.package_identification:_identify(models/turtlebot4/nav2_minimal_tb4_description) by extension 'colcon_meta'
[0.327s] Level 1:colcon.colcon_core.package_identification:_identify(models/turtlebot4/nav2_minimal_tb4_description) by extensions ['ros']
[0.327s] Level 1:colcon.colcon_core.package_identification:_identify(models/turtlebot4/nav2_minimal_tb4_description) by extension 'ros'
[0.327s] Level 1:colcon.colcon_core.package_identification:_identify(models/turtlebot4/nav2_minimal_tb4_description) by extensions ['cmake', 'python']
[0.327s] Level 1:colcon.colcon_core.package_identification:_identify(models/turtlebot4/nav2_minimal_tb4_description) by extension 'cmake'
[0.328s] Level 1:colcon.colcon_core.package_identification:_identify(models/turtlebot4/nav2_minimal_tb4_description) by extension 'python'
[0.328s] Level 1:colcon.colcon_core.package_identification:_identify(models/turtlebot4/nav2_minimal_tb4_description) by extensions ['python_setup_py']
[0.328s] Level 1:colcon.colcon_core.package_identification:_identify(models/turtlebot4/nav2_minimal_tb4_description) by extension 'python_setup_py'
[0.328s] Level 1:colcon.colcon_core.package_identification:_identify(models/turtlebot4/nav2_minimal_tb4_description/hooks) by extensions ['ignore', 'ignore_ament_install']
[0.328s] Level 1:colcon.colcon_core.package_identification:_identify(models/turtlebot4/nav2_minimal_tb4_description/hooks) by extension 'ignore'
[0.328s] Level 1:colcon.colcon_core.package_identification:_identify(models/turtlebot4/nav2_minimal_tb4_description/hooks) by extension 'ignore_ament_install'
[0.328s] Level 1:colcon.colcon_core.package_identification:_identify(models/turtlebot4/nav2_minimal_tb4_description/hooks) by extensions ['colcon_pkg']
[0.328s] Level 1:colcon.colcon_core.package_identification:_identify(models/turtlebot4/nav2_minimal_tb4_description/hooks) by extension 'colcon_pkg'
[0.328s] Level 1:colcon.colcon_core.package_identification:_identify(models/turtlebot4/nav2_minimal_tb4_description/hooks) by extensions ['colcon_meta']
[0.328s] Level 1:colcon.colcon_core.package_identification:_identify(models/turtlebot4/nav2_minimal_tb4_description/hooks) by extension 'colcon_meta'
[0.328s] Level 1:colcon.colcon_core.package_identification:_identify(models/turtlebot4/nav2_minimal_tb4_description/hooks) by extensions ['ros']
[0.328s] Level 1:colcon.colcon_core.package_identification:_identify(models/turtlebot4/nav2_minimal_tb4_description/hooks) by extension 'ros'
[0.328s] Level 1:colcon.colcon_core.package_identification:_identify(models/turtlebot4/nav2_minimal_tb4_description/hooks) by extensions ['cmake', 'python']
[0.329s] Level 1:colcon.colcon_core.package_identification:_identify(models/turtlebot4/nav2_minimal_tb4_description/hooks) by extension 'cmake'
[0.329s] Level 1:colcon.colcon_core.package_identification:_identify(models/turtlebot4/nav2_minimal_tb4_description/hooks) by extension 'python'
[0.329s] Level 1:colcon.colcon_core.package_identification:_identify(models/turtlebot4/nav2_minimal_tb4_description/hooks) by extensions ['python_setup_py']
[0.329s] Level 1:colcon.colcon_core.package_identification:_identify(models/turtlebot4/nav2_minimal_tb4_description/hooks) by extension 'python_setup_py'
[0.329s] Level 1:colcon.colcon_core.package_identification:_identify(models/turtlebot4/nav2_minimal_tb4_description/launch) by extensions ['ignore', 'ignore_ament_install']
[0.329s] Level 1:colcon.colcon_core.package_identification:_identify(models/turtlebot4/nav2_minimal_tb4_description/launch) by extension 'ignore'
[0.329s] Level 1:colcon.colcon_core.package_identification:_identify(models/turtlebot4/nav2_minimal_tb4_description/launch) by extension 'ignore_ament_install'
[0.329s] Level 1:colcon.colcon_core.package_identification:_identify(models/turtlebot4/nav2_minimal_tb4_description/launch) by extensions ['colcon_pkg']
[0.329s] Level 1:colcon.colcon_core.package_identification:_identify(models/turtlebot4/nav2_minimal_tb4_description/launch) by extension 'colcon_pkg'
[0.329s] Level 1:colcon.colcon_core.package_identification:_identify(models/turtlebot4/nav2_minimal_tb4_description/launch) by extensions ['colcon_meta']
[0.329s] Level 1:colcon.colcon_core.package_identification:_identify(models/turtlebot4/nav2_minimal_tb4_description/launch) by extension 'colcon_meta'
[0.329s] Level 1:colcon.colcon_core.package_identification:_identify(models/turtlebot4/nav2_minimal_tb4_description/launch) by extensions ['ros']
[0.329s] Level 1:colcon.colcon_core.package_identification:_identify(models/turtlebot4/nav2_minimal_tb4_description/launch) by extension 'ros'
[0.329s] Level 1:colcon.colcon_core.package_identification:_identify(models/turtlebot4/nav2_minimal_tb4_description/launch) by extensions ['cmake', 'python']
[0.329s] Level 1:colcon.colcon_core.package_identification:_identify(models/turtlebot4/nav2_minimal_tb4_description/launch) by extension 'cmake'
[0.330s] Level 1:colcon.colcon_core.package_identification:_identify(models/turtlebot4/nav2_minimal_tb4_description/launch) by extension 'python'
[0.330s] Level 1:colcon.colcon_core.package_identification:_identify(models/turtlebot4/nav2_minimal_tb4_description/launch) by extensions ['python_setup_py']
[0.330s] Level 1:colcon.colcon_core.package_identification:_identify(models/turtlebot4/nav2_minimal_tb4_description/launch) by extension 'python_setup_py'
[0.330s] Level 1:colcon.colcon_core.package_identification:_identify(models/turtlebot4/nav2_minimal_tb4_description/meshes) by extensions ['ignore', 'ignore_ament_install']
[0.330s] Level 1:colcon.colcon_core.package_identification:_identify(models/turtlebot4/nav2_minimal_tb4_description/meshes) by extension 'ignore'
[0.330s] Level 1:colcon.colcon_core.package_identification:_identify(models/turtlebot4/nav2_minimal_tb4_description/meshes) by extension 'ignore_ament_install'
[0.330s] Level 1:colcon.colcon_core.package_identification:_identify(models/turtlebot4/nav2_minimal_tb4_description/meshes) by extensions ['colcon_pkg']
[0.330s] Level 1:colcon.colcon_core.package_identification:_identify(models/turtlebot4/nav2_minimal_tb4_description/meshes) by extension 'colcon_pkg'
[0.330s] Level 1:colcon.colcon_core.package_identification:_identify(models/turtlebot4/nav2_minimal_tb4_description/meshes) by extensions ['colcon_meta']
[0.330s] Level 1:colcon.colcon_core.package_identification:_identify(models/turtlebot4/nav2_minimal_tb4_description/meshes) by extension 'colcon_meta'
[0.330s] Level 1:colcon.colcon_core.package_identification:_identify(models/turtlebot4/nav2_minimal_tb4_description/meshes) by extensions ['ros']
[0.331s] Level 1:colcon.colcon_core.package_identification:_identify(models/turtlebot4/nav2_minimal_tb4_description/meshes) by extension 'ros'
[0.331s] Level 1:colcon.colcon_core.package_identification:_identify(models/turtlebot4/nav2_minimal_tb4_description/meshes) by extensions ['cmake', 'python']
[0.331s] Level 1:colcon.colcon_core.package_identification:_identify(models/turtlebot4/nav2_minimal_tb4_description/meshes) by extension 'cmake'
[0.331s] Level 1:colcon.colcon_core.package_identification:_identify(models/turtlebot4/nav2_minimal_tb4_description/meshes) by extension 'python'
[0.331s] Level 1:colcon.colcon_core.package_identification:_identify(models/turtlebot4/nav2_minimal_tb4_description/meshes) by extensions ['python_setup_py']
[0.331s] Level 1:colcon.colcon_core.package_identification:_identify(models/turtlebot4/nav2_minimal_tb4_description/meshes) by extension 'python_setup_py'
[0.332s] Level 1:colcon.colcon_core.package_identification:_identify(models/turtlebot4/nav2_minimal_tb4_description/rviz) by extensions ['ignore', 'ignore_ament_install']
[0.332s] Level 1:colcon.colcon_core.package_identification:_identify(models/turtlebot4/nav2_minimal_tb4_description/rviz) by extension 'ignore'
[0.332s] Level 1:colcon.colcon_core.package_identification:_identify(models/turtlebot4/nav2_minimal_tb4_description/rviz) by extension 'ignore_ament_install'
[0.332s] Level 1:colcon.colcon_core.package_identification:_identify(models/turtlebot4/nav2_minimal_tb4_description/rviz) by extensions ['colcon_pkg']
[0.332s] Level 1:colcon.colcon_core.package_identification:_identify(models/turtlebot4/nav2_minimal_tb4_description/rviz) by extension 'colcon_pkg'
[0.332s] Level 1:colcon.colcon_core.package_identification:_identify(models/turtlebot4/nav2_minimal_tb4_description/rviz) by extensions ['colcon_meta']
[0.332s] Level 1:colcon.colcon_core.package_identification:_identify(models/turtlebot4/nav2_minimal_tb4_description/rviz) by extension 'colcon_meta'
[0.332s] Level 1:colcon.colcon_core.package_identification:_identify(models/turtlebot4/nav2_minimal_tb4_description/rviz) by extensions ['ros']
[0.332s] Level 1:colcon.colcon_core.package_identification:_identify(models/turtlebot4/nav2_minimal_tb4_description/rviz) by extension 'ros'
[0.332s] Level 1:colcon.colcon_core.package_identification:_identify(models/turtlebot4/nav2_minimal_tb4_description/rviz) by extensions ['cmake', 'python']
[0.333s] Level 1:colcon.colcon_core.package_identification:_identify(models/turtlebot4/nav2_minimal_tb4_description/rviz) by extension 'cmake'
[0.333s] Level 1:colcon.colcon_core.package_identification:_identify(models/turtlebot4/nav2_minimal_tb4_description/rviz) by extension 'python'
[0.333s] Level 1:colcon.colcon_core.package_identification:_identify(models/turtlebot4/nav2_minimal_tb4_description/rviz) by extensions ['python_setup_py']
[0.333s] Level 1:colcon.colcon_core.package_identification:_identify(models/turtlebot4/nav2_minimal_tb4_description/rviz) by extension 'python_setup_py'
[0.333s] Level 1:colcon.colcon_core.package_identification:_identify(models/turtlebot4/nav2_minimal_tb4_description/urdf) by extensions ['ignore', 'ignore_ament_install']
[0.333s] Level 1:colcon.colcon_core.package_identification:_identify(models/turtlebot4/nav2_minimal_tb4_description/urdf) by extension 'ignore'
[0.333s] Level 1:colcon.colcon_core.package_identification:_identify(models/turtlebot4/nav2_minimal_tb4_description/urdf) by extension 'ignore_ament_install'
[0.333s] Level 1:colcon.colcon_core.package_identification:_identify(models/turtlebot4/nav2_minimal_tb4_description/urdf) by extensions ['colcon_pkg']
[0.333s] Level 1:colcon.colcon_core.package_identification:_identify(models/turtlebot4/nav2_minimal_tb4_description/urdf) by extension 'colcon_pkg'
[0.333s] Level 1:colcon.colcon_core.package_identification:_identify(models/turtlebot4/nav2_minimal_tb4_description/urdf) by extensions ['colcon_meta']
[0.333s] Level 1:colcon.colcon_core.package_identification:_identify(models/turtlebot4/nav2_minimal_tb4_description/urdf) by extension 'colcon_meta'
[0.334s] Level 1:colcon.colcon_core.package_identification:_identify(models/turtlebot4/nav2_minimal_tb4_description/urdf) by extensions ['ros']
[0.334s] Level 1:colcon.colcon_core.package_identification:_identify(models/turtlebot4/nav2_minimal_tb4_description/urdf) by extension 'ros'
[0.334s] Level 1:colcon.colcon_core.package_identification:_identify(models/turtlebot4/nav2_minimal_tb4_description/urdf) by extensions ['cmake', 'python']
[0.334s] Level 1:colcon.colcon_core.package_identification:_identify(models/turtlebot4/nav2_minimal_tb4_description/urdf) by extension 'cmake'
[0.334s] Level 1:colcon.colcon_core.package_identification:_identify(models/turtlebot4/nav2_minimal_tb4_description/urdf) by extension 'python'
[0.334s] Level 1:colcon.colcon_core.package_identification:_identify(models/turtlebot4/nav2_minimal_tb4_description/urdf) by extensions ['python_setup_py']
[0.334s] Level 1:colcon.colcon_core.package_identification:_identify(models/turtlebot4/nav2_minimal_tb4_description/urdf) by extension 'python_setup_py'
[0.334s] Level 1:colcon.colcon_core.package_identification:_identify(models/turtlebot4/nav2_minimal_tb4_description/urdf/icreate) by extensions ['ignore', 'ignore_ament_install']
[0.335s] Level 1:colcon.colcon_core.package_identification:_identify(models/turtlebot4/nav2_minimal_tb4_description/urdf/icreate) by extension 'ignore'
[0.335s] Level 1:colcon.colcon_core.package_identification:_identify(models/turtlebot4/nav2_minimal_tb4_description/urdf/icreate) by extension 'ignore_ament_install'
[0.335s] Level 1:colcon.colcon_core.package_identification:_identify(models/turtlebot4/nav2_minimal_tb4_description/urdf/icreate) by extensions ['colcon_pkg']
[0.335s] Level 1:colcon.colcon_core.package_identification:_identify(models/turtlebot4/nav2_minimal_tb4_description/urdf/icreate) by extension 'colcon_pkg'
[0.335s] Level 1:colcon.colcon_core.package_identification:_identify(models/turtlebot4/nav2_minimal_tb4_description/urdf/icreate) by extensions ['colcon_meta']
[0.335s] Level 1:colcon.colcon_core.package_identification:_identify(models/turtlebot4/nav2_minimal_tb4_description/urdf/icreate) by extension 'colcon_meta'
[0.335s] Level 1:colcon.colcon_core.package_identification:_identify(models/turtlebot4/nav2_minimal_tb4_description/urdf/icreate) by extensions ['ros']
[0.335s] Level 1:colcon.colcon_core.package_identification:_identify(models/turtlebot4/nav2_minimal_tb4_description/urdf/icreate) by extension 'ros'
[0.335s] Level 1:colcon.colcon_core.package_identification:_identify(models/turtlebot4/nav2_minimal_tb4_description/urdf/icreate) by extensions ['cmake', 'python']
[0.335s] Level 1:colcon.colcon_core.package_identification:_identify(models/turtlebot4/nav2_minimal_tb4_description/urdf/icreate) by extension 'cmake'
[0.335s] Level 1:colcon.colcon_core.package_identification:_identify(models/turtlebot4/nav2_minimal_tb4_description/urdf/icreate) by extension 'python'
[0.335s] Level 1:colcon.colcon_core.package_identification:_identify(models/turtlebot4/nav2_minimal_tb4_description/urdf/icreate) by extensions ['python_setup_py']
[0.336s] Level 1:colcon.colcon_core.package_identification:_identify(models/turtlebot4/nav2_minimal_tb4_description/urdf/icreate) by extension 'python_setup_py'
[0.336s] Level 1:colcon.colcon_core.package_identification:_identify(models/turtlebot4/nav2_minimal_tb4_description/urdf/icreate/sensors) by extensions ['ignore', 'ignore_ament_install']
[0.336s] Level 1:colcon.colcon_core.package_identification:_identify(models/turtlebot4/nav2_minimal_tb4_description/urdf/icreate/sensors) by extension 'ignore'
[0.336s] Level 1:colcon.colcon_core.package_identification:_identify(models/turtlebot4/nav2_minimal_tb4_description/urdf/icreate/sensors) by extension 'ignore_ament_install'
[0.336s] Level 1:colcon.colcon_core.package_identification:_identify(models/turtlebot4/nav2_minimal_tb4_description/urdf/icreate/sensors) by extensions ['colcon_pkg']
[0.336s] Level 1:colcon.colcon_core.package_identification:_identify(models/turtlebot4/nav2_minimal_tb4_description/urdf/icreate/sensors) by extension 'colcon_pkg'
[0.336s] Level 1:colcon.colcon_core.package_identification:_identify(models/turtlebot4/nav2_minimal_tb4_description/urdf/icreate/sensors) by extensions ['colcon_meta']
[0.336s] Level 1:colcon.colcon_core.package_identification:_identify(models/turtlebot4/nav2_minimal_tb4_description/urdf/icreate/sensors) by extension 'colcon_meta'
[0.336s] Level 1:colcon.colcon_core.package_identification:_identify(models/turtlebot4/nav2_minimal_tb4_description/urdf/icreate/sensors) by extensions ['ros']
[0.336s] Level 1:colcon.colcon_core.package_identification:_identify(models/turtlebot4/nav2_minimal_tb4_description/urdf/icreate/sensors) by extension 'ros'
[0.337s] Level 1:colcon.colcon_core.package_identification:_identify(models/turtlebot4/nav2_minimal_tb4_description/urdf/icreate/sensors) by extensions ['cmake', 'python']
[0.337s] Level 1:colcon.colcon_core.package_identification:_identify(models/turtlebot4/nav2_minimal_tb4_description/urdf/icreate/sensors) by extension 'cmake'
[0.337s] Level 1:colcon.colcon_core.package_identification:_identify(models/turtlebot4/nav2_minimal_tb4_description/urdf/icreate/sensors) by extension 'python'
[0.337s] Level 1:colcon.colcon_core.package_identification:_identify(models/turtlebot4/nav2_minimal_tb4_description/urdf/icreate/sensors) by extensions ['python_setup_py']
[0.337s] Level 1:colcon.colcon_core.package_identification:_identify(models/turtlebot4/nav2_minimal_tb4_description/urdf/icreate/sensors) by extension 'python_setup_py'
[0.337s] Level 1:colcon.colcon_core.package_identification:_identify(models/turtlebot4/nav2_minimal_tb4_description/urdf/sensors) by extensions ['ignore', 'ignore_ament_install']
[0.337s] Level 1:colcon.colcon_core.package_identification:_identify(models/turtlebot4/nav2_minimal_tb4_description/urdf/sensors) by extension 'ignore'
[0.337s] Level 1:colcon.colcon_core.package_identification:_identify(models/turtlebot4/nav2_minimal_tb4_description/urdf/sensors) by extension 'ignore_ament_install'
[0.337s] Level 1:colcon.colcon_core.package_identification:_identify(models/turtlebot4/nav2_minimal_tb4_description/urdf/sensors) by extensions ['colcon_pkg']
[0.337s] Level 1:colcon.colcon_core.package_identification:_identify(models/turtlebot4/nav2_minimal_tb4_description/urdf/sensors) by extension 'colcon_pkg'
[0.338s] Level 1:colcon.colcon_core.package_identification:_identify(models/turtlebot4/nav2_minimal_tb4_description/urdf/sensors) by extensions ['colcon_meta']
[0.338s] Level 1:colcon.colcon_core.package_identification:_identify(models/turtlebot4/nav2_minimal_tb4_description/urdf/sensors) by extension 'colcon_meta'
[0.338s] Level 1:colcon.colcon_core.package_identification:_identify(models/turtlebot4/nav2_minimal_tb4_description/urdf/sensors) by extensions ['ros']
[0.338s] Level 1:colcon.colcon_core.package_identification:_identify(models/turtlebot4/nav2_minimal_tb4_description/urdf/sensors) by extension 'ros'
[0.338s] Level 1:colcon.colcon_core.package_identification:_identify(models/turtlebot4/nav2_minimal_tb4_description/urdf/sensors) by extensions ['cmake', 'python']
[0.338s] Level 1:colcon.colcon_core.package_identification:_identify(models/turtlebot4/nav2_minimal_tb4_description/urdf/sensors) by extension 'cmake'
[0.339s] Level 1:colcon.colcon_core.package_identification:_identify(models/turtlebot4/nav2_minimal_tb4_description/urdf/sensors) by extension 'python'
[0.339s] Level 1:colcon.colcon_core.package_identification:_identify(models/turtlebot4/nav2_minimal_tb4_description/urdf/sensors) by extensions ['python_setup_py']
[0.339s] Level 1:colcon.colcon_core.package_identification:_identify(models/turtlebot4/nav2_minimal_tb4_description/urdf/sensors) by extension 'python_setup_py'
[0.339s] Level 1:colcon.colcon_core.package_identification:_identify(models/turtlebot4/nav2_minimal_tb4_description/urdf/standard) by extensions ['ignore', 'ignore_ament_install']
[0.339s] Level 1:colcon.colcon_core.package_identification:_identify(models/turtlebot4/nav2_minimal_tb4_description/urdf/standard) by extension 'ignore'
[0.339s] Level 1:colcon.colcon_core.package_identification:_identify(models/turtlebot4/nav2_minimal_tb4_description/urdf/standard) by extension 'ignore_ament_install'
[0.339s] Level 1:colcon.colcon_core.package_identification:_identify(models/turtlebot4/nav2_minimal_tb4_description/urdf/standard) by extensions ['colcon_pkg']
[0.339s] Level 1:colcon.colcon_core.package_identification:_identify(models/turtlebot4/nav2_minimal_tb4_description/urdf/standard) by extension 'colcon_pkg'
[0.339s] Level 1:colcon.colcon_core.package_identification:_identify(models/turtlebot4/nav2_minimal_tb4_description/urdf/standard) by extensions ['colcon_meta']
[0.339s] Level 1:colcon.colcon_core.package_identification:_identify(models/turtlebot4/nav2_minimal_tb4_description/urdf/standard) by extension 'colcon_meta'
[0.339s] Level 1:colcon.colcon_core.package_identification:_identify(models/turtlebot4/nav2_minimal_tb4_description/urdf/standard) by extensions ['ros']
[0.339s] Level 1:colcon.colcon_core.package_identification:_identify(models/turtlebot4/nav2_minimal_tb4_description/urdf/standard) by extension 'ros'
[0.339s] Level 1:colcon.colcon_core.package_identification:_identify(models/turtlebot4/nav2_minimal_tb4_description/urdf/standard) by extensions ['cmake', 'python']
[0.340s] Level 1:colcon.colcon_core.package_identification:_identify(models/turtlebot4/nav2_minimal_tb4_description/urdf/standard) by extension 'cmake'
[0.340s] Level 1:colcon.colcon_core.package_identification:_identify(models/turtlebot4/nav2_minimal_tb4_description/urdf/standard) by extension 'python'
[0.340s] Level 1:colcon.colcon_core.package_identification:_identify(models/turtlebot4/nav2_minimal_tb4_description/urdf/standard) by extensions ['python_setup_py']
[0.340s] Level 1:colcon.colcon_core.package_identification:_identify(models/turtlebot4/nav2_minimal_tb4_description/urdf/standard) by extension 'python_setup_py'
[0.340s] Level 1:colcon.colcon_core.package_identification:_identify(src) by extensions ['ignore', 'ignore_ament_install']
[0.340s] Level 1:colcon.colcon_core.package_identification:_identify(src) by extension 'ignore'
[0.340s] Level 1:colcon.colcon_core.package_identification:_identify(src) by extension 'ignore_ament_install'
[0.340s] Level 1:colcon.colcon_core.package_identification:_identify(src) by extensions ['colcon_pkg']
[0.340s] Level 1:colcon.colcon_core.package_identification:_identify(src) by extension 'colcon_pkg'
[0.340s] Level 1:colcon.colcon_core.package_identification:_identify(src) by extensions ['colcon_meta']
[0.340s] Level 1:colcon.colcon_core.package_identification:_identify(src) by extension 'colcon_meta'
[0.340s] Level 1:colcon.colcon_core.package_identification:_identify(src) by extensions ['ros']
[0.340s] Level 1:colcon.colcon_core.package_identification:_identify(src) by extension 'ros'
[0.341s] Level 1:colcon.colcon_core.package_identification:_identify(src) by extensions ['cmake', 'python']
[0.341s] Level 1:colcon.colcon_core.package_identification:_identify(src) by extension 'cmake'
[0.341s] Level 1:colcon.colcon_core.package_identification:_identify(src) by extension 'python'
[0.341s] Level 1:colcon.colcon_core.package_identification:_identify(src) by extensions ['python_setup_py']
[0.341s] Level 1:colcon.colcon_core.package_identification:_identify(src) by extension 'python_setup_py'
[0.341s] Level 1:colcon.colcon_core.package_identification:_identify(src/ionic_demo) by extensions ['ignore', 'ignore_ament_install']
[0.341s] Level 1:colcon.colcon_core.package_identification:_identify(src/ionic_demo) by extension 'ignore'
[0.341s] Level 1:colcon.colcon_core.package_identification:_identify(src/ionic_demo) by extension 'ignore_ament_install'
[0.341s] Level 1:colcon.colcon_core.package_identification:_identify(src/ionic_demo) by extensions ['colcon_pkg']
[0.341s] Level 1:colcon.colcon_core.package_identification:_identify(src/ionic_demo) by extension 'colcon_pkg'
[0.341s] Level 1:colcon.colcon_core.package_identification:_identify(src/ionic_demo) by extensions ['colcon_meta']
[0.341s] Level 1:colcon.colcon_core.package_identification:_identify(src/ionic_demo) by extension 'colcon_meta'
[0.342s] Level 1:colcon.colcon_core.package_identification:_identify(src/ionic_demo) by extensions ['ros']
[0.342s] Level 1:colcon.colcon_core.package_identification:_identify(src/ionic_demo) by extension 'ros'
[0.342s] Level 1:colcon.colcon_core.package_identification:_identify(src/ionic_demo) by extensions ['cmake', 'python']
[0.342s] Level 1:colcon.colcon_core.package_identification:_identify(src/ionic_demo) by extension 'cmake'
[0.342s] Level 1:colcon.colcon_core.package_identification:_identify(src/ionic_demo) by extension 'python'
[0.342s] Level 1:colcon.colcon_core.package_identification:_identify(src/ionic_demo) by extensions ['python_setup_py']
[0.342s] Level 1:colcon.colcon_core.package_identification:_identify(src/ionic_demo) by extension 'python_setup_py'
[0.342s] Level 1:colcon.colcon_core.package_identification:_identify(src/ionic_demo/ionic_demo) by extensions ['ignore', 'ignore_ament_install']
[0.342s] Level 1:colcon.colcon_core.package_identification:_identify(src/ionic_demo/ionic_demo) by extension 'ignore'
[0.342s] Level 1:colcon.colcon_core.package_identification:_identify(src/ionic_demo/ionic_demo) by extension 'ignore_ament_install'
[0.342s] Level 1:colcon.colcon_core.package_identification:_identify(src/ionic_demo/ionic_demo) by extensions ['colcon_pkg']
[0.342s] Level 1:colcon.colcon_core.package_identification:_identify(src/ionic_demo/ionic_demo) by extension 'colcon_pkg'
[0.343s] Level 1:colcon.colcon_core.package_identification:_identify(src/ionic_demo/ionic_demo) by extensions ['colcon_meta']
[0.343s] Level 1:colcon.colcon_core.package_identification:_identify(src/ionic_demo/ionic_demo) by extension 'colcon_meta'
[0.343s] Level 1:colcon.colcon_core.package_identification:_identify(src/ionic_demo/ionic_demo) by extensions ['ros']
[0.343s] Level 1:colcon.colcon_core.package_identification:_identify(src/ionic_demo/ionic_demo) by extension 'ros'
[0.347s] DEBUG:colcon.colcon_core.package_identification:Package 'src/ionic_demo/ionic_demo' with type 'ros.ament_cmake' and name 'ionic_demo'
[0.347s] Level 1:colcon.colcon_core.package_identification:_identify(src/multirobot_spawn) by extensions ['ignore', 'ignore_ament_install']
[0.347s] Level 1:colcon.colcon_core.package_identification:_identify(src/multirobot_spawn) by extension 'ignore'
[0.347s] Level 1:colcon.colcon_core.package_identification:_identify(src/multirobot_spawn) by extension 'ignore_ament_install'
[0.348s] Level 1:colcon.colcon_core.package_identification:_identify(src/multirobot_spawn) by extensions ['colcon_pkg']
[0.348s] Level 1:colcon.colcon_core.package_identification:_identify(src/multirobot_spawn) by extension 'colcon_pkg'
[0.348s] Level 1:colcon.colcon_core.package_identification:_identify(src/multirobot_spawn) by extensions ['colcon_meta']
[0.348s] Level 1:colcon.colcon_core.package_identification:_identify(src/multirobot_spawn) by extension 'colcon_meta'
[0.348s] Level 1:colcon.colcon_core.package_identification:_identify(src/multirobot_spawn) by extensions ['ros']
[0.348s] Level 1:colcon.colcon_core.package_identification:_identify(src/multirobot_spawn) by extension 'ros'
[0.349s] DEBUG:colcon.colcon_core.package_identification:Package 'src/multirobot_spawn' with type 'ros.ament_python' and name 'multirobot_spawn'
[0.349s] Level 1:colcon.colcon_core.package_identification:_identify(src/multirobot_spawn_obs) by extensions ['ignore', 'ignore_ament_install']
[0.349s] Level 1:colcon.colcon_core.package_identification:_identify(src/multirobot_spawn_obs) by extension 'ignore'
[0.349s] Level 1:colcon.colcon_core.package_identification:_identify(src/multirobot_spawn_obs) by extension 'ignore_ament_install'
[0.349s] Level 1:colcon.colcon_core.package_identification:_identify(src/multirobot_spawn_obs) by extensions ['colcon_pkg']
[0.349s] Level 1:colcon.colcon_core.package_identification:_identify(src/multirobot_spawn_obs) by extension 'colcon_pkg'
[0.349s] Level 1:colcon.colcon_core.package_identification:_identify(src/multirobot_spawn_obs) by extensions ['colcon_meta']
[0.349s] Level 1:colcon.colcon_core.package_identification:_identify(src/multirobot_spawn_obs) by extension 'colcon_meta'
[0.349s] Level 1:colcon.colcon_core.package_identification:_identify(src/multirobot_spawn_obs) by extensions ['ros']
[0.349s] Level 1:colcon.colcon_core.package_identification:_identify(src/multirobot_spawn_obs) by extension 'ros'
[0.350s] DEBUG:colcon.colcon_core.package_identification:Package 'src/multirobot_spawn_obs' with type 'ros.ament_python' and name 'multirobot_spawn_obs'
[0.351s] Level 1:colcon.colcon_core.package_identification:_identify(src/robot_controller) by extensions ['ignore', 'ignore_ament_install']
[0.351s] Level 1:colcon.colcon_core.package_identification:_identify(src/robot_controller) by extension 'ignore'
[0.351s] Level 1:colcon.colcon_core.package_identification:_identify(src/robot_controller) by extension 'ignore_ament_install'
[0.351s] Level 1:colcon.colcon_core.package_identification:_identify(src/robot_controller) by extensions ['colcon_pkg']
[0.351s] Level 1:colcon.colcon_core.package_identification:_identify(src/robot_controller) by extension 'colcon_pkg'
[0.351s] Level 1:colcon.colcon_core.package_identification:_identify(src/robot_controller) by extensions ['colcon_meta']
[0.351s] Level 1:colcon.colcon_core.package_identification:_identify(src/robot_controller) by extension 'colcon_meta'
[0.352s] Level 1:colcon.colcon_core.package_identification:_identify(src/robot_controller) by extensions ['ros']
[0.352s] Level 1:colcon.colcon_core.package_identification:_identify(src/robot_controller) by extension 'ros'
[0.353s] DEBUG:colcon.colcon_core.package_identification:Package 'src/robot_controller' with type 'ros.ament_python' and name 'robot_controller'
[0.353s] Level 1:colcon.colcon_core.package_identification:_identify(src/ros2-vicon-receiver) by extensions ['ignore', 'ignore_ament_install']
[0.354s] Level 1:colcon.colcon_core.package_identification:_identify(src/ros2-vicon-receiver) by extension 'ignore'
[0.354s] Level 1:colcon.colcon_core.package_identification:_identify(src/ros2-vicon-receiver) by extension 'ignore_ament_install'
[0.354s] Level 1:colcon.colcon_core.package_identification:_identify(src/ros2-vicon-receiver) by extensions ['colcon_pkg']
[0.354s] Level 1:colcon.colcon_core.package_identification:_identify(src/ros2-vicon-receiver) by extension 'colcon_pkg'
[0.354s] Level 1:colcon.colcon_core.package_identification:_identify(src/ros2-vicon-receiver) by extensions ['colcon_meta']
[0.354s] Level 1:colcon.colcon_core.package_identification:_identify(src/ros2-vicon-receiver) by extension 'colcon_meta'
[0.354s] Level 1:colcon.colcon_core.package_identification:_identify(src/ros2-vicon-receiver) by extensions ['ros']
[0.354s] Level 1:colcon.colcon_core.package_identification:_identify(src/ros2-vicon-receiver) by extension 'ros'
[0.354s] Level 1:colcon.colcon_core.package_identification:_identify(src/ros2-vicon-receiver) by extensions ['cmake', 'python']
[0.354s] Level 1:colcon.colcon_core.package_identification:_identify(src/ros2-vicon-receiver) by extension 'cmake'
[0.354s] Level 1:colcon.colcon_core.package_identification:_identify(src/ros2-vicon-receiver) by extension 'python'
[0.354s] Level 1:colcon.colcon_core.package_identification:_identify(src/ros2-vicon-receiver) by extensions ['python_setup_py']
[0.354s] Level 1:colcon.colcon_core.package_identification:_identify(src/ros2-vicon-receiver) by extension 'python_setup_py'
[0.354s] Level 1:colcon.colcon_core.package_identification:_identify(src/ros2-vicon-receiver/DataStreamSDK_1.12.0) by extensions ['ignore', 'ignore_ament_install']
[0.354s] Level 1:colcon.colcon_core.package_identification:_identify(src/ros2-vicon-receiver/DataStreamSDK_1.12.0) by extension 'ignore'
[0.355s] Level 1:colcon.colcon_core.package_identification:_identify(src/ros2-vicon-receiver/DataStreamSDK_1.12.0) by extension 'ignore_ament_install'
[0.355s] Level 1:colcon.colcon_core.package_identification:_identify(src/ros2-vicon-receiver/DataStreamSDK_1.12.0) by extensions ['colcon_pkg']
[0.355s] Level 1:colcon.colcon_core.package_identification:_identify(src/ros2-vicon-receiver/DataStreamSDK_1.12.0) by extension 'colcon_pkg'
[0.355s] Level 1:colcon.colcon_core.package_identification:_identify(src/ros2-vicon-receiver/DataStreamSDK_1.12.0) by extensions ['colcon_meta']
[0.355s] Level 1:colcon.colcon_core.package_identification:_identify(src/ros2-vicon-receiver/DataStreamSDK_1.12.0) by extension 'colcon_meta'
[0.355s] Level 1:colcon.colcon_core.package_identification:_identify(src/ros2-vicon-receiver/DataStreamSDK_1.12.0) by extensions ['ros']
[0.355s] Level 1:colcon.colcon_core.package_identification:_identify(src/ros2-vicon-receiver/DataStreamSDK_1.12.0) by extension 'ros'
[0.355s] Level 1:colcon.colcon_core.package_identification:_identify(src/ros2-vicon-receiver/DataStreamSDK_1.12.0) by extensions ['cmake', 'python']
[0.355s] Level 1:colcon.colcon_core.package_identification:_identify(src/ros2-vicon-receiver/DataStreamSDK_1.12.0) by extension 'cmake'
[0.355s] Level 1:colcon.colcon_core.package_identification:_identify(src/ros2-vicon-receiver/DataStreamSDK_1.12.0) by extension 'python'
[0.355s] Level 1:colcon.colcon_core.package_identification:_identify(src/ros2-vicon-receiver/DataStreamSDK_1.12.0) by extensions ['python_setup_py']
[0.355s] Level 1:colcon.colcon_core.package_identification:_identify(src/ros2-vicon-receiver/DataStreamSDK_1.12.0) by extension 'python_setup_py'
[0.355s] Level 1:colcon.colcon_core.package_identification:_identify(src/ros2-vicon-receiver/vicon_receiver) by extensions ['ignore', 'ignore_ament_install']
[0.355s] Level 1:colcon.colcon_core.package_identification:_identify(src/ros2-vicon-receiver/vicon_receiver) by extension 'ignore'
[0.355s] Level 1:colcon.colcon_core.package_identification:_identify(src/ros2-vicon-receiver/vicon_receiver) by extension 'ignore_ament_install'
[0.356s] Level 1:colcon.colcon_core.package_identification:_identify(src/ros2-vicon-receiver/vicon_receiver) by extensions ['colcon_pkg']
[0.356s] Level 1:colcon.colcon_core.package_identification:_identify(src/ros2-vicon-receiver/vicon_receiver) by extension 'colcon_pkg'
[0.356s] Level 1:colcon.colcon_core.package_identification:_identify(src/ros2-vicon-receiver/vicon_receiver) by extensions ['colcon_meta']
[0.356s] Level 1:colcon.colcon_core.package_identification:_identify(src/ros2-vicon-receiver/vicon_receiver) by extension 'colcon_meta'
[0.356s] Level 1:colcon.colcon_core.package_identification:_identify(src/ros2-vicon-receiver/vicon_receiver) by extensions ['ros']
[0.356s] Level 1:colcon.colcon_core.package_identification:_identify(src/ros2-vicon-receiver/vicon_receiver) by extension 'ros'
[0.356s] DEBUG:colcon.colcon_core.package_identification:Package 'src/ros2-vicon-receiver/vicon_receiver' with type 'ros.ament_cmake' and name 'vicon_receiver'
[0.357s] Level 1:colcon.colcon_core.package_identification:_identify(src/shepherding_control) by extensions ['ignore', 'ignore_ament_install']
[0.357s] Level 1:colcon.colcon_core.package_identification:_identify(src/shepherding_control) by extension 'ignore'
[0.357s] Level 1:colcon.colcon_core.package_identification:_identify(src/shepherding_control) by extension 'ignore_ament_install'
[0.357s] Level 1:colcon.colcon_core.package_identification:_identify(src/shepherding_control) by extensions ['colcon_pkg']
[0.357s] Level 1:colcon.colcon_core.package_identification:_identify(src/shepherding_control) by extension 'colcon_pkg'
[0.357s] Level 1:colcon.colcon_core.package_identification:_identify(src/shepherding_control) by extensions ['colcon_meta']
[0.357s] Level 1:colcon.colcon_core.package_identification:_identify(src/shepherding_control) by extension 'colcon_meta'
[0.357s] Level 1:colcon.colcon_core.package_identification:_identify(src/shepherding_control) by extensions ['ros']
[0.357s] Level 1:colcon.colcon_core.package_identification:_identify(src/shepherding_control) by extension 'ros'
[0.358s] DEBUG:colcon.colcon_core.package_identification:Package 'src/shepherding_control' with type 'ros.ament_python' and name 'shepherding_control'
[0.358s] Level 1:colcon.colcon_core.package_identification:_identify(worlds) by extensions ['ignore', 'ignore_ament_install']
[0.358s] Level 1:colcon.colcon_core.package_identification:_identify(worlds) by extension 'ignore'
[0.358s] Level 1:colcon.colcon_core.package_identification:_identify(worlds) by extension 'ignore_ament_install'
[0.358s] Level 1:colcon.colcon_core.package_identification:_identify(worlds) by extensions ['colcon_pkg']
[0.358s] Level 1:colcon.colcon_core.package_identification:_identify(worlds) by extension 'colcon_pkg'
[0.358s] Level 1:colcon.colcon_core.package_identification:_identify(worlds) by extensions ['colcon_meta']
[0.359s] Level 1:colcon.colcon_core.package_identification:_identify(worlds) by extension 'colcon_meta'
[0.359s] Level 1:colcon.colcon_core.package_identification:_identify(worlds) by extensions ['ros']
[0.359s] Level 1:colcon.colcon_core.package_identification:_identify(worlds) by extension 'ros'
[0.359s] Level 1:colcon.colcon_core.package_identification:_identify(worlds) by extensions ['cmake', 'python']
[0.359s] Level 1:colcon.colcon_core.package_identification:_identify(worlds) by extension 'cmake'
[0.359s] Level 1:colcon.colcon_core.package_identification:_identify(worlds) by extension 'python'
[0.360s] Level 1:colcon.colcon_core.package_identification:_identify(worlds) by extensions ['python_setup_py']
[0.360s] Level 1:colcon.colcon_core.package_identification:_identify(worlds) by extension 'python_setup_py'
[0.360s] Level 1:colcon.colcon_core.package_discovery:discover_packages(recursive) using defaults
[0.360s] Level 1:colcon.colcon_core.package_discovery:discover_packages(ignore) discover
[0.360s] Level 1:colcon.colcon_core.package_discovery:discover_packages(ignore) using defaults
[0.360s] Level 1:colcon.colcon_core.package_discovery:discover_packages(path) discover
[0.360s] Level 1:colcon.colcon_core.package_discovery:discover_packages(path) using defaults
[0.393s] Level 1:colcon.colcon_core.package_discovery:discover_packages(prefix_path) check parameters
[0.393s] Level 1:colcon.colcon_core.package_discovery:discover_packages(prefix_path) discover
[0.398s] DEBUG:colcon.colcon_installed_package_information.package_discovery:Found 315 installed packages in /opt/ros/jazzy
[0.401s] Level 1:colcon.colcon_core.package_discovery:discover_packages(prefix_path) using defaults
[0.474s] Level 5:colcon.colcon_core.verb:set package 'ionic_demo' build argument 'cmake_args' from command line to 'None'
[0.475s] Level 5:colcon.colcon_core.verb:set package 'ionic_demo' build argument 'cmake_target' from command line to 'None'
[0.475s] Level 5:colcon.colcon_core.verb:set package 'ionic_demo' build argument 'cmake_target_skip_unavailable' from command line to 'False'
[0.475s] Level 5:colcon.colcon_core.verb:set package 'ionic_demo' build argument 'cmake_clean_cache' from command line to 'False'
[0.475s] Level 5:colcon.colcon_core.verb:set package 'ionic_demo' build argument 'cmake_clean_first' from command line to 'False'
[0.475s] Level 5:colcon.colcon_core.verb:set package 'ionic_demo' build argument 'cmake_force_configure' from command line to 'False'
[0.475s] Level 5:colcon.colcon_core.verb:set package 'ionic_demo' build argument 'ament_cmake_args' from command line to 'None'
[0.475s] Level 5:colcon.colcon_core.verb:set package 'ionic_demo' build argument 'catkin_cmake_args' from command line to 'None'
[0.475s] Level 5:colcon.colcon_core.verb:set package 'ionic_demo' build argument 'catkin_skip_building_tests' from command line to 'False'
[0.475s] DEBUG:colcon.colcon_core.verb:Building package 'ionic_demo' with the following arguments: {'ament_cmake_args': None, 'build_base': '/home/stefano/dev/Costanza/ros2_ws/build/ionic_demo', 'catkin_cmake_args': None, 'catkin_skip_building_tests': False, 'cmake_args': None, 'cmake_clean_cache': False, 'cmake_clean_first': False, 'cmake_force_configure': False, 'cmake_target': None, 'cmake_target_skip_unavailable': False, 'install_base': '/home/stefano/dev/Costanza/ros2_ws/install/ionic_demo', 'merge_install': False, 'path': '/home/stefano/dev/Costanza/ros2_ws/src/ionic_demo/ionic_demo', 'symlink_install': False, 'test_result_base': None}
[0.475s] Level 5:colcon.colcon_core.verb:set package 'multirobot_spawn' build argument 'cmake_args' from command line to 'None'
[0.475s] Level 5:colcon.colcon_core.verb:set package 'multirobot_spawn' build argument 'cmake_target' from command line to 'None'
[0.476s] Level 5:colcon.colcon_core.verb:set package 'multirobot_spawn' build argument 'cmake_target_skip_unavailable' from command line to 'False'
[0.476s] Level 5:colcon.colcon_core.verb:set package 'multirobot_spawn' build argument 'cmake_clean_cache' from command line to 'False'
[0.476s] Level 5:colcon.colcon_core.verb:set package 'multirobot_spawn' build argument 'cmake_clean_first' from command line to 'False'
[0.476s] Level 5:colcon.colcon_core.verb:set package 'multirobot_spawn' build argument 'cmake_force_configure' from command line to 'False'
[0.476s] Level 5:colcon.colcon_core.verb:set package 'multirobot_spawn' build argument 'ament_cmake_args' from command line to 'None'
[0.476s] Level 5:colcon.colcon_core.verb:set package 'multirobot_spawn' build argument 'catkin_cmake_args' from command line to 'None'
[0.476s] Level 5:colcon.colcon_core.verb:set package 'multirobot_spawn' build argument 'catkin_skip_building_tests' from command line to 'False'
[0.476s] DEBUG:colcon.colcon_core.verb:Building package 'multirobot_spawn' with the following arguments: {'ament_cmake_args': None, 'build_base': '/home/stefano/dev/Costanza/ros2_ws/build/multirobot_spawn', 'catkin_cmake_args': None, 'catkin_skip_building_tests': False, 'cmake_args': None, 'cmake_clean_cache': False, 'cmake_clean_first': False, 'cmake_force_configure': False, 'cmake_target': None, 'cmake_target_skip_unavailable': False, 'install_base': '/home/stefano/dev/Costanza/ros2_ws/install/multirobot_spawn', 'merge_install': False, 'path': '/home/stefano/dev/Costanza/ros2_ws/src/multirobot_spawn', 'symlink_install': False, 'test_result_base': None}
[0.476s] Level 5:colcon.colcon_core.verb:set package 'multirobot_spawn_obs' build argument 'cmake_args' from command line to 'None'
[0.476s] Level 5:colcon.colcon_core.verb:set package 'multirobot_spawn_obs' build argument 'cmake_target' from command line to 'None'
[0.476s] Level 5:colcon.colcon_core.verb:set package 'multirobot_spawn_obs' build argument 'cmake_target_skip_unavailable' from command line to 'False'
[0.476s] Level 5:colcon.colcon_core.verb:set package 'multirobot_spawn_obs' build argument 'cmake_clean_cache' from command line to 'False'
[0.476s] Level 5:colcon.colcon_core.verb:set package 'multirobot_spawn_obs' build argument 'cmake_clean_first' from command line to 'False'
[0.476s] Level 5:colcon.colcon_core.verb:set package 'multirobot_spawn_obs' build argument 'cmake_force_configure' from command line to 'False'
[0.476s] Level 5:colcon.colcon_core.verb:set package 'multirobot_spawn_obs' build argument 'ament_cmake_args' from command line to 'None'
[0.476s] Level 5:colcon.colcon_core.verb:set package 'multirobot_spawn_obs' build argument 'catkin_cmake_args' from command line to 'None'
[0.476s] Level 5:colcon.colcon_core.verb:set package 'multirobot_spawn_obs' build argument 'catkin_skip_building_tests' from command line to 'False'
[0.476s] DEBUG:colcon.colcon_core.verb:Building package 'multirobot_spawn_obs' with the following arguments: {'ament_cmake_args': None, 'build_base': '/home/stefano/dev/Costanza/ros2_ws/build/multirobot_spawn_obs', 'catkin_cmake_args': None, 'catkin_skip_building_tests': False, 'cmake_args': None, 'cmake_clean_cache': False, 'cmake_clean_first': False, 'cmake_force_configure': False, 'cmake_target': None, 'cmake_target_skip_unavailable': False, 'install_base': '/home/stefano/dev/Costanza/ros2_ws/install/multirobot_spawn_obs', 'merge_install': False, 'path': '/home/stefano/dev/Costanza/ros2_ws/src/multirobot_spawn_obs', 'symlink_install': False, 'test_result_base': None}
[0.477s] Level 5:colcon.colcon_core.verb:set package 'robot_controller' build argument 'cmake_args' from command line to 'None'
[0.477s] Level 5:colcon.colcon_core.verb:set package 'robot_controller' build argument 'cmake_target' from command line to 'None'
[0.477s] Level 5:colcon.colcon_core.verb:set package 'robot_controller' build argument 'cmake_target_skip_unavailable' from command line to 'False'
[0.477s] Level 5:colcon.colcon_core.verb:set package 'robot_controller' build argument 'cmake_clean_cache' from command line to 'False'
[0.477s] Level 5:colcon.colcon_core.verb:set package 'robot_controller' build argument 'cmake_clean_first' from command line to 'False'
[0.477s] Level 5:colcon.colcon_core.verb:set package 'robot_controller' build argument 'cmake_force_configure' from command line to 'False'
[0.477s] Level 5:colcon.colcon_core.verb:set package 'robot_controller' build argument 'ament_cmake_args' from command line to 'None'
[0.477s] Level 5:colcon.colcon_core.verb:set package 'robot_controller' build argument 'catkin_cmake_args' from command line to 'None'
[0.477s] Level 5:colcon.colcon_core.verb:set package 'robot_controller' build argument 'catkin_skip_building_tests' from command line to 'False'
[0.477s] DEBUG:colcon.colcon_core.verb:Building package 'robot_controller' with the following arguments: {'ament_cmake_args': None, 'build_base': '/home/stefano/dev/Costanza/ros2_ws/build/robot_controller', 'catkin_cmake_args': None, 'catkin_skip_building_tests': False, 'cmake_args': None, 'cmake_clean_cache': False, 'cmake_clean_first': False, 'cmake_force_configure': False, 'cmake_target': None, 'cmake_target_skip_unavailable': False, 'install_base': '/home/stefano/dev/Costanza/ros2_ws/install/robot_controller', 'merge_install': False, 'path': '/home/stefano/dev/Costanza/ros2_ws/src/robot_controller', 'symlink_install': False, 'test_result_base': None}
[0.477s] Level 5:colcon.colcon_core.verb:set package 'shepherding_control' build argument 'cmake_args' from command line to 'None'
[0.477s] Level 5:colcon.colcon_core.verb:set package 'shepherding_control' build argument 'cmake_target' from command line to 'None'
[0.477s] Level 5:colcon.colcon_core.verb:set package 'shepherding_control' build argument 'cmake_target_skip_unavailable' from command line to 'False'
[0.477s] Level 5:colcon.colcon_core.verb:set package 'shepherding_control' build argument 'cmake_clean_cache' from command line to 'False'
[0.477s] Level 5:colcon.colcon_core.verb:set package 'shepherding_control' build argument 'cmake_clean_first' from command line to 'False'
[0.477s] Level 5:colcon.colcon_core.verb:set package 'shepherding_control' build argument 'cmake_force_configure' from command line to 'False'
[0.477s] Level 5:colcon.colcon_core.verb:set package 'shepherding_control' build argument 'ament_cmake_args' from command line to 'None'
[0.477s] Level 5:colcon.colcon_core.verb:set package 'shepherding_control' build argument 'catkin_cmake_args' from command line to 'None'
[0.477s] Level 5:colcon.colcon_core.verb:set package 'shepherding_control' build argument 'catkin_skip_building_tests' from command line to 'False'
[0.477s] DEBUG:colcon.colcon_core.verb:Building package 'shepherding_control' with the following arguments: {'ament_cmake_args': None, 'build_base': '/home/stefano/dev/Costanza/ros2_ws/build/shepherding_control', 'catkin_cmake_args': None, 'catkin_skip_building_tests': False, 'cmake_args': None, 'cmake_clean_cache': False, 'cmake_clean_first': False, 'cmake_force_configure': False, 'cmake_target': None, 'cmake_target_skip_unavailable': False, 'install_base': '/home/stefano/dev/Costanza/ros2_ws/install/shepherding_control', 'merge_install': False, 'path': '/home/stefano/dev/Costanza/ros2_ws/src/shepherding_control', 'symlink_install': False, 'test_result_base': None}
[0.478s] Level 5:colcon.colcon_core.verb:set package 'vicon_receiver' build argument 'cmake_args' from command line to 'None'
[0.478s] Level 5:colcon.colcon_core.verb:set package 'vicon_receiver' build argument 'cmake_target' from command line to 'None'
[0.478s] Level 5:colcon.colcon_core.verb:set package 'vicon_receiver' build argument 'cmake_target_skip_unavailable' from command line to 'False'
[0.478s] Level 5:colcon.colcon_core.verb:set package 'vicon_receiver' build argument 'cmake_clean_cache' from command line to 'False'
[0.478s] Level 5:colcon.colcon_core.verb:set package 'vicon_receiver' build argument 'cmake_clean_first' from command line to 'False'
[0.478s] Level 5:colcon.colcon_core.verb:set package 'vicon_receiver' build argument 'cmake_force_configure' from command line to 'False'
[0.478s] Level 5:colcon.colcon_core.verb:set package 'vicon_receiver' build argument 'ament_cmake_args' from command line to 'None'
[0.478s] Level 5:colcon.colcon_core.verb:set package 'vicon_receiver' build argument 'catkin_cmake_args' from command line to 'None'
[0.478s] Level 5:colcon.colcon_core.verb:set package 'vicon_receiver' build argument 'catkin_skip_building_tests' from command line to 'False'
[0.478s] DEBUG:colcon.colcon_core.verb:Building package 'vicon_receiver' with the following arguments: {'ament_cmake_args': None, 'build_base': '/home/stefano/dev/Costanza/ros2_ws/build/vicon_receiver', 'catkin_cmake_args': None, 'catkin_skip_building_tests': False, 'cmake_args': None, 'cmake_clean_cache': False, 'cmake_clean_first': False, 'cmake_force_configure': False, 'cmake_target': None, 'cmake_target_skip_unavailable': False, 'install_base': '/home/stefano/dev/Costanza/ros2_ws/install/vicon_receiver', 'merge_install': False, 'path': '/home/stefano/dev/Costanza/ros2_ws/src/ros2-vicon-receiver/vicon_receiver', 'symlink_install': False, 'test_result_base': None}
[0.478s] INFO:colcon.colcon_core.executor:Executing jobs using 'parallel' executor
[0.481s] DEBUG:colcon.colcon_parallel_executor.executor.parallel:run_until_complete
[0.481s] INFO:colcon.colcon_ros.task.ament_cmake.build:Building ROS package in '/home/stefano/dev/Costanza/ros2_ws/src/ionic_demo/ionic_demo' with build type 'ament_cmake'
[0.482s] INFO:colcon.colcon_cmake.task.cmake.build:Building CMake package in '/home/stefano/dev/Costanza/ros2_ws/src/ionic_demo/ionic_demo'
[0.485s] INFO:colcon.colcon_core.plugin_system:Skipping extension 'colcon_core.shell.bat': Not used on non-Windows systems
[0.485s] INFO:colcon.colcon_core.shell:Skip shell extension 'powershell' for command environment: Not usable outside of PowerShell
[0.485s] DEBUG:colcon.colcon_core.shell:Skip shell extension 'dsv' for command environment
[0.491s] INFO:colcon.colcon_ros.task.ament_python.build:Building ROS package in '/home/stefano/dev/Costanza/ros2_ws/src/multirobot_spawn' with build type 'ament_python'
[0.492s] Level 1:colcon.colcon_core.shell:create_environment_hook('multirobot_spawn', 'ament_prefix_path')
[0.492s] INFO:colcon.colcon_core.shell:Creating environment hook '/home/stefano/dev/Costanza/ros2_ws/install/multirobot_spawn/share/multirobot_spawn/hook/ament_prefix_path.ps1'
[0.494s] INFO:colcon.colcon_core.shell:Creating environment descriptor '/home/stefano/dev/Costanza/ros2_ws/install/multirobot_spawn/share/multirobot_spawn/hook/ament_prefix_path.dsv'
[0.495s] INFO:colcon.colcon_core.shell:Creating environment hook '/home/stefano/dev/Costanza/ros2_ws/install/multirobot_spawn/share/multirobot_spawn/hook/ament_prefix_path.sh'
[0.497s] INFO:colcon.colcon_core.shell:Skip shell extension 'powershell' for command environment: Not usable outside of PowerShell
[0.497s] DEBUG:colcon.colcon_core.shell:Skip shell extension 'dsv' for command environment
[0.504s] INFO:colcon.colcon_ros.task.ament_python.build:Building ROS package in '/home/stefano/dev/Costanza/ros2_ws/src/multirobot_spawn_obs' with build type 'ament_python'
[0.504s] Level 1:colcon.colcon_core.shell:create_environment_hook('multirobot_spawn_obs', 'ament_prefix_path')
[0.504s] INFO:colcon.colcon_core.shell:Creating environment hook '/home/stefano/dev/Costanza/ros2_ws/install/multirobot_spawn_obs/share/multirobot_spawn_obs/hook/ament_prefix_path.ps1'
[0.505s] INFO:colcon.colcon_core.shell:Creating environment descriptor '/home/stefano/dev/Costanza/ros2_ws/install/multirobot_spawn_obs/share/multirobot_spawn_obs/hook/ament_prefix_path.dsv'
[0.506s] INFO:colcon.colcon_core.shell:Creating environment hook '/home/stefano/dev/Costanza/ros2_ws/install/multirobot_spawn_obs/share/multirobot_spawn_obs/hook/ament_prefix_path.sh'
[0.508s] INFO:colcon.colcon_core.shell:Skip shell extension 'powershell' for command environment: Not usable outside of PowerShell
[0.508s] DEBUG:colcon.colcon_core.shell:Skip shell extension 'dsv' for command environment
[0.516s] INFO:colcon.colcon_ros.task.ament_python.build:Building ROS package in '/home/stefano/dev/Costanza/ros2_ws/src/robot_controller' with build type 'ament_python'
[0.516s] Level 1:colcon.colcon_core.shell:create_environment_hook('robot_controller', 'ament_prefix_path')
[0.516s] INFO:colcon.colcon_core.shell:Creating environment hook '/home/stefano/dev/Costanza/ros2_ws/install/robot_controller/share/robot_controller/hook/ament_prefix_path.ps1'
[0.518s] INFO:colcon.colcon_core.shell:Creating environment descriptor '/home/stefano/dev/Costanza/ros2_ws/install/robot_controller/share/robot_controller/hook/ament_prefix_path.dsv'
[0.519s] INFO:colcon.colcon_core.shell:Creating environment hook '/home/stefano/dev/Costanza/ros2_ws/install/robot_controller/share/robot_controller/hook/ament_prefix_path.sh'
[0.520s] INFO:colcon.colcon_core.shell:Skip shell extension 'powershell' for command environment: Not usable outside of PowerShell
[0.520s] DEBUG:colcon.colcon_core.shell:Skip shell extension 'dsv' for command environment
[0.525s] INFO:colcon.colcon_ros.task.ament_python.build:Building ROS package in '/home/stefano/dev/Costanza/ros2_ws/src/shepherding_control' with build type 'ament_python'
[0.525s] Level 1:colcon.colcon_core.shell:create_environment_hook('shepherding_control', 'ament_prefix_path')
[0.525s] INFO:colcon.colcon_core.shell:Creating environment hook '/home/stefano/dev/Costanza/ros2_ws/install/shepherding_control/share/shepherding_control/hook/ament_prefix_path.ps1'
[0.526s] INFO:colcon.colcon_core.shell:Creating environment descriptor '/home/stefano/dev/Costanza/ros2_ws/install/shepherding_control/share/shepherding_control/hook/ament_prefix_path.dsv'
[0.526s] INFO:colcon.colcon_core.shell:Creating environment hook '/home/stefano/dev/Costanza/ros2_ws/install/shepherding_control/share/shepherding_control/hook/ament_prefix_path.sh'
[0.527s] INFO:colcon.colcon_core.shell:Skip shell extension 'powershell' for command environment: Not usable outside of PowerShell
[0.527s] DEBUG:colcon.colcon_core.shell:Skip shell extension 'dsv' for command environment
[0.533s] INFO:colcon.colcon_ros.task.ament_cmake.build:Building ROS package in '/home/stefano/dev/Costanza/ros2_ws/src/ros2-vicon-receiver/vicon_receiver' with build type 'ament_cmake'
[0.534s] INFO:colcon.colcon_cmake.task.cmake.build:Building CMake package in '/home/stefano/dev/Costanza/ros2_ws/src/ros2-vicon-receiver/vicon_receiver'
[0.534s] INFO:colcon.colcon_core.shell:Skip shell extension 'powershell' for command environment: Not usable outside of PowerShell
[0.534s] DEBUG:colcon.colcon_core.shell:Skip shell extension 'dsv' for command environment
[0.550s] DEBUG:colcon.colcon_core.event_handler.log_command:Invoking command in '/home/stefano/dev/Costanza/ros2_ws/build/ionic_demo': CMAKE_PREFIX_PATH=${CMAKE_PREFIX_PATH}:/opt/ros/jazzy DEBUGINFOD_URLS=https://debuginfod.ubuntu.com /usr/bin/cmake --build /home/stefano/dev/Costanza/ros2_ws/build/ionic_demo -- -j8 -l8
[0.978s] INFO:colcon.colcon_core.task.python.build:Building Python package in '/home/stefano/dev/Costanza/ros2_ws/src/multirobot_spawn'
[0.979s] INFO:colcon.colcon_core.shell:Skip shell extension 'powershell' for command environment: Not usable outside of PowerShell
[0.979s] DEBUG:colcon.colcon_core.shell:Skip shell extension 'dsv' for command environment
[1.398s] INFO:colcon.colcon_core.task.python.build:Building Python package in '/home/stefano/dev/Costanza/ros2_ws/src/multirobot_spawn_obs'
[1.399s] INFO:colcon.colcon_core.shell:Skip shell extension 'powershell' for command environment: Not usable outside of PowerShell
[1.399s] DEBUG:colcon.colcon_core.shell:Skip shell extension 'dsv' for command environment
[1.845s] INFO:colcon.colcon_core.task.python.build:Building Python package in '/home/stefano/dev/Costanza/ros2_ws/src/robot_controller'
[1.845s] INFO:colcon.colcon_core.shell:Skip shell extension 'powershell' for command environment: Not usable outside of PowerShell
[1.845s] DEBUG:colcon.colcon_core.shell:Skip shell extension 'dsv' for command environment
[2.269s] INFO:colcon.colcon_core.task.python.build:Building Python package in '/home/stefano/dev/Costanza/ros2_ws/src/shepherding_control'
[2.269s] INFO:colcon.colcon_core.shell:Skip shell extension 'powershell' for command environment: Not usable outside of PowerShell
[2.269s] DEBUG:colcon.colcon_core.shell:Skip shell extension 'dsv' for command environment
[2.279s] DEBUG:colcon.colcon_core.event_handler.log_command:Invoked command in '/home/stefano/dev/Costanza/ros2_ws/build/ionic_demo' returned '0': CMAKE_PREFIX_PATH=${CMAKE_PREFIX_PATH}:/opt/ros/jazzy DEBUGINFOD_URLS=https://debuginfod.ubuntu.com /usr/bin/cmake --build /home/stefano/dev/Costanza/ros2_ws/build/ionic_demo -- -j8 -l8
[2.299s] DEBUG:colcon.colcon_core.event_handler.log_command:Invoking command in '/home/stefano/dev/Costanza/ros2_ws/build/ionic_demo': CMAKE_PREFIX_PATH=${CMAKE_PREFIX_PATH}:/opt/ros/jazzy DEBUGINFOD_URLS=https://debuginfod.ubuntu.com /usr/bin/cmake --install /home/stefano/dev/Costanza/ros2_ws/build/ionic_demo
[2.304s] DEBUG:colcon.colcon_core.event_handler.log_command:Invoking command in '/home/stefano/dev/Costanza/ros2_ws/build/vicon_receiver': CMAKE_PREFIX_PATH=${CMAKE_PREFIX_PATH}:/opt/ros/jazzy DEBUGINFOD_URLS=https://debuginfod.ubuntu.com /usr/bin/cmake --build /home/stefano/dev/Costanza/ros2_ws/build/vicon_receiver -- -j8 -l8
[2.349s] Level 1:colcon.colcon_core.environment:create_environment_scripts_only(ionic_demo)
[2.350s] DEBUG:colcon.colcon_core.event_handler.log_command:Invoked command in '/home/stefano/dev/Costanza/ros2_ws/build/ionic_demo' returned '0': CMAKE_PREFIX_PATH=${CMAKE_PREFIX_PATH}:/opt/ros/jazzy DEBUGINFOD_URLS=https://debuginfod.ubuntu.com /usr/bin/cmake --install /home/stefano/dev/Costanza/ros2_ws/build/ionic_demo
[2.354s] Level 1:colcon.colcon_core.environment:checking '/home/stefano/dev/Costanza/ros2_ws/install/ionic_demo' for CMake module files
[2.356s] Level 1:colcon.colcon_core.environment:checking '/home/stefano/dev/Costanza/ros2_ws/install/ionic_demo' for CMake config files
[2.357s] Level 1:colcon.colcon_core.shell:create_environment_hook('ionic_demo', 'cmake_prefix_path')
[2.357s] INFO:colcon.colcon_core.shell:Creating environment hook '/home/stefano/dev/Costanza/ros2_ws/install/ionic_demo/share/ionic_demo/hook/cmake_prefix_path.ps1'
[2.358s] INFO:colcon.colcon_core.shell:Creating environment descriptor '/home/stefano/dev/Costanza/ros2_ws/install/ionic_demo/share/ionic_demo/hook/cmake_prefix_path.dsv'
[2.359s] INFO:colcon.colcon_core.shell:Creating environment hook '/home/stefano/dev/Costanza/ros2_ws/install/ionic_demo/share/ionic_demo/hook/cmake_prefix_path.sh'
[2.360s] Level 1:colcon.colcon_core.environment:checking '/home/stefano/dev/Costanza/ros2_ws/install/ionic_demo/bin'
[2.360s] Level 1:colcon.colcon_core.environment:checking '/home/stefano/dev/Costanza/ros2_ws/install/ionic_demo/lib/pkgconfig/ionic_demo.pc'
[2.360s] Level 1:colcon.colcon_core.environment:checking '/home/stefano/dev/Costanza/ros2_ws/install/ionic_demo/lib/python3.12/site-packages'
[2.361s] Level 1:colcon.colcon_core.environment:checking '/home/stefano/dev/Costanza/ros2_ws/install/ionic_demo/bin'
[2.361s] INFO:colcon.colcon_core.shell:Creating package script '/home/stefano/dev/Costanza/ros2_ws/install/ionic_demo/share/ionic_demo/package.ps1'
[2.362s] INFO:colcon.colcon_core.shell:Creating package descriptor '/home/stefano/dev/Costanza/ros2_ws/install/ionic_demo/share/ionic_demo/package.dsv'
[2.363s] INFO:colcon.colcon_core.shell:Creating package script '/home/stefano/dev/Costanza/ros2_ws/install/ionic_demo/share/ionic_demo/package.sh'
[2.364s] INFO:colcon.colcon_core.shell:Creating package script '/home/stefano/dev/Costanza/ros2_ws/install/ionic_demo/share/ionic_demo/package.bash'
[2.365s] INFO:colcon.colcon_core.shell:Creating package script '/home/stefano/dev/Costanza/ros2_ws/install/ionic_demo/share/ionic_demo/package.zsh'
[2.366s] Level 1:colcon.colcon_core.environment:create_file_with_runtime_dependencies(/home/stefano/dev/Costanza/ros2_ws/install/ionic_demo/share/colcon-core/packages/ionic_demo)
[2.366s] Level 1:colcon.colcon_core.environment:create_environment_scripts_only(ionic_demo)
[2.367s] Level 1:colcon.colcon_core.environment:checking '/home/stefano/dev/Costanza/ros2_ws/install/ionic_demo' for CMake module files
[2.368s] Level 1:colcon.colcon_core.environment:checking '/home/stefano/dev/Costanza/ros2_ws/install/ionic_demo' for CMake config files
[2.368s] Level 1:colcon.colcon_core.shell:create_environment_hook('ionic_demo', 'cmake_prefix_path')
[2.368s] INFO:colcon.colcon_core.shell:Creating environment hook '/home/stefano/dev/Costanza/ros2_ws/install/ionic_demo/share/ionic_demo/hook/cmake_prefix_path.ps1'
[2.369s] INFO:colcon.colcon_core.shell:Creating environment descriptor '/home/stefano/dev/Costanza/ros2_ws/install/ionic_demo/share/ionic_demo/hook/cmake_prefix_path.dsv'
[2.369s] INFO:colcon.colcon_core.shell:Creating environment hook '/home/stefano/dev/Costanza/ros2_ws/install/ionic_demo/share/ionic_demo/hook/cmake_prefix_path.sh'
[2.371s] Level 1:colcon.colcon_core.environment:checking '/home/stefano/dev/Costanza/ros2_ws/install/ionic_demo/bin'
[2.372s] Level 1:colcon.colcon_core.environment:checking '/home/stefano/dev/Costanza/ros2_ws/install/ionic_demo/lib/pkgconfig/ionic_demo.pc'
[2.372s] Level 1:colcon.colcon_core.environment:checking '/home/stefano/dev/Costanza/ros2_ws/install/ionic_demo/lib/python3.12/site-packages'
[2.373s] Level 1:colcon.colcon_core.environment:checking '/home/stefano/dev/Costanza/ros2_ws/install/ionic_demo/bin'
[2.373s] INFO:colcon.colcon_core.shell:Creating package script '/home/stefano/dev/Costanza/ros2_ws/install/ionic_demo/share/ionic_demo/package.ps1'
[2.375s] INFO:colcon.colcon_core.shell:Creating package descriptor '/home/stefano/dev/Costanza/ros2_ws/install/ionic_demo/share/ionic_demo/package.dsv'
[2.376s] INFO:colcon.colcon_core.shell:Creating package script '/home/stefano/dev/Costanza/ros2_ws/install/ionic_demo/share/ionic_demo/package.sh'
[2.377s] INFO:colcon.colcon_core.shell:Creating package script '/home/stefano/dev/Costanza/ros2_ws/install/ionic_demo/share/ionic_demo/package.bash'
[2.378s] INFO:colcon.colcon_core.shell:Creating package script '/home/stefano/dev/Costanza/ros2_ws/install/ionic_demo/share/ionic_demo/package.zsh'
[2.379s] Level 1:colcon.colcon_core.environment:create_file_with_runtime_dependencies(/home/stefano/dev/Costanza/ros2_ws/install/ionic_demo/share/colcon-core/packages/ionic_demo)
[3.584s] DEBUG:colcon.colcon_core.event_handler.log_command:Invoking command in '/home/stefano/dev/Costanza/ros2_ws/src/multirobot_spawn': DEBUGINFOD_URLS=https://debuginfod.ubuntu.com PYTHONPATH=/home/stefano/dev/Costanza/ros2_ws/build/multirobot_spawn/prefix_override:/usr/lib/python3/dist-packages/colcon_core/task/python/colcon_distutils_commands:/home/stefano/dev/Costanza/ros2_ws/install/multirobot_spawn/lib/python3.12/site-packages:${PYTHONPATH} /usr/bin/python3 -W ignore:setup.py install is deprecated -W ignore:easy_install command is deprecated setup.py egg_info --egg-base ../../build/multirobot_spawn build --build-base /home/stefano/dev/Costanza/ros2_ws/build/multirobot_spawn/build install --record /home/stefano/dev/Costanza/ros2_ws/build/multirobot_spawn/install.log --single-version-externally-managed install_data
[3.658s] DEBUG:colcon.colcon_core.event_handler.log_command:Invoking command in '/home/stefano/dev/Costanza/ros2_ws/src/multirobot_spawn_obs': DEBUGINFOD_URLS=https://debuginfod.ubuntu.com PYTHONPATH=/home/stefano/dev/Costanza/ros2_ws/build/multirobot_spawn_obs/prefix_override:/usr/lib/python3/dist-packages/colcon_core/task/python/colcon_distutils_commands:/home/stefano/dev/Costanza/ros2_ws/install/multirobot_spawn_obs/lib/python3.12/site-packages:${PYTHONPATH} /usr/bin/python3 -W ignore:setup.py install is deprecated -W ignore:easy_install command is deprecated setup.py egg_info --egg-base ../../build/multirobot_spawn_obs build --build-base /home/stefano/dev/Costanza/ros2_ws/build/multirobot_spawn_obs/build install --record /home/stefano/dev/Costanza/ros2_ws/build/multirobot_spawn_obs/install.log --single-version-externally-managed install_data
[3.674s] DEBUG:colcon.colcon_core.event_handler.log_command:Invoking command in '/home/stefano/dev/Costanza/ros2_ws/src/robot_controller': DEBUGINFOD_URLS=https://debuginfod.ubuntu.com PYTHONPATH=/home/stefano/dev/Costanza/ros2_ws/build/robot_controller/prefix_override:/usr/lib/python3/dist-packages/colcon_core/task/python/colcon_distutils_commands:/home/stefano/dev/Costanza/ros2_ws/install/robot_controller/lib/python3.12/site-packages:${PYTHONPATH} /usr/bin/python3 -W ignore:setup.py install is deprecated -W ignore:easy_install command is deprecated setup.py egg_info --egg-base ../../build/robot_controller build --build-base /home/stefano/dev/Costanza/ros2_ws/build/robot_controller/build install --record /home/stefano/dev/Costanza/ros2_ws/build/robot_controller/install.log --single-version-externally-managed install_data
[3.694s] DEBUG:colcon.colcon_core.event_handler.log_command:Invoking command in '/home/stefano/dev/Costanza/ros2_ws/src/shepherding_control': DEBUGINFOD_URLS=https://debuginfod.ubuntu.com PYTHONPATH=/home/stefano/dev/Costanza/ros2_ws/build/shepherding_control/prefix_override:/usr/lib/python3/dist-packages/colcon_core/task/python/colcon_distutils_commands:/home/stefano/dev/Costanza/ros2_ws/install/shepherding_control/lib/python3.12/site-packages:${PYTHONPATH} /usr/bin/python3 -W ignore:setup.py install is deprecated -W ignore:easy_install command is deprecated setup.py egg_info --egg-base ../../build/shepherding_control build --build-base /home/stefano/dev/Costanza/ros2_ws/build/shepherding_control/build install --record /home/stefano/dev/Costanza/ros2_ws/build/shepherding_control/install.log --single-version-externally-managed install_data
[4.058s] DEBUG:colcon.colcon_core.event_handler.log_command:Invoked command in '/home/stefano/dev/Costanza/ros2_ws/build/vicon_receiver' returned '0': CMAKE_PREFIX_PATH=${CMAKE_PREFIX_PATH}:/opt/ros/jazzy DEBUGINFOD_URLS=https://debuginfod.ubuntu.com /usr/bin/cmake --build /home/stefano/dev/Costanza/ros2_ws/build/vicon_receiver -- -j8 -l8
[4.064s] DEBUG:colcon.colcon_core.event_handler.log_command:Invoking command in '/home/stefano/dev/Costanza/ros2_ws/build/vicon_receiver': CMAKE_PREFIX_PATH=${CMAKE_PREFIX_PATH}:/opt/ros/jazzy DEBUGINFOD_URLS=https://debuginfod.ubuntu.com /usr/bin/cmake --install /home/stefano/dev/Costanza/ros2_ws/build/vicon_receiver
[4.248s] Level 1:colcon.colcon_core.environment:create_environment_scripts_only(vicon_receiver)
[4.249s] Level 1:colcon.colcon_core.environment:checking '/home/stefano/dev/Costanza/ros2_ws/install/vicon_receiver' for CMake module files
[4.251s] Level 1:colcon.colcon_core.environment:checking '/home/stefano/dev/Costanza/ros2_ws/install/vicon_receiver' for CMake config files
[4.248s] DEBUG:colcon.colcon_core.event_handler.log_command:Invoked command in '/home/stefano/dev/Costanza/ros2_ws/build/vicon_receiver' returned '0': CMAKE_PREFIX_PATH=${CMAKE_PREFIX_PATH}:/opt/ros/jazzy DEBUGINFOD_URLS=https://debuginfod.ubuntu.com /usr/bin/cmake --install /home/stefano/dev/Costanza/ros2_ws/build/vicon_receiver
[4.252s] Level 1:colcon.colcon_core.shell:create_environment_hook('vicon_receiver', 'cmake_prefix_path')
[4.253s] INFO:colcon.colcon_core.shell:Creating environment hook '/home/stefano/dev/Costanza/ros2_ws/install/vicon_receiver/share/vicon_receiver/hook/cmake_prefix_path.ps1'
[4.254s] INFO:colcon.colcon_core.shell:Creating environment descriptor '/home/stefano/dev/Costanza/ros2_ws/install/vicon_receiver/share/vicon_receiver/hook/cmake_prefix_path.dsv'
[4.255s] INFO:colcon.colcon_core.shell:Creating environment hook '/home/stefano/dev/Costanza/ros2_ws/install/vicon_receiver/share/vicon_receiver/hook/cmake_prefix_path.sh'
[4.256s] Level 1:colcon.colcon_core.environment:checking '/home/stefano/dev/Costanza/ros2_ws/install/vicon_receiver/lib'
[4.256s] Level 1:colcon.colcon_core.shell:create_environment_hook('vicon_receiver', 'ld_library_path_lib')
[4.257s] INFO:colcon.colcon_core.shell:Creating environment hook '/home/stefano/dev/Costanza/ros2_ws/install/vicon_receiver/share/vicon_receiver/hook/ld_library_path_lib.ps1'
[4.258s] INFO:colcon.colcon_core.shell:Creating environment descriptor '/home/stefano/dev/Costanza/ros2_ws/install/vicon_receiver/share/vicon_receiver/hook/ld_library_path_lib.dsv'
[4.258s] INFO:colcon.colcon_core.shell:Creating environment hook '/home/stefano/dev/Costanza/ros2_ws/install/vicon_receiver/share/vicon_receiver/hook/ld_library_path_lib.sh'
[4.259s] Level 1:colcon.colcon_core.environment:checking '/home/stefano/dev/Costanza/ros2_ws/install/vicon_receiver/bin'
[4.259s] Level 1:colcon.colcon_core.environment:checking '/home/stefano/dev/Costanza/ros2_ws/install/vicon_receiver/lib/pkgconfig/vicon_receiver.pc'
[4.260s] Level 1:colcon.colcon_core.environment:checking '/home/stefano/dev/Costanza/ros2_ws/install/vicon_receiver/lib/python3.12/site-packages'
[4.260s] Level 1:colcon.colcon_core.shell:create_environment_hook('vicon_receiver', 'pythonpath')
[4.260s] INFO:colcon.colcon_core.shell:Creating environment hook '/home/stefano/dev/Costanza/ros2_ws/install/vicon_receiver/share/vicon_receiver/hook/pythonpath.ps1'
[4.261s] INFO:colcon.colcon_core.shell:Creating environment descriptor '/home/stefano/dev/Costanza/ros2_ws/install/vicon_receiver/share/vicon_receiver/hook/pythonpath.dsv'
[4.261s] INFO:colcon.colcon_core.shell:Creating environment hook '/home/stefano/dev/Costanza/ros2_ws/install/vicon_receiver/share/vicon_receiver/hook/pythonpath.sh'
[4.262s] Level 1:colcon.colcon_core.environment:checking '/home/stefano/dev/Costanza/ros2_ws/install/vicon_receiver/bin'
[4.263s] INFO:colcon.colcon_core.shell:Creating package script '/home/stefano/dev/Costanza/ros2_ws/install/vicon_receiver/share/vicon_receiver/package.ps1'
[4.264s] INFO:colcon.colcon_core.shell:Creating package descriptor '/home/stefano/dev/Costanza/ros2_ws/install/vicon_receiver/share/vicon_receiver/package.dsv'
[4.264s] INFO:colcon.colcon_core.shell:Creating package script '/home/stefano/dev/Costanza/ros2_ws/install/vicon_receiver/share/vicon_receiver/package.sh'
[4.265s] INFO:colcon.colcon_core.shell:Creating package script '/home/stefano/dev/Costanza/ros2_ws/install/vicon_receiver/share/vicon_receiver/package.bash'
[4.265s] INFO:colcon.colcon_core.shell:Creating package script '/home/stefano/dev/Costanza/ros2_ws/install/vicon_receiver/share/vicon_receiver/package.zsh'
[4.266s] Level 1:colcon.colcon_core.environment:create_file_with_runtime_dependencies(/home/stefano/dev/Costanza/ros2_ws/install/vicon_receiver/share/colcon-core/packages/vicon_receiver)
[4.267s] Level 1:colcon.colcon_core.environment:create_environment_scripts_only(vicon_receiver)
[4.267s] Level 1:colcon.colcon_core.environment:checking '/home/stefano/dev/Costanza/ros2_ws/install/vicon_receiver' for CMake module files
[4.268s] Level 1:colcon.colcon_core.environment:checking '/home/stefano/dev/Costanza/ros2_ws/install/vicon_receiver' for CMake config files
[4.269s] Level 1:colcon.colcon_core.shell:create_environment_hook('vicon_receiver', 'cmake_prefix_path')
[4.269s] INFO:colcon.colcon_core.shell:Creating environment hook '/home/stefano/dev/Costanza/ros2_ws/install/vicon_receiver/share/vicon_receiver/hook/cmake_prefix_path.ps1'
[4.270s] INFO:colcon.colcon_core.shell:Creating environment descriptor '/home/stefano/dev/Costanza/ros2_ws/install/vicon_receiver/share/vicon_receiver/hook/cmake_prefix_path.dsv'
[4.271s] INFO:colcon.colcon_core.shell:Creating environment hook '/home/stefano/dev/Costanza/ros2_ws/install/vicon_receiver/share/vicon_receiver/hook/cmake_prefix_path.sh'
[4.275s] Level 1:colcon.colcon_core.environment:checking '/home/stefano/dev/Costanza/ros2_ws/install/vicon_receiver/lib'
[4.275s] Level 1:colcon.colcon_core.shell:create_environment_hook('vicon_receiver', 'ld_library_path_lib')
[4.275s] INFO:colcon.colcon_core.shell:Creating environment hook '/home/stefano/dev/Costanza/ros2_ws/install/vicon_receiver/share/vicon_receiver/hook/ld_library_path_lib.ps1'
[4.277s] INFO:colcon.colcon_core.shell:Creating environment descriptor '/home/stefano/dev/Costanza/ros2_ws/install/vicon_receiver/share/vicon_receiver/hook/ld_library_path_lib.dsv'
[4.277s] INFO:colcon.colcon_core.shell:Creating environment hook '/home/stefano/dev/Costanza/ros2_ws/install/vicon_receiver/share/vicon_receiver/hook/ld_library_path_lib.sh'
[4.278s] Level 1:colcon.colcon_core.environment:checking '/home/stefano/dev/Costanza/ros2_ws/install/vicon_receiver/bin'
[4.279s] Level 1:colcon.colcon_core.environment:checking '/home/stefano/dev/Costanza/ros2_ws/install/vicon_receiver/lib/pkgconfig/vicon_receiver.pc'
[4.279s] Level 1:colcon.colcon_core.environment:checking '/home/stefano/dev/Costanza/ros2_ws/install/vicon_receiver/lib/python3.12/site-packages'
[4.279s] Level 1:colcon.colcon_core.shell:create_environment_hook('vicon_receiver', 'pythonpath')
[4.280s] INFO:colcon.colcon_core.shell:Creating environment hook '/home/stefano/dev/Costanza/ros2_ws/install/vicon_receiver/share/vicon_receiver/hook/pythonpath.ps1'
[4.280s] INFO:colcon.colcon_core.shell:Creating environment descriptor '/home/stefano/dev/Costanza/ros2_ws/install/vicon_receiver/share/vicon_receiver/hook/pythonpath.dsv'
[4.281s] INFO:colcon.colcon_core.shell:Creating environment hook '/home/stefano/dev/Costanza/ros2_ws/install/vicon_receiver/share/vicon_receiver/hook/pythonpath.sh'
[4.282s] Level 1:colcon.colcon_core.environment:checking '/home/stefano/dev/Costanza/ros2_ws/install/vicon_receiver/bin'
[4.282s] INFO:colcon.colcon_core.shell:Creating package script '/home/stefano/dev/Costanza/ros2_ws/install/vicon_receiver/share/vicon_receiver/package.ps1'
[4.284s] INFO:colcon.colcon_core.shell:Creating package descriptor '/home/stefano/dev/Costanza/ros2_ws/install/vicon_receiver/share/vicon_receiver/package.dsv'
[4.285s] INFO:colcon.colcon_core.shell:Creating package script '/home/stefano/dev/Costanza/ros2_ws/install/vicon_receiver/share/vicon_receiver/package.sh'
[4.285s] INFO:colcon.colcon_core.shell:Creating package script '/home/stefano/dev/Costanza/ros2_ws/install/vicon_receiver/share/vicon_receiver/package.bash'
[4.286s] INFO:colcon.colcon_core.shell:Creating package script '/home/stefano/dev/Costanza/ros2_ws/install/vicon_receiver/share/vicon_receiver/package.zsh'
[4.287s] Level 1:colcon.colcon_core.environment:create_file_with_runtime_dependencies(/home/stefano/dev/Costanza/ros2_ws/install/vicon_receiver/share/colcon-core/packages/vicon_receiver)
[4.736s] Level 1:colcon.colcon_core.environment:checking '/home/stefano/dev/Costanza/ros2_ws/install/multirobot_spawn' for CMake module files
[4.737s] Level 1:colcon.colcon_core.environment:checking '/home/stefano/dev/Costanza/ros2_ws/install/multirobot_spawn' for CMake config files
[4.738s] Level 1:colcon.colcon_core.environment:checking '/home/stefano/dev/Costanza/ros2_ws/install/multirobot_spawn/lib'
[4.738s] Level 1:colcon.colcon_core.environment:checking '/home/stefano/dev/Costanza/ros2_ws/install/multirobot_spawn/bin'
[4.739s] Level 1:colcon.colcon_core.environment:checking '/home/stefano/dev/Costanza/ros2_ws/install/multirobot_spawn/lib/pkgconfig/multirobot_spawn.pc'
[4.739s] Level 1:colcon.colcon_core.environment:checking '/home/stefano/dev/Costanza/ros2_ws/install/multirobot_spawn/lib/python3.12/site-packages'
[4.740s] DEBUG:colcon.colcon_core.event_handler.log_command:Invoked command in '/home/stefano/dev/Costanza/ros2_ws/src/multirobot_spawn' returned '0': DEBUGINFOD_URLS=https://debuginfod.ubuntu.com PYTHONPATH=/home/stefano/dev/Costanza/ros2_ws/build/multirobot_spawn/prefix_override:/usr/lib/python3/dist-packages/colcon_core/task/python/colcon_distutils_commands:/home/stefano/dev/Costanza/ros2_ws/install/multirobot_spawn/lib/python3.12/site-packages:${PYTHONPATH} /usr/bin/python3 -W ignore:setup.py install is deprecated -W ignore:easy_install command is deprecated setup.py egg_info --egg-base ../../build/multirobot_spawn build --build-base /home/stefano/dev/Costanza/ros2_ws/build/multirobot_spawn/build install --record /home/stefano/dev/Costanza/ros2_ws/build/multirobot_spawn/install.log --single-version-externally-managed install_data
[4.741s] Level 1:colcon.colcon_core.shell:create_environment_hook('multirobot_spawn', 'pythonpath')
[4.741s] INFO:colcon.colcon_core.shell:Creating environment hook '/home/stefano/dev/Costanza/ros2_ws/install/multirobot_spawn/share/multirobot_spawn/hook/pythonpath.ps1'
[4.742s] INFO:colcon.colcon_core.shell:Creating environment descriptor '/home/stefano/dev/Costanza/ros2_ws/install/multirobot_spawn/share/multirobot_spawn/hook/pythonpath.dsv'
[4.744s] INFO:colcon.colcon_core.shell:Creating environment hook '/home/stefano/dev/Costanza/ros2_ws/install/multirobot_spawn/share/multirobot_spawn/hook/pythonpath.sh'
[4.745s] Level 1:colcon.colcon_core.environment:checking '/home/stefano/dev/Costanza/ros2_ws/install/multirobot_spawn/bin'
[4.745s] Level 1:colcon.colcon_core.environment:create_environment_scripts_only(multirobot_spawn)
[4.746s] INFO:colcon.colcon_core.shell:Creating package script '/home/stefano/dev/Costanza/ros2_ws/install/multirobot_spawn/share/multirobot_spawn/package.ps1'
[4.747s] INFO:colcon.colcon_core.shell:Creating package descriptor '/home/stefano/dev/Costanza/ros2_ws/install/multirobot_spawn/share/multirobot_spawn/package.dsv'
[4.749s] INFO:colcon.colcon_core.shell:Creating package script '/home/stefano/dev/Costanza/ros2_ws/install/multirobot_spawn/share/multirobot_spawn/package.sh'
[4.750s] INFO:colcon.colcon_core.shell:Creating package script '/home/stefano/dev/Costanza/ros2_ws/install/multirobot_spawn/share/multirobot_spawn/package.bash'
[4.751s] INFO:colcon.colcon_core.shell:Creating package script '/home/stefano/dev/Costanza/ros2_ws/install/multirobot_spawn/share/multirobot_spawn/package.zsh'
[4.752s] Level 1:colcon.colcon_core.environment:create_file_with_runtime_dependencies(/home/stefano/dev/Costanza/ros2_ws/install/multirobot_spawn/share/colcon-core/packages/multirobot_spawn)
[4.813s] Level 1:colcon.colcon_core.environment:checking '/home/stefano/dev/Costanza/ros2_ws/install/robot_controller' for CMake module files
[4.814s] Level 1:colcon.colcon_core.environment:checking '/home/stefano/dev/Costanza/ros2_ws/install/robot_controller' for CMake config files
[4.815s] DEBUG:colcon.colcon_core.event_handler.log_command:Invoked command in '/home/stefano/dev/Costanza/ros2_ws/src/robot_controller' returned '0': DEBUGINFOD_URLS=https://debuginfod.ubuntu.com PYTHONPATH=/home/stefano/dev/Costanza/ros2_ws/build/robot_controller/prefix_override:/usr/lib/python3/dist-packages/colcon_core/task/python/colcon_distutils_commands:/home/stefano/dev/Costanza/ros2_ws/install/robot_controller/lib/python3.12/site-packages:${PYTHONPATH} /usr/bin/python3 -W ignore:setup.py install is deprecated -W ignore:easy_install command is deprecated setup.py egg_info --egg-base ../../build/robot_controller build --build-base /home/stefano/dev/Costanza/ros2_ws/build/robot_controller/build install --record /home/stefano/dev/Costanza/ros2_ws/build/robot_controller/install.log --single-version-externally-managed install_data
[4.816s] Level 1:colcon.colcon_core.environment:checking '/home/stefano/dev/Costanza/ros2_ws/install/robot_controller/lib'
[4.816s] Level 1:colcon.colcon_core.environment:checking '/home/stefano/dev/Costanza/ros2_ws/install/robot_controller/bin'
[4.817s] Level 1:colcon.colcon_core.environment:checking '/home/stefano/dev/Costanza/ros2_ws/install/robot_controller/lib/pkgconfig/robot_controller.pc'
[4.817s] Level 1:colcon.colcon_core.environment:checking '/home/stefano/dev/Costanza/ros2_ws/install/robot_controller/lib/python3.12/site-packages'
[4.817s] Level 1:colcon.colcon_core.shell:create_environment_hook('robot_controller', 'pythonpath')
[4.818s] INFO:colcon.colcon_core.shell:Creating environment hook '/home/stefano/dev/Costanza/ros2_ws/install/robot_controller/share/robot_controller/hook/pythonpath.ps1'
[4.819s] INFO:colcon.colcon_core.shell:Creating environment descriptor '/home/stefano/dev/Costanza/ros2_ws/install/robot_controller/share/robot_controller/hook/pythonpath.dsv'
[4.820s] INFO:colcon.colcon_core.shell:Creating environment hook '/home/stefano/dev/Costanza/ros2_ws/install/robot_controller/share/robot_controller/hook/pythonpath.sh'
[4.821s] Level 1:colcon.colcon_core.environment:checking '/home/stefano/dev/Costanza/ros2_ws/install/robot_controller/bin'
[4.821s] Level 1:colcon.colcon_core.environment:create_environment_scripts_only(robot_controller)
[4.822s] INFO:colcon.colcon_core.shell:Creating package script '/home/stefano/dev/Costanza/ros2_ws/install/robot_controller/share/robot_controller/package.ps1'
[4.823s] INFO:colcon.colcon_core.shell:Creating package descriptor '/home/stefano/dev/Costanza/ros2_ws/install/robot_controller/share/robot_controller/package.dsv'
[4.823s] INFO:colcon.colcon_core.shell:Creating package script '/home/stefano/dev/Costanza/ros2_ws/install/robot_controller/share/robot_controller/package.sh'
[4.824s] INFO:colcon.colcon_core.shell:Creating package script '/home/stefano/dev/Costanza/ros2_ws/install/robot_controller/share/robot_controller/package.bash'
[4.824s] INFO:colcon.colcon_core.shell:Creating package script '/home/stefano/dev/Costanza/ros2_ws/install/robot_controller/share/robot_controller/package.zsh'
[4.825s] Level 1:colcon.colcon_core.environment:create_file_with_runtime_dependencies(/home/stefano/dev/Costanza/ros2_ws/install/robot_controller/share/colcon-core/packages/robot_controller)
[4.826s] Level 1:colcon.colcon_core.environment:checking '/home/stefano/dev/Costanza/ros2_ws/install/multirobot_spawn_obs' for CMake module files
[4.827s] Level 1:colcon.colcon_core.environment:checking '/home/stefano/dev/Costanza/ros2_ws/install/multirobot_spawn_obs' for CMake config files
[4.828s] Level 1:colcon.colcon_core.environment:checking '/home/stefano/dev/Costanza/ros2_ws/install/multirobot_spawn_obs/lib'
[4.829s] Level 1:colcon.colcon_core.environment:checking '/home/stefano/dev/Costanza/ros2_ws/install/multirobot_spawn_obs/bin'
[4.829s] Level 1:colcon.colcon_core.environment:checking '/home/stefano/dev/Costanza/ros2_ws/install/multirobot_spawn_obs/lib/pkgconfig/multirobot_spawn_obs.pc'
[4.830s] Level 1:colcon.colcon_core.environment:checking '/home/stefano/dev/Costanza/ros2_ws/install/multirobot_spawn_obs/lib/python3.12/site-packages'
[4.831s] DEBUG:colcon.colcon_core.event_handler.log_command:Invoked command in '/home/stefano/dev/Costanza/ros2_ws/src/multirobot_spawn_obs' returned '0': DEBUGINFOD_URLS=https://debuginfod.ubuntu.com PYTHONPATH=/home/stefano/dev/Costanza/ros2_ws/build/multirobot_spawn_obs/prefix_override:/usr/lib/python3/dist-packages/colcon_core/task/python/colcon_distutils_commands:/home/stefano/dev/Costanza/ros2_ws/install/multirobot_spawn_obs/lib/python3.12/site-packages:${PYTHONPATH} /usr/bin/python3 -W ignore:setup.py install is deprecated -W ignore:easy_install command is deprecated setup.py egg_info --egg-base ../../build/multirobot_spawn_obs build --build-base /home/stefano/dev/Costanza/ros2_ws/build/multirobot_spawn_obs/build install --record /home/stefano/dev/Costanza/ros2_ws/build/multirobot_spawn_obs/install.log --single-version-externally-managed install_data
[4.831s] Level 1:colcon.colcon_core.shell:create_environment_hook('multirobot_spawn_obs', 'pythonpath')
[4.832s] INFO:colcon.colcon_core.shell:Creating environment hook '/home/stefano/dev/Costanza/ros2_ws/install/multirobot_spawn_obs/share/multirobot_spawn_obs/hook/pythonpath.ps1'
[4.833s] INFO:colcon.colcon_core.shell:Creating environment descriptor '/home/stefano/dev/Costanza/ros2_ws/install/multirobot_spawn_obs/share/multirobot_spawn_obs/hook/pythonpath.dsv'
[4.836s] INFO:colcon.colcon_core.shell:Creating environment hook '/home/stefano/dev/Costanza/ros2_ws/install/multirobot_spawn_obs/share/multirobot_spawn_obs/hook/pythonpath.sh'
[4.838s] Level 1:colcon.colcon_core.environment:checking '/home/stefano/dev/Costanza/ros2_ws/install/multirobot_spawn_obs/bin'
[4.838s] Level 1:colcon.colcon_core.environment:create_environment_scripts_only(multirobot_spawn_obs)
[4.838s] INFO:colcon.colcon_core.shell:Creating package script '/home/stefano/dev/Costanza/ros2_ws/install/multirobot_spawn_obs/share/multirobot_spawn_obs/package.ps1'
[4.839s] INFO:colcon.colcon_core.shell:Creating package descriptor '/home/stefano/dev/Costanza/ros2_ws/install/multirobot_spawn_obs/share/multirobot_spawn_obs/package.dsv'
[4.840s] INFO:colcon.colcon_core.shell:Creating package script '/home/stefano/dev/Costanza/ros2_ws/install/multirobot_spawn_obs/share/multirobot_spawn_obs/package.sh'
[4.841s] INFO:colcon.colcon_core.shell:Creating package script '/home/stefano/dev/Costanza/ros2_ws/install/multirobot_spawn_obs/share/multirobot_spawn_obs/package.bash'
[4.841s] INFO:colcon.colcon_core.shell:Creating package script '/home/stefano/dev/Costanza/ros2_ws/install/multirobot_spawn_obs/share/multirobot_spawn_obs/package.zsh'
[4.842s] Level 1:colcon.colcon_core.environment:create_file_with_runtime_dependencies(/home/stefano/dev/Costanza/ros2_ws/install/multirobot_spawn_obs/share/colcon-core/packages/multirobot_spawn_obs)
[4.907s] Level 1:colcon.colcon_core.environment:checking '/home/stefano/dev/Costanza/ros2_ws/install/shepherding_control' for CMake module files
[4.908s] Level 1:colcon.colcon_core.environment:checking '/home/stefano/dev/Costanza/ros2_ws/install/shepherding_control' for CMake config files
[4.908s] DEBUG:colcon.colcon_core.event_handler.log_command:Invoked command in '/home/stefano/dev/Costanza/ros2_ws/src/shepherding_control' returned '0': DEBUGINFOD_URLS=https://debuginfod.ubuntu.com PYTHONPATH=/home/stefano/dev/Costanza/ros2_ws/build/shepherding_control/prefix_override:/usr/lib/python3/dist-packages/colcon_core/task/python/colcon_distutils_commands:/home/stefano/dev/Costanza/ros2_ws/install/shepherding_control/lib/python3.12/site-packages:${PYTHONPATH} /usr/bin/python3 -W ignore:setup.py install is deprecated -W ignore:easy_install command is deprecated setup.py egg_info --egg-base ../../build/shepherding_control build --build-base /home/stefano/dev/Costanza/ros2_ws/build/shepherding_control/build install --record /home/stefano/dev/Costanza/ros2_ws/build/shepherding_control/install.log --single-version-externally-managed install_data
[4.911s] Level 1:colcon.colcon_core.environment:checking '/home/stefano/dev/Costanza/ros2_ws/install/shepherding_control/lib'
[4.911s] Level 1:colcon.colcon_core.environment:checking '/home/stefano/dev/Costanza/ros2_ws/install/shepherding_control/bin'
[4.911s] Level 1:colcon.colcon_core.environment:checking '/home/stefano/dev/Costanza/ros2_ws/install/shepherding_control/lib/pkgconfig/shepherding_control.pc'
[4.912s] Level 1:colcon.colcon_core.environment:checking '/home/stefano/dev/Costanza/ros2_ws/install/shepherding_control/lib/python3.12/site-packages'
[4.912s] Level 1:colcon.colcon_core.shell:create_environment_hook('shepherding_control', 'pythonpath')
[4.913s] INFO:colcon.colcon_core.shell:Creating environment hook '/home/stefano/dev/Costanza/ros2_ws/install/shepherding_control/share/shepherding_control/hook/pythonpath.ps1'
[4.914s] INFO:colcon.colcon_core.shell:Creating environment descriptor '/home/stefano/dev/Costanza/ros2_ws/install/shepherding_control/share/shepherding_control/hook/pythonpath.dsv'
[4.914s] INFO:colcon.colcon_core.shell:Creating environment hook '/home/stefano/dev/Costanza/ros2_ws/install/shepherding_control/share/shepherding_control/hook/pythonpath.sh'
[4.916s] Level 1:colcon.colcon_core.environment:checking '/home/stefano/dev/Costanza/ros2_ws/install/shepherding_control/bin'
[4.916s] Level 1:colcon.colcon_core.environment:create_environment_scripts_only(shepherding_control)
[4.917s] INFO:colcon.colcon_core.shell:Creating package script '/home/stefano/dev/Costanza/ros2_ws/install/shepherding_control/share/shepherding_control/package.ps1'
[4.918s] INFO:colcon.colcon_core.shell:Creating package descriptor '/home/stefano/dev/Costanza/ros2_ws/install/shepherding_control/share/shepherding_control/package.dsv'
[4.919s] INFO:colcon.colcon_core.shell:Creating package script '/home/stefano/dev/Costanza/ros2_ws/install/shepherding_control/share/shepherding_control/package.sh'
[4.920s] INFO:colcon.colcon_core.shell:Creating package script '/home/stefano/dev/Costanza/ros2_ws/install/shepherding_control/share/shepherding_control/package.bash'
[4.921s] INFO:colcon.colcon_core.shell:Creating package script '/home/stefano/dev/Costanza/ros2_ws/install/shepherding_control/share/shepherding_control/package.zsh'
[4.921s] Level 1:colcon.colcon_core.environment:create_file_with_runtime_dependencies(/home/stefano/dev/Costanza/ros2_ws/install/shepherding_control/share/colcon-core/packages/shepherding_control)
[4.922s] DEBUG:colcon.colcon_parallel_executor.executor.parallel:closing loop
[4.922s] DEBUG:colcon.colcon_parallel_executor.executor.parallel:loop closed
[4.923s] DEBUG:colcon.colcon_parallel_executor.executor.parallel:run_until_complete finished with '0'
[4.923s] DEBUG:colcon.colcon_core.event_reactor:joining thread
[4.936s] INFO:colcon.colcon_core.plugin_system:Skipping extension 'colcon_notification.desktop_notification.terminal_notifier': Not used on non-Darwin systems
[4.936s] INFO:colcon.colcon_core.plugin_system:Skipping extension 'colcon_notification.desktop_notification.win32': Not used on non-Windows systems
[4.936s] INFO:colcon.colcon_notification.desktop_notification:Sending desktop notification using 'notify2'
[4.965s] DEBUG:colcon.colcon_core.event_reactor:joined thread
[4.965s] INFO:colcon.colcon_core.shell:Creating prefix script '/home/stefano/dev/Costanza/ros2_ws/install/local_setup.ps1'
[4.967s] INFO:colcon.colcon_core.shell:Creating prefix util module '/home/stefano/dev/Costanza/ros2_ws/install/_local_setup_util_ps1.py'
[4.969s] INFO:colcon.colcon_core.shell:Creating prefix chain script '/home/stefano/dev/Costanza/ros2_ws/install/setup.ps1'
[4.971s] INFO:colcon.colcon_core.shell:Creating prefix script '/home/stefano/dev/Costanza/ros2_ws/install/local_setup.sh'
[4.972s] INFO:colcon.colcon_core.shell:Creating prefix util module '/home/stefano/dev/Costanza/ros2_ws/install/_local_setup_util_sh.py'
[4.973s] INFO:colcon.colcon_core.shell:Creating prefix chain script '/home/stefano/dev/Costanza/ros2_ws/install/setup.sh'
[4.975s] INFO:colcon.colcon_core.shell:Creating prefix script '/home/stefano/dev/Costanza/ros2_ws/install/local_setup.bash'
[4.976s] INFO:colcon.colcon_core.shell:Creating prefix chain script '/home/stefano/dev/Costanza/ros2_ws/install/setup.bash'
[4.977s] INFO:colcon.colcon_core.shell:Creating prefix script '/home/stefano/dev/Costanza/ros2_ws/install/local_setup.zsh'
[4.977s] INFO:colcon.colcon_core.shell:Creating prefix chain script '/home/stefano/dev/Costanza/ros2_ws/install/setup.zsh'
