[0.110s] DEBUG:colcon:Command line arguments: ['/usr/bin/colcon', 'build']
[0.110s] DEBUG:colcon:Parsed command line arguments: Namespace(log_base=None, log_level=None, verb_name='build', build_base='build', install_base='install', merge_install=False, symlink_install=False, test_result_base=None, continue_on_error=False, executor='parallel', parallel_workers=8, event_handlers=None, ignore_user_meta=False, metas=['./colcon.meta'], base_paths=['.'], packages_ignore=None, packages_ignore_regex=None, paths=None, packages_up_to=None, packages_up_to_regex=None, packages_above=None, packages_above_and_dependencies=None, packages_above_depth=None, packages_select_by_dep=None, packages_skip_by_dep=None, packages_skip_up_to=None, packages_select_build_failed=False, packages_skip_build_finished=False, packages_select_test_failures=False, packages_skip_test_passed=False, packages_select=None, packages_skip=None, packages_select_regex=None, packages_skip_regex=None, packages_start=None, packages_end=None, allow_overriding=[], cmake_args=None, cmake_target=None, cmake_target_skip_unavailable=False, cmake_clean_cache=False, cmake_clean_first=False, cmake_force_configure=False, ament_cmake_args=None, catkin_cmake_args=None, catkin_skip_building_tests=False, mixin_files=None, mixin=None, verb_parser=<colcon_mixin.mixin.mixin_argument.MixinArgumentDecorator object at 0x7944e1384560>, verb_extension=<colcon_core.verb.build.BuildVerb object at 0x7944e1363d70>, main=<bound method BuildVerb.main of <colcon_core.verb.build.BuildVerb object at 0x7944e1363d70>>, mixin_verb=('build',))
[0.152s] Level 1:colcon.colcon_core.package_discovery:discover_packages(colcon_meta) check parameters
[0.152s] Level 1:colcon.colcon_core.package_discovery:discover_packages(recursive) check parameters
[0.152s] Level 1:colcon.colcon_core.package_discovery:discover_packages(ignore) check parameters
[0.152s] Level 1:colcon.colcon_core.package_discovery:discover_packages(path) check parameters
[0.152s] Level 1:colcon.colcon_core.package_discovery:discover_packages(colcon_meta) discover
[0.153s] Level 1:colcon.colcon_core.package_discovery:discover_packages(recursive) discover
[0.153s] INFO:colcon.colcon_core.package_discovery:Crawling recursively for packages in '/home/stefano/dev/Costanza/ros2_ws'
[0.153s] Level 1:colcon.colcon_core.package_identification:_identify(.) by extensions ['ignore', 'ignore_ament_install']
[0.153s] Level 1:colcon.colcon_core.package_identification:_identify(.) by extension 'ignore'
[0.153s] Level 1:colcon.colcon_core.package_identification:_identify(.) by extension 'ignore_ament_install'
[0.153s] Level 1:colcon.colcon_core.package_identification:_identify(.) by extensions ['colcon_pkg']
[0.153s] Level 1:colcon.colcon_core.package_identification:_identify(.) by extension 'colcon_pkg'
[0.153s] Level 1:colcon.colcon_core.package_identification:_identify(.) by extensions ['colcon_meta']
[0.153s] Level 1:colcon.colcon_core.package_identification:_identify(.) by extension 'colcon_meta'
[0.153s] Level 1:colcon.colcon_core.package_identification:_identify(.) by extensions ['ros']
[0.153s] Level 1:colcon.colcon_core.package_identification:_identify(.) by extension 'ros'
[0.183s] Level 1:colcon.colcon_core.package_identification:_identify(.) by extensions ['cmake', 'python']
[0.183s] Level 1:colcon.colcon_core.package_identification:_identify(.) by extension 'cmake'
[0.183s] Level 1:colcon.colcon_core.package_identification:_identify(.) by extension 'python'
[0.183s] Level 1:colcon.colcon_core.package_identification:_identify(.) by extensions ['python_setup_py']
[0.183s] Level 1:colcon.colcon_core.package_identification:_identify(.) by extension 'python_setup_py'
[0.183s] Level 1:colcon.colcon_core.package_identification:_identify(build) by extensions ['ignore', 'ignore_ament_install']
[0.183s] Level 1:colcon.colcon_core.package_identification:_identify(build) by extension 'ignore'
[0.183s] Level 1:colcon.colcon_core.package_identification:_identify(build) ignored
[0.183s] Level 1:colcon.colcon_core.package_identification:_identify(install) by extensions ['ignore', 'ignore_ament_install']
[0.183s] Level 1:colcon.colcon_core.package_identification:_identify(install) by extension 'ignore'
[0.184s] Level 1:colcon.colcon_core.package_identification:_identify(install) ignored
[0.184s] Level 1:colcon.colcon_core.package_identification:_identify(log) by extensions ['ignore', 'ignore_ament_install']
[0.184s] Level 1:colcon.colcon_core.package_identification:_identify(log) by extension 'ignore'
[0.184s] Level 1:colcon.colcon_core.package_identification:_identify(log) ignored
[0.184s] Level 1:colcon.colcon_core.package_identification:_identify(models) by extensions ['ignore', 'ignore_ament_install']
[0.184s] Level 1:colcon.colcon_core.package_identification:_identify(models) by extension 'ignore'
[0.184s] Level 1:colcon.colcon_core.package_identification:_identify(models) by extension 'ignore_ament_install'
[0.185s] Level 1:colcon.colcon_core.package_identification:_identify(models) by extensions ['colcon_pkg']
[0.185s] Level 1:colcon.colcon_core.package_identification:_identify(models) by extension 'colcon_pkg'
[0.185s] Level 1:colcon.colcon_core.package_identification:_identify(models) by extensions ['colcon_meta']
[0.185s] Level 1:colcon.colcon_core.package_identification:_identify(models) by extension 'colcon_meta'
[0.185s] Level 1:colcon.colcon_core.package_identification:_identify(models) by extensions ['ros']
[0.185s] Level 1:colcon.colcon_core.package_identification:_identify(models) by extension 'ros'
[0.185s] Level 1:colcon.colcon_core.package_identification:_identify(models) by extensions ['cmake', 'python']
[0.185s] Level 1:colcon.colcon_core.package_identification:_identify(models) by extension 'cmake'
[0.185s] Level 1:colcon.colcon_core.package_identification:_identify(models) by extension 'python'
[0.185s] Level 1:colcon.colcon_core.package_identification:_identify(models) by extensions ['python_setup_py']
[0.185s] Level 1:colcon.colcon_core.package_identification:_identify(models) by extension 'python_setup_py'
[0.185s] Level 1:colcon.colcon_core.package_identification:_identify(models/osoyoo) by extensions ['ignore', 'ignore_ament_install']
[0.185s] Level 1:colcon.colcon_core.package_identification:_identify(models/osoyoo) by extension 'ignore'
[0.185s] Level 1:colcon.colcon_core.package_identification:_identify(models/osoyoo) by extension 'ignore_ament_install'
[0.185s] Level 1:colcon.colcon_core.package_identification:_identify(models/osoyoo) by extensions ['colcon_pkg']
[0.186s] Level 1:colcon.colcon_core.package_identification:_identify(models/osoyoo) by extension 'colcon_pkg'
[0.186s] Level 1:colcon.colcon_core.package_identification:_identify(models/osoyoo) by extensions ['colcon_meta']
[0.186s] Level 1:colcon.colcon_core.package_identification:_identify(models/osoyoo) by extension 'colcon_meta'
[0.186s] Level 1:colcon.colcon_core.package_identification:_identify(models/osoyoo) by extensions ['ros']
[0.186s] Level 1:colcon.colcon_core.package_identification:_identify(models/osoyoo) by extension 'ros'
[0.186s] Level 1:colcon.colcon_core.package_identification:_identify(models/osoyoo) by extensions ['cmake', 'python']
[0.186s] Level 1:colcon.colcon_core.package_identification:_identify(models/osoyoo) by extension 'cmake'
[0.186s] Level 1:colcon.colcon_core.package_identification:_identify(models/osoyoo) by extension 'python'
[0.186s] Level 1:colcon.colcon_core.package_identification:_identify(models/osoyoo) by extensions ['python_setup_py']
[0.186s] Level 1:colcon.colcon_core.package_identification:_identify(models/osoyoo) by extension 'python_setup_py'
[0.186s] Level 1:colcon.colcon_core.package_identification:_identify(models/turtlebot4) by extensions ['ignore', 'ignore_ament_install']
[0.186s] Level 1:colcon.colcon_core.package_identification:_identify(models/turtlebot4) by extension 'ignore'
[0.186s] Level 1:colcon.colcon_core.package_identification:_identify(models/turtlebot4) by extension 'ignore_ament_install'
[0.186s] Level 1:colcon.colcon_core.package_identification:_identify(models/turtlebot4) by extensions ['colcon_pkg']
[0.186s] Level 1:colcon.colcon_core.package_identification:_identify(models/turtlebot4) by extension 'colcon_pkg'
[0.187s] Level 1:colcon.colcon_core.package_identification:_identify(models/turtlebot4) by extensions ['colcon_meta']
[0.187s] Level 1:colcon.colcon_core.package_identification:_identify(models/turtlebot4) by extension 'colcon_meta'
[0.187s] Level 1:colcon.colcon_core.package_identification:_identify(models/turtlebot4) by extensions ['ros']
[0.187s] Level 1:colcon.colcon_core.package_identification:_identify(models/turtlebot4) by extension 'ros'
[0.187s] Level 1:colcon.colcon_core.package_identification:_identify(models/turtlebot4) by extensions ['cmake', 'python']
[0.187s] Level 1:colcon.colcon_core.package_identification:_identify(models/turtlebot4) by extension 'cmake'
[0.187s] Level 1:colcon.colcon_core.package_identification:_identify(models/turtlebot4) by extension 'python'
[0.187s] Level 1:colcon.colcon_core.package_identification:_identify(models/turtlebot4) by extensions ['python_setup_py']
[0.187s] Level 1:colcon.colcon_core.package_identification:_identify(models/turtlebot4) by extension 'python_setup_py'
[0.187s] Level 1:colcon.colcon_core.package_identification:_identify(models/turtlebot4/nav2_minimal_tb4_description) by extensions ['ignore', 'ignore_ament_install']
[0.187s] Level 1:colcon.colcon_core.package_identification:_identify(models/turtlebot4/nav2_minimal_tb4_description) by extension 'ignore'
[0.187s] Level 1:colcon.colcon_core.package_identification:_identify(models/turtlebot4/nav2_minimal_tb4_description) by extension 'ignore_ament_install'
[0.187s] Level 1:colcon.colcon_core.package_identification:_identify(models/turtlebot4/nav2_minimal_tb4_description) by extensions ['colcon_pkg']
[0.187s] Level 1:colcon.colcon_core.package_identification:_identify(models/turtlebot4/nav2_minimal_tb4_description) by extension 'colcon_pkg'
[0.187s] Level 1:colcon.colcon_core.package_identification:_identify(models/turtlebot4/nav2_minimal_tb4_description) by extensions ['colcon_meta']
[0.188s] Level 1:colcon.colcon_core.package_identification:_identify(models/turtlebot4/nav2_minimal_tb4_description) by extension 'colcon_meta'
[0.188s] Level 1:colcon.colcon_core.package_identification:_identify(models/turtlebot4/nav2_minimal_tb4_description) by extensions ['ros']
[0.188s] Level 1:colcon.colcon_core.package_identification:_identify(models/turtlebot4/nav2_minimal_tb4_description) by extension 'ros'
[0.188s] Level 1:colcon.colcon_core.package_identification:_identify(models/turtlebot4/nav2_minimal_tb4_description) by extensions ['cmake', 'python']
[0.188s] Level 1:colcon.colcon_core.package_identification:_identify(models/turtlebot4/nav2_minimal_tb4_description) by extension 'cmake'
[0.188s] Level 1:colcon.colcon_core.package_identification:_identify(models/turtlebot4/nav2_minimal_tb4_description) by extension 'python'
[0.188s] Level 1:colcon.colcon_core.package_identification:_identify(models/turtlebot4/nav2_minimal_tb4_description) by extensions ['python_setup_py']
[0.188s] Level 1:colcon.colcon_core.package_identification:_identify(models/turtlebot4/nav2_minimal_tb4_description) by extension 'python_setup_py'
[0.188s] Level 1:colcon.colcon_core.package_identification:_identify(models/turtlebot4/nav2_minimal_tb4_description/hooks) by extensions ['ignore', 'ignore_ament_install']
[0.188s] Level 1:colcon.colcon_core.package_identification:_identify(models/turtlebot4/nav2_minimal_tb4_description/hooks) by extension 'ignore'
[0.188s] Level 1:colcon.colcon_core.package_identification:_identify(models/turtlebot4/nav2_minimal_tb4_description/hooks) by extension 'ignore_ament_install'
[0.188s] Level 1:colcon.colcon_core.package_identification:_identify(models/turtlebot4/nav2_minimal_tb4_description/hooks) by extensions ['colcon_pkg']
[0.188s] Level 1:colcon.colcon_core.package_identification:_identify(models/turtlebot4/nav2_minimal_tb4_description/hooks) by extension 'colcon_pkg'
[0.188s] Level 1:colcon.colcon_core.package_identification:_identify(models/turtlebot4/nav2_minimal_tb4_description/hooks) by extensions ['colcon_meta']
[0.188s] Level 1:colcon.colcon_core.package_identification:_identify(models/turtlebot4/nav2_minimal_tb4_description/hooks) by extension 'colcon_meta'
[0.189s] Level 1:colcon.colcon_core.package_identification:_identify(models/turtlebot4/nav2_minimal_tb4_description/hooks) by extensions ['ros']
[0.189s] Level 1:colcon.colcon_core.package_identification:_identify(models/turtlebot4/nav2_minimal_tb4_description/hooks) by extension 'ros'
[0.189s] Level 1:colcon.colcon_core.package_identification:_identify(models/turtlebot4/nav2_minimal_tb4_description/hooks) by extensions ['cmake', 'python']
[0.189s] Level 1:colcon.colcon_core.package_identification:_identify(models/turtlebot4/nav2_minimal_tb4_description/hooks) by extension 'cmake'
[0.189s] Level 1:colcon.colcon_core.package_identification:_identify(models/turtlebot4/nav2_minimal_tb4_description/hooks) by extension 'python'
[0.189s] Level 1:colcon.colcon_core.package_identification:_identify(models/turtlebot4/nav2_minimal_tb4_description/hooks) by extensions ['python_setup_py']
[0.189s] Level 1:colcon.colcon_core.package_identification:_identify(models/turtlebot4/nav2_minimal_tb4_description/hooks) by extension 'python_setup_py'
[0.189s] Level 1:colcon.colcon_core.package_identification:_identify(models/turtlebot4/nav2_minimal_tb4_description/launch) by extensions ['ignore', 'ignore_ament_install']
[0.189s] Level 1:colcon.colcon_core.package_identification:_identify(models/turtlebot4/nav2_minimal_tb4_description/launch) by extension 'ignore'
[0.189s] Level 1:colcon.colcon_core.package_identification:_identify(models/turtlebot4/nav2_minimal_tb4_description/launch) by extension 'ignore_ament_install'
[0.189s] Level 1:colcon.colcon_core.package_identification:_identify(models/turtlebot4/nav2_minimal_tb4_description/launch) by extensions ['colcon_pkg']
[0.189s] Level 1:colcon.colcon_core.package_identification:_identify(models/turtlebot4/nav2_minimal_tb4_description/launch) by extension 'colcon_pkg'
[0.189s] Level 1:colcon.colcon_core.package_identification:_identify(models/turtlebot4/nav2_minimal_tb4_description/launch) by extensions ['colcon_meta']
[0.189s] Level 1:colcon.colcon_core.package_identification:_identify(models/turtlebot4/nav2_minimal_tb4_description/launch) by extension 'colcon_meta'
[0.189s] Level 1:colcon.colcon_core.package_identification:_identify(models/turtlebot4/nav2_minimal_tb4_description/launch) by extensions ['ros']
[0.190s] Level 1:colcon.colcon_core.package_identification:_identify(models/turtlebot4/nav2_minimal_tb4_description/launch) by extension 'ros'
[0.190s] Level 1:colcon.colcon_core.package_identification:_identify(models/turtlebot4/nav2_minimal_tb4_description/launch) by extensions ['cmake', 'python']
[0.190s] Level 1:colcon.colcon_core.package_identification:_identify(models/turtlebot4/nav2_minimal_tb4_description/launch) by extension 'cmake'
[0.190s] Level 1:colcon.colcon_core.package_identification:_identify(models/turtlebot4/nav2_minimal_tb4_description/launch) by extension 'python'
[0.190s] Level 1:colcon.colcon_core.package_identification:_identify(models/turtlebot4/nav2_minimal_tb4_description/launch) by extensions ['python_setup_py']
[0.190s] Level 1:colcon.colcon_core.package_identification:_identify(models/turtlebot4/nav2_minimal_tb4_description/launch) by extension 'python_setup_py'
[0.190s] Level 1:colcon.colcon_core.package_identification:_identify(models/turtlebot4/nav2_minimal_tb4_description/meshes) by extensions ['ignore', 'ignore_ament_install']
[0.190s] Level 1:colcon.colcon_core.package_identification:_identify(models/turtlebot4/nav2_minimal_tb4_description/meshes) by extension 'ignore'
[0.190s] Level 1:colcon.colcon_core.package_identification:_identify(models/turtlebot4/nav2_minimal_tb4_description/meshes) by extension 'ignore_ament_install'
[0.190s] Level 1:colcon.colcon_core.package_identification:_identify(models/turtlebot4/nav2_minimal_tb4_description/meshes) by extensions ['colcon_pkg']
[0.190s] Level 1:colcon.colcon_core.package_identification:_identify(models/turtlebot4/nav2_minimal_tb4_description/meshes) by extension 'colcon_pkg'
[0.190s] Level 1:colcon.colcon_core.package_identification:_identify(models/turtlebot4/nav2_minimal_tb4_description/meshes) by extensions ['colcon_meta']
[0.190s] Level 1:colcon.colcon_core.package_identification:_identify(models/turtlebot4/nav2_minimal_tb4_description/meshes) by extension 'colcon_meta'
[0.190s] Level 1:colcon.colcon_core.package_identification:_identify(models/turtlebot4/nav2_minimal_tb4_description/meshes) by extensions ['ros']
[0.190s] Level 1:colcon.colcon_core.package_identification:_identify(models/turtlebot4/nav2_minimal_tb4_description/meshes) by extension 'ros'
[0.191s] Level 1:colcon.colcon_core.package_identification:_identify(models/turtlebot4/nav2_minimal_tb4_description/meshes) by extensions ['cmake', 'python']
[0.191s] Level 1:colcon.colcon_core.package_identification:_identify(models/turtlebot4/nav2_minimal_tb4_description/meshes) by extension 'cmake'
[0.191s] Level 1:colcon.colcon_core.package_identification:_identify(models/turtlebot4/nav2_minimal_tb4_description/meshes) by extension 'python'
[0.191s] Level 1:colcon.colcon_core.package_identification:_identify(models/turtlebot4/nav2_minimal_tb4_description/meshes) by extensions ['python_setup_py']
[0.191s] Level 1:colcon.colcon_core.package_identification:_identify(models/turtlebot4/nav2_minimal_tb4_description/meshes) by extension 'python_setup_py'
[0.191s] Level 1:colcon.colcon_core.package_identification:_identify(models/turtlebot4/nav2_minimal_tb4_description/rviz) by extensions ['ignore', 'ignore_ament_install']
[0.191s] Level 1:colcon.colcon_core.package_identification:_identify(models/turtlebot4/nav2_minimal_tb4_description/rviz) by extension 'ignore'
[0.191s] Level 1:colcon.colcon_core.package_identification:_identify(models/turtlebot4/nav2_minimal_tb4_description/rviz) by extension 'ignore_ament_install'
[0.191s] Level 1:colcon.colcon_core.package_identification:_identify(models/turtlebot4/nav2_minimal_tb4_description/rviz) by extensions ['colcon_pkg']
[0.191s] Level 1:colcon.colcon_core.package_identification:_identify(models/turtlebot4/nav2_minimal_tb4_description/rviz) by extension 'colcon_pkg'
[0.191s] Level 1:colcon.colcon_core.package_identification:_identify(models/turtlebot4/nav2_minimal_tb4_description/rviz) by extensions ['colcon_meta']
[0.191s] Level 1:colcon.colcon_core.package_identification:_identify(models/turtlebot4/nav2_minimal_tb4_description/rviz) by extension 'colcon_meta'
[0.191s] Level 1:colcon.colcon_core.package_identification:_identify(models/turtlebot4/nav2_minimal_tb4_description/rviz) by extensions ['ros']
[0.191s] Level 1:colcon.colcon_core.package_identification:_identify(models/turtlebot4/nav2_minimal_tb4_description/rviz) by extension 'ros'
[0.192s] Level 1:colcon.colcon_core.package_identification:_identify(models/turtlebot4/nav2_minimal_tb4_description/rviz) by extensions ['cmake', 'python']
[0.192s] Level 1:colcon.colcon_core.package_identification:_identify(models/turtlebot4/nav2_minimal_tb4_description/rviz) by extension 'cmake'
[0.192s] Level 1:colcon.colcon_core.package_identification:_identify(models/turtlebot4/nav2_minimal_tb4_description/rviz) by extension 'python'
[0.192s] Level 1:colcon.colcon_core.package_identification:_identify(models/turtlebot4/nav2_minimal_tb4_description/rviz) by extensions ['python_setup_py']
[0.192s] Level 1:colcon.colcon_core.package_identification:_identify(models/turtlebot4/nav2_minimal_tb4_description/rviz) by extension 'python_setup_py'
[0.192s] Level 1:colcon.colcon_core.package_identification:_identify(models/turtlebot4/nav2_minimal_tb4_description/urdf) by extensions ['ignore', 'ignore_ament_install']
[0.192s] Level 1:colcon.colcon_core.package_identification:_identify(models/turtlebot4/nav2_minimal_tb4_description/urdf) by extension 'ignore'
[0.192s] Level 1:colcon.colcon_core.package_identification:_identify(models/turtlebot4/nav2_minimal_tb4_description/urdf) by extension 'ignore_ament_install'
[0.192s] Level 1:colcon.colcon_core.package_identification:_identify(models/turtlebot4/nav2_minimal_tb4_description/urdf) by extensions ['colcon_pkg']
[0.192s] Level 1:colcon.colcon_core.package_identification:_identify(models/turtlebot4/nav2_minimal_tb4_description/urdf) by extension 'colcon_pkg'
[0.192s] Level 1:colcon.colcon_core.package_identification:_identify(models/turtlebot4/nav2_minimal_tb4_description/urdf) by extensions ['colcon_meta']
[0.192s] Level 1:colcon.colcon_core.package_identification:_identify(models/turtlebot4/nav2_minimal_tb4_description/urdf) by extension 'colcon_meta'
[0.192s] Level 1:colcon.colcon_core.package_identification:_identify(models/turtlebot4/nav2_minimal_tb4_description/urdf) by extensions ['ros']
[0.192s] Level 1:colcon.colcon_core.package_identification:_identify(models/turtlebot4/nav2_minimal_tb4_description/urdf) by extension 'ros'
[0.192s] Level 1:colcon.colcon_core.package_identification:_identify(models/turtlebot4/nav2_minimal_tb4_description/urdf) by extensions ['cmake', 'python']
[0.192s] Level 1:colcon.colcon_core.package_identification:_identify(models/turtlebot4/nav2_minimal_tb4_description/urdf) by extension 'cmake'
[0.193s] Level 1:colcon.colcon_core.package_identification:_identify(models/turtlebot4/nav2_minimal_tb4_description/urdf) by extension 'python'
[0.193s] Level 1:colcon.colcon_core.package_identification:_identify(models/turtlebot4/nav2_minimal_tb4_description/urdf) by extensions ['python_setup_py']
[0.193s] Level 1:colcon.colcon_core.package_identification:_identify(models/turtlebot4/nav2_minimal_tb4_description/urdf) by extension 'python_setup_py'
[0.193s] Level 1:colcon.colcon_core.package_identification:_identify(models/turtlebot4/nav2_minimal_tb4_description/urdf/icreate) by extensions ['ignore', 'ignore_ament_install']
[0.193s] Level 1:colcon.colcon_core.package_identification:_identify(models/turtlebot4/nav2_minimal_tb4_description/urdf/icreate) by extension 'ignore'
[0.193s] Level 1:colcon.colcon_core.package_identification:_identify(models/turtlebot4/nav2_minimal_tb4_description/urdf/icreate) by extension 'ignore_ament_install'
[0.193s] Level 1:colcon.colcon_core.package_identification:_identify(models/turtlebot4/nav2_minimal_tb4_description/urdf/icreate) by extensions ['colcon_pkg']
[0.193s] Level 1:colcon.colcon_core.package_identification:_identify(models/turtlebot4/nav2_minimal_tb4_description/urdf/icreate) by extension 'colcon_pkg'
[0.193s] Level 1:colcon.colcon_core.package_identification:_identify(models/turtlebot4/nav2_minimal_tb4_description/urdf/icreate) by extensions ['colcon_meta']
[0.193s] Level 1:colcon.colcon_core.package_identification:_identify(models/turtlebot4/nav2_minimal_tb4_description/urdf/icreate) by extension 'colcon_meta'
[0.193s] Level 1:colcon.colcon_core.package_identification:_identify(models/turtlebot4/nav2_minimal_tb4_description/urdf/icreate) by extensions ['ros']
[0.193s] Level 1:colcon.colcon_core.package_identification:_identify(models/turtlebot4/nav2_minimal_tb4_description/urdf/icreate) by extension 'ros'
[0.193s] Level 1:colcon.colcon_core.package_identification:_identify(models/turtlebot4/nav2_minimal_tb4_description/urdf/icreate) by extensions ['cmake', 'python']
[0.193s] Level 1:colcon.colcon_core.package_identification:_identify(models/turtlebot4/nav2_minimal_tb4_description/urdf/icreate) by extension 'cmake'
[0.193s] Level 1:colcon.colcon_core.package_identification:_identify(models/turtlebot4/nav2_minimal_tb4_description/urdf/icreate) by extension 'python'
[0.194s] Level 1:colcon.colcon_core.package_identification:_identify(models/turtlebot4/nav2_minimal_tb4_description/urdf/icreate) by extensions ['python_setup_py']
[0.194s] Level 1:colcon.colcon_core.package_identification:_identify(models/turtlebot4/nav2_minimal_tb4_description/urdf/icreate) by extension 'python_setup_py'
[0.194s] Level 1:colcon.colcon_core.package_identification:_identify(models/turtlebot4/nav2_minimal_tb4_description/urdf/icreate/sensors) by extensions ['ignore', 'ignore_ament_install']
[0.194s] Level 1:colcon.colcon_core.package_identification:_identify(models/turtlebot4/nav2_minimal_tb4_description/urdf/icreate/sensors) by extension 'ignore'
[0.194s] Level 1:colcon.colcon_core.package_identification:_identify(models/turtlebot4/nav2_minimal_tb4_description/urdf/icreate/sensors) by extension 'ignore_ament_install'
[0.194s] Level 1:colcon.colcon_core.package_identification:_identify(models/turtlebot4/nav2_minimal_tb4_description/urdf/icreate/sensors) by extensions ['colcon_pkg']
[0.194s] Level 1:colcon.colcon_core.package_identification:_identify(models/turtlebot4/nav2_minimal_tb4_description/urdf/icreate/sensors) by extension 'colcon_pkg'
[0.194s] Level 1:colcon.colcon_core.package_identification:_identify(models/turtlebot4/nav2_minimal_tb4_description/urdf/icreate/sensors) by extensions ['colcon_meta']
[0.194s] Level 1:colcon.colcon_core.package_identification:_identify(models/turtlebot4/nav2_minimal_tb4_description/urdf/icreate/sensors) by extension 'colcon_meta'
[0.194s] Level 1:colcon.colcon_core.package_identification:_identify(models/turtlebot4/nav2_minimal_tb4_description/urdf/icreate/sensors) by extensions ['ros']
[0.194s] Level 1:colcon.colcon_core.package_identification:_identify(models/turtlebot4/nav2_minimal_tb4_description/urdf/icreate/sensors) by extension 'ros'
[0.194s] Level 1:colcon.colcon_core.package_identification:_identify(models/turtlebot4/nav2_minimal_tb4_description/urdf/icreate/sensors) by extensions ['cmake', 'python']
[0.194s] Level 1:colcon.colcon_core.package_identification:_identify(models/turtlebot4/nav2_minimal_tb4_description/urdf/icreate/sensors) by extension 'cmake'
[0.194s] Level 1:colcon.colcon_core.package_identification:_identify(models/turtlebot4/nav2_minimal_tb4_description/urdf/icreate/sensors) by extension 'python'
[0.194s] Level 1:colcon.colcon_core.package_identification:_identify(models/turtlebot4/nav2_minimal_tb4_description/urdf/icreate/sensors) by extensions ['python_setup_py']
[0.195s] Level 1:colcon.colcon_core.package_identification:_identify(models/turtlebot4/nav2_minimal_tb4_description/urdf/icreate/sensors) by extension 'python_setup_py'
[0.195s] Level 1:colcon.colcon_core.package_identification:_identify(models/turtlebot4/nav2_minimal_tb4_description/urdf/sensors) by extensions ['ignore', 'ignore_ament_install']
[0.195s] Level 1:colcon.colcon_core.package_identification:_identify(models/turtlebot4/nav2_minimal_tb4_description/urdf/sensors) by extension 'ignore'
[0.195s] Level 1:colcon.colcon_core.package_identification:_identify(models/turtlebot4/nav2_minimal_tb4_description/urdf/sensors) by extension 'ignore_ament_install'
[0.195s] Level 1:colcon.colcon_core.package_identification:_identify(models/turtlebot4/nav2_minimal_tb4_description/urdf/sensors) by extensions ['colcon_pkg']
[0.195s] Level 1:colcon.colcon_core.package_identification:_identify(models/turtlebot4/nav2_minimal_tb4_description/urdf/sensors) by extension 'colcon_pkg'
[0.195s] Level 1:colcon.colcon_core.package_identification:_identify(models/turtlebot4/nav2_minimal_tb4_description/urdf/sensors) by extensions ['colcon_meta']
[0.195s] Level 1:colcon.colcon_core.package_identification:_identify(models/turtlebot4/nav2_minimal_tb4_description/urdf/sensors) by extension 'colcon_meta'
[0.195s] Level 1:colcon.colcon_core.package_identification:_identify(models/turtlebot4/nav2_minimal_tb4_description/urdf/sensors) by extensions ['ros']
[0.195s] Level 1:colcon.colcon_core.package_identification:_identify(models/turtlebot4/nav2_minimal_tb4_description/urdf/sensors) by extension 'ros'
[0.195s] Level 1:colcon.colcon_core.package_identification:_identify(models/turtlebot4/nav2_minimal_tb4_description/urdf/sensors) by extensions ['cmake', 'python']
[0.195s] Level 1:colcon.colcon_core.package_identification:_identify(models/turtlebot4/nav2_minimal_tb4_description/urdf/sensors) by extension 'cmake'
[0.195s] Level 1:colcon.colcon_core.package_identification:_identify(models/turtlebot4/nav2_minimal_tb4_description/urdf/sensors) by extension 'python'
[0.195s] Level 1:colcon.colcon_core.package_identification:_identify(models/turtlebot4/nav2_minimal_tb4_description/urdf/sensors) by extensions ['python_setup_py']
[0.195s] Level 1:colcon.colcon_core.package_identification:_identify(models/turtlebot4/nav2_minimal_tb4_description/urdf/sensors) by extension 'python_setup_py'
[0.196s] Level 1:colcon.colcon_core.package_identification:_identify(models/turtlebot4/nav2_minimal_tb4_description/urdf/standard) by extensions ['ignore', 'ignore_ament_install']
[0.196s] Level 1:colcon.colcon_core.package_identification:_identify(models/turtlebot4/nav2_minimal_tb4_description/urdf/standard) by extension 'ignore'
[0.196s] Level 1:colcon.colcon_core.package_identification:_identify(models/turtlebot4/nav2_minimal_tb4_description/urdf/standard) by extension 'ignore_ament_install'
[0.196s] Level 1:colcon.colcon_core.package_identification:_identify(models/turtlebot4/nav2_minimal_tb4_description/urdf/standard) by extensions ['colcon_pkg']
[0.196s] Level 1:colcon.colcon_core.package_identification:_identify(models/turtlebot4/nav2_minimal_tb4_description/urdf/standard) by extension 'colcon_pkg'
[0.196s] Level 1:colcon.colcon_core.package_identification:_identify(models/turtlebot4/nav2_minimal_tb4_description/urdf/standard) by extensions ['colcon_meta']
[0.196s] Level 1:colcon.colcon_core.package_identification:_identify(models/turtlebot4/nav2_minimal_tb4_description/urdf/standard) by extension 'colcon_meta'
[0.196s] Level 1:colcon.colcon_core.package_identification:_identify(models/turtlebot4/nav2_minimal_tb4_description/urdf/standard) by extensions ['ros']
[0.196s] Level 1:colcon.colcon_core.package_identification:_identify(models/turtlebot4/nav2_minimal_tb4_description/urdf/standard) by extension 'ros'
[0.196s] Level 1:colcon.colcon_core.package_identification:_identify(models/turtlebot4/nav2_minimal_tb4_description/urdf/standard) by extensions ['cmake', 'python']
[0.196s] Level 1:colcon.colcon_core.package_identification:_identify(models/turtlebot4/nav2_minimal_tb4_description/urdf/standard) by extension 'cmake'
[0.196s] Level 1:colcon.colcon_core.package_identification:_identify(models/turtlebot4/nav2_minimal_tb4_description/urdf/standard) by extension 'python'
[0.196s] Level 1:colcon.colcon_core.package_identification:_identify(models/turtlebot4/nav2_minimal_tb4_description/urdf/standard) by extensions ['python_setup_py']
[0.196s] Level 1:colcon.colcon_core.package_identification:_identify(models/turtlebot4/nav2_minimal_tb4_description/urdf/standard) by extension 'python_setup_py'
[0.197s] Level 1:colcon.colcon_core.package_identification:_identify(src) by extensions ['ignore', 'ignore_ament_install']
[0.197s] Level 1:colcon.colcon_core.package_identification:_identify(src) by extension 'ignore'
[0.197s] Level 1:colcon.colcon_core.package_identification:_identify(src) by extension 'ignore_ament_install'
[0.197s] Level 1:colcon.colcon_core.package_identification:_identify(src) by extensions ['colcon_pkg']
[0.197s] Level 1:colcon.colcon_core.package_identification:_identify(src) by extension 'colcon_pkg'
[0.197s] Level 1:colcon.colcon_core.package_identification:_identify(src) by extensions ['colcon_meta']
[0.197s] Level 1:colcon.colcon_core.package_identification:_identify(src) by extension 'colcon_meta'
[0.197s] Level 1:colcon.colcon_core.package_identification:_identify(src) by extensions ['ros']
[0.197s] Level 1:colcon.colcon_core.package_identification:_identify(src) by extension 'ros'
[0.197s] Level 1:colcon.colcon_core.package_identification:_identify(src) by extensions ['cmake', 'python']
[0.197s] Level 1:colcon.colcon_core.package_identification:_identify(src) by extension 'cmake'
[0.197s] Level 1:colcon.colcon_core.package_identification:_identify(src) by extension 'python'
[0.197s] Level 1:colcon.colcon_core.package_identification:_identify(src) by extensions ['python_setup_py']
[0.197s] Level 1:colcon.colcon_core.package_identification:_identify(src) by extension 'python_setup_py'
[0.197s] Level 1:colcon.colcon_core.package_identification:_identify(src/ionic_demo) by extensions ['ignore', 'ignore_ament_install']
[0.197s] Level 1:colcon.colcon_core.package_identification:_identify(src/ionic_demo) by extension 'ignore'
[0.198s] Level 1:colcon.colcon_core.package_identification:_identify(src/ionic_demo) by extension 'ignore_ament_install'
[0.198s] Level 1:colcon.colcon_core.package_identification:_identify(src/ionic_demo) by extensions ['colcon_pkg']
[0.198s] Level 1:colcon.colcon_core.package_identification:_identify(src/ionic_demo) by extension 'colcon_pkg'
[0.198s] Level 1:colcon.colcon_core.package_identification:_identify(src/ionic_demo) by extensions ['colcon_meta']
[0.198s] Level 1:colcon.colcon_core.package_identification:_identify(src/ionic_demo) by extension 'colcon_meta'
[0.198s] Level 1:colcon.colcon_core.package_identification:_identify(src/ionic_demo) by extensions ['ros']
[0.198s] Level 1:colcon.colcon_core.package_identification:_identify(src/ionic_demo) by extension 'ros'
[0.198s] Level 1:colcon.colcon_core.package_identification:_identify(src/ionic_demo) by extensions ['cmake', 'python']
[0.198s] Level 1:colcon.colcon_core.package_identification:_identify(src/ionic_demo) by extension 'cmake'
[0.198s] Level 1:colcon.colcon_core.package_identification:_identify(src/ionic_demo) by extension 'python'
[0.198s] Level 1:colcon.colcon_core.package_identification:_identify(src/ionic_demo) by extensions ['python_setup_py']
[0.198s] Level 1:colcon.colcon_core.package_identification:_identify(src/ionic_demo) by extension 'python_setup_py'
[0.198s] Level 1:colcon.colcon_core.package_identification:_identify(src/ionic_demo/ionic_demo) by extensions ['ignore', 'ignore_ament_install']
[0.198s] Level 1:colcon.colcon_core.package_identification:_identify(src/ionic_demo/ionic_demo) by extension 'ignore'
[0.198s] Level 1:colcon.colcon_core.package_identification:_identify(src/ionic_demo/ionic_demo) by extension 'ignore_ament_install'
[0.199s] Level 1:colcon.colcon_core.package_identification:_identify(src/ionic_demo/ionic_demo) by extensions ['colcon_pkg']
[0.199s] Level 1:colcon.colcon_core.package_identification:_identify(src/ionic_demo/ionic_demo) by extension 'colcon_pkg'
[0.199s] Level 1:colcon.colcon_core.package_identification:_identify(src/ionic_demo/ionic_demo) by extensions ['colcon_meta']
[0.199s] Level 1:colcon.colcon_core.package_identification:_identify(src/ionic_demo/ionic_demo) by extension 'colcon_meta'
[0.199s] Level 1:colcon.colcon_core.package_identification:_identify(src/ionic_demo/ionic_demo) by extensions ['ros']
[0.199s] Level 1:colcon.colcon_core.package_identification:_identify(src/ionic_demo/ionic_demo) by extension 'ros'
[0.201s] DEBUG:colcon.colcon_core.package_identification:Package 'src/ionic_demo/ionic_demo' with type 'ros.ament_cmake' and name 'ionic_demo'
[0.201s] Level 1:colcon.colcon_core.package_identification:_identify(src/multirobot_spawn) by extensions ['ignore', 'ignore_ament_install']
[0.202s] Level 1:colcon.colcon_core.package_identification:_identify(src/multirobot_spawn) by extension 'ignore'
[0.202s] Level 1:colcon.colcon_core.package_identification:_identify(src/multirobot_spawn) by extension 'ignore_ament_install'
[0.202s] Level 1:colcon.colcon_core.package_identification:_identify(src/multirobot_spawn) by extensions ['colcon_pkg']
[0.202s] Level 1:colcon.colcon_core.package_identification:_identify(src/multirobot_spawn) by extension 'colcon_pkg'
[0.202s] Level 1:colcon.colcon_core.package_identification:_identify(src/multirobot_spawn) by extensions ['colcon_meta']
[0.202s] Level 1:colcon.colcon_core.package_identification:_identify(src/multirobot_spawn) by extension 'colcon_meta'
[0.202s] Level 1:colcon.colcon_core.package_identification:_identify(src/multirobot_spawn) by extensions ['ros']
[0.202s] Level 1:colcon.colcon_core.package_identification:_identify(src/multirobot_spawn) by extension 'ros'
[0.203s] DEBUG:colcon.colcon_core.package_identification:Package 'src/multirobot_spawn' with type 'ros.ament_python' and name 'multirobot_spawn'
[0.203s] Level 1:colcon.colcon_core.package_identification:_identify(src/multirobot_spawn_obs) by extensions ['ignore', 'ignore_ament_install']
[0.203s] Level 1:colcon.colcon_core.package_identification:_identify(src/multirobot_spawn_obs) by extension 'ignore'
[0.203s] Level 1:colcon.colcon_core.package_identification:_identify(src/multirobot_spawn_obs) by extension 'ignore_ament_install'
[0.203s] Level 1:colcon.colcon_core.package_identification:_identify(src/multirobot_spawn_obs) by extensions ['colcon_pkg']
[0.203s] Level 1:colcon.colcon_core.package_identification:_identify(src/multirobot_spawn_obs) by extension 'colcon_pkg'
[0.203s] Level 1:colcon.colcon_core.package_identification:_identify(src/multirobot_spawn_obs) by extensions ['colcon_meta']
[0.203s] Level 1:colcon.colcon_core.package_identification:_identify(src/multirobot_spawn_obs) by extension 'colcon_meta'
[0.203s] Level 1:colcon.colcon_core.package_identification:_identify(src/multirobot_spawn_obs) by extensions ['ros']
[0.203s] Level 1:colcon.colcon_core.package_identification:_identify(src/multirobot_spawn_obs) by extension 'ros'
[0.204s] DEBUG:colcon.colcon_core.package_identification:Package 'src/multirobot_spawn_obs' with type 'ros.ament_python' and name 'multirobot_spawn_obs'
[0.204s] Level 1:colcon.colcon_core.package_identification:_identify(src/robot_controller) by extensions ['ignore', 'ignore_ament_install']
[0.204s] Level 1:colcon.colcon_core.package_identification:_identify(src/robot_controller) by extension 'ignore'
[0.204s] Level 1:colcon.colcon_core.package_identification:_identify(src/robot_controller) by extension 'ignore_ament_install'
[0.204s] Level 1:colcon.colcon_core.package_identification:_identify(src/robot_controller) by extensions ['colcon_pkg']
[0.204s] Level 1:colcon.colcon_core.package_identification:_identify(src/robot_controller) by extension 'colcon_pkg'
[0.204s] Level 1:colcon.colcon_core.package_identification:_identify(src/robot_controller) by extensions ['colcon_meta']
[0.204s] Level 1:colcon.colcon_core.package_identification:_identify(src/robot_controller) by extension 'colcon_meta'
[0.204s] Level 1:colcon.colcon_core.package_identification:_identify(src/robot_controller) by extensions ['ros']
[0.204s] Level 1:colcon.colcon_core.package_identification:_identify(src/robot_controller) by extension 'ros'
[0.205s] DEBUG:colcon.colcon_core.package_identification:Package 'src/robot_controller' with type 'ros.ament_python' and name 'robot_controller'
[0.205s] Level 1:colcon.colcon_core.package_identification:_identify(src/ros2-vicon-receiver) by extensions ['ignore', 'ignore_ament_install']
[0.205s] Level 1:colcon.colcon_core.package_identification:_identify(src/ros2-vicon-receiver) by extension 'ignore'
[0.205s] Level 1:colcon.colcon_core.package_identification:_identify(src/ros2-vicon-receiver) by extension 'ignore_ament_install'
[0.205s] Level 1:colcon.colcon_core.package_identification:_identify(src/ros2-vicon-receiver) by extensions ['colcon_pkg']
[0.205s] Level 1:colcon.colcon_core.package_identification:_identify(src/ros2-vicon-receiver) by extension 'colcon_pkg'
[0.205s] Level 1:colcon.colcon_core.package_identification:_identify(src/ros2-vicon-receiver) by extensions ['colcon_meta']
[0.205s] Level 1:colcon.colcon_core.package_identification:_identify(src/ros2-vicon-receiver) by extension 'colcon_meta'
[0.205s] Level 1:colcon.colcon_core.package_identification:_identify(src/ros2-vicon-receiver) by extensions ['ros']
[0.205s] Level 1:colcon.colcon_core.package_identification:_identify(src/ros2-vicon-receiver) by extension 'ros'
[0.206s] Level 1:colcon.colcon_core.package_identification:_identify(src/ros2-vicon-receiver) by extensions ['cmake', 'python']
[0.206s] Level 1:colcon.colcon_core.package_identification:_identify(src/ros2-vicon-receiver) by extension 'cmake'
[0.206s] Level 1:colcon.colcon_core.package_identification:_identify(src/ros2-vicon-receiver) by extension 'python'
[0.206s] Level 1:colcon.colcon_core.package_identification:_identify(src/ros2-vicon-receiver) by extensions ['python_setup_py']
[0.206s] Level 1:colcon.colcon_core.package_identification:_identify(src/ros2-vicon-receiver) by extension 'python_setup_py'
[0.206s] Level 1:colcon.colcon_core.package_identification:_identify(src/ros2-vicon-receiver/DataStreamSDK_1.12.0) by extensions ['ignore', 'ignore_ament_install']
[0.206s] Level 1:colcon.colcon_core.package_identification:_identify(src/ros2-vicon-receiver/DataStreamSDK_1.12.0) by extension 'ignore'
[0.206s] Level 1:colcon.colcon_core.package_identification:_identify(src/ros2-vicon-receiver/DataStreamSDK_1.12.0) by extension 'ignore_ament_install'
[0.206s] Level 1:colcon.colcon_core.package_identification:_identify(src/ros2-vicon-receiver/DataStreamSDK_1.12.0) by extensions ['colcon_pkg']
[0.206s] Level 1:colcon.colcon_core.package_identification:_identify(src/ros2-vicon-receiver/DataStreamSDK_1.12.0) by extension 'colcon_pkg'
[0.206s] Level 1:colcon.colcon_core.package_identification:_identify(src/ros2-vicon-receiver/DataStreamSDK_1.12.0) by extensions ['colcon_meta']
[0.206s] Level 1:colcon.colcon_core.package_identification:_identify(src/ros2-vicon-receiver/DataStreamSDK_1.12.0) by extension 'colcon_meta'
[0.206s] Level 1:colcon.colcon_core.package_identification:_identify(src/ros2-vicon-receiver/DataStreamSDK_1.12.0) by extensions ['ros']
[0.206s] Level 1:colcon.colcon_core.package_identification:_identify(src/ros2-vicon-receiver/DataStreamSDK_1.12.0) by extension 'ros'
[0.207s] Level 1:colcon.colcon_core.package_identification:_identify(src/ros2-vicon-receiver/DataStreamSDK_1.12.0) by extensions ['cmake', 'python']
[0.207s] Level 1:colcon.colcon_core.package_identification:_identify(src/ros2-vicon-receiver/DataStreamSDK_1.12.0) by extension 'cmake'
[0.207s] Level 1:colcon.colcon_core.package_identification:_identify(src/ros2-vicon-receiver/DataStreamSDK_1.12.0) by extension 'python'
[0.207s] Level 1:colcon.colcon_core.package_identification:_identify(src/ros2-vicon-receiver/DataStreamSDK_1.12.0) by extensions ['python_setup_py']
[0.207s] Level 1:colcon.colcon_core.package_identification:_identify(src/ros2-vicon-receiver/DataStreamSDK_1.12.0) by extension 'python_setup_py'
[0.207s] Level 1:colcon.colcon_core.package_identification:_identify(src/ros2-vicon-receiver/vicon_receiver) by extensions ['ignore', 'ignore_ament_install']
[0.207s] Level 1:colcon.colcon_core.package_identification:_identify(src/ros2-vicon-receiver/vicon_receiver) by extension 'ignore'
[0.207s] Level 1:colcon.colcon_core.package_identification:_identify(src/ros2-vicon-receiver/vicon_receiver) by extension 'ignore_ament_install'
[0.207s] Level 1:colcon.colcon_core.package_identification:_identify(src/ros2-vicon-receiver/vicon_receiver) by extensions ['colcon_pkg']
[0.207s] Level 1:colcon.colcon_core.package_identification:_identify(src/ros2-vicon-receiver/vicon_receiver) by extension 'colcon_pkg'
[0.207s] Level 1:colcon.colcon_core.package_identification:_identify(src/ros2-vicon-receiver/vicon_receiver) by extensions ['colcon_meta']
[0.207s] Level 1:colcon.colcon_core.package_identification:_identify(src/ros2-vicon-receiver/vicon_receiver) by extension 'colcon_meta'
[0.207s] Level 1:colcon.colcon_core.package_identification:_identify(src/ros2-vicon-receiver/vicon_receiver) by extensions ['ros']
[0.207s] Level 1:colcon.colcon_core.package_identification:_identify(src/ros2-vicon-receiver/vicon_receiver) by extension 'ros'
[0.208s] DEBUG:colcon.colcon_core.package_identification:Package 'src/ros2-vicon-receiver/vicon_receiver' with type 'ros.ament_cmake' and name 'vicon_receiver'
[0.208s] Level 1:colcon.colcon_core.package_identification:_identify(src/shepherding_control) by extensions ['ignore', 'ignore_ament_install']
[0.208s] Level 1:colcon.colcon_core.package_identification:_identify(src/shepherding_control) by extension 'ignore'
[0.208s] Level 1:colcon.colcon_core.package_identification:_identify(src/shepherding_control) by extension 'ignore_ament_install'
[0.208s] Level 1:colcon.colcon_core.package_identification:_identify(src/shepherding_control) by extensions ['colcon_pkg']
[0.208s] Level 1:colcon.colcon_core.package_identification:_identify(src/shepherding_control) by extension 'colcon_pkg'
[0.208s] Level 1:colcon.colcon_core.package_identification:_identify(src/shepherding_control) by extensions ['colcon_meta']
[0.208s] Level 1:colcon.colcon_core.package_identification:_identify(src/shepherding_control) by extension 'colcon_meta'
[0.208s] Level 1:colcon.colcon_core.package_identification:_identify(src/shepherding_control) by extensions ['ros']
[0.208s] Level 1:colcon.colcon_core.package_identification:_identify(src/shepherding_control) by extension 'ros'
[0.209s] DEBUG:colcon.colcon_core.package_identification:Package 'src/shepherding_control' with type 'ros.ament_python' and name 'shepherding_control'
[0.209s] Level 1:colcon.colcon_core.package_identification:_identify(worlds) by extensions ['ignore', 'ignore_ament_install']
[0.209s] Level 1:colcon.colcon_core.package_identification:_identify(worlds) by extension 'ignore'
[0.209s] Level 1:colcon.colcon_core.package_identification:_identify(worlds) by extension 'ignore_ament_install'
[0.209s] Level 1:colcon.colcon_core.package_identification:_identify(worlds) by extensions ['colcon_pkg']
[0.209s] Level 1:colcon.colcon_core.package_identification:_identify(worlds) by extension 'colcon_pkg'
[0.209s] Level 1:colcon.colcon_core.package_identification:_identify(worlds) by extensions ['colcon_meta']
[0.209s] Level 1:colcon.colcon_core.package_identification:_identify(worlds) by extension 'colcon_meta'
[0.209s] Level 1:colcon.colcon_core.package_identification:_identify(worlds) by extensions ['ros']
[0.209s] Level 1:colcon.colcon_core.package_identification:_identify(worlds) by extension 'ros'
[0.210s] Level 1:colcon.colcon_core.package_identification:_identify(worlds) by extensions ['cmake', 'python']
[0.210s] Level 1:colcon.colcon_core.package_identification:_identify(worlds) by extension 'cmake'
[0.210s] Level 1:colcon.colcon_core.package_identification:_identify(worlds) by extension 'python'
[0.210s] Level 1:colcon.colcon_core.package_identification:_identify(worlds) by extensions ['python_setup_py']
[0.210s] Level 1:colcon.colcon_core.package_identification:_identify(worlds) by extension 'python_setup_py'
[0.210s] Level 1:colcon.colcon_core.package_discovery:discover_packages(recursive) using defaults
[0.210s] Level 1:colcon.colcon_core.package_discovery:discover_packages(ignore) discover
[0.210s] Level 1:colcon.colcon_core.package_discovery:discover_packages(ignore) using defaults
[0.210s] Level 1:colcon.colcon_core.package_discovery:discover_packages(path) discover
[0.210s] Level 1:colcon.colcon_core.package_discovery:discover_packages(path) using defaults
[0.231s] Level 1:colcon.colcon_core.package_discovery:discover_packages(prefix_path) check parameters
[0.231s] Level 1:colcon.colcon_core.package_discovery:discover_packages(prefix_path) discover
[0.234s] DEBUG:colcon.colcon_installed_package_information.package_discovery:Found 315 installed packages in /opt/ros/jazzy
[0.236s] Level 1:colcon.colcon_core.package_discovery:discover_packages(prefix_path) using defaults
[0.278s] Level 5:colcon.colcon_core.verb:set package 'ionic_demo' build argument 'cmake_args' from command line to 'None'
[0.278s] Level 5:colcon.colcon_core.verb:set package 'ionic_demo' build argument 'cmake_target' from command line to 'None'
[0.278s] Level 5:colcon.colcon_core.verb:set package 'ionic_demo' build argument 'cmake_target_skip_unavailable' from command line to 'False'
[0.278s] Level 5:colcon.colcon_core.verb:set package 'ionic_demo' build argument 'cmake_clean_cache' from command line to 'False'
[0.278s] Level 5:colcon.colcon_core.verb:set package 'ionic_demo' build argument 'cmake_clean_first' from command line to 'False'
[0.278s] Level 5:colcon.colcon_core.verb:set package 'ionic_demo' build argument 'cmake_force_configure' from command line to 'False'
[0.278s] Level 5:colcon.colcon_core.verb:set package 'ionic_demo' build argument 'ament_cmake_args' from command line to 'None'
[0.278s] Level 5:colcon.colcon_core.verb:set package 'ionic_demo' build argument 'catkin_cmake_args' from command line to 'None'
[0.278s] Level 5:colcon.colcon_core.verb:set package 'ionic_demo' build argument 'catkin_skip_building_tests' from command line to 'False'
[0.278s] DEBUG:colcon.colcon_core.verb:Building package 'ionic_demo' with the following arguments: {'ament_cmake_args': None, 'build_base': '/home/stefano/dev/Costanza/ros2_ws/build/ionic_demo', 'catkin_cmake_args': None, 'catkin_skip_building_tests': False, 'cmake_args': None, 'cmake_clean_cache': False, 'cmake_clean_first': False, 'cmake_force_configure': False, 'cmake_target': None, 'cmake_target_skip_unavailable': False, 'install_base': '/home/stefano/dev/Costanza/ros2_ws/install/ionic_demo', 'merge_install': False, 'path': '/home/stefano/dev/Costanza/ros2_ws/src/ionic_demo/ionic_demo', 'symlink_install': False, 'test_result_base': None}
[0.279s] Level 5:colcon.colcon_core.verb:set package 'multirobot_spawn' build argument 'cmake_args' from command line to 'None'
[0.279s] Level 5:colcon.colcon_core.verb:set package 'multirobot_spawn' build argument 'cmake_target' from command line to 'None'
[0.279s] Level 5:colcon.colcon_core.verb:set package 'multirobot_spawn' build argument 'cmake_target_skip_unavailable' from command line to 'False'
[0.279s] Level 5:colcon.colcon_core.verb:set package 'multirobot_spawn' build argument 'cmake_clean_cache' from command line to 'False'
[0.279s] Level 5:colcon.colcon_core.verb:set package 'multirobot_spawn' build argument 'cmake_clean_first' from command line to 'False'
[0.279s] Level 5:colcon.colcon_core.verb:set package 'multirobot_spawn' build argument 'cmake_force_configure' from command line to 'False'
[0.279s] Level 5:colcon.colcon_core.verb:set package 'multirobot_spawn' build argument 'ament_cmake_args' from command line to 'None'
[0.279s] Level 5:colcon.colcon_core.verb:set package 'multirobot_spawn' build argument 'catkin_cmake_args' from command line to 'None'
[0.279s] Level 5:colcon.colcon_core.verb:set package 'multirobot_spawn' build argument 'catkin_skip_building_tests' from command line to 'False'
[0.279s] DEBUG:colcon.colcon_core.verb:Building package 'multirobot_spawn' with the following arguments: {'ament_cmake_args': None, 'build_base': '/home/stefano/dev/Costanza/ros2_ws/build/multirobot_spawn', 'catkin_cmake_args': None, 'catkin_skip_building_tests': False, 'cmake_args': None, 'cmake_clean_cache': False, 'cmake_clean_first': False, 'cmake_force_configure': False, 'cmake_target': None, 'cmake_target_skip_unavailable': False, 'install_base': '/home/stefano/dev/Costanza/ros2_ws/install/multirobot_spawn', 'merge_install': False, 'path': '/home/stefano/dev/Costanza/ros2_ws/src/multirobot_spawn', 'symlink_install': False, 'test_result_base': None}
[0.279s] Level 5:colcon.colcon_core.verb:set package 'multirobot_spawn_obs' build argument 'cmake_args' from command line to 'None'
[0.279s] Level 5:colcon.colcon_core.verb:set package 'multirobot_spawn_obs' build argument 'cmake_target' from command line to 'None'
[0.280s] Level 5:colcon.colcon_core.verb:set package 'multirobot_spawn_obs' build argument 'cmake_target_skip_unavailable' from command line to 'False'
[0.280s] Level 5:colcon.colcon_core.verb:set package 'multirobot_spawn_obs' build argument 'cmake_clean_cache' from command line to 'False'
[0.280s] Level 5:colcon.colcon_core.verb:set package 'multirobot_spawn_obs' build argument 'cmake_clean_first' from command line to 'False'
[0.280s] Level 5:colcon.colcon_core.verb:set package 'multirobot_spawn_obs' build argument 'cmake_force_configure' from command line to 'False'
[0.280s] Level 5:colcon.colcon_core.verb:set package 'multirobot_spawn_obs' build argument 'ament_cmake_args' from command line to 'None'
[0.280s] Level 5:colcon.colcon_core.verb:set package 'multirobot_spawn_obs' build argument 'catkin_cmake_args' from command line to 'None'
[0.280s] Level 5:colcon.colcon_core.verb:set package 'multirobot_spawn_obs' build argument 'catkin_skip_building_tests' from command line to 'False'
[0.280s] DEBUG:colcon.colcon_core.verb:Building package 'multirobot_spawn_obs' with the following arguments: {'ament_cmake_args': None, 'build_base': '/home/stefano/dev/Costanza/ros2_ws/build/multirobot_spawn_obs', 'catkin_cmake_args': None, 'catkin_skip_building_tests': False, 'cmake_args': None, 'cmake_clean_cache': False, 'cmake_clean_first': False, 'cmake_force_configure': False, 'cmake_target': None, 'cmake_target_skip_unavailable': False, 'install_base': '/home/stefano/dev/Costanza/ros2_ws/install/multirobot_spawn_obs', 'merge_install': False, 'path': '/home/stefano/dev/Costanza/ros2_ws/src/multirobot_spawn_obs', 'symlink_install': False, 'test_result_base': None}
[0.280s] Level 5:colcon.colcon_core.verb:set package 'robot_controller' build argument 'cmake_args' from command line to 'None'
[0.280s] Level 5:colcon.colcon_core.verb:set package 'robot_controller' build argument 'cmake_target' from command line to 'None'
[0.280s] Level 5:colcon.colcon_core.verb:set package 'robot_controller' build argument 'cmake_target_skip_unavailable' from command line to 'False'
[0.280s] Level 5:colcon.colcon_core.verb:set package 'robot_controller' build argument 'cmake_clean_cache' from command line to 'False'
[0.280s] Level 5:colcon.colcon_core.verb:set package 'robot_controller' build argument 'cmake_clean_first' from command line to 'False'
[0.280s] Level 5:colcon.colcon_core.verb:set package 'robot_controller' build argument 'cmake_force_configure' from command line to 'False'
[0.280s] Level 5:colcon.colcon_core.verb:set package 'robot_controller' build argument 'ament_cmake_args' from command line to 'None'
[0.280s] Level 5:colcon.colcon_core.verb:set package 'robot_controller' build argument 'catkin_cmake_args' from command line to 'None'
[0.280s] Level 5:colcon.colcon_core.verb:set package 'robot_controller' build argument 'catkin_skip_building_tests' from command line to 'False'
[0.280s] DEBUG:colcon.colcon_core.verb:Building package 'robot_controller' with the following arguments: {'ament_cmake_args': None, 'build_base': '/home/stefano/dev/Costanza/ros2_ws/build/robot_controller', 'catkin_cmake_args': None, 'catkin_skip_building_tests': False, 'cmake_args': None, 'cmake_clean_cache': False, 'cmake_clean_first': False, 'cmake_force_configure': False, 'cmake_target': None, 'cmake_target_skip_unavailable': False, 'install_base': '/home/stefano/dev/Costanza/ros2_ws/install/robot_controller', 'merge_install': False, 'path': '/home/stefano/dev/Costanza/ros2_ws/src/robot_controller', 'symlink_install': False, 'test_result_base': None}
[0.281s] Level 5:colcon.colcon_core.verb:set package 'shepherding_control' build argument 'cmake_args' from command line to 'None'
[0.281s] Level 5:colcon.colcon_core.verb:set package 'shepherding_control' build argument 'cmake_target' from command line to 'None'
[0.281s] Level 5:colcon.colcon_core.verb:set package 'shepherding_control' build argument 'cmake_target_skip_unavailable' from command line to 'False'
[0.281s] Level 5:colcon.colcon_core.verb:set package 'shepherding_control' build argument 'cmake_clean_cache' from command line to 'False'
[0.281s] Level 5:colcon.colcon_core.verb:set package 'shepherding_control' build argument 'cmake_clean_first' from command line to 'False'
[0.281s] Level 5:colcon.colcon_core.verb:set package 'shepherding_control' build argument 'cmake_force_configure' from command line to 'False'
[0.281s] Level 5:colcon.colcon_core.verb:set package 'shepherding_control' build argument 'ament_cmake_args' from command line to 'None'
[0.281s] Level 5:colcon.colcon_core.verb:set package 'shepherding_control' build argument 'catkin_cmake_args' from command line to 'None'
[0.281s] Level 5:colcon.colcon_core.verb:set package 'shepherding_control' build argument 'catkin_skip_building_tests' from command line to 'False'
[0.281s] DEBUG:colcon.colcon_core.verb:Building package 'shepherding_control' with the following arguments: {'ament_cmake_args': None, 'build_base': '/home/stefano/dev/Costanza/ros2_ws/build/shepherding_control', 'catkin_cmake_args': None, 'catkin_skip_building_tests': False, 'cmake_args': None, 'cmake_clean_cache': False, 'cmake_clean_first': False, 'cmake_force_configure': False, 'cmake_target': None, 'cmake_target_skip_unavailable': False, 'install_base': '/home/stefano/dev/Costanza/ros2_ws/install/shepherding_control', 'merge_install': False, 'path': '/home/stefano/dev/Costanza/ros2_ws/src/shepherding_control', 'symlink_install': False, 'test_result_base': None}
[0.281s] Level 5:colcon.colcon_core.verb:set package 'vicon_receiver' build argument 'cmake_args' from command line to 'None'
[0.281s] Level 5:colcon.colcon_core.verb:set package 'vicon_receiver' build argument 'cmake_target' from command line to 'None'
[0.281s] Level 5:colcon.colcon_core.verb:set package 'vicon_receiver' build argument 'cmake_target_skip_unavailable' from command line to 'False'
[0.281s] Level 5:colcon.colcon_core.verb:set package 'vicon_receiver' build argument 'cmake_clean_cache' from command line to 'False'
[0.281s] Level 5:colcon.colcon_core.verb:set package 'vicon_receiver' build argument 'cmake_clean_first' from command line to 'False'
[0.281s] Level 5:colcon.colcon_core.verb:set package 'vicon_receiver' build argument 'cmake_force_configure' from command line to 'False'
[0.281s] Level 5:colcon.colcon_core.verb:set package 'vicon_receiver' build argument 'ament_cmake_args' from command line to 'None'
[0.281s] Level 5:colcon.colcon_core.verb:set package 'vicon_receiver' build argument 'catkin_cmake_args' from command line to 'None'
[0.281s] Level 5:colcon.colcon_core.verb:set package 'vicon_receiver' build argument 'catkin_skip_building_tests' from command line to 'False'
[0.282s] DEBUG:colcon.colcon_core.verb:Building package 'vicon_receiver' with the following arguments: {'ament_cmake_args': None, 'build_base': '/home/stefano/dev/Costanza/ros2_ws/build/vicon_receiver', 'catkin_cmake_args': None, 'catkin_skip_building_tests': False, 'cmake_args': None, 'cmake_clean_cache': False, 'cmake_clean_first': False, 'cmake_force_configure': False, 'cmake_target': None, 'cmake_target_skip_unavailable': False, 'install_base': '/home/stefano/dev/Costanza/ros2_ws/install/vicon_receiver', 'merge_install': False, 'path': '/home/stefano/dev/Costanza/ros2_ws/src/ros2-vicon-receiver/vicon_receiver', 'symlink_install': False, 'test_result_base': None}
[0.282s] INFO:colcon.colcon_core.executor:Executing jobs using 'parallel' executor
[0.283s] DEBUG:colcon.colcon_parallel_executor.executor.parallel:run_until_complete
[0.283s] INFO:colcon.colcon_ros.task.ament_cmake.build:Building ROS package in '/home/stefano/dev/Costanza/ros2_ws/src/ionic_demo/ionic_demo' with build type 'ament_cmake'
[0.283s] INFO:colcon.colcon_cmake.task.cmake.build:Building CMake package in '/home/stefano/dev/Costanza/ros2_ws/src/ionic_demo/ionic_demo'
[0.285s] INFO:colcon.colcon_core.plugin_system:Skipping extension 'colcon_core.shell.bat': Not used on non-Windows systems
[0.286s] INFO:colcon.colcon_core.shell:Skip shell extension 'powershell' for command environment: Not usable outside of PowerShell
[0.286s] DEBUG:colcon.colcon_core.shell:Skip shell extension 'dsv' for command environment
[0.290s] INFO:colcon.colcon_ros.task.ament_python.build:Building ROS package in '/home/stefano/dev/Costanza/ros2_ws/src/multirobot_spawn' with build type 'ament_python'
[0.291s] Level 1:colcon.colcon_core.shell:create_environment_hook('multirobot_spawn', 'ament_prefix_path')
[0.291s] INFO:colcon.colcon_core.shell:Creating environment hook '/home/stefano/dev/Costanza/ros2_ws/install/multirobot_spawn/share/multirobot_spawn/hook/ament_prefix_path.ps1'
[0.292s] INFO:colcon.colcon_core.shell:Creating environment descriptor '/home/stefano/dev/Costanza/ros2_ws/install/multirobot_spawn/share/multirobot_spawn/hook/ament_prefix_path.dsv'
[0.293s] INFO:colcon.colcon_core.shell:Creating environment hook '/home/stefano/dev/Costanza/ros2_ws/install/multirobot_spawn/share/multirobot_spawn/hook/ament_prefix_path.sh'
[0.294s] INFO:colcon.colcon_core.shell:Skip shell extension 'powershell' for command environment: Not usable outside of PowerShell
[0.294s] DEBUG:colcon.colcon_core.shell:Skip shell extension 'dsv' for command environment
[0.299s] INFO:colcon.colcon_ros.task.ament_python.build:Building ROS package in '/home/stefano/dev/Costanza/ros2_ws/src/multirobot_spawn_obs' with build type 'ament_python'
[0.299s] Level 1:colcon.colcon_core.shell:create_environment_hook('multirobot_spawn_obs', 'ament_prefix_path')
[0.299s] INFO:colcon.colcon_core.shell:Creating environment hook '/home/stefano/dev/Costanza/ros2_ws/install/multirobot_spawn_obs/share/multirobot_spawn_obs/hook/ament_prefix_path.ps1'
[0.300s] INFO:colcon.colcon_core.shell:Creating environment descriptor '/home/stefano/dev/Costanza/ros2_ws/install/multirobot_spawn_obs/share/multirobot_spawn_obs/hook/ament_prefix_path.dsv'
[0.301s] INFO:colcon.colcon_core.shell:Creating environment hook '/home/stefano/dev/Costanza/ros2_ws/install/multirobot_spawn_obs/share/multirobot_spawn_obs/hook/ament_prefix_path.sh'
[0.302s] INFO:colcon.colcon_core.shell:Skip shell extension 'powershell' for command environment: Not usable outside of PowerShell
[0.302s] DEBUG:colcon.colcon_core.shell:Skip shell extension 'dsv' for command environment
[0.306s] INFO:colcon.colcon_ros.task.ament_python.build:Building ROS package in '/home/stefano/dev/Costanza/ros2_ws/src/robot_controller' with build type 'ament_python'
[0.306s] Level 1:colcon.colcon_core.shell:create_environment_hook('robot_controller', 'ament_prefix_path')
[0.307s] INFO:colcon.colcon_core.shell:Creating environment hook '/home/stefano/dev/Costanza/ros2_ws/install/robot_controller/share/robot_controller/hook/ament_prefix_path.ps1'
[0.307s] INFO:colcon.colcon_core.shell:Creating environment descriptor '/home/stefano/dev/Costanza/ros2_ws/install/robot_controller/share/robot_controller/hook/ament_prefix_path.dsv'
[0.308s] INFO:colcon.colcon_core.shell:Creating environment hook '/home/stefano/dev/Costanza/ros2_ws/install/robot_controller/share/robot_controller/hook/ament_prefix_path.sh'
[0.309s] INFO:colcon.colcon_core.shell:Skip shell extension 'powershell' for command environment: Not usable outside of PowerShell
[0.309s] DEBUG:colcon.colcon_core.shell:Skip shell extension 'dsv' for command environment
[0.314s] INFO:colcon.colcon_ros.task.ament_python.build:Building ROS package in '/home/stefano/dev/Costanza/ros2_ws/src/shepherding_control' with build type 'ament_python'
[0.314s] Level 1:colcon.colcon_core.shell:create_environment_hook('shepherding_control', 'ament_prefix_path')
[0.314s] INFO:colcon.colcon_core.shell:Creating environment hook '/home/stefano/dev/Costanza/ros2_ws/install/shepherding_control/share/shepherding_control/hook/ament_prefix_path.ps1'
[0.315s] INFO:colcon.colcon_core.shell:Creating environment descriptor '/home/stefano/dev/Costanza/ros2_ws/install/shepherding_control/share/shepherding_control/hook/ament_prefix_path.dsv'
[0.316s] INFO:colcon.colcon_core.shell:Creating environment hook '/home/stefano/dev/Costanza/ros2_ws/install/shepherding_control/share/shepherding_control/hook/ament_prefix_path.sh'
[0.317s] INFO:colcon.colcon_core.shell:Skip shell extension 'powershell' for command environment: Not usable outside of PowerShell
[0.317s] DEBUG:colcon.colcon_core.shell:Skip shell extension 'dsv' for command environment
[0.321s] INFO:colcon.colcon_ros.task.ament_cmake.build:Building ROS package in '/home/stefano/dev/Costanza/ros2_ws/src/ros2-vicon-receiver/vicon_receiver' with build type 'ament_cmake'
[0.321s] INFO:colcon.colcon_cmake.task.cmake.build:Building CMake package in '/home/stefano/dev/Costanza/ros2_ws/src/ros2-vicon-receiver/vicon_receiver'
[0.321s] INFO:colcon.colcon_core.shell:Skip shell extension 'powershell' for command environment: Not usable outside of PowerShell
[0.322s] DEBUG:colcon.colcon_core.shell:Skip shell extension 'dsv' for command environment
[0.337s] DEBUG:colcon.colcon_core.event_handler.log_command:Invoking command in '/home/stefano/dev/Costanza/ros2_ws/build/ionic_demo': CMAKE_PREFIX_PATH=${CMAKE_PREFIX_PATH}:/opt/ros/jazzy DEBUGINFOD_URLS=https://debuginfod.ubuntu.com /usr/bin/cmake --build /home/stefano/dev/Costanza/ros2_ws/build/ionic_demo -- -j8 -l8
[0.647s] INFO:colcon.colcon_core.task.python.build:Building Python package in '/home/stefano/dev/Costanza/ros2_ws/src/multirobot_spawn'
[0.647s] INFO:colcon.colcon_core.shell:Skip shell extension 'powershell' for command environment: Not usable outside of PowerShell
[0.647s] DEBUG:colcon.colcon_core.shell:Skip shell extension 'dsv' for command environment
[0.965s] INFO:colcon.colcon_core.task.python.build:Building Python package in '/home/stefano/dev/Costanza/ros2_ws/src/multirobot_spawn_obs'
[0.965s] INFO:colcon.colcon_core.shell:Skip shell extension 'powershell' for command environment: Not usable outside of PowerShell
[0.965s] DEBUG:colcon.colcon_core.shell:Skip shell extension 'dsv' for command environment
[1.222s] INFO:colcon.colcon_core.task.python.build:Building Python package in '/home/stefano/dev/Costanza/ros2_ws/src/robot_controller'
[1.222s] INFO:colcon.colcon_core.shell:Skip shell extension 'powershell' for command environment: Not usable outside of PowerShell
[1.222s] DEBUG:colcon.colcon_core.shell:Skip shell extension 'dsv' for command environment
[1.464s] INFO:colcon.colcon_core.task.python.build:Building Python package in '/home/stefano/dev/Costanza/ros2_ws/src/shepherding_control'
[1.464s] INFO:colcon.colcon_core.shell:Skip shell extension 'powershell' for command environment: Not usable outside of PowerShell
[1.464s] DEBUG:colcon.colcon_core.shell:Skip shell extension 'dsv' for command environment
[1.469s] DEBUG:colcon.colcon_core.event_handler.log_command:Invoked command in '/home/stefano/dev/Costanza/ros2_ws/build/ionic_demo' returned '0': CMAKE_PREFIX_PATH=${CMAKE_PREFIX_PATH}:/opt/ros/jazzy DEBUGINFOD_URLS=https://debuginfod.ubuntu.com /usr/bin/cmake --build /home/stefano/dev/Costanza/ros2_ws/build/ionic_demo -- -j8 -l8
[1.482s] DEBUG:colcon.colcon_core.event_handler.log_command:Invoking command in '/home/stefano/dev/Costanza/ros2_ws/build/ionic_demo': CMAKE_PREFIX_PATH=${CMAKE_PREFIX_PATH}:/opt/ros/jazzy DEBUGINFOD_URLS=https://debuginfod.ubuntu.com /usr/bin/cmake --install /home/stefano/dev/Costanza/ros2_ws/build/ionic_demo
[1.487s] DEBUG:colcon.colcon_core.event_handler.log_command:Invoking command in '/home/stefano/dev/Costanza/ros2_ws/build/vicon_receiver': CMAKE_PREFIX_PATH=${CMAKE_PREFIX_PATH}:/opt/ros/jazzy DEBUGINFOD_URLS=https://debuginfod.ubuntu.com /usr/bin/cmake --build /home/stefano/dev/Costanza/ros2_ws/build/vicon_receiver -- -j8 -l8
[1.532s] Level 1:colcon.colcon_core.environment:create_environment_scripts_only(ionic_demo)
[1.536s] Level 1:colcon.colcon_core.environment:checking '/home/stefano/dev/Costanza/ros2_ws/install/ionic_demo' for CMake module files
[1.538s] Level 1:colcon.colcon_core.environment:checking '/home/stefano/dev/Costanza/ros2_ws/install/ionic_demo' for CMake config files
[1.538s] Level 1:colcon.colcon_core.shell:create_environment_hook('ionic_demo', 'cmake_prefix_path')
[1.539s] INFO:colcon.colcon_core.shell:Creating environment hook '/home/stefano/dev/Costanza/ros2_ws/install/ionic_demo/share/ionic_demo/hook/cmake_prefix_path.ps1'
[1.540s] INFO:colcon.colcon_core.shell:Creating environment descriptor '/home/stefano/dev/Costanza/ros2_ws/install/ionic_demo/share/ionic_demo/hook/cmake_prefix_path.dsv'
[1.536s] DEBUG:colcon.colcon_core.event_handler.log_command:Invoked command in '/home/stefano/dev/Costanza/ros2_ws/build/ionic_demo' returned '0': CMAKE_PREFIX_PATH=${CMAKE_PREFIX_PATH}:/opt/ros/jazzy DEBUGINFOD_URLS=https://debuginfod.ubuntu.com /usr/bin/cmake --install /home/stefano/dev/Costanza/ros2_ws/build/ionic_demo
[1.540s] INFO:colcon.colcon_core.shell:Creating environment hook '/home/stefano/dev/Costanza/ros2_ws/install/ionic_demo/share/ionic_demo/hook/cmake_prefix_path.sh'
[1.542s] Level 1:colcon.colcon_core.environment:checking '/home/stefano/dev/Costanza/ros2_ws/install/ionic_demo/bin'
[1.542s] Level 1:colcon.colcon_core.environment:checking '/home/stefano/dev/Costanza/ros2_ws/install/ionic_demo/lib/pkgconfig/ionic_demo.pc'
[1.543s] Level 1:colcon.colcon_core.environment:checking '/home/stefano/dev/Costanza/ros2_ws/install/ionic_demo/lib/python3.12/site-packages'
[1.543s] Level 1:colcon.colcon_core.environment:checking '/home/stefano/dev/Costanza/ros2_ws/install/ionic_demo/bin'
[1.544s] INFO:colcon.colcon_core.shell:Creating package script '/home/stefano/dev/Costanza/ros2_ws/install/ionic_demo/share/ionic_demo/package.ps1'
[1.545s] INFO:colcon.colcon_core.shell:Creating package descriptor '/home/stefano/dev/Costanza/ros2_ws/install/ionic_demo/share/ionic_demo/package.dsv'
[1.547s] INFO:colcon.colcon_core.shell:Creating package script '/home/stefano/dev/Costanza/ros2_ws/install/ionic_demo/share/ionic_demo/package.sh'
[1.548s] INFO:colcon.colcon_core.shell:Creating package script '/home/stefano/dev/Costanza/ros2_ws/install/ionic_demo/share/ionic_demo/package.bash'
[1.550s] INFO:colcon.colcon_core.shell:Creating package script '/home/stefano/dev/Costanza/ros2_ws/install/ionic_demo/share/ionic_demo/package.zsh'
[1.551s] Level 1:colcon.colcon_core.environment:create_file_with_runtime_dependencies(/home/stefano/dev/Costanza/ros2_ws/install/ionic_demo/share/colcon-core/packages/ionic_demo)
[1.553s] Level 1:colcon.colcon_core.environment:create_environment_scripts_only(ionic_demo)
[1.553s] Level 1:colcon.colcon_core.environment:checking '/home/stefano/dev/Costanza/ros2_ws/install/ionic_demo' for CMake module files
[1.554s] Level 1:colcon.colcon_core.environment:checking '/home/stefano/dev/Costanza/ros2_ws/install/ionic_demo' for CMake config files
[1.557s] Level 1:colcon.colcon_core.shell:create_environment_hook('ionic_demo', 'cmake_prefix_path')
[1.558s] INFO:colcon.colcon_core.shell:Creating environment hook '/home/stefano/dev/Costanza/ros2_ws/install/ionic_demo/share/ionic_demo/hook/cmake_prefix_path.ps1'
[1.558s] INFO:colcon.colcon_core.shell:Creating environment descriptor '/home/stefano/dev/Costanza/ros2_ws/install/ionic_demo/share/ionic_demo/hook/cmake_prefix_path.dsv'
[1.559s] INFO:colcon.colcon_core.shell:Creating environment hook '/home/stefano/dev/Costanza/ros2_ws/install/ionic_demo/share/ionic_demo/hook/cmake_prefix_path.sh'
[1.563s] Level 1:colcon.colcon_core.environment:checking '/home/stefano/dev/Costanza/ros2_ws/install/ionic_demo/bin'
[1.563s] Level 1:colcon.colcon_core.environment:checking '/home/stefano/dev/Costanza/ros2_ws/install/ionic_demo/lib/pkgconfig/ionic_demo.pc'
[1.563s] Level 1:colcon.colcon_core.environment:checking '/home/stefano/dev/Costanza/ros2_ws/install/ionic_demo/lib/python3.12/site-packages'
[1.564s] Level 1:colcon.colcon_core.environment:checking '/home/stefano/dev/Costanza/ros2_ws/install/ionic_demo/bin'
[1.564s] INFO:colcon.colcon_core.shell:Creating package script '/home/stefano/dev/Costanza/ros2_ws/install/ionic_demo/share/ionic_demo/package.ps1'
[1.565s] INFO:colcon.colcon_core.shell:Creating package descriptor '/home/stefano/dev/Costanza/ros2_ws/install/ionic_demo/share/ionic_demo/package.dsv'
[1.569s] INFO:colcon.colcon_core.shell:Creating package script '/home/stefano/dev/Costanza/ros2_ws/install/ionic_demo/share/ionic_demo/package.sh'
[1.570s] INFO:colcon.colcon_core.shell:Creating package script '/home/stefano/dev/Costanza/ros2_ws/install/ionic_demo/share/ionic_demo/package.bash'
[1.570s] INFO:colcon.colcon_core.shell:Creating package script '/home/stefano/dev/Costanza/ros2_ws/install/ionic_demo/share/ionic_demo/package.zsh'
[1.571s] Level 1:colcon.colcon_core.environment:create_file_with_runtime_dependencies(/home/stefano/dev/Costanza/ros2_ws/install/ionic_demo/share/colcon-core/packages/ionic_demo)
[2.185s] DEBUG:colcon.colcon_core.event_handler.log_command:Invoked command in '/home/stefano/dev/Costanza/ros2_ws/build/vicon_receiver' returned '0': CMAKE_PREFIX_PATH=${CMAKE_PREFIX_PATH}:/opt/ros/jazzy DEBUGINFOD_URLS=https://debuginfod.ubuntu.com /usr/bin/cmake --build /home/stefano/dev/Costanza/ros2_ws/build/vicon_receiver -- -j8 -l8
[2.187s] DEBUG:colcon.colcon_core.event_handler.log_command:Invoking command in '/home/stefano/dev/Costanza/ros2_ws/build/vicon_receiver': CMAKE_PREFIX_PATH=${CMAKE_PREFIX_PATH}:/opt/ros/jazzy DEBUGINFOD_URLS=https://debuginfod.ubuntu.com /usr/bin/cmake --install /home/stefano/dev/Costanza/ros2_ws/build/vicon_receiver
[2.314s] Level 1:colcon.colcon_core.environment:create_environment_scripts_only(vicon_receiver)
[2.315s] Level 1:colcon.colcon_core.environment:checking '/home/stefano/dev/Costanza/ros2_ws/install/vicon_receiver' for CMake module files
[2.316s] Level 1:colcon.colcon_core.environment:checking '/home/stefano/dev/Costanza/ros2_ws/install/vicon_receiver' for CMake config files
[2.317s] DEBUG:colcon.colcon_core.event_handler.log_command:Invoked command in '/home/stefano/dev/Costanza/ros2_ws/build/vicon_receiver' returned '0': CMAKE_PREFIX_PATH=${CMAKE_PREFIX_PATH}:/opt/ros/jazzy DEBUGINFOD_URLS=https://debuginfod.ubuntu.com /usr/bin/cmake --install /home/stefano/dev/Costanza/ros2_ws/build/vicon_receiver
[2.318s] Level 1:colcon.colcon_core.shell:create_environment_hook('vicon_receiver', 'cmake_prefix_path')
[2.318s] INFO:colcon.colcon_core.shell:Creating environment hook '/home/stefano/dev/Costanza/ros2_ws/install/vicon_receiver/share/vicon_receiver/hook/cmake_prefix_path.ps1'
[2.319s] INFO:colcon.colcon_core.shell:Creating environment descriptor '/home/stefano/dev/Costanza/ros2_ws/install/vicon_receiver/share/vicon_receiver/hook/cmake_prefix_path.dsv'
[2.319s] INFO:colcon.colcon_core.shell:Creating environment hook '/home/stefano/dev/Costanza/ros2_ws/install/vicon_receiver/share/vicon_receiver/hook/cmake_prefix_path.sh'
[2.320s] Level 1:colcon.colcon_core.environment:checking '/home/stefano/dev/Costanza/ros2_ws/install/vicon_receiver/lib'
[2.321s] Level 1:colcon.colcon_core.shell:create_environment_hook('vicon_receiver', 'ld_library_path_lib')
[2.321s] INFO:colcon.colcon_core.shell:Creating environment hook '/home/stefano/dev/Costanza/ros2_ws/install/vicon_receiver/share/vicon_receiver/hook/ld_library_path_lib.ps1'
[2.322s] INFO:colcon.colcon_core.shell:Creating environment descriptor '/home/stefano/dev/Costanza/ros2_ws/install/vicon_receiver/share/vicon_receiver/hook/ld_library_path_lib.dsv'
[2.322s] INFO:colcon.colcon_core.shell:Creating environment hook '/home/stefano/dev/Costanza/ros2_ws/install/vicon_receiver/share/vicon_receiver/hook/ld_library_path_lib.sh'
[2.323s] Level 1:colcon.colcon_core.environment:checking '/home/stefano/dev/Costanza/ros2_ws/install/vicon_receiver/bin'
[2.323s] Level 1:colcon.colcon_core.environment:checking '/home/stefano/dev/Costanza/ros2_ws/install/vicon_receiver/lib/pkgconfig/vicon_receiver.pc'
[2.323s] Level 1:colcon.colcon_core.environment:checking '/home/stefano/dev/Costanza/ros2_ws/install/vicon_receiver/lib/python3.12/site-packages'
[2.323s] Level 1:colcon.colcon_core.shell:create_environment_hook('vicon_receiver', 'pythonpath')
[2.324s] INFO:colcon.colcon_core.shell:Creating environment hook '/home/stefano/dev/Costanza/ros2_ws/install/vicon_receiver/share/vicon_receiver/hook/pythonpath.ps1'
[2.324s] INFO:colcon.colcon_core.shell:Creating environment descriptor '/home/stefano/dev/Costanza/ros2_ws/install/vicon_receiver/share/vicon_receiver/hook/pythonpath.dsv'
[2.325s] INFO:colcon.colcon_core.shell:Creating environment hook '/home/stefano/dev/Costanza/ros2_ws/install/vicon_receiver/share/vicon_receiver/hook/pythonpath.sh'
[2.325s] Level 1:colcon.colcon_core.environment:checking '/home/stefano/dev/Costanza/ros2_ws/install/vicon_receiver/bin'
[2.326s] INFO:colcon.colcon_core.shell:Creating package script '/home/stefano/dev/Costanza/ros2_ws/install/vicon_receiver/share/vicon_receiver/package.ps1'
[2.327s] INFO:colcon.colcon_core.shell:Creating package descriptor '/home/stefano/dev/Costanza/ros2_ws/install/vicon_receiver/share/vicon_receiver/package.dsv'
[2.328s] INFO:colcon.colcon_core.shell:Creating package script '/home/stefano/dev/Costanza/ros2_ws/install/vicon_receiver/share/vicon_receiver/package.sh'
[2.328s] INFO:colcon.colcon_core.shell:Creating package script '/home/stefano/dev/Costanza/ros2_ws/install/vicon_receiver/share/vicon_receiver/package.bash'
[2.329s] INFO:colcon.colcon_core.shell:Creating package script '/home/stefano/dev/Costanza/ros2_ws/install/vicon_receiver/share/vicon_receiver/package.zsh'
[2.329s] Level 1:colcon.colcon_core.environment:create_file_with_runtime_dependencies(/home/stefano/dev/Costanza/ros2_ws/install/vicon_receiver/share/colcon-core/packages/vicon_receiver)
[2.330s] Level 1:colcon.colcon_core.environment:create_environment_scripts_only(vicon_receiver)
[2.330s] Level 1:colcon.colcon_core.environment:checking '/home/stefano/dev/Costanza/ros2_ws/install/vicon_receiver' for CMake module files
[2.331s] Level 1:colcon.colcon_core.environment:checking '/home/stefano/dev/Costanza/ros2_ws/install/vicon_receiver' for CMake config files
[2.332s] Level 1:colcon.colcon_core.shell:create_environment_hook('vicon_receiver', 'cmake_prefix_path')
[2.333s] INFO:colcon.colcon_core.shell:Creating environment hook '/home/stefano/dev/Costanza/ros2_ws/install/vicon_receiver/share/vicon_receiver/hook/cmake_prefix_path.ps1'
[2.333s] INFO:colcon.colcon_core.shell:Creating environment descriptor '/home/stefano/dev/Costanza/ros2_ws/install/vicon_receiver/share/vicon_receiver/hook/cmake_prefix_path.dsv'
[2.334s] INFO:colcon.colcon_core.shell:Creating environment hook '/home/stefano/dev/Costanza/ros2_ws/install/vicon_receiver/share/vicon_receiver/hook/cmake_prefix_path.sh'
[2.335s] Level 1:colcon.colcon_core.environment:checking '/home/stefano/dev/Costanza/ros2_ws/install/vicon_receiver/lib'
[2.336s] Level 1:colcon.colcon_core.shell:create_environment_hook('vicon_receiver', 'ld_library_path_lib')
[2.336s] INFO:colcon.colcon_core.shell:Creating environment hook '/home/stefano/dev/Costanza/ros2_ws/install/vicon_receiver/share/vicon_receiver/hook/ld_library_path_lib.ps1'
[2.337s] INFO:colcon.colcon_core.shell:Creating environment descriptor '/home/stefano/dev/Costanza/ros2_ws/install/vicon_receiver/share/vicon_receiver/hook/ld_library_path_lib.dsv'
[2.337s] INFO:colcon.colcon_core.shell:Creating environment hook '/home/stefano/dev/Costanza/ros2_ws/install/vicon_receiver/share/vicon_receiver/hook/ld_library_path_lib.sh'
[2.338s] Level 1:colcon.colcon_core.environment:checking '/home/stefano/dev/Costanza/ros2_ws/install/vicon_receiver/bin'
[2.338s] Level 1:colcon.colcon_core.environment:checking '/home/stefano/dev/Costanza/ros2_ws/install/vicon_receiver/lib/pkgconfig/vicon_receiver.pc'
[2.338s] Level 1:colcon.colcon_core.environment:checking '/home/stefano/dev/Costanza/ros2_ws/install/vicon_receiver/lib/python3.12/site-packages'
[2.338s] Level 1:colcon.colcon_core.shell:create_environment_hook('vicon_receiver', 'pythonpath')
[2.339s] INFO:colcon.colcon_core.shell:Creating environment hook '/home/stefano/dev/Costanza/ros2_ws/install/vicon_receiver/share/vicon_receiver/hook/pythonpath.ps1'
[2.339s] INFO:colcon.colcon_core.shell:Creating environment descriptor '/home/stefano/dev/Costanza/ros2_ws/install/vicon_receiver/share/vicon_receiver/hook/pythonpath.dsv'
[2.340s] INFO:colcon.colcon_core.shell:Creating environment hook '/home/stefano/dev/Costanza/ros2_ws/install/vicon_receiver/share/vicon_receiver/hook/pythonpath.sh'
[2.341s] Level 1:colcon.colcon_core.environment:checking '/home/stefano/dev/Costanza/ros2_ws/install/vicon_receiver/bin'
[2.341s] INFO:colcon.colcon_core.shell:Creating package script '/home/stefano/dev/Costanza/ros2_ws/install/vicon_receiver/share/vicon_receiver/package.ps1'
[2.342s] INFO:colcon.colcon_core.shell:Creating package descriptor '/home/stefano/dev/Costanza/ros2_ws/install/vicon_receiver/share/vicon_receiver/package.dsv'
[2.343s] INFO:colcon.colcon_core.shell:Creating package script '/home/stefano/dev/Costanza/ros2_ws/install/vicon_receiver/share/vicon_receiver/package.sh'
[2.343s] INFO:colcon.colcon_core.shell:Creating package script '/home/stefano/dev/Costanza/ros2_ws/install/vicon_receiver/share/vicon_receiver/package.bash'
[2.344s] INFO:colcon.colcon_core.shell:Creating package script '/home/stefano/dev/Costanza/ros2_ws/install/vicon_receiver/share/vicon_receiver/package.zsh'
[2.345s] Level 1:colcon.colcon_core.environment:create_file_with_runtime_dependencies(/home/stefano/dev/Costanza/ros2_ws/install/vicon_receiver/share/colcon-core/packages/vicon_receiver)
[2.361s] DEBUG:colcon.colcon_core.event_handler.log_command:Invoking command in '/home/stefano/dev/Costanza/ros2_ws/src/robot_controller': DEBUGINFOD_URLS=https://debuginfod.ubuntu.com PYTHONPATH=/home/stefano/dev/Costanza/ros2_ws/build/robot_controller/prefix_override:/usr/lib/python3/dist-packages/colcon_core/task/python/colcon_distutils_commands:/home/stefano/dev/Costanza/ros2_ws/install/robot_controller/lib/python3.12/site-packages:${PYTHONPATH} /usr/bin/python3 -W ignore:setup.py install is deprecated -W ignore:easy_install command is deprecated setup.py egg_info --egg-base ../../build/robot_controller build --build-base /home/stefano/dev/Costanza/ros2_ws/build/robot_controller/build install --record /home/stefano/dev/Costanza/ros2_ws/build/robot_controller/install.log --single-version-externally-managed install_data
[2.427s] DEBUG:colcon.colcon_core.event_handler.log_command:Invoking command in '/home/stefano/dev/Costanza/ros2_ws/src/multirobot_spawn_obs': DEBUGINFOD_URLS=https://debuginfod.ubuntu.com PYTHONPATH=/home/stefano/dev/Costanza/ros2_ws/build/multirobot_spawn_obs/prefix_override:/usr/lib/python3/dist-packages/colcon_core/task/python/colcon_distutils_commands:/home/stefano/dev/Costanza/ros2_ws/install/multirobot_spawn_obs/lib/python3.12/site-packages:${PYTHONPATH} /usr/bin/python3 -W ignore:setup.py install is deprecated -W ignore:easy_install command is deprecated setup.py egg_info --egg-base ../../build/multirobot_spawn_obs build --build-base /home/stefano/dev/Costanza/ros2_ws/build/multirobot_spawn_obs/build install --record /home/stefano/dev/Costanza/ros2_ws/build/multirobot_spawn_obs/install.log --single-version-externally-managed install_data
[2.437s] DEBUG:colcon.colcon_core.event_handler.log_command:Invoking command in '/home/stefano/dev/Costanza/ros2_ws/src/shepherding_control': DEBUGINFOD_URLS=https://debuginfod.ubuntu.com PYTHONPATH=/home/stefano/dev/Costanza/ros2_ws/build/shepherding_control/prefix_override:/usr/lib/python3/dist-packages/colcon_core/task/python/colcon_distutils_commands:/home/stefano/dev/Costanza/ros2_ws/install/shepherding_control/lib/python3.12/site-packages:${PYTHONPATH} /usr/bin/python3 -W ignore:setup.py install is deprecated -W ignore:easy_install command is deprecated setup.py egg_info --egg-base ../../build/shepherding_control build --build-base /home/stefano/dev/Costanza/ros2_ws/build/shepherding_control/build install --record /home/stefano/dev/Costanza/ros2_ws/build/shepherding_control/install.log --single-version-externally-managed install_data
[2.447s] DEBUG:colcon.colcon_core.event_handler.log_command:Invoking command in '/home/stefano/dev/Costanza/ros2_ws/src/multirobot_spawn': DEBUGINFOD_URLS=https://debuginfod.ubuntu.com PYTHONPATH=/home/stefano/dev/Costanza/ros2_ws/build/multirobot_spawn/prefix_override:/usr/lib/python3/dist-packages/colcon_core/task/python/colcon_distutils_commands:/home/stefano/dev/Costanza/ros2_ws/install/multirobot_spawn/lib/python3.12/site-packages:${PYTHONPATH} /usr/bin/python3 -W ignore:setup.py install is deprecated -W ignore:easy_install command is deprecated setup.py egg_info --egg-base ../../build/multirobot_spawn build --build-base /home/stefano/dev/Costanza/ros2_ws/build/multirobot_spawn/build install --record /home/stefano/dev/Costanza/ros2_ws/build/multirobot_spawn/install.log --single-version-externally-managed install_data
[3.174s] Level 1:colcon.colcon_core.environment:checking '/home/stefano/dev/Costanza/ros2_ws/install/shepherding_control' for CMake module files
[3.175s] Level 1:colcon.colcon_core.environment:checking '/home/stefano/dev/Costanza/ros2_ws/install/shepherding_control' for CMake config files
[3.176s] Level 1:colcon.colcon_core.environment:checking '/home/stefano/dev/Costanza/ros2_ws/install/shepherding_control/lib'
[3.176s] Level 1:colcon.colcon_core.environment:checking '/home/stefano/dev/Costanza/ros2_ws/install/shepherding_control/bin'
[3.176s] Level 1:colcon.colcon_core.environment:checking '/home/stefano/dev/Costanza/ros2_ws/install/shepherding_control/lib/pkgconfig/shepherding_control.pc'
[3.176s] Level 1:colcon.colcon_core.environment:checking '/home/stefano/dev/Costanza/ros2_ws/install/shepherding_control/lib/python3.12/site-packages'
[3.176s] Level 1:colcon.colcon_core.shell:create_environment_hook('shepherding_control', 'pythonpath')
[3.177s] INFO:colcon.colcon_core.shell:Creating environment hook '/home/stefano/dev/Costanza/ros2_ws/install/shepherding_control/share/shepherding_control/hook/pythonpath.ps1'
[3.177s] DEBUG:colcon.colcon_core.event_handler.log_command:Invoked command in '/home/stefano/dev/Costanza/ros2_ws/src/shepherding_control' returned '0': DEBUGINFOD_URLS=https://debuginfod.ubuntu.com PYTHONPATH=/home/stefano/dev/Costanza/ros2_ws/build/shepherding_control/prefix_override:/usr/lib/python3/dist-packages/colcon_core/task/python/colcon_distutils_commands:/home/stefano/dev/Costanza/ros2_ws/install/shepherding_control/lib/python3.12/site-packages:${PYTHONPATH} /usr/bin/python3 -W ignore:setup.py install is deprecated -W ignore:easy_install command is deprecated setup.py egg_info --egg-base ../../build/shepherding_control build --build-base /home/stefano/dev/Costanza/ros2_ws/build/shepherding_control/build install --record /home/stefano/dev/Costanza/ros2_ws/build/shepherding_control/install.log --single-version-externally-managed install_data
[3.178s] INFO:colcon.colcon_core.shell:Creating environment descriptor '/home/stefano/dev/Costanza/ros2_ws/install/shepherding_control/share/shepherding_control/hook/pythonpath.dsv'
[3.178s] INFO:colcon.colcon_core.shell:Creating environment hook '/home/stefano/dev/Costanza/ros2_ws/install/shepherding_control/share/shepherding_control/hook/pythonpath.sh'
[3.179s] Level 1:colcon.colcon_core.environment:checking '/home/stefano/dev/Costanza/ros2_ws/install/shepherding_control/bin'
[3.179s] Level 1:colcon.colcon_core.environment:create_environment_scripts_only(shepherding_control)
[3.180s] INFO:colcon.colcon_core.shell:Creating package script '/home/stefano/dev/Costanza/ros2_ws/install/shepherding_control/share/shepherding_control/package.ps1'
[3.181s] INFO:colcon.colcon_core.shell:Creating package descriptor '/home/stefano/dev/Costanza/ros2_ws/install/shepherding_control/share/shepherding_control/package.dsv'
[3.182s] INFO:colcon.colcon_core.shell:Creating package script '/home/stefano/dev/Costanza/ros2_ws/install/shepherding_control/share/shepherding_control/package.sh'
[3.183s] INFO:colcon.colcon_core.shell:Creating package script '/home/stefano/dev/Costanza/ros2_ws/install/shepherding_control/share/shepherding_control/package.bash'
[3.184s] INFO:colcon.colcon_core.shell:Creating package script '/home/stefano/dev/Costanza/ros2_ws/install/shepherding_control/share/shepherding_control/package.zsh'
[3.184s] Level 1:colcon.colcon_core.environment:create_file_with_runtime_dependencies(/home/stefano/dev/Costanza/ros2_ws/install/shepherding_control/share/colcon-core/packages/shepherding_control)
[3.252s] Level 1:colcon.colcon_core.environment:checking '/home/stefano/dev/Costanza/ros2_ws/install/multirobot_spawn_obs' for CMake module files
[3.253s] DEBUG:colcon.colcon_core.event_handler.log_command:Invoked command in '/home/stefano/dev/Costanza/ros2_ws/src/multirobot_spawn_obs' returned '0': DEBUGINFOD_URLS=https://debuginfod.ubuntu.com PYTHONPATH=/home/stefano/dev/Costanza/ros2_ws/build/multirobot_spawn_obs/prefix_override:/usr/lib/python3/dist-packages/colcon_core/task/python/colcon_distutils_commands:/home/stefano/dev/Costanza/ros2_ws/install/multirobot_spawn_obs/lib/python3.12/site-packages:${PYTHONPATH} /usr/bin/python3 -W ignore:setup.py install is deprecated -W ignore:easy_install command is deprecated setup.py egg_info --egg-base ../../build/multirobot_spawn_obs build --build-base /home/stefano/dev/Costanza/ros2_ws/build/multirobot_spawn_obs/build install --record /home/stefano/dev/Costanza/ros2_ws/build/multirobot_spawn_obs/install.log --single-version-externally-managed install_data
[3.254s] Level 1:colcon.colcon_core.environment:checking '/home/stefano/dev/Costanza/ros2_ws/install/multirobot_spawn_obs' for CMake config files
[3.254s] Level 1:colcon.colcon_core.environment:checking '/home/stefano/dev/Costanza/ros2_ws/install/multirobot_spawn_obs/lib'
[3.254s] Level 1:colcon.colcon_core.environment:checking '/home/stefano/dev/Costanza/ros2_ws/install/multirobot_spawn_obs/bin'
[3.254s] Level 1:colcon.colcon_core.environment:checking '/home/stefano/dev/Costanza/ros2_ws/install/multirobot_spawn_obs/lib/pkgconfig/multirobot_spawn_obs.pc'
[3.255s] Level 1:colcon.colcon_core.environment:checking '/home/stefano/dev/Costanza/ros2_ws/install/multirobot_spawn_obs/lib/python3.12/site-packages'
[3.255s] Level 1:colcon.colcon_core.shell:create_environment_hook('multirobot_spawn_obs', 'pythonpath')
[3.255s] INFO:colcon.colcon_core.shell:Creating environment hook '/home/stefano/dev/Costanza/ros2_ws/install/multirobot_spawn_obs/share/multirobot_spawn_obs/hook/pythonpath.ps1'
[3.256s] INFO:colcon.colcon_core.shell:Creating environment descriptor '/home/stefano/dev/Costanza/ros2_ws/install/multirobot_spawn_obs/share/multirobot_spawn_obs/hook/pythonpath.dsv'
[3.256s] INFO:colcon.colcon_core.shell:Creating environment hook '/home/stefano/dev/Costanza/ros2_ws/install/multirobot_spawn_obs/share/multirobot_spawn_obs/hook/pythonpath.sh'
[3.257s] Level 1:colcon.colcon_core.environment:checking '/home/stefano/dev/Costanza/ros2_ws/install/multirobot_spawn_obs/bin'
[3.257s] Level 1:colcon.colcon_core.environment:create_environment_scripts_only(multirobot_spawn_obs)
[3.257s] INFO:colcon.colcon_core.shell:Creating package script '/home/stefano/dev/Costanza/ros2_ws/install/multirobot_spawn_obs/share/multirobot_spawn_obs/package.ps1'
[3.258s] INFO:colcon.colcon_core.shell:Creating package descriptor '/home/stefano/dev/Costanza/ros2_ws/install/multirobot_spawn_obs/share/multirobot_spawn_obs/package.dsv'
[3.258s] INFO:colcon.colcon_core.shell:Creating package script '/home/stefano/dev/Costanza/ros2_ws/install/multirobot_spawn_obs/share/multirobot_spawn_obs/package.sh'
[3.259s] INFO:colcon.colcon_core.shell:Creating package script '/home/stefano/dev/Costanza/ros2_ws/install/multirobot_spawn_obs/share/multirobot_spawn_obs/package.bash'
[3.259s] INFO:colcon.colcon_core.shell:Creating package script '/home/stefano/dev/Costanza/ros2_ws/install/multirobot_spawn_obs/share/multirobot_spawn_obs/package.zsh'
[3.260s] Level 1:colcon.colcon_core.environment:create_file_with_runtime_dependencies(/home/stefano/dev/Costanza/ros2_ws/install/multirobot_spawn_obs/share/colcon-core/packages/multirobot_spawn_obs)
[3.302s] Level 1:colcon.colcon_core.environment:checking '/home/stefano/dev/Costanza/ros2_ws/install/robot_controller' for CMake module files
[3.303s] DEBUG:colcon.colcon_core.event_handler.log_command:Invoked command in '/home/stefano/dev/Costanza/ros2_ws/src/robot_controller' returned '0': DEBUGINFOD_URLS=https://debuginfod.ubuntu.com PYTHONPATH=/home/stefano/dev/Costanza/ros2_ws/build/robot_controller/prefix_override:/usr/lib/python3/dist-packages/colcon_core/task/python/colcon_distutils_commands:/home/stefano/dev/Costanza/ros2_ws/install/robot_controller/lib/python3.12/site-packages:${PYTHONPATH} /usr/bin/python3 -W ignore:setup.py install is deprecated -W ignore:easy_install command is deprecated setup.py egg_info --egg-base ../../build/robot_controller build --build-base /home/stefano/dev/Costanza/ros2_ws/build/robot_controller/build install --record /home/stefano/dev/Costanza/ros2_ws/build/robot_controller/install.log --single-version-externally-managed install_data
[3.303s] Level 1:colcon.colcon_core.environment:checking '/home/stefano/dev/Costanza/ros2_ws/install/robot_controller' for CMake config files
[3.304s] Level 1:colcon.colcon_core.environment:checking '/home/stefano/dev/Costanza/ros2_ws/install/robot_controller/lib'
[3.304s] Level 1:colcon.colcon_core.environment:checking '/home/stefano/dev/Costanza/ros2_ws/install/robot_controller/bin'
[3.305s] Level 1:colcon.colcon_core.environment:checking '/home/stefano/dev/Costanza/ros2_ws/install/robot_controller/lib/pkgconfig/robot_controller.pc'
[3.305s] Level 1:colcon.colcon_core.environment:checking '/home/stefano/dev/Costanza/ros2_ws/install/robot_controller/lib/python3.12/site-packages'
[3.305s] Level 1:colcon.colcon_core.shell:create_environment_hook('robot_controller', 'pythonpath')
[3.306s] INFO:colcon.colcon_core.shell:Creating environment hook '/home/stefano/dev/Costanza/ros2_ws/install/robot_controller/share/robot_controller/hook/pythonpath.ps1'
[3.307s] INFO:colcon.colcon_core.shell:Creating environment descriptor '/home/stefano/dev/Costanza/ros2_ws/install/robot_controller/share/robot_controller/hook/pythonpath.dsv'
[3.308s] INFO:colcon.colcon_core.shell:Creating environment hook '/home/stefano/dev/Costanza/ros2_ws/install/robot_controller/share/robot_controller/hook/pythonpath.sh'
[3.309s] Level 1:colcon.colcon_core.environment:checking '/home/stefano/dev/Costanza/ros2_ws/install/robot_controller/bin'
[3.309s] Level 1:colcon.colcon_core.environment:create_environment_scripts_only(robot_controller)
[3.310s] INFO:colcon.colcon_core.shell:Creating package script '/home/stefano/dev/Costanza/ros2_ws/install/robot_controller/share/robot_controller/package.ps1'
[3.310s] INFO:colcon.colcon_core.shell:Creating package descriptor '/home/stefano/dev/Costanza/ros2_ws/install/robot_controller/share/robot_controller/package.dsv'
[3.311s] INFO:colcon.colcon_core.shell:Creating package script '/home/stefano/dev/Costanza/ros2_ws/install/robot_controller/share/robot_controller/package.sh'
[3.311s] INFO:colcon.colcon_core.shell:Creating package script '/home/stefano/dev/Costanza/ros2_ws/install/robot_controller/share/robot_controller/package.bash'
[3.312s] INFO:colcon.colcon_core.shell:Creating package script '/home/stefano/dev/Costanza/ros2_ws/install/robot_controller/share/robot_controller/package.zsh'
[3.312s] Level 1:colcon.colcon_core.environment:create_file_with_runtime_dependencies(/home/stefano/dev/Costanza/ros2_ws/install/robot_controller/share/colcon-core/packages/robot_controller)
[3.367s] Level 1:colcon.colcon_core.environment:checking '/home/stefano/dev/Costanza/ros2_ws/install/multirobot_spawn' for CMake module files
[3.368s] DEBUG:colcon.colcon_core.event_handler.log_command:Invoked command in '/home/stefano/dev/Costanza/ros2_ws/src/multirobot_spawn' returned '0': DEBUGINFOD_URLS=https://debuginfod.ubuntu.com PYTHONPATH=/home/stefano/dev/Costanza/ros2_ws/build/multirobot_spawn/prefix_override:/usr/lib/python3/dist-packages/colcon_core/task/python/colcon_distutils_commands:/home/stefano/dev/Costanza/ros2_ws/install/multirobot_spawn/lib/python3.12/site-packages:${PYTHONPATH} /usr/bin/python3 -W ignore:setup.py install is deprecated -W ignore:easy_install command is deprecated setup.py egg_info --egg-base ../../build/multirobot_spawn build --build-base /home/stefano/dev/Costanza/ros2_ws/build/multirobot_spawn/build install --record /home/stefano/dev/Costanza/ros2_ws/build/multirobot_spawn/install.log --single-version-externally-managed install_data
[3.368s] Level 1:colcon.colcon_core.environment:checking '/home/stefano/dev/Costanza/ros2_ws/install/multirobot_spawn' for CMake config files
[3.368s] Level 1:colcon.colcon_core.environment:checking '/home/stefano/dev/Costanza/ros2_ws/install/multirobot_spawn/lib'
[3.368s] Level 1:colcon.colcon_core.environment:checking '/home/stefano/dev/Costanza/ros2_ws/install/multirobot_spawn/bin'
[3.369s] Level 1:colcon.colcon_core.environment:checking '/home/stefano/dev/Costanza/ros2_ws/install/multirobot_spawn/lib/pkgconfig/multirobot_spawn.pc'
[3.369s] Level 1:colcon.colcon_core.environment:checking '/home/stefano/dev/Costanza/ros2_ws/install/multirobot_spawn/lib/python3.12/site-packages'
[3.369s] Level 1:colcon.colcon_core.shell:create_environment_hook('multirobot_spawn', 'pythonpath')
[3.369s] INFO:colcon.colcon_core.shell:Creating environment hook '/home/stefano/dev/Costanza/ros2_ws/install/multirobot_spawn/share/multirobot_spawn/hook/pythonpath.ps1'
[3.370s] INFO:colcon.colcon_core.shell:Creating environment descriptor '/home/stefano/dev/Costanza/ros2_ws/install/multirobot_spawn/share/multirobot_spawn/hook/pythonpath.dsv'
[3.370s] INFO:colcon.colcon_core.shell:Creating environment hook '/home/stefano/dev/Costanza/ros2_ws/install/multirobot_spawn/share/multirobot_spawn/hook/pythonpath.sh'
[3.370s] Level 1:colcon.colcon_core.environment:checking '/home/stefano/dev/Costanza/ros2_ws/install/multirobot_spawn/bin'
[3.370s] Level 1:colcon.colcon_core.environment:create_environment_scripts_only(multirobot_spawn)
[3.371s] INFO:colcon.colcon_core.shell:Creating package script '/home/stefano/dev/Costanza/ros2_ws/install/multirobot_spawn/share/multirobot_spawn/package.ps1'
[3.371s] INFO:colcon.colcon_core.shell:Creating package descriptor '/home/stefano/dev/Costanza/ros2_ws/install/multirobot_spawn/share/multirobot_spawn/package.dsv'
[3.372s] INFO:colcon.colcon_core.shell:Creating package script '/home/stefano/dev/Costanza/ros2_ws/install/multirobot_spawn/share/multirobot_spawn/package.sh'
[3.372s] INFO:colcon.colcon_core.shell:Creating package script '/home/stefano/dev/Costanza/ros2_ws/install/multirobot_spawn/share/multirobot_spawn/package.bash'
[3.372s] INFO:colcon.colcon_core.shell:Creating package script '/home/stefano/dev/Costanza/ros2_ws/install/multirobot_spawn/share/multirobot_spawn/package.zsh'
[3.373s] Level 1:colcon.colcon_core.environment:create_file_with_runtime_dependencies(/home/stefano/dev/Costanza/ros2_ws/install/multirobot_spawn/share/colcon-core/packages/multirobot_spawn)
[3.373s] DEBUG:colcon.colcon_parallel_executor.executor.parallel:closing loop
[3.373s] DEBUG:colcon.colcon_parallel_executor.executor.parallel:loop closed
[3.373s] DEBUG:colcon.colcon_parallel_executor.executor.parallel:run_until_complete finished with '0'
[3.373s] DEBUG:colcon.colcon_core.event_reactor:joining thread
[3.380s] INFO:colcon.colcon_core.plugin_system:Skipping extension 'colcon_notification.desktop_notification.terminal_notifier': Not used on non-Darwin systems
[3.380s] INFO:colcon.colcon_core.plugin_system:Skipping extension 'colcon_notification.desktop_notification.win32': Not used on non-Windows systems
[3.381s] INFO:colcon.colcon_notification.desktop_notification:Sending desktop notification using 'notify2'
[3.395s] DEBUG:colcon.colcon_core.event_reactor:joined thread
[3.395s] INFO:colcon.colcon_core.shell:Creating prefix script '/home/stefano/dev/Costanza/ros2_ws/install/local_setup.ps1'
[3.397s] INFO:colcon.colcon_core.shell:Creating prefix util module '/home/stefano/dev/Costanza/ros2_ws/install/_local_setup_util_ps1.py'
[3.399s] INFO:colcon.colcon_core.shell:Creating prefix chain script '/home/stefano/dev/Costanza/ros2_ws/install/setup.ps1'
[3.401s] INFO:colcon.colcon_core.shell:Creating prefix script '/home/stefano/dev/Costanza/ros2_ws/install/local_setup.sh'
[3.402s] INFO:colcon.colcon_core.shell:Creating prefix util module '/home/stefano/dev/Costanza/ros2_ws/install/_local_setup_util_sh.py'
[3.403s] INFO:colcon.colcon_core.shell:Creating prefix chain script '/home/stefano/dev/Costanza/ros2_ws/install/setup.sh'
[3.404s] INFO:colcon.colcon_core.shell:Creating prefix script '/home/stefano/dev/Costanza/ros2_ws/install/local_setup.bash'
[3.404s] INFO:colcon.colcon_core.shell:Creating prefix chain script '/home/stefano/dev/Costanza/ros2_ws/install/setup.bash'
[3.405s] INFO:colcon.colcon_core.shell:Creating prefix script '/home/stefano/dev/Costanza/ros2_ws/install/local_setup.zsh'
[3.406s] INFO:colcon.colcon_core.shell:Creating prefix chain script '/home/stefano/dev/Costanza/ros2_ws/install/setup.zsh'
