[0.116s] DEBUG:colcon:Command line arguments: ['/usr/bin/colcon', 'build']
[0.116s] DEBUG:colcon:Parsed command line arguments: Namespace(log_base=None, log_level=None, verb_name='build', build_base='build', install_base='install', merge_install=False, symlink_install=False, test_result_base=None, continue_on_error=False, executor='parallel', parallel_workers=8, event_handlers=None, ignore_user_meta=False, metas=['./colcon.meta'], base_paths=['.'], packages_ignore=None, packages_ignore_regex=None, paths=None, packages_up_to=None, packages_up_to_regex=None, packages_above=None, packages_above_and_dependencies=None, packages_above_depth=None, packages_select_by_dep=None, packages_skip_by_dep=None, packages_skip_up_to=None, packages_select_build_failed=False, packages_skip_build_finished=False, packages_select_test_failures=False, packages_skip_test_passed=False, packages_select=None, packages_skip=None, packages_select_regex=None, packages_skip_regex=None, packages_start=None, packages_end=None, allow_overriding=[], cmake_args=None, cmake_target=None, cmake_target_skip_unavailable=False, cmake_clean_cache=False, cmake_clean_first=False, cmake_force_configure=False, ament_cmake_args=None, catkin_cmake_args=None, catkin_skip_building_tests=False, mixin_files=None, mixin=None, verb_parser=<colcon_mixin.mixin.mixin_argument.MixinArgumentDecorator object at 0x7ed3fc384470>, verb_extension=<colcon_core.verb.build.BuildVerb object at 0x7ed3fc363cb0>, main=<bound method BuildVerb.main of <colcon_core.verb.build.BuildVerb object at 0x7ed3fc363cb0>>, mixin_verb=('build',))
[0.157s] Level 1:colcon.colcon_core.package_discovery:discover_packages(colcon_meta) check parameters
[0.157s] Level 1:colcon.colcon_core.package_discovery:discover_packages(recursive) check parameters
[0.157s] Level 1:colcon.colcon_core.package_discovery:discover_packages(ignore) check parameters
[0.157s] Level 1:colcon.colcon_core.package_discovery:discover_packages(path) check parameters
[0.157s] Level 1:colcon.colcon_core.package_discovery:discover_packages(colcon_meta) discover
[0.157s] Level 1:colcon.colcon_core.package_discovery:discover_packages(recursive) discover
[0.157s] INFO:colcon.colcon_core.package_discovery:Crawling recursively for packages in '/home/stefano/dev/Costanza/ros2_ws'
[0.157s] Level 1:colcon.colcon_core.package_identification:_identify(.) by extensions ['ignore', 'ignore_ament_install']
[0.157s] Level 1:colcon.colcon_core.package_identification:_identify(.) by extension 'ignore'
[0.157s] Level 1:colcon.colcon_core.package_identification:_identify(.) by extension 'ignore_ament_install'
[0.158s] Level 1:colcon.colcon_core.package_identification:_identify(.) by extensions ['colcon_pkg']
[0.158s] Level 1:colcon.colcon_core.package_identification:_identify(.) by extension 'colcon_pkg'
[0.158s] Level 1:colcon.colcon_core.package_identification:_identify(.) by extensions ['colcon_meta']
[0.158s] Level 1:colcon.colcon_core.package_identification:_identify(.) by extension 'colcon_meta'
[0.158s] Level 1:colcon.colcon_core.package_identification:_identify(.) by extensions ['ros']
[0.158s] Level 1:colcon.colcon_core.package_identification:_identify(.) by extension 'ros'
[0.186s] Level 1:colcon.colcon_core.package_identification:_identify(.) by extensions ['cmake', 'python']
[0.186s] Level 1:colcon.colcon_core.package_identification:_identify(.) by extension 'cmake'
[0.186s] Level 1:colcon.colcon_core.package_identification:_identify(.) by extension 'python'
[0.186s] Level 1:colcon.colcon_core.package_identification:_identify(.) by extensions ['python_setup_py']
[0.186s] Level 1:colcon.colcon_core.package_identification:_identify(.) by extension 'python_setup_py'
[0.186s] Level 1:colcon.colcon_core.package_identification:_identify(build) by extensions ['ignore', 'ignore_ament_install']
[0.186s] Level 1:colcon.colcon_core.package_identification:_identify(build) by extension 'ignore'
[0.186s] Level 1:colcon.colcon_core.package_identification:_identify(build) ignored
[0.187s] Level 1:colcon.colcon_core.package_identification:_identify(install) by extensions ['ignore', 'ignore_ament_install']
[0.187s] Level 1:colcon.colcon_core.package_identification:_identify(install) by extension 'ignore'
[0.187s] Level 1:colcon.colcon_core.package_identification:_identify(install) ignored
[0.187s] Level 1:colcon.colcon_core.package_identification:_identify(log) by extensions ['ignore', 'ignore_ament_install']
[0.187s] Level 1:colcon.colcon_core.package_identification:_identify(log) by extension 'ignore'
[0.187s] Level 1:colcon.colcon_core.package_identification:_identify(log) ignored
[0.187s] Level 1:colcon.colcon_core.package_identification:_identify(models) by extensions ['ignore', 'ignore_ament_install']
[0.187s] Level 1:colcon.colcon_core.package_identification:_identify(models) by extension 'ignore'
[0.187s] Level 1:colcon.colcon_core.package_identification:_identify(models) by extension 'ignore_ament_install'
[0.187s] Level 1:colcon.colcon_core.package_identification:_identify(models) by extensions ['colcon_pkg']
[0.187s] Level 1:colcon.colcon_core.package_identification:_identify(models) by extension 'colcon_pkg'
[0.187s] Level 1:colcon.colcon_core.package_identification:_identify(models) by extensions ['colcon_meta']
[0.187s] Level 1:colcon.colcon_core.package_identification:_identify(models) by extension 'colcon_meta'
[0.187s] Level 1:colcon.colcon_core.package_identification:_identify(models) by extensions ['ros']
[0.187s] Level 1:colcon.colcon_core.package_identification:_identify(models) by extension 'ros'
[0.187s] Level 1:colcon.colcon_core.package_identification:_identify(models) by extensions ['cmake', 'python']
[0.187s] Level 1:colcon.colcon_core.package_identification:_identify(models) by extension 'cmake'
[0.187s] Level 1:colcon.colcon_core.package_identification:_identify(models) by extension 'python'
[0.188s] Level 1:colcon.colcon_core.package_identification:_identify(models) by extensions ['python_setup_py']
[0.188s] Level 1:colcon.colcon_core.package_identification:_identify(models) by extension 'python_setup_py'
[0.188s] Level 1:colcon.colcon_core.package_identification:_identify(models/osoyoo) by extensions ['ignore', 'ignore_ament_install']
[0.188s] Level 1:colcon.colcon_core.package_identification:_identify(models/osoyoo) by extension 'ignore'
[0.188s] Level 1:colcon.colcon_core.package_identification:_identify(models/osoyoo) by extension 'ignore_ament_install'
[0.188s] Level 1:colcon.colcon_core.package_identification:_identify(models/osoyoo) by extensions ['colcon_pkg']
[0.188s] Level 1:colcon.colcon_core.package_identification:_identify(models/osoyoo) by extension 'colcon_pkg'
[0.188s] Level 1:colcon.colcon_core.package_identification:_identify(models/osoyoo) by extensions ['colcon_meta']
[0.188s] Level 1:colcon.colcon_core.package_identification:_identify(models/osoyoo) by extension 'colcon_meta'
[0.188s] Level 1:colcon.colcon_core.package_identification:_identify(models/osoyoo) by extensions ['ros']
[0.188s] Level 1:colcon.colcon_core.package_identification:_identify(models/osoyoo) by extension 'ros'
[0.188s] Level 1:colcon.colcon_core.package_identification:_identify(models/osoyoo) by extensions ['cmake', 'python']
[0.188s] Level 1:colcon.colcon_core.package_identification:_identify(models/osoyoo) by extension 'cmake'
[0.188s] Level 1:colcon.colcon_core.package_identification:_identify(models/osoyoo) by extension 'python'
[0.188s] Level 1:colcon.colcon_core.package_identification:_identify(models/osoyoo) by extensions ['python_setup_py']
[0.188s] Level 1:colcon.colcon_core.package_identification:_identify(models/osoyoo) by extension 'python_setup_py'
[0.188s] Level 1:colcon.colcon_core.package_identification:_identify(models/turtlebot4) by extensions ['ignore', 'ignore_ament_install']
[0.188s] Level 1:colcon.colcon_core.package_identification:_identify(models/turtlebot4) by extension 'ignore'
[0.188s] Level 1:colcon.colcon_core.package_identification:_identify(models/turtlebot4) by extension 'ignore_ament_install'
[0.188s] Level 1:colcon.colcon_core.package_identification:_identify(models/turtlebot4) by extensions ['colcon_pkg']
[0.188s] Level 1:colcon.colcon_core.package_identification:_identify(models/turtlebot4) by extension 'colcon_pkg'
[0.188s] Level 1:colcon.colcon_core.package_identification:_identify(models/turtlebot4) by extensions ['colcon_meta']
[0.188s] Level 1:colcon.colcon_core.package_identification:_identify(models/turtlebot4) by extension 'colcon_meta'
[0.189s] Level 1:colcon.colcon_core.package_identification:_identify(models/turtlebot4) by extensions ['ros']
[0.189s] Level 1:colcon.colcon_core.package_identification:_identify(models/turtlebot4) by extension 'ros'
[0.189s] Level 1:colcon.colcon_core.package_identification:_identify(models/turtlebot4) by extensions ['cmake', 'python']
[0.189s] Level 1:colcon.colcon_core.package_identification:_identify(models/turtlebot4) by extension 'cmake'
[0.189s] Level 1:colcon.colcon_core.package_identification:_identify(models/turtlebot4) by extension 'python'
[0.189s] Level 1:colcon.colcon_core.package_identification:_identify(models/turtlebot4) by extensions ['python_setup_py']
[0.189s] Level 1:colcon.colcon_core.package_identification:_identify(models/turtlebot4) by extension 'python_setup_py'
[0.189s] Level 1:colcon.colcon_core.package_identification:_identify(models/turtlebot4/nav2_minimal_tb4_description) by extensions ['ignore', 'ignore_ament_install']
[0.189s] Level 1:colcon.colcon_core.package_identification:_identify(models/turtlebot4/nav2_minimal_tb4_description) by extension 'ignore'
[0.189s] Level 1:colcon.colcon_core.package_identification:_identify(models/turtlebot4/nav2_minimal_tb4_description) by extension 'ignore_ament_install'
[0.189s] Level 1:colcon.colcon_core.package_identification:_identify(models/turtlebot4/nav2_minimal_tb4_description) by extensions ['colcon_pkg']
[0.189s] Level 1:colcon.colcon_core.package_identification:_identify(models/turtlebot4/nav2_minimal_tb4_description) by extension 'colcon_pkg'
[0.189s] Level 1:colcon.colcon_core.package_identification:_identify(models/turtlebot4/nav2_minimal_tb4_description) by extensions ['colcon_meta']
[0.189s] Level 1:colcon.colcon_core.package_identification:_identify(models/turtlebot4/nav2_minimal_tb4_description) by extension 'colcon_meta'
[0.189s] Level 1:colcon.colcon_core.package_identification:_identify(models/turtlebot4/nav2_minimal_tb4_description) by extensions ['ros']
[0.189s] Level 1:colcon.colcon_core.package_identification:_identify(models/turtlebot4/nav2_minimal_tb4_description) by extension 'ros'
[0.189s] Level 1:colcon.colcon_core.package_identification:_identify(models/turtlebot4/nav2_minimal_tb4_description) by extensions ['cmake', 'python']
[0.189s] Level 1:colcon.colcon_core.package_identification:_identify(models/turtlebot4/nav2_minimal_tb4_description) by extension 'cmake'
[0.189s] Level 1:colcon.colcon_core.package_identification:_identify(models/turtlebot4/nav2_minimal_tb4_description) by extension 'python'
[0.189s] Level 1:colcon.colcon_core.package_identification:_identify(models/turtlebot4/nav2_minimal_tb4_description) by extensions ['python_setup_py']
[0.189s] Level 1:colcon.colcon_core.package_identification:_identify(models/turtlebot4/nav2_minimal_tb4_description) by extension 'python_setup_py'
[0.189s] Level 1:colcon.colcon_core.package_identification:_identify(models/turtlebot4/nav2_minimal_tb4_description/hooks) by extensions ['ignore', 'ignore_ament_install']
[0.190s] Level 1:colcon.colcon_core.package_identification:_identify(models/turtlebot4/nav2_minimal_tb4_description/hooks) by extension 'ignore'
[0.190s] Level 1:colcon.colcon_core.package_identification:_identify(models/turtlebot4/nav2_minimal_tb4_description/hooks) by extension 'ignore_ament_install'
[0.190s] Level 1:colcon.colcon_core.package_identification:_identify(models/turtlebot4/nav2_minimal_tb4_description/hooks) by extensions ['colcon_pkg']
[0.190s] Level 1:colcon.colcon_core.package_identification:_identify(models/turtlebot4/nav2_minimal_tb4_description/hooks) by extension 'colcon_pkg'
[0.190s] Level 1:colcon.colcon_core.package_identification:_identify(models/turtlebot4/nav2_minimal_tb4_description/hooks) by extensions ['colcon_meta']
[0.190s] Level 1:colcon.colcon_core.package_identification:_identify(models/turtlebot4/nav2_minimal_tb4_description/hooks) by extension 'colcon_meta'
[0.190s] Level 1:colcon.colcon_core.package_identification:_identify(models/turtlebot4/nav2_minimal_tb4_description/hooks) by extensions ['ros']
[0.190s] Level 1:colcon.colcon_core.package_identification:_identify(models/turtlebot4/nav2_minimal_tb4_description/hooks) by extension 'ros'
[0.190s] Level 1:colcon.colcon_core.package_identification:_identify(models/turtlebot4/nav2_minimal_tb4_description/hooks) by extensions ['cmake', 'python']
[0.190s] Level 1:colcon.colcon_core.package_identification:_identify(models/turtlebot4/nav2_minimal_tb4_description/hooks) by extension 'cmake'
[0.190s] Level 1:colcon.colcon_core.package_identification:_identify(models/turtlebot4/nav2_minimal_tb4_description/hooks) by extension 'python'
[0.190s] Level 1:colcon.colcon_core.package_identification:_identify(models/turtlebot4/nav2_minimal_tb4_description/hooks) by extensions ['python_setup_py']
[0.190s] Level 1:colcon.colcon_core.package_identification:_identify(models/turtlebot4/nav2_minimal_tb4_description/hooks) by extension 'python_setup_py'
[0.190s] Level 1:colcon.colcon_core.package_identification:_identify(models/turtlebot4/nav2_minimal_tb4_description/launch) by extensions ['ignore', 'ignore_ament_install']
[0.190s] Level 1:colcon.colcon_core.package_identification:_identify(models/turtlebot4/nav2_minimal_tb4_description/launch) by extension 'ignore'
[0.190s] Level 1:colcon.colcon_core.package_identification:_identify(models/turtlebot4/nav2_minimal_tb4_description/launch) by extension 'ignore_ament_install'
[0.190s] Level 1:colcon.colcon_core.package_identification:_identify(models/turtlebot4/nav2_minimal_tb4_description/launch) by extensions ['colcon_pkg']
[0.190s] Level 1:colcon.colcon_core.package_identification:_identify(models/turtlebot4/nav2_minimal_tb4_description/launch) by extension 'colcon_pkg'
[0.190s] Level 1:colcon.colcon_core.package_identification:_identify(models/turtlebot4/nav2_minimal_tb4_description/launch) by extensions ['colcon_meta']
[0.190s] Level 1:colcon.colcon_core.package_identification:_identify(models/turtlebot4/nav2_minimal_tb4_description/launch) by extension 'colcon_meta'
[0.190s] Level 1:colcon.colcon_core.package_identification:_identify(models/turtlebot4/nav2_minimal_tb4_description/launch) by extensions ['ros']
[0.190s] Level 1:colcon.colcon_core.package_identification:_identify(models/turtlebot4/nav2_minimal_tb4_description/launch) by extension 'ros'
[0.190s] Level 1:colcon.colcon_core.package_identification:_identify(models/turtlebot4/nav2_minimal_tb4_description/launch) by extensions ['cmake', 'python']
[0.191s] Level 1:colcon.colcon_core.package_identification:_identify(models/turtlebot4/nav2_minimal_tb4_description/launch) by extension 'cmake'
[0.191s] Level 1:colcon.colcon_core.package_identification:_identify(models/turtlebot4/nav2_minimal_tb4_description/launch) by extension 'python'
[0.191s] Level 1:colcon.colcon_core.package_identification:_identify(models/turtlebot4/nav2_minimal_tb4_description/launch) by extensions ['python_setup_py']
[0.191s] Level 1:colcon.colcon_core.package_identification:_identify(models/turtlebot4/nav2_minimal_tb4_description/launch) by extension 'python_setup_py'
[0.191s] Level 1:colcon.colcon_core.package_identification:_identify(models/turtlebot4/nav2_minimal_tb4_description/meshes) by extensions ['ignore', 'ignore_ament_install']
[0.191s] Level 1:colcon.colcon_core.package_identification:_identify(models/turtlebot4/nav2_minimal_tb4_description/meshes) by extension 'ignore'
[0.191s] Level 1:colcon.colcon_core.package_identification:_identify(models/turtlebot4/nav2_minimal_tb4_description/meshes) by extension 'ignore_ament_install'
[0.191s] Level 1:colcon.colcon_core.package_identification:_identify(models/turtlebot4/nav2_minimal_tb4_description/meshes) by extensions ['colcon_pkg']
[0.191s] Level 1:colcon.colcon_core.package_identification:_identify(models/turtlebot4/nav2_minimal_tb4_description/meshes) by extension 'colcon_pkg'
[0.191s] Level 1:colcon.colcon_core.package_identification:_identify(models/turtlebot4/nav2_minimal_tb4_description/meshes) by extensions ['colcon_meta']
[0.191s] Level 1:colcon.colcon_core.package_identification:_identify(models/turtlebot4/nav2_minimal_tb4_description/meshes) by extension 'colcon_meta'
[0.191s] Level 1:colcon.colcon_core.package_identification:_identify(models/turtlebot4/nav2_minimal_tb4_description/meshes) by extensions ['ros']
[0.191s] Level 1:colcon.colcon_core.package_identification:_identify(models/turtlebot4/nav2_minimal_tb4_description/meshes) by extension 'ros'
[0.191s] Level 1:colcon.colcon_core.package_identification:_identify(models/turtlebot4/nav2_minimal_tb4_description/meshes) by extensions ['cmake', 'python']
[0.191s] Level 1:colcon.colcon_core.package_identification:_identify(models/turtlebot4/nav2_minimal_tb4_description/meshes) by extension 'cmake'
[0.191s] Level 1:colcon.colcon_core.package_identification:_identify(models/turtlebot4/nav2_minimal_tb4_description/meshes) by extension 'python'
[0.191s] Level 1:colcon.colcon_core.package_identification:_identify(models/turtlebot4/nav2_minimal_tb4_description/meshes) by extensions ['python_setup_py']
[0.191s] Level 1:colcon.colcon_core.package_identification:_identify(models/turtlebot4/nav2_minimal_tb4_description/meshes) by extension 'python_setup_py'
[0.191s] Level 1:colcon.colcon_core.package_identification:_identify(models/turtlebot4/nav2_minimal_tb4_description/rviz) by extensions ['ignore', 'ignore_ament_install']
[0.191s] Level 1:colcon.colcon_core.package_identification:_identify(models/turtlebot4/nav2_minimal_tb4_description/rviz) by extension 'ignore'
[0.191s] Level 1:colcon.colcon_core.package_identification:_identify(models/turtlebot4/nav2_minimal_tb4_description/rviz) by extension 'ignore_ament_install'
[0.191s] Level 1:colcon.colcon_core.package_identification:_identify(models/turtlebot4/nav2_minimal_tb4_description/rviz) by extensions ['colcon_pkg']
[0.192s] Level 1:colcon.colcon_core.package_identification:_identify(models/turtlebot4/nav2_minimal_tb4_description/rviz) by extension 'colcon_pkg'
[0.192s] Level 1:colcon.colcon_core.package_identification:_identify(models/turtlebot4/nav2_minimal_tb4_description/rviz) by extensions ['colcon_meta']
[0.192s] Level 1:colcon.colcon_core.package_identification:_identify(models/turtlebot4/nav2_minimal_tb4_description/rviz) by extension 'colcon_meta'
[0.192s] Level 1:colcon.colcon_core.package_identification:_identify(models/turtlebot4/nav2_minimal_tb4_description/rviz) by extensions ['ros']
[0.192s] Level 1:colcon.colcon_core.package_identification:_identify(models/turtlebot4/nav2_minimal_tb4_description/rviz) by extension 'ros'
[0.192s] Level 1:colcon.colcon_core.package_identification:_identify(models/turtlebot4/nav2_minimal_tb4_description/rviz) by extensions ['cmake', 'python']
[0.192s] Level 1:colcon.colcon_core.package_identification:_identify(models/turtlebot4/nav2_minimal_tb4_description/rviz) by extension 'cmake'
[0.192s] Level 1:colcon.colcon_core.package_identification:_identify(models/turtlebot4/nav2_minimal_tb4_description/rviz) by extension 'python'
[0.192s] Level 1:colcon.colcon_core.package_identification:_identify(models/turtlebot4/nav2_minimal_tb4_description/rviz) by extensions ['python_setup_py']
[0.192s] Level 1:colcon.colcon_core.package_identification:_identify(models/turtlebot4/nav2_minimal_tb4_description/rviz) by extension 'python_setup_py'
[0.192s] Level 1:colcon.colcon_core.package_identification:_identify(models/turtlebot4/nav2_minimal_tb4_description/urdf) by extensions ['ignore', 'ignore_ament_install']
[0.192s] Level 1:colcon.colcon_core.package_identification:_identify(models/turtlebot4/nav2_minimal_tb4_description/urdf) by extension 'ignore'
[0.192s] Level 1:colcon.colcon_core.package_identification:_identify(models/turtlebot4/nav2_minimal_tb4_description/urdf) by extension 'ignore_ament_install'
[0.192s] Level 1:colcon.colcon_core.package_identification:_identify(models/turtlebot4/nav2_minimal_tb4_description/urdf) by extensions ['colcon_pkg']
[0.192s] Level 1:colcon.colcon_core.package_identification:_identify(models/turtlebot4/nav2_minimal_tb4_description/urdf) by extension 'colcon_pkg'
[0.192s] Level 1:colcon.colcon_core.package_identification:_identify(models/turtlebot4/nav2_minimal_tb4_description/urdf) by extensions ['colcon_meta']
[0.192s] Level 1:colcon.colcon_core.package_identification:_identify(models/turtlebot4/nav2_minimal_tb4_description/urdf) by extension 'colcon_meta'
[0.192s] Level 1:colcon.colcon_core.package_identification:_identify(models/turtlebot4/nav2_minimal_tb4_description/urdf) by extensions ['ros']
[0.192s] Level 1:colcon.colcon_core.package_identification:_identify(models/turtlebot4/nav2_minimal_tb4_description/urdf) by extension 'ros'
[0.193s] Level 1:colcon.colcon_core.package_identification:_identify(models/turtlebot4/nav2_minimal_tb4_description/urdf) by extensions ['cmake', 'python']
[0.193s] Level 1:colcon.colcon_core.package_identification:_identify(models/turtlebot4/nav2_minimal_tb4_description/urdf) by extension 'cmake'
[0.193s] Level 1:colcon.colcon_core.package_identification:_identify(models/turtlebot4/nav2_minimal_tb4_description/urdf) by extension 'python'
[0.193s] Level 1:colcon.colcon_core.package_identification:_identify(models/turtlebot4/nav2_minimal_tb4_description/urdf) by extensions ['python_setup_py']
[0.193s] Level 1:colcon.colcon_core.package_identification:_identify(models/turtlebot4/nav2_minimal_tb4_description/urdf) by extension 'python_setup_py'
[0.193s] Level 1:colcon.colcon_core.package_identification:_identify(models/turtlebot4/nav2_minimal_tb4_description/urdf/icreate) by extensions ['ignore', 'ignore_ament_install']
[0.193s] Level 1:colcon.colcon_core.package_identification:_identify(models/turtlebot4/nav2_minimal_tb4_description/urdf/icreate) by extension 'ignore'
[0.193s] Level 1:colcon.colcon_core.package_identification:_identify(models/turtlebot4/nav2_minimal_tb4_description/urdf/icreate) by extension 'ignore_ament_install'
[0.193s] Level 1:colcon.colcon_core.package_identification:_identify(models/turtlebot4/nav2_minimal_tb4_description/urdf/icreate) by extensions ['colcon_pkg']
[0.193s] Level 1:colcon.colcon_core.package_identification:_identify(models/turtlebot4/nav2_minimal_tb4_description/urdf/icreate) by extension 'colcon_pkg'
[0.194s] Level 1:colcon.colcon_core.package_identification:_identify(models/turtlebot4/nav2_minimal_tb4_description/urdf/icreate) by extensions ['colcon_meta']
[0.194s] Level 1:colcon.colcon_core.package_identification:_identify(models/turtlebot4/nav2_minimal_tb4_description/urdf/icreate) by extension 'colcon_meta'
[0.194s] Level 1:colcon.colcon_core.package_identification:_identify(models/turtlebot4/nav2_minimal_tb4_description/urdf/icreate) by extensions ['ros']
[0.194s] Level 1:colcon.colcon_core.package_identification:_identify(models/turtlebot4/nav2_minimal_tb4_description/urdf/icreate) by extension 'ros'
[0.194s] Level 1:colcon.colcon_core.package_identification:_identify(models/turtlebot4/nav2_minimal_tb4_description/urdf/icreate) by extensions ['cmake', 'python']
[0.194s] Level 1:colcon.colcon_core.package_identification:_identify(models/turtlebot4/nav2_minimal_tb4_description/urdf/icreate) by extension 'cmake'
[0.194s] Level 1:colcon.colcon_core.package_identification:_identify(models/turtlebot4/nav2_minimal_tb4_description/urdf/icreate) by extension 'python'
[0.194s] Level 1:colcon.colcon_core.package_identification:_identify(models/turtlebot4/nav2_minimal_tb4_description/urdf/icreate) by extensions ['python_setup_py']
[0.194s] Level 1:colcon.colcon_core.package_identification:_identify(models/turtlebot4/nav2_minimal_tb4_description/urdf/icreate) by extension 'python_setup_py'
[0.194s] Level 1:colcon.colcon_core.package_identification:_identify(models/turtlebot4/nav2_minimal_tb4_description/urdf/icreate/sensors) by extensions ['ignore', 'ignore_ament_install']
[0.194s] Level 1:colcon.colcon_core.package_identification:_identify(models/turtlebot4/nav2_minimal_tb4_description/urdf/icreate/sensors) by extension 'ignore'
[0.194s] Level 1:colcon.colcon_core.package_identification:_identify(models/turtlebot4/nav2_minimal_tb4_description/urdf/icreate/sensors) by extension 'ignore_ament_install'
[0.194s] Level 1:colcon.colcon_core.package_identification:_identify(models/turtlebot4/nav2_minimal_tb4_description/urdf/icreate/sensors) by extensions ['colcon_pkg']
[0.194s] Level 1:colcon.colcon_core.package_identification:_identify(models/turtlebot4/nav2_minimal_tb4_description/urdf/icreate/sensors) by extension 'colcon_pkg'
[0.194s] Level 1:colcon.colcon_core.package_identification:_identify(models/turtlebot4/nav2_minimal_tb4_description/urdf/icreate/sensors) by extensions ['colcon_meta']
[0.194s] Level 1:colcon.colcon_core.package_identification:_identify(models/turtlebot4/nav2_minimal_tb4_description/urdf/icreate/sensors) by extension 'colcon_meta'
[0.194s] Level 1:colcon.colcon_core.package_identification:_identify(models/turtlebot4/nav2_minimal_tb4_description/urdf/icreate/sensors) by extensions ['ros']
[0.194s] Level 1:colcon.colcon_core.package_identification:_identify(models/turtlebot4/nav2_minimal_tb4_description/urdf/icreate/sensors) by extension 'ros'
[0.194s] Level 1:colcon.colcon_core.package_identification:_identify(models/turtlebot4/nav2_minimal_tb4_description/urdf/icreate/sensors) by extensions ['cmake', 'python']
[0.195s] Level 1:colcon.colcon_core.package_identification:_identify(models/turtlebot4/nav2_minimal_tb4_description/urdf/icreate/sensors) by extension 'cmake'
[0.195s] Level 1:colcon.colcon_core.package_identification:_identify(models/turtlebot4/nav2_minimal_tb4_description/urdf/icreate/sensors) by extension 'python'
[0.195s] Level 1:colcon.colcon_core.package_identification:_identify(models/turtlebot4/nav2_minimal_tb4_description/urdf/icreate/sensors) by extensions ['python_setup_py']
[0.195s] Level 1:colcon.colcon_core.package_identification:_identify(models/turtlebot4/nav2_minimal_tb4_description/urdf/icreate/sensors) by extension 'python_setup_py'
[0.195s] Level 1:colcon.colcon_core.package_identification:_identify(models/turtlebot4/nav2_minimal_tb4_description/urdf/sensors) by extensions ['ignore', 'ignore_ament_install']
[0.195s] Level 1:colcon.colcon_core.package_identification:_identify(models/turtlebot4/nav2_minimal_tb4_description/urdf/sensors) by extension 'ignore'
[0.195s] Level 1:colcon.colcon_core.package_identification:_identify(models/turtlebot4/nav2_minimal_tb4_description/urdf/sensors) by extension 'ignore_ament_install'
[0.195s] Level 1:colcon.colcon_core.package_identification:_identify(models/turtlebot4/nav2_minimal_tb4_description/urdf/sensors) by extensions ['colcon_pkg']
[0.195s] Level 1:colcon.colcon_core.package_identification:_identify(models/turtlebot4/nav2_minimal_tb4_description/urdf/sensors) by extension 'colcon_pkg'
[0.195s] Level 1:colcon.colcon_core.package_identification:_identify(models/turtlebot4/nav2_minimal_tb4_description/urdf/sensors) by extensions ['colcon_meta']
[0.195s] Level 1:colcon.colcon_core.package_identification:_identify(models/turtlebot4/nav2_minimal_tb4_description/urdf/sensors) by extension 'colcon_meta'
[0.195s] Level 1:colcon.colcon_core.package_identification:_identify(models/turtlebot4/nav2_minimal_tb4_description/urdf/sensors) by extensions ['ros']
[0.195s] Level 1:colcon.colcon_core.package_identification:_identify(models/turtlebot4/nav2_minimal_tb4_description/urdf/sensors) by extension 'ros'
[0.195s] Level 1:colcon.colcon_core.package_identification:_identify(models/turtlebot4/nav2_minimal_tb4_description/urdf/sensors) by extensions ['cmake', 'python']
[0.195s] Level 1:colcon.colcon_core.package_identification:_identify(models/turtlebot4/nav2_minimal_tb4_description/urdf/sensors) by extension 'cmake'
[0.195s] Level 1:colcon.colcon_core.package_identification:_identify(models/turtlebot4/nav2_minimal_tb4_description/urdf/sensors) by extension 'python'
[0.195s] Level 1:colcon.colcon_core.package_identification:_identify(models/turtlebot4/nav2_minimal_tb4_description/urdf/sensors) by extensions ['python_setup_py']
[0.195s] Level 1:colcon.colcon_core.package_identification:_identify(models/turtlebot4/nav2_minimal_tb4_description/urdf/sensors) by extension 'python_setup_py'
[0.195s] Level 1:colcon.colcon_core.package_identification:_identify(models/turtlebot4/nav2_minimal_tb4_description/urdf/standard) by extensions ['ignore', 'ignore_ament_install']
[0.195s] Level 1:colcon.colcon_core.package_identification:_identify(models/turtlebot4/nav2_minimal_tb4_description/urdf/standard) by extension 'ignore'
[0.196s] Level 1:colcon.colcon_core.package_identification:_identify(models/turtlebot4/nav2_minimal_tb4_description/urdf/standard) by extension 'ignore_ament_install'
[0.196s] Level 1:colcon.colcon_core.package_identification:_identify(models/turtlebot4/nav2_minimal_tb4_description/urdf/standard) by extensions ['colcon_pkg']
[0.196s] Level 1:colcon.colcon_core.package_identification:_identify(models/turtlebot4/nav2_minimal_tb4_description/urdf/standard) by extension 'colcon_pkg'
[0.196s] Level 1:colcon.colcon_core.package_identification:_identify(models/turtlebot4/nav2_minimal_tb4_description/urdf/standard) by extensions ['colcon_meta']
[0.196s] Level 1:colcon.colcon_core.package_identification:_identify(models/turtlebot4/nav2_minimal_tb4_description/urdf/standard) by extension 'colcon_meta'
[0.196s] Level 1:colcon.colcon_core.package_identification:_identify(models/turtlebot4/nav2_minimal_tb4_description/urdf/standard) by extensions ['ros']
[0.196s] Level 1:colcon.colcon_core.package_identification:_identify(models/turtlebot4/nav2_minimal_tb4_description/urdf/standard) by extension 'ros'
[0.196s] Level 1:colcon.colcon_core.package_identification:_identify(models/turtlebot4/nav2_minimal_tb4_description/urdf/standard) by extensions ['cmake', 'python']
[0.196s] Level 1:colcon.colcon_core.package_identification:_identify(models/turtlebot4/nav2_minimal_tb4_description/urdf/standard) by extension 'cmake'
[0.196s] Level 1:colcon.colcon_core.package_identification:_identify(models/turtlebot4/nav2_minimal_tb4_description/urdf/standard) by extension 'python'
[0.196s] Level 1:colcon.colcon_core.package_identification:_identify(models/turtlebot4/nav2_minimal_tb4_description/urdf/standard) by extensions ['python_setup_py']
[0.196s] Level 1:colcon.colcon_core.package_identification:_identify(models/turtlebot4/nav2_minimal_tb4_description/urdf/standard) by extension 'python_setup_py'
[0.196s] Level 1:colcon.colcon_core.package_identification:_identify(src) by extensions ['ignore', 'ignore_ament_install']
[0.196s] Level 1:colcon.colcon_core.package_identification:_identify(src) by extension 'ignore'
[0.196s] Level 1:colcon.colcon_core.package_identification:_identify(src) by extension 'ignore_ament_install'
[0.196s] Level 1:colcon.colcon_core.package_identification:_identify(src) by extensions ['colcon_pkg']
[0.196s] Level 1:colcon.colcon_core.package_identification:_identify(src) by extension 'colcon_pkg'
[0.196s] Level 1:colcon.colcon_core.package_identification:_identify(src) by extensions ['colcon_meta']
[0.196s] Level 1:colcon.colcon_core.package_identification:_identify(src) by extension 'colcon_meta'
[0.196s] Level 1:colcon.colcon_core.package_identification:_identify(src) by extensions ['ros']
[0.196s] Level 1:colcon.colcon_core.package_identification:_identify(src) by extension 'ros'
[0.196s] Level 1:colcon.colcon_core.package_identification:_identify(src) by extensions ['cmake', 'python']
[0.196s] Level 1:colcon.colcon_core.package_identification:_identify(src) by extension 'cmake'
[0.196s] Level 1:colcon.colcon_core.package_identification:_identify(src) by extension 'python'
[0.197s] Level 1:colcon.colcon_core.package_identification:_identify(src) by extensions ['python_setup_py']
[0.197s] Level 1:colcon.colcon_core.package_identification:_identify(src) by extension 'python_setup_py'
[0.197s] Level 1:colcon.colcon_core.package_identification:_identify(src/ionic_demo) by extensions ['ignore', 'ignore_ament_install']
[0.197s] Level 1:colcon.colcon_core.package_identification:_identify(src/ionic_demo) by extension 'ignore'
[0.197s] Level 1:colcon.colcon_core.package_identification:_identify(src/ionic_demo) by extension 'ignore_ament_install'
[0.197s] Level 1:colcon.colcon_core.package_identification:_identify(src/ionic_demo) by extensions ['colcon_pkg']
[0.197s] Level 1:colcon.colcon_core.package_identification:_identify(src/ionic_demo) by extension 'colcon_pkg'
[0.197s] Level 1:colcon.colcon_core.package_identification:_identify(src/ionic_demo) by extensions ['colcon_meta']
[0.197s] Level 1:colcon.colcon_core.package_identification:_identify(src/ionic_demo) by extension 'colcon_meta'
[0.197s] Level 1:colcon.colcon_core.package_identification:_identify(src/ionic_demo) by extensions ['ros']
[0.197s] Level 1:colcon.colcon_core.package_identification:_identify(src/ionic_demo) by extension 'ros'
[0.197s] Level 1:colcon.colcon_core.package_identification:_identify(src/ionic_demo) by extensions ['cmake', 'python']
[0.197s] Level 1:colcon.colcon_core.package_identification:_identify(src/ionic_demo) by extension 'cmake'
[0.197s] Level 1:colcon.colcon_core.package_identification:_identify(src/ionic_demo) by extension 'python'
[0.197s] Level 1:colcon.colcon_core.package_identification:_identify(src/ionic_demo) by extensions ['python_setup_py']
[0.197s] Level 1:colcon.colcon_core.package_identification:_identify(src/ionic_demo) by extension 'python_setup_py'
[0.197s] Level 1:colcon.colcon_core.package_identification:_identify(src/ionic_demo/ionic_demo) by extensions ['ignore', 'ignore_ament_install']
[0.197s] Level 1:colcon.colcon_core.package_identification:_identify(src/ionic_demo/ionic_demo) by extension 'ignore'
[0.197s] Level 1:colcon.colcon_core.package_identification:_identify(src/ionic_demo/ionic_demo) by extension 'ignore_ament_install'
[0.197s] Level 1:colcon.colcon_core.package_identification:_identify(src/ionic_demo/ionic_demo) by extensions ['colcon_pkg']
[0.197s] Level 1:colcon.colcon_core.package_identification:_identify(src/ionic_demo/ionic_demo) by extension 'colcon_pkg'
[0.197s] Level 1:colcon.colcon_core.package_identification:_identify(src/ionic_demo/ionic_demo) by extensions ['colcon_meta']
[0.197s] Level 1:colcon.colcon_core.package_identification:_identify(src/ionic_demo/ionic_demo) by extension 'colcon_meta'
[0.198s] Level 1:colcon.colcon_core.package_identification:_identify(src/ionic_demo/ionic_demo) by extensions ['ros']
[0.198s] Level 1:colcon.colcon_core.package_identification:_identify(src/ionic_demo/ionic_demo) by extension 'ros'
[0.200s] DEBUG:colcon.colcon_core.package_identification:Package 'src/ionic_demo/ionic_demo' with type 'ros.ament_cmake' and name 'ionic_demo'
[0.200s] Level 1:colcon.colcon_core.package_identification:_identify(src/multirobot_spawn) by extensions ['ignore', 'ignore_ament_install']
[0.200s] Level 1:colcon.colcon_core.package_identification:_identify(src/multirobot_spawn) by extension 'ignore'
[0.201s] Level 1:colcon.colcon_core.package_identification:_identify(src/multirobot_spawn) by extension 'ignore_ament_install'
[0.201s] Level 1:colcon.colcon_core.package_identification:_identify(src/multirobot_spawn) by extensions ['colcon_pkg']
[0.201s] Level 1:colcon.colcon_core.package_identification:_identify(src/multirobot_spawn) by extension 'colcon_pkg'
[0.201s] Level 1:colcon.colcon_core.package_identification:_identify(src/multirobot_spawn) by extensions ['colcon_meta']
[0.201s] Level 1:colcon.colcon_core.package_identification:_identify(src/multirobot_spawn) by extension 'colcon_meta'
[0.201s] Level 1:colcon.colcon_core.package_identification:_identify(src/multirobot_spawn) by extensions ['ros']
[0.201s] Level 1:colcon.colcon_core.package_identification:_identify(src/multirobot_spawn) by extension 'ros'
[0.201s] DEBUG:colcon.colcon_core.package_identification:Package 'src/multirobot_spawn' with type 'ros.ament_python' and name 'multirobot_spawn'
[0.201s] Level 1:colcon.colcon_core.package_identification:_identify(src/multirobot_spawn_obs) by extensions ['ignore', 'ignore_ament_install']
[0.201s] Level 1:colcon.colcon_core.package_identification:_identify(src/multirobot_spawn_obs) by extension 'ignore'
[0.201s] Level 1:colcon.colcon_core.package_identification:_identify(src/multirobot_spawn_obs) by extension 'ignore_ament_install'
[0.202s] Level 1:colcon.colcon_core.package_identification:_identify(src/multirobot_spawn_obs) by extensions ['colcon_pkg']
[0.202s] Level 1:colcon.colcon_core.package_identification:_identify(src/multirobot_spawn_obs) by extension 'colcon_pkg'
[0.202s] Level 1:colcon.colcon_core.package_identification:_identify(src/multirobot_spawn_obs) by extensions ['colcon_meta']
[0.202s] Level 1:colcon.colcon_core.package_identification:_identify(src/multirobot_spawn_obs) by extension 'colcon_meta'
[0.202s] Level 1:colcon.colcon_core.package_identification:_identify(src/multirobot_spawn_obs) by extensions ['ros']
[0.202s] Level 1:colcon.colcon_core.package_identification:_identify(src/multirobot_spawn_obs) by extension 'ros'
[0.202s] DEBUG:colcon.colcon_core.package_identification:Package 'src/multirobot_spawn_obs' with type 'ros.ament_python' and name 'multirobot_spawn_obs'
[0.202s] Level 1:colcon.colcon_core.package_identification:_identify(src/robot_controller) by extensions ['ignore', 'ignore_ament_install']
[0.202s] Level 1:colcon.colcon_core.package_identification:_identify(src/robot_controller) by extension 'ignore'
[0.202s] Level 1:colcon.colcon_core.package_identification:_identify(src/robot_controller) by extension 'ignore_ament_install'
[0.202s] Level 1:colcon.colcon_core.package_identification:_identify(src/robot_controller) by extensions ['colcon_pkg']
[0.202s] Level 1:colcon.colcon_core.package_identification:_identify(src/robot_controller) by extension 'colcon_pkg'
[0.203s] Level 1:colcon.colcon_core.package_identification:_identify(src/robot_controller) by extensions ['colcon_meta']
[0.203s] Level 1:colcon.colcon_core.package_identification:_identify(src/robot_controller) by extension 'colcon_meta'
[0.203s] Level 1:colcon.colcon_core.package_identification:_identify(src/robot_controller) by extensions ['ros']
[0.203s] Level 1:colcon.colcon_core.package_identification:_identify(src/robot_controller) by extension 'ros'
[0.203s] DEBUG:colcon.colcon_core.package_identification:Package 'src/robot_controller' with type 'ros.ament_python' and name 'robot_controller'
[0.203s] Level 1:colcon.colcon_core.package_identification:_identify(src/ros2-vicon-receiver) by extensions ['ignore', 'ignore_ament_install']
[0.203s] Level 1:colcon.colcon_core.package_identification:_identify(src/ros2-vicon-receiver) by extension 'ignore'
[0.203s] Level 1:colcon.colcon_core.package_identification:_identify(src/ros2-vicon-receiver) by extension 'ignore_ament_install'
[0.203s] Level 1:colcon.colcon_core.package_identification:_identify(src/ros2-vicon-receiver) by extensions ['colcon_pkg']
[0.203s] Level 1:colcon.colcon_core.package_identification:_identify(src/ros2-vicon-receiver) by extension 'colcon_pkg'
[0.204s] Level 1:colcon.colcon_core.package_identification:_identify(src/ros2-vicon-receiver) by extensions ['colcon_meta']
[0.204s] Level 1:colcon.colcon_core.package_identification:_identify(src/ros2-vicon-receiver) by extension 'colcon_meta'
[0.204s] Level 1:colcon.colcon_core.package_identification:_identify(src/ros2-vicon-receiver) by extensions ['ros']
[0.204s] Level 1:colcon.colcon_core.package_identification:_identify(src/ros2-vicon-receiver) by extension 'ros'
[0.204s] Level 1:colcon.colcon_core.package_identification:_identify(src/ros2-vicon-receiver) by extensions ['cmake', 'python']
[0.204s] Level 1:colcon.colcon_core.package_identification:_identify(src/ros2-vicon-receiver) by extension 'cmake'
[0.204s] Level 1:colcon.colcon_core.package_identification:_identify(src/ros2-vicon-receiver) by extension 'python'
[0.204s] Level 1:colcon.colcon_core.package_identification:_identify(src/ros2-vicon-receiver) by extensions ['python_setup_py']
[0.204s] Level 1:colcon.colcon_core.package_identification:_identify(src/ros2-vicon-receiver) by extension 'python_setup_py'
[0.204s] Level 1:colcon.colcon_core.package_identification:_identify(src/ros2-vicon-receiver/DataStreamSDK_1.12.0) by extensions ['ignore', 'ignore_ament_install']
[0.204s] Level 1:colcon.colcon_core.package_identification:_identify(src/ros2-vicon-receiver/DataStreamSDK_1.12.0) by extension 'ignore'
[0.204s] Level 1:colcon.colcon_core.package_identification:_identify(src/ros2-vicon-receiver/DataStreamSDK_1.12.0) by extension 'ignore_ament_install'
[0.204s] Level 1:colcon.colcon_core.package_identification:_identify(src/ros2-vicon-receiver/DataStreamSDK_1.12.0) by extensions ['colcon_pkg']
[0.204s] Level 1:colcon.colcon_core.package_identification:_identify(src/ros2-vicon-receiver/DataStreamSDK_1.12.0) by extension 'colcon_pkg'
[0.204s] Level 1:colcon.colcon_core.package_identification:_identify(src/ros2-vicon-receiver/DataStreamSDK_1.12.0) by extensions ['colcon_meta']
[0.204s] Level 1:colcon.colcon_core.package_identification:_identify(src/ros2-vicon-receiver/DataStreamSDK_1.12.0) by extension 'colcon_meta'
[0.204s] Level 1:colcon.colcon_core.package_identification:_identify(src/ros2-vicon-receiver/DataStreamSDK_1.12.0) by extensions ['ros']
[0.204s] Level 1:colcon.colcon_core.package_identification:_identify(src/ros2-vicon-receiver/DataStreamSDK_1.12.0) by extension 'ros'
[0.204s] Level 1:colcon.colcon_core.package_identification:_identify(src/ros2-vicon-receiver/DataStreamSDK_1.12.0) by extensions ['cmake', 'python']
[0.204s] Level 1:colcon.colcon_core.package_identification:_identify(src/ros2-vicon-receiver/DataStreamSDK_1.12.0) by extension 'cmake'
[0.204s] Level 1:colcon.colcon_core.package_identification:_identify(src/ros2-vicon-receiver/DataStreamSDK_1.12.0) by extension 'python'
[0.204s] Level 1:colcon.colcon_core.package_identification:_identify(src/ros2-vicon-receiver/DataStreamSDK_1.12.0) by extensions ['python_setup_py']
[0.204s] Level 1:colcon.colcon_core.package_identification:_identify(src/ros2-vicon-receiver/DataStreamSDK_1.12.0) by extension 'python_setup_py'
[0.205s] Level 1:colcon.colcon_core.package_identification:_identify(src/ros2-vicon-receiver/vicon_receiver) by extensions ['ignore', 'ignore_ament_install']
[0.205s] Level 1:colcon.colcon_core.package_identification:_identify(src/ros2-vicon-receiver/vicon_receiver) by extension 'ignore'
[0.205s] Level 1:colcon.colcon_core.package_identification:_identify(src/ros2-vicon-receiver/vicon_receiver) by extension 'ignore_ament_install'
[0.205s] Level 1:colcon.colcon_core.package_identification:_identify(src/ros2-vicon-receiver/vicon_receiver) by extensions ['colcon_pkg']
[0.205s] Level 1:colcon.colcon_core.package_identification:_identify(src/ros2-vicon-receiver/vicon_receiver) by extension 'colcon_pkg'
[0.205s] Level 1:colcon.colcon_core.package_identification:_identify(src/ros2-vicon-receiver/vicon_receiver) by extensions ['colcon_meta']
[0.205s] Level 1:colcon.colcon_core.package_identification:_identify(src/ros2-vicon-receiver/vicon_receiver) by extension 'colcon_meta'
[0.205s] Level 1:colcon.colcon_core.package_identification:_identify(src/ros2-vicon-receiver/vicon_receiver) by extensions ['ros']
[0.205s] Level 1:colcon.colcon_core.package_identification:_identify(src/ros2-vicon-receiver/vicon_receiver) by extension 'ros'
[0.205s] DEBUG:colcon.colcon_core.package_identification:Package 'src/ros2-vicon-receiver/vicon_receiver' with type 'ros.ament_cmake' and name 'vicon_receiver'
[0.205s] Level 1:colcon.colcon_core.package_identification:_identify(src/shepherding_control) by extensions ['ignore', 'ignore_ament_install']
[0.205s] Level 1:colcon.colcon_core.package_identification:_identify(src/shepherding_control) by extension 'ignore'
[0.205s] Level 1:colcon.colcon_core.package_identification:_identify(src/shepherding_control) by extension 'ignore_ament_install'
[0.205s] Level 1:colcon.colcon_core.package_identification:_identify(src/shepherding_control) by extensions ['colcon_pkg']
[0.206s] Level 1:colcon.colcon_core.package_identification:_identify(src/shepherding_control) by extension 'colcon_pkg'
[0.206s] Level 1:colcon.colcon_core.package_identification:_identify(src/shepherding_control) by extensions ['colcon_meta']
[0.206s] Level 1:colcon.colcon_core.package_identification:_identify(src/shepherding_control) by extension 'colcon_meta'
[0.206s] Level 1:colcon.colcon_core.package_identification:_identify(src/shepherding_control) by extensions ['ros']
[0.206s] Level 1:colcon.colcon_core.package_identification:_identify(src/shepherding_control) by extension 'ros'
[0.206s] DEBUG:colcon.colcon_core.package_identification:Package 'src/shepherding_control' with type 'ros.ament_python' and name 'shepherding_control'
[0.206s] Level 1:colcon.colcon_core.package_identification:_identify(worlds) by extensions ['ignore', 'ignore_ament_install']
[0.206s] Level 1:colcon.colcon_core.package_identification:_identify(worlds) by extension 'ignore'
[0.206s] Level 1:colcon.colcon_core.package_identification:_identify(worlds) by extension 'ignore_ament_install'
[0.206s] Level 1:colcon.colcon_core.package_identification:_identify(worlds) by extensions ['colcon_pkg']
[0.206s] Level 1:colcon.colcon_core.package_identification:_identify(worlds) by extension 'colcon_pkg'
[0.206s] Level 1:colcon.colcon_core.package_identification:_identify(worlds) by extensions ['colcon_meta']
[0.206s] Level 1:colcon.colcon_core.package_identification:_identify(worlds) by extension 'colcon_meta'
[0.206s] Level 1:colcon.colcon_core.package_identification:_identify(worlds) by extensions ['ros']
[0.206s] Level 1:colcon.colcon_core.package_identification:_identify(worlds) by extension 'ros'
[0.206s] Level 1:colcon.colcon_core.package_identification:_identify(worlds) by extensions ['cmake', 'python']
[0.206s] Level 1:colcon.colcon_core.package_identification:_identify(worlds) by extension 'cmake'
[0.207s] Level 1:colcon.colcon_core.package_identification:_identify(worlds) by extension 'python'
[0.207s] Level 1:colcon.colcon_core.package_identification:_identify(worlds) by extensions ['python_setup_py']
[0.207s] Level 1:colcon.colcon_core.package_identification:_identify(worlds) by extension 'python_setup_py'
[0.207s] Level 1:colcon.colcon_core.package_discovery:discover_packages(recursive) using defaults
[0.207s] Level 1:colcon.colcon_core.package_discovery:discover_packages(ignore) discover
[0.207s] Level 1:colcon.colcon_core.package_discovery:discover_packages(ignore) using defaults
[0.207s] Level 1:colcon.colcon_core.package_discovery:discover_packages(path) discover
[0.207s] Level 1:colcon.colcon_core.package_discovery:discover_packages(path) using defaults
[0.227s] Level 1:colcon.colcon_core.package_discovery:discover_packages(prefix_path) check parameters
[0.227s] Level 1:colcon.colcon_core.package_discovery:discover_packages(prefix_path) discover
[0.230s] DEBUG:colcon.colcon_installed_package_information.package_discovery:Found 315 installed packages in /opt/ros/jazzy
[0.231s] Level 1:colcon.colcon_core.package_discovery:discover_packages(prefix_path) using defaults
[0.273s] Level 5:colcon.colcon_core.verb:set package 'ionic_demo' build argument 'cmake_args' from command line to 'None'
[0.274s] Level 5:colcon.colcon_core.verb:set package 'ionic_demo' build argument 'cmake_target' from command line to 'None'
[0.274s] Level 5:colcon.colcon_core.verb:set package 'ionic_demo' build argument 'cmake_target_skip_unavailable' from command line to 'False'
[0.274s] Level 5:colcon.colcon_core.verb:set package 'ionic_demo' build argument 'cmake_clean_cache' from command line to 'False'
[0.274s] Level 5:colcon.colcon_core.verb:set package 'ionic_demo' build argument 'cmake_clean_first' from command line to 'False'
[0.274s] Level 5:colcon.colcon_core.verb:set package 'ionic_demo' build argument 'cmake_force_configure' from command line to 'False'
[0.274s] Level 5:colcon.colcon_core.verb:set package 'ionic_demo' build argument 'ament_cmake_args' from command line to 'None'
[0.274s] Level 5:colcon.colcon_core.verb:set package 'ionic_demo' build argument 'catkin_cmake_args' from command line to 'None'
[0.274s] Level 5:colcon.colcon_core.verb:set package 'ionic_demo' build argument 'catkin_skip_building_tests' from command line to 'False'
[0.274s] DEBUG:colcon.colcon_core.verb:Building package 'ionic_demo' with the following arguments: {'ament_cmake_args': None, 'build_base': '/home/stefano/dev/Costanza/ros2_ws/build/ionic_demo', 'catkin_cmake_args': None, 'catkin_skip_building_tests': False, 'cmake_args': None, 'cmake_clean_cache': False, 'cmake_clean_first': False, 'cmake_force_configure': False, 'cmake_target': None, 'cmake_target_skip_unavailable': False, 'install_base': '/home/stefano/dev/Costanza/ros2_ws/install/ionic_demo', 'merge_install': False, 'path': '/home/stefano/dev/Costanza/ros2_ws/src/ionic_demo/ionic_demo', 'symlink_install': False, 'test_result_base': None}
[0.274s] Level 5:colcon.colcon_core.verb:set package 'multirobot_spawn' build argument 'cmake_args' from command line to 'None'
[0.274s] Level 5:colcon.colcon_core.verb:set package 'multirobot_spawn' build argument 'cmake_target' from command line to 'None'
[0.274s] Level 5:colcon.colcon_core.verb:set package 'multirobot_spawn' build argument 'cmake_target_skip_unavailable' from command line to 'False'
[0.274s] Level 5:colcon.colcon_core.verb:set package 'multirobot_spawn' build argument 'cmake_clean_cache' from command line to 'False'
[0.274s] Level 5:colcon.colcon_core.verb:set package 'multirobot_spawn' build argument 'cmake_clean_first' from command line to 'False'
[0.274s] Level 5:colcon.colcon_core.verb:set package 'multirobot_spawn' build argument 'cmake_force_configure' from command line to 'False'
[0.274s] Level 5:colcon.colcon_core.verb:set package 'multirobot_spawn' build argument 'ament_cmake_args' from command line to 'None'
[0.274s] Level 5:colcon.colcon_core.verb:set package 'multirobot_spawn' build argument 'catkin_cmake_args' from command line to 'None'
[0.274s] Level 5:colcon.colcon_core.verb:set package 'multirobot_spawn' build argument 'catkin_skip_building_tests' from command line to 'False'
[0.274s] DEBUG:colcon.colcon_core.verb:Building package 'multirobot_spawn' with the following arguments: {'ament_cmake_args': None, 'build_base': '/home/stefano/dev/Costanza/ros2_ws/build/multirobot_spawn', 'catkin_cmake_args': None, 'catkin_skip_building_tests': False, 'cmake_args': None, 'cmake_clean_cache': False, 'cmake_clean_first': False, 'cmake_force_configure': False, 'cmake_target': None, 'cmake_target_skip_unavailable': False, 'install_base': '/home/stefano/dev/Costanza/ros2_ws/install/multirobot_spawn', 'merge_install': False, 'path': '/home/stefano/dev/Costanza/ros2_ws/src/multirobot_spawn', 'symlink_install': False, 'test_result_base': None}
[0.274s] Level 5:colcon.colcon_core.verb:set package 'multirobot_spawn_obs' build argument 'cmake_args' from command line to 'None'
[0.275s] Level 5:colcon.colcon_core.verb:set package 'multirobot_spawn_obs' build argument 'cmake_target' from command line to 'None'
[0.275s] Level 5:colcon.colcon_core.verb:set package 'multirobot_spawn_obs' build argument 'cmake_target_skip_unavailable' from command line to 'False'
[0.275s] Level 5:colcon.colcon_core.verb:set package 'multirobot_spawn_obs' build argument 'cmake_clean_cache' from command line to 'False'
[0.275s] Level 5:colcon.colcon_core.verb:set package 'multirobot_spawn_obs' build argument 'cmake_clean_first' from command line to 'False'
[0.275s] Level 5:colcon.colcon_core.verb:set package 'multirobot_spawn_obs' build argument 'cmake_force_configure' from command line to 'False'
[0.275s] Level 5:colcon.colcon_core.verb:set package 'multirobot_spawn_obs' build argument 'ament_cmake_args' from command line to 'None'
[0.275s] Level 5:colcon.colcon_core.verb:set package 'multirobot_spawn_obs' build argument 'catkin_cmake_args' from command line to 'None'
[0.275s] Level 5:colcon.colcon_core.verb:set package 'multirobot_spawn_obs' build argument 'catkin_skip_building_tests' from command line to 'False'
[0.275s] DEBUG:colcon.colcon_core.verb:Building package 'multirobot_spawn_obs' with the following arguments: {'ament_cmake_args': None, 'build_base': '/home/stefano/dev/Costanza/ros2_ws/build/multirobot_spawn_obs', 'catkin_cmake_args': None, 'catkin_skip_building_tests': False, 'cmake_args': None, 'cmake_clean_cache': False, 'cmake_clean_first': False, 'cmake_force_configure': False, 'cmake_target': None, 'cmake_target_skip_unavailable': False, 'install_base': '/home/stefano/dev/Costanza/ros2_ws/install/multirobot_spawn_obs', 'merge_install': False, 'path': '/home/stefano/dev/Costanza/ros2_ws/src/multirobot_spawn_obs', 'symlink_install': False, 'test_result_base': None}
[0.275s] Level 5:colcon.colcon_core.verb:set package 'robot_controller' build argument 'cmake_args' from command line to 'None'
[0.275s] Level 5:colcon.colcon_core.verb:set package 'robot_controller' build argument 'cmake_target' from command line to 'None'
[0.275s] Level 5:colcon.colcon_core.verb:set package 'robot_controller' build argument 'cmake_target_skip_unavailable' from command line to 'False'
[0.275s] Level 5:colcon.colcon_core.verb:set package 'robot_controller' build argument 'cmake_clean_cache' from command line to 'False'
[0.275s] Level 5:colcon.colcon_core.verb:set package 'robot_controller' build argument 'cmake_clean_first' from command line to 'False'
[0.275s] Level 5:colcon.colcon_core.verb:set package 'robot_controller' build argument 'cmake_force_configure' from command line to 'False'
[0.275s] Level 5:colcon.colcon_core.verb:set package 'robot_controller' build argument 'ament_cmake_args' from command line to 'None'
[0.275s] Level 5:colcon.colcon_core.verb:set package 'robot_controller' build argument 'catkin_cmake_args' from command line to 'None'
[0.275s] Level 5:colcon.colcon_core.verb:set package 'robot_controller' build argument 'catkin_skip_building_tests' from command line to 'False'
[0.275s] DEBUG:colcon.colcon_core.verb:Building package 'robot_controller' with the following arguments: {'ament_cmake_args': None, 'build_base': '/home/stefano/dev/Costanza/ros2_ws/build/robot_controller', 'catkin_cmake_args': None, 'catkin_skip_building_tests': False, 'cmake_args': None, 'cmake_clean_cache': False, 'cmake_clean_first': False, 'cmake_force_configure': False, 'cmake_target': None, 'cmake_target_skip_unavailable': False, 'install_base': '/home/stefano/dev/Costanza/ros2_ws/install/robot_controller', 'merge_install': False, 'path': '/home/stefano/dev/Costanza/ros2_ws/src/robot_controller', 'symlink_install': False, 'test_result_base': None}
[0.275s] Level 5:colcon.colcon_core.verb:set package 'shepherding_control' build argument 'cmake_args' from command line to 'None'
[0.275s] Level 5:colcon.colcon_core.verb:set package 'shepherding_control' build argument 'cmake_target' from command line to 'None'
[0.275s] Level 5:colcon.colcon_core.verb:set package 'shepherding_control' build argument 'cmake_target_skip_unavailable' from command line to 'False'
[0.275s] Level 5:colcon.colcon_core.verb:set package 'shepherding_control' build argument 'cmake_clean_cache' from command line to 'False'
[0.275s] Level 5:colcon.colcon_core.verb:set package 'shepherding_control' build argument 'cmake_clean_first' from command line to 'False'
[0.275s] Level 5:colcon.colcon_core.verb:set package 'shepherding_control' build argument 'cmake_force_configure' from command line to 'False'
[0.275s] Level 5:colcon.colcon_core.verb:set package 'shepherding_control' build argument 'ament_cmake_args' from command line to 'None'
[0.275s] Level 5:colcon.colcon_core.verb:set package 'shepherding_control' build argument 'catkin_cmake_args' from command line to 'None'
[0.275s] Level 5:colcon.colcon_core.verb:set package 'shepherding_control' build argument 'catkin_skip_building_tests' from command line to 'False'
[0.276s] DEBUG:colcon.colcon_core.verb:Building package 'shepherding_control' with the following arguments: {'ament_cmake_args': None, 'build_base': '/home/stefano/dev/Costanza/ros2_ws/build/shepherding_control', 'catkin_cmake_args': None, 'catkin_skip_building_tests': False, 'cmake_args': None, 'cmake_clean_cache': False, 'cmake_clean_first': False, 'cmake_force_configure': False, 'cmake_target': None, 'cmake_target_skip_unavailable': False, 'install_base': '/home/stefano/dev/Costanza/ros2_ws/install/shepherding_control', 'merge_install': False, 'path': '/home/stefano/dev/Costanza/ros2_ws/src/shepherding_control', 'symlink_install': False, 'test_result_base': None}
[0.276s] Level 5:colcon.colcon_core.verb:set package 'vicon_receiver' build argument 'cmake_args' from command line to 'None'
[0.276s] Level 5:colcon.colcon_core.verb:set package 'vicon_receiver' build argument 'cmake_target' from command line to 'None'
[0.276s] Level 5:colcon.colcon_core.verb:set package 'vicon_receiver' build argument 'cmake_target_skip_unavailable' from command line to 'False'
[0.276s] Level 5:colcon.colcon_core.verb:set package 'vicon_receiver' build argument 'cmake_clean_cache' from command line to 'False'
[0.276s] Level 5:colcon.colcon_core.verb:set package 'vicon_receiver' build argument 'cmake_clean_first' from command line to 'False'
[0.276s] Level 5:colcon.colcon_core.verb:set package 'vicon_receiver' build argument 'cmake_force_configure' from command line to 'False'
[0.276s] Level 5:colcon.colcon_core.verb:set package 'vicon_receiver' build argument 'ament_cmake_args' from command line to 'None'
[0.276s] Level 5:colcon.colcon_core.verb:set package 'vicon_receiver' build argument 'catkin_cmake_args' from command line to 'None'
[0.276s] Level 5:colcon.colcon_core.verb:set package 'vicon_receiver' build argument 'catkin_skip_building_tests' from command line to 'False'
[0.276s] DEBUG:colcon.colcon_core.verb:Building package 'vicon_receiver' with the following arguments: {'ament_cmake_args': None, 'build_base': '/home/stefano/dev/Costanza/ros2_ws/build/vicon_receiver', 'catkin_cmake_args': None, 'catkin_skip_building_tests': False, 'cmake_args': None, 'cmake_clean_cache': False, 'cmake_clean_first': False, 'cmake_force_configure': False, 'cmake_target': None, 'cmake_target_skip_unavailable': False, 'install_base': '/home/stefano/dev/Costanza/ros2_ws/install/vicon_receiver', 'merge_install': False, 'path': '/home/stefano/dev/Costanza/ros2_ws/src/ros2-vicon-receiver/vicon_receiver', 'symlink_install': False, 'test_result_base': None}
[0.276s] INFO:colcon.colcon_core.executor:Executing jobs using 'parallel' executor
[0.278s] DEBUG:colcon.colcon_parallel_executor.executor.parallel:run_until_complete
[0.278s] INFO:colcon.colcon_ros.task.ament_cmake.build:Building ROS package in '/home/stefano/dev/Costanza/ros2_ws/src/ionic_demo/ionic_demo' with build type 'ament_cmake'
[0.278s] INFO:colcon.colcon_cmake.task.cmake.build:Building CMake package in '/home/stefano/dev/Costanza/ros2_ws/src/ionic_demo/ionic_demo'
[0.280s] INFO:colcon.colcon_core.plugin_system:Skipping extension 'colcon_core.shell.bat': Not used on non-Windows systems
[0.280s] INFO:colcon.colcon_core.shell:Skip shell extension 'powershell' for command environment: Not usable outside of PowerShell
[0.280s] DEBUG:colcon.colcon_core.shell:Skip shell extension 'dsv' for command environment
[0.283s] INFO:colcon.colcon_ros.task.ament_python.build:Building ROS package in '/home/stefano/dev/Costanza/ros2_ws/src/multirobot_spawn' with build type 'ament_python'
[0.284s] Level 1:colcon.colcon_core.shell:create_environment_hook('multirobot_spawn', 'ament_prefix_path')
[0.284s] INFO:colcon.colcon_core.shell:Creating environment hook '/home/stefano/dev/Costanza/ros2_ws/install/multirobot_spawn/share/multirobot_spawn/hook/ament_prefix_path.ps1'
[0.284s] INFO:colcon.colcon_core.shell:Creating environment descriptor '/home/stefano/dev/Costanza/ros2_ws/install/multirobot_spawn/share/multirobot_spawn/hook/ament_prefix_path.dsv'
[0.285s] INFO:colcon.colcon_core.shell:Creating environment hook '/home/stefano/dev/Costanza/ros2_ws/install/multirobot_spawn/share/multirobot_spawn/hook/ament_prefix_path.sh'
[0.285s] INFO:colcon.colcon_core.shell:Skip shell extension 'powershell' for command environment: Not usable outside of PowerShell
[0.285s] DEBUG:colcon.colcon_core.shell:Skip shell extension 'dsv' for command environment
[0.288s] INFO:colcon.colcon_ros.task.ament_python.build:Building ROS package in '/home/stefano/dev/Costanza/ros2_ws/src/multirobot_spawn_obs' with build type 'ament_python'
[0.288s] Level 1:colcon.colcon_core.shell:create_environment_hook('multirobot_spawn_obs', 'ament_prefix_path')
[0.288s] INFO:colcon.colcon_core.shell:Creating environment hook '/home/stefano/dev/Costanza/ros2_ws/install/multirobot_spawn_obs/share/multirobot_spawn_obs/hook/ament_prefix_path.ps1'
[0.288s] INFO:colcon.colcon_core.shell:Creating environment descriptor '/home/stefano/dev/Costanza/ros2_ws/install/multirobot_spawn_obs/share/multirobot_spawn_obs/hook/ament_prefix_path.dsv'
[0.289s] INFO:colcon.colcon_core.shell:Creating environment hook '/home/stefano/dev/Costanza/ros2_ws/install/multirobot_spawn_obs/share/multirobot_spawn_obs/hook/ament_prefix_path.sh'
[0.289s] INFO:colcon.colcon_core.shell:Skip shell extension 'powershell' for command environment: Not usable outside of PowerShell
[0.289s] DEBUG:colcon.colcon_core.shell:Skip shell extension 'dsv' for command environment
[0.292s] INFO:colcon.colcon_ros.task.ament_python.build:Building ROS package in '/home/stefano/dev/Costanza/ros2_ws/src/robot_controller' with build type 'ament_python'
[0.292s] Level 1:colcon.colcon_core.shell:create_environment_hook('robot_controller', 'ament_prefix_path')
[0.292s] INFO:colcon.colcon_core.shell:Creating environment hook '/home/stefano/dev/Costanza/ros2_ws/install/robot_controller/share/robot_controller/hook/ament_prefix_path.ps1'
[0.292s] INFO:colcon.colcon_core.shell:Creating environment descriptor '/home/stefano/dev/Costanza/ros2_ws/install/robot_controller/share/robot_controller/hook/ament_prefix_path.dsv'
[0.292s] INFO:colcon.colcon_core.shell:Creating environment hook '/home/stefano/dev/Costanza/ros2_ws/install/robot_controller/share/robot_controller/hook/ament_prefix_path.sh'
[0.293s] INFO:colcon.colcon_core.shell:Skip shell extension 'powershell' for command environment: Not usable outside of PowerShell
[0.293s] DEBUG:colcon.colcon_core.shell:Skip shell extension 'dsv' for command environment
[0.296s] INFO:colcon.colcon_ros.task.ament_python.build:Building ROS package in '/home/stefano/dev/Costanza/ros2_ws/src/shepherding_control' with build type 'ament_python'
[0.296s] Level 1:colcon.colcon_core.shell:create_environment_hook('shepherding_control', 'ament_prefix_path')
[0.296s] INFO:colcon.colcon_core.shell:Creating environment hook '/home/stefano/dev/Costanza/ros2_ws/install/shepherding_control/share/shepherding_control/hook/ament_prefix_path.ps1'
[0.297s] INFO:colcon.colcon_core.shell:Creating environment descriptor '/home/stefano/dev/Costanza/ros2_ws/install/shepherding_control/share/shepherding_control/hook/ament_prefix_path.dsv'
[0.297s] INFO:colcon.colcon_core.shell:Creating environment hook '/home/stefano/dev/Costanza/ros2_ws/install/shepherding_control/share/shepherding_control/hook/ament_prefix_path.sh'
[0.297s] INFO:colcon.colcon_core.shell:Skip shell extension 'powershell' for command environment: Not usable outside of PowerShell
[0.297s] DEBUG:colcon.colcon_core.shell:Skip shell extension 'dsv' for command environment
[0.300s] INFO:colcon.colcon_ros.task.ament_cmake.build:Building ROS package in '/home/stefano/dev/Costanza/ros2_ws/src/ros2-vicon-receiver/vicon_receiver' with build type 'ament_cmake'
[0.300s] INFO:colcon.colcon_cmake.task.cmake.build:Building CMake package in '/home/stefano/dev/Costanza/ros2_ws/src/ros2-vicon-receiver/vicon_receiver'
[0.300s] INFO:colcon.colcon_core.shell:Skip shell extension 'powershell' for command environment: Not usable outside of PowerShell
[0.300s] DEBUG:colcon.colcon_core.shell:Skip shell extension 'dsv' for command environment
[0.308s] DEBUG:colcon.colcon_core.event_handler.log_command:Invoking command in '/home/stefano/dev/Costanza/ros2_ws/build/ionic_demo': CMAKE_PREFIX_PATH=${CMAKE_PREFIX_PATH}:/opt/ros/jazzy DEBUGINFOD_URLS=https://debuginfod.ubuntu.com /usr/bin/cmake --build /home/stefano/dev/Costanza/ros2_ws/build/ionic_demo -- -j8 -l8
[0.542s] INFO:colcon.colcon_core.task.python.build:Building Python package in '/home/stefano/dev/Costanza/ros2_ws/src/multirobot_spawn'
[0.543s] INFO:colcon.colcon_core.shell:Skip shell extension 'powershell' for command environment: Not usable outside of PowerShell
[0.543s] DEBUG:colcon.colcon_core.shell:Skip shell extension 'dsv' for command environment
[0.789s] INFO:colcon.colcon_core.task.python.build:Building Python package in '/home/stefano/dev/Costanza/ros2_ws/src/multirobot_spawn_obs'
[0.789s] INFO:colcon.colcon_core.shell:Skip shell extension 'powershell' for command environment: Not usable outside of PowerShell
[0.789s] DEBUG:colcon.colcon_core.shell:Skip shell extension 'dsv' for command environment
[1.041s] INFO:colcon.colcon_core.task.python.build:Building Python package in '/home/stefano/dev/Costanza/ros2_ws/src/robot_controller'
[1.041s] INFO:colcon.colcon_core.shell:Skip shell extension 'powershell' for command environment: Not usable outside of PowerShell
[1.041s] DEBUG:colcon.colcon_core.shell:Skip shell extension 'dsv' for command environment
[1.292s] INFO:colcon.colcon_core.task.python.build:Building Python package in '/home/stefano/dev/Costanza/ros2_ws/src/shepherding_control'
[1.292s] INFO:colcon.colcon_core.shell:Skip shell extension 'powershell' for command environment: Not usable outside of PowerShell
[1.292s] DEBUG:colcon.colcon_core.shell:Skip shell extension 'dsv' for command environment
[1.299s] DEBUG:colcon.colcon_core.event_handler.log_command:Invoked command in '/home/stefano/dev/Costanza/ros2_ws/build/ionic_demo' returned '0': CMAKE_PREFIX_PATH=${CMAKE_PREFIX_PATH}:/opt/ros/jazzy DEBUGINFOD_URLS=https://debuginfod.ubuntu.com /usr/bin/cmake --build /home/stefano/dev/Costanza/ros2_ws/build/ionic_demo -- -j8 -l8
[1.310s] DEBUG:colcon.colcon_core.event_handler.log_command:Invoking command in '/home/stefano/dev/Costanza/ros2_ws/build/ionic_demo': CMAKE_PREFIX_PATH=${CMAKE_PREFIX_PATH}:/opt/ros/jazzy DEBUGINFOD_URLS=https://debuginfod.ubuntu.com /usr/bin/cmake --install /home/stefano/dev/Costanza/ros2_ws/build/ionic_demo
[1.316s] DEBUG:colcon.colcon_core.event_handler.log_command:Invoking command in '/home/stefano/dev/Costanza/ros2_ws/build/vicon_receiver': CMAKE_PREFIX_PATH=${CMAKE_PREFIX_PATH}:/opt/ros/jazzy DEBUGINFOD_URLS=https://debuginfod.ubuntu.com /usr/bin/cmake --build /home/stefano/dev/Costanza/ros2_ws/build/vicon_receiver -- -j8 -l8
[1.351s] Level 1:colcon.colcon_core.environment:create_environment_scripts_only(ionic_demo)
[1.354s] Level 1:colcon.colcon_core.environment:checking '/home/stefano/dev/Costanza/ros2_ws/install/ionic_demo' for CMake module files
[1.351s] DEBUG:colcon.colcon_core.event_handler.log_command:Invoked command in '/home/stefano/dev/Costanza/ros2_ws/build/ionic_demo' returned '0': CMAKE_PREFIX_PATH=${CMAKE_PREFIX_PATH}:/opt/ros/jazzy DEBUGINFOD_URLS=https://debuginfod.ubuntu.com /usr/bin/cmake --install /home/stefano/dev/Costanza/ros2_ws/build/ionic_demo
[1.355s] Level 1:colcon.colcon_core.environment:checking '/home/stefano/dev/Costanza/ros2_ws/install/ionic_demo' for CMake config files
[1.356s] Level 1:colcon.colcon_core.shell:create_environment_hook('ionic_demo', 'cmake_prefix_path')
[1.356s] INFO:colcon.colcon_core.shell:Creating environment hook '/home/stefano/dev/Costanza/ros2_ws/install/ionic_demo/share/ionic_demo/hook/cmake_prefix_path.ps1'
[1.357s] INFO:colcon.colcon_core.shell:Creating environment descriptor '/home/stefano/dev/Costanza/ros2_ws/install/ionic_demo/share/ionic_demo/hook/cmake_prefix_path.dsv'
[1.357s] INFO:colcon.colcon_core.shell:Creating environment hook '/home/stefano/dev/Costanza/ros2_ws/install/ionic_demo/share/ionic_demo/hook/cmake_prefix_path.sh'
[1.358s] Level 1:colcon.colcon_core.environment:checking '/home/stefano/dev/Costanza/ros2_ws/install/ionic_demo/bin'
[1.359s] Level 1:colcon.colcon_core.environment:checking '/home/stefano/dev/Costanza/ros2_ws/install/ionic_demo/lib/pkgconfig/ionic_demo.pc'
[1.359s] Level 1:colcon.colcon_core.environment:checking '/home/stefano/dev/Costanza/ros2_ws/install/ionic_demo/lib/python3.12/site-packages'
[1.360s] Level 1:colcon.colcon_core.environment:checking '/home/stefano/dev/Costanza/ros2_ws/install/ionic_demo/bin'
[1.360s] INFO:colcon.colcon_core.shell:Creating package script '/home/stefano/dev/Costanza/ros2_ws/install/ionic_demo/share/ionic_demo/package.ps1'
[1.361s] INFO:colcon.colcon_core.shell:Creating package descriptor '/home/stefano/dev/Costanza/ros2_ws/install/ionic_demo/share/ionic_demo/package.dsv'
[1.362s] INFO:colcon.colcon_core.shell:Creating package script '/home/stefano/dev/Costanza/ros2_ws/install/ionic_demo/share/ionic_demo/package.sh'
[1.363s] INFO:colcon.colcon_core.shell:Creating package script '/home/stefano/dev/Costanza/ros2_ws/install/ionic_demo/share/ionic_demo/package.bash'
[1.363s] INFO:colcon.colcon_core.shell:Creating package script '/home/stefano/dev/Costanza/ros2_ws/install/ionic_demo/share/ionic_demo/package.zsh'
[1.364s] Level 1:colcon.colcon_core.environment:create_file_with_runtime_dependencies(/home/stefano/dev/Costanza/ros2_ws/install/ionic_demo/share/colcon-core/packages/ionic_demo)
[1.365s] Level 1:colcon.colcon_core.environment:create_environment_scripts_only(ionic_demo)
[1.365s] Level 1:colcon.colcon_core.environment:checking '/home/stefano/dev/Costanza/ros2_ws/install/ionic_demo' for CMake module files
[1.366s] Level 1:colcon.colcon_core.environment:checking '/home/stefano/dev/Costanza/ros2_ws/install/ionic_demo' for CMake config files
[1.366s] Level 1:colcon.colcon_core.shell:create_environment_hook('ionic_demo', 'cmake_prefix_path')
[1.366s] INFO:colcon.colcon_core.shell:Creating environment hook '/home/stefano/dev/Costanza/ros2_ws/install/ionic_demo/share/ionic_demo/hook/cmake_prefix_path.ps1'
[1.367s] INFO:colcon.colcon_core.shell:Creating environment descriptor '/home/stefano/dev/Costanza/ros2_ws/install/ionic_demo/share/ionic_demo/hook/cmake_prefix_path.dsv'
[1.367s] INFO:colcon.colcon_core.shell:Creating environment hook '/home/stefano/dev/Costanza/ros2_ws/install/ionic_demo/share/ionic_demo/hook/cmake_prefix_path.sh'
[1.368s] Level 1:colcon.colcon_core.environment:checking '/home/stefano/dev/Costanza/ros2_ws/install/ionic_demo/bin'
[1.368s] Level 1:colcon.colcon_core.environment:checking '/home/stefano/dev/Costanza/ros2_ws/install/ionic_demo/lib/pkgconfig/ionic_demo.pc'
[1.368s] Level 1:colcon.colcon_core.environment:checking '/home/stefano/dev/Costanza/ros2_ws/install/ionic_demo/lib/python3.12/site-packages'
[1.368s] Level 1:colcon.colcon_core.environment:checking '/home/stefano/dev/Costanza/ros2_ws/install/ionic_demo/bin'
[1.369s] INFO:colcon.colcon_core.shell:Creating package script '/home/stefano/dev/Costanza/ros2_ws/install/ionic_demo/share/ionic_demo/package.ps1'
[1.373s] INFO:colcon.colcon_core.shell:Creating package descriptor '/home/stefano/dev/Costanza/ros2_ws/install/ionic_demo/share/ionic_demo/package.dsv'
[1.374s] INFO:colcon.colcon_core.shell:Creating package script '/home/stefano/dev/Costanza/ros2_ws/install/ionic_demo/share/ionic_demo/package.sh'
[1.376s] INFO:colcon.colcon_core.shell:Creating package script '/home/stefano/dev/Costanza/ros2_ws/install/ionic_demo/share/ionic_demo/package.bash'
[1.377s] INFO:colcon.colcon_core.shell:Creating package script '/home/stefano/dev/Costanza/ros2_ws/install/ionic_demo/share/ionic_demo/package.zsh'
[1.378s] Level 1:colcon.colcon_core.environment:create_file_with_runtime_dependencies(/home/stefano/dev/Costanza/ros2_ws/install/ionic_demo/share/colcon-core/packages/ionic_demo)
[1.903s] DEBUG:colcon.colcon_core.event_handler.log_command:Invoked command in '/home/stefano/dev/Costanza/ros2_ws/build/vicon_receiver' returned '0': CMAKE_PREFIX_PATH=${CMAKE_PREFIX_PATH}:/opt/ros/jazzy DEBUGINFOD_URLS=https://debuginfod.ubuntu.com /usr/bin/cmake --build /home/stefano/dev/Costanza/ros2_ws/build/vicon_receiver -- -j8 -l8
[1.904s] DEBUG:colcon.colcon_core.event_handler.log_command:Invoking command in '/home/stefano/dev/Costanza/ros2_ws/build/vicon_receiver': CMAKE_PREFIX_PATH=${CMAKE_PREFIX_PATH}:/opt/ros/jazzy DEBUGINFOD_URLS=https://debuginfod.ubuntu.com /usr/bin/cmake --install /home/stefano/dev/Costanza/ros2_ws/build/vicon_receiver
[2.048s] Level 1:colcon.colcon_core.environment:create_environment_scripts_only(vicon_receiver)
[2.048s] Level 1:colcon.colcon_core.environment:checking '/home/stefano/dev/Costanza/ros2_ws/install/vicon_receiver' for CMake module files
[2.050s] Level 1:colcon.colcon_core.environment:checking '/home/stefano/dev/Costanza/ros2_ws/install/vicon_receiver' for CMake config files
[2.051s] Level 1:colcon.colcon_core.shell:create_environment_hook('vicon_receiver', 'cmake_prefix_path')
[2.051s] INFO:colcon.colcon_core.shell:Creating environment hook '/home/stefano/dev/Costanza/ros2_ws/install/vicon_receiver/share/vicon_receiver/hook/cmake_prefix_path.ps1'
[2.051s] DEBUG:colcon.colcon_core.event_handler.log_command:Invoked command in '/home/stefano/dev/Costanza/ros2_ws/build/vicon_receiver' returned '0': CMAKE_PREFIX_PATH=${CMAKE_PREFIX_PATH}:/opt/ros/jazzy DEBUGINFOD_URLS=https://debuginfod.ubuntu.com /usr/bin/cmake --install /home/stefano/dev/Costanza/ros2_ws/build/vicon_receiver
[2.054s] INFO:colcon.colcon_core.shell:Creating environment descriptor '/home/stefano/dev/Costanza/ros2_ws/install/vicon_receiver/share/vicon_receiver/hook/cmake_prefix_path.dsv'
[2.054s] INFO:colcon.colcon_core.shell:Creating environment hook '/home/stefano/dev/Costanza/ros2_ws/install/vicon_receiver/share/vicon_receiver/hook/cmake_prefix_path.sh'
[2.055s] Level 1:colcon.colcon_core.environment:checking '/home/stefano/dev/Costanza/ros2_ws/install/vicon_receiver/lib'
[2.055s] Level 1:colcon.colcon_core.shell:create_environment_hook('vicon_receiver', 'ld_library_path_lib')
[2.056s] INFO:colcon.colcon_core.shell:Creating environment hook '/home/stefano/dev/Costanza/ros2_ws/install/vicon_receiver/share/vicon_receiver/hook/ld_library_path_lib.ps1'
[2.056s] INFO:colcon.colcon_core.shell:Creating environment descriptor '/home/stefano/dev/Costanza/ros2_ws/install/vicon_receiver/share/vicon_receiver/hook/ld_library_path_lib.dsv'
[2.057s] INFO:colcon.colcon_core.shell:Creating environment hook '/home/stefano/dev/Costanza/ros2_ws/install/vicon_receiver/share/vicon_receiver/hook/ld_library_path_lib.sh'
[2.057s] Level 1:colcon.colcon_core.environment:checking '/home/stefano/dev/Costanza/ros2_ws/install/vicon_receiver/bin'
[2.057s] Level 1:colcon.colcon_core.environment:checking '/home/stefano/dev/Costanza/ros2_ws/install/vicon_receiver/lib/pkgconfig/vicon_receiver.pc'
[2.058s] Level 1:colcon.colcon_core.environment:checking '/home/stefano/dev/Costanza/ros2_ws/install/vicon_receiver/lib/python3.12/site-packages'
[2.058s] Level 1:colcon.colcon_core.shell:create_environment_hook('vicon_receiver', 'pythonpath')
[2.058s] INFO:colcon.colcon_core.shell:Creating environment hook '/home/stefano/dev/Costanza/ros2_ws/install/vicon_receiver/share/vicon_receiver/hook/pythonpath.ps1'
[2.058s] INFO:colcon.colcon_core.shell:Creating environment descriptor '/home/stefano/dev/Costanza/ros2_ws/install/vicon_receiver/share/vicon_receiver/hook/pythonpath.dsv'
[2.059s] INFO:colcon.colcon_core.shell:Creating environment hook '/home/stefano/dev/Costanza/ros2_ws/install/vicon_receiver/share/vicon_receiver/hook/pythonpath.sh'
[2.061s] Level 1:colcon.colcon_core.environment:checking '/home/stefano/dev/Costanza/ros2_ws/install/vicon_receiver/bin'
[2.062s] INFO:colcon.colcon_core.shell:Creating package script '/home/stefano/dev/Costanza/ros2_ws/install/vicon_receiver/share/vicon_receiver/package.ps1'
[2.064s] INFO:colcon.colcon_core.shell:Creating package descriptor '/home/stefano/dev/Costanza/ros2_ws/install/vicon_receiver/share/vicon_receiver/package.dsv'
[2.065s] INFO:colcon.colcon_core.shell:Creating package script '/home/stefano/dev/Costanza/ros2_ws/install/vicon_receiver/share/vicon_receiver/package.sh'
[2.066s] INFO:colcon.colcon_core.shell:Creating package script '/home/stefano/dev/Costanza/ros2_ws/install/vicon_receiver/share/vicon_receiver/package.bash'
[2.066s] INFO:colcon.colcon_core.shell:Creating package script '/home/stefano/dev/Costanza/ros2_ws/install/vicon_receiver/share/vicon_receiver/package.zsh'
[2.066s] Level 1:colcon.colcon_core.environment:create_file_with_runtime_dependencies(/home/stefano/dev/Costanza/ros2_ws/install/vicon_receiver/share/colcon-core/packages/vicon_receiver)
[2.067s] Level 1:colcon.colcon_core.environment:create_environment_scripts_only(vicon_receiver)
[2.068s] Level 1:colcon.colcon_core.environment:checking '/home/stefano/dev/Costanza/ros2_ws/install/vicon_receiver' for CMake module files
[2.069s] Level 1:colcon.colcon_core.environment:checking '/home/stefano/dev/Costanza/ros2_ws/install/vicon_receiver' for CMake config files
[2.070s] Level 1:colcon.colcon_core.shell:create_environment_hook('vicon_receiver', 'cmake_prefix_path')
[2.070s] INFO:colcon.colcon_core.shell:Creating environment hook '/home/stefano/dev/Costanza/ros2_ws/install/vicon_receiver/share/vicon_receiver/hook/cmake_prefix_path.ps1'
[2.072s] INFO:colcon.colcon_core.shell:Creating environment descriptor '/home/stefano/dev/Costanza/ros2_ws/install/vicon_receiver/share/vicon_receiver/hook/cmake_prefix_path.dsv'
[2.073s] INFO:colcon.colcon_core.shell:Creating environment hook '/home/stefano/dev/Costanza/ros2_ws/install/vicon_receiver/share/vicon_receiver/hook/cmake_prefix_path.sh'
[2.073s] Level 1:colcon.colcon_core.environment:checking '/home/stefano/dev/Costanza/ros2_ws/install/vicon_receiver/lib'
[2.074s] Level 1:colcon.colcon_core.shell:create_environment_hook('vicon_receiver', 'ld_library_path_lib')
[2.074s] INFO:colcon.colcon_core.shell:Creating environment hook '/home/stefano/dev/Costanza/ros2_ws/install/vicon_receiver/share/vicon_receiver/hook/ld_library_path_lib.ps1'
[2.074s] INFO:colcon.colcon_core.shell:Creating environment descriptor '/home/stefano/dev/Costanza/ros2_ws/install/vicon_receiver/share/vicon_receiver/hook/ld_library_path_lib.dsv'
[2.076s] INFO:colcon.colcon_core.shell:Creating environment hook '/home/stefano/dev/Costanza/ros2_ws/install/vicon_receiver/share/vicon_receiver/hook/ld_library_path_lib.sh'
[2.076s] Level 1:colcon.colcon_core.environment:checking '/home/stefano/dev/Costanza/ros2_ws/install/vicon_receiver/bin'
[2.076s] Level 1:colcon.colcon_core.environment:checking '/home/stefano/dev/Costanza/ros2_ws/install/vicon_receiver/lib/pkgconfig/vicon_receiver.pc'
[2.077s] Level 1:colcon.colcon_core.environment:checking '/home/stefano/dev/Costanza/ros2_ws/install/vicon_receiver/lib/python3.12/site-packages'
[2.077s] Level 1:colcon.colcon_core.shell:create_environment_hook('vicon_receiver', 'pythonpath')
[2.077s] INFO:colcon.colcon_core.shell:Creating environment hook '/home/stefano/dev/Costanza/ros2_ws/install/vicon_receiver/share/vicon_receiver/hook/pythonpath.ps1'
[2.078s] INFO:colcon.colcon_core.shell:Creating environment descriptor '/home/stefano/dev/Costanza/ros2_ws/install/vicon_receiver/share/vicon_receiver/hook/pythonpath.dsv'
[2.078s] INFO:colcon.colcon_core.shell:Creating environment hook '/home/stefano/dev/Costanza/ros2_ws/install/vicon_receiver/share/vicon_receiver/hook/pythonpath.sh'
[2.079s] Level 1:colcon.colcon_core.environment:checking '/home/stefano/dev/Costanza/ros2_ws/install/vicon_receiver/bin'
[2.080s] INFO:colcon.colcon_core.shell:Creating package script '/home/stefano/dev/Costanza/ros2_ws/install/vicon_receiver/share/vicon_receiver/package.ps1'
[2.081s] INFO:colcon.colcon_core.shell:Creating package descriptor '/home/stefano/dev/Costanza/ros2_ws/install/vicon_receiver/share/vicon_receiver/package.dsv'
[2.082s] INFO:colcon.colcon_core.shell:Creating package script '/home/stefano/dev/Costanza/ros2_ws/install/vicon_receiver/share/vicon_receiver/package.sh'
[2.084s] INFO:colcon.colcon_core.shell:Creating package script '/home/stefano/dev/Costanza/ros2_ws/install/vicon_receiver/share/vicon_receiver/package.bash'
[2.085s] INFO:colcon.colcon_core.shell:Creating package script '/home/stefano/dev/Costanza/ros2_ws/install/vicon_receiver/share/vicon_receiver/package.zsh'
[2.086s] Level 1:colcon.colcon_core.environment:create_file_with_runtime_dependencies(/home/stefano/dev/Costanza/ros2_ws/install/vicon_receiver/share/colcon-core/packages/vicon_receiver)
[2.172s] DEBUG:colcon.colcon_core.event_handler.log_command:Invoking command in '/home/stefano/dev/Costanza/ros2_ws/src/multirobot_spawn': DEBUGINFOD_URLS=https://debuginfod.ubuntu.com PYTHONPATH=/home/stefano/dev/Costanza/ros2_ws/build/multirobot_spawn/prefix_override:/usr/lib/python3/dist-packages/colcon_core/task/python/colcon_distutils_commands:/home/stefano/dev/Costanza/ros2_ws/install/multirobot_spawn/lib/python3.12/site-packages:${PYTHONPATH} /usr/bin/python3 -W ignore:setup.py install is deprecated -W ignore:easy_install command is deprecated setup.py egg_info --egg-base ../../build/multirobot_spawn build --build-base /home/stefano/dev/Costanza/ros2_ws/build/multirobot_spawn/build install --record /home/stefano/dev/Costanza/ros2_ws/build/multirobot_spawn/install.log --single-version-externally-managed install_data
[2.176s] DEBUG:colcon.colcon_core.event_handler.log_command:Invoking command in '/home/stefano/dev/Costanza/ros2_ws/src/multirobot_spawn_obs': DEBUGINFOD_URLS=https://debuginfod.ubuntu.com PYTHONPATH=/home/stefano/dev/Costanza/ros2_ws/build/multirobot_spawn_obs/prefix_override:/usr/lib/python3/dist-packages/colcon_core/task/python/colcon_distutils_commands:/home/stefano/dev/Costanza/ros2_ws/install/multirobot_spawn_obs/lib/python3.12/site-packages:${PYTHONPATH} /usr/bin/python3 -W ignore:setup.py install is deprecated -W ignore:easy_install command is deprecated setup.py egg_info --egg-base ../../build/multirobot_spawn_obs build --build-base /home/stefano/dev/Costanza/ros2_ws/build/multirobot_spawn_obs/build install --record /home/stefano/dev/Costanza/ros2_ws/build/multirobot_spawn_obs/install.log --single-version-externally-managed install_data
[2.341s] DEBUG:colcon.colcon_core.event_handler.log_command:Invoking command in '/home/stefano/dev/Costanza/ros2_ws/src/robot_controller': DEBUGINFOD_URLS=https://debuginfod.ubuntu.com PYTHONPATH=/home/stefano/dev/Costanza/ros2_ws/build/robot_controller/prefix_override:/usr/lib/python3/dist-packages/colcon_core/task/python/colcon_distutils_commands:/home/stefano/dev/Costanza/ros2_ws/install/robot_controller/lib/python3.12/site-packages:${PYTHONPATH} /usr/bin/python3 -W ignore:setup.py install is deprecated -W ignore:easy_install command is deprecated setup.py egg_info --egg-base ../../build/robot_controller build --build-base /home/stefano/dev/Costanza/ros2_ws/build/robot_controller/build install --record /home/stefano/dev/Costanza/ros2_ws/build/robot_controller/install.log --single-version-externally-managed install_data
[2.355s] DEBUG:colcon.colcon_core.event_handler.log_command:Invoking command in '/home/stefano/dev/Costanza/ros2_ws/src/shepherding_control': DEBUGINFOD_URLS=https://debuginfod.ubuntu.com PYTHONPATH=/home/stefano/dev/Costanza/ros2_ws/build/shepherding_control/prefix_override:/usr/lib/python3/dist-packages/colcon_core/task/python/colcon_distutils_commands:/home/stefano/dev/Costanza/ros2_ws/install/shepherding_control/lib/python3.12/site-packages:${PYTHONPATH} /usr/bin/python3 -W ignore:setup.py install is deprecated -W ignore:easy_install command is deprecated setup.py egg_info --egg-base ../../build/shepherding_control build --build-base /home/stefano/dev/Costanza/ros2_ws/build/shepherding_control/build install --record /home/stefano/dev/Costanza/ros2_ws/build/shepherding_control/install.log --single-version-externally-managed install_data
[2.819s] Level 1:colcon.colcon_core.environment:checking '/home/stefano/dev/Costanza/ros2_ws/install/multirobot_spawn_obs' for CMake module files
[2.819s] DEBUG:colcon.colcon_core.event_handler.log_command:Invoked command in '/home/stefano/dev/Costanza/ros2_ws/src/multirobot_spawn_obs' returned '0': DEBUGINFOD_URLS=https://debuginfod.ubuntu.com PYTHONPATH=/home/stefano/dev/Costanza/ros2_ws/build/multirobot_spawn_obs/prefix_override:/usr/lib/python3/dist-packages/colcon_core/task/python/colcon_distutils_commands:/home/stefano/dev/Costanza/ros2_ws/install/multirobot_spawn_obs/lib/python3.12/site-packages:${PYTHONPATH} /usr/bin/python3 -W ignore:setup.py install is deprecated -W ignore:easy_install command is deprecated setup.py egg_info --egg-base ../../build/multirobot_spawn_obs build --build-base /home/stefano/dev/Costanza/ros2_ws/build/multirobot_spawn_obs/build install --record /home/stefano/dev/Costanza/ros2_ws/build/multirobot_spawn_obs/install.log --single-version-externally-managed install_data
[2.820s] Level 1:colcon.colcon_core.environment:checking '/home/stefano/dev/Costanza/ros2_ws/install/multirobot_spawn_obs' for CMake config files
[2.820s] Level 1:colcon.colcon_core.environment:checking '/home/stefano/dev/Costanza/ros2_ws/install/multirobot_spawn_obs/lib'
[2.820s] Level 1:colcon.colcon_core.environment:checking '/home/stefano/dev/Costanza/ros2_ws/install/multirobot_spawn_obs/bin'
[2.820s] Level 1:colcon.colcon_core.environment:checking '/home/stefano/dev/Costanza/ros2_ws/install/multirobot_spawn_obs/lib/pkgconfig/multirobot_spawn_obs.pc'
[2.821s] Level 1:colcon.colcon_core.environment:checking '/home/stefano/dev/Costanza/ros2_ws/install/multirobot_spawn_obs/lib/python3.12/site-packages'
[2.821s] Level 1:colcon.colcon_core.shell:create_environment_hook('multirobot_spawn_obs', 'pythonpath')
[2.821s] INFO:colcon.colcon_core.shell:Creating environment hook '/home/stefano/dev/Costanza/ros2_ws/install/multirobot_spawn_obs/share/multirobot_spawn_obs/hook/pythonpath.ps1'
[2.822s] INFO:colcon.colcon_core.shell:Creating environment descriptor '/home/stefano/dev/Costanza/ros2_ws/install/multirobot_spawn_obs/share/multirobot_spawn_obs/hook/pythonpath.dsv'
[2.822s] INFO:colcon.colcon_core.shell:Creating environment hook '/home/stefano/dev/Costanza/ros2_ws/install/multirobot_spawn_obs/share/multirobot_spawn_obs/hook/pythonpath.sh'
[2.823s] Level 1:colcon.colcon_core.environment:checking '/home/stefano/dev/Costanza/ros2_ws/install/multirobot_spawn_obs/bin'
[2.823s] Level 1:colcon.colcon_core.environment:create_environment_scripts_only(multirobot_spawn_obs)
[2.823s] INFO:colcon.colcon_core.shell:Creating package script '/home/stefano/dev/Costanza/ros2_ws/install/multirobot_spawn_obs/share/multirobot_spawn_obs/package.ps1'
[2.824s] INFO:colcon.colcon_core.shell:Creating package descriptor '/home/stefano/dev/Costanza/ros2_ws/install/multirobot_spawn_obs/share/multirobot_spawn_obs/package.dsv'
[2.824s] INFO:colcon.colcon_core.shell:Creating package script '/home/stefano/dev/Costanza/ros2_ws/install/multirobot_spawn_obs/share/multirobot_spawn_obs/package.sh'
[2.825s] INFO:colcon.colcon_core.shell:Creating package script '/home/stefano/dev/Costanza/ros2_ws/install/multirobot_spawn_obs/share/multirobot_spawn_obs/package.bash'
[2.826s] INFO:colcon.colcon_core.shell:Creating package script '/home/stefano/dev/Costanza/ros2_ws/install/multirobot_spawn_obs/share/multirobot_spawn_obs/package.zsh'
[2.826s] Level 1:colcon.colcon_core.environment:create_file_with_runtime_dependencies(/home/stefano/dev/Costanza/ros2_ws/install/multirobot_spawn_obs/share/colcon-core/packages/multirobot_spawn_obs)
[2.900s] Level 1:colcon.colcon_core.environment:checking '/home/stefano/dev/Costanza/ros2_ws/install/multirobot_spawn' for CMake module files
[2.901s] DEBUG:colcon.colcon_core.event_handler.log_command:Invoked command in '/home/stefano/dev/Costanza/ros2_ws/src/multirobot_spawn' returned '0': DEBUGINFOD_URLS=https://debuginfod.ubuntu.com PYTHONPATH=/home/stefano/dev/Costanza/ros2_ws/build/multirobot_spawn/prefix_override:/usr/lib/python3/dist-packages/colcon_core/task/python/colcon_distutils_commands:/home/stefano/dev/Costanza/ros2_ws/install/multirobot_spawn/lib/python3.12/site-packages:${PYTHONPATH} /usr/bin/python3 -W ignore:setup.py install is deprecated -W ignore:easy_install command is deprecated setup.py egg_info --egg-base ../../build/multirobot_spawn build --build-base /home/stefano/dev/Costanza/ros2_ws/build/multirobot_spawn/build install --record /home/stefano/dev/Costanza/ros2_ws/build/multirobot_spawn/install.log --single-version-externally-managed install_data
[2.902s] Level 1:colcon.colcon_core.environment:checking '/home/stefano/dev/Costanza/ros2_ws/install/multirobot_spawn' for CMake config files
[2.902s] Level 1:colcon.colcon_core.environment:checking '/home/stefano/dev/Costanza/ros2_ws/install/multirobot_spawn/lib'
[2.902s] Level 1:colcon.colcon_core.environment:checking '/home/stefano/dev/Costanza/ros2_ws/install/multirobot_spawn/bin'
[2.902s] Level 1:colcon.colcon_core.environment:checking '/home/stefano/dev/Costanza/ros2_ws/install/multirobot_spawn/lib/pkgconfig/multirobot_spawn.pc'
[2.903s] Level 1:colcon.colcon_core.environment:checking '/home/stefano/dev/Costanza/ros2_ws/install/multirobot_spawn/lib/python3.12/site-packages'
[2.903s] Level 1:colcon.colcon_core.shell:create_environment_hook('multirobot_spawn', 'pythonpath')
[2.903s] INFO:colcon.colcon_core.shell:Creating environment hook '/home/stefano/dev/Costanza/ros2_ws/install/multirobot_spawn/share/multirobot_spawn/hook/pythonpath.ps1'
[2.903s] INFO:colcon.colcon_core.shell:Creating environment descriptor '/home/stefano/dev/Costanza/ros2_ws/install/multirobot_spawn/share/multirobot_spawn/hook/pythonpath.dsv'
[2.904s] INFO:colcon.colcon_core.shell:Creating environment hook '/home/stefano/dev/Costanza/ros2_ws/install/multirobot_spawn/share/multirobot_spawn/hook/pythonpath.sh'
[2.904s] Level 1:colcon.colcon_core.environment:checking '/home/stefano/dev/Costanza/ros2_ws/install/multirobot_spawn/bin'
[2.904s] Level 1:colcon.colcon_core.environment:create_environment_scripts_only(multirobot_spawn)
[2.905s] INFO:colcon.colcon_core.shell:Creating package script '/home/stefano/dev/Costanza/ros2_ws/install/multirobot_spawn/share/multirobot_spawn/package.ps1'
[2.905s] INFO:colcon.colcon_core.shell:Creating package descriptor '/home/stefano/dev/Costanza/ros2_ws/install/multirobot_spawn/share/multirobot_spawn/package.dsv'
[2.905s] INFO:colcon.colcon_core.shell:Creating package script '/home/stefano/dev/Costanza/ros2_ws/install/multirobot_spawn/share/multirobot_spawn/package.sh'
[2.906s] INFO:colcon.colcon_core.shell:Creating package script '/home/stefano/dev/Costanza/ros2_ws/install/multirobot_spawn/share/multirobot_spawn/package.bash'
[2.906s] INFO:colcon.colcon_core.shell:Creating package script '/home/stefano/dev/Costanza/ros2_ws/install/multirobot_spawn/share/multirobot_spawn/package.zsh'
[2.906s] Level 1:colcon.colcon_core.environment:create_file_with_runtime_dependencies(/home/stefano/dev/Costanza/ros2_ws/install/multirobot_spawn/share/colcon-core/packages/multirobot_spawn)
[3.053s] Level 1:colcon.colcon_core.environment:checking '/home/stefano/dev/Costanza/ros2_ws/install/shepherding_control' for CMake module files
[3.054s] DEBUG:colcon.colcon_core.event_handler.log_command:Invoked command in '/home/stefano/dev/Costanza/ros2_ws/src/shepherding_control' returned '0': DEBUGINFOD_URLS=https://debuginfod.ubuntu.com PYTHONPATH=/home/stefano/dev/Costanza/ros2_ws/build/shepherding_control/prefix_override:/usr/lib/python3/dist-packages/colcon_core/task/python/colcon_distutils_commands:/home/stefano/dev/Costanza/ros2_ws/install/shepherding_control/lib/python3.12/site-packages:${PYTHONPATH} /usr/bin/python3 -W ignore:setup.py install is deprecated -W ignore:easy_install command is deprecated setup.py egg_info --egg-base ../../build/shepherding_control build --build-base /home/stefano/dev/Costanza/ros2_ws/build/shepherding_control/build install --record /home/stefano/dev/Costanza/ros2_ws/build/shepherding_control/install.log --single-version-externally-managed install_data
[3.054s] Level 1:colcon.colcon_core.environment:checking '/home/stefano/dev/Costanza/ros2_ws/install/shepherding_control' for CMake config files
[3.055s] Level 1:colcon.colcon_core.environment:checking '/home/stefano/dev/Costanza/ros2_ws/install/shepherding_control/lib'
[3.055s] Level 1:colcon.colcon_core.environment:checking '/home/stefano/dev/Costanza/ros2_ws/install/shepherding_control/bin'
[3.055s] Level 1:colcon.colcon_core.environment:checking '/home/stefano/dev/Costanza/ros2_ws/install/shepherding_control/lib/pkgconfig/shepherding_control.pc'
[3.055s] Level 1:colcon.colcon_core.environment:checking '/home/stefano/dev/Costanza/ros2_ws/install/shepherding_control/lib/python3.12/site-packages'
[3.056s] Level 1:colcon.colcon_core.shell:create_environment_hook('shepherding_control', 'pythonpath')
[3.056s] INFO:colcon.colcon_core.shell:Creating environment hook '/home/stefano/dev/Costanza/ros2_ws/install/shepherding_control/share/shepherding_control/hook/pythonpath.ps1'
[3.057s] INFO:colcon.colcon_core.shell:Creating environment descriptor '/home/stefano/dev/Costanza/ros2_ws/install/shepherding_control/share/shepherding_control/hook/pythonpath.dsv'
[3.058s] INFO:colcon.colcon_core.shell:Creating environment hook '/home/stefano/dev/Costanza/ros2_ws/install/shepherding_control/share/shepherding_control/hook/pythonpath.sh'
[3.059s] Level 1:colcon.colcon_core.environment:checking '/home/stefano/dev/Costanza/ros2_ws/install/shepherding_control/bin'
[3.059s] Level 1:colcon.colcon_core.environment:create_environment_scripts_only(shepherding_control)
[3.059s] INFO:colcon.colcon_core.shell:Creating package script '/home/stefano/dev/Costanza/ros2_ws/install/shepherding_control/share/shepherding_control/package.ps1'
[3.060s] INFO:colcon.colcon_core.shell:Creating package descriptor '/home/stefano/dev/Costanza/ros2_ws/install/shepherding_control/share/shepherding_control/package.dsv'
[3.060s] INFO:colcon.colcon_core.shell:Creating package script '/home/stefano/dev/Costanza/ros2_ws/install/shepherding_control/share/shepherding_control/package.sh'
[3.060s] INFO:colcon.colcon_core.shell:Creating package script '/home/stefano/dev/Costanza/ros2_ws/install/shepherding_control/share/shepherding_control/package.bash'
[3.061s] INFO:colcon.colcon_core.shell:Creating package script '/home/stefano/dev/Costanza/ros2_ws/install/shepherding_control/share/shepherding_control/package.zsh'
[3.061s] Level 1:colcon.colcon_core.environment:create_file_with_runtime_dependencies(/home/stefano/dev/Costanza/ros2_ws/install/shepherding_control/share/colcon-core/packages/shepherding_control)
[3.093s] Level 1:colcon.colcon_core.environment:checking '/home/stefano/dev/Costanza/ros2_ws/install/robot_controller' for CMake module files
[3.094s] DEBUG:colcon.colcon_core.event_handler.log_command:Invoked command in '/home/stefano/dev/Costanza/ros2_ws/src/robot_controller' returned '0': DEBUGINFOD_URLS=https://debuginfod.ubuntu.com PYTHONPATH=/home/stefano/dev/Costanza/ros2_ws/build/robot_controller/prefix_override:/usr/lib/python3/dist-packages/colcon_core/task/python/colcon_distutils_commands:/home/stefano/dev/Costanza/ros2_ws/install/robot_controller/lib/python3.12/site-packages:${PYTHONPATH} /usr/bin/python3 -W ignore:setup.py install is deprecated -W ignore:easy_install command is deprecated setup.py egg_info --egg-base ../../build/robot_controller build --build-base /home/stefano/dev/Costanza/ros2_ws/build/robot_controller/build install --record /home/stefano/dev/Costanza/ros2_ws/build/robot_controller/install.log --single-version-externally-managed install_data
[3.094s] Level 1:colcon.colcon_core.environment:checking '/home/stefano/dev/Costanza/ros2_ws/install/robot_controller' for CMake config files
[3.094s] Level 1:colcon.colcon_core.environment:checking '/home/stefano/dev/Costanza/ros2_ws/install/robot_controller/lib'
[3.095s] Level 1:colcon.colcon_core.environment:checking '/home/stefano/dev/Costanza/ros2_ws/install/robot_controller/bin'
[3.095s] Level 1:colcon.colcon_core.environment:checking '/home/stefano/dev/Costanza/ros2_ws/install/robot_controller/lib/pkgconfig/robot_controller.pc'
[3.095s] Level 1:colcon.colcon_core.environment:checking '/home/stefano/dev/Costanza/ros2_ws/install/robot_controller/lib/python3.12/site-packages'
[3.095s] Level 1:colcon.colcon_core.shell:create_environment_hook('robot_controller', 'pythonpath')
[3.095s] INFO:colcon.colcon_core.shell:Creating environment hook '/home/stefano/dev/Costanza/ros2_ws/install/robot_controller/share/robot_controller/hook/pythonpath.ps1'
[3.096s] INFO:colcon.colcon_core.shell:Creating environment descriptor '/home/stefano/dev/Costanza/ros2_ws/install/robot_controller/share/robot_controller/hook/pythonpath.dsv'
[3.096s] INFO:colcon.colcon_core.shell:Creating environment hook '/home/stefano/dev/Costanza/ros2_ws/install/robot_controller/share/robot_controller/hook/pythonpath.sh'
[3.096s] Level 1:colcon.colcon_core.environment:checking '/home/stefano/dev/Costanza/ros2_ws/install/robot_controller/bin'
[3.097s] Level 1:colcon.colcon_core.environment:create_environment_scripts_only(robot_controller)
[3.097s] INFO:colcon.colcon_core.shell:Creating package script '/home/stefano/dev/Costanza/ros2_ws/install/robot_controller/share/robot_controller/package.ps1'
[3.097s] INFO:colcon.colcon_core.shell:Creating package descriptor '/home/stefano/dev/Costanza/ros2_ws/install/robot_controller/share/robot_controller/package.dsv'
[3.098s] INFO:colcon.colcon_core.shell:Creating package script '/home/stefano/dev/Costanza/ros2_ws/install/robot_controller/share/robot_controller/package.sh'
[3.098s] INFO:colcon.colcon_core.shell:Creating package script '/home/stefano/dev/Costanza/ros2_ws/install/robot_controller/share/robot_controller/package.bash'
[3.098s] INFO:colcon.colcon_core.shell:Creating package script '/home/stefano/dev/Costanza/ros2_ws/install/robot_controller/share/robot_controller/package.zsh'
[3.099s] Level 1:colcon.colcon_core.environment:create_file_with_runtime_dependencies(/home/stefano/dev/Costanza/ros2_ws/install/robot_controller/share/colcon-core/packages/robot_controller)
[3.099s] DEBUG:colcon.colcon_parallel_executor.executor.parallel:closing loop
[3.099s] DEBUG:colcon.colcon_parallel_executor.executor.parallel:loop closed
[3.100s] DEBUG:colcon.colcon_parallel_executor.executor.parallel:run_until_complete finished with '0'
[3.100s] DEBUG:colcon.colcon_core.event_reactor:joining thread
[3.105s] INFO:colcon.colcon_core.plugin_system:Skipping extension 'colcon_notification.desktop_notification.terminal_notifier': Not used on non-Darwin systems
[3.105s] INFO:colcon.colcon_core.plugin_system:Skipping extension 'colcon_notification.desktop_notification.win32': Not used on non-Windows systems
[3.105s] INFO:colcon.colcon_notification.desktop_notification:Sending desktop notification using 'notify2'
[3.124s] DEBUG:colcon.colcon_core.event_reactor:joined thread
[3.125s] INFO:colcon.colcon_core.shell:Creating prefix script '/home/stefano/dev/Costanza/ros2_ws/install/local_setup.ps1'
[3.126s] INFO:colcon.colcon_core.shell:Creating prefix util module '/home/stefano/dev/Costanza/ros2_ws/install/_local_setup_util_ps1.py'
[3.127s] INFO:colcon.colcon_core.shell:Creating prefix chain script '/home/stefano/dev/Costanza/ros2_ws/install/setup.ps1'
[3.128s] INFO:colcon.colcon_core.shell:Creating prefix script '/home/stefano/dev/Costanza/ros2_ws/install/local_setup.sh'
[3.128s] INFO:colcon.colcon_core.shell:Creating prefix util module '/home/stefano/dev/Costanza/ros2_ws/install/_local_setup_util_sh.py'
[3.129s] INFO:colcon.colcon_core.shell:Creating prefix chain script '/home/stefano/dev/Costanza/ros2_ws/install/setup.sh'
[3.130s] INFO:colcon.colcon_core.shell:Creating prefix script '/home/stefano/dev/Costanza/ros2_ws/install/local_setup.bash'
[3.131s] INFO:colcon.colcon_core.shell:Creating prefix chain script '/home/stefano/dev/Costanza/ros2_ws/install/setup.bash'
[3.132s] INFO:colcon.colcon_core.shell:Creating prefix script '/home/stefano/dev/Costanza/ros2_ws/install/local_setup.zsh'
[3.133s] INFO:colcon.colcon_core.shell:Creating prefix chain script '/home/stefano/dev/Costanza/ros2_ws/install/setup.zsh'
